_id,rt,trial_type,trial_index,time_elapsed,internal_node_id,subject,study_id,session_id,__v,response,theword,block
ROW28653,5022,instructions,0,5029,0,P1517,STUDY0007,SESS1122,0,,,
ROW28654,4541,instructions,1,9570,0,P1517,STUDY0007,SESS1122,0,,,
ROW28655,4077,html-button-response,6,40346,0,P1517,STUDY0007,SESS1122,0,0,,
ROW28656,7870,html-button-response,2,17443,0,P1517,STUDY0007,SESS1122,0,0,,
ROW28657,3528,html-button-response,5,36268,0,P1517,STUDY0007,SESS1122,0,0,,
ROW28658,8072,html-button-response,4,32739,0,P1517,STUDY0007,SESS1122,0,0,,
ROW28659,7222,html-button-response,3,24666,0,P1517,STUDY0007,SESS1122,0,0,,
ROW28660,8614,survey-multi-select,7,48963,0,P1517,STUDY0007,SESS1122,0,"{""Q0"":[""none of these""]}",happiness,practice_category
ROW28661,1534,html-button-response,8,50498,0,P1517,STUDY0007,SESS1122,0,0,,
ROW28662,4862,survey-multi-select,9,55362,0,P1517,STUDY0007,SESS1122,0,"{""Q0"":[""shape""]}",square,practice_category
ROW28663,1031,html-button-response,12,62402,0,P1517,STUDY0007,SESS1122,0,0,,
ROW28664,711,html-button-response,10,56074,0,P1517,STUDY0007,SESS1122,0,0,,
ROW28665,5295,survey-multi-select,11,61370,0,P1517,STUDY0007,SESS1122,0,"{""Q0"":[""color""]}",red,practice_category
ROW28666,7142,survey-multi-select,13,69546,0,P1517,STUDY0007,SESS1122,0,"{""Q0"":[""none of these""]}",pottery,practice_category
ROW28667,3055,html-button-response,14,72602,0,P1517,STUDY0007,SESS1122,0,0,,
ROW28668,2127,html-button-response,15,74730,0,P1517,STUDY0007,SESS1122,0,0,,
ROW28669,4006,survey-multi-select,16,78738,0,P1517,STUDY0007,SESS1122,0,"{""Q0"":[""none of these""]}",broccoli,category_organization
ROW28670,5134,survey-multi-select,17,83874,0,P1517,STUDY0007,SESS1122,0,"{""Q0"":[""none of these""]}",chick,category_organization
ROW28671,2590,survey-multi-select,18,86466,0,P1517,STUDY0007,SESS1122,0,"{""Q0"":[""none of these""]}",dress shoe,category_organization
ROW28672,1791,survey-multi-select,19,88259,0,P1517,STUDY0007,SESS1122,0,"{""Q0"":[""none of these""]}",lavender,category_organization
ROW28673,2079,survey-multi-select,20,90340,0,P1517,STUDY0007,SESS1122,0,"{""Q0"":[""none of these""]}",coke,category_organization
ROW28674,1998,survey-multi-select,24,99747,0,P1517,STUDY0007,SESS1122,0,"{""Q0"":[""none of these""]}",croquette,category_organization
ROW28675,3525,survey-multi-select,21,93866,0,P1517,STUDY0007,SESS1122,0,"{""Q0"":[""material""]}",soap,category_organization
ROW28677,2118,survey-multi-select,23,97746,0,P1517,STUDY0007,SESS1122,0,"{""Q0"":[""none of these""]}",peas,category_organization
ROW28676,1758,survey-multi-select,22,95626,0,P1517,STUDY0007,SESS1122,0,"{""Q0"":[""none of these""]}",gloves,category_organization
ROW28678,1486,survey-multi-select,25,101234,0,P1517,STUDY0007,SESS1122,0,"{""Q0"":[""none of these""]}",popcorn,category_organization
ROW28679,5583,survey-multi-select,26,106819,0,P1517,STUDY0007,SESS1122,0,"{""Q0"":[""shape""]}",bowl,category_organization
ROW28680,1520,survey-multi-select,28,110636,0,P1517,STUDY0007,SESS1122,0,"{""Q0"":[""none of these""]}",coffee,category_organization
ROW28681,2293,survey-multi-select,27,109114,0,P1517,STUDY0007,SESS1122,0,"{""Q0"":[""none of these""]}",sweater,category_organization
ROW28682,2717,survey-multi-select,29,113354,0,P1517,STUDY0007,SESS1122,0,"{""Q0"":[""none of these""]}",samosa,category_organization
ROW28683,2062,survey-multi-select,30,115418,0,P1517,STUDY0007,SESS1122,0,"{""Q0"":[""none of these""]}",watermelon,category_organization
ROW28684,1726,survey-multi-select,31,117146,0,P1517,STUDY0007,SESS1122,0,"{""Q0"":[""none of these""]}",toilet paper,category_organization
ROW28685,1447,survey-multi-select,32,118594,0,P1517,STUDY0007,SESS1122,0,"{""Q0"":[""none of these""]}",tea,category_organization
ROW28687,1870,survey-multi-select,33,120466,0,P1517,STUDY0007,SESS1122,0,"{""Q0"":[""none of these""]}",mirror,category_organization
ROW28688,1694,survey-multi-select,35,124562,0,P1517,STUDY0007,SESS1122,0,"{""Q0"":[""none of these""]}",guava,category_organization
ROW28686,2398,survey-multi-select,34,122866,0,P1517,STUDY0007,SESS1122,0,"{""Q0"":[""none of these""]}",stairs,category_organization
ROW28689,1263,survey-multi-select,36,125827,0,P1517,STUDY0007,SESS1122,0,"{""Q0"":[""none of these""]}",cracker,category_organization
ROW28690,743,html-button-response,37,126570,0,P1517,STUDY0007,SESS1122,0,0,,
ROW28691,5119,instructions,38,131690,0,P1517,STUDY0007,SESS1122,0,,,
ROW28692,1576,instructions,0,1577,0,P1704,STUDY0007,SESS1109,0,,,
ROW28693,1347,instructions,1,2925,0,P1704,STUDY0007,SESS1109,0,,,
ROW28695,3638,html-button-response,5,29588,0,P1704,STUDY0007,SESS1109,0,0,,
ROW28694,9569,html-button-response,2,12495,0,P1704,STUDY0007,SESS1109,0,0,,
ROW28696,4101,html-button-response,6,33689,0,P1704,STUDY0007,SESS1109,0,0,,
ROW28697,7556,html-button-response,4,25949,0,P1704,STUDY0007,SESS1109,0,0,,
ROW28698,5897,html-button-response,3,18393,0,P1704,STUDY0007,SESS1109,0,0,,
ROW28699,6659,survey-multi-select,7,40350,0,P1704,STUDY0007,SESS1109,0,"{""Q0"":[""shape""]}",square,practice_category
ROW28700,1257,html-button-response,8,41607,0,P1704,STUDY0007,SESS1109,0,0,,
ROW28701,5337,survey-multi-select,9,46945,0,P1704,STUDY0007,SESS1109,0,"{""Q0"":[""color""]}",red,practice_category
ROW28702,5217,html-button-response,10,52163,0,P1704,STUDY0007,SESS1109,0,0,,
ROW28703,10335,survey-multi-select,11,62499,0,P1704,STUDY0007,SESS1109,0,"{""Q0"":[""material""]}",pottery,practice_category
ROW28704,1116,html-button-response,12,63616,0,P1704,STUDY0007,SESS1109,0,0,,
ROW28705,4992,survey-multi-select,13,68609,0,P1704,STUDY0007,SESS1109,0,"{""Q0"":[""none of these""]}",happiness,practice_category
ROW28706,864,html-button-response,14,69474,0,P1704,STUDY0007,SESS1109,0,0,,
ROW28707,2051,html-button-response,15,71525,0,P1704,STUDY0007,SESS1109,0,0,,
ROW28708,3936,survey-multi-select,19,94800,0,P1704,STUDY0007,SESS1109,0,"{""Q0"":[""material""]}",trash,category_organization
ROW28709,5214,survey-multi-select,20,100015,0,P1704,STUDY0007,SESS1109,0,"{""Q0"":[""none of these""]}",pen/pencil,category_organization
ROW28710,2777,survey-multi-select,21,102792,0,P1704,STUDY0007,SESS1109,0,"{""Q0"":[""none of these""]}",wombat,category_organization
ROW28711,2810,survey-multi-select,23,110100,0,P1704,STUDY0007,SESS1109,0,"{""Q0"":[""material""]}",rag,category_organization
ROW28712,4496,survey-multi-select,22,107289,0,P1704,STUDY0007,SESS1109,0,"{""Q0"":[""material""]}",pork,category_organization
ROW28713,6314,survey-multi-select,24,116415,0,P1704,STUDY0007,SESS1109,0,"{""Q0"":[""shape"",""color"",""material""]}",painting,category_organization
ROW28714,3222,survey-multi-select,18,90863,0,P1704,STUDY0007,SESS1109,0,"{""Q0"":[""none of these""]}",brain,category_organization
ROW28715,7595,survey-multi-select,16,79121,0,P1704,STUDY0007,SESS1109,0,"{""Q0"":[""none of these""]}",doorbell,category_organization
ROW28716,3090,survey-multi-select,25,119506,0,P1704,STUDY0007,SESS1109,0,"{""Q0"":[""shape""]}",bandaid,category_organization
ROW28717,2522,survey-multi-select,26,122029,0,P1704,STUDY0007,SESS1109,0,"{""Q0"":[""material""]}",sour cream,category_organization
ROW28718,2165,survey-multi-select,27,124195,0,P1704,STUDY0007,SESS1109,0,"{""Q0"":[""material""]}",trash,category_organization
ROW28719,4215,survey-multi-select,28,128411,0,P1704,STUDY0007,SESS1109,0,"{""Q0"":[""shape"",""material""]}",tram,category_organization
ROW28720,2388,survey-multi-select,29,130800,0,P1704,STUDY0007,SESS1109,0,"{""Q0"":[""none of these""]}",seagull,category_organization
ROW28721,8518,survey-multi-select,17,87640,0,P1704,STUDY0007,SESS1109,0,"{""Q0"":[""shape""]}",coin,category_organization
ROW28722,2815,survey-multi-select,30,133616,0,P1704,STUDY0007,SESS1109,0,"{""Q0"":[""none of these""]}",bathroom,category_organization
ROW28723,3853,survey-multi-select,31,137470,0,P1704,STUDY0007,SESS1109,0,"{""Q0"":[""shape""]}",chin,category_organization
ROW28724,6485,survey-multi-select,32,143956,0,P1704,STUDY0007,SESS1109,0,"{""Q0"":[""shape"",""material""]}",ship,category_organization
ROW28725,2155,survey-multi-select,33,146112,0,P1704,STUDY0007,SESS1109,0,"{""Q0"":[""none of these""]}",lavender,category_organization
ROW28726,4185,survey-multi-select,34,150298,0,P1704,STUDY0007,SESS1109,0,"{""Q0"":[""material""]}",towel,category_organization
ROW28727,2769,survey-multi-select,35,153068,0,P1704,STUDY0007,SESS1109,0,"{""Q0"":[""none of these""]}",crocodile,category_organization
ROW28728,2328,survey-multi-select,36,155397,0,P1704,STUDY0007,SESS1109,0,"{""Q0"":[""none of these""]}",crow,category_organization
ROW28729,1073,html-button-response,37,156471,0,P1704,STUDY0007,SESS1109,0,0,,
ROW28730,1672,instructions,38,158143,0,P1704,STUDY0007,SESS1109,0,,,
ROW28731,2515,instructions,0,2516,0,P0095,STUDY0007,SESS1118,0,,,
ROW28732,8911,html-button-response,2,14331,0,P0095,STUDY0007,SESS1118,0,0,,
ROW28733,3338,html-button-response,3,17670,0,P0095,STUDY0007,SESS1118,0,0,,
ROW28734,27980,html-button-response,4,45651,0,P0095,STUDY0007,SESS1118,0,0,,
ROW28735,2903,instructions,1,5419,0,P0095,STUDY0007,SESS1118,0,,,
ROW28736,4733,html-button-response,6,54139,0,P0095,STUDY0007,SESS1118,0,0,,
ROW28737,3754,html-button-response,5,49405,0,P0095,STUDY0007,SESS1118,0,0,,
ROW28738,5984,survey-multi-select,7,60125,0,P0095,STUDY0007,SESS1118,0,"{""Q0"":[""none of these""]}",happiness,practice_category
ROW28739,1706,html-button-response,8,61833,0,P0095,STUDY0007,SESS1118,0,0,,
ROW28740,5335,survey-multi-select,9,67170,0,P0095,STUDY0007,SESS1118,0,"{""Q0"":[""shape""]}",square,practice_category
ROW28741,3663,html-button-response,10,70833,0,P0095,STUDY0007,SESS1118,0,0,,
ROW28742,5765,survey-multi-select,11,76599,0,P0095,STUDY0007,SESS1118,0,"{""Q0"":[""material""]}",pottery,practice_category
ROW28743,736,html-button-response,12,77336,0,P0095,STUDY0007,SESS1118,0,0,,
ROW28744,3421,survey-multi-select,13,80757,0,P0095,STUDY0007,SESS1118,0,"{""Q0"":[""color""]}",red,practice_category
ROW28745,625,html-button-response,14,81383,0,P0095,STUDY0007,SESS1118,0,0,,
ROW28746,3110,html-button-response,15,84494,0,P0095,STUDY0007,SESS1118,0,0,,
ROW28747,2741,survey-multi-select,16,87236,0,P0095,STUDY0007,SESS1118,0,"{""Q0"":[""material""]}",rice,category_organization
ROW28748,5269,survey-multi-select,17,92506,0,P0095,STUDY0007,SESS1118,0,"{""Q0"":[""shape""]}",cell phone,category_organization
ROW28749,7087,survey-multi-select,18,99594,0,P0095,STUDY0007,SESS1118,0,"{""Q0"":[""shape""]}",umbrella,category_organization
ROW28750,4966,survey-multi-select,19,104561,0,P0095,STUDY0007,SESS1118,0,"{""Q0"":[""none of these""]}",clam,category_organization
ROW28751,3041,survey-multi-select,20,107603,0,P0095,STUDY0007,SESS1118,0,"{""Q0"":[""shape""]}",panda,category_organization
ROW28752,3175,survey-multi-select,21,110779,0,P0095,STUDY0007,SESS1118,0,"{""Q0"":[""shape""]}",fly (animal),category_organization
ROW28753,3480,survey-multi-select,22,114261,0,P0095,STUDY0007,SESS1118,0,"{""Q0"":[""material""]}",liver (food),category_organization
ROW28754,3420,survey-multi-select,25,123717,0,P0095,STUDY0007,SESS1118,0,"{""Q0"":[""material""]}",glass,category_organization
ROW28755,4789,survey-multi-select,26,128507,0,P0095,STUDY0007,SESS1118,0,"{""Q0"":[""shape""]}",headband,category_organization
ROW28756,3533,survey-multi-select,27,132041,0,P0095,STUDY0007,SESS1118,0,"{""Q0"":[""none of these""]}",body,category_organization
ROW28757,2069,survey-multi-select,28,134111,0,P0095,STUDY0007,SESS1118,0,"{""Q0"":[""color""]}",strawberry,category_organization
ROW28758,2994,survey-multi-select,29,137106,0,P0095,STUDY0007,SESS1118,0,"{""Q0"":[""none of these""]}",digger,category_organization
ROW28759,4272,survey-multi-select,30,141379,0,P0095,STUDY0007,SESS1118,0,"{""Q0"":[""none of these""]}",chickpea,category_organization
ROW28760,2108,survey-multi-select,31,143489,0,P0095,STUDY0007,SESS1118,0,"{""Q0"":[""shape""]}",ambulance,category_organization
ROW28761,3258,survey-multi-select,32,146748,0,P0095,STUDY0007,SESS1118,0,"{""Q0"":[""none of these""]}",rain,category_organization
ROW28762,2411,survey-multi-select,33,149159,0,P0095,STUDY0007,SESS1118,0,"{""Q0"":[""none of these""]}",hat,category_organization
ROW28763,3137,survey-multi-select,24,120296,0,P0095,STUDY0007,SESS1118,0,"{""Q0"":[""shape""]}",tablecloth,category_organization
ROW28764,2895,survey-multi-select,23,117157,0,P0095,STUDY0007,SESS1118,0,"{""Q0"":[""none of these""]}",basement,category_organization
ROW28765,2402,survey-multi-select,34,151563,0,P0095,STUDY0007,SESS1118,0,"{""Q0"":[""none of these""]}",marker,category_organization
ROW28766,1747,survey-multi-select,35,153311,0,P0095,STUDY0007,SESS1118,0,"{""Q0"":[""none of these""]}",lavender,category_organization
ROW28767,3250,survey-multi-select,36,156562,0,P0095,STUDY0007,SESS1118,0,"{""Q0"":[""none of these""]}",robot,category_organization
ROW28768,2377,html-button-response,37,158939,0,P0095,STUDY0007,SESS1118,0,0,,
ROW28769,2096,instructions,38,161035,0,P0095,STUDY0007,SESS1118,0,,,
ROW28770,4329,instructions,0,4329,0,P1635,STUDY0007,SESS1110,0,,,
ROW28771,7196,instructions,1,11526,0,P1635,STUDY0007,SESS1110,0,,,
ROW28772,9925,html-button-response,2,21456,0,P1635,STUDY0007,SESS1110,0,0,,
ROW28773,7646,html-button-response,3,29105,0,P1635,STUDY0007,SESS1110,0,0,,
ROW28774,12023,html-button-response,4,41132,0,P1635,STUDY0007,SESS1110,0,0,,
ROW28775,4216,html-button-response,6,49183,0,P1635,STUDY0007,SESS1110,0,0,,
ROW28776,3832,html-button-response,5,44965,0,P1635,STUDY0007,SESS1110,0,0,,
ROW28777,8388,survey-multi-select,7,57575,0,P1635,STUDY0007,SESS1110,0,"{""Q0"":[""color""]}",red,practice_category
ROW28778,3874,html-button-response,8,61451,0,P1635,STUDY0007,SESS1110,0,0,,
ROW28779,1655,html-button-response,10,71184,0,P1635,STUDY0007,SESS1110,0,0,,
ROW28780,8076,survey-multi-select,9,69528,0,P1635,STUDY0007,SESS1110,0,"{""Q0"":[""material""]}",pottery,practice_category
ROW28781,6960,survey-multi-select,11,78145,0,P1635,STUDY0007,SESS1110,0,"{""Q0"":[""shape""]}",square,practice_category
ROW28782,1277,html-button-response,12,79423,0,P1635,STUDY0007,SESS1110,0,0,,
ROW28783,5721,survey-multi-select,13,85146,0,P1635,STUDY0007,SESS1110,0,"{""Q0"":[""none of these""]}",happiness,practice_category
ROW28784,1238,html-button-response,14,86385,0,P1635,STUDY0007,SESS1110,0,0,,
ROW28785,4507,html-button-response,15,90892,0,P1635,STUDY0007,SESS1110,0,0,,
ROW28786,4044,survey-multi-select,17,100412,0,P1635,STUDY0007,SESS1110,0,"{""Q0"":[""shape""]}",mitten,category_organization
ROW28787,5473,survey-multi-select,16,96367,0,P1635,STUDY0007,SESS1110,0,"{""Q0"":[""none of these""]}",tram,category_organization
ROW28788,7742,survey-multi-select,18,108155,0,P1635,STUDY0007,SESS1110,0,"{""Q0"":[""material""]}",penny,category_organization
ROW28789,5073,survey-multi-select,19,113230,0,P1635,STUDY0007,SESS1110,0,"{""Q0"":[""shape""]}",flag,category_organization
ROW28790,3116,survey-multi-select,20,116348,0,P1635,STUDY0007,SESS1110,0,"{""Q0"":[""shape""]}",gloves,category_organization
ROW28791,5879,survey-multi-select,21,122228,0,P1635,STUDY0007,SESS1110,0,"{""Q0"":[""none of these""]}",doorbell,category_organization
ROW28792,3066,survey-multi-select,23,129451,0,P1635,STUDY0007,SESS1110,0,"{""Q0"":[""material""]}",ham,category_organization
ROW28793,4154,survey-multi-select,22,126383,0,P1635,STUDY0007,SESS1110,0,"{""Q0"":[""shape""]}",firetruck,category_organization
ROW28794,3883,survey-multi-select,24,133335,0,P1635,STUDY0007,SESS1110,0,"{""Q0"":[""shape""]}",pillow,category_organization
ROW28795,9232,survey-multi-select,25,142569,0,P1635,STUDY0007,SESS1110,0,"{""Q0"":[""shape""]}",basket,category_organization
ROW28796,2124,survey-multi-select,26,144694,0,P1635,STUDY0007,SESS1110,0,"{""Q0"":[""none of these""]}",lavender,category_organization
ROW28797,5673,survey-multi-select,27,150368,0,P1635,STUDY0007,SESS1110,0,"{""Q0"":[""none of these""]}",owl,category_organization
ROW28798,2702,survey-multi-select,29,157236,0,P1635,STUDY0007,SESS1110,0,"{""Q0"":[""none of these""]}",seagull,category_organization
ROW28799,4162,survey-multi-select,28,154532,0,P1635,STUDY0007,SESS1110,0,"{""Q0"":[""shape""]}",nail (object),category_organization
ROW28800,5462,survey-multi-select,30,162700,0,P1635,STUDY0007,SESS1110,0,"{""Q0"":[""none of these""]}",drain (object),category_organization
ROW28801,3380,survey-multi-select,31,166082,0,P1635,STUDY0007,SESS1110,0,"{""Q0"":[""shape""]}",street,category_organization
ROW28802,7575,survey-multi-select,32,173659,0,P1635,STUDY0007,SESS1110,0,"{""Q0"":[""material""]}",hot dog,category_organization
ROW28803,3652,survey-multi-select,33,177312,0,P1635,STUDY0007,SESS1110,0,"{""Q0"":[""material""]}",straw,category_organization
ROW28804,3097,survey-multi-select,34,180411,0,P1635,STUDY0007,SESS1110,0,"{""Q0"":[""material""]}",lizard,category_organization
ROW28805,2355,survey-multi-select,35,182768,0,P1635,STUDY0007,SESS1110,0,"{""Q0"":[""shape""]}",police car,category_organization
ROW28806,4698,survey-multi-select,36,187468,0,P1635,STUDY0007,SESS1110,0,"{""Q0"":[""none of these""]}",dryer,category_organization
ROW28807,1223,html-button-response,37,188692,0,P1635,STUDY0007,SESS1110,0,0,,
ROW28808,4999,instructions,38,193691,0,P1635,STUDY0007,SESS1110,0,,,
ROW28809,3164,instructions,0,3165,0,P1786,STUDY0007,SESS1115,0,,,
ROW28810,6313,instructions,1,9479,0,P1786,STUDY0007,SESS1115,0,,,
ROW28811,9752,html-button-response,2,19231,0,P1786,STUDY0007,SESS1115,0,0,,
ROW28812,6379,html-button-response,3,25611,0,P1786,STUDY0007,SESS1115,0,0,,
ROW28813,9656,html-button-response,4,35267,0,P1786,STUDY0007,SESS1115,0,0,,
ROW28814,2952,html-button-response,5,38219,0,P1786,STUDY0007,SESS1115,0,0,,
ROW28815,3450,html-button-response,6,41670,0,P1786,STUDY0007,SESS1115,0,0,,
ROW28816,7225,survey-multi-select,7,48896,0,P1786,STUDY0007,SESS1115,0,"{""Q0"":[""shape""]}",square,practice_category
ROW28817,1079,html-button-response,8,49976,0,P1786,STUDY0007,SESS1115,0,0,,
ROW28818,3867,survey-multi-select,9,53844,0,P1786,STUDY0007,SESS1115,0,"{""Q0"":[""color""]}",red,practice_category
ROW28819,839,html-button-response,10,54684,0,P1786,STUDY0007,SESS1115,0,0,,
ROW28820,4227,survey-multi-select,11,58912,0,P1786,STUDY0007,SESS1115,0,"{""Q0"":[""material""]}",pottery,practice_category
ROW28821,515,html-button-response,12,59428,0,P1786,STUDY0007,SESS1115,0,0,,
ROW28822,5561,survey-multi-select,13,64990,0,P1786,STUDY0007,SESS1115,0,"{""Q0"":[""none of these""]}",happiness,practice_category
ROW28823,1365,html-button-response,14,66356,0,P1786,STUDY0007,SESS1115,0,0,,
ROW28824,1918,html-button-response,15,68274,0,P1786,STUDY0007,SESS1115,0,0,,
ROW28825,4129,survey-multi-select,16,72404,0,P1786,STUDY0007,SESS1115,0,"{""Q0"":[""none of these""]}",noodles,category_organization
ROW28826,3493,survey-multi-select,17,75898,0,P1786,STUDY0007,SESS1115,0,"{""Q0"":[""none of these""]}",candy,category_organization
ROW28827,4423,survey-multi-select,18,80322,0,P1786,STUDY0007,SESS1115,0,"{""Q0"":[""shape""]}",sneaker,category_organization
ROW28828,3567,survey-multi-select,19,83890,0,P1786,STUDY0007,SESS1115,0,"{""Q0"":[""shape""]}",snake,category_organization
ROW28829,2989,survey-multi-select,20,86881,0,P1786,STUDY0007,SESS1115,0,"{""Q0"":[""shape""]}",ladybug,category_organization
ROW28830,7467,survey-multi-select,21,94349,0,P1786,STUDY0007,SESS1115,0,"{""Q0"":[""shape""]}",ceiling,category_organization
ROW28831,3365,survey-multi-select,22,97715,0,P1786,STUDY0007,SESS1115,0,"{""Q0"":[""shape""]}",bath,category_organization
ROW28832,4017,survey-multi-select,23,101733,0,P1786,STUDY0007,SESS1115,0,"{""Q0"":[""shape""]}",carousel,category_organization
ROW28833,4901,survey-multi-select,24,106635,0,P1786,STUDY0007,SESS1115,0,"{""Q0"":[""shape""]}",rabbit,category_organization
ROW28834,3643,survey-multi-select,25,110279,0,P1786,STUDY0007,SESS1115,0,"{""Q0"":[""shape""]}",lip,category_organization
ROW28835,4293,survey-multi-select,26,114573,0,P1786,STUDY0007,SESS1115,0,"{""Q0"":[""material""]}",donut,category_organization
ROW28836,2571,survey-multi-select,27,117145,0,P1786,STUDY0007,SESS1115,0,"{""Q0"":[""shape""]}",ruler,category_organization
ROW28837,1499,survey-multi-select,28,118646,0,P1786,STUDY0007,SESS1115,0,"{""Q0"":[""none of these""]}",lavender,category_organization
ROW28838,3185,survey-multi-select,29,121832,0,P1786,STUDY0007,SESS1115,0,"{""Q0"":[""shape""]}",bathtub,category_organization
ROW28839,3807,survey-multi-select,30,125640,0,P1786,STUDY0007,SESS1115,0,"{""Q0"":[""shape"",""color""]}",zebra,category_organization
ROW28840,9880,survey-multi-select,31,135520,0,P1786,STUDY0007,SESS1115,0,"{""Q0"":[""material""]}",ham,category_organization
ROW28841,1731,survey-multi-select,32,137252,0,P1786,STUDY0007,SESS1115,0,"{""Q0"":[""material""]}",flower,category_organization
ROW28842,3829,survey-multi-select,33,141082,0,P1786,STUDY0007,SESS1115,0,"{""Q0"":[""shape"",""material""]}",samosa,category_organization
ROW28843,2593,survey-multi-select,34,143676,0,P1786,STUDY0007,SESS1115,0,"{""Q0"":[""shape""]}",squirrel,category_organization
ROW28844,3224,survey-multi-select,35,146900,0,P1786,STUDY0007,SESS1115,0,"{""Q0"":[""shape""]}",cow,category_organization
ROW28845,3597,survey-multi-select,36,150498,0,P1786,STUDY0007,SESS1115,0,"{""Q0"":[""none of these""]}",cottage cheese,category_organization
ROW28846,982,html-button-response,37,151480,0,P1786,STUDY0007,SESS1115,0,0,,
ROW28847,2608,instructions,38,154088,0,P1786,STUDY0007,SESS1115,0,,,
ROW28848,2134,instructions,0,2136,0,P1225,STUDY0007,SESS1138,0,,,
ROW28849,7499,html-button-response,4,28640,0,P1225,STUDY0007,SESS1138,0,0,,
ROW28850,10377,html-button-response,2,16506,0,P1225,STUDY0007,SESS1138,0,0,,
ROW28851,3990,instructions,1,6126,0,P1225,STUDY0007,SESS1138,0,,,
ROW28852,4633,html-button-response,3,21140,0,P1225,STUDY0007,SESS1138,0,0,,
ROW28853,3657,html-button-response,5,32298,0,P1225,STUDY0007,SESS1138,0,0,,
ROW28854,3924,html-button-response,6,36224,0,P1225,STUDY0007,SESS1138,0,0,,
ROW28855,1350,html-button-response,8,42988,0,P1225,STUDY0007,SESS1138,0,0,,
ROW28856,5379,survey-multi-select,7,41606,0,P1225,STUDY0007,SESS1138,0,"{""Q0"":[""color""]}",red,practice_category
ROW28857,4469,survey-multi-select,11,53668,0,P1225,STUDY0007,SESS1138,0,"{""Q0"":[""material""]}",pottery,practice_category
ROW28858,1229,html-button-response,10,49197,0,P1225,STUDY0007,SESS1138,0,0,,
ROW28859,4977,survey-multi-select,9,47967,0,P1225,STUDY0007,SESS1138,0,"{""Q0"":[""none of these""]}",happiness,practice_category
ROW28860,1151,html-button-response,12,54820,0,P1225,STUDY0007,SESS1138,0,0,,
ROW28861,2956,survey-multi-select,16,65602,0,P1225,STUDY0007,SESS1138,0,"{""Q0"":[""color""]}",colors,category_organization
ROW28862,3187,survey-multi-select,13,58009,0,P1225,STUDY0007,SESS1138,0,"{""Q0"":[""shape""]}",square,practice_category
ROW28863,1064,html-button-response,14,59074,0,P1225,STUDY0007,SESS1138,0,0,,
ROW28864,5346,survey-multi-select,18,78476,0,P1225,STUDY0007,SESS1138,0,"{""Q0"":[""shape""]}",quesadilla,category_organization
ROW28865,3568,html-button-response,15,62643,0,P1225,STUDY0007,SESS1138,0,0,,
ROW28866,7524,survey-multi-select,17,73128,0,P1225,STUDY0007,SESS1138,0,"{""Q0"":[""none of these""]}",compote,category_organization
ROW28867,3358,survey-multi-select,20,84850,0,P1225,STUDY0007,SESS1138,0,"{""Q0"":[""material""]}",wall,category_organization
ROW28868,3012,survey-multi-select,19,81490,0,P1225,STUDY0007,SESS1138,0,"{""Q0"":[""shape""]}",vest,category_organization
ROW28869,4375,survey-multi-select,24,100232,0,P1225,STUDY0007,SESS1138,0,"{""Q0"":[""color""]}",cherry,category_organization
ROW28870,4352,survey-multi-select,21,89203,0,P1225,STUDY0007,SESS1138,0,"{""Q0"":[""none of these""]}",top,category_organization
ROW28871,2971,survey-multi-select,22,92177,0,P1225,STUDY0007,SESS1138,0,"{""Q0"":[""material""]}",pasta,category_organization
ROW28872,3676,survey-multi-select,23,95855,0,P1225,STUDY0007,SESS1138,0,"{""Q0"":[""shape""]}",hat,category_organization
ROW28873,2656,survey-multi-select,29,121794,0,P1225,STUDY0007,SESS1138,0,"{""Q0"":[""none of these""]}",lavender,category_organization
ROW28874,3687,survey-multi-select,28,119136,0,P1225,STUDY0007,SESS1138,0,"{""Q0"":[""color"",""material""]}",hot chocolate,category_organization
ROW28875,4172,survey-multi-select,27,115447,0,P1225,STUDY0007,SESS1138,0,"{""Q0"":[""shape""]}",slipper,category_organization
ROW28876,3332,survey-multi-select,30,125128,0,P1225,STUDY0007,SESS1138,0,"{""Q0"":[""material""]}",syrup,category_organization
ROW28877,4441,survey-multi-select,25,104675,0,P1225,STUDY0007,SESS1138,0,"{""Q0"":[""shape""]}",watch (object),category_organization
ROW28878,6596,survey-multi-select,26,111272,0,P1225,STUDY0007,SESS1138,0,"{""Q0"":[""color"",""material""]}",kiwi,category_organization
ROW28879,5634,survey-multi-select,31,130764,0,P1225,STUDY0007,SESS1138,0,"{""Q0"":[""shape""]}",tie (action),category_organization
ROW28880,3305,survey-multi-select,33,138002,0,P1225,STUDY0007,SESS1138,0,"{""Q0"":[""shape""]}",ball,category_organization
ROW28881,3930,survey-multi-select,32,134696,0,P1225,STUDY0007,SESS1138,0,"{""Q0"":[""material""]}",snake,category_organization
ROW28882,3442,survey-multi-select,34,141446,0,P1225,STUDY0007,SESS1138,0,"{""Q0"":[""shape""]}",shorts,category_organization
ROW28883,2343,survey-multi-select,35,143791,0,P1225,STUDY0007,SESS1138,0,"{""Q0"":[""shape""]}",football,category_organization
ROW28884,2232,survey-multi-select,36,146025,0,P1225,STUDY0007,SESS1138,0,"{""Q0"":[""shape""]}",sock,category_organization
ROW28885,2729,instructions,38,149745,0,P1225,STUDY0007,SESS1138,0,,,
ROW28886,989,html-button-response,37,147015,0,P1225,STUDY0007,SESS1138,0,0,,
ROW28887,5979,instructions,0,5981,0,P0639,STUDY0007,SESS1114,0,,,
ROW28888,2640,instructions,1,8622,0,P0639,STUDY0007,SESS1114,0,,,
ROW28889,4365,html-button-response,3,22643,0,P0639,STUDY0007,SESS1114,0,0,,
ROW28890,9652,html-button-response,2,18277,0,P0639,STUDY0007,SESS1114,0,0,,
ROW28891,4685,html-button-response,6,42116,0,P0639,STUDY0007,SESS1114,0,0,,
ROW28892,12739,html-button-response,4,35383,0,P0639,STUDY0007,SESS1114,0,0,,
ROW28893,2047,html-button-response,5,37431,0,P0639,STUDY0007,SESS1114,0,0,,
ROW28894,3205,html-button-response,8,61003,0,P0639,STUDY0007,SESS1114,0,0,,
ROW28895,15673,survey-multi-select,7,57794,0,P0639,STUDY0007,SESS1114,0,"{""Q0"":[""material""]}",pottery,practice_category
ROW28896,7624,survey-multi-select,9,68629,0,P0639,STUDY0007,SESS1114,0,"{""Q0"":[""color""]}",red,practice_category
ROW28897,1606,html-button-response,12,75459,0,P0639,STUDY0007,SESS1114,0,0,,
ROW28898,1206,html-button-response,10,69836,0,P0639,STUDY0007,SESS1114,0,0,,
ROW28899,4014,survey-multi-select,11,73852,0,P0639,STUDY0007,SESS1114,0,"{""Q0"":[""shape""]}",square,practice_category
ROW28900,4905,survey-multi-select,13,80366,0,P0639,STUDY0007,SESS1114,0,"{""Q0"":[""none of these""]}",happiness,practice_category
ROW28901,2681,html-button-response,14,83049,0,P0639,STUDY0007,SESS1114,0,0,,
ROW28902,5560,html-button-response,15,88610,0,P0639,STUDY0007,SESS1114,0,0,,
ROW28903,7220,survey-multi-select,16,95832,0,P0639,STUDY0007,SESS1114,0,"{""Q0"":[""material""]}",tooth,category_organization
ROW28904,10525,survey-multi-select,17,106359,0,P0639,STUDY0007,SESS1114,0,"{""Q0"":[""shape""]}",keys,category_organization
ROW28905,7576,survey-multi-select,18,113936,0,P0639,STUDY0007,SESS1114,0,"{""Q0"":[""none of these""]}",cat,category_organization
ROW28907,2665,survey-multi-select,20,124408,0,P0639,STUDY0007,SESS1114,0,"{""Q0"":[""material""]}",compote,category_organization
ROW28906,7803,survey-multi-select,19,121742,0,P0639,STUDY0007,SESS1114,0,"{""Q0"":[""material""]}",mayonnaise,category_organization
ROW28908,3106,survey-multi-select,21,127516,0,P0639,STUDY0007,SESS1114,0,"{""Q0"":[""color""]}",rainbow,category_organization
ROW28910,5099,survey-multi-select,23,135391,0,P0639,STUDY0007,SESS1114,0,"{""Q0"":[""material""]}",raisin,category_organization
ROW28909,2772,survey-multi-select,22,130290,0,P0639,STUDY0007,SESS1114,0,"{""Q0"":[""shape""]}",buttocks,category_organization
ROW28911,4983,survey-multi-select,24,140376,0,P0639,STUDY0007,SESS1114,0,"{""Q0"":[""material""]}",fish (food),category_organization
ROW28912,4125,survey-multi-select,25,144503,0,P0639,STUDY0007,SESS1114,0,"{""Q0"":[""shape""]}",toe,category_organization
ROW28913,5283,survey-multi-select,26,149788,0,P0639,STUDY0007,SESS1114,0,"{""Q0"":[""material""]}",patio,category_organization
ROW28914,2726,survey-multi-select,27,152516,0,P0639,STUDY0007,SESS1114,0,"{""Q0"":[""shape""]}",firetruck,category_organization
ROW28915,7167,survey-multi-select,28,159686,0,P0639,STUDY0007,SESS1114,0,"{""Q0"":[""material""]}",floor,category_organization
ROW28916,2205,survey-multi-select,29,161892,0,P0639,STUDY0007,SESS1114,0,"{""Q0"":[""none of these""]}",lavender,category_organization
ROW28917,3127,survey-multi-select,30,165021,0,P0639,STUDY0007,SESS1114,0,"{""Q0"":[""material""]}",gum,category_organization
ROW28918,3013,survey-multi-select,31,168036,0,P0639,STUDY0007,SESS1114,0,"{""Q0"":[""shape""]}",mitten,category_organization
ROW28919,9238,survey-multi-select,32,177276,0,P0639,STUDY0007,SESS1114,0,"{""Q0"":[""none of these""]}",guava,category_organization
ROW28920,3493,survey-multi-select,33,180772,0,P0639,STUDY0007,SESS1114,0,"{""Q0"":[""none of these""]}",thunder,category_organization
ROW28921,5796,survey-multi-select,34,186570,0,P0639,STUDY0007,SESS1114,0,"{""Q0"":[""shape""]}",room,category_organization
ROW28922,2095,survey-multi-select,35,188667,0,P0639,STUDY0007,SESS1114,0,"{""Q0"":[""shape""]}",thumb,category_organization
ROW28923,4556,survey-multi-select,36,193225,0,P0639,STUDY0007,SESS1114,0,"{""Q0"":[""material""]}",jello,category_organization
ROW28924,822,html-button-response,37,194048,0,P0639,STUDY0007,SESS1114,0,0,,
ROW28925,1951,instructions,38,196000,0,P0639,STUDY0007,SESS1114,0,,,
ROW28926,3726,instructions,0,3729,0,P1682,STUDY0007,SESS1127,0,,,
ROW28927,7390,html-button-response,2,15185,0,P1682,STUDY0007,SESS1127,0,0,,
ROW28928,4059,instructions,1,7791,0,P1682,STUDY0007,SESS1127,0,,,
ROW28929,4423,html-button-response,3,19609,0,P1682,STUDY0007,SESS1127,0,0,,
ROW28930,5992,html-button-response,4,25603,0,P1682,STUDY0007,SESS1127,0,0,,
ROW28931,2830,html-button-response,5,28435,0,P1682,STUDY0007,SESS1127,0,0,,
ROW28932,3763,html-button-response,6,32199,0,P1682,STUDY0007,SESS1127,0,0,,
ROW28933,4154,survey-multi-select,7,36357,0,P1682,STUDY0007,SESS1127,0,"{""Q0"":[""shape""]}",square,practice_category
ROW28934,1481,html-button-response,8,37840,0,P1682,STUDY0007,SESS1127,0,0,,
ROW28935,1162,html-button-response,10,43885,0,P1682,STUDY0007,SESS1127,0,0,,
ROW28936,4877,survey-multi-select,9,42721,0,P1682,STUDY0007,SESS1127,0,"{""Q0"":[""color""]}",red,practice_category
ROW28937,12087,survey-multi-select,11,55976,0,P1682,STUDY0007,SESS1127,0,"{""Q0"":[""none of these""]}",happiness,practice_category
ROW28939,5620,survey-multi-select,13,63133,0,P1682,STUDY0007,SESS1127,0,"{""Q0"":[""material""]}",pottery,practice_category
ROW28938,1533,html-button-response,12,57511,0,P1682,STUDY0007,SESS1127,0,0,,
ROW28940,1119,html-button-response,14,64254,0,P1682,STUDY0007,SESS1127,0,0,,
ROW28941,2254,html-button-response,15,66511,0,P1682,STUDY0007,SESS1127,0,0,,
ROW28942,5922,survey-multi-select,16,72436,0,P1682,STUDY0007,SESS1127,0,"{""Q0"":[""none of these""]}",bank,category_organization
ROW28943,13284,survey-multi-select,17,85723,0,P1682,STUDY0007,SESS1127,0,"{""Q0"":[""none of these""]}",zebra,category_organization
ROW28944,6134,survey-multi-select,18,91860,0,P1682,STUDY0007,SESS1127,0,"{""Q0"":[""shape""]}",ball,category_organization
ROW28945,2626,survey-multi-select,19,94488,0,P1682,STUDY0007,SESS1127,0,"{""Q0"":[""none of these""]}",horse,category_organization
ROW28946,10292,survey-multi-select,20,104785,0,P1682,STUDY0007,SESS1127,0,"{""Q0"":[""none of these""]}",tram,category_organization
ROW28947,5861,survey-multi-select,21,110648,0,P1682,STUDY0007,SESS1127,0,"{""Q0"":[""material""]}",chocolate,category_organization
ROW28948,5309,survey-multi-select,22,115958,0,P1682,STUDY0007,SESS1127,0,"{""Q0"":[""shape""]}",porch,category_organization
ROW28949,9115,survey-multi-select,23,125076,0,P1682,STUDY0007,SESS1127,0,"{""Q0"":[""material""]}",breast,category_organization
ROW28950,1845,survey-multi-select,24,126924,0,P1682,STUDY0007,SESS1127,0,"{""Q0"":[""none of these""]}",lavender,category_organization
ROW28951,2725,survey-multi-select,25,129651,0,P1682,STUDY0007,SESS1127,0,"{""Q0"":[""none of these""]}",guinea pig,category_organization
ROW28952,2426,survey-multi-select,26,132079,0,P1682,STUDY0007,SESS1127,0,"{""Q0"":[""material""]}",coffee table,category_organization
ROW28953,7416,survey-multi-select,27,139498,0,P1682,STUDY0007,SESS1127,0,"{""Q0"":[""material""]}",finger,category_organization
ROW28954,2345,survey-multi-select,28,141845,0,P1682,STUDY0007,SESS1127,0,"{""Q0"":[""material""]}",cake,category_organization
ROW28955,2446,survey-multi-select,29,144293,0,P1682,STUDY0007,SESS1127,0,"{""Q0"":[""none of these""]}",reindeer,category_organization
ROW28956,3927,survey-multi-select,30,148223,0,P1682,STUDY0007,SESS1127,0,"{""Q0"":[""shape""]}",sprinkler,category_organization
ROW28957,2056,survey-multi-select,31,150282,0,P1682,STUDY0007,SESS1127,0,"{""Q0"":[""shape""]}",hammer,category_organization
ROW28958,4679,survey-multi-select,32,154963,0,P1682,STUDY0007,SESS1127,0,"{""Q0"":[""none of these""]}",story,category_organization
ROW28959,5764,survey-multi-select,33,160730,0,P1682,STUDY0007,SESS1127,0,"{""Q0"":[""shape""]}",guitar,category_organization
ROW28960,2603,survey-multi-select,34,163336,0,P1682,STUDY0007,SESS1127,0,"{""Q0"":[""material""]}",towel,category_organization
ROW28961,2155,survey-multi-select,35,165495,0,P1682,STUDY0007,SESS1127,0,"{""Q0"":[""material""]}",meat,category_organization
ROW28962,3590,survey-multi-select,36,169087,0,P1682,STUDY0007,SESS1127,0,"{""Q0"":[""none of these""]}",bird,category_organization
ROW28963,916,html-button-response,37,170004,0,P1682,STUDY0007,SESS1127,0,0,,
ROW28964,10499,instructions,38,180504,0,P1682,STUDY0007,SESS1127,0,,,
ROW28965,3326,instructions,0,3327,0,P1634,STUDY0007,SESS1142,0,,,
ROW28966,6774,html-button-response,4,23149,0,P1634,STUDY0007,SESS1142,0,0,,
ROW28967,4297,instructions,1,7625,0,P1634,STUDY0007,SESS1142,0,,,
ROW28968,3478,html-button-response,3,16375,0,P1634,STUDY0007,SESS1142,0,0,,
ROW28969,5271,html-button-response,2,12897,0,P1634,STUDY0007,SESS1142,0,0,,
ROW28970,3481,html-button-response,5,26631,0,P1634,STUDY0007,SESS1142,0,0,,
ROW28971,4466,html-button-response,6,31097,0,P1634,STUDY0007,SESS1142,0,0,,
ROW28972,5515,instructions,0,5517,0,P1878,STUDY0007,SESS1143,0,,,
ROW28973,1160,instructions,1,6677,0,P1878,STUDY0007,SESS1143,0,,,
ROW28974,1528,html-button-response,2,8206,0,P1878,STUDY0007,SESS1143,0,0,,
ROW28975,4496,html-button-response,3,12703,0,P1878,STUDY0007,SESS1143,0,0,,
ROW28976,8110,html-button-response,4,20814,0,P1878,STUDY0007,SESS1143,0,0,,
ROW28977,2573,html-button-response,5,23388,0,P1878,STUDY0007,SESS1143,0,0,,
ROW28978,3275,html-button-response,6,26664,0,P1878,STUDY0007,SESS1143,0,0,,
ROW28979,7392,survey-multi-select,7,34058,0,P1878,STUDY0007,SESS1143,0,"{""Q0"":[""shape""]}",square,practice_category
ROW28980,1004,html-button-response,8,35063,0,P1878,STUDY0007,SESS1143,0,0,,
ROW28981,5609,survey-multi-select,9,40673,0,P1878,STUDY0007,SESS1143,0,"{""Q0"":[""none of these""]}",happiness,practice_category
ROW28982,987,html-button-response,10,41660,0,P1878,STUDY0007,SESS1143,0,0,,
ROW28983,10982,survey-multi-select,11,52644,0,P1878,STUDY0007,SESS1143,0,"{""Q0"":[""material""]}",pottery,practice_category
ROW28984,846,html-button-response,12,53518,0,P1878,STUDY0007,SESS1143,0,0,,
ROW28985,5106,survey-multi-select,13,58625,0,P1878,STUDY0007,SESS1143,0,"{""Q0"":[""color""]}",red,practice_category
ROW28986,4048,html-button-response,14,62673,0,P1878,STUDY0007,SESS1143,0,0,,
ROW28987,2199,html-button-response,15,64873,0,P1878,STUDY0007,SESS1143,0,0,,
ROW28988,8097,survey-multi-select,16,72971,0,P1878,STUDY0007,SESS1143,0,"{""Q0"":[""none of these""]}",peas,category_organization
ROW28989,4358,survey-multi-select,17,77331,0,P1878,STUDY0007,SESS1143,0,"{""Q0"":[""none of these""]}",cheek,category_organization
ROW28990,5723,survey-multi-select,18,83055,0,P1878,STUDY0007,SESS1143,0,"{""Q0"":[""none of these""]}",porch,category_organization
ROW28991,4720,survey-multi-select,19,87777,0,P1878,STUDY0007,SESS1143,0,"{""Q0"":[""none of these""]}",truck,category_organization
ROW28992,1910,survey-multi-select,20,89687,0,P1878,STUDY0007,SESS1143,0,"{""Q0"":[""none of these""]}",dryer,category_organization
ROW28993,2242,survey-multi-select,21,91931,0,P1878,STUDY0007,SESS1143,0,"{""Q0"":[""none of these""]}",dinosaur,category_organization
ROW28994,2845,survey-multi-select,22,94777,0,P1878,STUDY0007,SESS1143,0,"{""Q0"":[""none of these""]}",shark,category_organization
ROW28995,8332,survey-multi-select,23,103111,0,P1878,STUDY0007,SESS1143,0,"{""Q0"":[""material""]}",plate,category_organization
ROW28996,5432,survey-multi-select,25,111501,0,P1878,STUDY0007,SESS1143,0,"{""Q0"":[""material""]}",candy,category_organization
ROW28997,2956,survey-multi-select,24,106068,0,P1878,STUDY0007,SESS1143,0,"{""Q0"":[""material""]}",chalk,category_organization
ROW28998,5280,survey-multi-select,26,116782,0,P1878,STUDY0007,SESS1143,0,"{""Q0"":[""material""]}",soup,category_organization
ROW28999,3879,survey-multi-select,27,120663,0,P1878,STUDY0007,SESS1143,0,"{""Q0"":[""shape""]}",guitar,category_organization
ROW29000,2545,survey-multi-select,28,123209,0,P1878,STUDY0007,SESS1143,0,"{""Q0"":[""none of these""]}",animal,category_organization
ROW29001,3505,survey-multi-select,30,130429,0,P1878,STUDY0007,SESS1143,0,"{""Q0"":[""shape""]}",watering can,category_organization
ROW29002,3712,survey-multi-select,29,126923,0,P1878,STUDY0007,SESS1143,0,"{""Q0"":[""shape""]}",top,category_organization
ROW29003,1731,survey-multi-select,31,132161,0,P1878,STUDY0007,SESS1143,0,"{""Q0"":[""shape""]}",box,category_organization
ROW29004,3322,survey-multi-select,32,135484,0,P1878,STUDY0007,SESS1143,0,"{""Q0"":[""material""]}",pomegranate,category_organization
ROW29005,4665,survey-multi-select,33,140151,0,P1878,STUDY0007,SESS1143,0,"{""Q0"":[""shape""]}",coin,category_organization
ROW29006,2016,survey-multi-select,34,142168,0,P1878,STUDY0007,SESS1143,0,"{""Q0"":[""material""]}",yogurt drink,category_organization
ROW29007,1453,survey-multi-select,35,143622,0,P1878,STUDY0007,SESS1143,0,"{""Q0"":[""none of these""]}",lavender,category_organization
ROW29008,4670,survey-multi-select,36,148292,0,P1878,STUDY0007,SESS1143,0,"{""Q0"":[""material""]}",cloth,category_organization
ROW29009,753,html-button-response,37,149046,0,P1878,STUDY0007,SESS1143,0,0,,
ROW29010,1342,instructions,38,150388,0,P1878,STUDY0007,SESS1143,0,,,
ROW29011,3772,instructions,0,3775,0,P0541,STUDY0007,SESS1113,0,,,
ROW29012,1832,instructions,1,5608,0,P0541,STUDY0007,SESS1113,0,,,
ROW29013,12950,html-button-response,2,18561,0,P0541,STUDY0007,SESS1113,0,0,,
ROW29014,5115,html-button-response,3,23687,0,P0541,STUDY0007,SESS1113,0,0,,
ROW29015,8408,html-button-response,4,32096,0,P0541,STUDY0007,SESS1113,0,0,,
ROW29016,7328,html-button-response,6,43671,0,P0541,STUDY0007,SESS1113,0,0,,
ROW29017,4243,html-button-response,5,36341,0,P0541,STUDY0007,SESS1113,0,0,,
ROW29018,28306,survey-multi-select,7,71980,0,P0541,STUDY0007,SESS1113,0,"{""Q0"":[""shape""]}",square,practice_category
ROW29019,2077,html-button-response,8,74059,0,P0541,STUDY0007,SESS1113,0,0,,
ROW29020,6956,survey-multi-select,9,81019,0,P0541,STUDY0007,SESS1113,0,"{""Q0"":[""material""]}",pottery,practice_category
ROW29021,1562,html-button-response,10,82582,0,P0541,STUDY0007,SESS1113,0,0,,
ROW29022,4415,survey-multi-select,11,86999,0,P0541,STUDY0007,SESS1113,0,"{""Q0"":[""color""]}",red,practice_category
ROW29023,878,html-button-response,12,87879,0,P0541,STUDY0007,SESS1113,0,0,,
ROW29024,6096,survey-multi-select,13,93978,0,P0541,STUDY0007,SESS1113,0,"{""Q0"":[""none of these""]}",happiness,practice_category
ROW29025,1127,html-button-response,14,95107,0,P0541,STUDY0007,SESS1113,0,0,,
ROW29026,4843,html-button-response,15,99951,0,P0541,STUDY0007,SESS1113,0,0,,
ROW29027,4113,survey-multi-select,16,104067,0,P0541,STUDY0007,SESS1113,0,"{""Q0"":[""none of these""]}",tv,category_organization
ROW29028,3740,survey-multi-select,17,107811,0,P0541,STUDY0007,SESS1113,0,"{""Q0"":[""none of these""]}",back (body part),category_organization
ROW29029,4012,survey-multi-select,18,111826,0,P0541,STUDY0007,SESS1113,0,"{""Q0"":[""none of these""]}",turtle,category_organization
ROW29030,3422,survey-multi-select,19,115250,0,P0541,STUDY0007,SESS1113,0,"{""Q0"":[""none of these""]}",fly (animal),category_organization
ROW29031,5060,survey-multi-select,20,120313,0,P0541,STUDY0007,SESS1113,0,"{""Q0"":[""none of these""]}",seal (animal),category_organization
ROW29032,6043,survey-multi-select,21,126358,0,P0541,STUDY0007,SESS1113,0,"{""Q0"":[""shape""]}",bicycle,category_organization
ROW29033,9329,survey-multi-select,22,135689,0,P0541,STUDY0007,SESS1113,0,"{""Q0"":[""shape""]}",ankle,category_organization
ROW29034,19281,survey-multi-select,24,158703,0,P0541,STUDY0007,SESS1113,0,"{""Q0"":[""none of these""]}",camel,category_organization
ROW29035,3727,survey-multi-select,23,139419,0,P0541,STUDY0007,SESS1113,0,"{""Q0"":[""color""]}",beef,category_organization
ROW29036,2940,survey-multi-select,25,161645,0,P0541,STUDY0007,SESS1113,0,"{""Q0"":[""shape""]}",clock,category_organization
ROW29037,4642,survey-multi-select,26,166289,0,P0541,STUDY0007,SESS1113,0,"{""Q0"":[""color""]}",pants,category_organization
ROW29038,7496,survey-multi-select,27,173788,0,P0541,STUDY0007,SESS1113,0,"{""Q0"":[""material""]}",wallet,category_organization
ROW29039,4705,survey-multi-select,28,178495,0,P0541,STUDY0007,SESS1113,0,"{""Q0"":[""none of these""]}",popcorn,category_organization
ROW29040,8110,survey-multi-select,29,186608,0,P0541,STUDY0007,SESS1113,0,"{""Q0"":[""shape""]}",bread,category_organization
ROW29041,5002,survey-multi-select,30,191614,0,P0541,STUDY0007,SESS1113,0,"{""Q0"":[""none of these""]}",cd,category_organization
ROW29042,7677,survey-multi-select,31,199293,0,P0541,STUDY0007,SESS1113,0,"{""Q0"":[""shape""]}",yum yum,category_organization
ROW29043,3496,survey-multi-select,32,202791,0,P0541,STUDY0007,SESS1113,0,"{""Q0"":[""color""]}",overalls,category_organization
ROW29044,2231,survey-multi-select,34,207590,0,P0541,STUDY0007,SESS1113,0,"{""Q0"":[""none of these""]}",lavender,category_organization
ROW29045,2562,survey-multi-select,33,205356,0,P0541,STUDY0007,SESS1113,0,"{""Q0"":[""none of these""]}",basement,category_organization
ROW29046,6604,survey-multi-select,36,217392,0,P0541,STUDY0007,SESS1113,0,"{""Q0"":[""shape""]}",hamburger,category_organization
ROW29047,3192,survey-multi-select,35,210785,0,P0541,STUDY0007,SESS1113,0,"{""Q0"":[""color""]}",cotton,category_organization
ROW29048,1895,html-button-response,37,219289,0,P0541,STUDY0007,SESS1113,0,0,,
ROW29049,2215,instructions,38,221505,0,P0541,STUDY0007,SESS1113,0,,,
ROW29050,3528,instructions,0,3531,0,P1052,STUDY0007,SESS1141,0,,,
ROW29051,9394,instructions,1,12925,0,P1052,STUDY0007,SESS1141,0,,,
ROW29052,10645,html-button-response,2,23571,0,P1052,STUDY0007,SESS1141,0,0,,
ROW29053,3692,html-button-response,3,27264,0,P1052,STUDY0007,SESS1141,0,0,,
ROW29054,2858,html-button-response,5,39703,0,P1052,STUDY0007,SESS1141,0,0,,
ROW29055,9579,html-button-response,4,36844,0,P1052,STUDY0007,SESS1141,0,0,,
ROW29056,4973,html-button-response,6,44677,0,P1052,STUDY0007,SESS1141,0,0,,
ROW29057,2485,instructions,0,2486,0,P1676,STUDY0007,SESS1136,0,,,
ROW29058,6125,html-button-response,3,20790,0,P1676,STUDY0007,SESS1136,0,0,,
ROW29059,3454,html-button-response,6,36679,0,P1676,STUDY0007,SESS1136,0,0,,
ROW29060,2806,instructions,1,5293,0,P1676,STUDY0007,SESS1136,0,,,
ROW29061,9370,html-button-response,2,14664,0,P1676,STUDY0007,SESS1136,0,0,,
ROW29062,9475,html-button-response,4,30266,0,P1676,STUDY0007,SESS1136,0,0,,
ROW29063,2958,html-button-response,5,33225,0,P1676,STUDY0007,SESS1136,0,0,,
ROW29064,7876,survey-multi-select,7,44556,0,P1676,STUDY0007,SESS1136,0,"{""Q0"":[""none of these""]}",happiness,practice_category
ROW29065,1342,html-button-response,8,45900,0,P1676,STUDY0007,SESS1136,0,0,,
ROW29066,6108,survey-multi-select,9,52009,0,P1676,STUDY0007,SESS1136,0,"{""Q0"":[""color""]}",red,practice_category
ROW29067,1110,html-button-response,10,53120,0,P1676,STUDY0007,SESS1136,0,0,,
ROW29068,695,html-button-response,12,56951,0,P1676,STUDY0007,SESS1136,0,0,,
ROW29069,3134,survey-multi-select,11,56255,0,P1676,STUDY0007,SESS1136,0,"{""Q0"":[""shape""]}",square,practice_category
ROW29070,7579,survey-multi-select,13,64531,0,P1676,STUDY0007,SESS1136,0,"{""Q0"":[""material""]}",pottery,practice_category
ROW29071,1039,html-button-response,14,65570,0,P1676,STUDY0007,SESS1136,0,0,,
ROW29072,8029,html-button-response,15,73600,0,P1676,STUDY0007,SESS1136,0,0,,
ROW29073,6947,survey-multi-select,16,80549,0,P1676,STUDY0007,SESS1136,0,"{""Q0"":[""material""]}",quesadilla,category_organization
ROW29074,15463,survey-multi-select,17,96014,0,P1676,STUDY0007,SESS1136,0,"{""Q0"":[""none of these""]}",nail (finger),category_organization
ROW29075,4581,survey-multi-select,18,100595,0,P1676,STUDY0007,SESS1136,0,"{""Q0"":[""none of these""]}",sprouts,category_organization
ROW29076,5053,survey-multi-select,19,105650,0,P1676,STUDY0007,SESS1136,0,"{""Q0"":[""material""]}",radiator,category_organization
ROW29077,4212,survey-multi-select,20,109864,0,P1676,STUDY0007,SESS1136,0,"{""Q0"":[""none of these""]}",dragonfly,category_organization
ROW29078,4709,survey-multi-select,21,114574,0,P1676,STUDY0007,SESS1136,0,"{""Q0"":[""material""]}",bucket,category_organization
ROW29079,14784,survey-multi-select,23,134964,0,P1676,STUDY0007,SESS1136,0,"{""Q0"":[""none of these""]}",piano,category_organization
ROW29080,5604,survey-multi-select,22,120179,0,P1676,STUDY0007,SESS1136,0,"{""Q0"":[""none of these""]}",air conditioner,category_organization
ROW29081,9891,survey-multi-select,24,144857,0,P1676,STUDY0007,SESS1136,0,"{""Q0"":[""material""]}",pocket,category_organization
ROW29082,4293,survey-multi-select,26,152388,0,P1676,STUDY0007,SESS1136,0,"{""Q0"":[""none of these""]}",backyard,category_organization
ROW29083,3236,survey-multi-select,25,148094,0,P1676,STUDY0007,SESS1136,0,"{""Q0"":[""material""]}",beach,category_organization
ROW29084,2902,survey-multi-select,27,155292,0,P1676,STUDY0007,SESS1136,0,"{""Q0"":[""none of these""]}",eyelash,category_organization
ROW29085,5133,survey-multi-select,29,162953,0,P1676,STUDY0007,SESS1136,0,"{""Q0"":[""material""]}",blender,category_organization
ROW29086,2526,survey-multi-select,28,157819,0,P1676,STUDY0007,SESS1136,0,"{""Q0"":[""none of these""]}",lavender,category_organization
ROW29087,5228,survey-multi-select,30,168182,0,P1676,STUDY0007,SESS1136,0,"{""Q0"":[""material""]}",milk,category_organization
ROW29088,3149,survey-multi-select,31,171333,0,P1676,STUDY0007,SESS1136,0,"{""Q0"":[""none of these""]}",chips,category_organization
ROW29089,3021,survey-multi-select,33,178586,0,P1676,STUDY0007,SESS1136,0,"{""Q0"":[""material""]}",phone,category_organization
ROW29090,4229,survey-multi-select,32,175563,0,P1676,STUDY0007,SESS1136,0,"{""Q0"":[""none of these""]}",sprinkler,category_organization
ROW29091,2454,survey-multi-select,34,181041,0,P1676,STUDY0007,SESS1136,0,"{""Q0"":[""material""]}",computer,category_organization
ROW29092,5453,survey-multi-select,36,190814,0,P1676,STUDY0007,SESS1136,0,"{""Q0"":[""none of these""]}",cherry,category_organization
ROW29093,4317,survey-multi-select,35,185359,0,P1676,STUDY0007,SESS1136,0,"{""Q0"":[""shape""]}",machete,category_organization
ROW29094,1037,html-button-response,37,191851,0,P1676,STUDY0007,SESS1136,0,0,,
ROW29095,1463,instructions,38,193315,0,P1676,STUDY0007,SESS1136,0,,,
ROW29096,3390,instructions,0,3393,0,P1636,STUDY0007,SESS1139,0,,,
ROW29097,4164,instructions,1,7558,0,P1636,STUDY0007,SESS1139,0,,,
ROW29098,11081,html-button-response,2,18643,0,P1636,STUDY0007,SESS1139,0,0,,
ROW29099,5668,html-button-response,3,24312,0,P1636,STUDY0007,SESS1139,0,0,,
ROW29100,3316,html-button-response,5,40033,0,P1636,STUDY0007,SESS1139,0,0,,
ROW29101,5088,html-button-response,6,45123,0,P1636,STUDY0007,SESS1139,0,0,,
ROW29102,12395,html-button-response,4,36713,0,P1636,STUDY0007,SESS1139,0,0,,
ROW29103,9213,survey-multi-select,7,54340,0,P1636,STUDY0007,SESS1139,0,"{""Q0"":[""none of these""]}",happiness,practice_category
ROW29104,2567,html-button-response,8,56910,0,P1636,STUDY0007,SESS1139,0,0,,
ROW29105,3362,html-button-response,10,68839,0,P1636,STUDY0007,SESS1139,0,0,,
ROW29106,8562,survey-multi-select,9,65475,0,P1636,STUDY0007,SESS1139,0,"{""Q0"":[""material""]}",pottery,practice_category
ROW29107,6909,survey-multi-select,11,75750,0,P1636,STUDY0007,SESS1139,0,"{""Q0"":[""color""]}",red,practice_category
ROW29108,2362,html-button-response,12,78114,0,P1636,STUDY0007,SESS1139,0,0,,
ROW29109,4516,survey-multi-select,13,82633,0,P1636,STUDY0007,SESS1139,0,"{""Q0"":[""shape""]}",square,practice_category
ROW29110,1450,html-button-response,14,84084,0,P1636,STUDY0007,SESS1139,0,0,,
ROW29111,4047,html-button-response,15,88134,0,P1636,STUDY0007,SESS1139,0,0,,
ROW29112,4801,survey-multi-select,17,98786,0,P1636,STUDY0007,SESS1139,0,"{""Q0"":[""none of these""]}",soy sauce,category_organization
ROW29113,5846,survey-multi-select,16,93982,0,P1636,STUDY0007,SESS1139,0,"{""Q0"":[""none of these""]}",firetruck,category_organization
ROW29114,4486,survey-multi-select,18,103274,0,P1636,STUDY0007,SESS1139,0,"{""Q0"":[""none of these""]}",lip,category_organization
ROW29115,4063,survey-multi-select,19,107338,0,P1636,STUDY0007,SESS1139,0,"{""Q0"":[""none of these""]}",elephant,category_organization
ROW29116,3819,survey-multi-select,20,111159,0,P1636,STUDY0007,SESS1139,0,"{""Q0"":[""none of these""]}",lion,category_organization
ROW29117,2446,survey-multi-select,22,117822,0,P1636,STUDY0007,SESS1139,0,"{""Q0"":[""none of these""]}",lavender,category_organization
ROW29118,4213,survey-multi-select,21,115374,0,P1636,STUDY0007,SESS1139,0,"{""Q0"":[""none of these""]}",pudding,category_organization
ROW29119,3482,survey-multi-select,23,121306,0,P1636,STUDY0007,SESS1139,0,"{""Q0"":[""none of these""]}",camera,category_organization
ROW29120,3498,survey-multi-select,24,124806,0,P1636,STUDY0007,SESS1139,0,"{""Q0"":[""none of these""]}",medicine,category_organization
ROW29121,3872,survey-multi-select,25,128680,0,P1636,STUDY0007,SESS1139,0,"{""Q0"":[""none of these""]}",pill,category_organization
ROW29122,3450,survey-multi-select,26,132132,0,P1636,STUDY0007,SESS1139,0,"{""Q0"":[""material""]}",clothes,category_organization
ROW29123,3342,survey-multi-select,27,135475,0,P1636,STUDY0007,SESS1139,0,"{""Q0"":[""none of these""]}",eyebrow,category_organization
ROW29124,3468,survey-multi-select,30,148748,0,P1636,STUDY0007,SESS1139,0,"{""Q0"":[""material""]}",t-shirt,category_organization
ROW29125,6000,survey-multi-select,29,145279,0,P1636,STUDY0007,SESS1139,0,"{""Q0"":[""none of these""]}",bridge,category_organization
ROW29126,3801,survey-multi-select,28,139277,0,P1636,STUDY0007,SESS1139,0,"{""Q0"":[""none of these""]}",berry,category_organization
ROW29127,3336,survey-multi-select,31,152086,0,P1636,STUDY0007,SESS1139,0,"{""Q0"":[""material""]}",shirt,category_organization
ROW29128,7600,survey-multi-select,32,159689,0,P1636,STUDY0007,SESS1139,0,"{""Q0"":[""none of these""]}",gun,category_organization
ROW29129,4516,survey-multi-select,33,164207,0,P1636,STUDY0007,SESS1139,0,"{""Q0"":[""material""]}",snowman,category_organization
ROW29130,3893,survey-multi-select,34,168102,0,P1636,STUDY0007,SESS1139,0,"{""Q0"":[""none of these""]}",avocado,category_organization
ROW29131,5331,survey-multi-select,36,176258,0,P1636,STUDY0007,SESS1139,0,"{""Q0"":[""none of these""]}",shovel,category_organization
ROW29132,2823,survey-multi-select,35,170926,0,P1636,STUDY0007,SESS1139,0,"{""Q0"":[""material""]}",raincoat,category_organization
ROW29133,1046,html-button-response,37,177305,0,P1636,STUDY0007,SESS1139,0,0,,
ROW29134,2720,instructions,38,180026,0,P1636,STUDY0007,SESS1139,0,,,
ROW29135,6523,instructions,0,6527,0,P0604,STUDY0007,SESS1121,0,,,
ROW29136,6009,instructions,1,12538,0,P0604,STUDY0007,SESS1121,0,,,
ROW29137,4174,html-button-response,6,61560,0,P0604,STUDY0007,SESS1121,0,0,,
ROW29138,23224,html-button-response,2,35765,0,P0604,STUDY0007,SESS1121,0,0,,
ROW29139,5874,html-button-response,3,41640,0,P0604,STUDY0007,SESS1121,0,0,,
ROW29140,11364,html-button-response,4,53006,0,P0604,STUDY0007,SESS1121,0,0,,
ROW29141,4377,html-button-response,5,57384,0,P0604,STUDY0007,SESS1121,0,0,,
ROW29142,9052,survey-multi-select,7,70617,0,P0604,STUDY0007,SESS1121,0,"{""Q0"":[""color""]}",red,practice_category
ROW29143,968,html-button-response,10,77839,0,P0604,STUDY0007,SESS1121,0,0,,
ROW29144,4598,survey-multi-select,9,76868,0,P0604,STUDY0007,SESS1121,0,"{""Q0"":[""shape""]}",square,practice_category
ROW29145,1641,html-button-response,8,72266,0,P0604,STUDY0007,SESS1121,0,0,,
ROW29146,874,html-button-response,12,84784,0,P0604,STUDY0007,SESS1121,0,0,,
ROW29147,6066,survey-multi-select,11,83908,0,P0604,STUDY0007,SESS1121,0,"{""Q0"":[""none of these""]}",happiness,practice_category
ROW29148,18284,survey-multi-select,13,103071,0,P0604,STUDY0007,SESS1121,0,"{""Q0"":[""shape"",""material""]}",pottery,practice_category
ROW29149,8774,html-button-response,14,111848,0,P0604,STUDY0007,SESS1121,0,0,,
ROW29150,13693,survey-multi-select,17,135358,0,P0604,STUDY0007,SESS1121,0,"{""Q0"":[""shape""]}",stairs,category_organization
ROW29151,7997,survey-multi-select,16,121662,0,P0604,STUDY0007,SESS1121,0,"{""Q0"":[""shape"",""material""]}",cupboard,category_organization
ROW29152,5217,survey-multi-select,18,140578,0,P0604,STUDY0007,SESS1121,0,"{""Q0"":[""material""]}",eraser,category_organization
ROW29153,1813,html-button-response,15,113662,0,P0604,STUDY0007,SESS1121,0,0,,
ROW29154,9570,survey-multi-select,19,150151,0,P0604,STUDY0007,SESS1121,0,"{""Q0"":[""material""]}",beard,category_organization
ROW29155,4929,survey-multi-select,20,155082,0,P0604,STUDY0007,SESS1121,0,"{""Q0"":[""shape""]}",toothbrush,category_organization
ROW29156,2847,survey-multi-select,21,157932,0,P0604,STUDY0007,SESS1121,0,"{""Q0"":[""material""]}",glass,category_organization
ROW29157,2171,survey-multi-select,24,167760,0,P0604,STUDY0007,SESS1121,0,"{""Q0"":[""none of these""]}",reindeer,category_organization
ROW29158,1877,survey-multi-select,22,159812,0,P0604,STUDY0007,SESS1121,0,"{""Q0"":[""none of these""]}",lavender,category_organization
ROW29159,5772,survey-multi-select,23,165586,0,P0604,STUDY0007,SESS1121,0,"{""Q0"":[""none of these""]}",rabbit,category_organization
ROW29160,1893,survey-multi-select,25,169656,0,P0604,STUDY0007,SESS1121,0,"{""Q0"":[""none of these""]}",cow,category_organization
ROW29161,12051,survey-multi-select,26,181710,0,P0604,STUDY0007,SESS1121,0,"{""Q0"":[""none of these""]}",coconut,category_organization
ROW29162,15223,survey-multi-select,27,196936,0,P0604,STUDY0007,SESS1121,0,"{""Q0"":[""none of these""]}",sun,category_organization
ROW29163,2321,survey-multi-select,28,199260,0,P0604,STUDY0007,SESS1121,0,"{""Q0"":[""shape""]}",cup,category_organization
ROW29164,1885,survey-multi-select,30,207042,0,P0604,STUDY0007,SESS1121,0,"{""Q0"":[""none of these""]}",moose,category_organization
ROW29165,5891,survey-multi-select,29,205154,0,P0604,STUDY0007,SESS1121,0,"{""Q0"":[""none of these""]}",video,category_organization
ROW29166,3499,survey-multi-select,31,210544,0,P0604,STUDY0007,SESS1121,0,"{""Q0"":[""shape""]}",plate,category_organization
ROW29167,4810,survey-multi-select,32,215356,0,P0604,STUDY0007,SESS1121,0,"{""Q0"":[""none of these""]}",butt,category_organization
ROW29168,3955,survey-multi-select,33,219314,0,P0604,STUDY0007,SESS1121,0,"{""Q0"":[""shape""]}",shed,category_organization
ROW29169,10359,survey-multi-select,34,229676,0,P0604,STUDY0007,SESS1121,0,"{""Q0"":[""shape""]}",chips,category_organization
ROW29170,5935,survey-multi-select,35,235613,0,P0604,STUDY0007,SESS1121,0,"{""Q0"":[""shape""]}",croissant,category_organization
ROW29171,6466,survey-multi-select,36,242082,0,P0604,STUDY0007,SESS1121,0,"{""Q0"":[""shape""]}",toothbrush,category_organization
ROW29172,876,html-button-response,37,242960,0,P0604,STUDY0007,SESS1121,0,0,,
ROW29173,3103,instructions,38,246064,0,P0604,STUDY0007,SESS1121,0,,,
ROW29174,4090,instructions,0,4092,0,P0345,STUDY0007,SESS1132,0,,,
ROW29175,3270,html-button-response,6,48352,0,P0345,STUDY0007,SESS1132,0,0,,
ROW29176,14048,html-button-response,2,25412,0,P0345,STUDY0007,SESS1132,0,0,,
ROW29177,7271,instructions,1,11363,0,P0345,STUDY0007,SESS1132,0,,,
ROW29178,10767,html-button-response,4,40644,0,P0345,STUDY0007,SESS1132,0,0,,
ROW29179,4463,html-button-response,3,29876,0,P0345,STUDY0007,SESS1132,0,0,,
ROW29180,4436,html-button-response,5,45081,0,P0345,STUDY0007,SESS1132,0,0,,
ROW29181,3245,instructions,0,3247,0,P1832,STUDY0007,SESS1152,0,,,
ROW29182,12047,survey-multi-select,7,60400,0,P0345,STUDY0007,SESS1132,0,"{""Q0"":[""color""]}",red,practice_category
ROW29183,3419,html-button-response,8,63820,0,P0345,STUDY0007,SESS1132,0,0,,
ROW29184,1589,html-button-response,10,72086,0,P0345,STUDY0007,SESS1132,0,0,,
ROW29185,6675,survey-multi-select,9,70496,0,P0345,STUDY0007,SESS1132,0,"{""Q0"":[""shape""]}",square,practice_category
ROW29186,7850,survey-multi-select,11,79937,0,P0345,STUDY0007,SESS1132,0,"{""Q0"":[""material""]}",pottery,practice_category
ROW29187,2204,html-button-response,12,82141,0,P0345,STUDY0007,SESS1132,0,0,,
ROW29188,2208,instructions,1,5455,0,P1832,STUDY0007,SESS1152,0,,,
ROW29189,6953,html-button-response,2,12410,0,P1832,STUDY0007,SESS1152,0,0,,
ROW29190,4494,html-button-response,3,16905,0,P1832,STUDY0007,SESS1152,0,0,,
ROW29191,8120,survey-multi-select,13,90262,0,P0345,STUDY0007,SESS1132,0,"{""Q0"":[""none of these""]}",happiness,practice_category
ROW29192,4036,html-button-response,15,96054,0,P0345,STUDY0007,SESS1132,0,0,,
ROW29193,1755,html-button-response,14,92017,0,P0345,STUDY0007,SESS1132,0,0,,
ROW29194,4650,survey-multi-select,16,100705,0,P0345,STUDY0007,SESS1132,0,"{""Q0"":[""none of these""]}",accident,category_organization
ROW29195,8795,survey-multi-select,17,109502,0,P0345,STUDY0007,SESS1132,0,"{""Q0"":[""shape"",""color"",""material""]}",scallion,category_organization
ROW29196,8988,survey-multi-select,18,118490,0,P0345,STUDY0007,SESS1132,0,"{""Q0"":[""shape"",""color"",""material""]}",swallow (animal),category_organization
ROW29197,1160,html-button-response,8,44001,0,P1832,STUDY0007,SESS1152,0,0,,
ROW29198,4998,survey-multi-select,9,49000,0,P1832,STUDY0007,SESS1152,0,"{""Q0"":[""none of these""]}",happiness,practice_category
ROW29199,5560,survey-multi-select,19,124052,0,P0345,STUDY0007,SESS1132,0,"{""Q0"":[""shape""]}",chopstick,category_organization
ROW29200,5249,survey-multi-select,20,129301,0,P0345,STUDY0007,SESS1132,0,"{""Q0"":[""material""]}",gas,category_organization
ROW29201,4904,survey-multi-select,21,134207,0,P0345,STUDY0007,SESS1132,0,"{""Q0"":[""shape"",""color"",""material""]}",pelican,category_organization
ROW29202,11603,survey-multi-select,23,152037,0,P0345,STUDY0007,SESS1132,0,"{""Q0"":[""shape"",""material""]}",tricycle,category_organization
ROW29203,6223,survey-multi-select,22,140431,0,P0345,STUDY0007,SESS1132,0,"{""Q0"":[""shape"",""material""]}",ankle,category_organization
ROW29204,7649,survey-multi-select,24,159687,0,P0345,STUDY0007,SESS1132,0,"{""Q0"":[""shape"",""color"",""material""]}",pear,category_organization
ROW29205,11094,html-button-response,4,28000,0,P1832,STUDY0007,SESS1152,0,0,,
ROW29206,4304,survey-multi-select,25,163992,0,P0345,STUDY0007,SESS1132,0,"{""Q0"":[""shape""]}",hill,category_organization
ROW29207,6595,survey-multi-select,26,170588,0,P0345,STUDY0007,SESS1132,0,"{""Q0"":[""shape"",""material""]}",pill,category_organization
ROW29208,4848,survey-multi-select,27,175437,0,P0345,STUDY0007,SESS1132,0,"{""Q0"":[""material""]}",cotton,category_organization
ROW29209,4341,html-button-response,6,34717,0,P1832,STUDY0007,SESS1152,0,0,,
ROW29210,2374,html-button-response,5,30375,0,P1832,STUDY0007,SESS1152,0,0,,
ROW29211,5000,survey-multi-select,29,188801,0,P0345,STUDY0007,SESS1132,0,"{""Q0"":[""shape""]}",crib,category_organization
ROW29212,8362,survey-multi-select,28,183800,0,P0345,STUDY0007,SESS1132,0,"{""Q0"":[""none of these""]}",earring,category_organization
ROW29213,5365,survey-multi-select,30,194167,0,P0345,STUDY0007,SESS1132,0,"{""Q0"":[""shape"",""material""]}",kayak,category_organization
ROW29214,5788,survey-multi-select,31,199956,0,P0345,STUDY0007,SESS1132,0,"{""Q0"":[""shape""]}",sprinkler,category_organization
ROW29215,8121,survey-multi-select,7,42840,0,P1832,STUDY0007,SESS1152,0,"{""Q0"":[""shape""]}",square,practice_category
ROW29216,6214,survey-multi-select,32,206171,0,P0345,STUDY0007,SESS1132,0,"{""Q0"":[""shape""]}",chopstick,category_organization
ROW29217,12965,survey-multi-select,33,219137,0,P0345,STUDY0007,SESS1132,0,"{""Q0"":[""shape"",""material""]}",key,category_organization
ROW29218,3763,survey-multi-select,34,222901,0,P0345,STUDY0007,SESS1132,0,"{""Q0"":[""material""]}",rain,category_organization
ROW29219,6492,survey-multi-select,35,229394,0,P0345,STUDY0007,SESS1132,0,"{""Q0"":[""shape"",""material""]}",snowsuit,category_organization
ROW29220,2860,survey-multi-select,36,232255,0,P0345,STUDY0007,SESS1132,0,"{""Q0"":[""none of these""]}",lavender,category_organization
ROW29221,1620,html-button-response,37,233876,0,P0345,STUDY0007,SESS1132,0,0,,
ROW29222,4519,instructions,38,238396,0,P0345,STUDY0007,SESS1132,0,,,
ROW29223,4196,instructions,0,4199,0,P1623,STUDY0007,SESS1123,0,,,
ROW29224,6098,instructions,1,10301,0,P1623,STUDY0007,SESS1123,0,,,
ROW29225,6986,html-button-response,3,37618,0,P1623,STUDY0007,SESS1123,0,0,,
ROW29226,20326,html-button-response,2,30630,0,P1623,STUDY0007,SESS1123,0,0,,
ROW29227,13020,html-button-response,4,50640,0,P1623,STUDY0007,SESS1123,0,0,,
ROW29228,7495,html-button-response,5,58137,0,P1623,STUDY0007,SESS1123,0,0,,
ROW29229,5404,html-button-response,6,63544,0,P1623,STUDY0007,SESS1123,0,0,,
ROW29230,8558,survey-multi-select,7,72107,0,P1623,STUDY0007,SESS1123,0,"{""Q0"":[""none of these""]}",happiness,practice_category
ROW29231,1949,html-button-response,8,74060,0,P1623,STUDY0007,SESS1123,0,0,,
ROW29232,4213,survey-multi-select,9,78281,0,P1623,STUDY0007,SESS1123,0,"{""Q0"":[""shape""]}",square,practice_category
ROW29233,1015,html-button-response,10,79300,0,P1623,STUDY0007,SESS1123,0,0,,
ROW29234,894,html-button-response,12,85470,0,P1623,STUDY0007,SESS1123,0,0,,
ROW29235,5267,survey-multi-select,11,84573,0,P1623,STUDY0007,SESS1123,0,"{""Q0"":[""material""]}",pottery,practice_category
ROW29236,5446,survey-multi-select,13,90925,0,P1623,STUDY0007,SESS1123,0,"{""Q0"":[""color""]}",red,practice_category
ROW29237,733,html-button-response,14,91661,0,P1623,STUDY0007,SESS1123,0,0,,
ROW29238,3505,html-button-response,15,95170,0,P1623,STUDY0007,SESS1123,0,0,,
ROW29239,3341,survey-multi-select,18,112291,0,P1623,STUDY0007,SESS1123,0,"{""Q0"":[""material""]}",plantain,category_organization
ROW29241,8743,survey-multi-select,17,108942,0,P1623,STUDY0007,SESS1123,0,"{""Q0"":[""shape""]}",pacifier,category_organization
ROW29240,5010,survey-multi-select,16,100188,0,P1623,STUDY0007,SESS1123,0,"{""Q0"":[""material""]}",egg,category_organization
ROW29242,1474,survey-multi-select,19,113777,0,P1623,STUDY0007,SESS1123,0,"{""Q0"":[""material""]}",pizza,category_organization
ROW29243,2634,survey-multi-select,20,116413,0,P1623,STUDY0007,SESS1123,0,"{""Q0"":[""none of these""]}",ground,category_organization
ROW29244,3152,survey-multi-select,21,119569,0,P1623,STUDY0007,SESS1123,0,"{""Q0"":[""material""]}",crayon,category_organization
ROW29245,2978,survey-multi-select,22,122549,0,P1623,STUDY0007,SESS1123,0,"{""Q0"":[""material""]}",ox,category_organization
ROW29246,3134,survey-multi-select,24,168596,0,P1623,STUDY0007,SESS1123,0,"{""Q0"":[""none of these""]}",lavender,category_organization
ROW29247,42897,survey-multi-select,23,165452,0,P1623,STUDY0007,SESS1123,0,"{""Q0"":[""shape""]}",hanger,category_organization
ROW29248,3193,survey-multi-select,25,171796,0,P1623,STUDY0007,SESS1123,0,"{""Q0"":[""none of these""]}",plaza,category_organization
ROW29249,3221,survey-multi-select,26,175020,0,P1623,STUDY0007,SESS1123,0,"{""Q0"":[""none of these""]}",rat,category_organization
ROW29250,2895,instructions,0,2897,0,P1767,STUDY0007,SESS1111,0,,,
ROW29251,1682,survey-multi-select,28,178982,0,P1623,STUDY0007,SESS1123,0,"{""Q0"":[""material""]}",cigarette,category_organization
ROW29252,2265,survey-multi-select,27,177293,0,P1623,STUDY0007,SESS1123,0,"{""Q0"":[""material""]}",medicine,category_organization
ROW29253,5297,survey-multi-select,29,184287,0,P1623,STUDY0007,SESS1123,0,"{""Q0"":[""material""]}",moon,category_organization
ROW29254,4536,survey-multi-select,30,188828,0,P1623,STUDY0007,SESS1123,0,"{""Q0"":[""material"",""none of these""]}",calf,category_organization
ROW29255,3091,survey-multi-select,31,191924,0,P1623,STUDY0007,SESS1123,0,"{""Q0"":[""material""]}",pork,category_organization
ROW29256,4518,survey-multi-select,32,196451,0,P1623,STUDY0007,SESS1123,0,"{""Q0"":[""material""]}",ginger,category_organization
ROW29257,5191,instructions,1,8088,0,P1767,STUDY0007,SESS1111,0,,,
ROW29258,20288,html-button-response,2,28377,0,P1767,STUDY0007,SESS1111,0,0,,
ROW29259,5614,html-button-response,3,33992,0,P1767,STUDY0007,SESS1111,0,0,,
ROW29260,6093,html-button-response,4,40086,0,P1767,STUDY0007,SESS1111,0,0,,
ROW29261,4545,html-button-response,5,44632,0,P1767,STUDY0007,SESS1111,0,0,,
ROW29262,4888,html-button-response,6,49520,0,P1767,STUDY0007,SESS1111,0,0,,
ROW29263,8327,survey-multi-select,7,57848,0,P1767,STUDY0007,SESS1111,0,"{""Q0"":[""none of these""]}",happiness,practice_category
ROW29264,3664,survey-multi-select,34,202296,0,P1623,STUDY0007,SESS1123,0,"{""Q0"":[""none of these""]}",picture,category_organization
ROW29265,2163,survey-multi-select,33,198621,0,P1623,STUDY0007,SESS1123,0,"{""Q0"":[""material""]}",jar,category_organization
ROW29266,3117,survey-multi-select,35,205422,0,P1623,STUDY0007,SESS1123,0,"{""Q0"":[""material""]}",panda,category_organization
ROW29267,1738,instructions,38,211288,0,P1623,STUDY0007,SESS1123,0,,,
ROW29268,2916,survey-multi-select,36,208344,0,P1623,STUDY0007,SESS1123,0,"{""Q0"":[""none of these""]}",house,category_organization
ROW29269,1202,html-button-response,37,209547,0,P1623,STUDY0007,SESS1123,0,0,,
ROW29270,1723,html-button-response,8,59572,0,P1767,STUDY0007,SESS1111,0,0,,
ROW29271,5217,survey-multi-select,9,64790,0,P1767,STUDY0007,SESS1111,0,"{""Q0"":[""material""]}",pottery,practice_category
ROW29272,2154,html-button-response,10,66945,0,P1767,STUDY0007,SESS1111,0,0,,
ROW29273,3956,survey-multi-select,11,70902,0,P1767,STUDY0007,SESS1111,0,"{""Q0"":[""shape""]}",square,practice_category
ROW29274,1264,html-button-response,12,72166,0,P1767,STUDY0007,SESS1111,0,0,,
ROW29275,4297,survey-multi-select,13,76464,0,P1767,STUDY0007,SESS1111,0,"{""Q0"":[""color""]}",red,practice_category
ROW29276,1137,html-button-response,14,77602,0,P1767,STUDY0007,SESS1111,0,0,,
ROW29277,3476,html-button-response,15,81079,0,P1767,STUDY0007,SESS1111,0,0,,
ROW29278,10306,survey-multi-select,16,91386,0,P1767,STUDY0007,SESS1111,0,"{""Q0"":[""color"",""material""]}",plum,category_organization
ROW29279,11741,survey-multi-select,17,103128,0,P1767,STUDY0007,SESS1111,0,"{""Q0"":[""none of these""]}",puzzle,category_organization
ROW29280,2773,survey-multi-select,18,105902,0,P1767,STUDY0007,SESS1111,0,"{""Q0"":[""none of these""]}",lavender,category_organization
ROW29281,5962,survey-multi-select,19,111866,0,P1767,STUDY0007,SESS1111,0,"{""Q0"":[""shape""]}",coffee table,category_organization
ROW29282,14227,survey-multi-select,20,126094,0,P1767,STUDY0007,SESS1111,0,"{""Q0"":[""material""]}",breast,category_organization
ROW29283,12889,survey-multi-select,21,138984,0,P1767,STUDY0007,SESS1111,0,"{""Q0"":[""shape"",""material""]}",bottle,category_organization
ROW29284,18863,survey-multi-select,22,157848,0,P1767,STUDY0007,SESS1111,0,"{""Q0"":[""shape"",""material""]}",bird,category_organization
ROW29285,17827,survey-multi-select,24,182120,0,P1767,STUDY0007,SESS1111,0,"{""Q0"":[""material""]}",tape,category_organization
ROW29286,6443,survey-multi-select,23,164292,0,P1767,STUDY0007,SESS1111,0,"{""Q0"":[""none of these""]}",closet,category_organization
ROW29287,9481,survey-multi-select,25,191601,0,P1767,STUDY0007,SESS1111,0,"{""Q0"":[""shape""]}",trash can,category_organization
ROW29288,9446,survey-multi-select,26,201048,0,P1767,STUDY0007,SESS1111,0,"{""Q0"":[""shape""]}",couch,category_organization
ROW29289,13978,survey-multi-select,27,215027,0,P1767,STUDY0007,SESS1111,0,"{""Q0"":[""material""]}",bubbles,category_organization
ROW29290,4971,survey-multi-select,28,220000,0,P1767,STUDY0007,SESS1111,0,"{""Q0"":[""material""]}",light,category_organization
ROW29291,8847,survey-multi-select,29,228848,0,P1767,STUDY0007,SESS1111,0,"{""Q0"":[""shape""]}",dryer,category_organization
ROW29292,6465,survey-multi-select,30,235314,0,P1767,STUDY0007,SESS1111,0,"{""Q0"":[""material""]}",beach,category_organization
ROW29293,6412,survey-multi-select,31,241727,0,P1767,STUDY0007,SESS1111,0,"{""Q0"":[""shape""]}",muffin,category_organization
ROW29294,6313,survey-multi-select,32,248041,0,P1767,STUDY0007,SESS1111,0,"{""Q0"":[""shape""]}",arm,category_organization
ROW29296,6215,survey-multi-select,34,260343,0,P1767,STUDY0007,SESS1111,0,"{""Q0"":[""none of these""]}",cow,category_organization
ROW29295,6085,survey-multi-select,33,254127,0,P1767,STUDY0007,SESS1111,0,"{""Q0"":[""none of these""]}",dinosaur,category_organization
ROW29297,4547,survey-multi-select,35,264892,0,P1767,STUDY0007,SESS1111,0,"{""Q0"":[""material""]}",passion fruit,category_organization
ROW29298,16521,survey-multi-select,36,281413,0,P1767,STUDY0007,SESS1111,0,"{""Q0"":[""none of these""]}",pig,category_organization
ROW29299,1034,html-button-response,37,282447,0,P1767,STUDY0007,SESS1111,0,0,,
ROW29300,1876,instructions,38,284323,0,P1767,STUDY0007,SESS1111,0,,,
ROW29301,5903,instructions,0,5907,0,P1152,STUDY0007,SESS1112,0,,,
ROW29302,10535,instructions,1,16443,0,P1152,STUDY0007,SESS1112,0,,,
ROW29303,3129,html-button-response,5,63260,0,P1152,STUDY0007,SESS1112,0,0,,
ROW29304,18643,html-button-response,2,35088,0,P1152,STUDY0007,SESS1112,0,0,,
ROW29305,7836,html-button-response,3,42928,0,P1152,STUDY0007,SESS1112,0,0,,
ROW29306,17198,html-button-response,4,60128,0,P1152,STUDY0007,SESS1112,0,0,,
ROW29307,5991,html-button-response,6,69253,0,P1152,STUDY0007,SESS1112,0,0,,
ROW29308,8794,survey-multi-select,9,95193,0,P1152,STUDY0007,SESS1112,0,"{""Q0"":[""color""]}",red,practice_category
ROW29309,15313,survey-multi-select,7,84574,0,P1152,STUDY0007,SESS1112,0,"{""Q0"":[""none of these""]}",happiness,practice_category
ROW29310,1822,html-button-response,8,86397,0,P1152,STUDY0007,SESS1112,0,0,,
ROW29311,1985,html-button-response,10,97181,0,P1152,STUDY0007,SESS1112,0,0,,
ROW29312,6175,survey-multi-select,11,103360,0,P1152,STUDY0007,SESS1112,0,"{""Q0"":[""shape""]}",square,practice_category
ROW29313,1306,html-button-response,12,104667,0,P1152,STUDY0007,SESS1112,0,0,,
ROW29314,10477,survey-multi-select,13,115146,0,P1152,STUDY0007,SESS1112,0,"{""Q0"":[""material""]}",pottery,practice_category
ROW29315,1591,html-button-response,14,116738,0,P1152,STUDY0007,SESS1112,0,0,,
ROW29316,8608,html-button-response,15,125348,0,P1152,STUDY0007,SESS1112,0,0,,
ROW29317,5387,survey-multi-select,16,130738,0,P1152,STUDY0007,SESS1112,0,"{""Q0"":[""none of these""]}",frog,category_organization
ROW29318,4980,survey-multi-select,17,135720,0,P1152,STUDY0007,SESS1112,0,"{""Q0"":[""none of these""]}",camel,category_organization
ROW29319,10775,survey-multi-select,18,146497,0,P1152,STUDY0007,SESS1112,0,"{""Q0"":[""none of these""]}",skate (object),category_organization
ROW29320,4220,survey-multi-select,19,150719,0,P1152,STUDY0007,SESS1112,0,"{""Q0"":[""none of these""]}",neighborhood,category_organization
ROW29321,7549,survey-multi-select,20,158269,0,P1152,STUDY0007,SESS1112,0,"{""Q0"":[""shape""]}",pipe,category_organization
ROW29322,4965,survey-multi-select,21,163235,0,P1152,STUDY0007,SESS1112,0,"{""Q0"":[""none of these""]}",porridge,category_organization
ROW29323,5488,survey-multi-select,23,172836,0,P1152,STUDY0007,SESS1112,0,"{""Q0"":[""none of these""]}",bus,category_organization
ROW29324,4109,survey-multi-select,22,167346,0,P1152,STUDY0007,SESS1112,0,"{""Q0"":[""material""]}",tablecloth,category_organization
ROW29325,4384,survey-multi-select,24,177221,0,P1152,STUDY0007,SESS1112,0,"{""Q0"":[""none of these""]}",sea,category_organization
ROW29326,3443,survey-multi-select,25,180666,0,P1152,STUDY0007,SESS1112,0,"{""Q0"":[""none of these""]}",bunny,category_organization
ROW29327,2818,survey-multi-select,26,183486,0,P1152,STUDY0007,SESS1112,0,"{""Q0"":[""none of these""]}",throat,category_organization
ROW29328,1806,survey-multi-select,27,185293,0,P1152,STUDY0007,SESS1112,0,"{""Q0"":[""none of these""]}",lavender,category_organization
ROW29329,8879,survey-multi-select,28,194174,0,P1152,STUDY0007,SESS1112,0,"{""Q0"":[""shape""]}",belly button,category_organization
ROW29330,3095,survey-multi-select,29,197270,0,P1152,STUDY0007,SESS1112,0,"{""Q0"":[""none of these""]}",buttocks,category_organization
ROW29331,4916,survey-multi-select,30,202188,0,P1152,STUDY0007,SESS1112,0,"{""Q0"":[""shape""]}",basin,category_organization
ROW29332,3322,survey-multi-select,31,205512,0,P1152,STUDY0007,SESS1112,0,"{""Q0"":[""shape""]}",dumpling,category_organization
ROW29333,3255,survey-multi-select,32,208770,0,P1152,STUDY0007,SESS1112,0,"{""Q0"":[""none of these""]}",stroller,category_organization
ROW29334,9231,survey-multi-select,33,218002,0,P1152,STUDY0007,SESS1112,0,"{""Q0"":[""color""]}",cloud,category_organization
ROW29335,1419,html-button-response,37,234870,0,P1152,STUDY0007,SESS1112,0,0,,
ROW29336,6991,survey-multi-select,34,224995,0,P1152,STUDY0007,SESS1112,0,"{""Q0"":[""material""]}",mat,category_organization
ROW29337,3775,survey-multi-select,35,228773,0,P1152,STUDY0007,SESS1112,0,"{""Q0"":[""none of these""]}",skate (object),category_organization
ROW29338,4675,survey-multi-select,36,233449,0,P1152,STUDY0007,SESS1112,0,"{""Q0"":[""none of these""]}",song,category_organization
ROW29339,3796,instructions,38,238667,0,P1152,STUDY0007,SESS1112,0,,,
ROW29340,4667,instructions,0,4668,0,P0892,STUDY0007,SESS1140,0,,,
ROW29341,5464,instructions,1,10134,0,P0892,STUDY0007,SESS1140,0,,,
ROW29342,15297,html-button-response,2,25434,0,P0892,STUDY0007,SESS1140,0,0,,
ROW29343,8247,html-button-response,3,33684,0,P0892,STUDY0007,SESS1140,0,0,,
ROW29344,12881,html-button-response,4,46567,0,P0892,STUDY0007,SESS1140,0,0,,
ROW29345,5598,html-button-response,5,52167,0,P0892,STUDY0007,SESS1140,0,0,,
ROW29346,4815,html-button-response,6,56983,0,P0892,STUDY0007,SESS1140,0,0,,
ROW29347,10679,survey-multi-select,7,67667,0,P0892,STUDY0007,SESS1140,0,"{""Q0"":[""color""]}",red,practice_category
ROW29348,1348,html-button-response,8,69017,0,P0892,STUDY0007,SESS1140,0,0,,
ROW29349,6964,survey-multi-select,9,75983,0,P0892,STUDY0007,SESS1140,0,"{""Q0"":[""none of these""]}",happiness,practice_category
ROW29350,1181,html-button-response,10,77167,0,P0892,STUDY0007,SESS1140,0,0,,
ROW29351,5830,survey-multi-select,11,83000,0,P0892,STUDY0007,SESS1140,0,"{""Q0"":[""material""]}",pottery,practice_category
ROW29352,898,html-button-response,12,83900,0,P0892,STUDY0007,SESS1140,0,0,,
ROW29353,4549,survey-multi-select,13,88450,0,P0892,STUDY0007,SESS1140,0,"{""Q0"":[""shape""]}",square,practice_category
ROW29354,1381,html-button-response,14,89833,0,P0892,STUDY0007,SESS1140,0,0,,
ROW29355,5314,html-button-response,15,95149,0,P0892,STUDY0007,SESS1140,0,0,,
ROW29356,4246,survey-multi-select,16,99399,0,P0892,STUDY0007,SESS1140,0,"{""Q0"":[""material""]}",flag,category_organization
ROW29358,5315,survey-multi-select,18,118933,0,P0892,STUDY0007,SESS1140,0,"{""Q0"":[""shape""]}",knife,category_organization
ROW29359,4196,survey-multi-select,19,123133,0,P0892,STUDY0007,SESS1140,0,"{""Q0"":[""material""]}",yogurt,category_organization
ROW29357,14214,survey-multi-select,17,113616,0,P0892,STUDY0007,SESS1140,0,"{""Q0"":[""none of these""]}",stork,category_organization
ROW29360,7781,survey-multi-select,20,130916,0,P0892,STUDY0007,SESS1140,0,"{""Q0"":[""shape""]}",rooster,category_organization
ROW29361,2981,survey-multi-select,21,133900,0,P0892,STUDY0007,SESS1140,0,"{""Q0"":[""material""]}",zipper,category_organization
ROW29362,2414,survey-multi-select,22,136316,0,P0892,STUDY0007,SESS1140,0,"{""Q0"":[""none of these""]}",lavender,category_organization
ROW29363,6563,survey-multi-select,23,142883,0,P0892,STUDY0007,SESS1140,0,"{""Q0"":[""color""]}",eye,category_organization
ROW29364,3179,survey-multi-select,24,146065,0,P0892,STUDY0007,SESS1140,0,"{""Q0"":[""color""]}",popsicle,category_organization
ROW29365,11482,survey-multi-select,25,157549,0,P0892,STUDY0007,SESS1140,0,"{""Q0"":[""shape"",""color""]}",palm,category_organization
ROW29366,4865,survey-multi-select,26,162416,0,P0892,STUDY0007,SESS1140,0,"{""Q0"":[""shape"",""color""]}",llama,category_organization
ROW29367,5715,survey-multi-select,27,168133,0,P0892,STUDY0007,SESS1140,0,"{""Q0"":[""color""]}",crayon,category_organization
ROW29368,9381,survey-multi-select,28,177516,0,P0892,STUDY0007,SESS1140,0,"{""Q0"":[""shape""]}",notebook,category_organization
ROW29369,4014,survey-multi-select,30,185983,0,P0892,STUDY0007,SESS1140,0,"{""Q0"":[""color""]}",trash can,category_organization
ROW29370,4447,survey-multi-select,29,181966,0,P0892,STUDY0007,SESS1140,0,"{""Q0"":[""color"",""material""]}",jacket,category_organization
ROW29371,5014,survey-multi-select,32,195433,0,P0892,STUDY0007,SESS1140,0,"{""Q0"":[""material""]}",cottage cheese,category_organization
ROW29372,4430,survey-multi-select,31,190416,0,P0892,STUDY0007,SESS1140,0,"{""Q0"":[""color"",""material""]}",shorts,category_organization
ROW29373,2280,survey-multi-select,34,202816,0,P0892,STUDY0007,SESS1140,0,"{""Q0"":[""color""]}",eye,category_organization
ROW29374,5098,survey-multi-select,33,200533,0,P0892,STUDY0007,SESS1140,0,"{""Q0"":[""none of these""]}",ham,category_organization
ROW29375,4247,survey-multi-select,35,207065,0,P0892,STUDY0007,SESS1140,0,"{""Q0"":[""material""]}",cupboard,category_organization
ROW29376,3347,survey-multi-select,36,210416,0,P0892,STUDY0007,SESS1140,0,"{""Q0"":[""color""]}",bandaid,category_organization
ROW29377,1197,html-button-response,37,211616,0,P0892,STUDY0007,SESS1140,0,0,,
ROW29378,2649,instructions,38,214265,0,P0892,STUDY0007,SESS1140,0,,,
ROW29379,1586,instructions,0,1589,0,P1580,STUDY0007,SESS1148,0,,,
ROW29380,1579,instructions,1,3169,0,P1580,STUDY0007,SESS1148,0,,,
ROW29381,12338,html-button-response,2,15509,0,P1580,STUDY0007,SESS1148,0,0,,
ROW29382,2336,html-button-response,3,17846,0,P1580,STUDY0007,SESS1148,0,0,,
ROW29383,1626,html-button-response,5,25427,0,P1580,STUDY0007,SESS1148,0,0,,
ROW29384,5953,html-button-response,4,23801,0,P1580,STUDY0007,SESS1148,0,0,,
ROW29385,2980,html-button-response,6,28409,0,P1580,STUDY0007,SESS1148,0,0,,
ROW29386,8511,survey-multi-select,7,36924,0,P1580,STUDY0007,SESS1148,0,"{""Q0"":[""shape""]}",square,practice_category
ROW29387,863,html-button-response,8,37788,0,P1580,STUDY0007,SESS1148,0,0,,
ROW29388,11537,survey-multi-select,9,49327,0,P1580,STUDY0007,SESS1148,0,"{""Q0"":[""shape""]}",pottery,practice_category
ROW29389,3437,html-button-response,10,52765,0,P1580,STUDY0007,SESS1148,0,0,,
ROW29390,6922,survey-multi-select,11,59689,0,P1580,STUDY0007,SESS1148,0,"{""Q0"":[""none of these""]}",happiness,practice_category
ROW29391,753,html-button-response,12,60443,0,P1580,STUDY0007,SESS1148,0,0,,
ROW29392,7561,survey-multi-select,13,68005,0,P1580,STUDY0007,SESS1148,0,"{""Q0"":[""none of these""]}",red,practice_category
ROW29393,728,html-button-response,14,68735,0,P1580,STUDY0007,SESS1148,0,0,,
ROW29394,1729,html-button-response,15,70465,0,P1580,STUDY0007,SESS1148,0,0,,
ROW29395,3917,survey-multi-select,16,74384,0,P1580,STUDY0007,SESS1148,0,"{""Q0"":[""none of these""]}",eagle,category_organization
ROW29396,4851,survey-multi-select,17,79237,0,P1580,STUDY0007,SESS1148,0,"{""Q0"":[""none of these""]}",puppet,category_organization
ROW29397,6927,survey-multi-select,18,86167,0,P1580,STUDY0007,SESS1148,0,"{""Q0"":[""none of these""]}",skate (object),category_organization
ROW29398,3259,survey-multi-select,19,89427,0,P1580,STUDY0007,SESS1148,0,"{""Q0"":[""none of these""]}",lettuce,category_organization
ROW29399,2588,survey-multi-select,20,92016,0,P1580,STUDY0007,SESS1148,0,"{""Q0"":[""none of these""]}",elevator,category_organization
ROW29400,3369,survey-multi-select,21,95387,0,P1580,STUDY0007,SESS1148,0,"{""Q0"":[""none of these""]}",dragonfly,category_organization
ROW29401,3714,survey-multi-select,22,99103,0,P1580,STUDY0007,SESS1148,0,"{""Q0"":[""none of these""]}",baby food,category_organization
ROW29402,2739,survey-multi-select,24,104935,0,P1580,STUDY0007,SESS1148,0,"{""Q0"":[""none of these""]}",earring,category_organization
ROW29403,3090,survey-multi-select,23,102195,0,P1580,STUDY0007,SESS1148,0,"{""Q0"":[""material""]}",wood,category_organization
ROW29404,2650,survey-multi-select,25,107587,0,P1580,STUDY0007,SESS1148,0,"{""Q0"":[""none of these""]}",market,category_organization
ROW29405,2730,survey-multi-select,26,110319,0,P1580,STUDY0007,SESS1148,0,"{""Q0"":[""none of these""]}",bed,category_organization
ROW29406,7925,survey-multi-select,27,118246,0,P1580,STUDY0007,SESS1148,0,"{""Q0"":[""none of these""]}",accident,category_organization
ROW29407,2087,survey-multi-select,28,120335,0,P1580,STUDY0007,SESS1148,0,"{""Q0"":[""none of these""]}",tie (action),category_organization
ROW29408,5598,survey-multi-select,30,128188,0,P1580,STUDY0007,SESS1148,0,"{""Q0"":[""shape"",""none of these""]}",hill,category_organization
ROW29409,2250,survey-multi-select,29,122587,0,P1580,STUDY0007,SESS1148,0,"{""Q0"":[""none of these""]}",tv,category_organization
ROW29410,2986,survey-multi-select,31,131177,0,P1580,STUDY0007,SESS1148,0,"{""Q0"":[""none of these""]}",lavender,category_organization
ROW29411,2406,survey-multi-select,32,133586,0,P1580,STUDY0007,SESS1148,0,"{""Q0"":[""none of these""]}",scallion,category_organization
ROW29413,2136,survey-multi-select,34,138463,0,P1580,STUDY0007,SESS1148,0,"{""Q0"":[""none of these""]}",trolley,category_organization
ROW29412,2737,survey-multi-select,33,136325,0,P1580,STUDY0007,SESS1148,0,"{""Q0"":[""none of these""]}",leg,category_organization
ROW29414,2467,survey-multi-select,35,140931,0,P1580,STUDY0007,SESS1148,0,"{""Q0"":[""none of these""]}",mouse,category_organization
ROW29415,928,html-button-response,37,148830,0,P1580,STUDY0007,SESS1148,0,0,,
ROW29416,6969,survey-multi-select,36,147901,0,P1580,STUDY0007,SESS1148,0,"{""Q0"":[""none of these""]}",sleeve,category_organization
ROW29417,1537,instructions,38,150367,0,P1580,STUDY0007,SESS1148,0,,,
ROW29418,7419,instructions,0,7421,0,P1666,STUDY0007,SESS1125,0,,,
ROW29419,37380,instructions,1,44803,0,P1666,STUDY0007,SESS1125,0,,,
ROW29420,24687,html-button-response,2,69511,0,P1666,STUDY0007,SESS1125,0,0,,
ROW29421,4624,html-button-response,6,102532,0,P1666,STUDY0007,SESS1125,0,0,,
ROW29422,8445,html-button-response,3,77965,0,P1666,STUDY0007,SESS1125,0,0,,
ROW29423,16249,html-button-response,4,94218,0,P1666,STUDY0007,SESS1125,0,0,,
ROW29424,13721,survey-multi-select,7,116301,0,P1666,STUDY0007,SESS1125,0,"{""Q0"":[""material""]}",pottery,practice_category
ROW29425,2134,html-button-response,8,118441,0,P1666,STUDY0007,SESS1125,0,0,,
ROW29426,3680,html-button-response,5,97904,0,P1666,STUDY0007,SESS1125,0,0,,
ROW29427,3762,html-button-response,10,133940,0,P1666,STUDY0007,SESS1125,0,0,,
ROW29428,11725,survey-multi-select,9,130175,0,P1666,STUDY0007,SESS1125,0,"{""Q0"":[""none of these""]}",happiness,practice_category
ROW29429,5317,html-button-response,12,151498,0,P1666,STUDY0007,SESS1125,0,0,,
ROW29430,12225,survey-multi-select,11,146178,0,P1666,STUDY0007,SESS1125,0,"{""Q0"":[""color""]}",red,practice_category
ROW29431,8969,survey-multi-select,13,160479,0,P1666,STUDY0007,SESS1125,0,"{""Q0"":[""shape""]}",square,practice_category
ROW29432,1050,html-button-response,14,161533,0,P1666,STUDY0007,SESS1125,0,0,,
ROW29433,28527,html-button-response,15,190071,0,P1666,STUDY0007,SESS1125,0,0,,
ROW29434,7727,survey-multi-select,16,197846,0,P1666,STUDY0007,SESS1125,0,"{""Q0"":[""none of these""]}",police car,category_organization
ROW29435,2802,survey-multi-select,20,215114,0,P1666,STUDY0007,SESS1125,0,"{""Q0"":[""none of these""]}",air conditioner,category_organization
ROW29436,6662,survey-multi-select,17,204528,0,P1666,STUDY0007,SESS1125,0,"{""Q0"":[""none of these""]}",chili,category_organization
ROW29437,3947,survey-multi-select,18,208487,0,P1666,STUDY0007,SESS1125,0,"{""Q0"":[""none of these""]}",lavender,category_organization
ROW29438,3807,survey-multi-select,19,212305,0,P1666,STUDY0007,SESS1125,0,"{""Q0"":[""none of these""]}",can opener,category_organization
ROW29439,3448,survey-multi-select,21,218578,0,P1666,STUDY0007,SESS1125,0,"{""Q0"":[""none of these""]}",muffin,category_organization
ROW29440,2286,survey-multi-select,22,220873,0,P1666,STUDY0007,SESS1125,0,"{""Q0"":[""none of these""]}",beetle,category_organization
ROW29441,2529,survey-multi-select,23,223416,0,P1666,STUDY0007,SESS1125,0,"{""Q0"":[""none of these""]}",sausage,category_organization
ROW29442,4452,survey-multi-select,24,227878,0,P1666,STUDY0007,SESS1125,0,"{""Q0"":[""none of these""]}",purse,category_organization
ROW29443,2842,survey-multi-select,25,230729,0,P1666,STUDY0007,SESS1125,0,"{""Q0"":[""none of these""]}",hanger,category_organization
ROW29444,6084,survey-multi-select,26,236819,0,P1666,STUDY0007,SESS1125,0,"{""Q0"":[""shape"",""color""]}",rainbow,category_organization
ROW29445,2718,survey-multi-select,27,239544,0,P1666,STUDY0007,SESS1125,0,"{""Q0"":[""none of these""]}",tuna,category_organization
ROW29446,1822,survey-multi-select,28,241376,0,P1666,STUDY0007,SESS1125,0,"{""Q0"":[""none of these""]}",owl,category_organization
ROW29447,2489,survey-multi-select,29,243873,0,P1666,STUDY0007,SESS1125,0,"{""Q0"":[""material""]}",vest,category_organization
ROW29448,3859,survey-multi-select,30,247742,0,P1666,STUDY0007,SESS1125,0,"{""Q0"":[""material""]}",fork,category_organization
ROW29449,2684,survey-multi-select,33,255428,0,P1666,STUDY0007,SESS1125,0,"{""Q0"":[""none of these""]}",purse,category_organization
ROW29450,2525,survey-multi-select,32,252727,0,P1666,STUDY0007,SESS1125,0,"{""Q0"":[""material""]}",pill,category_organization
ROW29451,2446,survey-multi-select,31,250197,0,P1666,STUDY0007,SESS1125,0,"{""Q0"":[""none of these""]}",bug,category_organization
ROW29452,2097,survey-multi-select,34,257534,0,P1666,STUDY0007,SESS1125,0,"{""Q0"":[""none of these""]}",bed,category_organization
ROW29453,6782,survey-multi-select,35,264324,0,P1666,STUDY0007,SESS1125,0,"{""Q0"":[""material""]}",cheerios,category_organization
ROW29454,1058,html-button-response,37,267378,0,P1666,STUDY0007,SESS1125,0,0,,
ROW29455,1978,survey-multi-select,36,266313,0,P1666,STUDY0007,SESS1125,0,"{""Q0"":[""none of these""]}",cockroach,category_organization
ROW29456,3118,instructions,38,270499,0,P1666,STUDY0007,SESS1125,0,,,
ROW29457,9727,instructions,0,9728,0,P0384,STUDY0007,SESS1133,0,,,
ROW29458,3140,html-button-response,5,40475,0,P0384,STUDY0007,SESS1133,0,0,,
ROW29459,10205,html-button-response,2,24357,0,P0384,STUDY0007,SESS1133,0,0,,
ROW29460,4422,instructions,1,14150,0,P0384,STUDY0007,SESS1133,0,,,
ROW29461,6457,html-button-response,4,37333,0,P0384,STUDY0007,SESS1133,0,0,,
ROW29462,6510,html-button-response,3,30874,0,P0384,STUDY0007,SESS1133,0,0,,
ROW29463,6252,html-button-response,6,46729,0,P0384,STUDY0007,SESS1133,0,0,,
ROW29464,14648,survey-multi-select,7,61381,0,P0384,STUDY0007,SESS1133,0,"{""Q0"":[""shape"",""material""]}",pottery,practice_category
ROW29465,5133,html-button-response,8,66516,0,P0384,STUDY0007,SESS1133,0,0,,
ROW29466,5604,survey-multi-select,9,72122,0,P0384,STUDY0007,SESS1133,0,"{""Q0"":[""none of these""]}",happiness,practice_category
ROW29467,782,html-button-response,10,72905,0,P0384,STUDY0007,SESS1133,0,0,,
ROW29468,7380,survey-multi-select,11,80288,0,P0384,STUDY0007,SESS1133,0,"{""Q0"":[""color""]}",red,practice_category
ROW29469,1171,html-button-response,12,81467,0,P0384,STUDY0007,SESS1133,0,0,,
ROW29470,989,html-button-response,14,86810,0,P0384,STUDY0007,SESS1133,0,0,,
ROW29471,2127,html-button-response,15,88938,0,P0384,STUDY0007,SESS1133,0,0,,
ROW29472,4350,survey-multi-select,13,85819,0,P0384,STUDY0007,SESS1133,0,"{""Q0"":[""shape""]}",square,practice_category
ROW29473,5893,survey-multi-select,17,98918,0,P0384,STUDY0007,SESS1133,0,"{""Q0"":[""color"",""material""]}",cucumber,category_organization
ROW29474,4082,survey-multi-select,16,93022,0,P0384,STUDY0007,SESS1133,0,"{""Q0"":[""material""]}",beef,category_organization
ROW29475,7732,survey-multi-select,18,106653,0,P0384,STUDY0007,SESS1133,0,"{""Q0"":[""material""]}",robot,category_organization
ROW29476,6694,survey-multi-select,19,113349,0,P0384,STUDY0007,SESS1133,0,"{""Q0"":[""shape""]}",eye,category_organization
ROW29477,4522,survey-multi-select,20,117873,0,P0384,STUDY0007,SESS1133,0,"{""Q0"":[""shape""]}",bottle,category_organization
ROW29478,2839,survey-multi-select,22,123565,0,P0384,STUDY0007,SESS1133,0,"{""Q0"":[""none of these""]}",clown,category_organization
ROW29479,2846,survey-multi-select,21,120722,0,P0384,STUDY0007,SESS1133,0,"{""Q0"":[""material""]}",carrot,category_organization
ROW29480,2134,survey-multi-select,23,125701,0,P0384,STUDY0007,SESS1133,0,"{""Q0"":[""none of these""]}",animal,category_organization
ROW29481,3489,survey-multi-select,24,129192,0,P0384,STUDY0007,SESS1133,0,"{""Q0"":[""shape""]}",sofa,category_organization
ROW29482,3267,survey-multi-select,25,132461,0,P0384,STUDY0007,SESS1133,0,"{""Q0"":[""material""]}",overalls,category_organization
ROW29483,4606,survey-multi-select,26,137070,0,P0384,STUDY0007,SESS1133,0,"{""Q0"":[""color""]}",broccoli,category_organization
ROW29484,2223,survey-multi-select,28,142272,0,P0384,STUDY0007,SESS1133,0,"{""Q0"":[""none of these""]}",lavender,category_organization
ROW29486,3380,survey-multi-select,29,145655,0,P0384,STUDY0007,SESS1133,0,"{""Q0"":[""material""]}",tissue,category_organization
ROW29485,2973,survey-multi-select,27,140047,0,P0384,STUDY0007,SESS1133,0,"{""Q0"":[""material""]}",popsicle,category_organization
ROW29487,3359,survey-multi-select,30,149016,0,P0384,STUDY0007,SESS1133,0,"{""Q0"":[""none of these""]}",apple,category_organization
ROW29488,2926,survey-multi-select,31,151943,0,P0384,STUDY0007,SESS1133,0,"{""Q0"":[""material""]}",ribbon,category_organization
ROW29489,6509,survey-multi-select,32,158454,0,P0384,STUDY0007,SESS1133,0,"{""Q0"":[""shape"",""material""]}",sandbox,category_organization
ROW29490,3196,survey-multi-select,33,161653,0,P0384,STUDY0007,SESS1133,0,"{""Q0"":[""none of these""]}",mayonnaise,category_organization
ROW29491,4405,survey-multi-select,34,166062,0,P0384,STUDY0007,SESS1133,0,"{""Q0"":[""none of these""]}",car,category_organization
ROW29492,3894,survey-multi-select,35,169959,0,P0384,STUDY0007,SESS1133,0,"{""Q0"":[""none of these""]}",rooster,category_organization
ROW29493,3783,instructions,0,3784,0,P0116,STUDY0007,SESS1150,0,,,
ROW29494,2369,survey-multi-select,36,172330,0,P0384,STUDY0007,SESS1133,0,"{""Q0"":[""none of these""]}",biscuit,category_organization
ROW29495,940,html-button-response,37,173271,0,P0384,STUDY0007,SESS1133,0,0,,
ROW29496,106880,instructions,38,280151,0,P0384,STUDY0007,SESS1133,0,,,
ROW29497,5231,instructions,1,9016,0,P0116,STUDY0007,SESS1150,0,,,
ROW29498,6071,html-button-response,3,24216,0,P0116,STUDY0007,SESS1150,0,0,,
ROW29499,4479,html-button-response,4,28696,0,P0116,STUDY0007,SESS1150,0,0,,
ROW29500,2287,html-button-response,5,30984,0,P0116,STUDY0007,SESS1150,0,0,,
ROW29501,9127,html-button-response,2,18144,0,P0116,STUDY0007,SESS1150,0,0,,
ROW29502,1975,html-button-response,6,32960,0,P0116,STUDY0007,SESS1150,0,0,,
ROW29503,7870,survey-multi-select,7,40832,0,P0116,STUDY0007,SESS1150,0,"{""Q0"":[""color""]}",square,practice_category
ROW29504,4543,html-button-response,8,45376,0,P0116,STUDY0007,SESS1150,0,0,,
ROW29505,2128,html-button-response,10,59456,0,P0116,STUDY0007,SESS1150,0,0,,
ROW29506,11950,survey-multi-select,9,57327,0,P0116,STUDY0007,SESS1150,0,"{""Q0"":[""color""]}",red,practice_category
ROW29507,1311,html-button-response,12,66880,0,P0116,STUDY0007,SESS1150,0,0,,
ROW29508,6111,survey-multi-select,11,65568,0,P0116,STUDY0007,SESS1150,0,"{""Q0"":[""none of these""]}",happiness,practice_category
ROW29509,1223,html-button-response,14,77064,0,P0116,STUDY0007,SESS1150,0,0,,
ROW29510,8959,survey-multi-select,13,75840,0,P0116,STUDY0007,SESS1150,0,"{""Q0"":[""material""]}",pottery,practice_category
ROW29511,8751,html-button-response,15,85816,0,P0116,STUDY0007,SESS1150,0,0,,
ROW29512,6591,survey-multi-select,16,92408,0,P0116,STUDY0007,SESS1150,0,"{""Q0"":[""none of these""]}",lemonade,category_organization
ROW29513,4568,survey-multi-select,18,104288,0,P0116,STUDY0007,SESS1150,0,"{""Q0"":[""shape""]}",nugget,category_organization
ROW29514,7310,survey-multi-select,17,99719,0,P0116,STUDY0007,SESS1150,0,"{""Q0"":[""none of these""]}",video,category_organization
ROW29515,3847,survey-multi-select,19,108136,0,P0116,STUDY0007,SESS1150,0,"{""Q0"":[""none of these""]}",owl,category_organization
ROW29516,3798,survey-multi-select,20,111935,0,P0116,STUDY0007,SESS1150,0,"{""Q0"":[""shape""]}",pencil,category_organization
ROW29517,3416,survey-multi-select,21,115352,0,P0116,STUDY0007,SESS1150,0,"{""Q0"":[""none of these""]}",mayonnaise,category_organization
ROW29518,5127,survey-multi-select,22,120480,0,P0116,STUDY0007,SESS1150,0,"{""Q0"":[""material""]}",iron (object),category_organization
ROW29519,3175,survey-multi-select,23,123656,0,P0116,STUDY0007,SESS1150,0,"{""Q0"":[""none of these""]}",telephone,category_organization
ROW29520,5095,survey-multi-select,24,128752,0,P0116,STUDY0007,SESS1150,0,"{""Q0"":[""none of these""]}",yogurt,category_organization
ROW29521,3679,survey-multi-select,25,132432,0,P0116,STUDY0007,SESS1150,0,"{""Q0"":[""shape""]}",dustpan,category_organization
ROW29522,9039,survey-multi-select,26,141472,0,P0116,STUDY0007,SESS1150,0,"{""Q0"":[""color""]}",coffee,category_organization
ROW29523,3222,survey-multi-select,27,144695,0,P0116,STUDY0007,SESS1150,0,"{""Q0"":[""material""]}",underpants,category_organization
ROW29524,3312,survey-multi-select,28,148008,0,P0116,STUDY0007,SESS1150,0,"{""Q0"":[""none of these""]}",and,category_organization
ROW29525,8271,survey-multi-select,29,156280,0,P0116,STUDY0007,SESS1150,0,"{""Q0"":[""shape"",""color""]}",sun,category_organization
ROW29526,5527,survey-multi-select,30,161808,0,P0116,STUDY0007,SESS1150,0,"{""Q0"":[""shape"",""color""]}",raisin,category_organization
ROW29527,3887,survey-multi-select,31,165696,0,P0116,STUDY0007,SESS1150,0,"{""Q0"":[""shape""]}",radiator,category_organization
ROW29528,2543,survey-multi-select,32,168240,0,P0116,STUDY0007,SESS1150,0,"{""Q0"":[""none of these""]}",lavender,category_organization
ROW29529,3175,survey-multi-select,33,171416,0,P0116,STUDY0007,SESS1150,0,"{""Q0"":[""none of these""]}",bank,category_organization
ROW29530,3366,survey-multi-select,34,174784,0,P0116,STUDY0007,SESS1150,0,"{""Q0"":[""shape""]}",cot,category_organization
ROW29532,3279,survey-multi-select,35,178064,0,P0116,STUDY0007,SESS1150,0,"{""Q0"":[""shape""]}",cd,category_organization
ROW29531,3351,survey-multi-select,36,181416,0,P0116,STUDY0007,SESS1150,0,"{""Q0"":[""none of these""]}",sprinkler,category_organization
ROW29533,1407,html-button-response,37,182824,0,P0116,STUDY0007,SESS1150,0,0,,
ROW29534,2583,instructions,38,185407,0,P0116,STUDY0007,SESS1150,0,,,
ROW29535,1701,instructions,0,1703,0,P1476,STUDY0007,SESS1146,0,,,
ROW29536,4685,instructions,1,6388,0,P1476,STUDY0007,SESS1146,0,,,
ROW29537,12986,html-button-response,2,19375,0,P1476,STUDY0007,SESS1146,0,0,,
ROW29538,7345,html-button-response,3,26720,0,P1476,STUDY0007,SESS1146,0,0,,
ROW29539,13557,html-button-response,4,40278,0,P1476,STUDY0007,SESS1146,0,0,,
ROW29540,5039,html-button-response,5,45317,0,P1476,STUDY0007,SESS1146,0,0,,
ROW29541,7615,html-button-response,6,52933,0,P1476,STUDY0007,SESS1146,0,0,,
ROW29542,1092,html-button-response,8,59608,0,P1476,STUDY0007,SESS1146,0,0,,
ROW29543,5581,survey-multi-select,7,58516,0,P1476,STUDY0007,SESS1146,0,"{""Q0"":[""shape""]}",square,practice_category
ROW29544,5055,survey-multi-select,9,64664,0,P1476,STUDY0007,SESS1146,0,"{""Q0"":[""color""]}",red,practice_category
ROW29545,847,html-button-response,10,65512,0,P1476,STUDY0007,SESS1146,0,0,,
ROW29546,12775,survey-multi-select,11,78288,0,P1476,STUDY0007,SESS1146,0,"{""Q0"":[""none of these""]}",happiness,practice_category
ROW29547,1936,html-button-response,12,80225,0,P1476,STUDY0007,SESS1146,0,0,,
ROW29548,6376,survey-multi-select,13,86602,0,P1476,STUDY0007,SESS1146,0,"{""Q0"":[""material""]}",pottery,practice_category
ROW29549,1186,html-button-response,14,87789,0,P1476,STUDY0007,SESS1146,0,0,,
ROW29550,6071,html-button-response,15,93861,0,P1476,STUDY0007,SESS1146,0,0,,
ROW29551,3497,survey-multi-select,16,97359,0,P1476,STUDY0007,SESS1146,0,"{""Q0"":[""color""]}",colors,category_organization
ROW29552,4677,survey-multi-select,17,102037,0,P1476,STUDY0007,SESS1146,0,"{""Q0"":[""material""]}",sour cream,category_organization
ROW29553,4739,survey-multi-select,18,106777,0,P1476,STUDY0007,SESS1146,0,"{""Q0"":[""none of these""]}",mustache,category_organization
ROW29554,3618,survey-multi-select,24,149238,0,P1476,STUDY0007,SESS1146,0,"{""Q0"":[""none of these""]}",garden,category_organization
ROW29555,7550,survey-multi-select,20,119651,0,P1476,STUDY0007,SESS1146,0,"{""Q0"":[""shape""]}",puree,category_organization
ROW29556,5323,survey-multi-select,19,112100,0,P1476,STUDY0007,SESS1146,0,"{""Q0"":[""none of these""]}",sparrow,category_organization
ROW29557,4015,survey-multi-select,21,123668,0,P1476,STUDY0007,SESS1146,0,"{""Q0"":[""none of these""]}",stroller,category_organization
ROW29558,7861,survey-multi-select,22,131529,0,P1476,STUDY0007,SESS1146,0,"{""Q0"":[""none of these""]}",peas,category_organization
ROW29559,14088,survey-multi-select,23,145618,0,P1476,STUDY0007,SESS1146,0,"{""Q0"":[""material""]}",egg,category_organization
ROW29560,2088,survey-multi-select,25,151326,0,P1476,STUDY0007,SESS1146,0,"{""Q0"":[""none of these""]}",lavender,category_organization
ROW29561,5885,survey-multi-select,26,157212,0,P1476,STUDY0007,SESS1146,0,"{""Q0"":[""none of these""]}",beet,category_organization
ROW29562,1921,survey-multi-select,28,162218,0,P1476,STUDY0007,SESS1146,0,"{""Q0"":[""none of these""]}",goat,category_organization
ROW29563,3083,survey-multi-select,27,160296,0,P1476,STUDY0007,SESS1146,0,"{""Q0"":[""none of these""]}",foot,category_organization
ROW29564,3803,survey-multi-select,29,166022,0,P1476,STUDY0007,SESS1146,0,"{""Q0"":[""material""]}",play pen,category_organization
ROW29565,3360,survey-multi-select,31,174131,0,P1476,STUDY0007,SESS1146,0,"{""Q0"":[""none of these""]}",gas,category_organization
ROW29566,4746,survey-multi-select,30,170769,0,P1476,STUDY0007,SESS1146,0,"{""Q0"":[""material""]}",board game,category_organization
ROW29567,21143,survey-multi-select,34,200376,0,P1476,STUDY0007,SESS1146,0,"{""Q0"":[""none of these""]}",ice,category_organization
ROW29568,2703,survey-multi-select,33,179232,0,P1476,STUDY0007,SESS1146,0,"{""Q0"":[""none of these""]}",microphone,category_organization
ROW29569,2843,survey-multi-select,35,203220,0,P1476,STUDY0007,SESS1146,0,"{""Q0"":[""none of these""]}",stool,category_organization
ROW29570,2396,survey-multi-select,32,176528,0,P1476,STUDY0007,SESS1146,0,"{""Q0"":[""material""]}",glue (object),category_organization
ROW29571,2064,survey-multi-select,36,205285,0,P1476,STUDY0007,SESS1146,0,"{""Q0"":[""material""]}",mayonnaise,category_organization
ROW29572,974,html-button-response,37,206259,0,P1476,STUDY0007,SESS1146,0,0,,
ROW29573,1545,instructions,38,207804,0,P1476,STUDY0007,SESS1146,0,,,
ROW29574,2964,instructions,0,2974,0,P1808,STUDY0007,SESS1160,0,,,
ROW29575,7859,instructions,0,7861,0,P1628,STUDY0007,SESS1131,0,,,
ROW29576,10242,instructions,1,18104,0,P1628,STUDY0007,SESS1131,0,,,
ROW29577,15911,html-button-response,2,34016,0,P1628,STUDY0007,SESS1131,0,0,,
ROW29578,13952,html-button-response,3,47968,0,P1628,STUDY0007,SESS1131,0,0,,
ROW29579,20592,html-button-response,4,68561,0,P1628,STUDY0007,SESS1131,0,0,,
ROW29580,9302,html-button-response,6,84333,0,P1628,STUDY0007,SESS1131,0,0,,
ROW29581,6469,html-button-response,5,75030,0,P1628,STUDY0007,SESS1131,0,0,,
ROW29582,17833,survey-multi-select,7,102167,0,P1628,STUDY0007,SESS1131,0,"{""Q0"":[""color""]}",red,practice_category
ROW29583,5846,html-button-response,8,108018,0,P1628,STUDY0007,SESS1131,0,0,,
ROW29584,8134,html-button-response,10,135800,0,P1628,STUDY0007,SESS1131,0,0,,
ROW29585,19646,survey-multi-select,9,127666,0,P1628,STUDY0007,SESS1131,0,"{""Q0"":[""none of these""]}",happiness,practice_category
ROW29586,9997,survey-multi-select,11,145798,0,P1628,STUDY0007,SESS1131,0,"{""Q0"":[""material""]}",pottery,practice_category
ROW29587,2285,html-button-response,12,148084,0,P1628,STUDY0007,SESS1131,0,0,,
ROW29588,10991,survey-multi-select,13,159076,0,P1628,STUDY0007,SESS1131,0,"{""Q0"":[""shape""]}",square,practice_category
ROW29589,18863,survey-multi-select,16,186776,0,P1628,STUDY0007,SESS1131,0,"{""Q0"":[""none of these""]}",straw,category_organization
ROW29590,2221,html-button-response,14,161298,0,P1628,STUDY0007,SESS1131,0,0,,
ROW29591,6613,html-button-response,15,167911,0,P1628,STUDY0007,SESS1131,0,0,,
ROW29592,8249,survey-multi-select,17,195026,0,P1628,STUDY0007,SESS1131,0,"{""Q0"":[""material""]}",broom,category_organization
ROW29593,3253,survey-multi-select,18,198281,0,P1628,STUDY0007,SESS1131,0,"{""Q0"":[""none of these""]}",lavender,category_organization
ROW29594,7404,survey-multi-select,19,205686,0,P1628,STUDY0007,SESS1131,0,"{""Q0"":[""none of these""]}",music,category_organization
ROW29595,10580,survey-multi-select,20,216266,0,P1628,STUDY0007,SESS1131,0,"{""Q0"":[""none of these""]}",knee,category_organization
ROW29596,5850,survey-multi-select,21,222117,0,P1628,STUDY0007,SESS1131,0,"{""Q0"":[""material""]}",jacket,category_organization
ROW29597,15990,survey-multi-select,25,258846,0,P1628,STUDY0007,SESS1131,0,"{""Q0"":[""color""]}",train,category_organization
ROW29598,12220,survey-multi-select,22,234339,0,P1628,STUDY0007,SESS1131,0,"{""Q0"":[""shape""]}",mold,category_organization
ROW29599,4141,survey-multi-select,24,242854,0,P1628,STUDY0007,SESS1131,0,"{""Q0"":[""material""]}",chopstick,category_organization
ROW29600,4373,survey-multi-select,23,238712,0,P1628,STUDY0007,SESS1131,0,"{""Q0"":[""none of these""]}",waves,category_organization
ROW29601,5471,survey-multi-select,26,264318,0,P1628,STUDY0007,SESS1131,0,"{""Q0"":[""color""]}",spider,category_organization
ROW29602,6257,survey-multi-select,27,270576,0,P1628,STUDY0007,SESS1131,0,"{""Q0"":[""none of these""]}",video,category_organization
ROW29603,5248,survey-multi-select,28,275825,0,P1628,STUDY0007,SESS1131,0,"{""Q0"":[""material""]}",rock (object),category_organization
ROW29604,4632,survey-multi-select,30,287561,0,P1628,STUDY0007,SESS1131,0,"{""Q0"":[""material""]}",compote,category_organization
ROW29605,7102,survey-multi-select,29,282928,0,P1628,STUDY0007,SESS1131,0,"{""Q0"":[""shape"",""color""]}",chickpea,category_organization
ROW29606,4002,survey-multi-select,31,291563,0,P1628,STUDY0007,SESS1131,0,"{""Q0"":[""color""]}",lizard,category_organization
ROW29607,6786,survey-multi-select,32,298351,0,P1628,STUDY0007,SESS1131,0,"{""Q0"":[""shape"",""color"",""material""]}",tape (object),category_organization
ROW29608,4791,survey-multi-select,33,303143,0,P1628,STUDY0007,SESS1131,0,"{""Q0"":[""color""]}",bee,category_organization
ROW29609,5279,survey-multi-select,34,308424,0,P1628,STUDY0007,SESS1131,0,"{""Q0"":[""shape""]}",pool,category_organization
ROW29610,9593,survey-multi-select,36,324300,0,P1628,STUDY0007,SESS1131,0,"{""Q0"":[""none of these""]}",bush,category_organization
ROW29611,1763,html-button-response,37,326064,0,P1628,STUDY0007,SESS1131,0,0,,
ROW29612,6281,survey-multi-select,35,314706,0,P1628,STUDY0007,SESS1131,0,"{""Q0"":[""color""]}",cook,category_organization
ROW29613,4856,instructions,38,330920,0,P1628,STUDY0007,SESS1131,0,,,
ROW29614,3090,instructions,0,3092,0,P1761,STUDY0007,SESS1151,0,,,
ROW29615,2035,instructions,1,5127,0,P1761,STUDY0007,SESS1151,0,,,
ROW29616,11623,html-button-response,3,32807,0,P1761,STUDY0007,SESS1151,0,0,,
ROW29617,16055,html-button-response,2,21183,0,P1761,STUDY0007,SESS1151,0,0,,
ROW29618,4961,html-button-response,6,55732,0,P1761,STUDY0007,SESS1151,0,0,,
ROW29619,12651,html-button-response,4,45459,0,P1761,STUDY0007,SESS1151,0,0,,
ROW29620,5311,html-button-response,5,50771,0,P1761,STUDY0007,SESS1151,0,0,,
ROW29621,13608,survey-multi-select,7,69343,0,P1761,STUDY0007,SESS1151,0,"{""Q0"":[""color""]}",red,practice_category
ROW29622,4583,html-button-response,8,73927,0,P1761,STUDY0007,SESS1151,0,0,,
ROW29623,7531,survey-multi-select,9,81459,0,P1761,STUDY0007,SESS1151,0,"{""Q0"":[""none of these""]}",happiness,practice_category
ROW29624,1815,html-button-response,10,83275,0,P1761,STUDY0007,SESS1151,0,0,,
ROW29625,1435,html-button-response,12,94227,0,P1761,STUDY0007,SESS1151,0,0,,
ROW29626,9515,survey-multi-select,11,92791,0,P1761,STUDY0007,SESS1151,0,"{""Q0"":[""shape""]}",square,practice_category
ROW29627,17995,survey-multi-select,13,112223,0,P1761,STUDY0007,SESS1151,0,"{""Q0"":[""none of these""]}",pottery,practice_category
ROW29628,5551,html-button-response,14,117775,0,P1761,STUDY0007,SESS1151,0,0,,
ROW29629,5775,html-button-response,15,123551,0,P1761,STUDY0007,SESS1151,0,0,,
ROW29630,6842,survey-multi-select,16,130395,0,P1761,STUDY0007,SESS1151,0,"{""Q0"":[""none of these""]}",voice recorder,category_organization
ROW29631,6223,survey-multi-select,18,143659,0,P1761,STUDY0007,SESS1151,0,"{""Q0"":[""none of these""]}",store,category_organization
ROW29632,7039,survey-multi-select,17,137435,0,P1761,STUDY0007,SESS1151,0,"{""Q0"":[""material""]}",tights,category_organization
ROW29633,7283,survey-multi-select,19,150943,0,P1761,STUDY0007,SESS1151,0,"{""Q0"":[""shape""]}",heart,category_organization
ROW29634,5159,survey-multi-select,20,156103,0,P1761,STUDY0007,SESS1151,0,"{""Q0"":[""material""]}",mask,category_organization
ROW29635,4483,survey-multi-select,21,160587,0,P1761,STUDY0007,SESS1151,0,"{""Q0"":[""material""]}",tracksuit,category_organization
ROW29636,9623,survey-multi-select,22,170211,0,P1761,STUDY0007,SESS1151,0,"{""Q0"":[""none of these""]}",honey,category_organization
ROW29637,6071,survey-multi-select,23,176283,0,P1761,STUDY0007,SESS1151,0,"{""Q0"":[""none of these""]}",oven,category_organization
ROW29638,5207,survey-multi-select,24,181491,0,P1761,STUDY0007,SESS1151,0,"{""Q0"":[""shape""]}",bookshelf,category_organization
ROW29639,12843,survey-multi-select,25,194335,0,P1761,STUDY0007,SESS1151,0,"{""Q0"":[""none of these""]}",sled,category_organization
ROW29640,3458,survey-multi-select,26,197795,0,P1761,STUDY0007,SESS1151,0,"{""Q0"":[""none of these""]}",jeep,category_organization
ROW29641,3683,survey-multi-select,27,201479,0,P1761,STUDY0007,SESS1151,0,"{""Q0"":[""material""]}",eraser,category_organization
ROW29642,3779,survey-multi-select,28,205259,0,P1761,STUDY0007,SESS1151,0,"{""Q0"":[""shape""]}",teapot,category_organization
ROW29643,5239,survey-multi-select,29,210498,0,P1761,STUDY0007,SESS1151,0,"{""Q0"":[""shape""]}",cradle,category_organization
ROW29644,4712,survey-multi-select,30,215211,0,P1761,STUDY0007,SESS1151,0,"{""Q0"":[""shape""]}",cap,category_organization
ROW29645,3012,survey-multi-select,31,218223,0,P1761,STUDY0007,SESS1151,0,"{""Q0"":[""none of these""]}",soy milk,category_organization
ROW29646,3050,survey-multi-select,32,221275,0,P1761,STUDY0007,SESS1151,0,"{""Q0"":[""none of these""]}",jam,category_organization
ROW29647,2419,survey-multi-select,33,223695,0,P1761,STUDY0007,SESS1151,0,"{""Q0"":[""none of these""]}",soy sauce,category_organization
ROW29648,4095,survey-multi-select,35,232491,0,P1761,STUDY0007,SESS1151,0,"{""Q0"":[""color""]}",lemonade,category_organization
ROW29649,4699,survey-multi-select,34,228395,0,P1761,STUDY0007,SESS1151,0,"{""Q0"":[""none of these""]}",store,category_organization
ROW29650,2515,survey-multi-select,36,235007,0,P1761,STUDY0007,SESS1151,0,"{""Q0"":[""none of these""]}",lavender,category_organization
ROW29651,1328,html-button-response,37,236335,0,P1761,STUDY0007,SESS1151,0,0,,
ROW29652,3316,instructions,38,239651,0,P1761,STUDY0007,SESS1151,0,,,
ROW29653,3357,instructions,0,3358,0,P1720,STUDY0007,SESS1164,0,,,
ROW29654,8130,html-button-response,2,12600,0,P1720,STUDY0007,SESS1164,0,0,,
ROW29655,1110,instructions,1,4469,0,P1720,STUDY0007,SESS1164,0,,,
ROW29656,2116,html-button-response,3,14717,0,P1720,STUDY0007,SESS1164,0,0,,
ROW29657,1775,html-button-response,5,22104,0,P1720,STUDY0007,SESS1164,0,0,,
ROW29658,3041,html-button-response,6,25146,0,P1720,STUDY0007,SESS1164,0,0,,
ROW29659,5611,html-button-response,4,20329,0,P1720,STUDY0007,SESS1164,0,0,,
ROW29660,13499,survey-multi-select,7,38647,0,P1720,STUDY0007,SESS1164,0,"{""Q0"":[""material"",""color""]}",red,practice_category
ROW29661,1192,html-button-response,8,39840,0,P1720,STUDY0007,SESS1164,0,0,,
ROW29662,5751,survey-multi-select,9,45592,0,P1720,STUDY0007,SESS1164,0,"{""Q0"":[""material""]}",pottery,practice_category
ROW29663,3612,survey-multi-select,11,49793,0,P1720,STUDY0007,SESS1164,0,"{""Q0"":[""none of these""]}",happiness,practice_category
ROW29664,588,html-button-response,10,46180,0,P1720,STUDY0007,SESS1164,0,0,,
ROW29665,420,html-button-response,12,50213,0,P1720,STUDY0007,SESS1164,0,0,,
ROW29666,1954,survey-multi-select,13,52168,0,P1720,STUDY0007,SESS1164,0,"{""Q0"":[""shape""]}",square,practice_category
ROW29667,788,html-button-response,14,52957,0,P1720,STUDY0007,SESS1164,0,0,,
ROW29668,1402,html-button-response,15,54360,0,P1720,STUDY0007,SESS1164,0,0,,
ROW29669,3241,survey-multi-select,17,60488,0,P1720,STUDY0007,SESS1164,0,"{""Q0"":[""none of these""]}",cow,category_organization
ROW29670,2885,survey-multi-select,16,57246,0,P1720,STUDY0007,SESS1164,0,"{""Q0"":[""none of these""]}",sweet potato,category_organization
ROW29671,5422,survey-multi-select,18,65911,0,P1720,STUDY0007,SESS1164,0,"{""Q0"":[""shape""]}",boat,category_organization
ROW29672,1394,survey-multi-select,19,67306,0,P1720,STUDY0007,SESS1164,0,"{""Q0"":[""none of these""]}",lavender,category_organization
ROW29673,2577,survey-multi-select,20,69884,0,P1720,STUDY0007,SESS1164,0,"{""Q0"":[""shape""]}",bandaid,category_organization
ROW29674,1683,survey-multi-select,21,71569,0,P1720,STUDY0007,SESS1164,0,"{""Q0"":[""none of these""]}",thing,category_organization
ROW29675,3501,survey-multi-select,23,77176,0,P1720,STUDY0007,SESS1164,0,"{""Q0"":[""shape""]}",head,category_organization
ROW29676,2079,survey-multi-select,24,79256,0,P1720,STUDY0007,SESS1164,0,"{""Q0"":[""shape""]}",dustpan,category_organization
ROW29677,2104,survey-multi-select,22,73674,0,P1720,STUDY0007,SESS1164,0,"{""Q0"":[""none of these""]}",pigeon,category_organization
ROW29678,3829,survey-multi-select,25,83086,0,P1720,STUDY0007,SESS1164,0,"{""Q0"":[""none of these""]}",coat,category_organization
ROW29679,3226,survey-multi-select,26,86313,0,P1720,STUDY0007,SESS1164,0,"{""Q0"":[""color""]}",orange juice,category_organization
ROW29680,2518,survey-multi-select,27,88832,0,P1720,STUDY0007,SESS1164,0,"{""Q0"":[""none of these""]}",bear,category_organization
ROW29681,3061,survey-multi-select,28,91893,0,P1720,STUDY0007,SESS1164,0,"{""Q0"":[""material""]}",dust,category_organization
ROW29682,1748,survey-multi-select,29,93642,0,P1720,STUDY0007,SESS1164,0,"{""Q0"":[""shape""]}",donut,category_organization
ROW29683,2093,survey-multi-select,30,95736,0,P1720,STUDY0007,SESS1164,0,"{""Q0"":[""none of these""]}",gorilla,category_organization
ROW29684,4042,survey-multi-select,31,99779,0,P1720,STUDY0007,SESS1164,0,"{""Q0"":[""none of these""]}",back,category_organization
ROW29685,1976,survey-multi-select,33,103240,0,P1720,STUDY0007,SESS1164,0,"{""Q0"":[""shape""]}",tractor,category_organization
ROW29686,1483,survey-multi-select,32,101263,0,P1720,STUDY0007,SESS1164,0,"{""Q0"":[""shape""]}",drawer,category_organization
ROW29687,1605,survey-multi-select,34,104845,0,P1720,STUDY0007,SESS1164,0,"{""Q0"":[""none of these""]}",steak,category_organization
ROW29688,1445,survey-multi-select,35,106291,0,P1720,STUDY0007,SESS1164,0,"{""Q0"":[""shape""]}",microphone,category_organization
ROW29689,2617,survey-multi-select,36,108910,0,P1720,STUDY0007,SESS1164,0,"{""Q0"":[""material""]}",pasta,category_organization
ROW29690,603,html-button-response,37,109513,0,P1720,STUDY0007,SESS1164,0,0,,
ROW29691,1212,instructions,38,110725,0,P1720,STUDY0007,SESS1164,0,,,
ROW29692,15056,instructions,0,15057,0,P1211,STUDY0007,SESS1129,0,,,
ROW29693,10112,instructions,1,25169,0,P1211,STUDY0007,SESS1129,0,,,
ROW29694,38706,html-button-response,2,63877,0,P1211,STUDY0007,SESS1129,0,0,,
ROW29695,13153,html-button-response,3,77030,0,P1211,STUDY0007,SESS1129,0,0,,
ROW29696,20910,html-button-response,4,97941,0,P1211,STUDY0007,SESS1129,0,0,,
ROW29697,8310,html-button-response,5,106252,0,P1211,STUDY0007,SESS1129,0,0,,
ROW29698,12426,html-button-response,6,118679,0,P1211,STUDY0007,SESS1129,0,0,,
ROW29699,22401,survey-multi-select,7,141082,0,P1211,STUDY0007,SESS1129,0,"{""Q0"":[""shape"",""color""]}",red,practice_category
ROW29700,12531,html-button-response,8,153615,0,P1211,STUDY0007,SESS1129,0,0,,
ROW29701,20128,survey-multi-select,9,173745,0,P1211,STUDY0007,SESS1129,0,"{""Q0"":[""none of these""]}",happiness,practice_category
ROW29702,1477,html-button-response,10,175223,0,P1211,STUDY0007,SESS1129,0,0,,
ROW29703,5196,instructions,0,5200,0,P1561,STUDY0007,SESS1134,0,,,
ROW29704,15934,survey-multi-select,11,191159,0,P1211,STUDY0007,SESS1129,0,"{""Q0"":[""material""]}",pottery,practice_category
ROW29705,1216,html-button-response,12,192375,0,P1211,STUDY0007,SESS1129,0,0,,
ROW29706,8817,survey-multi-select,13,201194,0,P1211,STUDY0007,SESS1129,0,"{""Q0"":[""shape""]}",square,practice_category
ROW29707,1020,html-button-response,14,202214,0,P1211,STUDY0007,SESS1129,0,0,,
ROW29708,6038,html-button-response,15,208253,0,P1211,STUDY0007,SESS1129,0,0,,
ROW29709,8803,survey-multi-select,16,217058,0,P1211,STUDY0007,SESS1129,0,"{""Q0"":[""none of these""]}",lavender,category_organization
ROW29710,13220,survey-multi-select,18,247049,0,P1211,STUDY0007,SESS1129,0,"{""Q0"":[""none of these""]}",mango,category_organization
ROW29711,16768,survey-multi-select,17,233827,0,P1211,STUDY0007,SESS1129,0,"{""Q0"":[""shape"",""material""]}",cushion,category_organization
ROW29712,6787,survey-multi-select,19,253838,0,P1211,STUDY0007,SESS1129,0,"{""Q0"":[""shape""]}",noodles,category_organization
ROW29713,7057,survey-multi-select,20,260897,0,P1211,STUDY0007,SESS1129,0,"{""Q0"":[""color""]}",carrot,category_organization
ROW29714,4713,survey-multi-select,21,265611,0,P1211,STUDY0007,SESS1129,0,"{""Q0"":[""none of these""]}",hamburger,category_organization
ROW29715,10507,survey-multi-select,22,276119,0,P1211,STUDY0007,SESS1129,0,"{""Q0"":[""shape"",""material""]}",fork,category_organization
ROW29716,4493,survey-multi-select,23,280614,0,P1211,STUDY0007,SESS1129,0,"{""Q0"":[""material""]}",mitten,category_organization
ROW29717,5447,survey-multi-select,24,286062,0,P1211,STUDY0007,SESS1129,0,"{""Q0"":[""none of these""]}",thunder,category_organization
ROW29718,6188,survey-multi-select,26,297091,0,P1211,STUDY0007,SESS1129,0,"{""Q0"":[""none of these""]}",lettuce,category_organization
ROW29719,4838,survey-multi-select,25,290902,0,P1211,STUDY0007,SESS1129,0,"{""Q0"":[""none of these""]}",bread,category_organization
ROW29720,5893,survey-multi-select,27,302985,0,P1211,STUDY0007,SESS1129,0,"{""Q0"":[""material""]}",clay,category_organization
ROW29721,10070,survey-multi-select,28,313056,0,P1211,STUDY0007,SESS1129,0,"{""Q0"":[""material""]}",garbage,category_organization
ROW29722,6359,survey-multi-select,29,319416,0,P1211,STUDY0007,SESS1129,0,"{""Q0"":[""none of these""]}",nursery,category_organization
ROW29723,7575,survey-multi-select,30,326993,0,P1211,STUDY0007,SESS1129,0,"{""Q0"":[""shape"",""material""]}",door,category_organization
ROW29724,6255,survey-multi-select,31,333249,0,P1211,STUDY0007,SESS1129,0,"{""Q0"":[""none of these""]}",and,category_organization
ROW29725,5257,survey-multi-select,32,338506,0,P1211,STUDY0007,SESS1129,0,"{""Q0"":[""shape"",""color"",""material""]}",table,category_organization
ROW29726,6680,survey-multi-select,33,345187,0,P1211,STUDY0007,SESS1129,0,"{""Q0"":[""shape""]}",pineapple,category_organization
ROW29727,13409,survey-multi-select,34,358598,0,P1211,STUDY0007,SESS1129,0,"{""Q0"":[""shape""]}",can (object),category_organization
ROW29728,6298,survey-multi-select,35,364897,0,P1211,STUDY0007,SESS1129,0,"{""Q0"":[""shape""]}",doll,category_organization
ROW29729,8550,survey-multi-select,36,373448,0,P1211,STUDY0007,SESS1129,0,"{""Q0"":[""shape""]}",pita,category_organization
ROW29730,2326,html-button-response,37,375775,0,P1211,STUDY0007,SESS1129,0,0,,
ROW29731,3821,instructions,38,379597,0,P1211,STUDY0007,SESS1129,0,,,
ROW29732,5227,instructions,0,5233,0,P1659,STUDY0007,SESS1120,0,,,
ROW29733,12877,instructions,1,18112,0,P1659,STUDY0007,SESS1120,0,,,
ROW29734,32486,html-button-response,2,50601,0,P1659,STUDY0007,SESS1120,0,0,,
ROW29735,17256,html-button-response,3,67861,0,P1659,STUDY0007,SESS1120,0,0,,
ROW29736,24502,html-button-response,4,92365,0,P1659,STUDY0007,SESS1120,0,0,,
ROW29737,11754,html-button-response,5,104121,0,P1659,STUDY0007,SESS1120,0,0,,
ROW29738,11020,html-button-response,6,115142,0,P1659,STUDY0007,SESS1120,0,0,,
ROW29739,24531,survey-multi-select,7,139678,0,P1659,STUDY0007,SESS1120,0,"{""Q0"":[""color""]}",happiness,practice_category
ROW29740,1715,html-button-response,8,141395,0,P1659,STUDY0007,SESS1120,0,0,,
ROW29741,21968,survey-multi-select,9,163366,0,P1659,STUDY0007,SESS1120,0,"{""Q0"":[""shape""]}",pottery,practice_category
ROW29742,1880,html-button-response,10,165248,0,P1659,STUDY0007,SESS1120,0,0,,
ROW29743,5239,survey-multi-select,11,170491,0,P1659,STUDY0007,SESS1120,0,"{""Q0"":[""shape""]}",square,practice_category
ROW29744,1819,html-button-response,12,172312,0,P1659,STUDY0007,SESS1120,0,0,,
ROW29745,5569,survey-multi-select,13,177883,0,P1659,STUDY0007,SESS1120,0,"{""Q0"":[""color""]}",red,practice_category
ROW29746,1641,html-button-response,14,179526,0,P1659,STUDY0007,SESS1120,0,0,,
ROW29747,3632,html-button-response,15,183160,0,P1659,STUDY0007,SESS1120,0,0,,
ROW29748,8561,survey-multi-select,16,191725,0,P1659,STUDY0007,SESS1120,0,"{""Q0"":[""material""]}",waves,category_organization
ROW29749,8130,survey-multi-select,17,199858,0,P1659,STUDY0007,SESS1120,0,"{""Q0"":[""material""]}",sausage,category_organization
ROW29750,9555,survey-multi-select,18,209415,0,P1659,STUDY0007,SESS1120,0,"{""Q0"":[""shape""]}",flour,category_organization
ROW29751,27209,survey-multi-select,19,236626,0,P1659,STUDY0007,SESS1120,0,"{""Q0"":[""color""]}",grass,category_organization
ROW29752,7037,survey-multi-select,20,243667,0,P1659,STUDY0007,SESS1120,0,"{""Q0"":[""shape""]}",cucumber,category_organization
ROW29753,17204,survey-multi-select,21,260874,0,P1659,STUDY0007,SESS1120,0,"{""Q0"":[""material""]}",kefir,category_organization
ROW29754,3562,survey-multi-select,22,264439,0,P1659,STUDY0007,SESS1120,0,"{""Q0"":[""none of these""]}",lavender,category_organization
ROW29755,4648,survey-multi-select,23,269089,0,P1659,STUDY0007,SESS1120,0,"{""Q0"":[""color""]}",pomegranate,category_organization
ROW29756,29877,survey-multi-select,24,298970,0,P1659,STUDY0007,SESS1120,0,"{""Q0"":[""material""]}",computer,category_organization
ROW29757,12501,survey-multi-select,25,311474,0,P1659,STUDY0007,SESS1120,0,"{""Q0"":[""color""]}",green beans,category_organization
ROW29758,4864,survey-multi-select,26,316342,0,P1659,STUDY0007,SESS1120,0,"{""Q0"":[""shape""]}",fireplace,category_organization
ROW29759,8642,survey-multi-select,27,324987,0,P1659,STUDY0007,SESS1120,0,"{""Q0"":[""shape""]}",zebra,category_organization
ROW29760,4190,survey-multi-select,28,329180,0,P1659,STUDY0007,SESS1120,0,"{""Q0"":[""material""]}",tuna,category_organization
ROW29761,4321,survey-multi-select,29,333504,0,P1659,STUDY0007,SESS1120,0,"{""Q0"":[""shape""]}",wolf,category_organization
ROW29762,6099,survey-multi-select,30,339606,0,P1659,STUDY0007,SESS1120,0,"{""Q0"":[""shape""]}",sun,category_organization
ROW29763,7503,survey-multi-select,31,347112,0,P1659,STUDY0007,SESS1120,0,"{""Q0"":[""material""]}",ice cream,category_organization
ROW29764,4253,survey-multi-select,32,351367,0,P1659,STUDY0007,SESS1120,0,"{""Q0"":[""material""]}",body,category_organization
ROW29765,13814,survey-multi-select,33,365186,0,P1659,STUDY0007,SESS1120,0,"{""Q0"":[""material""]}",puree,category_organization
ROW29766,6207,survey-multi-select,35,380259,0,P1659,STUDY0007,SESS1120,0,"{""Q0"":[""shape""]}",carrot,category_organization
ROW29767,8859,survey-multi-select,34,374048,0,P1659,STUDY0007,SESS1120,0,"{""Q0"":[""material""]}",sour cream,category_organization
ROW29768,4609,survey-multi-select,36,384871,0,P1659,STUDY0007,SESS1120,0,"{""Q0"":[""material""]}",brain,category_organization
ROW29769,4082,instructions,38,390771,0,P1659,STUDY0007,SESS1120,0,,,
ROW29770,1815,html-button-response,37,386687,0,P1659,STUDY0007,SESS1120,0,0,,
ROW29771,9068,instructions,1,13281,0,P1617,STUDY0007,SESS1130,0,,,
ROW29772,19035,html-button-response,2,32327,0,P1617,STUDY0007,SESS1130,0,0,,
ROW29773,3282,html-button-response,12,129442,0,P1617,STUDY0007,SESS1130,0,0,,
ROW29774,4128,instructions,0,4206,0,P1617,STUDY0007,SESS1130,0,,,
ROW29775,5021,survey-multi-select,13,134467,0,P1617,STUDY0007,SESS1130,0,"{""Q0"":[""shape""]}",square,practice_category
ROW29776,13211,survey-multi-select,11,126157,0,P1617,STUDY0007,SESS1130,0,"{""Q0"":[""none of these""]}",happiness,practice_category
ROW29777,14409,html-button-response,6,74539,0,P1617,STUDY0007,SESS1130,0,0,,
ROW29778,6089,html-button-response,8,99805,0,P1617,STUDY0007,SESS1130,0,0,,
ROW29779,19158,survey-multi-select,7,93709,0,P1617,STUDY0007,SESS1130,0,"{""Q0"":[""material""]}",pottery,practice_category
ROW29780,12568,html-button-response,3,44901,0,P1617,STUDY0007,SESS1130,0,0,,
ROW29781,16027,survey-multi-select,28,305821,0,P1617,STUDY0007,SESS1130,0,"{""Q0"":[""shape""]}",couch,category_organization
ROW29782,4701,survey-multi-select,27,289788,0,P1617,STUDY0007,SESS1130,0,"{""Q0"":[""material""]}",clothing,category_organization
ROW29783,3522,survey-multi-select,29,309346,0,P1617,STUDY0007,SESS1130,0,"{""Q0"":[""shape""]}",chair,category_organization
ROW29784,5116,survey-multi-select,30,314467,0,P1617,STUDY0007,SESS1130,0,"{""Q0"":[""none of these""]}",cockroach,category_organization
ROW29785,21702,survey-multi-select,25,280562,0,P1617,STUDY0007,SESS1130,0,"{""Q0"":[""none of these""]}",washing machine,category_organization
ROW29786,2688,survey-multi-select,31,317160,0,P1617,STUDY0007,SESS1130,0,"{""Q0"":[""none of these""]}",lavender,category_organization
ROW29787,4516,survey-multi-select,26,285083,0,P1617,STUDY0007,SESS1130,0,"{""Q0"":[""material""]}",smoke,category_organization
ROW29788,12564,html-button-response,4,57469,0,P1617,STUDY0007,SESS1130,0,0,,
ROW29789,7100,survey-multi-select,24,258854,0,P1617,STUDY0007,SESS1130,0,"{""Q0"":[""shape""]}",crane,category_organization
ROW29790,6642,survey-multi-select,32,323808,0,P1617,STUDY0007,SESS1130,0,"{""Q0"":[""shape""]}",rake (object),category_organization
ROW29791,5336,survey-multi-select,23,251748,0,P1617,STUDY0007,SESS1130,0,"{""Q0"":[""none of these""]}",snail,category_organization
ROW29792,2655,html-button-response,5,60127,0,P1617,STUDY0007,SESS1130,0,0,,
ROW29793,15409,survey-multi-select,22,246407,0,P1617,STUDY0007,SESS1130,0,"{""Q0"":[""none of these""]}",pacifier,category_organization
ROW29794,6979,survey-multi-select,9,106792,0,P1617,STUDY0007,SESS1130,0,"{""Q0"":[""color""]}",red,practice_category
ROW29795,29159,survey-multi-select,21,230990,0,P1617,STUDY0007,SESS1130,0,"{""Q0"":[""material""]}",pita,category_organization
ROW29796,6145,html-button-response,10,112940,0,P1617,STUDY0007,SESS1130,0,0,,
ROW29797,2670,survey-multi-select,20,201825,0,P1617,STUDY0007,SESS1130,0,"{""Q0"":[""material""]}",jelly,category_organization
ROW29798,7455,survey-multi-select,35,358981,0,P1617,STUDY0007,SESS1130,0,"{""Q0"":[""material""]}",plum,category_organization
ROW29799,8144,survey-multi-select,36,367129,0,P1617,STUDY0007,SESS1130,0,"{""Q0"":[""none of these""]}",eye,category_organization
ROW29800,12757,survey-multi-select,34,351520,0,P1617,STUDY0007,SESS1130,0,"{""Q0"":[""none of these""]}",palm,category_organization
ROW29801,7028,instructions,38,375476,0,P1617,STUDY0007,SESS1130,0,,,
ROW29802,9867,html-button-response,15,145373,0,P1617,STUDY0007,SESS1130,0,0,,
ROW29803,16817,survey-multi-select,19,199153,0,P1617,STUDY0007,SESS1130,0,"{""Q0"":[""none of these""]}",diaper,category_organization
ROW29804,17847,survey-multi-select,16,163225,0,P1617,STUDY0007,SESS1130,0,"{""Q0"":[""none of these""]}",watch (object),category_organization
ROW29805,4867,survey-multi-select,17,168098,0,P1617,STUDY0007,SESS1130,0,"{""Q0"":[""material""]}",butter,category_organization
ROW29806,3344,instructions,0,3350,0,P0395,STUDY0007,SESS1158,0,,,
ROW29807,2140,instructions,1,5493,0,P0395,STUDY0007,SESS1158,0,,,
ROW29808,22307,html-button-response,2,27803,0,P0395,STUDY0007,SESS1158,0,0,,
ROW29809,19808,html-button-response,3,47614,0,P0395,STUDY0007,SESS1158,0,0,,
ROW29810,14833,html-button-response,4,62457,0,P0395,STUDY0007,SESS1158,0,0,,
ROW29811,3868,html-button-response,6,71088,0,P0395,STUDY0007,SESS1158,0,0,,
ROW29812,4758,html-button-response,5,67218,0,P0395,STUDY0007,SESS1158,0,0,,
ROW29813,15518,survey-multi-select,7,86615,0,P0395,STUDY0007,SESS1158,0,"{""Q0"":[""shape"",""material""]}",pottery,practice_category
ROW29814,5230,html-button-response,8,91848,0,P0395,STUDY0007,SESS1158,0,0,,
ROW29815,5130,survey-multi-select,9,96984,0,P0395,STUDY0007,SESS1158,0,"{""Q0"":[""none of these""]}",happiness,practice_category
ROW29816,1522,html-button-response,10,98509,0,P0395,STUDY0007,SESS1158,0,0,,
ROW29817,6392,survey-multi-select,11,104904,0,P0395,STUDY0007,SESS1158,0,"{""Q0"":[""color""]}",red,practice_category
ROW29818,3393,html-button-response,12,108298,0,P0395,STUDY0007,SESS1158,0,0,,
ROW29819,4776,survey-multi-select,13,113076,0,P0395,STUDY0007,SESS1158,0,"{""Q0"":[""shape""]}",square,practice_category
ROW29820,5579,survey-multi-select,16,130961,0,P0395,STUDY0007,SESS1158,0,"{""Q0"":[""material""]}",food,category_organization
ROW29821,10904,html-button-response,15,125376,0,P0395,STUDY0007,SESS1158,0,0,,
ROW29822,1392,html-button-response,14,114470,0,P0395,STUDY0007,SESS1158,0,0,,
ROW29823,6161,survey-multi-select,17,137126,0,P0395,STUDY0007,SESS1158,0,"{""Q0"":[""material""]}",smoothie,category_organization
ROW29824,1999,survey-multi-select,18,139129,0,P0395,STUDY0007,SESS1158,0,"{""Q0"":[""material""]}",meatball,category_organization
ROW29825,6068,survey-multi-select,19,145202,0,P0395,STUDY0007,SESS1158,0,"{""Q0"":[""none of these""]}",elephant,category_organization
ROW29826,4700,survey-multi-select,22,177581,0,P0395,STUDY0007,SESS1158,0,"{""Q0"":[""none of these""]}",atole,category_organization
ROW29827,18704,survey-multi-select,20,163909,0,P0395,STUDY0007,SESS1158,0,"{""Q0"":[""material""]}",ribbon,category_organization
ROW29828,8967,survey-multi-select,21,172878,0,P0395,STUDY0007,SESS1158,0,"{""Q0"":[""shape""]}",table,category_organization
ROW29829,7794,survey-multi-select,24,188278,0,P0395,STUDY0007,SESS1158,0,"{""Q0"":[""shape""]}",balloon,category_organization
ROW29830,2895,survey-multi-select,23,180479,0,P0395,STUDY0007,SESS1158,0,"{""Q0"":[""material""]}",pie,category_organization
ROW29831,3084,survey-multi-select,25,191367,0,P0395,STUDY0007,SESS1158,0,"{""Q0"":[""material""]}",glue (object),category_organization
ROW29832,4990,survey-multi-select,26,196362,0,P0395,STUDY0007,SESS1158,0,"{""Q0"":[""shape""]}",rake (object),category_organization
ROW29833,6267,survey-multi-select,27,202634,0,P0395,STUDY0007,SESS1158,0,"{""Q0"":[""shape""]}",belt,category_organization
ROW29834,7622,survey-multi-select,28,210265,0,P0395,STUDY0007,SESS1158,0,"{""Q0"":[""shape""]}",pen,category_organization
ROW29835,2966,survey-multi-select,30,216293,0,P0395,STUDY0007,SESS1158,0,"{""Q0"":[""material""]}",jar,category_organization
ROW29836,3053,survey-multi-select,29,213323,0,P0395,STUDY0007,SESS1158,0,"{""Q0"":[""material""]}",pie,category_organization
ROW29837,8630,survey-multi-select,31,224930,0,P0395,STUDY0007,SESS1158,0,"{""Q0"":[""shape"",""material""]}",watermelon,category_organization
ROW29838,9308,survey-multi-select,32,234243,0,P0395,STUDY0007,SESS1158,0,"{""Q0"":[""color"",""material""]}",orange juice,category_organization
ROW29839,3671,survey-multi-select,33,237918,0,P0395,STUDY0007,SESS1158,0,"{""Q0"":[""material""]}",tissue,category_organization
ROW29840,3850,survey-multi-select,34,241774,0,P0395,STUDY0007,SESS1158,0,"{""Q0"":[""none of these""]}",puppy,category_organization
ROW29841,8624,survey-multi-select,35,250403,0,P0395,STUDY0007,SESS1158,0,"{""Q0"":[""material""]}",mushroom,category_organization
ROW29842,1863,survey-multi-select,36,252273,0,P0395,STUDY0007,SESS1158,0,"{""Q0"":[""none of these""]}",lavender,category_organization
ROW29843,1187,html-button-response,37,253462,0,P0395,STUDY0007,SESS1158,0,0,,
ROW29844,5011,instructions,38,258474,0,P0395,STUDY0007,SESS1158,0,,,
ROW29845,6220,instructions,0,6222,0,P0491,STUDY0007,SESS1147,0,,,
ROW29846,12750,instructions,1,18973,0,P0491,STUDY0007,SESS1147,0,,,
ROW29847,16679,html-button-response,2,35653,0,P0491,STUDY0007,SESS1147,0,0,,
ROW29848,13996,html-button-response,4,59210,0,P0491,STUDY0007,SESS1147,0,0,,
ROW29849,9554,html-button-response,3,45211,0,P0491,STUDY0007,SESS1147,0,0,,
ROW29850,4948,html-button-response,5,64162,0,P0491,STUDY0007,SESS1147,0,0,,
ROW29851,5596,html-button-response,6,69763,0,P0491,STUDY0007,SESS1147,0,0,,
ROW29852,10712,survey-multi-select,7,80483,0,P0491,STUDY0007,SESS1147,0,"{""Q0"":[""shape""]}",square,practice_category
ROW29853,4253,html-button-response,8,84739,0,P0491,STUDY0007,SESS1147,0,0,,
ROW29854,8711,survey-multi-select,9,93451,0,P0491,STUDY0007,SESS1147,0,"{""Q0"":[""none of these""]}",happiness,practice_category
ROW29855,2750,html-button-response,10,96202,0,P0491,STUDY0007,SESS1147,0,0,,
ROW29856,7293,survey-multi-select,11,103497,0,P0491,STUDY0007,SESS1147,0,"{""Q0"":[""color""]}",red,practice_category
ROW29857,3084,html-button-response,12,106584,0,P0491,STUDY0007,SESS1147,0,0,,
ROW29858,12518,survey-multi-select,13,119105,0,P0491,STUDY0007,SESS1147,0,"{""Q0"":[""material""]}",pottery,practice_category
ROW29859,1567,html-button-response,14,120673,0,P0491,STUDY0007,SESS1147,0,0,,
ROW29860,6372,html-button-response,15,127049,0,P0491,STUDY0007,SESS1147,0,0,,
ROW29861,9958,survey-multi-select,16,137009,0,P0491,STUDY0007,SESS1147,0,"{""Q0"":[""none of these""]}",kimchi,category_organization
ROW29862,11188,survey-multi-select,17,148199,0,P0491,STUDY0007,SESS1147,0,"{""Q0"":[""none of these""]}",birch,category_organization
ROW29863,7174,survey-multi-select,18,155374,0,P0491,STUDY0007,SESS1147,0,"{""Q0"":[""none of these""]}",living room,category_organization
ROW29864,8207,survey-multi-select,19,163583,0,P0491,STUDY0007,SESS1147,0,"{""Q0"":[""material""]}",snow,category_organization
ROW29865,9398,survey-multi-select,20,172983,0,P0491,STUDY0007,SESS1147,0,"{""Q0"":[""shape""]}",ladder,category_organization
ROW29866,5303,survey-multi-select,21,178287,0,P0491,STUDY0007,SESS1147,0,"{""Q0"":[""none of these""]}",turtle,category_organization
ROW29867,5004,survey-multi-select,22,183293,0,P0491,STUDY0007,SESS1147,0,"{""Q0"":[""material""]}",cloud,category_organization
ROW29868,7398,survey-multi-select,23,190693,0,P0491,STUDY0007,SESS1147,0,"{""Q0"":[""shape""]}",doll,category_organization
ROW29869,9790,survey-multi-select,24,200485,0,P0491,STUDY0007,SESS1147,0,"{""Q0"":[""shape""]}",fly (animal),category_organization
ROW29870,2854,survey-multi-select,25,203341,0,P0491,STUDY0007,SESS1147,0,"{""Q0"":[""none of these""]}",lavender,category_organization
ROW29873,10087,survey-multi-select,28,238290,0,P0491,STUDY0007,SESS1147,0,"{""Q0"":[""color""]}",peach,category_organization
ROW29872,8836,survey-multi-select,27,228202,0,P0491,STUDY0007,SESS1147,0,"{""Q0"":[""shape""]}",mug,category_organization
ROW29871,16022,survey-multi-select,26,219365,0,P0491,STUDY0007,SESS1147,0,"{""Q0"":[""shape""]}",umbrella,category_organization
ROW29874,4799,survey-multi-select,29,243091,0,P0491,STUDY0007,SESS1147,0,"{""Q0"":[""none of these""]}",deer,category_organization
ROW29875,4470,survey-multi-select,30,247563,0,P0491,STUDY0007,SESS1147,0,"{""Q0"":[""material""]}",tofu,category_organization
ROW29876,9918,survey-multi-select,31,257483,0,P0491,STUDY0007,SESS1147,0,"{""Q0"":[""shape""]}",airplane,category_organization
ROW29877,7020,survey-multi-select,33,272337,0,P0491,STUDY0007,SESS1147,0,"{""Q0"":[""material""]}",sandwich,category_organization
ROW29878,7831,survey-multi-select,32,265315,0,P0491,STUDY0007,SESS1147,0,"{""Q0"":[""none of these""]}",soda,category_organization
ROW29879,3878,survey-multi-select,34,276217,0,P0491,STUDY0007,SESS1147,0,"{""Q0"":[""shape""]}",hen,category_organization
ROW29880,17958,survey-multi-select,35,294176,0,P0491,STUDY0007,SESS1147,0,"{""Q0"":[""shape""]}",shutter,category_organization
ROW29881,3815,survey-multi-select,36,297993,0,P0491,STUDY0007,SESS1147,0,"{""Q0"":[""shape""]}",bell,category_organization
ROW29882,1543,html-button-response,37,299537,0,P0491,STUDY0007,SESS1147,0,0,,
ROW29883,7919,instructions,38,307457,0,P0491,STUDY0007,SESS1147,0,,,
ROW29884,10291,instructions,0,10302,0,P1727,STUDY0007,SESS1156,0,,,
ROW29885,14492,html-button-response,4,63133,0,P1727,STUDY0007,SESS1156,0,0,,
ROW29886,9908,html-button-response,3,48641,0,P1727,STUDY0007,SESS1156,0,0,,
ROW29887,9907,instructions,1,20210,0,P1727,STUDY0007,SESS1156,0,,,
ROW29888,18520,html-button-response,2,38732,0,P1727,STUDY0007,SESS1156,0,0,,
ROW29889,6084,html-button-response,5,69218,0,P1727,STUDY0007,SESS1156,0,0,,
ROW29890,13578,html-button-response,6,82797,0,P1727,STUDY0007,SESS1156,0,0,,
ROW29891,2827,html-button-response,8,102641,0,P1727,STUDY0007,SESS1156,0,0,,
ROW29892,17013,survey-multi-select,7,99813,0,P1727,STUDY0007,SESS1156,0,"{""Q0"":[""none of these""]}",happiness,practice_category
ROW29893,2950,html-button-response,10,114798,0,P1727,STUDY0007,SESS1156,0,0,,
ROW29894,9204,survey-multi-select,9,111847,0,P1727,STUDY0007,SESS1156,0,"{""Q0"":[""material""]}",pottery,practice_category
ROW29895,9812,survey-multi-select,11,124612,0,P1727,STUDY0007,SESS1156,0,"{""Q0"":[""color""]}",red,practice_category
ROW29896,1672,html-button-response,12,126285,0,P1727,STUDY0007,SESS1156,0,0,,
ROW29897,7470,survey-multi-select,13,133757,0,P1727,STUDY0007,SESS1156,0,"{""Q0"":[""shape""]}",square,practice_category
ROW29898,1672,html-button-response,14,135430,0,P1727,STUDY0007,SESS1156,0,0,,
ROW29899,6255,survey-multi-select,16,147688,0,P1727,STUDY0007,SESS1156,0,"{""Q0"":[""none of these""]}",alligator,category_organization
ROW29900,6001,html-button-response,15,141432,0,P1727,STUDY0007,SESS1156,0,0,,
ROW29901,12296,survey-multi-select,18,164994,0,P1727,STUDY0007,SESS1156,0,"{""Q0"":[""none of these""]}",crayon,category_organization
ROW29902,5007,survey-multi-select,17,152697,0,P1727,STUDY0007,SESS1156,0,"{""Q0"":[""none of these""]}",dinosaur,category_organization
ROW29903,4003,survey-multi-select,19,168999,0,P1727,STUDY0007,SESS1156,0,"{""Q0"":[""material""]}",sweater,category_organization
ROW29904,13269,survey-multi-select,20,182269,0,P1727,STUDY0007,SESS1156,0,"{""Q0"":[""none of these""]}",light (object),category_organization
ROW29905,4489,survey-multi-select,21,186761,0,P1727,STUDY0007,SESS1156,0,"{""Q0"":[""material""]}",window,category_organization
ROW29906,4277,survey-multi-select,22,191039,0,P1727,STUDY0007,SESS1156,0,"{""Q0"":[""material""]}",blanket,category_organization
ROW29907,5645,survey-multi-select,23,196686,0,P1727,STUDY0007,SESS1156,0,"{""Q0"":[""none of these""]}",tricycle,category_organization
ROW29908,6659,survey-multi-select,24,203346,0,P1727,STUDY0007,SESS1156,0,"{""Q0"":[""none of these""]}",hedgehog,category_organization
ROW29909,7734,survey-multi-select,25,211082,0,P1727,STUDY0007,SESS1156,0,"{""Q0"":[""none of these""]}",hair dryer,category_organization
ROW29910,5959,survey-multi-select,27,222284,0,P1727,STUDY0007,SESS1156,0,"{""Q0"":[""none of these""]}",drawer,category_organization
ROW29911,5239,survey-multi-select,26,216323,0,P1727,STUDY0007,SESS1156,0,"{""Q0"":[""material""]}",vinegar,category_organization
ROW29912,4043,survey-multi-select,28,226328,0,P1727,STUDY0007,SESS1156,0,"{""Q0"":[""none of these""]}",locomotive,category_organization
ROW29913,7987,survey-multi-select,29,234317,0,P1727,STUDY0007,SESS1156,0,"{""Q0"":[""none of these""]}",sled,category_organization
ROW29914,4013,survey-multi-select,30,238331,0,P1727,STUDY0007,SESS1156,0,"{""Q0"":[""material""]}",soap,category_organization
ROW29915,4743,survey-multi-select,31,243076,0,P1727,STUDY0007,SESS1156,0,"{""Q0"":[""none of these""]}",sailboat,category_organization
ROW29916,6375,survey-multi-select,32,249452,0,P1727,STUDY0007,SESS1156,0,"{""Q0"":[""none of these""]}",swallow (animal),category_organization
ROW29917,3699,survey-multi-select,33,253153,0,P1727,STUDY0007,SESS1156,0,"{""Q0"":[""none of these""]}",kangaroo,category_organization
ROW29918,2867,survey-multi-select,34,256022,0,P1727,STUDY0007,SESS1156,0,"{""Q0"":[""none of these""]}",lavender,category_organization
ROW29919,3729,survey-multi-select,35,259753,0,P1727,STUDY0007,SESS1156,0,"{""Q0"":[""shape""]}",tower,category_organization
ROW29920,3131,survey-multi-select,36,262885,0,P1727,STUDY0007,SESS1156,0,"{""Q0"":[""material""]}",clothes,category_organization
ROW29921,1966,html-button-response,37,264852,0,P1727,STUDY0007,SESS1156,0,0,,
ROW29922,5849,instructions,38,270701,0,P1727,STUDY0007,SESS1156,0,,,
ROW29923,59723,instructions,0,59724,0,P1884,STUDY0007,SESS1135,0,,,
ROW29924,27009,html-button-response,4,126951,0,P1884,STUDY0007,SESS1135,0,0,,
ROW29925,17411,html-button-response,3,99942,0,P1884,STUDY0007,SESS1135,0,0,,
ROW29926,16327,html-button-response,2,82530,0,P1884,STUDY0007,SESS1135,0,0,,
ROW29927,6477,instructions,1,66202,0,P1884,STUDY0007,SESS1135,0,,,
ROW29928,5771,html-button-response,5,132723,0,P1884,STUDY0007,SESS1135,0,0,,
ROW29929,14582,html-button-response,6,147306,0,P1884,STUDY0007,SESS1135,0,0,,
ROW29930,37736,survey-multi-select,7,185043,0,P1884,STUDY0007,SESS1135,0,"{""Q0"":[""none of these""]}",happiness,practice_category
ROW29931,2605,html-button-response,8,187650,0,P1884,STUDY0007,SESS1135,0,0,,
ROW29932,26711,survey-multi-select,9,214361,0,P1884,STUDY0007,SESS1135,0,"{""Q0"":[""none of these""]}",red,practice_category
ROW29933,10919,html-button-response,10,225281,0,P1884,STUDY0007,SESS1135,0,0,,
ROW29934,14631,survey-multi-select,11,239913,0,P1884,STUDY0007,SESS1135,0,"{""Q0"":[""shape"",""material""]}",pottery,practice_category
ROW29935,6902,html-button-response,12,246815,0,P1884,STUDY0007,SESS1135,0,0,,
ROW29936,6313,survey-multi-select,13,253129,0,P1884,STUDY0007,SESS1135,0,"{""Q0"":[""shape""]}",square,practice_category
ROW29937,1385,html-button-response,14,254515,0,P1884,STUDY0007,SESS1135,0,0,,
ROW29938,2602,html-button-response,15,257117,0,P1884,STUDY0007,SESS1135,0,0,,
ROW29939,9227,survey-multi-select,16,266345,0,P1884,STUDY0007,SESS1135,0,"{""Q0"":[""material""]}",drum (object),category_organization
ROW29940,8214,survey-multi-select,17,274561,0,P1884,STUDY0007,SESS1135,0,"{""Q0"":[""material""]}",beet,category_organization
ROW29941,8667,survey-multi-select,18,283229,0,P1884,STUDY0007,SESS1135,0,"{""Q0"":[""material""]}",birch,category_organization
ROW29942,5075,survey-multi-select,19,288305,0,P1884,STUDY0007,SESS1135,0,"{""Q0"":[""none of these""]}",suburb,category_organization
ROW29943,5593,survey-multi-select,20,293899,0,P1884,STUDY0007,SESS1135,0,"{""Q0"":[""none of these""]}",duck,category_organization
ROW29944,6539,survey-multi-select,21,300439,0,P1884,STUDY0007,SESS1135,0,"{""Q0"":[""material""]}",drawer,category_organization
ROW29945,4327,survey-multi-select,22,304767,0,P1884,STUDY0007,SESS1135,0,"{""Q0"":[""material""]}",diaper,category_organization
ROW29946,4395,survey-multi-select,23,309163,0,P1884,STUDY0007,SESS1135,0,"{""Q0"":[""material""]}",apron,category_organization
ROW29947,4013,survey-multi-select,24,313177,0,P1884,STUDY0007,SESS1135,0,"{""Q0"":[""material""]}",jeans,category_organization
ROW29948,4365,survey-multi-select,27,334261,0,P1884,STUDY0007,SESS1135,0,"{""Q0"":[""none of these""]}",worm,category_organization
ROW29949,7157,survey-multi-select,25,320335,0,P1884,STUDY0007,SESS1135,0,"{""Q0"":[""none of these""]}",coconut,category_organization
ROW29950,9559,survey-multi-select,26,329895,0,P1884,STUDY0007,SESS1135,0,"{""Q0"":[""none of these""]}",party,category_organization
ROW29951,7334,survey-multi-select,28,341597,0,P1884,STUDY0007,SESS1135,0,"{""Q0"":[""material""]}",football,category_organization
ROW29952,5503,survey-multi-select,29,347101,0,P1884,STUDY0007,SESS1135,0,"{""Q0"":[""material""]}",closet,category_organization
ROW29953,5261,survey-multi-select,30,352363,0,P1884,STUDY0007,SESS1135,0,"{""Q0"":[""none of these""]}",forehead,category_organization
ROW29954,5345,survey-multi-select,31,357708,0,P1884,STUDY0007,SESS1135,0,"{""Q0"":[""material""]}",closet,category_organization
ROW29955,3849,survey-multi-select,32,361559,0,P1884,STUDY0007,SESS1135,0,"{""Q0"":[""material""]}",raincoat,category_organization
ROW29956,13945,survey-multi-select,33,375504,0,P1884,STUDY0007,SESS1135,0,"{""Q0"":[""none of these""]}",coke,category_organization
ROW29957,3063,survey-multi-select,34,378569,0,P1884,STUDY0007,SESS1135,0,"{""Q0"":[""none of these""]}",brain,category_organization
ROW29958,3451,survey-multi-select,35,382021,0,P1884,STUDY0007,SESS1135,0,"{""Q0"":[""none of these""]}",lavender,category_organization
ROW29959,8455,survey-multi-select,36,390477,0,P1884,STUDY0007,SESS1135,0,"{""Q0"":[""color"",""material""]}",painting,category_organization
ROW29960,1271,html-button-response,37,391749,0,P1884,STUDY0007,SESS1135,0,0,,
ROW29961,3760,instructions,38,395509,0,P1884,STUDY0007,SESS1135,0,,,
ROW29962,17068,instructions,0,17070,0,P1873,STUDY0007,SESS1153,0,,,
ROW29963,19336,instructions,1,36406,0,P1873,STUDY0007,SESS1153,0,,,
ROW29964,12295,html-button-response,2,48703,0,P1873,STUDY0007,SESS1153,0,0,,
ROW29965,4775,html-button-response,3,53479,0,P1873,STUDY0007,SESS1153,0,0,,
ROW29966,9958,html-button-response,4,63438,0,P1873,STUDY0007,SESS1153,0,0,,
ROW29967,7648,html-button-response,5,71086,0,P1873,STUDY0007,SESS1153,0,0,,
ROW29968,3367,html-button-response,6,74455,0,P1873,STUDY0007,SESS1153,0,0,,
ROW29969,29792,survey-multi-select,7,104248,0,P1873,STUDY0007,SESS1153,0,"{""Q0"":[""none of these""]}",happiness,practice_category
ROW29971,15951,survey-multi-select,9,122496,0,P1873,STUDY0007,SESS1153,0,"{""Q0"":[""color""]}",red,practice_category
ROW29970,2293,html-button-response,8,106543,0,P1873,STUDY0007,SESS1153,0,0,,
ROW29972,2671,html-button-response,10,125168,0,P1873,STUDY0007,SESS1153,0,0,,
ROW29973,8367,survey-multi-select,11,133536,0,P1873,STUDY0007,SESS1153,0,"{""Q0"":[""shape""]}",square,practice_category
ROW29974,822,html-button-response,12,134360,0,P1873,STUDY0007,SESS1153,0,0,,
ROW29975,7023,survey-multi-select,13,141384,0,P1873,STUDY0007,SESS1153,0,"{""Q0"":[""material""]}",pottery,practice_category
ROW29976,1136,html-button-response,14,142520,0,P1873,STUDY0007,SESS1153,0,0,,
ROW29977,2791,html-button-response,15,145312,0,P1873,STUDY0007,SESS1153,0,0,,
ROW29978,6246,survey-multi-select,16,151561,0,P1873,STUDY0007,SESS1153,0,"{""Q0"":[""none of these""]}",bunny,category_organization
ROW29979,6709,survey-multi-select,17,158273,0,P1873,STUDY0007,SESS1153,0,"{""Q0"":[""none of these""]}",vanilla,category_organization
ROW29980,12326,survey-multi-select,18,170601,0,P1873,STUDY0007,SESS1153,0,"{""Q0"":[""none of these""]}",muffin,category_organization
ROW29981,30359,survey-multi-select,19,200961,0,P1873,STUDY0007,SESS1153,0,"{""Q0"":[""shape"",""material""]}",candle,category_organization
ROW29982,2182,instructions,0,2184,0,P0092,STUDY0007,SESS1159,0,,,
ROW29983,5791,instructions,1,7975,0,P0092,STUDY0007,SESS1159,0,,,
ROW29984,8350,html-button-response,2,16328,0,P0092,STUDY0007,SESS1159,0,0,,
ROW29985,3745,html-button-response,3,20112,0,P0092,STUDY0007,SESS1159,0,0,,
ROW29986,2975,html-button-response,6,35103,0,P0092,STUDY0007,SESS1159,0,0,,
ROW29987,8910,html-button-response,4,29023,0,P0092,STUDY0007,SESS1159,0,0,,
ROW29988,3104,html-button-response,5,32127,0,P0092,STUDY0007,SESS1159,0,0,,
ROW29989,12349,survey-multi-select,7,47455,0,P0092,STUDY0007,SESS1159,0,"{""Q0"":[""shape""]}",pottery,practice_category
ROW29990,18590,html-button-response,8,66047,0,P0092,STUDY0007,SESS1159,0,0,,
ROW29991,5694,survey-multi-select,9,71743,0,P0092,STUDY0007,SESS1159,0,"{""Q0"":[""color""]}",red,practice_category
ROW29992,5313,html-button-response,10,77095,0,P0092,STUDY0007,SESS1159,0,0,,
ROW29993,7845,survey-multi-select,11,84942,0,P0092,STUDY0007,SESS1159,0,"{""Q0"":[""shape""]}",square,practice_category
ROW29994,2040,html-button-response,12,86983,0,P0092,STUDY0007,SESS1159,0,0,,
ROW29995,3302,survey-multi-select,13,90286,0,P0092,STUDY0007,SESS1159,0,"{""Q0"":[""none of these""]}",happiness,practice_category
ROW29996,711,html-button-response,14,90998,0,P0092,STUDY0007,SESS1159,0,0,,
ROW29997,2592,html-button-response,15,93591,0,P0092,STUDY0007,SESS1159,0,0,,
ROW29998,3870,survey-multi-select,16,97463,0,P0092,STUDY0007,SESS1159,0,"{""Q0"":[""material""]}",straw,category_organization
ROW29999,5326,survey-multi-select,17,102790,0,P0092,STUDY0007,SESS1159,0,"{""Q0"":[""shape""]}",cup,category_organization
ROW30000,14398,survey-multi-select,18,117190,0,P0092,STUDY0007,SESS1159,0,"{""Q0"":[""shape""]}",kayak,category_organization
ROW30001,5535,survey-multi-select,19,122726,0,P0092,STUDY0007,SESS1159,0,"{""Q0"":[""none of these""]}",ambulance,category_organization
ROW30002,6519,survey-multi-select,20,129246,0,P0092,STUDY0007,SESS1159,0,"{""Q0"":[""none of these""]}",beach,category_organization
ROW30003,6077,survey-multi-select,21,135325,0,P0092,STUDY0007,SESS1159,0,"{""Q0"":[""material""]}",french fries,category_organization
ROW30004,3647,survey-multi-select,22,138974,0,P0092,STUDY0007,SESS1159,0,"{""Q0"":[""material""]}",ham,category_organization
ROW30005,6334,survey-multi-select,23,145310,0,P0092,STUDY0007,SESS1159,0,"{""Q0"":[""shape""]}",balcony,category_organization
ROW30006,1958,survey-multi-select,24,147270,0,P0092,STUDY0007,SESS1159,0,"{""Q0"":[""none of these""]}",store,category_organization
ROW30007,5959,survey-multi-select,25,153230,0,P0092,STUDY0007,SESS1159,0,"{""Q0"":[""shape""]}",plate,category_organization
ROW30008,2894,survey-multi-select,26,156126,0,P0092,STUDY0007,SESS1159,0,"{""Q0"":[""none of these""]}",lavender,category_organization
ROW30009,16790,survey-multi-select,27,172917,0,P0092,STUDY0007,SESS1159,0,"{""Q0"":[""material""]}",vacuum,category_organization
ROW30010,8719,survey-multi-select,28,181637,0,P0092,STUDY0007,SESS1159,0,"{""Q0"":[""shape"",""material""]}",arm,category_organization
ROW30011,6088,survey-multi-select,30,197309,0,P0092,STUDY0007,SESS1159,0,"{""Q0"":[""shape""]}",stroller,category_organization
ROW30012,9582,survey-multi-select,29,191220,0,P0092,STUDY0007,SESS1159,0,"{""Q0"":[""none of these""]}",green beans,category_organization
ROW30013,8573,survey-multi-select,31,205884,0,P0092,STUDY0007,SESS1159,0,"{""Q0"":[""material""]}",bubbles,category_organization
ROW30014,5040,survey-multi-select,32,210925,0,P0092,STUDY0007,SESS1159,0,"{""Q0"":[""material""]}",cracker,category_organization
ROW30015,4606,survey-multi-select,33,215533,0,P0092,STUDY0007,SESS1159,0,"{""Q0"":[""none of these""]}",furniture,category_organization
ROW30016,7720,survey-multi-select,34,223253,0,P0092,STUDY0007,SESS1159,0,"{""Q0"":[""material""]}",cucumber,category_organization
ROW30017,9014,survey-multi-select,36,240109,0,P0092,STUDY0007,SESS1159,0,"{""Q0"":[""material""]}",sea,category_organization
ROW30018,7838,survey-multi-select,35,231093,0,P0092,STUDY0007,SESS1159,0,"{""Q0"":[""shape"",""material""]}",newspaper,category_organization
ROW30019,815,html-button-response,37,240925,0,P0092,STUDY0007,SESS1159,0,0,,
ROW30020,3455,instructions,38,244381,0,P0092,STUDY0007,SESS1159,0,,,
ROW30021,6198,instructions,1,9906,0,P1197,STUDY0007,SESS1124,0,,,
ROW30022,3705,instructions,0,3707,0,P1197,STUDY0007,SESS1124,0,,,
ROW30023,11815,html-button-response,2,21723,0,P1197,STUDY0007,SESS1124,0,0,,
ROW30024,8030,html-button-response,4,37139,0,P1197,STUDY0007,SESS1124,0,0,,
ROW30025,7384,html-button-response,3,29108,0,P1197,STUDY0007,SESS1124,0,0,,
ROW30026,4534,html-button-response,5,41674,0,P1197,STUDY0007,SESS1124,0,0,,
ROW30027,8597,html-button-response,6,50272,0,P1197,STUDY0007,SESS1124,0,0,,
ROW30028,7714,survey-multi-select,7,57989,0,P1197,STUDY0007,SESS1124,0,"{""Q0"":[""shape""]}",square,practice_category
ROW30029,1666,html-button-response,8,59656,0,P1197,STUDY0007,SESS1124,0,0,,
ROW30030,120163,survey-multi-select,9,179822,0,P1197,STUDY0007,SESS1124,0,"{""Q0"":[""none of these""]}",happiness,practice_category
ROW30031,1232,html-button-response,10,181055,0,P1197,STUDY0007,SESS1124,0,0,,
ROW30032,5767,survey-multi-select,11,186824,0,P1197,STUDY0007,SESS1124,0,"{""Q0"":[""material""]}",pottery,practice_category
ROW30033,7480,html-button-response,12,194305,0,P1197,STUDY0007,SESS1124,0,0,,
ROW30034,15282,survey-multi-select,13,209589,0,P1197,STUDY0007,SESS1124,0,"{""Q0"":[""color""]}",red,practice_category
ROW30035,1115,html-button-response,14,210705,0,P1197,STUDY0007,SESS1124,0,0,,
ROW30036,6828,survey-multi-select,17,225589,0,P1197,STUDY0007,SESS1124,0,"{""Q0"":[""none of these""]}",broom,category_organization
ROW30037,6101,survey-multi-select,16,218759,0,P1197,STUDY0007,SESS1124,0,"{""Q0"":[""none of these""]}",stove,category_organization
ROW30038,1949,html-button-response,15,212656,0,P1197,STUDY0007,SESS1124,0,0,,
ROW30039,21765,survey-multi-select,18,247355,0,P1197,STUDY0007,SESS1124,0,"{""Q0"":[""material""]}",eggplant,category_organization
ROW30040,16698,survey-multi-select,19,264055,0,P1197,STUDY0007,SESS1124,0,"{""Q0"":[""none of these""]}",floor,category_organization
ROW30041,7182,survey-multi-select,20,271239,0,P1197,STUDY0007,SESS1124,0,"{""Q0"":[""none of these""]}",wolf,category_organization
ROW30042,5600,survey-multi-select,21,276841,0,P1197,STUDY0007,SESS1124,0,"{""Q0"":[""shape""]}",drum (object),category_organization
ROW30043,8183,survey-multi-select,22,285022,0,P1197,STUDY0007,SESS1124,0,"{""Q0"":[""none of these""]}",broom,category_organization
ROW30044,21847,survey-multi-select,23,306856,0,P1197,STUDY0007,SESS1124,0,"{""Q0"":[""none of these""]}",lamp,category_organization
ROW30045,9234,survey-multi-select,25,320169,0,P1197,STUDY0007,SESS1124,0,"{""Q0"":[""shape""]}",palm,category_organization
ROW30046,3980,survey-multi-select,26,324151,0,P1197,STUDY0007,SESS1124,0,"{""Q0"":[""shape""]}",glove,category_organization
ROW30047,21433,survey-multi-select,27,345585,0,P1197,STUDY0007,SESS1124,0,"{""Q0"":[""none of these""]}",vagina,category_organization
ROW30048,2595,survey-multi-select,28,348181,0,P1197,STUDY0007,SESS1124,0,"{""Q0"":[""none of these""]}",lavender,category_organization
ROW30049,24298,survey-multi-select,29,372481,0,P1197,STUDY0007,SESS1124,0,"{""Q0"":[""none of these""]}",camera,category_organization
ROW30050,7550,survey-multi-select,33,416284,0,P1197,STUDY0007,SESS1124,0,"{""Q0"":[""material""]}",applesauce,category_organization
ROW30051,4291,instructions,0,4299,0,P0175,STUDY0007,SESS1155,0,,,
ROW30052,19547,instructions,1,23849,0,P0175,STUDY0007,SESS1155,0,,,
ROW30053,15718,html-button-response,2,39573,0,P0175,STUDY0007,SESS1155,0,0,,
ROW30054,8278,html-button-response,5,73401,0,P0175,STUDY0007,SESS1155,0,0,,
ROW30056,14390,html-button-response,4,65120,0,P0175,STUDY0007,SESS1155,0,0,,
ROW30055,11149,html-button-response,3,50726,0,P0175,STUDY0007,SESS1155,0,0,,
ROW30057,16867,survey-multi-select,7,96937,0,P0175,STUDY0007,SESS1155,0,"{""Q0"":[""material""]}",pottery,practice_category
ROW30058,6654,html-button-response,6,80058,0,P0175,STUDY0007,SESS1155,0,0,,
ROW30059,3015,html-button-response,8,99957,0,P0175,STUDY0007,SESS1155,0,0,,
ROW30060,7042,survey-multi-select,9,107006,0,P0175,STUDY0007,SESS1155,0,"{""Q0"":[""color""]}",red,practice_category
ROW30061,5361,html-button-response,10,112371,0,P0175,STUDY0007,SESS1155,0,0,,
ROW30062,7361,survey-multi-select,11,119738,0,P0175,STUDY0007,SESS1155,0,"{""Q0"":[""none of these""]}",happiness,practice_category
ROW30063,5835,survey-multi-select,13,131860,0,P0175,STUDY0007,SESS1155,0,"{""Q0"":[""shape""]}",square,practice_category
ROW30064,6276,html-button-response,12,126017,0,P0175,STUDY0007,SESS1155,0,0,,
ROW30065,1365,html-button-response,14,133228,0,P0175,STUDY0007,SESS1155,0,0,,
ROW30066,6508,html-button-response,15,139740,0,P0175,STUDY0007,SESS1155,0,0,,
ROW30067,6443,survey-multi-select,16,146189,0,P0175,STUDY0007,SESS1155,0,"{""Q0"":[""none of these""]}",voice recorder,category_organization
ROW30068,5145,survey-multi-select,17,151341,0,P0175,STUDY0007,SESS1155,0,"{""Q0"":[""material""]}",soap,category_organization
ROW30070,7302,survey-multi-select,19,162546,0,P0175,STUDY0007,SESS1155,0,"{""Q0"":[""none of these""]}",train,category_organization
ROW30069,3891,survey-multi-select,18,155238,0,P0175,STUDY0007,SESS1155,0,"{""Q0"":[""none of these""]}",lavender,category_organization
ROW30071,6757,survey-multi-select,20,169310,0,P0175,STUDY0007,SESS1155,0,"{""Q0"":[""material""]}",juice,category_organization
ROW30072,6727,survey-multi-select,21,176042,0,P0175,STUDY0007,SESS1155,0,"{""Q0"":[""shape""]}",tunnel,category_organization
ROW30073,5157,survey-multi-select,22,181205,0,P0175,STUDY0007,SESS1155,0,"{""Q0"":[""material""]}",sticker,category_organization
ROW30074,10533,survey-multi-select,23,191744,0,P0175,STUDY0007,SESS1155,0,"{""Q0"":[""material""]}",avocado,category_organization
ROW30075,12823,survey-multi-select,24,204574,0,P0175,STUDY0007,SESS1155,0,"{""Q0"":[""none of these""]}",beads,category_organization
ROW30076,10048,survey-multi-select,25,214628,0,P0175,STUDY0007,SESS1155,0,"{""Q0"":[""none of these""]}",oven,category_organization
ROW30077,8285,survey-multi-select,27,231664,0,P0175,STUDY0007,SESS1155,0,"{""Q0"":[""none of these""]}",trolley,category_organization
ROW30079,6635,survey-multi-select,28,238305,0,P0175,STUDY0007,SESS1155,0,"{""Q0"":[""none of these""]}",locomotive,category_organization
ROW30078,8738,survey-multi-select,26,223372,0,P0175,STUDY0007,SESS1155,0,"{""Q0"":[""material""]}",tomato,category_organization
ROW30080,12487,survey-multi-select,29,250798,0,P0175,STUDY0007,SESS1155,0,"{""Q0"":[""material""]}",applesauce,category_organization
ROW30081,5282,survey-multi-select,30,256086,0,P0175,STUDY0007,SESS1155,0,"{""Q0"":[""none of these""]}",tarhana,category_organization
ROW30082,4064,survey-multi-select,31,260157,0,P0175,STUDY0007,SESS1155,0,"{""Q0"":[""none of these""]}",robot,category_organization
ROW30083,9607,survey-multi-select,32,269771,0,P0175,STUDY0007,SESS1155,0,"{""Q0"":[""material""]}",hot dog,category_organization
ROW30084,5114,survey-multi-select,33,274891,0,P0175,STUDY0007,SESS1155,0,"{""Q0"":[""material""]}",meat,category_organization
ROW30085,6086,survey-multi-select,34,280982,0,P0175,STUDY0007,SESS1155,0,"{""Q0"":[""none of these""]}",puddle,category_organization
ROW30086,19801,survey-multi-select,35,300790,0,P0175,STUDY0007,SESS1155,0,"{""Q0"":[""none of these""]}",taco,category_organization
ROW30087,1860,html-button-response,37,313872,0,P0175,STUDY0007,SESS1155,0,0,,
ROW30088,11213,survey-multi-select,36,312009,0,P0175,STUDY0007,SESS1155,0,"{""Q0"":[""none of these""]}",light (object),category_organization
ROW30089,2380,instructions,38,316253,0,P0175,STUDY0007,SESS1155,0,,,
ROW30090,3348,instructions,1,7234,0,P0981,STUDY0007,SESS1162,0,,,
ROW30091,3881,instructions,0,3885,0,P0981,STUDY0007,SESS1162,0,,,
ROW30092,11830,html-button-response,2,19068,0,P0981,STUDY0007,SESS1162,0,0,,
ROW30093,5505,html-button-response,3,24579,0,P0981,STUDY0007,SESS1162,0,0,,
ROW30094,10418,html-button-response,4,35003,0,P0981,STUDY0007,SESS1162,0,0,,
ROW30095,2813,html-button-response,5,37819,0,P0981,STUDY0007,SESS1162,0,0,,
ROW30096,14772,instructions,0,14774,0,P1724,STUDY0007,SESS1161,0,,,
ROW30097,4086,html-button-response,6,41907,0,P0981,STUDY0007,SESS1162,0,0,,
ROW30098,10198,survey-multi-select,7,52108,0,P0981,STUDY0007,SESS1162,0,"{""Q0"":[""color""]}",red,practice_category
ROW30099,5640,instructions,1,20415,0,P1724,STUDY0007,SESS1161,0,,,
ROW30100,16815,html-button-response,2,37232,0,P1724,STUDY0007,SESS1161,0,0,,
ROW30101,7486,html-button-response,3,44719,0,P1724,STUDY0007,SESS1161,0,0,,
ROW30102,15851,html-button-response,4,60571,0,P1724,STUDY0007,SESS1161,0,0,,
ROW30103,3726,html-button-response,5,64298,0,P1724,STUDY0007,SESS1161,0,0,,
ROW30104,6330,html-button-response,6,70629,0,P1724,STUDY0007,SESS1161,0,0,,
ROW30105,7756,survey-multi-select,7,78389,0,P1724,STUDY0007,SESS1161,0,"{""Q0"":[""shape""]}",square,practice_category
ROW30106,1588,html-button-response,8,79979,0,P1724,STUDY0007,SESS1161,0,0,,
ROW30107,7454,survey-multi-select,9,87435,0,P1724,STUDY0007,SESS1161,0,"{""Q0"":[""color""]}",red,practice_category
ROW30108,1079,html-button-response,10,88515,0,P1724,STUDY0007,SESS1161,0,0,,
ROW30109,5849,survey-multi-select,11,94365,0,P1724,STUDY0007,SESS1161,0,"{""Q0"":[""none of these""]}",happiness,practice_category
ROW30110,837,html-button-response,12,95202,0,P1724,STUDY0007,SESS1161,0,0,,
ROW30111,8193,survey-multi-select,13,103397,0,P1724,STUDY0007,SESS1161,0,"{""Q0"":[""material""]}",pottery,practice_category
ROW30112,900,html-button-response,14,104297,0,P1724,STUDY0007,SESS1161,0,0,,
ROW30113,3218,html-button-response,15,107516,0,P1724,STUDY0007,SESS1161,0,0,,
ROW30114,7480,survey-multi-select,16,114998,0,P1724,STUDY0007,SESS1161,0,"{""Q0"":[""none of these""]}",puppet,category_organization
ROW30115,2237,survey-multi-select,18,122015,0,P1724,STUDY0007,SESS1161,0,"{""Q0"":[""none of these""]}",lavender,category_organization
ROW30116,4777,survey-multi-select,17,119777,0,P1724,STUDY0007,SESS1161,0,"{""Q0"":[""shape""]}",beads,category_organization
ROW30117,3835,survey-multi-select,19,125852,0,P1724,STUDY0007,SESS1161,0,"{""Q0"":[""shape""]}",faucet,category_organization
ROW30118,8332,survey-multi-select,20,134186,0,P1724,STUDY0007,SESS1161,0,"{""Q0"":[""none of these""]}",hair dryer,category_organization
ROW30119,6004,survey-multi-select,21,140192,0,P1724,STUDY0007,SESS1161,0,"{""Q0"":[""material""]}",coffee,category_organization
ROW30120,3001,survey-multi-select,22,143194,0,P1724,STUDY0007,SESS1161,0,"{""Q0"":[""shape""]}",slipper,category_organization
ROW30121,6370,survey-multi-select,23,149566,0,P1724,STUDY0007,SESS1161,0,"{""Q0"":[""none of these""]}",sidewalk,category_organization
ROW30122,6707,survey-multi-select,24,156274,0,P1724,STUDY0007,SESS1161,0,"{""Q0"":[""none of these""]}",wardrobe,category_organization
ROW30123,3392,survey-multi-select,25,159668,0,P1724,STUDY0007,SESS1161,0,"{""Q0"":[""shape""]}",hair clip,category_organization
ROW30124,4468,survey-multi-select,26,164138,0,P1724,STUDY0007,SESS1161,0,"{""Q0"":[""shape"",""material""]}",gum,category_organization
ROW30125,3459,survey-multi-select,27,167598,0,P1724,STUDY0007,SESS1161,0,"{""Q0"":[""shape""]}",cushion,category_organization
ROW30126,6477,survey-multi-select,28,174078,0,P1724,STUDY0007,SESS1161,0,"{""Q0"":[""shape""]}",swallow (animal),category_organization
ROW30127,8346,survey-multi-select,29,182425,0,P1724,STUDY0007,SESS1161,0,"{""Q0"":[""none of these""]}",dish,category_organization
ROW30128,3305,survey-multi-select,30,185731,0,P1724,STUDY0007,SESS1161,0,"{""Q0"":[""none of these""]}",goal,category_organization
ROW30129,3070,survey-multi-select,31,188803,0,P1724,STUDY0007,SESS1161,0,"{""Q0"":[""shape""]}",sausage,category_organization
ROW30130,4795,survey-multi-select,32,193600,0,P1724,STUDY0007,SESS1161,0,"{""Q0"":[""shape""]}",fireplace,category_organization
ROW30132,4116,survey-multi-select,34,204251,0,P1724,STUDY0007,SESS1161,0,"{""Q0"":[""shape""]}",microwave,category_organization
ROW30131,6532,survey-multi-select,33,200133,0,P1724,STUDY0007,SESS1161,0,"{""Q0"":[""none of these""]}",rug,category_organization
ROW30133,4686,survey-multi-select,35,208939,0,P1724,STUDY0007,SESS1161,0,"{""Q0"":[""shape""]}",potty,category_organization
ROW30134,9371,survey-multi-select,36,218311,0,P1724,STUDY0007,SESS1161,0,"{""Q0"":[""shape""]}",sponge,category_organization
ROW30135,1643,html-button-response,37,219955,0,P1724,STUDY0007,SESS1161,0,0,,
ROW30136,2910,instructions,38,222865,0,P1724,STUDY0007,SESS1161,0,,,
ROW30137,2150,html-button-response,8,54259,0,P0981,STUDY0007,SESS1162,0,0,,
ROW30138,8589,survey-multi-select,9,62851,0,P0981,STUDY0007,SESS1162,0,"{""Q0"":[""none of these""]}",happiness,practice_category
ROW30139,1166,html-button-response,10,64018,0,P0981,STUDY0007,SESS1162,0,0,,
ROW30140,7407,survey-multi-select,11,71428,0,P0981,STUDY0007,SESS1162,0,"{""Q0"":[""material""]}",pottery,practice_category
ROW30141,1158,html-button-response,12,72587,0,P0981,STUDY0007,SESS1162,0,0,,
ROW30142,3399,survey-multi-select,13,75987,0,P0981,STUDY0007,SESS1162,0,"{""Q0"":[""shape""]}",square,practice_category
ROW30143,910,html-button-response,14,76899,0,P0981,STUDY0007,SESS1162,0,0,,
ROW30144,3695,html-button-response,15,80595,0,P0981,STUDY0007,SESS1162,0,0,,
ROW30145,10366,survey-multi-select,16,90963,0,P0981,STUDY0007,SESS1162,0,"{""Q0"":[""shape""]}",teapot,category_organization
ROW30146,5972,survey-multi-select,17,96938,0,P0981,STUDY0007,SESS1162,0,"{""Q0"":[""shape""]}",hair clip,category_organization
ROW30147,7919,survey-multi-select,18,104858,0,P0981,STUDY0007,SESS1162,0,"{""Q0"":[""shape""]}",napkin,category_organization
ROW30148,4087,survey-multi-select,19,108947,0,P0981,STUDY0007,SESS1162,0,"{""Q0"":[""shape""]}",dress shoe,category_organization
ROW30149,4117,survey-multi-select,20,113067,0,P0981,STUDY0007,SESS1162,0,"{""Q0"":[""shape""]}",cheerios,category_organization
ROW30150,6118,survey-multi-select,21,119187,0,P0981,STUDY0007,SESS1162,0,"{""Q0"":[""shape""]}",fly (animal),category_organization
ROW30151,5854,survey-multi-select,22,125043,0,P0981,STUDY0007,SESS1162,0,"{""Q0"":[""shape""]}",faucet,category_organization
ROW30152,4302,survey-multi-select,23,129347,0,P0981,STUDY0007,SESS1162,0,"{""Q0"":[""shape""]}",swing (object),category_organization
ROW30153,3646,survey-multi-select,25,140683,0,P0981,STUDY0007,SESS1162,0,"{""Q0"":[""none of these""]}",tummy,category_organization
ROW30154,7685,survey-multi-select,24,137035,0,P0981,STUDY0007,SESS1162,0,"{""Q0"":[""none of these""]}",rooster,category_organization
ROW30155,4321,instructions,0,4326,0,P1749,STUDY0007,SESS1119,0,,,
ROW30156,6119,instructions,1,10446,0,P1749,STUDY0007,SESS1119,0,,,
ROW30157,25932,html-button-response,2,36381,0,P1749,STUDY0007,SESS1119,0,0,,
ROW30158,25464,html-button-response,3,61846,0,P1749,STUDY0007,SESS1119,0,0,,
ROW30159,7909,html-button-response,5,91405,0,P1749,STUDY0007,SESS1119,0,0,,
ROW30160,21648,html-button-response,4,83495,0,P1749,STUDY0007,SESS1119,0,0,,
ROW30161,9813,html-button-response,6,101220,0,P1749,STUDY0007,SESS1119,0,0,,
ROW30162,8506,survey-multi-select,7,109734,0,P1749,STUDY0007,SESS1119,0,"{""Q0"":[""none of these""]}",happiness,practice_category
ROW30163,2700,html-button-response,8,112437,0,P1749,STUDY0007,SESS1119,0,0,,
ROW30164,5738,survey-multi-select,9,118177,0,P1749,STUDY0007,SESS1119,0,"{""Q0"":[""shape""]}",square,practice_category
ROW30165,3057,html-button-response,10,121236,0,P1749,STUDY0007,SESS1119,0,0,,
ROW30166,30210,survey-multi-select,11,151449,0,P1749,STUDY0007,SESS1119,0,"{""Q0"":[""material""]}",pottery,practice_category
ROW30167,2658,html-button-response,12,154111,0,P1749,STUDY0007,SESS1119,0,0,,
ROW30168,5605,survey-multi-select,13,159718,0,P1749,STUDY0007,SESS1119,0,"{""Q0"":[""color""]}",red,practice_category
ROW30169,2632,html-button-response,14,162351,0,P1749,STUDY0007,SESS1119,0,0,,
ROW30170,29024,survey-multi-select,16,196348,0,P1749,STUDY0007,SESS1119,0,"{""Q0"":[""shape""]}",dress shoe,category_organization
ROW30171,4968,html-button-response,15,167321,0,P1749,STUDY0007,SESS1119,0,0,,
ROW30172,45824,survey-multi-select,17,242174,0,P1749,STUDY0007,SESS1119,0,"{""Q0"":[""shape""]}",bib,category_organization
ROW30173,20868,survey-multi-select,18,263045,0,P1749,STUDY0007,SESS1119,0,"{""Q0"":[""none of these""]}",lawn mower,category_organization
ROW30174,23895,survey-multi-select,19,286943,0,P1749,STUDY0007,SESS1119,0,"{""Q0"":[""shape""]}",pretzel,category_organization
ROW30175,18718,survey-multi-select,20,305663,0,P1749,STUDY0007,SESS1119,0,"{""Q0"":[""shape""]}",cheerios,category_organization
ROW30176,4072,survey-multi-select,21,309736,0,P1749,STUDY0007,SESS1119,0,"{""Q0"":[""shape""]}",football,category_organization
ROW30177,15187,survey-multi-select,22,324925,0,P1749,STUDY0007,SESS1119,0,"{""Q0"":[""none of these""]}",mouse,category_organization
ROW30179,8408,survey-multi-select,25,368394,0,P1749,STUDY0007,SESS1119,0,"{""Q0"":[""none of these""]}",tree,category_organization
ROW30178,22339,survey-multi-select,23,347266,0,P1749,STUDY0007,SESS1119,0,"{""Q0"":[""material""]}",sugar,category_organization
ROW30180,12714,survey-multi-select,24,359982,0,P1749,STUDY0007,SESS1119,0,"{""Q0"":[""material""]}",soap,category_organization
ROW30181,11767,survey-multi-select,26,380163,0,P1749,STUDY0007,SESS1119,0,"{""Q0"":[""none of these""]}",lake,category_organization
ROW30182,7275,survey-multi-select,27,387440,0,P1749,STUDY0007,SESS1119,0,"{""Q0"":[""none of these""]}",duck,category_organization
ROW30183,8189,survey-multi-select,28,395632,0,P1749,STUDY0007,SESS1119,0,"{""Q0"":[""shape""]}",cigarette,category_organization
ROW30184,11538,survey-multi-select,29,407173,0,P1749,STUDY0007,SESS1119,0,"{""Q0"":[""none of these""]}",fruit,category_organization
ROW30185,9288,survey-multi-select,30,416464,0,P1749,STUDY0007,SESS1119,0,"{""Q0"":[""none of these""]}",lavender,category_organization
ROW30186,8899,survey-multi-select,31,425364,0,P1749,STUDY0007,SESS1119,0,"{""Q0"":[""shape""]}",tights,category_organization
ROW30187,15617,survey-multi-select,32,440984,0,P1749,STUDY0007,SESS1119,0,"{""Q0"":[""shape""]}",belly button,category_organization
ROW30188,7109,survey-multi-select,33,448095,0,P1749,STUDY0007,SESS1119,0,"{""Q0"":[""none of these""]}",bush,category_organization
ROW30189,7678,survey-multi-select,34,455777,0,P1749,STUDY0007,SESS1119,0,"{""Q0"":[""shape""]}",notebook,category_organization
ROW30190,8821,survey-multi-select,35,464600,0,P1749,STUDY0007,SESS1119,0,"{""Q0"":[""material""]}",candy,category_organization
ROW30191,2181,survey-multi-select,36,466784,0,P1749,STUDY0007,SESS1119,0,"{""Q0"":[""shape""]}",racket,category_organization
ROW30192,1277,html-button-response,37,468063,0,P1749,STUDY0007,SESS1119,0,0,,
ROW30193,4833,instructions,38,472896,0,P1749,STUDY0007,SESS1119,0,,,
ROW30194,9720,instructions,1,17568,0,P0945,STUDY0007,SESS1145,0,,,
ROW30195,96058,html-button-response,5,159367,0,P0945,STUDY0007,SESS1145,0,0,,
ROW30196,16758,html-button-response,2,34328,0,P0945,STUDY0007,SESS1145,0,0,,
ROW30197,7488,html-button-response,3,41818,0,P0945,STUDY0007,SESS1145,0,0,,
ROW30198,7842,instructions,0,7846,0,P0945,STUDY0007,SESS1145,0,,,
ROW30199,21488,html-button-response,4,63308,0,P0945,STUDY0007,SESS1145,0,0,,
ROW30201,9443,survey-multi-select,7,175714,0,P0945,STUDY0007,SESS1145,0,"{""Q0"":[""color""]}",red,practice_category
ROW30200,6898,html-button-response,6,166267,0,P0945,STUDY0007,SESS1145,0,0,,
ROW30202,7201,html-button-response,8,182917,0,P0945,STUDY0007,SESS1145,0,0,,
ROW30203,6488,survey-multi-select,9,189407,0,P0945,STUDY0007,SESS1145,0,"{""Q0"":[""shape""]}",square,practice_category
ROW30205,7507,survey-multi-select,11,199189,0,P0945,STUDY0007,SESS1145,0,"{""Q0"":[""material""]}",pottery,practice_category
ROW30204,2270,html-button-response,10,191679,0,P0945,STUDY0007,SESS1145,0,0,,
ROW30206,2828,html-button-response,12,202018,0,P0945,STUDY0007,SESS1145,0,0,,
ROW30207,2601,html-button-response,14,215643,0,P0945,STUDY0007,SESS1145,0,0,,
ROW30208,6929,html-button-response,15,222574,0,P0945,STUDY0007,SESS1145,0,0,,
ROW30209,11021,survey-multi-select,13,213041,0,P0945,STUDY0007,SESS1145,0,"{""Q0"":[""none of these""]}",happiness,practice_category
ROW30210,6753,survey-multi-select,16,229330,0,P0945,STUDY0007,SESS1145,0,"{""Q0"":[""none of these""]}",cheek,category_organization
ROW30211,8562,survey-multi-select,17,237896,0,P0945,STUDY0007,SESS1145,0,"{""Q0"":[""material""]}",bat (object),category_organization
ROW30212,3140,survey-multi-select,18,241038,0,P0945,STUDY0007,SESS1145,0,"{""Q0"":[""none of these""]}",lavender,category_organization
ROW30213,7493,survey-multi-select,19,248534,0,P0945,STUDY0007,SESS1145,0,"{""Q0"":[""shape""]}",cheerios,category_organization
ROW30214,8178,survey-multi-select,21,263920,0,P0945,STUDY0007,SESS1145,0,"{""Q0"":[""none of these""]}",garden,category_organization
ROW30215,7202,survey-multi-select,20,255740,0,P0945,STUDY0007,SESS1145,0,"{""Q0"":[""material""]}",hammer,category_organization
ROW30216,5976,survey-multi-select,22,269900,0,P0945,STUDY0007,SESS1145,0,"{""Q0"":[""shape""]}",egg,category_organization
ROW30217,4217,survey-multi-select,23,274120,0,P0945,STUDY0007,SESS1145,0,"{""Q0"":[""material""]}",drink (beverage),category_organization
ROW30218,9089,survey-multi-select,26,293788,0,P0945,STUDY0007,SESS1145,0,"{""Q0"":[""none of these""]}",hamburger,category_organization
ROW30219,3548,survey-multi-select,29,310321,0,P0945,STUDY0007,SESS1145,0,"{""Q0"":[""shape""]}",tunnel,category_organization
ROW30220,5081,survey-multi-select,25,284696,0,P0945,STUDY0007,SESS1145,0,"{""Q0"":[""material""]}",oven,category_organization
ROW30221,9223,survey-multi-select,27,303014,0,P0945,STUDY0007,SESS1145,0,"{""Q0"":[""none of these""]}",hedgehog,category_organization
ROW30222,3753,survey-multi-select,28,306770,0,P0945,STUDY0007,SESS1145,0,"{""Q0"":[""color""]}",panther,category_organization
ROW30223,5490,survey-multi-select,24,279612,0,P0945,STUDY0007,SESS1145,0,"{""Q0"":[""material""]}",mold,category_organization
ROW30224,11499,survey-multi-select,31,330656,0,P0945,STUDY0007,SESS1145,0,"{""Q0"":[""none of these""]}",party,category_organization
ROW30225,8831,survey-multi-select,30,319154,0,P0945,STUDY0007,SESS1145,0,"{""Q0"":[""none of these""]}",light (object),category_organization
ROW30226,6393,survey-multi-select,32,337052,0,P0945,STUDY0007,SESS1145,0,"{""Q0"":[""none of these""]}",swallow (animal),category_organization
ROW30227,6047,survey-multi-select,34,350457,0,P0945,STUDY0007,SESS1145,0,"{""Q0"":[""material""]}",papaya,category_organization
ROW30228,7352,survey-multi-select,33,344407,0,P0945,STUDY0007,SESS1145,0,"{""Q0"":[""shape""]}",cockroach,category_organization
ROW30229,5386,survey-multi-select,35,355845,0,P0945,STUDY0007,SESS1145,0,"{""Q0"":[""material""]}",cd,category_organization
ROW30230,7444,survey-multi-select,36,363293,0,P0945,STUDY0007,SESS1145,0,"{""Q0"":[""shape""]}",cot,category_organization
ROW30231,1625,html-button-response,37,364919,0,P0945,STUDY0007,SESS1145,0,0,,
ROW30232,23416,instructions,38,388335,0,P0945,STUDY0007,SESS1145,0,,,
ROW30233,7927,instructions,0,7934,0,P0215,STUDY0007,SESS1157,0,,,
ROW30234,7872,instructions,1,15808,0,P0215,STUDY0007,SESS1157,0,,,
ROW30235,14149,html-button-response,2,29961,0,P0215,STUDY0007,SESS1157,0,0,,
ROW30236,8464,html-button-response,3,38428,0,P0215,STUDY0007,SESS1157,0,0,,
ROW30237,16550,html-button-response,4,54980,0,P0215,STUDY0007,SESS1157,0,0,,
ROW30238,5226,html-button-response,6,66164,0,P0215,STUDY0007,SESS1157,0,0,,
ROW30239,5954,html-button-response,5,60936,0,P0215,STUDY0007,SESS1157,0,0,,
ROW30240,12385,survey-multi-select,7,78557,0,P0215,STUDY0007,SESS1157,0,"{""Q0"":[""none of these""]}",happiness,practice_category
ROW30241,3040,html-button-response,8,81600,0,P0215,STUDY0007,SESS1157,0,0,,
ROW30242,7969,survey-multi-select,9,89576,0,P0215,STUDY0007,SESS1157,0,"{""Q0"":[""shape""]}",square,practice_category
ROW30243,1842,html-button-response,10,91420,0,P0215,STUDY0007,SESS1157,0,0,,
ROW30244,7626,survey-multi-select,11,99052,0,P0215,STUDY0007,SESS1157,0,"{""Q0"":[""material""]}",pottery,practice_category
ROW30245,3622,html-button-response,12,102676,0,P0215,STUDY0007,SESS1157,0,0,,
ROW30246,9955,survey-multi-select,13,112636,0,P0215,STUDY0007,SESS1157,0,"{""Q0"":[""color""]}",red,practice_category
ROW30247,3769,html-button-response,14,116408,0,P0215,STUDY0007,SESS1157,0,0,,
ROW30248,5394,html-button-response,15,121804,0,P0215,STUDY0007,SESS1157,0,0,,
ROW30249,19323,survey-multi-select,16,141132,0,P0215,STUDY0007,SESS1157,0,"{""Q0"":[""none of these""]}",money,category_organization
ROW30250,10772,survey-multi-select,17,151909,0,P0215,STUDY0007,SESS1157,0,"{""Q0"":[""none of these""]}",seal (animal),category_organization
ROW30251,11810,survey-multi-select,18,163724,0,P0215,STUDY0007,SESS1157,0,"{""Q0"":[""color""]}",ginger,category_organization
ROW30252,7391,survey-multi-select,19,171120,0,P0215,STUDY0007,SESS1157,0,"{""Q0"":[""material""]}",chopstick,category_organization
ROW30253,11986,survey-multi-select,20,183112,0,P0215,STUDY0007,SESS1157,0,"{""Q0"":[""none of these""]}",plug,category_organization
ROW30254,7718,survey-multi-select,21,190836,0,P0215,STUDY0007,SESS1157,0,"{""Q0"":[""material""]}",card,category_organization
ROW30255,7003,survey-multi-select,22,197844,0,P0215,STUDY0007,SESS1157,0,"{""Q0"":[""material""]}",rope,category_organization
ROW30256,7951,survey-multi-select,23,205800,0,P0215,STUDY0007,SESS1157,0,"{""Q0"":[""none of these""]}",tv,category_organization
ROW30257,15040,survey-multi-select,24,220844,0,P0215,STUDY0007,SESS1157,0,"{""Q0"":[""none of these""]}",cloud,category_organization
ROW30258,6391,survey-multi-select,25,227240,0,P0215,STUDY0007,SESS1157,0,"{""Q0"":[""none of these""]}",mosquito,category_organization
ROW30260,8247,survey-multi-select,27,268672,0,P0215,STUDY0007,SESS1157,0,"{""Q0"":[""none of these""]}",corridor,category_organization
ROW30259,33176,survey-multi-select,26,260420,0,P0215,STUDY0007,SESS1157,0,"{""Q0"":[""none of these""]}",air conditioner,category_organization
ROW30261,4672,survey-multi-select,28,273348,0,P0215,STUDY0007,SESS1157,0,"{""Q0"":[""none of these""]}",lavender,category_organization
ROW30262,9803,survey-multi-select,29,283156,0,P0215,STUDY0007,SESS1157,0,"{""Q0"":[""shape""]}",tray,category_organization
ROW30263,4476,survey-multi-select,30,287636,0,P0215,STUDY0007,SESS1157,0,"{""Q0"":[""material""]}",t-shirt,category_organization
ROW30264,6629,survey-multi-select,31,294269,0,P0215,STUDY0007,SESS1157,0,"{""Q0"":[""material""]}",ribbon,category_organization
ROW30265,6035,survey-multi-select,32,300308,0,P0215,STUDY0007,SESS1157,0,"{""Q0"":[""material""]}",hair,category_organization
ROW30266,13387,survey-multi-select,33,313700,0,P0215,STUDY0007,SESS1157,0,"{""Q0"":[""shape""]}",flag,category_organization
ROW30267,5541,survey-multi-select,34,319245,0,P0215,STUDY0007,SESS1157,0,"{""Q0"":[""material""]}",taco,category_organization
ROW30268,4770,survey-multi-select,35,324020,0,P0215,STUDY0007,SESS1157,0,"{""Q0"":[""color""]}",tangerine,category_organization
ROW30269,8768,survey-multi-select,36,332792,0,P0215,STUDY0007,SESS1157,0,"{""Q0"":[""none of these""]}",peacock,category_organization
ROW30270,1842,html-button-response,37,334636,0,P0215,STUDY0007,SESS1157,0,0,,
ROW30271,5006,instructions,38,339644,0,P0215,STUDY0007,SESS1157,0,,,
ROW30272,1417,instructions,0,1418,0,P0275,STUDY0007,SESS1149,0,,,
ROW30273,1072,instructions,1,2491,0,P0275,STUDY0007,SESS1149,0,,,
ROW30274,1438,html-button-response,2,3931,0,P0275,STUDY0007,SESS1149,0,0,,
ROW30275,3560,html-button-response,3,7494,0,P0275,STUDY0007,SESS1149,0,0,,
ROW30277,2703,html-button-response,4,10198,0,P0275,STUDY0007,SESS1149,0,0,,
ROW30276,3381,html-button-response,5,13582,0,P0275,STUDY0007,SESS1149,0,0,,
ROW30278,2678,html-button-response,6,16262,0,P0275,STUDY0007,SESS1149,0,0,,
ROW30279,11561,survey-multi-select,7,27827,0,P0275,STUDY0007,SESS1149,0,"{""Q0"":[""material""]}",pottery,practice_category
ROW30280,1370,html-button-response,8,29198,0,P0275,STUDY0007,SESS1149,0,0,,
ROW30281,3515,survey-multi-select,9,32717,0,P0275,STUDY0007,SESS1149,0,"{""Q0"":[""shape""]}",square,practice_category
ROW30282,1251,html-button-response,10,33970,0,P0275,STUDY0007,SESS1149,0,0,,
ROW30283,1315,html-button-response,12,40265,0,P0275,STUDY0007,SESS1149,0,0,,
ROW30284,4976,survey-multi-select,11,38949,0,P0275,STUDY0007,SESS1149,0,"{""Q0"":[""color""]}",red,practice_category
ROW30285,5787,survey-multi-select,16,54970,0,P0275,STUDY0007,SESS1149,0,"{""Q0"":[""none of these""]}",ruler,category_organization
ROW30286,1735,html-button-response,14,46542,0,P0275,STUDY0007,SESS1149,0,0,,
ROW30287,4537,survey-multi-select,13,44805,0,P0275,STUDY0007,SESS1149,0,"{""Q0"":[""none of these""]}",happiness,practice_category
ROW30288,3351,survey-multi-select,17,58326,0,P0275,STUDY0007,SESS1149,0,"{""Q0"":[""material""]}",fir,category_organization
ROW30290,4036,survey-multi-select,18,62365,0,P0275,STUDY0007,SESS1149,0,"{""Q0"":[""none of these""]}",jacket,category_organization
ROW30289,2637,html-button-response,15,49180,0,P0275,STUDY0007,SESS1149,0,0,,
ROW30291,7834,survey-multi-select,19,70203,0,P0275,STUDY0007,SESS1149,0,"{""Q0"":[""shape""]}",armchair,category_organization
ROW30292,3211,survey-multi-select,20,73417,0,P0275,STUDY0007,SESS1149,0,"{""Q0"":[""material""]}",vinegar,category_organization
ROW30293,2957,survey-multi-select,23,82063,0,P0275,STUDY0007,SESS1149,0,"{""Q0"":[""material""]}",kiwi,category_organization
ROW30294,3107,survey-multi-select,21,76528,0,P0275,STUDY0007,SESS1149,0,"{""Q0"":[""material""]}",apple,category_organization
ROW30295,2572,survey-multi-select,22,79102,0,P0275,STUDY0007,SESS1149,0,"{""Q0"":[""none of these""]}",lavender,category_organization
ROW30296,3771,survey-multi-select,24,85837,0,P0275,STUDY0007,SESS1149,0,"{""Q0"":[""none of these""]}",computer,category_organization
ROW30297,4259,survey-multi-select,25,90101,0,P0275,STUDY0007,SESS1149,0,"{""Q0"":[""none of these""]}",hose,category_organization
ROW30298,5149,survey-multi-select,26,95253,0,P0275,STUDY0007,SESS1149,0,"{""Q0"":[""none of these""]}",radiator,category_organization
ROW30299,3765,survey-multi-select,27,99020,0,P0275,STUDY0007,SESS1149,0,"{""Q0"":[""material""]}",sugar,category_organization
ROW30300,5241,survey-multi-select,28,104264,0,P0275,STUDY0007,SESS1149,0,"{""Q0"":[""none of these""]}",wombat,category_organization
ROW30301,3099,survey-multi-select,29,107368,0,P0275,STUDY0007,SESS1149,0,"{""Q0"":[""none of these""]}",insect,category_organization
ROW30302,5364,survey-multi-select,30,112735,0,P0275,STUDY0007,SESS1149,0,"{""Q0"":[""shape""]}",ball,category_organization
ROW30303,5445,survey-multi-select,31,118184,0,P0275,STUDY0007,SESS1149,0,"{""Q0"":[""none of these""]}",mug,category_organization
ROW30304,1934,instructions,0,1935,0,P1242,STUDY0007,SESS1126,0,,,
ROW30305,5139,instructions,1,7075,0,P1242,STUDY0007,SESS1126,0,,,
ROW30306,4635,html-button-response,3,29813,0,P1242,STUDY0007,SESS1126,0,0,,
ROW30307,18100,html-button-response,2,25177,0,P1242,STUDY0007,SESS1126,0,0,,
ROW30308,4790,html-button-response,6,44732,0,P1242,STUDY0007,SESS1126,0,0,,
ROW30309,1739,html-button-response,5,39941,0,P1242,STUDY0007,SESS1126,0,0,,
ROW30310,8386,html-button-response,4,38202,0,P1242,STUDY0007,SESS1126,0,0,,
ROW30311,19483,survey-multi-select,7,64218,0,P1242,STUDY0007,SESS1126,0,"{""Q0"":[""none of these""]}",happiness,practice_category
ROW30312,1356,html-button-response,8,65575,0,P1242,STUDY0007,SESS1126,0,0,,
ROW30313,8038,survey-multi-select,11,79449,0,P1242,STUDY0007,SESS1126,0,"{""Q0"":[""color""]}",red,practice_category
ROW30314,4848,survey-multi-select,9,70425,0,P1242,STUDY0007,SESS1126,0,"{""Q0"":[""shape""]}",square,practice_category
ROW30315,984,html-button-response,10,71409,0,P1242,STUDY0007,SESS1126,0,0,,
ROW30316,864,html-button-response,12,80315,0,P1242,STUDY0007,SESS1126,0,0,,
ROW30317,6174,survey-multi-select,13,86490,0,P1242,STUDY0007,SESS1126,0,"{""Q0"":[""material""]}",pottery,practice_category
ROW30318,838,html-button-response,14,87330,0,P1242,STUDY0007,SESS1126,0,0,,
ROW30319,3302,html-button-response,15,90634,0,P1242,STUDY0007,SESS1126,0,0,,
ROW30320,6115,survey-multi-select,16,96751,0,P1242,STUDY0007,SESS1126,0,"{""Q0"":[""none of these""]}",party,category_organization
ROW30321,5535,survey-multi-select,17,102288,0,P1242,STUDY0007,SESS1126,0,"{""Q0"":[""color""]}",plum,category_organization
ROW30322,3691,survey-multi-select,18,105981,0,P1242,STUDY0007,SESS1126,0,"{""Q0"":[""none of these""]}",stork,category_organization
ROW30323,5606,survey-multi-select,19,111589,0,P1242,STUDY0007,SESS1126,0,"{""Q0"":[""none of these""]}",drum (object),category_organization
ROW30324,5770,survey-multi-select,20,117361,0,P1242,STUDY0007,SESS1126,0,"{""Q0"":[""none of these""]}",blanket,category_organization
ROW30325,4293,survey-multi-select,21,121656,0,P1242,STUDY0007,SESS1126,0,"{""Q0"":[""none of these""]}",coffee,category_organization
ROW30326,7934,survey-multi-select,22,129591,0,P1242,STUDY0007,SESS1126,0,"{""Q0"":[""none of these""]}",popsicle,category_organization
ROW30327,2206,survey-multi-select,24,137359,0,P1242,STUDY0007,SESS1126,0,"{""Q0"":[""none of these""]}",gut,category_organization
ROW30328,5558,survey-multi-select,23,135151,0,P1242,STUDY0007,SESS1126,0,"{""Q0"":[""none of these""]}",ear,category_organization
ROW30329,3196,survey-multi-select,25,140557,0,P1242,STUDY0007,SESS1126,0,"{""Q0"":[""none of these""]}",parrot,category_organization
ROW30330,5006,survey-multi-select,26,145565,0,P1242,STUDY0007,SESS1126,0,"{""Q0"":[""none of these""]}",fan,category_organization
ROW30331,2949,survey-multi-select,28,152941,0,P1242,STUDY0007,SESS1126,0,"{""Q0"":[""none of these""]}",popcorn,category_organization
ROW30332,4424,survey-multi-select,27,149991,0,P1242,STUDY0007,SESS1126,0,"{""Q0"":[""color""]}",paint (object),category_organization
ROW30333,3890,survey-multi-select,31,162586,0,P1242,STUDY0007,SESS1126,0,"{""Q0"":[""none of these""]}",bubbles,category_organization
ROW30334,2886,survey-multi-select,30,158694,0,P1242,STUDY0007,SESS1126,0,"{""Q0"":[""none of these""]}",teddybear,category_organization
ROW30335,2862,survey-multi-select,29,155806,0,P1242,STUDY0007,SESS1126,0,"{""Q0"":[""none of these""]}",kitty,category_organization
ROW30336,3376,survey-multi-select,32,165963,0,P1242,STUDY0007,SESS1126,0,"{""Q0"":[""none of these""]}",cart,category_organization
ROW30337,2968,survey-multi-select,34,492113,0,P1242,STUDY0007,SESS1126,0,"{""Q0"":[""none of these""]}",pineapple,category_organization
ROW30338,323174,survey-multi-select,33,489143,0,P1242,STUDY0007,SESS1126,0,"{""Q0"":[""none of these""]}",wind,category_organization
ROW30339,2214,survey-multi-select,35,494329,0,P1242,STUDY0007,SESS1126,0,"{""Q0"":[""none of these""]}",car,category_organization
ROW30340,2736,survey-multi-select,36,497067,0,P1242,STUDY0007,SESS1126,0,"{""Q0"":[""none of these""]}",lavender,category_organization
ROW30341,1222,html-button-response,37,498290,0,P1242,STUDY0007,SESS1126,0,0,,
ROW30342,3174,instructions,38,501465,0,P1242,STUDY0007,SESS1126,0,,,
ROW30343,15016,instructions,1,63494,0,P1380,STUDY0007,SESS1128,0,,,
ROW30344,48475,instructions,0,48477,0,P1380,STUDY0007,SESS1128,0,,,
ROW30345,14017,html-button-response,3,116418,0,P1380,STUDY0007,SESS1128,0,0,,
ROW30346,38901,html-button-response,2,102399,0,P1380,STUDY0007,SESS1128,0,0,,
ROW30347,15987,html-button-response,5,224448,0,P1380,STUDY0007,SESS1128,0,0,,
ROW30348,92040,html-button-response,4,208459,0,P1380,STUDY0007,SESS1128,0,0,,
ROW30349,25773,survey-multi-select,7,286379,0,P1380,STUDY0007,SESS1128,0,"{""Q0"":[""color""]}",red,practice_category
ROW30350,36153,html-button-response,6,260603,0,P1380,STUDY0007,SESS1128,0,0,,
ROW30351,7811,survey-multi-select,9,304259,0,P1380,STUDY0007,SESS1128,0,"{""Q0"":[""none of these""]}",happiness,practice_category
ROW30353,2436,html-button-response,10,306697,0,P1380,STUDY0007,SESS1128,0,0,,
ROW30352,10063,html-button-response,8,296445,0,P1380,STUDY0007,SESS1128,0,0,,
ROW30354,14181,survey-multi-select,11,320882,0,P1380,STUDY0007,SESS1128,0,"{""Q0"":[""none of these""]}",pottery,practice_category
ROW30355,7193,html-button-response,12,328077,0,P1380,STUDY0007,SESS1128,0,0,,
ROW30356,7873,survey-multi-select,13,335953,0,P1380,STUDY0007,SESS1128,0,"{""Q0"":[""shape""]}",square,practice_category
ROW30357,1478,html-button-response,14,337433,0,P1380,STUDY0007,SESS1128,0,0,,
ROW30358,12321,survey-multi-select,16,366946,0,P1380,STUDY0007,SESS1128,0,"{""Q0"":[""shape"",""material""]}",play dough,category_organization
ROW30359,17187,html-button-response,15,354622,0,P1380,STUDY0007,SESS1128,0,0,,
ROW30360,3781,survey-multi-select,17,370731,0,P1380,STUDY0007,SESS1128,0,"{""Q0"":[""none of these""]}",lavender,category_organization
ROW30361,7509,survey-multi-select,19,387674,0,P1380,STUDY0007,SESS1128,0,"{""Q0"":[""none of these""]}",camel,category_organization
ROW30362,9428,survey-multi-select,18,380162,0,P1380,STUDY0007,SESS1128,0,"{""Q0"":[""shape""]}",pomegranate,category_organization
ROW30363,4710,survey-multi-select,20,392387,0,P1380,STUDY0007,SESS1128,0,"{""Q0"":[""none of these""]}",market,category_organization
ROW30364,6184,survey-multi-select,21,398574,0,P1380,STUDY0007,SESS1128,0,"{""Q0"":[""shape"",""color"",""material""]}",bridge,category_organization
ROW30365,5370,survey-multi-select,22,403948,0,P1380,STUDY0007,SESS1128,0,"{""Q0"":[""color""]}",pretzel,category_organization
ROW30366,6140,survey-multi-select,23,410091,0,P1380,STUDY0007,SESS1128,0,"{""Q0"":[""none of these""]}",apricot,category_organization
ROW30367,5432,survey-multi-select,24,415527,0,P1380,STUDY0007,SESS1128,0,"{""Q0"":[""none of these""]}",sky,category_organization
ROW30368,9808,survey-multi-select,25,425338,0,P1380,STUDY0007,SESS1128,0,"{""Q0"":[""shape"",""color"",""material""]}",fish (animal),category_organization
ROW30369,4442,survey-multi-select,26,429784,0,P1380,STUDY0007,SESS1128,0,"{""Q0"":[""shape""]}",face,category_organization
ROW30370,5260,survey-multi-select,27,435047,0,P1380,STUDY0007,SESS1128,0,"{""Q0"":[""shape"",""color"",""material""]}",mask,category_organization
ROW30372,6913,survey-multi-select,29,449529,0,P1380,STUDY0007,SESS1128,0,"{""Q0"":[""shape"",""color""]}",ambulance,category_organization
ROW30371,7563,survey-multi-select,28,442613,0,P1380,STUDY0007,SESS1128,0,"{""Q0"":[""shape"",""color""]}",wood,category_organization
ROW30373,5508,survey-multi-select,30,455040,0,P1380,STUDY0007,SESS1128,0,"{""Q0"":[""shape"",""color"",""material""]}",toilet,category_organization
ROW30374,5978,survey-multi-select,31,461021,0,P1380,STUDY0007,SESS1128,0,"{""Q0"":[""shape""]}",puzzle,category_organization
ROW30375,6386,survey-multi-select,32,467409,0,P1380,STUDY0007,SESS1128,0,"{""Q0"":[""none of these""]}",neck,category_organization
ROW30376,7167,survey-multi-select,33,474580,0,P1380,STUDY0007,SESS1128,0,"{""Q0"":[""none of these""]}",possum,category_organization
ROW30377,5195,survey-multi-select,34,479778,0,P1380,STUDY0007,SESS1128,0,"{""Q0"":[""shape"",""color"",""material""]}",clock,category_organization
ROW30378,3657,survey-multi-select,35,483439,0,P1380,STUDY0007,SESS1128,0,"{""Q0"":[""none of these""]}",push,category_organization
ROW30379,7083,survey-multi-select,36,490526,0,P1380,STUDY0007,SESS1128,0,"{""Q0"":[""shape"",""color"",""material""]}",tricycle,category_organization
ROW30380,1532,html-button-response,37,492060,0,P1380,STUDY0007,SESS1128,0,0,,
ROW30381,3795,instructions,38,495856,0,P1380,STUDY0007,SESS1128,0,,,
ROW30382,11103,instructions,0,11105,0,P0759,STUDY0007,SESS1165,0,,,
ROW30383,6103,instructions,1,17208,0,P0759,STUDY0007,SESS1165,0,,,
ROW30384,6223,html-button-response,3,46401,0,P0759,STUDY0007,SESS1165,0,0,,
ROW30385,7960,html-button-response,6,69008,0,P0759,STUDY0007,SESS1165,0,0,,
ROW30386,22967,html-button-response,2,40177,0,P0759,STUDY0007,SESS1165,0,0,,
ROW30387,10207,html-button-response,4,56609,0,P0759,STUDY0007,SESS1165,0,0,,
ROW30388,4439,html-button-response,5,61048,0,P0759,STUDY0007,SESS1165,0,0,,
ROW30389,11909,survey-multi-select,7,80921,0,P0759,STUDY0007,SESS1165,0,"{""Q0"":[""color""]}",red,practice_category
ROW30390,7903,survey-multi-select,9,91392,0,P0759,STUDY0007,SESS1165,0,"{""Q0"":[""none of these""]}",happiness,practice_category
ROW30391,1767,html-button-response,10,93160,0,P0759,STUDY0007,SESS1165,0,0,,
ROW30392,2567,html-button-response,8,83488,0,P0759,STUDY0007,SESS1165,0,0,,
ROW30393,5703,survey-multi-select,11,98864,0,P0759,STUDY0007,SESS1165,0,"{""Q0"":[""shape""]}",square,practice_category
ROW30394,1447,html-button-response,12,100312,0,P0759,STUDY0007,SESS1165,0,0,,
ROW30395,12246,survey-multi-select,13,112560,0,P0759,STUDY0007,SESS1165,0,"{""Q0"":[""shape"",""material""]}",pottery,practice_category
ROW30396,10752,html-button-response,14,123312,0,P0759,STUDY0007,SESS1165,0,0,,
ROW30397,4175,html-button-response,15,127488,0,P0759,STUDY0007,SESS1165,0,0,,
ROW30398,10007,survey-multi-select,16,137496,0,P0759,STUDY0007,SESS1165,0,"{""Q0"":[""material""]}",water (not beverage),category_organization
ROW30399,7767,survey-multi-select,17,145264,0,P0759,STUDY0007,SESS1165,0,"{""Q0"":[""none of these""]}",scarf,category_organization
ROW30400,11055,survey-multi-select,18,156320,0,P0759,STUDY0007,SESS1165,0,"{""Q0"":[""none of these""]}",cracker,category_organization
ROW30401,7782,survey-multi-select,19,164104,0,P0759,STUDY0007,SESS1165,0,"{""Q0"":[""shape"",""color""]}",green beans,category_organization
ROW30402,7015,survey-multi-select,20,171120,0,P0759,STUDY0007,SESS1165,0,"{""Q0"":[""none of these""]}",monkey,category_organization
ROW30403,6487,survey-multi-select,21,177608,0,P0759,STUDY0007,SESS1165,0,"{""Q0"":[""shape""]}",pocket,category_organization
ROW30404,9663,survey-multi-select,23,193224,0,P0759,STUDY0007,SESS1165,0,"{""Q0"":[""none of these""]}",horse,category_organization
ROW30405,5951,survey-multi-select,22,183560,0,P0759,STUDY0007,SESS1165,0,"{""Q0"":[""none of these""]}",pig,category_organization
ROW30406,12199,survey-multi-select,24,205424,0,P0759,STUDY0007,SESS1165,0,"{""Q0"":[""none of these""]}",nail (finger),category_organization
ROW30407,6447,survey-multi-select,25,211872,0,P0759,STUDY0007,SESS1165,0,"{""Q0"":[""shape""]}",drum,category_organization
ROW30408,5639,survey-multi-select,26,217512,0,P0759,STUDY0007,SESS1165,0,"{""Q0"":[""shape""]}",dustpan,category_organization
ROW30410,8206,survey-multi-select,27,225719,0,P0759,STUDY0007,SESS1165,0,"{""Q0"":[""none of these""]}",passion fruit,category_organization
ROW30411,3135,survey-multi-select,29,236768,0,P0759,STUDY0007,SESS1165,0,"{""Q0"":[""none of these""]}",lavender,category_organization
ROW30412,7927,survey-multi-select,30,244696,0,P0759,STUDY0007,SESS1165,0,"{""Q0"":[""none of these""]}",bridge,category_organization
ROW30409,7911,survey-multi-select,28,233632,0,P0759,STUDY0007,SESS1165,0,"{""Q0"":[""shape""]}",tape,category_organization
ROW30413,5615,survey-multi-select,31,250312,0,P0759,STUDY0007,SESS1165,0,"{""Q0"":[""none of these""]}",lettuce,category_organization
ROW30414,4951,survey-multi-select,32,255264,0,P0759,STUDY0007,SESS1165,0,"{""Q0"":[""shape""]}",waves,category_organization
ROW30415,7839,survey-multi-select,33,263104,0,P0759,STUDY0007,SESS1165,0,"{""Q0"":[""material""]}",sweet potato,category_organization
ROW30416,4375,survey-multi-select,34,267480,0,P0759,STUDY0007,SESS1165,0,"{""Q0"":[""none of these""]}",school,category_organization
ROW30417,3849,survey-multi-select,35,271330,0,P0759,STUDY0007,SESS1165,0,"{""Q0"":[""shape""]}",helmet,category_organization
ROW30418,4557,survey-multi-select,36,275888,0,P0759,STUDY0007,SESS1165,0,"{""Q0"":[""shape""]}",tree,category_organization
ROW30420,3112,instructions,38,280200,0,P0759,STUDY0007,SESS1165,0,,,
ROW30419,1199,html-button-response,37,277088,0,P0759,STUDY0007,SESS1165,0,0,,
ROW30421,6864,instructions,0,6873,0,P1864,STUDY0007,SESS1137,0,,,
ROW30422,2669,instructions,1,9545,0,P1864,STUDY0007,SESS1137,0,,,
ROW30423,10756,html-button-response,4,54156,0,P1864,STUDY0007,SESS1137,0,0,,
ROW30424,2087,html-button-response,8,103208,0,P1864,STUDY0007,SESS1137,0,0,,
ROW30425,10532,html-button-response,6,68289,0,P1864,STUDY0007,SESS1137,0,0,,
ROW30426,32819,survey-multi-select,7,101119,0,P1864,STUDY0007,SESS1137,0,"{""Q0"":[""none of these""]}",happiness,practice_category
ROW30427,9149,html-button-response,3,43399,0,P1864,STUDY0007,SESS1137,0,0,,
ROW30428,13674,survey-multi-select,9,116885,0,P1864,STUDY0007,SESS1137,0,"{""Q0"":[""color""]}",red,practice_category
ROW30429,1590,html-button-response,10,118477,0,P1864,STUDY0007,SESS1137,0,0,,
ROW30430,15529,survey-multi-select,11,134009,0,P1864,STUDY0007,SESS1137,0,"{""Q0"":[""material""]}",pottery,practice_category
ROW30431,4027,html-button-response,12,138038,0,P1864,STUDY0007,SESS1137,0,0,,
ROW30432,5167,survey-multi-select,13,143208,0,P1864,STUDY0007,SESS1137,0,"{""Q0"":[""shape""]}",square,practice_category
ROW30433,1135,html-button-response,14,144345,0,P1864,STUDY0007,SESS1137,0,0,,
ROW30434,24700,html-button-response,2,34248,0,P1864,STUDY0007,SESS1137,0,0,,
ROW30435,3597,html-button-response,5,57755,0,P1864,STUDY0007,SESS1137,0,0,,
ROW30436,5663,html-button-response,15,150011,0,P1864,STUDY0007,SESS1137,0,0,,
ROW30437,20464,survey-multi-select,16,170478,0,P1864,STUDY0007,SESS1137,0,"{""Q0"":[""shape""]}",shovel,category_organization
ROW30438,28555,survey-multi-select,18,218673,0,P1864,STUDY0007,SESS1137,0,"{""Q0"":[""shape""]}",bear,category_organization
ROW30439,18863,survey-multi-select,19,237539,0,P1864,STUDY0007,SESS1137,0,"{""Q0"":[""none of these""]}",blood,category_organization
ROW30440,12491,survey-multi-select,21,265337,0,P1864,STUDY0007,SESS1137,0,"{""Q0"":[""none of these""]}",computer,category_organization
ROW30441,12143,survey-multi-select,22,277483,0,P1864,STUDY0007,SESS1137,0,"{""Q0"":[""none of these""]}",hair clip,category_organization
ROW30442,11818,survey-multi-select,23,289304,0,P1864,STUDY0007,SESS1137,0,"{""Q0"":[""none of these""]}",shoulder,category_organization
ROW30443,19635,survey-multi-select,17,190116,0,P1864,STUDY0007,SESS1137,0,"{""Q0"":[""none of these""]}",spinach,category_organization
ROW30444,9501,survey-multi-select,24,298807,0,P1864,STUDY0007,SESS1137,0,"{""Q0"":[""none of these""]}",sprouts,category_organization
ROW30445,13563,survey-multi-select,25,312373,0,P1864,STUDY0007,SESS1137,0,"{""Q0"":[""shape""]}",high chair,category_organization
ROW30446,22922,survey-multi-select,26,335298,0,P1864,STUDY0007,SESS1137,0,"{""Q0"":[""material""]}",blanket,category_organization
ROW30447,23237,survey-multi-select,27,358540,0,P1864,STUDY0007,SESS1137,0,"{""Q0"":[""none of these""]}",truck,category_organization
ROW30448,15298,survey-multi-select,20,252843,0,P1864,STUDY0007,SESS1137,0,"{""Q0"":[""shape""]}",tape (object),category_organization
ROW30449,8497,survey-multi-select,28,367040,0,P1864,STUDY0007,SESS1137,0,"{""Q0"":[""none of these""]}",buttocks,category_organization
ROW30450,25583,survey-multi-select,29,392626,0,P1864,STUDY0007,SESS1137,0,"{""Q0"":[""none of these""]}",garden,category_organization
ROW30451,10675,survey-multi-select,30,403307,0,P1864,STUDY0007,SESS1137,0,"{""Q0"":[""shape""]}",nut,category_organization
ROW30452,1143,instructions,1,5806,0,P1569,STUDY0007,SESS1168,0,,,
ROW30453,9393,html-button-response,3,29063,0,P1569,STUDY0007,SESS1168,0,0,,
ROW30454,15005,html-button-response,4,44070,0,P1569,STUDY0007,SESS1168,0,0,,
ROW30455,6908,html-button-response,5,50982,0,P1569,STUDY0007,SESS1168,0,0,,
ROW30456,13860,html-button-response,2,19668,0,P1569,STUDY0007,SESS1168,0,0,,
ROW30457,4660,instructions,0,4663,0,P1569,STUDY0007,SESS1168,0,,,
ROW30458,11420,survey-multi-select,31,414734,0,P1864,STUDY0007,SESS1137,0,"{""Q0"":[""material""]}",pajamas,category_organization
ROW30459,1332,html-button-response,8,63218,0,P1569,STUDY0007,SESS1168,0,0,,
ROW30460,9435,survey-multi-select,7,61883,0,P1569,STUDY0007,SESS1168,0,"{""Q0"":[""none of these""]}",happiness,practice_category
ROW30461,1462,html-button-response,6,52444,0,P1569,STUDY0007,SESS1168,0,0,,
ROW30462,6268,survey-multi-select,9,69488,0,P1569,STUDY0007,SESS1168,0,"{""Q0"":[""shape""]}",square,practice_category
ROW30463,1293,html-button-response,10,70783,0,P1569,STUDY0007,SESS1168,0,0,,
ROW30464,5618,survey-multi-select,11,76405,0,P1569,STUDY0007,SESS1168,0,"{""Q0"":[""color""]}",red,practice_category
ROW30465,823,html-button-response,12,77230,0,P1569,STUDY0007,SESS1168,0,0,,
ROW30466,15160,survey-multi-select,17,137549,0,P1569,STUDY0007,SESS1168,0,"{""Q0"":[""shape""]}",tie (object),category_organization
ROW30467,7872,survey-multi-select,13,85106,0,P1569,STUDY0007,SESS1168,0,"{""Q0"":[""shape"",""material""]}",pottery,practice_category
ROW30468,8110,html-button-response,14,93217,0,P1569,STUDY0007,SESS1168,0,0,,
ROW30469,23599,survey-multi-select,16,122386,0,P1569,STUDY0007,SESS1168,0,"{""Q0"":[""shape""]}",taco,category_organization
ROW30470,5566,html-button-response,15,98785,0,P1569,STUDY0007,SESS1168,0,0,,
ROW30471,16644,survey-multi-select,32,431381,0,P1864,STUDY0007,SESS1137,0,"{""Q0"":[""none of these""]}",tape (object),category_organization
ROW30472,5855,survey-multi-select,18,143409,0,P1569,STUDY0007,SESS1168,0,"{""Q0"":[""none of these""]}",kitty,category_organization
ROW30473,10353,survey-multi-select,19,153764,0,P1569,STUDY0007,SESS1168,0,"{""Q0"":[""none of these""]}",samosa,category_organization
ROW30474,8285,survey-multi-select,20,162052,0,P1569,STUDY0007,SESS1168,0,"{""Q0"":[""shape""]}",peas,category_organization
ROW30475,8570,survey-multi-select,21,170625,0,P1569,STUDY0007,SESS1168,0,"{""Q0"":[""material""]}",notebook,category_organization
ROW30476,3228,survey-multi-select,22,173857,0,P1569,STUDY0007,SESS1168,0,"{""Q0"":[""none of these""]}",lavender,category_organization
ROW30477,8634,survey-multi-select,23,182494,0,P1569,STUDY0007,SESS1168,0,"{""Q0"":[""shape"",""color""]}",bee,category_organization
ROW30478,15400,survey-multi-select,33,446783,0,P1864,STUDY0007,SESS1137,0,"{""Q0"":[""shape""]}",umbrella,category_organization
ROW30479,5550,survey-multi-select,24,188047,0,P1569,STUDY0007,SESS1168,0,"{""Q0"":[""none of these""]}",clementine,category_organization
ROW30480,3736,survey-multi-select,26,197618,0,P1569,STUDY0007,SESS1168,0,"{""Q0"":[""shape"",""color""]}",olive,category_organization
ROW30481,5829,survey-multi-select,25,193878,0,P1569,STUDY0007,SESS1168,0,"{""Q0"":[""shape""]}",scissors,category_organization
ROW30482,16428,survey-multi-select,27,214048,0,P1569,STUDY0007,SESS1168,0,"{""Q0"":[""none of these""]}",puzzle,category_organization
ROW30483,6669,survey-multi-select,28,220720,0,P1569,STUDY0007,SESS1168,0,"{""Q0"":[""material""]}",puddle,category_organization
ROW30484,8768,survey-multi-select,29,229493,0,P1569,STUDY0007,SESS1168,0,"{""Q0"":[""none of these""]}",rice cake,category_organization
ROW30485,3669,survey-multi-select,35,470945,0,P1864,STUDY0007,SESS1137,0,"{""Q0"":[""none of these""]}",lavender,category_organization
ROW30489,8984,survey-multi-select,32,272884,0,P1569,STUDY0007,SESS1168,0,"{""Q0"":[""shape"",""color""]}",pineapple,category_organization
ROW30487,26639,survey-multi-select,31,263897,0,P1569,STUDY0007,SESS1168,0,"{""Q0"":[""none of these""]}",parking lot,category_organization
ROW30486,7756,survey-multi-select,30,237254,0,P1569,STUDY0007,SESS1168,0,"{""Q0"":[""material""]}",lizard,category_organization
ROW30490,4282,survey-multi-select,34,283516,0,P1569,STUDY0007,SESS1168,0,"{""Q0"":[""shape"",""color""]}",peach,category_organization
ROW30491,5991,survey-multi-select,35,289509,0,P1569,STUDY0007,SESS1168,0,"{""Q0"":[""material""]}",spinach,category_organization
ROW30488,6342,survey-multi-select,33,279232,0,P1569,STUDY0007,SESS1168,0,"{""Q0"":[""shape"",""color"",""material""]}",pastry,category_organization
ROW30492,1503,html-button-response,37,487956,0,P1864,STUDY0007,SESS1137,0,0,,
ROW30493,1365,html-button-response,37,295400,0,P1569,STUDY0007,SESS1168,0,0,,
ROW30494,4520,survey-multi-select,36,294033,0,P1569,STUDY0007,SESS1168,0,"{""Q0"":[""shape"",""color""]}",eggplant,category_organization
ROW30495,5748,instructions,38,301149,0,P1569,STUDY0007,SESS1168,0,,,
ROW30496,3621,instructions,38,491577,0,P1864,STUDY0007,SESS1137,0,,,
ROW30497,2958,instructions,0,2961,0,P1758,STUDY0007,SESS1167,0,,,
ROW30498,4972,instructions,1,7935,0,P1758,STUDY0007,SESS1167,0,,,
ROW30499,12536,html-button-response,2,20475,0,P1758,STUDY0007,SESS1167,0,0,,
ROW30500,7874,html-button-response,3,28352,0,P1758,STUDY0007,SESS1167,0,0,,
ROW30501,8109,html-button-response,4,36464,0,P1758,STUDY0007,SESS1167,0,0,,
ROW30502,1920,html-button-response,5,38386,0,P1758,STUDY0007,SESS1167,0,0,,
ROW30503,6305,html-button-response,6,44692,0,P1758,STUDY0007,SESS1167,0,0,,
ROW30504,16425,survey-multi-select,7,61124,0,P1758,STUDY0007,SESS1167,0,"{""Q0"":[""color""]}",red,practice_category
ROW30505,7138,survey-multi-select,9,70803,0,P1758,STUDY0007,SESS1167,0,"{""Q0"":[""none of these""]}",happiness,practice_category
ROW30506,2533,html-button-response,8,63660,0,P1758,STUDY0007,SESS1167,0,0,,
ROW30507,1837,html-button-response,10,72642,0,P1758,STUDY0007,SESS1167,0,0,,
ROW30508,8257,survey-multi-select,11,80902,0,P1758,STUDY0007,SESS1167,0,"{""Q0"":[""material""]}",pottery,practice_category
ROW30509,1164,html-button-response,12,82068,0,P1758,STUDY0007,SESS1167,0,0,,
ROW30511,5643,html-button-response,15,93367,0,P1758,STUDY0007,SESS1167,0,0,,
ROW30510,4515,survey-multi-select,13,86586,0,P1758,STUDY0007,SESS1167,0,"{""Q0"":[""shape""]}",square,practice_category
ROW30512,3170,survey-multi-select,16,96541,0,P1758,STUDY0007,SESS1167,0,"{""Q0"":[""none of these""]}",lavender,category_organization
ROW30514,8169,survey-multi-select,18,109015,0,P1758,STUDY0007,SESS1167,0,"{""Q0"":[""material""]}",furniture,category_organization
ROW30513,1133,html-button-response,14,87721,0,P1758,STUDY0007,SESS1167,0,0,,
ROW30515,4298,survey-multi-select,17,100843,0,P1758,STUDY0007,SESS1167,0,"{""Q0"":[""none of these""]}",penguin,category_organization
ROW30516,9891,survey-multi-select,19,118912,0,P1758,STUDY0007,SESS1167,0,"{""Q0"":[""none of these""]}",avocado,category_organization
ROW30517,23317,survey-multi-select,20,142233,0,P1758,STUDY0007,SESS1167,0,"{""Q0"":[""none of these""]}",sandwich,category_organization
ROW30518,3406,survey-multi-select,21,145643,0,P1758,STUDY0007,SESS1167,0,"{""Q0"":[""none of these""]}",panther,category_organization
ROW30519,3601,survey-multi-select,22,149248,0,P1758,STUDY0007,SESS1167,0,"{""Q0"":[""none of these""]}",headband,category_organization
ROW30520,5769,survey-multi-select,23,155021,0,P1758,STUDY0007,SESS1167,0,"{""Q0"":[""material""]}",shutter,category_organization
ROW30521,2778,survey-multi-select,24,157803,0,P1758,STUDY0007,SESS1167,0,"{""Q0"":[""none of these""]}",plantain,category_organization
ROW30522,10380,survey-multi-select,25,168188,0,P1758,STUDY0007,SESS1167,0,"{""Q0"":[""material""]}",napkin,category_organization
ROW30523,5022,survey-multi-select,26,173214,0,P1758,STUDY0007,SESS1167,0,"{""Q0"":[""material""]}",towel,category_organization
ROW30524,2662,survey-multi-select,27,175879,0,P1758,STUDY0007,SESS1167,0,"{""Q0"":[""none of these""]}",yum yum,category_organization
ROW30525,2415,survey-multi-select,28,178299,0,P1758,STUDY0007,SESS1167,0,"{""Q0"":[""none of these""]}",ambulance,category_organization
ROW30526,3329,survey-multi-select,29,181632,0,P1758,STUDY0007,SESS1167,0,"{""Q0"":[""none of these""]}",matches,category_organization
ROW30527,8155,survey-multi-select,30,189792,0,P1758,STUDY0007,SESS1167,0,"{""Q0"":[""material""]}",rocking chair,category_organization
ROW30528,7423,survey-multi-select,31,197219,0,P1758,STUDY0007,SESS1167,0,"{""Q0"":[""shape""]}",cutlet,category_organization
ROW30529,4190,survey-multi-select,32,201413,0,P1758,STUDY0007,SESS1167,0,"{""Q0"":[""none of these""]}",scallion,category_organization
ROW30530,4649,survey-multi-select,33,206065,0,P1758,STUDY0007,SESS1167,0,"{""Q0"":[""none of these""]}",diaper,category_organization
ROW30531,20485,survey-multi-select,34,467272,0,P1864,STUDY0007,SESS1137,0,"{""Q0"":[""material""]}",snowman,category_organization
ROW30532,4356,survey-multi-select,34,210426,0,P1758,STUDY0007,SESS1167,0,"{""Q0"":[""color""]}",raspberry,category_organization
ROW30533,2708,survey-multi-select,36,216353,0,P1758,STUDY0007,SESS1167,0,"{""Q0"":[""none of these""]}",bug,category_organization
ROW30534,1282,html-button-response,37,217637,0,P1758,STUDY0007,SESS1167,0,0,,
ROW30535,3211,survey-multi-select,35,213641,0,P1758,STUDY0007,SESS1167,0,"{""Q0"":[""none of these""]}",cabbage,category_organization
ROW30536,3339,instructions,38,220977,0,P1758,STUDY0007,SESS1167,0,,,
ROW30537,15503,survey-multi-select,36,486452,0,P1864,STUDY0007,SESS1137,0,"{""Q0"":[""none of these""]}",trash can,category_organization
ROW30538,5003,html-button-response,5,90500,0,P1706,STUDY0007,SESS1117,0,0,,
ROW30539,7485,instructions,1,16990,0,P1706,STUDY0007,SESS1117,0,,,
ROW30540,32631,html-button-response,2,49626,0,P1706,STUDY0007,SESS1117,0,0,,
ROW30541,9492,instructions,0,9503,0,P1706,STUDY0007,SESS1117,0,,,
ROW30542,17007,html-button-response,4,85495,0,P1706,STUDY0007,SESS1117,0,0,,
ROW30543,18856,html-button-response,3,68485,0,P1706,STUDY0007,SESS1117,0,0,,
ROW30544,9069,html-button-response,6,99570,0,P1706,STUDY0007,SESS1117,0,0,,
ROW30545,2008,html-button-response,8,124190,0,P1706,STUDY0007,SESS1117,0,0,,
ROW30546,22605,survey-multi-select,7,122180,0,P1706,STUDY0007,SESS1117,0,"{""Q0"":[""none of these""]}",happiness,practice_category
ROW30547,5258,html-button-response,10,145157,0,P1706,STUDY0007,SESS1117,0,0,,
ROW30548,11711,survey-multi-select,11,156873,0,P1706,STUDY0007,SESS1117,0,"{""Q0"":[""none of these""]}",red,practice_category
ROW30549,15703,survey-multi-select,9,139896,0,P1706,STUDY0007,SESS1117,0,"{""Q0"":[""shape""]}",pottery,practice_category
ROW30550,6327,survey-multi-select,13,167697,0,P1706,STUDY0007,SESS1117,0,"{""Q0"":[""shape""]}",square,practice_category
ROW30551,4493,html-button-response,12,161368,0,P1706,STUDY0007,SESS1117,0,0,,
ROW30552,934,html-button-response,14,168634,0,P1706,STUDY0007,SESS1117,0,0,,
ROW30554,16708,survey-multi-select,16,194507,0,P1706,STUDY0007,SESS1117,0,"{""Q0"":[""color""]}",horse,category_organization
ROW30553,9157,html-button-response,15,177793,0,P1706,STUDY0007,SESS1117,0,0,,
ROW30555,5920,survey-multi-select,17,200433,0,P1706,STUDY0007,SESS1117,0,"{""Q0"":[""material""]}",diaper,category_organization
ROW30556,9969,survey-multi-select,18,210406,0,P1706,STUDY0007,SESS1117,0,"{""Q0"":[""none of these""]}",back,category_organization
ROW30557,5072,survey-multi-select,20,217910,0,P1706,STUDY0007,SESS1117,0,"{""Q0"":[""material""]}",grill (object),category_organization
ROW30558,2421,survey-multi-select,19,212833,0,P1706,STUDY0007,SESS1117,0,"{""Q0"":[""none of these""]}",lavender,category_organization
ROW30559,9141,survey-multi-select,21,227055,0,P1706,STUDY0007,SESS1117,0,"{""Q0"":[""shape""]}",clock,category_organization
ROW30560,13062,survey-multi-select,23,244957,0,P1706,STUDY0007,SESS1117,0,"{""Q0"":[""material""]}",can (object),category_organization
ROW30561,4829,survey-multi-select,22,231890,0,P1706,STUDY0007,SESS1117,0,"{""Q0"":[""none of these""]}",octopus,category_organization
ROW30563,6954,survey-multi-select,24,251915,0,P1706,STUDY0007,SESS1117,0,"{""Q0"":[""none of these""]}",spider,category_organization
ROW30562,2620,survey-multi-select,25,254540,0,P1706,STUDY0007,SESS1117,0,"{""Q0"":[""shape""]}",tower,category_organization
ROW30564,4009,survey-multi-select,26,258554,0,P1706,STUDY0007,SESS1117,0,"{""Q0"":[""color""]}",caterpillar,category_organization
ROW30565,4989,survey-multi-select,27,263547,0,P1706,STUDY0007,SESS1117,0,"{""Q0"":[""none of these""]}",squirrel,category_organization
ROW30566,4870,survey-multi-select,29,308011,0,P1706,STUDY0007,SESS1117,0,"{""Q0"":[""color""]}",sheep,category_organization
ROW30567,3991,survey-multi-select,30,312004,0,P1706,STUDY0007,SESS1117,0,"{""Q0"":[""material""]}",cradle,category_organization
ROW30568,39584,survey-multi-select,28,303137,0,P1706,STUDY0007,SESS1117,0,"{""Q0"":[""shape""]}",terrace,category_organization
ROW30569,65910,survey-multi-select,31,377919,0,P1706,STUDY0007,SESS1117,0,"{""Q0"":[""none of these""]}",beetle,category_organization
ROW30570,17691,survey-multi-select,33,435299,0,P1706,STUDY0007,SESS1117,0,"{""Q0"":[""none of these""]}",hot chocolate,category_organization
ROW30571,21799,survey-multi-select,34,457103,0,P1706,STUDY0007,SESS1117,0,"{""Q0"":[""none of these""]}",swallow (animal),category_organization
ROW30572,39679,survey-multi-select,32,417603,0,P1706,STUDY0007,SESS1117,0,"{""Q0"":[""none of these""]}",sprouts,category_organization
ROW30573,16316,survey-multi-select,35,473423,0,P1706,STUDY0007,SESS1117,0,"{""Q0"":[""none of these""]}",bathroom,category_organization
ROW30574,5468,survey-multi-select,36,478896,0,P1706,STUDY0007,SESS1117,0,"{""Q0"":[""shape""]}",kite,category_organization
ROW30575,1124,html-button-response,37,480023,0,P1706,STUDY0007,SESS1117,0,0,,
ROW30576,2816,instructions,38,482841,0,P1706,STUDY0007,SESS1117,0,,,
ROW30577,3479,instructions,0,3480,0,P1260,STUDY0007,SESS1175,0,,,
ROW30578,4316,instructions,1,7796,0,P1260,STUDY0007,SESS1175,0,,,
ROW30579,3034,html-button-response,5,48579,0,P1260,STUDY0007,SESS1175,0,0,,
ROW30580,10097,html-button-response,2,17894,0,P1260,STUDY0007,SESS1175,0,0,,
ROW30581,18828,html-button-response,3,36723,0,P1260,STUDY0007,SESS1175,0,0,,
ROW30582,8820,html-button-response,4,45544,0,P1260,STUDY0007,SESS1175,0,0,,
ROW30583,2625,html-button-response,6,51204,0,P1260,STUDY0007,SESS1175,0,0,,
ROW30584,8180,survey-multi-select,7,59387,0,P1260,STUDY0007,SESS1175,0,"{""Q0"":[""material""]}",pottery,practice_category
ROW30585,1974,html-button-response,8,61373,0,P1260,STUDY0007,SESS1175,0,0,,
ROW30586,7179,survey-multi-select,9,68553,0,P1260,STUDY0007,SESS1175,0,"{""Q0"":[""none of these""]}",happiness,practice_category
ROW30587,8612,survey-multi-select,11,78405,0,P1260,STUDY0007,SESS1175,0,"{""Q0"":[""color""]}",red,practice_category
ROW30588,1238,html-button-response,10,69791,0,P1260,STUDY0007,SESS1175,0,0,,
ROW30589,1198,html-button-response,12,79604,0,P1260,STUDY0007,SESS1175,0,0,,
ROW30590,4752,survey-multi-select,13,84357,0,P1260,STUDY0007,SESS1175,0,"{""Q0"":[""shape""]}",square,practice_category
ROW30591,1166,html-button-response,14,85524,0,P1260,STUDY0007,SESS1175,0,0,,
ROW30592,11648,html-button-response,15,97174,0,P1260,STUDY0007,SESS1175,0,0,,
ROW30593,9923,survey-multi-select,16,107098,0,P1260,STUDY0007,SESS1175,0,"{""Q0"":[""color""]}",painting,category_organization
ROW30594,5295,survey-multi-select,17,112393,0,P1260,STUDY0007,SESS1175,0,"{""Q0"":[""material""]}",pajamas,category_organization
ROW30595,6895,survey-multi-select,18,119289,0,P1260,STUDY0007,SESS1175,0,"{""Q0"":[""none of these""]}",waist,category_organization
ROW30596,2600,survey-multi-select,19,121891,0,P1260,STUDY0007,SESS1175,0,"{""Q0"":[""none of these""]}",lavender,category_organization
ROW30597,6478,survey-multi-select,20,128370,0,P1260,STUDY0007,SESS1175,0,"{""Q0"":[""none of these""]}",fish (animal),category_organization
ROW30598,6805,survey-multi-select,21,135176,0,P1260,STUDY0007,SESS1175,0,"{""Q0"":[""none of these""]}",pomegranate,category_organization
ROW30599,3493,survey-multi-select,22,138670,0,P1260,STUDY0007,SESS1175,0,"{""Q0"":[""material""]}",rag,category_organization
ROW30600,5894,survey-multi-select,24,147440,0,P1260,STUDY0007,SESS1175,0,"{""Q0"":[""material""]}",notebook,category_organization
ROW30601,2874,survey-multi-select,23,141545,0,P1260,STUDY0007,SESS1175,0,"{""Q0"":[""material""]}",t-shirt,category_organization
ROW30602,6397,survey-multi-select,25,153838,0,P1260,STUDY0007,SESS1175,0,"{""Q0"":[""shape""]}",carousel,category_organization
ROW30603,5139,survey-multi-select,26,158979,0,P1260,STUDY0007,SESS1175,0,"{""Q0"":[""material""]}",coin,category_organization
ROW30604,4144,survey-multi-select,27,163124,0,P1260,STUDY0007,SESS1175,0,"{""Q0"":[""shape""]}",tower,category_organization
ROW30605,5847,survey-multi-select,28,168972,0,P1260,STUDY0007,SESS1175,0,"{""Q0"":[""none of these""]}",broccoli,category_organization
ROW30606,3898,survey-multi-select,29,172872,0,P1260,STUDY0007,SESS1175,0,"{""Q0"":[""none of these""]}",vegetable,category_organization
ROW30607,6423,survey-multi-select,30,179296,0,P1260,STUDY0007,SESS1175,0,"{""Q0"":[""shape""]}",pan,category_organization
ROW30608,6014,survey-multi-select,31,185311,0,P1260,STUDY0007,SESS1175,0,"{""Q0"":[""none of these""]}",mushroom,category_organization
ROW30609,5233,survey-multi-select,32,190545,0,P1260,STUDY0007,SESS1175,0,"{""Q0"":[""shape""]}",chicken,category_organization
ROW30610,6233,survey-multi-select,33,196779,0,P1260,STUDY0007,SESS1175,0,"{""Q0"":[""shape""]}",knife,category_organization
ROW30611,4112,survey-multi-select,34,200893,0,P1260,STUDY0007,SESS1175,0,"{""Q0"":[""shape""]}",knee,category_organization
ROW30612,2440,survey-multi-select,35,203334,0,P1260,STUDY0007,SESS1175,0,"{""Q0"":[""material""]}",underpants,category_organization
ROW30613,6257,survey-multi-select,36,209592,0,P1260,STUDY0007,SESS1175,0,"{""Q0"":[""shape""]}",alphabet,category_organization
ROW30614,962,html-button-response,37,210555,0,P1260,STUDY0007,SESS1175,0,0,,
ROW30615,2892,instructions,38,213447,0,P1260,STUDY0007,SESS1175,0,,,
ROW30616,2980,instructions,0,2982,0,P1807,STUDY0007,SESS1169,0,,,
ROW30617,42613,html-button-response,2,48001,0,P1807,STUDY0007,SESS1169,0,0,,
ROW30618,2405,instructions,1,5388,0,P1807,STUDY0007,SESS1169,0,,,
ROW30619,16179,html-button-response,3,64182,0,P1807,STUDY0007,SESS1169,0,0,,
ROW30620,13290,html-button-response,4,77473,0,P1807,STUDY0007,SESS1169,0,0,,
ROW30621,8914,html-button-response,6,90317,0,P1807,STUDY0007,SESS1169,0,0,,
ROW30622,3929,html-button-response,5,81402,0,P1807,STUDY0007,SESS1169,0,0,,
ROW30623,10176,survey-multi-select,7,100495,0,P1807,STUDY0007,SESS1169,0,"{""Q0"":[""color""]}",red,practice_category
ROW30624,7055,survey-multi-select,9,114141,0,P1807,STUDY0007,SESS1169,0,"{""Q0"":[""shape""]}",square,practice_category
ROW30625,6589,html-button-response,8,107085,0,P1807,STUDY0007,SESS1169,0,0,,
ROW30626,2585,html-button-response,10,116727,0,P1807,STUDY0007,SESS1169,0,0,,
ROW30627,9302,survey-multi-select,11,126030,0,P1807,STUDY0007,SESS1169,0,"{""Q0"":[""none of these""]}",happiness,practice_category
ROW30628,774,html-button-response,12,126805,0,P1807,STUDY0007,SESS1169,0,0,,
ROW30629,8099,survey-multi-select,13,134905,0,P1807,STUDY0007,SESS1169,0,"{""Q0"":[""material""]}",pottery,practice_category
ROW30630,722,html-button-response,14,135628,0,P1807,STUDY0007,SESS1169,0,0,,
ROW30631,5018,survey-multi-select,16,143756,0,P1807,STUDY0007,SESS1169,0,"{""Q0"":[""none of these""]}",schnitzel,category_organization
ROW30632,3108,html-button-response,15,138736,0,P1807,STUDY0007,SESS1169,0,0,,
ROW30633,8212,survey-multi-select,17,151969,0,P1807,STUDY0007,SESS1169,0,"{""Q0"":[""none of these""]}",jelly,category_organization
ROW30634,4143,survey-multi-select,18,156113,0,P1807,STUDY0007,SESS1169,0,"{""Q0"":[""material""]}",phone,category_organization
ROW30635,2593,survey-multi-select,19,158707,0,P1807,STUDY0007,SESS1169,0,"{""Q0"":[""none of these""]}",kitty,category_organization
ROW30636,2879,survey-multi-select,20,161586,0,P1807,STUDY0007,SESS1169,0,"{""Q0"":[""material""]}",bag,category_organization
ROW30637,2791,survey-multi-select,23,170680,0,P1807,STUDY0007,SESS1169,0,"{""Q0"":[""none of these""]}",lawn mower,category_organization
ROW30638,2856,survey-multi-select,21,164444,0,P1807,STUDY0007,SESS1169,0,"{""Q0"":[""material""]}",dress (object),category_organization
ROW30639,3443,survey-multi-select,22,167888,0,P1807,STUDY0007,SESS1169,0,"{""Q0"":[""none of these""]}",fish (animal),category_organization
ROW30640,4251,survey-multi-select,24,174932,0,P1807,STUDY0007,SESS1169,0,"{""Q0"":[""none of these""]}",board game,category_organization
ROW30641,2294,survey-multi-select,25,177226,0,P1807,STUDY0007,SESS1169,0,"{""Q0"":[""none of these""]}",tiger,category_organization
ROW30642,2001,survey-multi-select,26,179229,0,P1807,STUDY0007,SESS1169,0,"{""Q0"":[""material""]}",cloth,category_organization
ROW30643,2322,survey-multi-select,27,181552,0,P1807,STUDY0007,SESS1169,0,"{""Q0"":[""none of these""]}",jam,category_organization
ROW30644,2136,survey-multi-select,28,183688,0,P1807,STUDY0007,SESS1169,0,"{""Q0"":[""none of these""]}",store,category_organization
ROW30645,2392,survey-multi-select,29,186082,0,P1807,STUDY0007,SESS1169,0,"{""Q0"":[""none of these""]}",compote,category_organization
ROW30646,2269,survey-multi-select,30,188351,0,P1807,STUDY0007,SESS1169,0,"{""Q0"":[""none of these""]}",kiwi,category_organization
ROW30647,3399,survey-multi-select,31,191752,0,P1807,STUDY0007,SESS1169,0,"{""Q0"":[""none of these""]}",sidewalk,category_organization
ROW30648,2034,survey-multi-select,32,193786,0,P1807,STUDY0007,SESS1169,0,"{""Q0"":[""none of these""]}",lavender,category_organization
ROW30649,2728,survey-multi-select,33,196516,0,P1807,STUDY0007,SESS1169,0,"{""Q0"":[""material""]}",sand,category_organization
ROW30650,1889,survey-multi-select,34,198407,0,P1807,STUDY0007,SESS1169,0,"{""Q0"":[""material""]}",ribbon,category_organization
ROW30651,2070,survey-multi-select,35,200478,0,P1807,STUDY0007,SESS1169,0,"{""Q0"":[""material""]}",headband,category_organization
ROW30652,3110,survey-multi-select,36,203589,0,P1807,STUDY0007,SESS1169,0,"{""Q0"":[""material""]}",bath,category_organization
ROW30653,996,html-button-response,37,204586,0,P1807,STUDY0007,SESS1169,0,0,,
ROW30654,2769,instructions,38,207355,0,P1807,STUDY0007,SESS1169,0,,,
ROW30655,17957,instructions,0,17961,0,P0163,STUDY0007,SESS1154,0,,,
ROW30656,26538,html-button-response,2,55378,0,P0163,STUDY0007,SESS1154,0,0,,
ROW30657,10870,instructions,1,28834,0,P0163,STUDY0007,SESS1154,0,,,
ROW30658,10104,html-button-response,3,65485,0,P0163,STUDY0007,SESS1154,0,0,,
ROW30659,12787,html-button-response,4,78274,0,P0163,STUDY0007,SESS1154,0,0,,
ROW30660,7245,html-button-response,5,85521,0,P0163,STUDY0007,SESS1154,0,0,,
ROW30661,7453,html-button-response,6,92978,0,P0163,STUDY0007,SESS1154,0,0,,
ROW30662,14384,survey-multi-select,7,107371,0,P0163,STUDY0007,SESS1154,0,"{""Q0"":[""none of these""]}",happiness,practice_category
ROW30663,14756,html-button-response,8,122129,0,P0163,STUDY0007,SESS1154,0,0,,
ROW30664,11593,survey-multi-select,9,133725,0,P0163,STUDY0007,SESS1154,0,"{""Q0"":[""shape""]}",square,practice_category
ROW30665,3846,html-button-response,10,137573,0,P0163,STUDY0007,SESS1154,0,0,,
ROW30666,2625,html-button-response,12,150917,0,P0163,STUDY0007,SESS1154,0,0,,
ROW30667,10714,survey-multi-select,11,148290,0,P0163,STUDY0007,SESS1154,0,"{""Q0"":[""color""]}",red,practice_category
ROW30668,12610,survey-multi-select,13,163532,0,P0163,STUDY0007,SESS1154,0,"{""Q0"":[""material""]}",pottery,practice_category
ROW30669,9451,html-button-response,14,172985,0,P0163,STUDY0007,SESS1154,0,0,,
ROW30670,15297,html-button-response,15,188284,0,P0163,STUDY0007,SESS1154,0,0,,
ROW30671,6677,survey-multi-select,16,194968,0,P0163,STUDY0007,SESS1154,0,"{""Q0"":[""material""]}",firewood,category_organization
ROW30672,8344,survey-multi-select,17,203316,0,P0163,STUDY0007,SESS1154,0,"{""Q0"":[""material""]}",cheese,category_organization
ROW30673,25083,survey-multi-select,18,228403,0,P0163,STUDY0007,SESS1154,0,"{""Q0"":[""none of these""]}",neighborhood,category_organization
ROW30674,12959,survey-multi-select,19,241366,0,P0163,STUDY0007,SESS1154,0,"{""Q0"":[""none of these""]}",lavender,category_organization
ROW30675,25794,survey-multi-select,20,267164,0,P0163,STUDY0007,SESS1154,0,"{""Q0"":[""shape""]}",napkin,category_organization
ROW30676,7557,survey-multi-select,21,274724,0,P0163,STUDY0007,SESS1154,0,"{""Q0"":[""none of these""]}",frog,category_organization
ROW30677,4277,survey-multi-select,23,285761,0,P0163,STUDY0007,SESS1154,0,"{""Q0"":[""none of these""]}",dog,category_organization
ROW30678,10690,survey-multi-select,24,296454,0,P0163,STUDY0007,SESS1154,0,"{""Q0"":[""shape""]}",bun,category_organization
ROW30679,6750,survey-multi-select,22,281479,0,P0163,STUDY0007,SESS1154,0,"{""Q0"":[""shape""]}",tail,category_organization
ROW30680,29122,survey-multi-select,25,325580,0,P0163,STUDY0007,SESS1154,0,"{""Q0"":[""none of these""]}",light (object),category_organization
ROW30681,11598,survey-multi-select,26,337181,0,P0163,STUDY0007,SESS1154,0,"{""Q0"":[""shape""]}",vagina,category_organization
ROW30682,18356,survey-multi-select,27,355542,0,P0163,STUDY0007,SESS1154,0,"{""Q0"":[""none of these""]}",turkey,category_organization
ROW30683,6503,survey-multi-select,30,374872,0,P0163,STUDY0007,SESS1154,0,"{""Q0"":[""shape""]}",shoe,category_organization
ROW30684,4969,survey-multi-select,29,368365,0,P0163,STUDY0007,SESS1154,0,"{""Q0"":[""material""]}",rain,category_organization
ROW30685,7849,survey-multi-select,28,363395,0,P0163,STUDY0007,SESS1154,0,"{""Q0"":[""shape""]}",kite,category_organization
ROW30686,4973,survey-multi-select,31,379848,0,P0163,STUDY0007,SESS1154,0,"{""Q0"":[""material""]}",mirror,category_organization
ROW30687,13002,survey-multi-select,32,392855,0,P0163,STUDY0007,SESS1154,0,"{""Q0"":[""none of these""]}",time,category_organization
ROW30688,7947,survey-multi-select,33,400805,0,P0163,STUDY0007,SESS1154,0,"{""Q0"":[""shape""]}",boots,category_organization
ROW30689,33862,survey-multi-select,34,434672,0,P0163,STUDY0007,SESS1154,0,"{""Q0"":[""none of these""]}",calf,category_organization
ROW30690,10903,survey-multi-select,35,445579,0,P0163,STUDY0007,SESS1154,0,"{""Q0"":[""shape"",""material""]}",popsicle,category_organization
ROW30691,16847,survey-multi-select,36,462429,0,P0163,STUDY0007,SESS1154,0,"{""Q0"":[""shape""]}",porch,category_organization
ROW30692,1751,html-button-response,37,464183,0,P0163,STUDY0007,SESS1154,0,0,,
ROW30693,4663,instructions,38,468848,0,P0163,STUDY0007,SESS1154,0,,,
ROW30694,5833,instructions,0,5836,0,P1904,STUDY0007,SESS1171,0,,,
ROW30695,2556,instructions,1,8393,0,P1904,STUDY0007,SESS1171,0,,,
ROW30697,4262,html-button-response,3,23648,0,P1904,STUDY0007,SESS1171,0,0,,
ROW30698,3079,html-button-response,6,34297,0,P1904,STUDY0007,SESS1171,0,0,,
ROW30699,5139,html-button-response,4,28789,0,P1904,STUDY0007,SESS1171,0,0,,
ROW30700,2427,html-button-response,5,31217,0,P1904,STUDY0007,SESS1171,0,0,,
ROW30696,10989,html-button-response,2,19384,0,P1904,STUDY0007,SESS1171,0,0,,
ROW30701,8760,survey-multi-select,7,43061,0,P1904,STUDY0007,SESS1171,0,"{""Q0"":[""none of these""]}",happiness,practice_category
ROW30702,1679,html-button-response,8,44741,0,P1904,STUDY0007,SESS1171,0,0,,
ROW30703,4038,survey-multi-select,9,48781,0,P1904,STUDY0007,SESS1171,0,"{""Q0"":[""shape""]}",square,practice_category
ROW30704,1367,html-button-response,10,50148,0,P1904,STUDY0007,SESS1171,0,0,,
ROW30705,12789,survey-multi-select,11,62939,0,P1904,STUDY0007,SESS1171,0,"{""Q0"":[""none of these""]}",pottery,practice_category
ROW30706,6917,html-button-response,12,69858,0,P1904,STUDY0007,SESS1171,0,0,,
ROW30707,14756,survey-multi-select,13,84616,0,P1904,STUDY0007,SESS1171,0,"{""Q0"":[""color""]}",red,practice_category
ROW30708,3032,html-button-response,14,87650,0,P1904,STUDY0007,SESS1171,0,0,,
ROW30709,2706,survey-multi-select,16,96082,0,P1904,STUDY0007,SESS1171,0,"{""Q0"":[""none of these""]}",lavender,category_organization
ROW30710,5722,html-button-response,15,93373,0,P1904,STUDY0007,SESS1171,0,0,,
ROW30711,6214,survey-multi-select,18,105068,0,P1904,STUDY0007,SESS1171,0,"{""Q0"":[""shape""]}",macaroni,category_organization
ROW30712,2768,survey-multi-select,17,98852,0,P1904,STUDY0007,SESS1171,0,"{""Q0"":[""color""]}",orange,category_organization
ROW30713,5899,survey-multi-select,19,110969,0,P1904,STUDY0007,SESS1171,0,"{""Q0"":[""material""]}",watermelon,category_organization
ROW30714,8083,survey-multi-select,20,119055,0,P1904,STUDY0007,SESS1171,0,"{""Q0"":[""none of these""]}",story,category_organization
ROW30715,13711,survey-multi-select,21,132768,0,P1904,STUDY0007,SESS1171,0,"{""Q0"":[""shape""]}",cd,category_organization
ROW30716,5470,survey-multi-select,23,143361,0,P1904,STUDY0007,SESS1171,0,"{""Q0"":[""material""]}",fly (animal),category_organization
ROW30717,5120,survey-multi-select,22,137889,0,P1904,STUDY0007,SESS1171,0,"{""Q0"":[""material""]}",chocolate,category_organization
ROW30718,13837,survey-multi-select,24,157200,0,P1904,STUDY0007,SESS1171,0,"{""Q0"":[""material""]}",grill (object),category_organization
ROW30719,10449,survey-multi-select,25,167651,0,P1904,STUDY0007,SESS1171,0,"{""Q0"":[""material""]}",shoulder,category_organization
ROW30720,3719,survey-multi-select,26,171372,0,P1904,STUDY0007,SESS1171,0,"{""Q0"":[""material""]}",gum,category_organization
ROW30721,7711,survey-multi-select,27,179085,0,P1904,STUDY0007,SESS1171,0,"{""Q0"":[""shape""]}",dumpling,category_organization
ROW30722,12766,survey-multi-select,28,191853,0,P1904,STUDY0007,SESS1171,0,"{""Q0"":[""none of these""]}",bottle,category_organization
ROW30723,4286,survey-multi-select,29,196141,0,P1904,STUDY0007,SESS1171,0,"{""Q0"":[""material""]}",hippopotamus,category_organization
ROW30724,9242,survey-multi-select,30,205386,0,P1904,STUDY0007,SESS1171,0,"{""Q0"":[""none of these""]}",bib,category_organization
ROW30725,4729,survey-multi-select,31,210117,0,P1904,STUDY0007,SESS1171,0,"{""Q0"":[""none of these""]}",t-shirt,category_organization
ROW30726,5038,survey-multi-select,32,215157,0,P1904,STUDY0007,SESS1171,0,"{""Q0"":[""material""]}",back,category_organization
ROW30727,11943,survey-multi-select,33,227102,0,P1904,STUDY0007,SESS1171,0,"{""Q0"":[""none of these""]}",microwave,category_organization
ROW30728,3343,survey-multi-select,34,230448,0,P1904,STUDY0007,SESS1171,0,"{""Q0"":[""material""]}",pelican,category_organization
ROW30729,9768,survey-multi-select,36,242498,0,P1904,STUDY0007,SESS1171,0,"{""Q0"":[""none of these""]}",suburb,category_organization
ROW30730,1085,html-button-response,37,243584,0,P1904,STUDY0007,SESS1171,0,0,,
ROW30731,2279,survey-multi-select,35,232728,0,P1904,STUDY0007,SESS1171,0,"{""Q0"":[""material""]}",dragonfly,category_organization
ROW30732,3599,instructions,38,247184,0,P1904,STUDY0007,SESS1171,0,,,
ROW30733,3894,instructions,0,3898,0,P0701,STUDY0007,SESS1179,0,,,
ROW30734,28301,instructions,1,32200,0,P0701,STUDY0007,SESS1179,0,,,
ROW30735,8598,html-button-response,3,56517,0,P0701,STUDY0007,SESS1179,0,0,,
ROW30736,15709,html-button-response,2,47914,0,P0701,STUDY0007,SESS1179,0,0,,
ROW30737,9210,html-button-response,4,65731,0,P0701,STUDY0007,SESS1179,0,0,,
ROW30738,4942,html-button-response,5,70675,0,P0701,STUDY0007,SESS1179,0,0,,
ROW30739,5687,html-button-response,6,76365,0,P0701,STUDY0007,SESS1179,0,0,,
ROW30740,11148,survey-multi-select,7,87526,0,P0701,STUDY0007,SESS1179,0,"{""Q0"":[""material""]}",pottery,practice_category
ROW30741,1401,html-button-response,8,88933,0,P0701,STUDY0007,SESS1179,0,0,,
ROW30742,8219,survey-multi-select,9,97159,0,P0701,STUDY0007,SESS1179,0,"{""Q0"":[""color""]}",red,practice_category
ROW30743,4660,survey-multi-select,11,102717,0,P0701,STUDY0007,SESS1179,0,"{""Q0"":[""shape""]}",square,practice_category
ROW30744,888,html-button-response,10,98049,0,P0701,STUDY0007,SESS1179,0,0,,
ROW30745,1095,html-button-response,12,103816,0,P0701,STUDY0007,SESS1179,0,0,,
ROW30746,10661,survey-multi-select,13,114484,0,P0701,STUDY0007,SESS1179,0,"{""Q0"":[""none of these""]}",happiness,practice_category
ROW30747,958,html-button-response,14,115445,0,P0701,STUDY0007,SESS1179,0,0,,
ROW30748,3180,html-button-response,15,118627,0,P0701,STUDY0007,SESS1179,0,0,,
ROW30749,2989,survey-multi-select,16,121619,0,P0701,STUDY0007,SESS1179,0,"{""Q0"":[""none of these""]}",lavender,category_organization
ROW30750,5226,survey-multi-select,17,126849,0,P0701,STUDY0007,SESS1179,0,"{""Q0"":[""material""]}",hammer,category_organization
ROW30751,9179,survey-multi-select,18,136031,0,P0701,STUDY0007,SESS1179,0,"{""Q0"":[""material""]}",popsicle,category_organization
ROW30752,6474,survey-multi-select,19,142509,0,P0701,STUDY0007,SESS1179,0,"{""Q0"":[""material""]}",water (not beverage),category_organization
ROW30753,2853,survey-multi-select,21,150075,0,P0701,STUDY0007,SESS1179,0,"{""Q0"":[""material""]}",battery,category_organization
ROW30754,9680,survey-multi-select,22,159758,0,P0701,STUDY0007,SESS1179,0,"{""Q0"":[""material""]}",chicken,category_organization
ROW30755,8750,survey-multi-select,23,168512,0,P0701,STUDY0007,SESS1179,0,"{""Q0"":[""material""]}",bib,category_organization
ROW30756,4707,survey-multi-select,20,147219,0,P0701,STUDY0007,SESS1179,0,"{""Q0"":[""shape""]}",onesie,category_organization
ROW30757,5614,survey-multi-select,24,174133,0,P0701,STUDY0007,SESS1179,0,"{""Q0"":[""shape"",""material""]}",pan,category_organization
ROW30758,7548,survey-multi-select,25,181685,0,P0701,STUDY0007,SESS1179,0,"{""Q0"":[""shape"",""material""]}",flower,category_organization
ROW30759,9102,survey-multi-select,27,195047,0,P0701,STUDY0007,SESS1179,0,"{""Q0"":[""shape"",""material""]}",glasses,category_organization
ROW30760,4249,survey-multi-select,26,185941,0,P0701,STUDY0007,SESS1179,0,"{""Q0"":[""material""]}",stove,category_organization
ROW30761,2317,survey-multi-select,28,197367,0,P0701,STUDY0007,SESS1179,0,"{""Q0"":[""material""]}",towel,category_organization
ROW30762,3483,survey-multi-select,29,200853,0,P0701,STUDY0007,SESS1179,0,"{""Q0"":[""shape""]}",window,category_organization
ROW30763,4441,survey-multi-select,30,205299,0,P0701,STUDY0007,SESS1179,0,"{""Q0"":[""material""]}",dust,category_organization
ROW30764,2700,survey-multi-select,31,208006,0,P0701,STUDY0007,SESS1179,0,"{""Q0"":[""material""]}",rock (object),category_organization
ROW30765,3874,survey-multi-select,32,211883,0,P0701,STUDY0007,SESS1179,0,"{""Q0"":[""shape"",""material""]}",swimsuit,category_organization
ROW30766,4327,survey-multi-select,34,219599,0,P0701,STUDY0007,SESS1179,0,"{""Q0"":[""material""]}",sheep,category_organization
ROW30767,3377,survey-multi-select,33,215264,0,P0701,STUDY0007,SESS1179,0,"{""Q0"":[""material""]}",carpet,category_organization
ROW30768,3728,survey-multi-select,35,223333,0,P0701,STUDY0007,SESS1179,0,"{""Q0"":[""shape"",""material""]}",dining room,category_organization
ROW30769,3033,survey-multi-select,36,226374,0,P0701,STUDY0007,SESS1179,0,"{""Q0"":[""shape""]}",puddle,category_organization
ROW30770,833,html-button-response,37,227241,0,P0701,STUDY0007,SESS1179,0,0,,
ROW30771,4771,instructions,38,232023,0,P0701,STUDY0007,SESS1179,0,,,
ROW30772,8659,instructions,0,8661,0,P0013,STUDY0007,SESS1174,0,,,
ROW30773,1074,instructions,1,9736,0,P0013,STUDY0007,SESS1174,0,,,
ROW30774,10172,html-button-response,3,95994,0,P0013,STUDY0007,SESS1174,0,0,,
ROW30775,76085,html-button-response,2,85821,0,P0013,STUDY0007,SESS1174,0,0,,
ROW30776,6995,html-button-response,4,102990,0,P0013,STUDY0007,SESS1174,0,0,,
ROW30777,2397,html-button-response,5,105387,0,P0013,STUDY0007,SESS1174,0,0,,
ROW30778,47746,html-button-response,6,153134,0,P0013,STUDY0007,SESS1174,0,0,,
ROW30779,7987,survey-multi-select,7,161123,0,P0013,STUDY0007,SESS1174,0,"{""Q0"":[""shape""]}",square,practice_category
ROW30780,661,html-button-response,8,161785,0,P0013,STUDY0007,SESS1174,0,0,,
ROW30781,7199,survey-multi-select,9,168985,0,P0013,STUDY0007,SESS1174,0,"{""Q0"":[""none of these""]}",pottery,practice_category
ROW30782,19368,html-button-response,10,188354,0,P0013,STUDY0007,SESS1174,0,0,,
ROW30783,5473,survey-multi-select,11,193828,0,P0013,STUDY0007,SESS1174,0,"{""Q0"":[""none of these""]}",happiness,practice_category
ROW30784,605,html-button-response,12,194434,0,P0013,STUDY0007,SESS1174,0,0,,
ROW30785,21311,survey-multi-select,13,215746,0,P0013,STUDY0007,SESS1174,0,"{""Q0"":[""color""]}",red,practice_category
ROW30786,842,html-button-response,14,216589,0,P0013,STUDY0007,SESS1174,0,0,,
ROW30787,2620,html-button-response,15,219210,0,P0013,STUDY0007,SESS1174,0,0,,
ROW30788,4540,survey-multi-select,16,223752,0,P0013,STUDY0007,SESS1174,0,"{""Q0"":[""none of these""]}",toothpaste,category_organization
ROW30789,3819,survey-multi-select,17,227573,0,P0013,STUDY0007,SESS1174,0,"{""Q0"":[""none of these""]}",zipper,category_organization
ROW30790,2515,survey-multi-select,18,230089,0,P0013,STUDY0007,SESS1174,0,"{""Q0"":[""none of these""]}",push,category_organization
ROW30791,5323,survey-multi-select,19,235414,0,P0013,STUDY0007,SESS1174,0,"{""Q0"":[""material""]}",bandaid,category_organization
ROW30792,3040,survey-multi-select,20,238455,0,P0013,STUDY0007,SESS1174,0,"{""Q0"":[""none of these""]}",chin,category_organization
ROW30793,2417,survey-multi-select,21,240874,0,P0013,STUDY0007,SESS1174,0,"{""Q0"":[""none of these""]}",goose,category_organization
ROW30794,4023,survey-multi-select,23,247636,0,P0013,STUDY0007,SESS1174,0,"{""Q0"":[""shape""]}",cutlet,category_organization
ROW30795,2450,survey-multi-select,24,250087,0,P0013,STUDY0007,SESS1174,0,"{""Q0"":[""none of these""]}",crane,category_organization
ROW30796,2737,survey-multi-select,22,243612,0,P0013,STUDY0007,SESS1174,0,"{""Q0"":[""material""]}",coffee,category_organization
ROW30797,2585,survey-multi-select,25,252673,0,P0013,STUDY0007,SESS1174,0,"{""Q0"":[""shape""]}",croissant,category_organization
ROW30798,5496,survey-multi-select,27,262168,0,P0013,STUDY0007,SESS1174,0,"{""Q0"":[""material""]}",salt,category_organization
ROW30799,3996,survey-multi-select,26,256671,0,P0013,STUDY0007,SESS1174,0,"{""Q0"":[""none of these""]}",swing (object),category_organization
ROW30800,5892,survey-multi-select,28,268061,0,P0013,STUDY0007,SESS1174,0,"{""Q0"":[""none of these""]}",trolley,category_organization
ROW30801,38076,survey-multi-select,29,306138,0,P0013,STUDY0007,SESS1174,0,"{""Q0"":[""material""]}",snowman,category_organization
ROW30802,2126,survey-multi-select,30,308265,0,P0013,STUDY0007,SESS1174,0,"{""Q0"":[""none of these""]}",kefir,category_organization
ROW30803,1885,survey-multi-select,31,310151,0,P0013,STUDY0007,SESS1174,0,"{""Q0"":[""none of these""]}",heart,category_organization
ROW30804,7870,survey-multi-select,32,318022,0,P0013,STUDY0007,SESS1174,0,"{""Q0"":[""shape""]}",branch,category_organization
ROW30805,4245,survey-multi-select,33,322268,0,P0013,STUDY0007,SESS1174,0,"{""Q0"":[""shape"",""material""]}",toe,category_organization
ROW30806,6099,survey-multi-select,34,328368,0,P0013,STUDY0007,SESS1174,0,"{""Q0"":[""shape"",""color"",""material""]}",apricot,category_organization
ROW30807,2453,survey-multi-select,35,330823,0,P0013,STUDY0007,SESS1174,0,"{""Q0"":[""none of these""]}",lavender,category_organization
ROW30808,8243,survey-multi-select,36,339067,0,P0013,STUDY0007,SESS1174,0,"{""Q0"":[""shape"",""color""]}",lip,category_organization
ROW30809,1080,html-button-response,37,340148,0,P0013,STUDY0007,SESS1174,0,0,,
ROW30810,1437,instructions,38,341585,0,P0013,STUDY0007,SESS1174,0,,,
ROW30811,2829,instructions,0,2831,0,P0809,STUDY0007,SESS1178,0,,,
ROW30812,115863,html-button-response,2,121667,0,P0809,STUDY0007,SESS1178,0,0,,
ROW30813,62545,html-button-response,3,184213,0,P0809,STUDY0007,SESS1178,0,0,,
ROW30814,8927,html-button-response,4,193141,0,P0809,STUDY0007,SESS1178,0,0,,
ROW30815,5235,html-button-response,5,198377,0,P0809,STUDY0007,SESS1178,0,0,,
ROW30816,2971,instructions,1,5802,0,P0809,STUDY0007,SESS1178,0,,,
ROW30817,2957,html-button-response,6,201335,0,P0809,STUDY0007,SESS1178,0,0,,
ROW30818,10292,survey-multi-select,7,211629,0,P0809,STUDY0007,SESS1178,0,"{""Q0"":[""shape"",""material""]}",red,practice_category
ROW30819,6852,html-button-response,8,218483,0,P0809,STUDY0007,SESS1178,0,0,,
ROW30820,4900,survey-multi-select,9,223385,0,P0809,STUDY0007,SESS1178,0,"{""Q0"":[""shape""]}",square,practice_category
ROW30821,2949,html-button-response,10,226335,0,P0809,STUDY0007,SESS1178,0,0,,
ROW30822,5722,survey-multi-select,11,232059,0,P0809,STUDY0007,SESS1178,0,"{""Q0"":[""material""]}",pottery,practice_category
ROW30823,1021,html-button-response,12,233081,0,P0809,STUDY0007,SESS1178,0,0,,
ROW30824,3124,survey-multi-select,13,236207,0,P0809,STUDY0007,SESS1178,0,"{""Q0"":[""none of these""]}",happiness,practice_category
ROW30825,821,html-button-response,14,237029,0,P0809,STUDY0007,SESS1178,0,0,,
ROW30826,3595,html-button-response,15,240625,0,P0809,STUDY0007,SESS1178,0,0,,
ROW30827,5626,survey-multi-select,16,246253,0,P0809,STUDY0007,SESS1178,0,"{""Q0"":[""shape""]}",waist,category_organization
ROW30828,3272,survey-multi-select,18,255733,0,P0809,STUDY0007,SESS1178,0,"{""Q0"":[""shape"",""material""]}",pocket,category_organization
ROW30829,6204,survey-multi-select,17,252459,0,P0809,STUDY0007,SESS1178,0,"{""Q0"":[""shape"",""material""]}",pen,category_organization
ROW30830,5300,survey-multi-select,19,261035,0,P0809,STUDY0007,SESS1178,0,"{""Q0"":[""material""]}",drum,category_organization
ROW30831,3375,survey-multi-select,20,264411,0,P0809,STUDY0007,SESS1178,0,"{""Q0"":[""none of these""]}",suburb,category_organization
ROW30832,4108,survey-multi-select,21,268521,0,P0809,STUDY0007,SESS1178,0,"{""Q0"":[""material""]}",syrup,category_organization
ROW30833,3496,survey-multi-select,22,272019,0,P0809,STUDY0007,SESS1178,0,"{""Q0"":[""shape"",""material""]}",mirror,category_organization
ROW30834,2963,survey-multi-select,24,278319,0,P0809,STUDY0007,SESS1178,0,"{""Q0"":[""shape""]}",pen/pencil,category_organization
ROW30835,3334,survey-multi-select,23,275355,0,P0809,STUDY0007,SESS1178,0,"{""Q0"":[""material""]}",card,category_organization
ROW30836,4001,survey-multi-select,26,285928,0,P0809,STUDY0007,SESS1178,0,"{""Q0"":[""shape""]}",marker,category_organization
ROW30837,3605,survey-multi-select,25,281925,0,P0809,STUDY0007,SESS1178,0,"{""Q0"":[""shape""]}",hose,category_organization
ROW30838,3112,survey-multi-select,27,289041,0,P0809,STUDY0007,SESS1178,0,"{""Q0"":[""shape""]}",bathtub,category_organization
ROW30839,3467,survey-multi-select,29,294161,0,P0809,STUDY0007,SESS1178,0,"{""Q0"":[""shape""]}",plug,category_organization
ROW30840,1650,survey-multi-select,28,290693,0,P0809,STUDY0007,SESS1178,0,"{""Q0"":[""shape""]}",handkerchief,category_organization
ROW30841,1749,survey-multi-select,30,295911,0,P0809,STUDY0007,SESS1178,0,"{""Q0"":[""material""]}",pot,category_organization
ROW30842,2329,survey-multi-select,31,298241,0,P0809,STUDY0007,SESS1178,0,"{""Q0"":[""none of these""]}",beans,category_organization
ROW30843,1528,survey-multi-select,32,299771,0,P0809,STUDY0007,SESS1178,0,"{""Q0"":[""none of these""]}",lavender,category_organization
ROW30844,3714,survey-multi-select,34,307263,0,P0809,STUDY0007,SESS1178,0,"{""Q0"":[""shape"",""material""]}",bench,category_organization
ROW30845,2573,survey-multi-select,35,309837,0,P0809,STUDY0007,SESS1178,0,"{""Q0"":[""shape""]}",tunnel,category_organization
ROW30846,3775,survey-multi-select,33,303547,0,P0809,STUDY0007,SESS1178,0,"{""Q0"":[""shape""]}",seal (animal),category_organization
ROW30847,1911,survey-multi-select,36,311749,0,P0809,STUDY0007,SESS1178,0,"{""Q0"":[""shape""]}",gun,category_organization
ROW30848,1099,html-button-response,37,312849,0,P0809,STUDY0007,SESS1178,0,0,,
ROW30849,2038,instructions,38,314887,0,P0809,STUDY0007,SESS1178,0,,,
ROW30850,4174,instructions,0,4175,0,P1721,STUDY0007,SESS1176,0,,,
ROW30851,7151,html-button-response,6,61645,0,P1721,STUDY0007,SESS1176,0,0,,
ROW30852,1408,instructions,1,5584,0,P1721,STUDY0007,SESS1176,0,,,
ROW30853,2781,html-button-response,5,54493,0,P1721,STUDY0007,SESS1176,0,0,,
ROW30854,10051,html-button-response,2,15641,0,P1721,STUDY0007,SESS1176,0,0,,
ROW30855,17317,html-button-response,3,32961,0,P1721,STUDY0007,SESS1176,0,0,,
ROW30856,18745,html-button-response,4,51710,0,P1721,STUDY0007,SESS1176,0,0,,
ROW30857,33317,html-button-response,2,67973,0,P1647,STUDY0007,SESS1144,0,0,,
ROW30858,13439,instructions,0,13439,0,P1647,STUDY0007,SESS1144,0,,,
ROW30859,21215,instructions,1,34655,0,P1647,STUDY0007,SESS1144,0,,,
ROW30860,20064,html-button-response,3,88039,0,P1647,STUDY0007,SESS1144,0,0,,
ROW30861,16046,html-button-response,5,140061,0,P1647,STUDY0007,SESS1144,0,0,,
ROW30862,35973,html-button-response,4,124013,0,P1647,STUDY0007,SESS1144,0,0,,
ROW30863,18446,html-button-response,6,158508,0,P1647,STUDY0007,SESS1144,0,0,,
ROW30864,33783,survey-multi-select,7,192292,0,P1647,STUDY0007,SESS1144,0,"{""Q0"":[""shape"",""material"",""color""]}",pottery,practice_category
ROW30865,40221,survey-multi-select,9,250877,0,P1647,STUDY0007,SESS1144,0,"{""Q0"":[""none of these""]}",happiness,practice_category
ROW30866,18361,html-button-response,8,210655,0,P1647,STUDY0007,SESS1144,0,0,,
ROW30867,8837,html-button-response,10,259715,0,P1647,STUDY0007,SESS1144,0,0,,
ROW30868,16195,survey-multi-select,11,275911,0,P1647,STUDY0007,SESS1144,0,"{""Q0"":[""shape"",""color""]}",red,practice_category
ROW30869,18233,html-button-response,12,294144,0,P1647,STUDY0007,SESS1144,0,0,,
ROW30870,25041,survey-multi-select,13,319186,0,P1647,STUDY0007,SESS1144,0,"{""Q0"":[""shape"",""material"",""color""]}",square,practice_category
ROW30871,7075,html-button-response,14,326261,0,P1647,STUDY0007,SESS1144,0,0,,
ROW30872,16050,html-button-response,15,342312,0,P1647,STUDY0007,SESS1144,0,0,,
ROW30873,35393,survey-multi-select,16,377707,0,P1647,STUDY0007,SESS1144,0,"{""Q0"":[""shape"",""color""]}",lion,category_organization
ROW30874,17906,survey-multi-select,17,395613,0,P1647,STUDY0007,SESS1144,0,"{""Q0"":[""shape"",""material""]}",strawberry,category_organization
ROW30875,28966,survey-multi-select,18,424580,0,P1647,STUDY0007,SESS1144,0,"{""Q0"":[""shape"",""material""]}",biscuit,category_organization
ROW30876,12624,survey-multi-select,19,437206,0,P1647,STUDY0007,SESS1144,0,"{""Q0"":[""color"",""material""]}",cheese,category_organization
ROW30877,14385,survey-multi-select,20,451592,0,P1647,STUDY0007,SESS1144,0,"{""Q0"":[""shape"",""color"",""material""]}",pajamas,category_organization
ROW30878,5198,survey-multi-select,22,468826,0,P1647,STUDY0007,SESS1144,0,"{""Q0"":[""none of these""]}",lavender,category_organization
ROW30879,13638,survey-multi-select,23,482465,0,P1647,STUDY0007,SESS1144,0,"{""Q0"":[""shape"",""color""]}",peanut,category_organization
ROW30880,12034,survey-multi-select,21,463626,0,P1647,STUDY0007,SESS1144,0,"{""Q0"":[""shape"",""color""]}",pear,category_organization
ROW30881,9766,survey-multi-select,24,492232,0,P1647,STUDY0007,SESS1144,0,"{""Q0"":[""none of these""]}",sparrow,category_organization
ROW30882,17213,survey-multi-select,25,509446,0,P1647,STUDY0007,SESS1144,0,"{""Q0"":[""shape"",""material""]}",sprouts,category_organization
ROW30883,17920,survey-multi-select,26,527367,0,P1647,STUDY0007,SESS1144,0,"{""Q0"":[""shape"",""color""]}",goat,category_organization
ROW30884,9565,survey-multi-select,27,536932,0,P1647,STUDY0007,SESS1144,0,"{""Q0"":[""shape"",""color""]}",flower pot,category_organization
ROW30885,12332,survey-multi-select,29,560900,0,P1647,STUDY0007,SESS1144,0,"{""Q0"":[""color"",""material""]}",lemonade,category_organization
ROW30886,11633,survey-multi-select,28,548567,0,P1647,STUDY0007,SESS1144,0,"{""Q0"":[""shape"",""material""]}",radiator,category_organization
ROW30887,13383,survey-multi-select,30,574284,0,P1647,STUDY0007,SESS1144,0,"{""Q0"":[""color"",""material""]}",ice cream,category_organization
ROW30888,8513,survey-multi-select,32,593531,0,P1647,STUDY0007,SESS1144,0,"{""Q0"":[""shape"",""color""]}",guava,category_organization
ROW30889,10732,survey-multi-select,31,585017,0,P1647,STUDY0007,SESS1144,0,"{""Q0"":[""none of these""]}",seesaw,category_organization
ROW30890,7474,survey-multi-select,33,601006,0,P1647,STUDY0007,SESS1144,0,"{""Q0"":[""none of these""]}",can,category_organization
ROW30891,18348,survey-multi-select,35,644050,0,P1647,STUDY0007,SESS1144,0,"{""Q0"":[""color"",""material""]}",ice cream,category_organization
ROW30892,24694,survey-multi-select,34,625701,0,P1647,STUDY0007,SESS1144,0,"{""Q0"":[""shape"",""material""]}",train,category_organization
ROW30893,9463,survey-multi-select,36,653514,0,P1647,STUDY0007,SESS1144,0,"{""Q0"":[""none of these""]}",kimchi,category_organization
ROW30894,4371,html-button-response,37,657886,0,P1647,STUDY0007,SESS1144,0,0,,
ROW30895,9633,instructions,38,667519,0,P1647,STUDY0007,SESS1144,0,,,
ROW30896,12542,instructions,0,12545,0,P1545,STUDY0007,SESS1170,0,,,
ROW30897,17267,instructions,1,29815,0,P1545,STUDY0007,SESS1170,0,,,
ROW30898,29918,html-button-response,2,59738,0,P1545,STUDY0007,SESS1170,0,0,,
ROW30899,14078,html-button-response,3,73821,0,P1545,STUDY0007,SESS1170,0,0,,
ROW30900,22674,html-button-response,4,96499,0,P1545,STUDY0007,SESS1170,0,0,,
ROW30901,29468,html-button-response,5,125971,0,P1545,STUDY0007,SESS1170,0,0,,
ROW30902,11311,survey-multi-select,7,144009,0,P1545,STUDY0007,SESS1170,0,"{""Q0"":[""none of these""]}",happiness,practice_category
ROW30903,6712,html-button-response,6,132689,0,P1545,STUDY0007,SESS1170,0,0,,
ROW30904,6355,html-button-response,8,150367,0,P1545,STUDY0007,SESS1170,0,0,,
ROW30905,15045,survey-multi-select,9,165419,0,P1545,STUDY0007,SESS1170,0,"{""Q0"":[""material""]}",pottery,practice_category
ROW30906,3277,html-button-response,10,168699,0,P1545,STUDY0007,SESS1170,0,0,,
ROW30907,8447,survey-multi-select,11,177151,0,P1545,STUDY0007,SESS1170,0,"{""Q0"":[""color""]}",red,practice_category
ROW30908,2695,html-button-response,12,179849,0,P1545,STUDY0007,SESS1170,0,0,,
ROW30909,7903,survey-multi-select,13,187757,0,P1545,STUDY0007,SESS1170,0,"{""Q0"":[""shape""]}",square,practice_category
ROW30910,4850,html-button-response,14,192609,0,P1545,STUDY0007,SESS1170,0,0,,
ROW30911,12025,html-button-response,15,204635,0,P1545,STUDY0007,SESS1170,0,0,,
ROW30912,12546,survey-multi-select,16,217187,0,P1545,STUDY0007,SESS1170,0,"{""Q0"":[""shape""]}",hat,category_organization
ROW30913,10914,survey-multi-select,17,228107,0,P1545,STUDY0007,SESS1170,0,"{""Q0"":[""none of these""]}",lemonade,category_organization
ROW30914,9863,survey-multi-select,18,237975,0,P1545,STUDY0007,SESS1170,0,"{""Q0"":[""none of these""]}",radio,category_organization
ROW30915,13292,survey-multi-select,19,251273,0,P1545,STUDY0007,SESS1170,0,"{""Q0"":[""material""]}",onion,category_organization
ROW30916,7587,survey-multi-select,20,258865,0,P1545,STUDY0007,SESS1170,0,"{""Q0"":[""none of these""]}",cell phone,category_organization
ROW30917,13999,survey-multi-select,21,272871,0,P1545,STUDY0007,SESS1170,0,"{""Q0"":[""none of these""]}",calf,category_organization
ROW30918,10539,survey-multi-select,22,283416,0,P1545,STUDY0007,SESS1170,0,"{""Q0"":[""material""]}",milk,category_organization
ROW30919,14614,survey-multi-select,23,298035,0,P1545,STUDY0007,SESS1170,0,"{""Q0"":[""shape""]}",kayak,category_organization
ROW30920,8784,survey-multi-select,24,306825,0,P1545,STUDY0007,SESS1170,0,"{""Q0"":[""shape""]}",hose,category_organization
ROW30921,6817,survey-multi-select,25,313647,0,P1545,STUDY0007,SESS1170,0,"{""Q0"":[""material""]}",finger,category_organization
ROW30922,6061,survey-multi-select,26,319715,0,P1545,STUDY0007,SESS1170,0,"{""Q0"":[""material""]}",star,category_organization
ROW30923,7721,survey-multi-select,27,327441,0,P1545,STUDY0007,SESS1170,0,"{""Q0"":[""shape""]}",forehead,category_organization
ROW30924,11665,survey-multi-select,28,339112,0,P1545,STUDY0007,SESS1170,0,"{""Q0"":[""shape""]}",boots,category_organization
ROW30925,11064,survey-multi-select,29,350181,0,P1545,STUDY0007,SESS1170,0,"{""Q0"":[""shape""]}",can,category_organization
ROW30926,7337,survey-multi-select,30,357523,0,P1545,STUDY0007,SESS1170,0,"{""Q0"":[""material""]}",potato,category_organization
ROW30927,4266,survey-multi-select,31,361795,0,P1545,STUDY0007,SESS1170,0,"{""Q0"":[""none of these""]}",lavender,category_organization
ROW30928,7235,survey-multi-select,32,369035,0,P1545,STUDY0007,SESS1170,0,"{""Q0"":[""material""]}",cereal,category_organization
ROW30929,8885,survey-multi-select,34,390004,0,P1545,STUDY0007,SESS1170,0,"{""Q0"":[""shape""]}",necklace,category_organization
ROW30930,12073,survey-multi-select,33,381113,0,P1545,STUDY0007,SESS1170,0,"{""Q0"":[""none of these""]}",oven,category_organization
ROW30931,8366,survey-multi-select,36,408855,0,P1545,STUDY0007,SESS1170,0,"{""Q0"":[""material""]}",mushroom,category_organization
ROW30932,10474,survey-multi-select,35,400483,0,P1545,STUDY0007,SESS1170,0,"{""Q0"":[""shape""]}",hole,category_organization
ROW30933,11800,instructions,38,422443,0,P1545,STUDY0007,SESS1170,0,,,
ROW30934,1783,html-button-response,37,410641,0,P1545,STUDY0007,SESS1170,0,0,,
ROW30935,19265,instructions,0,19272,0,P1699,STUDY0007,SESS1116,0,,,
ROW30936,6016,instructions,0,6017,0,P0149,STUDY0007,SESS1180,0,,,
ROW30937,5034,instructions,1,11052,0,P0149,STUDY0007,SESS1180,0,,,
ROW30938,11253,html-button-response,2,22309,0,P0149,STUDY0007,SESS1180,0,0,,
ROW30939,5394,html-button-response,6,47610,0,P0149,STUDY0007,SESS1180,0,0,,
ROW30940,5650,html-button-response,3,27961,0,P0149,STUDY0007,SESS1180,0,0,,
ROW30941,4330,html-button-response,5,42214,0,P0149,STUDY0007,SESS1180,0,0,,
ROW30942,9919,html-button-response,4,37882,0,P0149,STUDY0007,SESS1180,0,0,,
ROW30943,17822,survey-multi-select,7,65436,0,P0149,STUDY0007,SESS1180,0,"{""Q0"":[""color""]}",red,practice_category
ROW30944,4538,html-button-response,8,69976,0,P0149,STUDY0007,SESS1180,0,0,,
ROW30945,1013,html-button-response,10,78227,0,P0149,STUDY0007,SESS1180,0,0,,
ROW30946,7249,survey-multi-select,11,85479,0,P0149,STUDY0007,SESS1180,0,"{""Q0"":[""material""]}",pottery,practice_category
ROW30947,7233,survey-multi-select,9,77212,0,P0149,STUDY0007,SESS1180,0,"{""Q0"":[""none of these""]}",happiness,practice_category
ROW30948,2235,html-button-response,12,87716,0,P0149,STUDY0007,SESS1180,0,0,,
ROW30949,5029,survey-multi-select,13,92747,0,P0149,STUDY0007,SESS1180,0,"{""Q0"":[""shape""]}",square,practice_category
ROW30950,1411,html-button-response,14,94160,0,P0149,STUDY0007,SESS1180,0,0,,
ROW30951,3627,html-button-response,15,97788,0,P0149,STUDY0007,SESS1180,0,0,,
ROW30952,6529,survey-multi-select,16,104320,0,P0149,STUDY0007,SESS1180,0,"{""Q0"":[""shape""]}",dress (object),category_organization
ROW30953,7928,survey-multi-select,18,118173,0,P0149,STUDY0007,SESS1180,0,"{""Q0"":[""none of these""]}",fan,category_organization
ROW30954,5919,survey-multi-select,17,110242,0,P0149,STUDY0007,SESS1180,0,"{""Q0"":[""material""]}",pancake,category_organization
ROW30955,2955,survey-multi-select,19,121131,0,P0149,STUDY0007,SESS1180,0,"{""Q0"":[""none of these""]}",lavender,category_organization
ROW30956,2931,survey-multi-select,20,124065,0,P0149,STUDY0007,SESS1180,0,"{""Q0"":[""material""]}",soap,category_organization
ROW30957,5968,survey-multi-select,21,130036,0,P0149,STUDY0007,SESS1180,0,"{""Q0"":[""material""]}",lettuce,category_organization
ROW30958,12052,survey-multi-select,22,142091,0,P0149,STUDY0007,SESS1180,0,"{""Q0"":[""shape""]}",airplane,category_organization
ROW30959,6368,survey-multi-select,24,155921,0,P0149,STUDY0007,SESS1180,0,"{""Q0"":[""shape""]}",bracelet,category_organization
ROW30960,7456,survey-multi-select,23,149550,0,P0149,STUDY0007,SESS1180,0,"{""Q0"":[""shape"",""material""]}",pear,category_organization
ROW30961,3594,survey-multi-select,25,159518,0,P0149,STUDY0007,SESS1180,0,"{""Q0"":[""none of these""]}",dinosaur,category_organization
ROW30962,8895,survey-multi-select,26,168416,0,P0149,STUDY0007,SESS1180,0,"{""Q0"":[""material""]}",microphone,category_organization
ROW30963,4139,survey-multi-select,27,172557,0,P0149,STUDY0007,SESS1180,0,"{""Q0"":[""shape""]}",cap,category_organization
ROW30964,4267,survey-multi-select,29,179560,0,P0149,STUDY0007,SESS1180,0,"{""Q0"":[""none of these""]}",snack,category_organization
ROW30965,2731,survey-multi-select,28,175291,0,P0149,STUDY0007,SESS1180,0,"{""Q0"":[""shape""]}",vest,category_organization
ROW30966,3827,survey-multi-select,30,183390,0,P0149,STUDY0007,SESS1180,0,"{""Q0"":[""none of these""]}",monkey,category_organization
ROW30967,6971,survey-multi-select,31,190364,0,P0149,STUDY0007,SESS1180,0,"{""Q0"":[""none of these""]}",shoulder,category_organization
ROW30968,2744,survey-multi-select,32,193110,0,P0149,STUDY0007,SESS1180,0,"{""Q0"":[""shape""]}",swimsuit,category_organization
ROW30969,3730,survey-multi-select,34,200170,0,P0149,STUDY0007,SESS1180,0,"{""Q0"":[""shape""]}",ruler,category_organization
ROW30970,1365,html-button-response,37,211107,0,P0149,STUDY0007,SESS1180,0,0,,
ROW30971,3324,survey-multi-select,33,196437,0,P0149,STUDY0007,SESS1180,0,"{""Q0"":[""material""]}",sugar,category_organization
ROW30972,3148,survey-multi-select,35,203320,0,P0149,STUDY0007,SESS1180,0,"{""Q0"":[""none of these""]}",traffic,category_organization
ROW30974,2405,instructions,38,213513,0,P0149,STUDY0007,SESS1180,0,,,
ROW30973,6418,survey-multi-select,36,209740,0,P0149,STUDY0007,SESS1180,0,"{""Q0"":[""material""]}",can (object),category_organization
ROW30975,7058,instructions,0,7060,0,P1673,STUDY0007,SESS1172,0,,,
ROW30976,4128,instructions,1,11189,0,P1673,STUDY0007,SESS1172,0,,,
ROW30977,4553,html-button-response,3,31247,0,P1673,STUDY0007,SESS1172,0,0,,
ROW30978,4767,html-button-response,5,44443,0,P1673,STUDY0007,SESS1172,0,0,,
ROW30979,8419,html-button-response,4,39667,0,P1673,STUDY0007,SESS1172,0,0,,
ROW30980,15493,html-button-response,2,26684,0,P1673,STUDY0007,SESS1172,0,0,,
ROW30981,31520,html-button-response,6,75964,0,P1673,STUDY0007,SESS1172,0,0,,
ROW30982,13617,survey-multi-select,7,89584,0,P1673,STUDY0007,SESS1172,0,"{""Q0"":[""shape"",""color""]}",red,practice_category
ROW30983,6722,html-button-response,8,96308,0,P1673,STUDY0007,SESS1172,0,0,,
ROW30984,6807,survey-multi-select,9,103117,0,P1673,STUDY0007,SESS1172,0,"{""Q0"":[""none of these""]}",happiness,practice_category
ROW30985,1124,html-button-response,10,104242,0,P1673,STUDY0007,SESS1172,0,0,,
ROW30986,7743,survey-multi-select,11,111987,0,P1673,STUDY0007,SESS1172,0,"{""Q0"":[""material""]}",pottery,practice_category
ROW30987,1279,html-button-response,12,113267,0,P1673,STUDY0007,SESS1172,0,0,,
ROW30988,3262,survey-multi-select,13,116531,0,P1673,STUDY0007,SESS1172,0,"{""Q0"":[""shape""]}",square,practice_category
ROW30989,1007,html-button-response,14,117538,0,P1673,STUDY0007,SESS1172,0,0,,
ROW30990,2307,html-button-response,15,119846,0,P1673,STUDY0007,SESS1172,0,0,,
ROW30991,20000,survey-multi-select,16,139848,0,P1673,STUDY0007,SESS1172,0,"{""Q0"":[""none of these""]}",tablecloth,category_organization
ROW30992,14599,survey-multi-select,17,154448,0,P1673,STUDY0007,SESS1172,0,"{""Q0"":[""none of these""]}",bun,category_organization
ROW30993,5630,survey-multi-select,18,160079,0,P1673,STUDY0007,SESS1172,0,"{""Q0"":[""shape""]}",goose,category_organization
ROW30994,121558,survey-multi-select,19,281639,0,P1673,STUDY0007,SESS1172,0,"{""Q0"":[""material""]}",grill (object),category_organization
ROW30995,4510,survey-multi-select,20,286151,0,P1673,STUDY0007,SESS1172,0,"{""Q0"":[""material""]}",carpet,category_organization
ROW30996,6119,survey-multi-select,21,292271,0,P1673,STUDY0007,SESS1172,0,"{""Q0"":[""none of these""]}",clothing,category_organization
ROW30997,6230,survey-multi-select,22,298502,0,P1673,STUDY0007,SESS1172,0,"{""Q0"":[""none of these""]}",street,category_organization
ROW30998,7693,survey-multi-select,23,306197,0,P1673,STUDY0007,SESS1172,0,"{""Q0"":[""none of these""]}",pill,category_organization
ROW30999,7672,survey-multi-select,24,313871,0,P1673,STUDY0007,SESS1172,0,"{""Q0"":[""shape"",""material""]}",turkey,category_organization
ROW31000,5102,survey-multi-select,25,318974,0,P1673,STUDY0007,SESS1172,0,"{""Q0"":[""none of these""]}",balcony,category_organization
ROW31001,5735,survey-multi-select,26,324710,0,P1673,STUDY0007,SESS1172,0,"{""Q0"":[""none of these""]}",nugget,category_organization
ROW31002,7488,survey-multi-select,27,332199,0,P1673,STUDY0007,SESS1172,0,"{""Q0"":[""shape""]}",piano,category_organization
ROW31003,7515,survey-multi-select,28,339715,0,P1673,STUDY0007,SESS1172,0,"{""Q0"":[""shape"",""material""]}",key,category_organization
ROW31004,13451,survey-multi-select,29,353167,0,P1673,STUDY0007,SESS1172,0,"{""Q0"":[""material""]}",vacuum cleaner,category_organization
ROW31005,6487,survey-multi-select,30,359655,0,P1673,STUDY0007,SESS1172,0,"{""Q0"":[""material""]}",blouse,category_organization
ROW31006,3908,survey-multi-select,32,370047,0,P1673,STUDY0007,SESS1172,0,"{""Q0"":[""material""]}",tape (object),category_organization
ROW31007,6482,survey-multi-select,31,366138,0,P1673,STUDY0007,SESS1172,0,"{""Q0"":[""none of these""]}",street,category_organization
ROW31008,2927,survey-multi-select,33,372975,0,P1673,STUDY0007,SESS1172,0,"{""Q0"":[""material""]}",carpet,category_organization
ROW31009,19834,survey-multi-select,34,392810,0,P1673,STUDY0007,SESS1172,0,"{""Q0"":[""shape""]}",t-shirt,category_organization
ROW31010,2463,survey-multi-select,35,395275,0,P1673,STUDY0007,SESS1172,0,"{""Q0"":[""none of these""]}",clothing,category_organization
ROW31011,1750,survey-multi-select,36,397026,0,P1673,STUDY0007,SESS1172,0,"{""Q0"":[""none of these""]}",lavender,category_organization
ROW31012,875,html-button-response,37,397902,0,P1673,STUDY0007,SESS1172,0,0,,
ROW31013,2640,instructions,38,400543,0,P1673,STUDY0007,SESS1172,0,,,
ROW31014,80689,instructions,0,80691,0,P0182,STUDY0007,SESS1166,0,,,
ROW31015,3599,instructions,1,84291,0,P0182,STUDY0007,SESS1166,0,,,
ROW31016,2596,html-button-response,2,86890,0,P0182,STUDY0007,SESS1166,0,0,,
ROW31017,1617,html-button-response,3,88509,0,P0182,STUDY0007,SESS1166,0,0,,
ROW31018,862,html-button-response,5,91318,0,P0182,STUDY0007,SESS1166,0,0,,
ROW31019,715,html-button-response,6,92034,0,P0182,STUDY0007,SESS1166,0,0,,
ROW31020,1945,html-button-response,4,90456,0,P0182,STUDY0007,SESS1166,0,0,,
ROW31021,13274,instructions,0,13280,0,P1175,STUDY0007,SESS1173,0,,,
ROW31022,16364,instructions,1,29645,0,P1175,STUDY0007,SESS1173,0,,,
ROW31023,80940,html-button-response,2,110588,0,P1175,STUDY0007,SESS1173,0,0,,
ROW31024,53277,html-button-response,3,163872,0,P1175,STUDY0007,SESS1173,0,0,,
ROW31025,31224,html-button-response,4,195099,0,P1175,STUDY0007,SESS1173,0,0,,
ROW31026,10129,html-button-response,5,205230,0,P1175,STUDY0007,SESS1173,0,0,,
ROW31027,8701,html-button-response,6,213938,0,P1175,STUDY0007,SESS1173,0,0,,
ROW31028,6736,html-button-response,8,237344,0,P1175,STUDY0007,SESS1173,0,0,,
ROW31029,16655,survey-multi-select,7,230605,0,P1175,STUDY0007,SESS1173,0,"{""Q0"":[""shape""]}",pottery,practice_category
ROW31030,18036,survey-multi-select,9,255390,0,P1175,STUDY0007,SESS1173,0,"{""Q0"":[""none of these""]}",happiness,practice_category
ROW31031,2850,html-button-response,10,258247,0,P1175,STUDY0007,SESS1173,0,0,,
ROW31032,12613,survey-multi-select,11,270867,0,P1175,STUDY0007,SESS1173,0,"{""Q0"":[""color""]}",red,practice_category
ROW31033,8668,html-button-response,12,279537,0,P1175,STUDY0007,SESS1173,0,0,,
ROW31034,6823,survey-multi-select,13,286366,0,P1175,STUDY0007,SESS1173,0,"{""Q0"":[""shape""]}",square,practice_category
ROW31035,1440,html-button-response,14,287808,0,P1175,STUDY0007,SESS1173,0,0,,
ROW31036,6772,survey-multi-select,16,303847,0,P1175,STUDY0007,SESS1173,0,"{""Q0"":[""shape""]}",high chair,category_organization
ROW31037,9258,html-button-response,15,297068,0,P1175,STUDY0007,SESS1173,0,0,,
ROW31038,11140,survey-multi-select,17,314995,0,P1175,STUDY0007,SESS1173,0,"{""Q0"":[""shape"",""material""]}",donkey,category_organization
ROW31039,6770,survey-multi-select,18,321771,0,P1175,STUDY0007,SESS1173,0,"{""Q0"":[""material""]}",carpet,category_organization
ROW31040,17262,survey-multi-select,19,339043,0,P1175,STUDY0007,SESS1173,0,"{""Q0"":[""shape""]}",clown,category_organization
ROW31041,17235,survey-multi-select,20,356285,0,P1175,STUDY0007,SESS1173,0,"{""Q0"":[""material""]}",rain,category_organization
ROW31042,6998,survey-multi-select,23,380258,0,P1175,STUDY0007,SESS1173,0,"{""Q0"":[""material""]}",can (object),category_organization
ROW31043,12071,survey-multi-select,21,368364,0,P1175,STUDY0007,SESS1173,0,"{""Q0"":[""none of these""]}",nursery,category_organization
ROW31044,4883,survey-multi-select,22,373254,0,P1175,STUDY0007,SESS1173,0,"{""Q0"":[""material""]}",cookie,category_organization
ROW31045,5498,survey-multi-select,24,385762,0,P1175,STUDY0007,SESS1173,0,"{""Q0"":[""shape""]}",mop (object),category_organization
ROW31046,7292,survey-multi-select,25,393061,0,P1175,STUDY0007,SESS1173,0,"{""Q0"":[""none of these""]}",country,category_organization
ROW31047,13229,survey-multi-select,27,413304,0,P1175,STUDY0007,SESS1173,0,"{""Q0"":[""shape"",""color"",""material""]}",lizard,category_organization
ROW31048,7002,survey-multi-select,26,400069,0,P1175,STUDY0007,SESS1173,0,"{""Q0"":[""material""]}",sweets,category_organization
ROW31049,7829,survey-multi-select,28,421141,0,P1175,STUDY0007,SESS1173,0,"{""Q0"":[""material""]}",bun,category_organization
ROW31050,6606,survey-multi-select,29,427754,0,P1175,STUDY0007,SESS1173,0,"{""Q0"":[""shape""]}",bunny,category_organization
ROW31051,4923,survey-multi-select,30,432684,0,P1175,STUDY0007,SESS1173,0,"{""Q0"":[""shape""]}",doorbell,category_organization
ROW31052,6587,survey-multi-select,31,439277,0,P1175,STUDY0007,SESS1173,0,"{""Q0"":[""material""]}",sandbox,category_organization
ROW31053,9965,survey-multi-select,32,449247,0,P1175,STUDY0007,SESS1173,0,"{""Q0"":[""shape""]}",basket,category_organization
ROW31054,4597,survey-multi-select,35,464893,0,P1175,STUDY0007,SESS1173,0,"{""Q0"":[""shape""]}",helicopter,category_organization
ROW31055,5041,survey-multi-select,33,454295,0,P1175,STUDY0007,SESS1173,0,"{""Q0"":[""shape""]}",screwdriver,category_organization
ROW31056,5985,survey-multi-select,34,460287,0,P1175,STUDY0007,SESS1173,0,"{""Q0"":[""shape"",""material""]}",lion,category_organization
ROW31057,1436,html-button-response,37,469283,0,P1175,STUDY0007,SESS1173,0,0,,
ROW31058,2945,survey-multi-select,36,467846,0,P1175,STUDY0007,SESS1173,0,"{""Q0"":[""none of these""]}",lavender,category_organization
ROW31059,9120,instructions,38,478403,0,P1175,STUDY0007,SESS1173,0,,,
ROW31060,20926,instructions,0,20931,0,P0657,STUDY0007,SESS1177,0,,,
ROW31061,5445,instructions,1,26378,0,P0657,STUDY0007,SESS1177,0,,,
ROW31062,4300,html-button-response,3,40434,0,P0657,STUDY0007,SESS1177,0,0,,
ROW31063,2638,html-button-response,5,50529,0,P0657,STUDY0007,SESS1177,0,0,,
ROW31064,9747,html-button-response,2,36132,0,P0657,STUDY0007,SESS1177,0,0,,
ROW31065,3502,html-button-response,6,54034,0,P0657,STUDY0007,SESS1177,0,0,,
ROW31066,7454,html-button-response,4,47890,0,P0657,STUDY0007,SESS1177,0,0,,
ROW31067,6812,survey-multi-select,7,60853,0,P0657,STUDY0007,SESS1177,0,"{""Q0"":[""shape""]}",square,practice_category
ROW31068,1441,html-button-response,8,62298,0,P0657,STUDY0007,SESS1177,0,0,,
ROW31069,5036,survey-multi-select,9,67338,0,P0657,STUDY0007,SESS1177,0,"{""Q0"":[""color""]}",red,practice_category
ROW31070,1042,html-button-response,12,75209,0,P0657,STUDY0007,SESS1177,0,0,,
ROW31071,941,html-button-response,10,68281,0,P0657,STUDY0007,SESS1177,0,0,,
ROW31072,5880,survey-multi-select,11,74164,0,P0657,STUDY0007,SESS1177,0,"{""Q0"":[""none of these""]}",happiness,practice_category
ROW31073,3997,survey-multi-select,13,79209,0,P0657,STUDY0007,SESS1177,0,"{""Q0"":[""material""]}",pottery,practice_category
ROW31074,1462,html-button-response,14,80674,0,P0657,STUDY0007,SESS1177,0,0,,
ROW31075,3357,html-button-response,15,84033,0,P0657,STUDY0007,SESS1177,0,0,,
ROW31076,5826,survey-multi-select,17,98209,0,P0657,STUDY0007,SESS1177,0,"{""Q0"":[""shape""]}",fox,category_organization
ROW31077,8340,survey-multi-select,16,92377,0,P0657,STUDY0007,SESS1177,0,"{""Q0"":[""none of these""]}",soy sauce,category_organization
ROW31078,5850,survey-multi-select,18,104065,0,P0657,STUDY0007,SESS1177,0,"{""Q0"":[""shape""]}",garage,category_organization
ROW31079,3645,survey-multi-select,19,107713,0,P0657,STUDY0007,SESS1177,0,"{""Q0"":[""material""]}",sea,category_organization
ROW31080,8402,survey-multi-select,20,116123,0,P0657,STUDY0007,SESS1177,0,"{""Q0"":[""shape"",""material""]}",grill (object),category_organization
ROW31081,14988,survey-multi-select,21,131115,0,P0657,STUDY0007,SESS1177,0,"{""Q0"":[""material""]}",album,category_organization
ROW31082,3819,survey-multi-select,22,134939,0,P0657,STUDY0007,SESS1177,0,"{""Q0"":[""shape""]}",earring,category_organization
ROW31083,3507,survey-multi-select,23,138450,0,P0657,STUDY0007,SESS1177,0,"{""Q0"":[""shape""]}",hanger,category_organization
ROW31084,4339,survey-multi-select,24,142794,0,P0657,STUDY0007,SESS1177,0,"{""Q0"":[""shape""]}",whale,category_organization
ROW31085,6987,survey-multi-select,26,152411,0,P0657,STUDY0007,SESS1177,0,"{""Q0"":[""none of these""]}",terrace,category_organization
ROW31086,3512,survey-multi-select,27,155931,0,P0657,STUDY0007,SESS1177,0,"{""Q0"":[""shape""]}",swallow (animal),category_organization
ROW31087,2618,survey-multi-select,25,145418,0,P0657,STUDY0007,SESS1177,0,"{""Q0"":[""shape""]}",butterfly,category_organization
ROW31088,7592,survey-multi-select,28,163529,0,P0657,STUDY0007,SESS1177,0,"{""Q0"":[""material""]}",cabbage,category_organization
ROW31089,5708,survey-multi-select,29,169241,0,P0657,STUDY0007,SESS1177,0,"{""Q0"":[""material""]}",banana,category_organization
ROW31090,5044,survey-multi-select,30,174291,0,P0657,STUDY0007,SESS1177,0,"{""Q0"":[""shape""]}",furniture,category_organization
ROW31091,1925,survey-multi-select,31,176221,0,P0657,STUDY0007,SESS1177,0,"{""Q0"":[""none of these""]}",lavender,category_organization
ROW31092,4329,survey-multi-select,32,180555,0,P0657,STUDY0007,SESS1177,0,"{""Q0"":[""material""]}",ginger,category_organization
ROW31093,3180,survey-multi-select,33,183740,0,P0657,STUDY0007,SESS1177,0,"{""Q0"":[""shape""]}",table,category_organization
ROW31094,4562,survey-multi-select,36,194795,0,P0657,STUDY0007,SESS1177,0,"{""Q0"":[""shape""]}",giraffe,category_organization
ROW31095,2393,survey-multi-select,35,190227,0,P0657,STUDY0007,SESS1177,0,"{""Q0"":[""material""]}",mayonnaise,category_organization
ROW31096,4081,survey-multi-select,34,187827,0,P0657,STUDY0007,SESS1177,0,"{""Q0"":[""shape""]}",sheet,category_organization
ROW31097,1045,html-button-response,37,195842,0,P0657,STUDY0007,SESS1177,0,0,,
ROW31098,1720,instructions,38,197563,0,P0657,STUDY0007,SESS1177,0,,,
ROW31099,22626,instructions,0,22631,0,P1903,STUDY0007,SESS1163,0,,,
ROW31100,18724,instructions,1,41357,0,P1903,STUDY0007,SESS1163,0,,,
ROW31101,22922,html-button-response,2,64286,0,P1903,STUDY0007,SESS1163,0,0,,
ROW31102,25108,html-button-response,4,107430,0,P1903,STUDY0007,SESS1163,0,0,,
ROW31103,18027,html-button-response,3,82317,0,P1903,STUDY0007,SESS1163,0,0,,
ROW31104,15878,html-button-response,5,123310,0,P1903,STUDY0007,SESS1163,0,0,,
ROW31105,30689,survey-multi-select,7,166269,0,P1903,STUDY0007,SESS1163,0,"{""Q0"":[""none of these""]}",happiness,practice_category
ROW31106,12251,html-button-response,6,135567,0,P1903,STUDY0007,SESS1163,0,0,,
ROW31108,45492,survey-multi-select,9,239786,0,P1903,STUDY0007,SESS1163,0,"{""Q0"":[""shape"",""material"",""color""]}",pottery,practice_category
ROW31107,28012,html-button-response,8,194286,0,P1903,STUDY0007,SESS1163,0,0,,
ROW31109,9848,html-button-response,10,249637,0,P1903,STUDY0007,SESS1163,0,0,,
ROW31110,33771,survey-multi-select,11,283416,0,P1903,STUDY0007,SESS1163,0,"{""Q0"":[""color""]}",red,practice_category
ROW31111,7961,html-button-response,12,291380,0,P1903,STUDY0007,SESS1163,0,0,,
ROW31112,11643,survey-multi-select,13,303031,0,P1903,STUDY0007,SESS1163,0,"{""Q0"":[""shape""]}",square,practice_category
ROW31113,9952,html-button-response,15,315742,0,P1903,STUDY0007,SESS1163,0,0,,
ROW31114,2751,html-button-response,14,305785,0,P1903,STUDY0007,SESS1163,0,0,,
ROW31115,15647,survey-multi-select,16,331398,0,P1903,STUDY0007,SESS1163,0,"{""Q0"":[""none of these""]}",present,category_organization
ROW31116,21148,survey-multi-select,17,352549,0,P1903,STUDY0007,SESS1163,0,"{""Q0"":[""shape"",""color"",""material""]}",drum (object),category_organization
ROW31117,17152,survey-multi-select,18,369708,0,P1903,STUDY0007,SESS1163,0,"{""Q0"":[""shape"",""color"",""material""]}",high chair,category_organization
ROW31118,23668,survey-multi-select,19,393384,0,P1903,STUDY0007,SESS1163,0,"{""Q0"":[""shape""]}",lip,category_organization
ROW31119,24306,survey-multi-select,20,417697,0,P1903,STUDY0007,SESS1163,0,"{""Q0"":[""shape"",""material""]}",trampoline,category_organization
ROW31120,16465,survey-multi-select,21,434170,0,P1903,STUDY0007,SESS1163,0,"{""Q0"":[""shape"",""color"",""material""]}",toothpaste,category_organization
ROW31121,15919,survey-multi-select,22,450097,0,P1903,STUDY0007,SESS1163,0,"{""Q0"":[""color""]}",sour cream,category_organization
ROW31122,21966,survey-multi-select,23,472069,0,P1903,STUDY0007,SESS1163,0,"{""Q0"":[""none of these""]}",stork,category_organization
ROW31123,13361,survey-multi-select,24,485437,0,P1903,STUDY0007,SESS1163,0,"{""Q0"":[""shape"",""color"",""material""]}",tissue,category_organization
ROW31124,95630,survey-multi-select,25,581075,0,P1903,STUDY0007,SESS1163,0,"{""Q0"":[""shape"",""color"",""material""]}",onesie,category_organization
ROW31125,13793,survey-multi-select,26,594870,0,P1903,STUDY0007,SESS1163,0,"{""Q0"":[""shape"",""color"",""material""]}",cereal,category_organization
ROW31126,24950,survey-multi-select,27,619828,0,P1903,STUDY0007,SESS1163,0,"{""Q0"":[""shape""]}",sandwich,category_organization
ROW31127,9219,survey-multi-select,28,629055,0,P1903,STUDY0007,SESS1163,0,"{""Q0"":[""shape"",""color"",""material""]}",plaza,category_organization
ROW31128,7989,survey-multi-select,29,637048,0,P1903,STUDY0007,SESS1163,0,"{""Q0"":[""shape"",""color"",""material""]}",card,category_organization
ROW31129,6171,survey-multi-select,30,643226,0,P1903,STUDY0007,SESS1163,0,"{""Q0"":[""none of these""]}",lavender,category_organization
ROW31130,13246,survey-multi-select,31,656475,0,P1903,STUDY0007,SESS1163,0,"{""Q0"":[""shape"",""color"",""material""]}",boulder,category_organization
ROW31131,12897,survey-multi-select,32,669376,0,P1903,STUDY0007,SESS1163,0,"{""Q0"":[""shape"",""color"",""material""]}",bicycle,category_organization
ROW31132,20746,survey-multi-select,33,690128,0,P1903,STUDY0007,SESS1163,0,"{""Q0"":[""shape"",""color"",""material""]}",pine cone,category_organization
ROW31133,11115,survey-multi-select,34,701250,0,P1903,STUDY0007,SESS1163,0,"{""Q0"":[""shape"",""material""]}",stove,category_organization
ROW31134,12802,survey-multi-select,35,714059,0,P1903,STUDY0007,SESS1163,0,"{""Q0"":[""none of these""]}",suburb,category_organization
ROW31135,5631,survey-multi-select,36,719693,0,P1903,STUDY0007,SESS1163,0,"{""Q0"":[""color""]}",snow,category_organization
ROW31136,2757,html-button-response,37,722453,0,P1903,STUDY0007,SESS1163,0,0,,
ROW31137,13921,instructions,38,736376,0,P1903,STUDY0007,SESS1163,0,,,
ROW31138,7602,instructions,0,7609,0,P0538,STUDY0007,SESS1183,0,,,
ROW31139,8668,instructions,1,16279,0,P0538,STUDY0007,SESS1183,0,,,
ROW31140,57299,html-button-response,2,73583,0,P0538,STUDY0007,SESS1183,0,0,,
ROW31141,6165,html-button-response,3,79751,0,P0538,STUDY0007,SESS1183,0,0,,
ROW31142,10349,html-button-response,4,90102,0,P0538,STUDY0007,SESS1183,0,0,,
ROW31143,8729,survey-multi-select,7,110567,0,P0538,STUDY0007,SESS1183,0,"{""Q0"":[""none of these""]}",happiness,practice_category
ROW31144,7084,html-button-response,6,101831,0,P0538,STUDY0007,SESS1183,0,0,,
ROW31145,1740,html-button-response,8,112311,0,P0538,STUDY0007,SESS1183,0,0,,
ROW31146,4638,html-button-response,5,94743,0,P0538,STUDY0007,SESS1183,0,0,,
ROW31147,9108,html-button-response,10,134903,0,P0538,STUDY0007,SESS1183,0,0,,
ROW31148,13475,survey-multi-select,9,125791,0,P0538,STUDY0007,SESS1183,0,"{""Q0"":[""shape"",""material"",""color""]}",red,practice_category
ROW31149,9027,survey-multi-select,11,143934,0,P0538,STUDY0007,SESS1183,0,"{""Q0"":[""material""]}",pottery,practice_category
ROW31150,1902,html-button-response,12,145838,0,P0538,STUDY0007,SESS1183,0,0,,
ROW31151,5618,survey-multi-select,13,151463,0,P0538,STUDY0007,SESS1183,0,"{""Q0"":[""shape""]}",square,practice_category
ROW31152,1101,html-button-response,14,152566,0,P0538,STUDY0007,SESS1183,0,0,,
ROW31153,3222,html-button-response,15,155791,0,P0538,STUDY0007,SESS1183,0,0,,
ROW31154,13066,survey-multi-select,16,168863,0,P0538,STUDY0007,SESS1183,0,"{""Q0"":[""shape""]}",blouse,category_organization
ROW31155,7411,survey-multi-select,17,176279,0,P0538,STUDY0007,SESS1183,0,"{""Q0"":[""shape""]}",gorilla,category_organization
ROW31156,5299,survey-multi-select,19,189319,0,P0538,STUDY0007,SESS1183,0,"{""Q0"":[""shape""]}",ladder,category_organization
ROW31157,7731,survey-multi-select,18,184015,0,P0538,STUDY0007,SESS1183,0,"{""Q0"":[""shape""]}",chair,category_organization
ROW31158,8252,survey-multi-select,20,197575,0,P0538,STUDY0007,SESS1183,0,"{""Q0"":[""none of these""]}",tarhana,category_organization
ROW31159,3171,survey-multi-select,21,200751,0,P0538,STUDY0007,SESS1183,0,"{""Q0"":[""none of these""]}",lavender,category_organization
ROW31160,20403,survey-multi-select,22,221159,0,P0538,STUDY0007,SESS1183,0,"{""Q0"":[""material""]}",painting,category_organization
ROW31161,4894,survey-multi-select,23,226058,0,P0538,STUDY0007,SESS1183,0,"{""Q0"":[""shape""]}",keys,category_organization
ROW31162,6849,survey-multi-select,24,232911,0,P0538,STUDY0007,SESS1183,0,"{""Q0"":[""shape"",""color""]}",tiger,category_organization
ROW31163,10884,survey-multi-select,25,243799,0,P0538,STUDY0007,SESS1183,0,"{""Q0"":[""shape""]}",telephone,category_organization
ROW31164,3644,survey-multi-select,26,247447,0,P0538,STUDY0007,SESS1183,0,"{""Q0"":[""none of these""]}",traffic,category_organization
ROW31165,4450,survey-multi-select,27,251903,0,P0538,STUDY0007,SESS1183,0,"{""Q0"":[""shape""]}",rake (object),category_organization
ROW31166,16396,survey-multi-select,28,268305,0,P0538,STUDY0007,SESS1183,0,"{""Q0"":[""none of these""]}",traffic light,category_organization
ROW31167,6162,survey-multi-select,29,274471,0,P0538,STUDY0007,SESS1183,0,"{""Q0"":[""none of these""]}",traffic light,category_organization
ROW31168,4241,survey-multi-select,30,278719,0,P0538,STUDY0007,SESS1183,0,"{""Q0"":[""shape""]}",wheel,category_organization
ROW31169,9971,survey-multi-select,32,298991,0,P0538,STUDY0007,SESS1183,0,"{""Q0"":[""none of these""]}",sea,category_organization
ROW31171,4595,survey-multi-select,34,310199,0,P0538,STUDY0007,SESS1183,0,"{""Q0"":[""material""]}",ice,category_organization
ROW31170,6603,survey-multi-select,33,305599,0,P0538,STUDY0007,SESS1183,0,"{""Q0"":[""shape""]}",rocking chair,category_organization
ROW31172,10291,survey-multi-select,31,289015,0,P0538,STUDY0007,SESS1183,0,"{""Q0"":[""shape""]}",shorts,category_organization
ROW31173,5602,survey-multi-select,35,315807,0,P0538,STUDY0007,SESS1183,0,"{""Q0"":[""shape""]}",shovel,category_organization
ROW31174,2614,html-button-response,37,322559,0,P0538,STUDY0007,SESS1183,0,0,,
ROW31175,4131,survey-multi-select,36,319943,0,P0538,STUDY0007,SESS1183,0,"{""Q0"":[""none of these""]}",syrup,category_organization
ROW31176,4263,instructions,38,326823,0,P0538,STUDY0007,SESS1183,0,,,
ROW31177,10475,instructions,0,10476,0,P1203,STUDY0007,SESS1184,0,,,
ROW31178,10946,instructions,1,21424,0,P1203,STUDY0007,SESS1184,0,,,
ROW31179,12337,html-button-response,3,53101,0,P1203,STUDY0007,SESS1184,0,0,,
ROW31180,19323,html-button-response,2,40751,0,P1203,STUDY0007,SESS1184,0,0,,
ROW31181,13546,html-button-response,4,66650,0,P1203,STUDY0007,SESS1184,0,0,,
ROW31182,5310,html-button-response,5,71961,0,P1203,STUDY0007,SESS1184,0,0,,
ROW31183,7527,html-button-response,6,79491,0,P1203,STUDY0007,SESS1184,0,0,,
ROW31184,5801,html-button-response,8,95638,0,P1203,STUDY0007,SESS1184,0,0,,
ROW31185,10340,survey-multi-select,7,89835,0,P1203,STUDY0007,SESS1184,0,"{""Q0"":[""shape""]}",square,practice_category
ROW31186,10580,survey-multi-select,9,106221,0,P1203,STUDY0007,SESS1184,0,"{""Q0"":[""none of these""]}",happiness,practice_category
ROW31187,3521,html-button-response,10,109744,0,P1203,STUDY0007,SESS1184,0,0,,
ROW31188,7088,survey-multi-select,11,116835,0,P1203,STUDY0007,SESS1184,0,"{""Q0"":[""color""]}",red,practice_category
ROW31189,1379,html-button-response,12,118227,0,P1203,STUDY0007,SESS1184,0,0,,
ROW31190,1356,html-button-response,14,126142,0,P1203,STUDY0007,SESS1184,0,0,,
ROW31191,6555,survey-multi-select,13,124785,0,P1203,STUDY0007,SESS1184,0,"{""Q0"":[""material""]}",pottery,practice_category
ROW31192,7231,html-button-response,15,133375,0,P1203,STUDY0007,SESS1184,0,0,,
ROW31193,7230,survey-multi-select,17,150744,0,P1203,STUDY0007,SESS1184,0,"{""Q0"":[""none of these""]}",milk,category_organization
ROW31194,10133,survey-multi-select,16,143510,0,P1203,STUDY0007,SESS1184,0,"{""Q0"":[""none of these""]}",water (beverage),category_organization
ROW31195,10536,survey-multi-select,18,161282,0,P1203,STUDY0007,SESS1184,0,"{""Q0"":[""material""]}",sponge,category_organization
ROW31196,5579,survey-multi-select,19,166863,0,P1203,STUDY0007,SESS1184,0,"{""Q0"":[""shape""]}",couch,category_organization
ROW31197,7587,survey-multi-select,20,174452,0,P1203,STUDY0007,SESS1184,0,"{""Q0"":[""shape""]}",candy,category_organization
ROW31198,5922,survey-multi-select,21,180377,0,P1203,STUDY0007,SESS1184,0,"{""Q0"":[""shape""]}",toe,category_organization
ROW31199,3896,survey-multi-select,22,184276,0,P1203,STUDY0007,SESS1184,0,"{""Q0"":[""shape""]}",sunglasses,category_organization
ROW31200,7138,survey-multi-select,23,191416,0,P1203,STUDY0007,SESS1184,0,"{""Q0"":[""shape""]}",face,category_organization
ROW31201,4791,survey-multi-select,24,196210,0,P1203,STUDY0007,SESS1184,0,"{""Q0"":[""color""]}",sticker,category_organization
ROW31202,6692,survey-multi-select,25,202903,0,P1203,STUDY0007,SESS1184,0,"{""Q0"":[""none of these""]}",park,category_organization
ROW31203,4934,survey-multi-select,26,207839,0,P1203,STUDY0007,SESS1184,0,"{""Q0"":[""shape""]}",cucumber,category_organization
ROW31204,4599,survey-multi-select,27,212440,0,P1203,STUDY0007,SESS1184,0,"{""Q0"":[""shape""]}",ship,category_organization
ROW31205,3688,survey-multi-select,28,216131,0,P1203,STUDY0007,SESS1184,0,"{""Q0"":[""none of these""]}",lavender,category_organization
ROW31206,3790,survey-multi-select,29,219923,0,P1203,STUDY0007,SESS1184,0,"{""Q0"":[""none of these""]}",accident,category_organization
ROW31207,4197,survey-multi-select,30,224122,0,P1203,STUDY0007,SESS1184,0,"{""Q0"":[""material""]}",trampoline,category_organization
ROW31208,6222,survey-multi-select,31,230347,0,P1203,STUDY0007,SESS1184,0,"{""Q0"":[""shape""]}",nail (body part),category_organization
ROW31209,6094,survey-multi-select,33,240119,0,P1203,STUDY0007,SESS1184,0,"{""Q0"":[""none of these""]}",peanut butter,category_organization
ROW31210,3673,survey-multi-select,32,234022,0,P1203,STUDY0007,SESS1184,0,"{""Q0"":[""shape""]}",alphabet,category_organization
ROW31211,4081,survey-multi-select,34,244202,0,P1203,STUDY0007,SESS1184,0,"{""Q0"":[""shape""]}",sandal,category_organization
ROW31212,7271,survey-multi-select,35,251476,0,P1203,STUDY0007,SESS1184,0,"{""Q0"":[""shape""]}",chicken (animal),category_organization
ROW31213,5306,survey-multi-select,36,256784,0,P1203,STUDY0007,SESS1184,0,"{""Q0"":[""shape""]}",hip,category_organization
ROW31214,1590,html-button-response,37,258375,0,P1203,STUDY0007,SESS1184,0,0,,
ROW31215,7381,instructions,38,265758,0,P1203,STUDY0007,SESS1184,0,,,
ROW31216,63548,instructions,0,63550,0,P1324,STUDY0007,SESS1182,0,,,
ROW31217,10868,instructions,1,74419,0,P1324,STUDY0007,SESS1182,0,,,
ROW31218,3243,html-button-response,5,201801,0,P1324,STUDY0007,SESS1182,0,0,,
ROW31219,9079,html-button-response,2,83500,0,P1324,STUDY0007,SESS1182,0,0,,
ROW31220,7313,html-button-response,3,90814,0,P1324,STUDY0007,SESS1182,0,0,,
ROW31221,107741,html-button-response,4,198557,0,P1324,STUDY0007,SESS1182,0,0,,
ROW31222,3679,html-button-response,6,205481,0,P1324,STUDY0007,SESS1182,0,0,,
ROW31223,1696,html-button-response,8,218685,0,P1324,STUDY0007,SESS1182,0,0,,
ROW31224,11503,survey-multi-select,7,216988,0,P1324,STUDY0007,SESS1182,0,"{""Q0"":[""color""]}",red,practice_category
ROW31225,16014,survey-multi-select,9,234701,0,P1324,STUDY0007,SESS1182,0,"{""Q0"":[""shape""]}",square,practice_category
ROW31226,1248,html-button-response,10,235951,0,P1324,STUDY0007,SESS1182,0,0,,
ROW31227,6283,survey-multi-select,11,242235,0,P1324,STUDY0007,SESS1182,0,"{""Q0"":[""none of these""]}",happiness,practice_category
ROW31228,1095,html-button-response,12,243331,0,P1324,STUDY0007,SESS1182,0,0,,
ROW31229,9674,survey-multi-select,13,253007,0,P1324,STUDY0007,SESS1182,0,"{""Q0"":[""material""]}",pottery,practice_category
ROW31230,1235,html-button-response,14,254243,0,P1324,STUDY0007,SESS1182,0,0,,
ROW31231,74596,survey-multi-select,16,331890,0,P1324,STUDY0007,SESS1182,0,"{""Q0"":[""none of these""]}",diaper,category_organization
ROW31232,3047,html-button-response,15,257291,0,P1324,STUDY0007,SESS1182,0,0,,
ROW31233,3062,survey-multi-select,17,334953,0,P1324,STUDY0007,SESS1182,0,"{""Q0"":[""none of these""]}",lavender,category_organization
ROW31234,5234,survey-multi-select,18,340190,0,P1324,STUDY0007,SESS1182,0,"{""Q0"":[""none of these""]}",air conditioner,category_organization
ROW31235,5164,survey-multi-select,19,345355,0,P1324,STUDY0007,SESS1182,0,"{""Q0"":[""shape""]}",heart,category_organization
ROW31236,6194,survey-multi-select,20,351551,0,P1324,STUDY0007,SESS1182,0,"{""Q0"":[""none of these""]}",glove,category_organization
ROW31237,47627,survey-multi-select,21,399181,0,P1324,STUDY0007,SESS1182,0,"{""Q0"":[""none of these""]}",pasta,category_organization
ROW31238,4594,survey-multi-select,25,427853,0,P1324,STUDY0007,SESS1182,0,"{""Q0"":[""none of these""]}",cabbage,category_organization
ROW31239,3798,survey-multi-select,22,402981,0,P1324,STUDY0007,SESS1182,0,"{""Q0"":[""none of these""]}",peacock,category_organization
ROW31240,2827,survey-multi-select,23,405810,0,P1324,STUDY0007,SESS1182,0,"{""Q0"":[""none of these""]}",sardine,category_organization
ROW31241,17446,survey-multi-select,24,423257,0,P1324,STUDY0007,SESS1182,0,"{""Q0"":[""none of these""]}",shampoo,category_organization
ROW31242,5140,survey-multi-select,26,432996,0,P1324,STUDY0007,SESS1182,0,"{""Q0"":[""none of these""]}",berry,category_organization
ROW31243,4212,survey-multi-select,27,437209,0,P1324,STUDY0007,SESS1182,0,"{""Q0"":[""none of these""]}",pencil,category_organization
ROW31244,3907,survey-multi-select,29,445564,0,P1324,STUDY0007,SESS1182,0,"{""Q0"":[""none of these""]}",apricot,category_organization
ROW31245,4444,survey-multi-select,28,441655,0,P1324,STUDY0007,SESS1182,0,"{""Q0"":[""none of these""]}",stool,category_organization
ROW31246,7512,survey-multi-select,30,453077,0,P1324,STUDY0007,SESS1182,0,"{""Q0"":[""none of these""]}",spaghetti,category_organization
ROW31247,9716,survey-multi-select,31,462795,0,P1324,STUDY0007,SESS1182,0,"{""Q0"":[""none of these""]}",bread,category_organization
ROW31248,7126,survey-multi-select,32,469923,0,P1324,STUDY0007,SESS1182,0,"{""Q0"":[""none of these""]}",tractor,category_organization
ROW31249,3570,survey-multi-select,33,473496,0,P1324,STUDY0007,SESS1182,0,"{""Q0"":[""none of these""]}",spade,category_organization
ROW31250,13116,survey-multi-select,34,486613,0,P1324,STUDY0007,SESS1182,0,"{""Q0"":[""none of these""]}",smoke,category_organization
ROW31251,6178,survey-multi-select,35,492793,0,P1324,STUDY0007,SESS1182,0,"{""Q0"":[""none of these""]}",butter,category_organization
ROW31252,4532,survey-multi-select,36,497327,0,P1324,STUDY0007,SESS1182,0,"{""Q0"":[""none of these""]}",toe,category_organization
ROW31253,1171,html-button-response,37,498499,0,P1324,STUDY0007,SESS1182,0,0,,
ROW31254,2867,instructions,38,501368,0,P1324,STUDY0007,SESS1182,0,,,
ROW31255,5550,instructions,0,5553,0,P1289,STUDY0007,SESS1181,0,,,
ROW31256,6966,instructions,1,12522,0,P1289,STUDY0007,SESS1181,0,,,
ROW31257,12698,html-button-response,2,25231,0,P1289,STUDY0007,SESS1181,0,0,,
ROW31258,5552,html-button-response,3,30788,0,P1289,STUDY0007,SESS1181,0,0,,
ROW31259,9943,html-button-response,4,40734,0,P1289,STUDY0007,SESS1181,0,0,,
ROW31260,9020,html-button-response,5,49756,0,P1289,STUDY0007,SESS1181,0,0,,
ROW31261,5755,html-button-response,6,55513,0,P1289,STUDY0007,SESS1181,0,0,,
ROW31262,21974,survey-multi-select,7,77503,0,P1289,STUDY0007,SESS1181,0,"{""Q0"":[""color""]}",red,practice_category
ROW31263,2302,html-button-response,8,79811,0,P1289,STUDY0007,SESS1181,0,0,,
ROW31264,5007,survey-multi-select,9,84823,0,P1289,STUDY0007,SESS1181,0,"{""Q0"":[""material""]}",pottery,practice_category
ROW31265,1414,html-button-response,10,86240,0,P1289,STUDY0007,SESS1181,0,0,,
ROW31266,17819,survey-multi-select,11,104064,0,P1289,STUDY0007,SESS1181,0,"{""Q0"":[""shape""]}",square,practice_category
ROW31267,1382,html-button-response,12,105449,0,P1289,STUDY0007,SESS1181,0,0,,
ROW31268,4535,survey-multi-select,13,109989,0,P1289,STUDY0007,SESS1181,0,"{""Q0"":[""none of these""]}",happiness,practice_category
ROW31269,1209,html-button-response,14,111201,0,P1289,STUDY0007,SESS1181,0,0,,
ROW31270,5660,html-button-response,15,116863,0,P1289,STUDY0007,SESS1181,0,0,,
ROW31271,10337,survey-multi-select,16,127206,0,P1289,STUDY0007,SESS1181,0,"{""Q0"":[""material""]}",ribbon,category_organization
ROW31272,4678,survey-multi-select,17,131892,0,P1289,STUDY0007,SESS1181,0,"{""Q0"":[""material""]}",pepper,category_organization
ROW31273,5999,survey-multi-select,18,137891,0,P1289,STUDY0007,SESS1181,0,"{""Q0"":[""none of these""]}",koala,category_organization
ROW31274,8235,survey-multi-select,19,146132,0,P1289,STUDY0007,SESS1181,0,"{""Q0"":[""color"",""material""]}",cocoa,category_organization
ROW31275,7047,survey-multi-select,20,153184,0,P1289,STUDY0007,SESS1181,0,"{""Q0"":[""material""]}",letter,category_organization
ROW31276,6426,survey-multi-select,21,159615,0,P1289,STUDY0007,SESS1181,0,"{""Q0"":[""material""]}",shampoo,category_organization
ROW31277,6648,survey-multi-select,22,166271,0,P1289,STUDY0007,SESS1181,0,"{""Q0"":[""material""]}",crayon,category_organization
ROW31278,6827,survey-multi-select,23,173102,0,P1289,STUDY0007,SESS1181,0,"{""Q0"":[""none of these""]}",reindeer,category_organization
ROW31279,23780,survey-multi-select,24,196890,0,P1289,STUDY0007,SESS1181,0,"{""Q0"":[""none of these""]}",terrace,category_organization
ROW31280,5747,survey-multi-select,25,202644,0,P1289,STUDY0007,SESS1181,0,"{""Q0"":[""shape""]}",cup,category_organization
ROW31281,3074,survey-multi-select,26,205723,0,P1289,STUDY0007,SESS1181,0,"{""Q0"":[""none of these""]}",radio,category_organization
ROW31282,2829,survey-multi-select,27,208558,0,P1289,STUDY0007,SESS1181,0,"{""Q0"":[""none of these""]}",crab,category_organization
ROW31283,20563,survey-multi-select,28,229126,0,P1289,STUDY0007,SESS1181,0,"{""Q0"":[""none of these""]}",leg,category_organization
ROW31284,4225,survey-multi-select,29,233357,0,P1289,STUDY0007,SESS1181,0,"{""Q0"":[""none of these""]}",porch,category_organization
ROW31285,6098,survey-multi-select,31,242947,0,P1289,STUDY0007,SESS1181,0,"{""Q0"":[""shape""]}",drum,category_organization
ROW31286,3480,survey-multi-select,30,236844,0,P1289,STUDY0007,SESS1181,0,"{""Q0"":[""none of these""]}",cow,category_organization
ROW31287,10524,survey-multi-select,32,253478,0,P1289,STUDY0007,SESS1181,0,"{""Q0"":[""shape""]}",sled,category_organization
ROW31288,13305,survey-multi-select,33,266791,0,P1289,STUDY0007,SESS1181,0,"{""Q0"":[""shape""]}",knife,category_organization
ROW31289,3076,survey-multi-select,34,269872,0,P1289,STUDY0007,SESS1181,0,"{""Q0"":[""none of these""]}",lavender,category_organization
ROW31290,3810,survey-multi-select,35,273688,0,P1289,STUDY0007,SESS1181,0,"{""Q0"":[""none of these""]}",garbage,category_organization
ROW31291,9247,survey-multi-select,36,282941,0,P1289,STUDY0007,SESS1181,0,"{""Q0"":[""none of these""]}",plant,category_organization
ROW31292,2313,html-button-response,37,285257,0,P1289,STUDY0007,SESS1181,0,0,,
ROW31293,2300,instructions,38,287558,0,P1289,STUDY0007,SESS1181,0,,,
ROW31294,3437,instructions,0,3442,0,P0295,STUDY0007,SESS1188,0,,,
ROW31295,8709,instructions,1,12153,0,P0295,STUDY0007,SESS1188,0,,,
ROW31296,10075,html-button-response,2,22230,0,P0295,STUDY0007,SESS1188,0,0,,
ROW31297,6015,html-button-response,3,28247,0,P0295,STUDY0007,SESS1188,0,0,,
ROW31298,15131,html-button-response,4,43379,0,P0295,STUDY0007,SESS1188,0,0,,
ROW31299,7445,html-button-response,6,55534,0,P0295,STUDY0007,SESS1188,0,0,,
ROW31300,4705,html-button-response,5,48087,0,P0295,STUDY0007,SESS1188,0,0,,
ROW31301,9397,survey-multi-select,7,64936,0,P0295,STUDY0007,SESS1188,0,"{""Q0"":[""material""]}",pottery,practice_category
ROW31302,1995,html-button-response,8,66933,0,P0295,STUDY0007,SESS1188,0,0,,
ROW31303,9720,survey-multi-select,9,76656,0,P0295,STUDY0007,SESS1188,0,"{""Q0"":[""color""]}",red,practice_category
ROW31304,2220,html-button-response,10,78878,0,P0295,STUDY0007,SESS1188,0,0,,
ROW31305,2081,html-button-response,12,89153,0,P0295,STUDY0007,SESS1188,0,0,,
ROW31306,8190,survey-multi-select,11,87071,0,P0295,STUDY0007,SESS1188,0,"{""Q0"":[""none of these""]}",happiness,practice_category
ROW31307,1109,html-button-response,14,94885,0,P0295,STUDY0007,SESS1188,0,0,,
ROW31308,4619,survey-multi-select,13,93774,0,P0295,STUDY0007,SESS1188,0,"{""Q0"":[""shape""]}",square,practice_category
ROW31309,5996,html-button-response,15,100882,0,P0295,STUDY0007,SESS1188,0,0,,
ROW31310,7611,survey-multi-select,16,108496,0,P0295,STUDY0007,SESS1188,0,"{""Q0"":[""material""]}",sandbox,category_organization
ROW31311,6370,survey-multi-select,17,114868,0,P0295,STUDY0007,SESS1188,0,"{""Q0"":[""none of these""]}",dessert,category_organization
ROW31312,8949,survey-multi-select,18,123819,0,P0295,STUDY0007,SESS1188,0,"{""Q0"":[""none of these""]}",watch (object),category_organization
ROW31313,9147,survey-multi-select,19,132968,0,P0295,STUDY0007,SESS1188,0,"{""Q0"":[""shape""]}",sofa,category_organization
ROW31314,4203,survey-multi-select,20,137173,0,P0295,STUDY0007,SESS1188,0,"{""Q0"":[""none of these""]}",bunny,category_organization
ROW31315,5416,survey-multi-select,21,142592,0,P0295,STUDY0007,SESS1188,0,"{""Q0"":[""shape""]}",belt,category_organization
ROW31316,6012,survey-multi-select,22,148606,0,P0295,STUDY0007,SESS1188,0,"{""Q0"":[""shape""]}",plug,category_organization
ROW31317,5840,survey-multi-select,23,154448,0,P0295,STUDY0007,SESS1188,0,"{""Q0"":[""material""]}",popcorn,category_organization
ROW31318,6112,survey-multi-select,24,160563,0,P0295,STUDY0007,SESS1188,0,"{""Q0"":[""material""]}",sweet potato,category_organization
ROW31320,5299,survey-multi-select,26,171822,0,P0295,STUDY0007,SESS1188,0,"{""Q0"":[""shape""]}",bridge,category_organization
ROW31319,5957,survey-multi-select,25,166521,0,P0295,STUDY0007,SESS1188,0,"{""Q0"":[""material""]}",mold,category_organization
ROW31321,5049,survey-multi-select,27,176873,0,P0295,STUDY0007,SESS1188,0,"{""Q0"":[""material""]}",puree,category_organization
ROW31322,6906,survey-multi-select,28,183781,0,P0295,STUDY0007,SESS1188,0,"{""Q0"":[""material""]}",napkin,category_organization
ROW31323,3132,survey-multi-select,29,186916,0,P0295,STUDY0007,SESS1188,0,"{""Q0"":[""shape""]}",mountain,category_organization
ROW31324,3459,survey-multi-select,30,190377,0,P0295,STUDY0007,SESS1188,0,"{""Q0"":[""none of these""]}",rabbit,category_organization
ROW31325,2583,survey-multi-select,31,192961,0,P0295,STUDY0007,SESS1188,0,"{""Q0"":[""none of these""]}",tiger,category_organization
ROW31326,4492,survey-multi-select,32,197456,0,P0295,STUDY0007,SESS1188,0,"{""Q0"":[""none of these""]}",bank,category_organization
ROW31327,5579,survey-multi-select,33,203037,0,P0295,STUDY0007,SESS1188,0,"{""Q0"":[""color""]}",dried seaweed,category_organization
ROW31328,7017,survey-multi-select,34,210057,0,P0295,STUDY0007,SESS1188,0,"{""Q0"":[""none of these""]}",album,category_organization
ROW31329,4796,survey-multi-select,35,214856,0,P0295,STUDY0007,SESS1188,0,"{""Q0"":[""shape"",""color""]}",rainbow,category_organization
ROW31330,2416,survey-multi-select,36,217275,0,P0295,STUDY0007,SESS1188,0,"{""Q0"":[""none of these""]}",lavender,category_organization
ROW31331,1482,html-button-response,37,218759,0,P0295,STUDY0007,SESS1188,0,0,,
ROW31332,2943,instructions,38,221702,0,P0295,STUDY0007,SESS1188,0,,,
ROW31333,2789,instructions,0,2792,0,P1548,STUDY0007,SESS1185,0,,,
ROW31334,6088,instructions,1,8881,0,P1548,STUDY0007,SESS1185,0,,,
ROW31335,14964,html-button-response,2,23850,0,P1548,STUDY0007,SESS1185,0,0,,
ROW31336,6354,html-button-response,3,30206,0,P1548,STUDY0007,SESS1185,0,0,,
ROW31337,9742,html-button-response,4,39951,0,P1548,STUDY0007,SESS1185,0,0,,
ROW31338,4046,html-button-response,5,43999,0,P1548,STUDY0007,SESS1185,0,0,,
ROW31339,3936,html-button-response,6,47937,0,P1548,STUDY0007,SESS1185,0,0,,
ROW31340,14256,survey-multi-select,7,62196,0,P1548,STUDY0007,SESS1185,0,"{""Q0"":[""shape""]}",square,practice_category
ROW31341,1137,html-button-response,8,63336,0,P1548,STUDY0007,SESS1185,0,0,,
ROW31342,8560,survey-multi-select,9,71900,0,P1548,STUDY0007,SESS1185,0,"{""Q0"":[""color""]}",red,practice_category
ROW31343,18985,survey-multi-select,11,91863,0,P1548,STUDY0007,SESS1185,0,"{""Q0"":[""material""]}",pottery,practice_category
ROW31344,972,html-button-response,10,72874,0,P1548,STUDY0007,SESS1185,0,0,,
ROW31345,2472,html-button-response,12,94336,0,P1548,STUDY0007,SESS1185,0,0,,
ROW31346,9274,survey-multi-select,13,103614,0,P1548,STUDY0007,SESS1185,0,"{""Q0"":[""none of these""]}",happiness,practice_category
ROW31347,1527,html-button-response,14,105143,0,P1548,STUDY0007,SESS1185,0,0,,
ROW31348,5961,html-button-response,15,111105,0,P1548,STUDY0007,SESS1185,0,0,,
ROW31349,9077,survey-multi-select,16,120186,0,P1548,STUDY0007,SESS1185,0,"{""Q0"":[""shape""]}",minibus,category_organization
ROW31350,20886,survey-multi-select,17,141074,0,P1548,STUDY0007,SESS1185,0,"{""Q0"":[""shape""]}",zipper,category_organization
ROW31351,25459,survey-multi-select,18,166538,0,P1548,STUDY0007,SESS1185,0,"{""Q0"":[""material"",""none of these""]}",hip,category_organization
ROW31352,17039,survey-multi-select,19,183579,0,P1548,STUDY0007,SESS1185,0,"{""Q0"":[""material""]}",green beans,category_organization
ROW31353,8017,survey-multi-select,20,191600,0,P1548,STUDY0007,SESS1185,0,"{""Q0"":[""material""]}",shampoo,category_organization
ROW31354,21933,survey-multi-select,21,213537,0,P1548,STUDY0007,SESS1185,0,"{""Q0"":[""material""]}",turkey,category_organization
ROW31355,28257,survey-multi-select,22,241798,0,P1548,STUDY0007,SESS1185,0,"{""Q0"":[""shape""]}",owl,category_organization
ROW31356,9298,survey-multi-select,24,311863,0,P1548,STUDY0007,SESS1185,0,"{""Q0"":[""material""]}",rag,category_organization
ROW31357,60762,survey-multi-select,23,302562,0,P1548,STUDY0007,SESS1185,0,"{""Q0"":[""shape""]}",puree,category_organization
ROW31358,21800,survey-multi-select,25,333666,0,P1548,STUDY0007,SESS1185,0,"{""Q0"":[""shape""]}",teapot,category_organization
ROW31359,14497,survey-multi-select,26,348166,0,P1548,STUDY0007,SESS1185,0,"{""Q0"":[""material""]}",cake,category_organization
ROW31360,4716,survey-multi-select,27,352886,0,P1548,STUDY0007,SESS1185,0,"{""Q0"":[""shape""]}",seesaw,category_organization
ROW31361,9780,survey-multi-select,28,362670,0,P1548,STUDY0007,SESS1185,0,"{""Q0"":[""shape"",""material""]}",grapes,category_organization
ROW31362,20298,survey-multi-select,29,382971,0,P1548,STUDY0007,SESS1185,0,"{""Q0"":[""shape""]}",flower pot,category_organization
ROW31363,8832,survey-multi-select,30,391808,0,P1548,STUDY0007,SESS1185,0,"{""Q0"":[""shape"",""color"",""material""]}",strawberry,category_organization
ROW31364,2106,survey-multi-select,31,393918,0,P1548,STUDY0007,SESS1185,0,"{""Q0"":[""none of these""]}",lavender,category_organization
ROW31365,23526,survey-multi-select,32,417449,0,P1548,STUDY0007,SESS1185,0,"{""Q0"":[""shape"",""material""]}",tracksuit,category_organization
ROW31366,4705,survey-multi-select,33,422157,0,P1548,STUDY0007,SESS1185,0,"{""Q0"":[""material""]}",sponge,category_organization
ROW31367,6969,survey-multi-select,34,429128,0,P1548,STUDY0007,SESS1185,0,"{""Q0"":[""shape""]}",gloves,category_organization
ROW31368,34591,survey-multi-select,35,463722,0,P1548,STUDY0007,SESS1185,0,"{""Q0"":[""none of these""]}",tv,category_organization
ROW31369,8307,survey-multi-select,36,472033,0,P1548,STUDY0007,SESS1185,0,"{""Q0"":[""material""]}",mask,category_organization
ROW31371,3526,instructions,38,476454,0,P1548,STUDY0007,SESS1185,0,,,
ROW31370,893,html-button-response,37,472927,0,P1548,STUDY0007,SESS1185,0,0,,
ROW31372,8926,instructions,0,8929,0,P1154,STUDY0007,SESS1187,0,,,
ROW31373,10538,instructions,1,19468,0,P1154,STUDY0007,SESS1187,0,,,
ROW31374,8698,html-button-response,3,44213,0,P1154,STUDY0007,SESS1187,0,0,,
ROW31375,16042,html-button-response,2,35513,0,P1154,STUDY0007,SESS1187,0,0,,
ROW31376,14341,html-button-response,4,58555,0,P1154,STUDY0007,SESS1187,0,0,,
ROW31377,6805,html-button-response,5,65361,0,P1154,STUDY0007,SESS1187,0,0,,
ROW31378,6087,html-button-response,6,71449,0,P1154,STUDY0007,SESS1187,0,0,,
ROW31379,15864,survey-multi-select,7,87317,0,P1154,STUDY0007,SESS1187,0,"{""Q0"":[""material""]}",pottery,practice_category
ROW31380,2916,html-button-response,8,90235,0,P1154,STUDY0007,SESS1187,0,0,,
ROW31381,12726,survey-multi-select,9,102963,0,P1154,STUDY0007,SESS1187,0,"{""Q0"":[""color""]}",red,practice_category
ROW31382,8132,survey-multi-select,11,113329,0,P1154,STUDY0007,SESS1187,0,"{""Q0"":[""none of these""]}",happiness,practice_category
ROW31383,2333,html-button-response,12,115663,0,P1154,STUDY0007,SESS1187,0,0,,
ROW31384,2231,html-button-response,10,105195,0,P1154,STUDY0007,SESS1187,0,0,,
ROW31385,5545,survey-multi-select,13,121210,0,P1154,STUDY0007,SESS1187,0,"{""Q0"":[""shape""]}",square,practice_category
ROW31386,2029,html-button-response,14,123240,0,P1154,STUDY0007,SESS1187,0,0,,
ROW31387,6297,html-button-response,15,129539,0,P1154,STUDY0007,SESS1187,0,0,,
ROW31388,16522,survey-multi-select,16,146063,0,P1154,STUDY0007,SESS1187,0,"{""Q0"":[""none of these""]}",toast,category_organization
ROW31389,5141,survey-multi-select,17,151206,0,P1154,STUDY0007,SESS1187,0,"{""Q0"":[""material""]}",rock (object),category_organization
ROW31390,7069,survey-multi-select,18,158278,0,P1154,STUDY0007,SESS1187,0,"{""Q0"":[""none of these""]}",river,category_organization
ROW31391,2862,survey-multi-select,19,161142,0,P1154,STUDY0007,SESS1187,0,"{""Q0"":[""none of these""]}",lavender,category_organization
ROW31392,8560,survey-multi-select,20,169705,0,P1154,STUDY0007,SESS1187,0,"{""Q0"":[""shape""]}",nail (object),category_organization
ROW31393,6967,survey-multi-select,21,176674,0,P1154,STUDY0007,SESS1187,0,"{""Q0"":[""none of these""]}",vanilla,category_organization
ROW31394,11400,survey-multi-select,22,188076,0,P1154,STUDY0007,SESS1187,0,"{""Q0"":[""none of these""]}",hedgehog,category_organization
ROW31395,4666,survey-multi-select,23,192744,0,P1154,STUDY0007,SESS1187,0,"{""Q0"":[""material""]}",cereal,category_organization
ROW31396,10844,survey-multi-select,24,203590,0,P1154,STUDY0007,SESS1187,0,"{""Q0"":[""material""]}",honey,category_organization
ROW31397,6140,survey-multi-select,25,209732,0,P1154,STUDY0007,SESS1187,0,"{""Q0"":[""shape""]}",machete,category_organization
ROW31398,5134,survey-multi-select,26,214868,0,P1154,STUDY0007,SESS1187,0,"{""Q0"":[""none of these""]}",eagle,category_organization
ROW31399,4065,survey-multi-select,27,218935,0,P1154,STUDY0007,SESS1187,0,"{""Q0"":[""none of these""]}",cucumber,category_organization
ROW31400,10292,survey-multi-select,28,229228,0,P1154,STUDY0007,SESS1187,0,"{""Q0"":[""material""]}",chicken (food),category_organization
ROW31401,5641,survey-multi-select,30,239406,0,P1154,STUDY0007,SESS1187,0,"{""Q0"":[""none of these""]}",country,category_organization
ROW31402,4532,survey-multi-select,29,233762,0,P1154,STUDY0007,SESS1187,0,"{""Q0"":[""shape""]}",coat hanger,category_organization
ROW31403,3470,survey-multi-select,31,242878,0,P1154,STUDY0007,SESS1187,0,"{""Q0"":[""shape""]}",fork,category_organization
ROW31404,5010,survey-multi-select,32,247890,0,P1154,STUDY0007,SESS1187,0,"{""Q0"":[""shape""]}",wall,category_organization
ROW31405,3480,survey-multi-select,35,260792,0,P1154,STUDY0007,SESS1187,0,"{""Q0"":[""material""]}",coconut,category_organization
ROW31406,3268,survey-multi-select,36,264062,0,P1154,STUDY0007,SESS1187,0,"{""Q0"":[""material""]}",pudding,category_organization
ROW31407,3986,survey-multi-select,34,257310,0,P1154,STUDY0007,SESS1187,0,"{""Q0"":[""material""]}",cotton,category_organization
ROW31408,5430,survey-multi-select,33,253322,0,P1154,STUDY0007,SESS1187,0,"{""Q0"":[""none of these""]}",penis,category_organization
ROW31409,1825,html-button-response,37,265888,0,P1154,STUDY0007,SESS1187,0,0,,
ROW31410,4238,instructions,38,270126,0,P1154,STUDY0007,SESS1187,0,,,
ROW31411,9689,instructions,0,9690,0,P1564,STUDY0007,SESS1186,0,,,
ROW31412,22415,instructions,1,32105,0,P1564,STUDY0007,SESS1186,0,,,
ROW31413,25553,html-button-response,2,57660,0,P1564,STUDY0007,SESS1186,0,0,,
ROW31414,23639,html-button-response,4,91043,0,P1564,STUDY0007,SESS1186,0,0,,
ROW31415,9741,html-button-response,3,67402,0,P1564,STUDY0007,SESS1186,0,0,,
ROW31416,11215,html-button-response,6,109610,0,P1564,STUDY0007,SESS1186,0,0,,
ROW31417,7351,html-button-response,5,98394,0,P1564,STUDY0007,SESS1186,0,0,,
ROW31418,9023,survey-multi-select,7,118634,0,P1564,STUDY0007,SESS1186,0,"{""Q0"":[""none of these""]}",happiness,practice_category
ROW31419,4087,html-button-response,8,122722,0,P1564,STUDY0007,SESS1186,0,0,,
ROW31420,6566,survey-multi-select,9,129291,0,P1564,STUDY0007,SESS1186,0,"{""Q0"":[""shape""]}",square,practice_category
ROW31421,3367,html-button-response,10,132659,0,P1564,STUDY0007,SESS1186,0,0,,
ROW31422,6694,survey-multi-select,11,139354,0,P1564,STUDY0007,SESS1186,0,"{""Q0"":[""color""]}",red,practice_category
ROW31423,3439,html-button-response,12,142794,0,P1564,STUDY0007,SESS1186,0,0,,
ROW31424,6726,survey-multi-select,13,149522,0,P1564,STUDY0007,SESS1186,0,"{""Q0"":[""material""]}",pottery,practice_category
ROW31425,1985,html-button-response,14,151508,0,P1564,STUDY0007,SESS1186,0,0,,
ROW31426,7862,html-button-response,15,159371,0,P1564,STUDY0007,SESS1186,0,0,,
ROW31427,4799,survey-multi-select,16,164171,0,P1564,STUDY0007,SESS1186,0,"{""Q0"":[""material""]}",carpet,category_organization
ROW31428,6383,survey-multi-select,17,170555,0,P1564,STUDY0007,SESS1186,0,"{""Q0"":[""none of these""]}",kiwi,category_organization
ROW31429,3694,survey-multi-select,18,174252,0,P1564,STUDY0007,SESS1186,0,"{""Q0"":[""shape""]}",spaghetti,category_organization
ROW31430,14597,survey-multi-select,19,188850,0,P1564,STUDY0007,SESS1186,0,"{""Q0"":[""material""]}",cart,category_organization
ROW31431,6943,survey-multi-select,20,195794,0,P1564,STUDY0007,SESS1186,0,"{""Q0"":[""none of these""]}",peas,category_organization
ROW31432,10606,survey-multi-select,21,206402,0,P1564,STUDY0007,SESS1186,0,"{""Q0"":[""color"",""material""]}",smoke,category_organization
ROW31433,6646,survey-multi-select,22,213050,0,P1564,STUDY0007,SESS1186,0,"{""Q0"":[""none of these""]}",raspberry,category_organization
ROW31434,10383,survey-multi-select,24,229026,0,P1564,STUDY0007,SESS1186,0,"{""Q0"":[""shape"",""color""]}",sparrow,category_organization
ROW31435,5590,survey-multi-select,23,218642,0,P1564,STUDY0007,SESS1186,0,"{""Q0"":[""none of these""]}",turtle,category_organization
ROW31436,3958,survey-multi-select,25,232986,0,P1564,STUDY0007,SESS1186,0,"{""Q0"":[""shape"",""color""]}",owl,category_organization
ROW31437,6696,survey-multi-select,26,239683,0,P1564,STUDY0007,SESS1186,0,"{""Q0"":[""shape"",""material""]}",pot,category_organization
ROW31438,8615,survey-multi-select,27,248299,0,P1564,STUDY0007,SESS1186,0,"{""Q0"":[""none of these""]}",plant,category_organization
ROW31439,4950,survey-multi-select,28,253251,0,P1564,STUDY0007,SESS1186,0,"{""Q0"":[""none of these""]}",mango,category_organization
ROW31440,3878,survey-multi-select,29,257131,0,P1564,STUDY0007,SESS1186,0,"{""Q0"":[""none of these""]}",lavender,category_organization
ROW31441,5678,survey-multi-select,30,262810,0,P1564,STUDY0007,SESS1186,0,"{""Q0"":[""none of these""]}",scallion,category_organization
ROW31442,5630,survey-multi-select,31,268442,0,P1564,STUDY0007,SESS1186,0,"{""Q0"":[""shape"",""color"",""material""]}",suit,category_organization
ROW31443,5087,survey-multi-select,32,273530,0,P1564,STUDY0007,SESS1186,0,"{""Q0"":[""shape"",""color"",""material""]}",tie (object),category_organization
ROW31444,5999,survey-multi-select,33,279531,0,P1564,STUDY0007,SESS1186,0,"{""Q0"":[""shape"",""color"",""material""]}",rug,category_organization
ROW31445,5582,survey-multi-select,34,285114,0,P1564,STUDY0007,SESS1186,0,"{""Q0"":[""shape""]}",corridor,category_organization
ROW31446,8119,survey-multi-select,35,293234,0,P1564,STUDY0007,SESS1186,0,"{""Q0"":[""material""]}",toothpaste,category_organization
ROW31447,4214,survey-multi-select,36,297450,0,P1564,STUDY0007,SESS1186,0,"{""Q0"":[""color""]}",paint (object),category_organization
ROW31448,1913,html-button-response,37,299363,0,P1564,STUDY0007,SESS1186,0,0,,
ROW31449,3759,instructions,38,303123,0,P1564,STUDY0007,SESS1186,0,,,
ROW31450,8719,instructions,0,8730,0,P1244,STUDY0007,SESS1190,0,,,
ROW31451,11694,html-button-response,2,40649,0,P1244,STUDY0007,SESS1190,0,0,,
ROW31452,20214,instructions,1,28945,0,P1244,STUDY0007,SESS1190,0,,,
ROW31453,12096,html-button-response,3,52749,0,P1244,STUDY0007,SESS1190,0,0,,
ROW31454,8938,html-button-response,4,61689,0,P1244,STUDY0007,SESS1190,0,0,,
ROW31455,5157,html-button-response,6,72025,0,P1244,STUDY0007,SESS1190,0,0,,
ROW31456,5173,html-button-response,5,66867,0,P1244,STUDY0007,SESS1190,0,0,,
ROW31457,19339,survey-multi-select,7,91368,0,P1244,STUDY0007,SESS1190,0,"{""Q0"":[""none of these""]}",happiness,practice_category
ROW31458,1701,html-button-response,8,93074,0,P1244,STUDY0007,SESS1190,0,0,,
ROW31459,9304,survey-multi-select,9,102386,0,P1244,STUDY0007,SESS1190,0,"{""Q0"":[""material""]}",pottery,practice_category
ROW31460,1266,html-button-response,10,103654,0,P1244,STUDY0007,SESS1190,0,0,,
ROW31461,7764,survey-multi-select,11,111428,0,P1244,STUDY0007,SESS1190,0,"{""Q0"":[""color""]}",red,practice_category
ROW31462,1126,html-button-response,12,112556,0,P1244,STUDY0007,SESS1190,0,0,,
ROW31463,5529,survey-multi-select,13,118094,0,P1244,STUDY0007,SESS1190,0,"{""Q0"":[""shape""]}",square,practice_category
ROW31464,1281,html-button-response,14,119379,0,P1244,STUDY0007,SESS1190,0,0,,
ROW31465,4473,html-button-response,15,123854,0,P1244,STUDY0007,SESS1190,0,0,,
ROW31466,2491,survey-multi-select,16,126348,0,P1244,STUDY0007,SESS1190,0,"{""Q0"":[""none of these""]}",lavender,category_organization
ROW31467,5533,survey-multi-select,17,131891,0,P1244,STUDY0007,SESS1190,0,"{""Q0"":[""material""]}",avocado,category_organization
ROW31468,8572,survey-multi-select,18,140470,0,P1244,STUDY0007,SESS1190,0,"{""Q0"":[""color"",""material""]}",smoothie,category_organization
ROW31469,4622,survey-multi-select,19,145098,0,P1244,STUDY0007,SESS1190,0,"{""Q0"":[""material""]}",window,category_organization
ROW31470,3588,survey-multi-select,21,152339,0,P1244,STUDY0007,SESS1190,0,"{""Q0"":[""material""]}",camera,category_organization
ROW31471,3641,survey-multi-select,20,148745,0,P1244,STUDY0007,SESS1190,0,"{""Q0"":[""material""]}",battery,category_organization
ROW31472,4332,survey-multi-select,22,156678,0,P1244,STUDY0007,SESS1190,0,"{""Q0"":[""none of these""]}",rice,category_organization
ROW31473,3666,survey-multi-select,23,160350,0,P1244,STUDY0007,SESS1190,0,"{""Q0"":[""material""]}",sock,category_organization
ROW31474,6938,survey-multi-select,24,167294,0,P1244,STUDY0007,SESS1190,0,"{""Q0"":[""none of these""]}",board game,category_organization
ROW31475,2757,survey-multi-select,25,170057,0,P1244,STUDY0007,SESS1190,0,"{""Q0"":[""material""]}",scarf,category_organization
ROW31476,4025,survey-multi-select,26,174088,0,P1244,STUDY0007,SESS1190,0,"{""Q0"":[""none of these""]}",fruit,category_organization
ROW31477,5501,survey-multi-select,27,179597,0,P1244,STUDY0007,SESS1190,0,"{""Q0"":[""none of these""]}",berry,category_organization
ROW31478,7046,survey-multi-select,28,186653,0,P1244,STUDY0007,SESS1190,0,"{""Q0"":[""shape"",""color"",""material""]}",toy (object),category_organization
ROW31479,3017,survey-multi-select,29,189677,0,P1244,STUDY0007,SESS1190,0,"{""Q0"":[""material""]}",ship,category_organization
ROW31480,6557,survey-multi-select,30,196240,0,P1244,STUDY0007,SESS1190,0,"{""Q0"":[""shape""]}",bell,category_organization
ROW31481,3096,survey-multi-select,31,199344,0,P1244,STUDY0007,SESS1190,0,"{""Q0"":[""none of these""]}",lion,category_organization
ROW31482,2862,survey-multi-select,32,202211,0,P1244,STUDY0007,SESS1190,0,"{""Q0"":[""none of these""]}",persimmon,category_organization
ROW31483,3364,survey-multi-select,33,205578,0,P1244,STUDY0007,SESS1190,0,"{""Q0"":[""color""]}",marker,category_organization
ROW31484,2960,survey-multi-select,34,208544,0,P1244,STUDY0007,SESS1190,0,"{""Q0"":[""material""]}",handkerchief,category_organization
ROW31485,2950,survey-multi-select,36,220080,0,P1244,STUDY0007,SESS1190,0,"{""Q0"":[""none of these""]}",plug,category_organization
ROW31486,8573,survey-multi-select,35,217124,0,P1244,STUDY0007,SESS1190,0,"{""Q0"":[""material""]}",wall,category_organization
ROW31487,1194,html-button-response,37,221277,0,P1244,STUDY0007,SESS1190,0,0,,
ROW31488,2884,instructions,38,224163,0,P1244,STUDY0007,SESS1190,0,,,
ROW31489,45729,instructions,0,45731,0,P1077,STUDY0007,SESS1189,0,,,
ROW31490,21743,html-button-response,4,154977,0,P1077,STUDY0007,SESS1189,0,0,,
ROW31491,68099,instructions,1,113831,0,P1077,STUDY0007,SESS1189,0,,,
ROW31492,14002,html-button-response,2,127835,0,P1077,STUDY0007,SESS1189,0,0,,
ROW31493,5397,html-button-response,3,133233,0,P1077,STUDY0007,SESS1189,0,0,,
ROW31494,3658,html-button-response,6,162018,0,P1077,STUDY0007,SESS1189,0,0,,
ROW31495,3381,html-button-response,5,158359,0,P1077,STUDY0007,SESS1189,0,0,,
ROW31496,11352,survey-multi-select,7,173374,0,P1077,STUDY0007,SESS1189,0,"{""Q0"":[""material""]}",pottery,practice_category
ROW31497,1498,html-button-response,8,174873,0,P1077,STUDY0007,SESS1189,0,0,,
ROW31498,11295,survey-multi-select,9,186171,0,P1077,STUDY0007,SESS1189,0,"{""Q0"":[""color""]}",red,practice_category
ROW31499,2596,html-button-response,10,188768,0,P1077,STUDY0007,SESS1189,0,0,,
ROW31500,1647,html-button-response,12,207674,0,P1077,STUDY0007,SESS1189,0,0,,
ROW31501,17255,survey-multi-select,11,206026,0,P1077,STUDY0007,SESS1189,0,"{""Q0"":[""none of these""]}",happiness,practice_category
ROW31502,6530,survey-multi-select,13,214205,0,P1077,STUDY0007,SESS1189,0,"{""Q0"":[""shape""]}",square,practice_category
ROW31503,1499,html-button-response,14,215704,0,P1077,STUDY0007,SESS1189,0,0,,
ROW31504,9691,survey-multi-select,16,235844,0,P1077,STUDY0007,SESS1189,0,"{""Q0"":[""material""]}",water (not beverage),category_organization
ROW31505,10447,html-button-response,15,226152,0,P1077,STUDY0007,SESS1189,0,0,,
ROW31506,16390,survey-multi-select,17,252237,0,P1077,STUDY0007,SESS1189,0,"{""Q0"":[""none of these""]}",orange (food),category_organization
ROW31507,6763,survey-multi-select,18,259001,0,P1077,STUDY0007,SESS1189,0,"{""Q0"":[""none of these""]}",llama,category_organization
ROW31508,5714,survey-multi-select,19,264718,0,P1077,STUDY0007,SESS1189,0,"{""Q0"":[""none of these""]}",camel,category_organization
ROW31509,22373,survey-multi-select,20,287093,0,P1077,STUDY0007,SESS1189,0,"{""Q0"":[""none of these""]}",pencil,category_organization
ROW31510,18679,survey-multi-select,22,312679,0,P1077,STUDY0007,SESS1189,0,"{""Q0"":[""color""]}",vanilla,category_organization
ROW31511,6904,survey-multi-select,21,293998,0,P1077,STUDY0007,SESS1189,0,"{""Q0"":[""none of these""]}",purse,category_organization
ROW31512,7653,survey-multi-select,24,328252,0,P1077,STUDY0007,SESS1189,0,"{""Q0"":[""none of these""]}",blender,category_organization
ROW31513,7915,survey-multi-select,23,320597,0,P1077,STUDY0007,SESS1189,0,"{""Q0"":[""none of these""]}",straw,category_organization
ROW31514,4866,survey-multi-select,25,333121,0,P1077,STUDY0007,SESS1189,0,"{""Q0"":[""none of these""]}",push,category_organization
ROW31515,14013,survey-multi-select,26,347136,0,P1077,STUDY0007,SESS1189,0,"{""Q0"":[""none of these""]}",cutlet,category_organization
ROW31516,5757,survey-multi-select,27,352895,0,P1077,STUDY0007,SESS1189,0,"{""Q0"":[""none of these""]}",sandal,category_organization
ROW31517,5673,survey-multi-select,28,358570,0,P1077,STUDY0007,SESS1189,0,"{""Q0"":[""none of these""]}",peach,category_organization
ROW31518,5489,survey-multi-select,31,383358,0,P1077,STUDY0007,SESS1189,0,"{""Q0"":[""none of these""]}",ginger,category_organization
ROW31519,14591,survey-multi-select,29,373162,0,P1077,STUDY0007,SESS1189,0,"{""Q0"":[""material""]}",sock,category_organization
ROW31520,4456,survey-multi-select,32,387816,0,P1077,STUDY0007,SESS1189,0,"{""Q0"":[""none of these""]}",lavender,category_organization
ROW31521,4703,survey-multi-select,30,377867,0,P1077,STUDY0007,SESS1189,0,"{""Q0"":[""none of these""]}",caterpillar,category_organization
ROW31522,12116,survey-multi-select,33,399934,0,P1077,STUDY0007,SESS1189,0,"{""Q0"":[""none of these""]}",ladybug,category_organization
ROW31523,8251,survey-multi-select,34,408186,0,P1077,STUDY0007,SESS1189,0,"{""Q0"":[""material""]}",play dough,category_organization
ROW31524,12469,survey-multi-select,35,420656,0,P1077,STUDY0007,SESS1189,0,"{""Q0"":[""none of these""]}",matches,category_organization
ROW31525,2822,html-button-response,37,432196,0,P1077,STUDY0007,SESS1189,0,0,,
ROW31526,8714,survey-multi-select,36,429373,0,P1077,STUDY0007,SESS1189,0,"{""Q0"":[""none of these""]}",neck,category_organization
ROW31527,5901,instructions,38,438097,0,P1077,STUDY0007,SESS1189,0,,,
ROW31528,8476,instructions,1,19910,0,P1794,STUDY0007,SESS1192,0,,,
ROW31529,11420,instructions,0,11431,0,P1794,STUDY0007,SESS1192,0,,,
ROW31530,15315,html-button-response,2,35230,0,P1794,STUDY0007,SESS1192,0,0,,
ROW31531,13276,html-button-response,3,48509,0,P1794,STUDY0007,SESS1192,0,0,,
ROW31532,6076,html-button-response,5,66787,0,P1794,STUDY0007,SESS1192,0,0,,
ROW31533,12195,html-button-response,4,60708,0,P1794,STUDY0007,SESS1192,0,0,,
ROW31534,4578,html-button-response,6,71367,0,P1794,STUDY0007,SESS1192,0,0,,
ROW31535,7860,survey-multi-select,7,79239,0,P1794,STUDY0007,SESS1192,0,"{""Q0"":[""color""]}",red,practice_category
ROW31536,3516,html-button-response,8,82759,0,P1794,STUDY0007,SESS1192,0,0,,
ROW31537,6269,survey-multi-select,9,89035,0,P1794,STUDY0007,SESS1192,0,"{""Q0"":[""none of these""]}",happiness,practice_category
ROW31538,2389,html-button-response,10,91427,0,P1794,STUDY0007,SESS1192,0,0,,
ROW31539,8129,survey-multi-select,11,99562,0,P1794,STUDY0007,SESS1192,0,"{""Q0"":[""none of these""]}",pottery,practice_category
ROW31540,5203,html-button-response,12,104768,0,P1794,STUDY0007,SESS1192,0,0,,
ROW31541,4380,survey-multi-select,13,109154,0,P1794,STUDY0007,SESS1192,0,"{""Q0"":[""shape""]}",square,practice_category
ROW31542,4008,html-button-response,14,113166,0,P1794,STUDY0007,SESS1192,0,0,,
ROW31543,5151,html-button-response,15,118321,0,P1794,STUDY0007,SESS1192,0,0,,
ROW31544,10843,survey-multi-select,16,129171,0,P1794,STUDY0007,SESS1192,0,"{""Q0"":[""none of these""]}",french fries,category_organization
ROW31545,4685,survey-multi-select,17,133862,0,P1794,STUDY0007,SESS1192,0,"{""Q0"":[""none of these""]}",sweets,category_organization
ROW31546,9903,survey-multi-select,18,143770,0,P1794,STUDY0007,SESS1192,0,"{""Q0"":[""none of these""]}",jello,category_organization
ROW31547,4201,survey-multi-select,19,147977,0,P1794,STUDY0007,SESS1192,0,"{""Q0"":[""material""]}",smoke,category_organization
ROW31548,5708,survey-multi-select,20,153691,0,P1794,STUDY0007,SESS1192,0,"{""Q0"":[""none of these""]}",pumpkin,category_organization
ROW31549,3497,survey-multi-select,21,157194,0,P1794,STUDY0007,SESS1192,0,"{""Q0"":[""material""]}",card,category_organization
ROW31550,3192,survey-multi-select,22,160391,0,P1794,STUDY0007,SESS1192,0,"{""Q0"":[""material""]}",taco,category_organization
ROW31551,3935,survey-multi-select,23,164332,0,P1794,STUDY0007,SESS1192,0,"{""Q0"":[""shape""]}",wheel,category_organization
ROW31552,3751,survey-multi-select,24,168088,0,P1794,STUDY0007,SESS1192,0,"{""Q0"":[""material""]}",river,category_organization
ROW31553,3944,survey-multi-select,25,172038,0,P1794,STUDY0007,SESS1192,0,"{""Q0"":[""none of these""]}",grapes,category_organization
ROW31554,6102,survey-multi-select,26,178146,0,P1794,STUDY0007,SESS1192,0,"{""Q0"":[""color""]}",sky,category_organization
ROW31555,3319,survey-multi-select,27,181471,0,P1794,STUDY0007,SESS1192,0,"{""Q0"":[""material""]}",bib,category_organization
ROW31556,4006,survey-multi-select,28,185482,0,P1794,STUDY0007,SESS1192,0,"{""Q0"":[""none of these""]}",lavender,category_organization
ROW31557,3157,survey-multi-select,29,188644,0,P1794,STUDY0007,SESS1192,0,"{""Q0"":[""none of these""]}",butter,category_organization
ROW31558,4005,survey-multi-select,30,192654,0,P1794,STUDY0007,SESS1192,0,"{""Q0"":[""shape""]}",birch,category_organization
ROW31559,3961,survey-multi-select,32,203329,0,P1794,STUDY0007,SESS1192,0,"{""Q0"":[""none of these""]}",washing machine,category_organization
ROW31560,6703,survey-multi-select,31,199363,0,P1794,STUDY0007,SESS1192,0,"{""Q0"":[""material""]}",terrace,category_organization
ROW31561,3952,survey-multi-select,34,214747,0,P1794,STUDY0007,SESS1192,0,"{""Q0"":[""material""]}",laundry,category_organization
ROW31562,5785,survey-multi-select,35,220538,0,P1794,STUDY0007,SESS1192,0,"{""Q0"":[""none of these""]}",moon,category_organization
ROW31563,7455,survey-multi-select,33,210789,0,P1794,STUDY0007,SESS1192,0,"{""Q0"":[""material""]}",zipper,category_organization
ROW31564,3471,survey-multi-select,36,224015,0,P1794,STUDY0007,SESS1192,0,"{""Q0"":[""none of these""]}",traffic,category_organization
ROW31565,1560,html-button-response,37,225577,0,P1794,STUDY0007,SESS1192,0,0,,
ROW31566,4629,instructions,38,230208,0,P1794,STUDY0007,SESS1192,0,,,
ROW31567,2294,instructions,0,2296,0,P0584,STUDY0007,SESS1191,0,,,
ROW31568,2518,html-button-response,2,6327,0,P0584,STUDY0007,SESS1191,0,0,,
ROW31569,1510,instructions,1,3806,0,P0584,STUDY0007,SESS1191,0,,,
ROW31570,2127,html-button-response,3,8455,0,P0584,STUDY0007,SESS1191,0,0,,
ROW31571,4342,html-button-response,5,14782,0,P0584,STUDY0007,SESS1191,0,0,,
ROW31572,1982,html-button-response,4,10439,0,P0584,STUDY0007,SESS1191,0,0,,
ROW31573,11374,html-button-response,6,26158,0,P0584,STUDY0007,SESS1191,0,0,,
ROW31574,8037,survey-multi-select,7,34199,0,P0584,STUDY0007,SESS1191,0,"{""Q0"":[""shape""]}",square,practice_category
ROW31575,1973,html-button-response,8,36174,0,P0584,STUDY0007,SESS1191,0,0,,
ROW31576,14165,survey-multi-select,9,50342,0,P0584,STUDY0007,SESS1191,0,"{""Q0"":[""material""]}",pottery,practice_category
ROW31577,3639,html-button-response,10,53982,0,P0584,STUDY0007,SESS1191,0,0,,
ROW31578,10590,survey-multi-select,11,64575,0,P0584,STUDY0007,SESS1191,0,"{""Q0"":[""none of these""]}",happiness,practice_category
ROW31579,2300,html-button-response,12,66878,0,P0584,STUDY0007,SESS1191,0,0,,
ROW31580,14661,survey-multi-select,13,81541,0,P0584,STUDY0007,SESS1191,0,"{""Q0"":[""color""]}",red,practice_category
ROW31581,2479,html-button-response,14,84021,0,P0584,STUDY0007,SESS1191,0,0,,
ROW31582,7383,html-button-response,15,91405,0,P0584,STUDY0007,SESS1191,0,0,,
ROW31583,12558,survey-multi-select,16,103965,0,P0584,STUDY0007,SESS1191,0,"{""Q0"":[""shape""]}",toothbrush,category_organization
ROW31584,8030,survey-multi-select,17,111997,0,P0584,STUDY0007,SESS1191,0,"{""Q0"":[""none of these""]}",piglet,category_organization
ROW31585,7454,survey-multi-select,18,119453,0,P0584,STUDY0007,SESS1191,0,"{""Q0"":[""shape""]}",bucket,category_organization
ROW31586,8030,survey-multi-select,19,127485,0,P0584,STUDY0007,SESS1191,0,"{""Q0"":[""shape""]}",lollipop,category_organization
ROW31587,7149,survey-multi-select,20,134637,0,P0584,STUDY0007,SESS1191,0,"{""Q0"":[""material""]}",sock,category_organization
ROW31588,5014,survey-multi-select,21,139653,0,P0584,STUDY0007,SESS1191,0,"{""Q0"":[""material""]}",soil,category_organization
ROW31589,5829,survey-multi-select,22,145485,0,P0584,STUDY0007,SESS1191,0,"{""Q0"":[""shape""]}",pen,category_organization
ROW31591,9077,survey-multi-select,24,164476,0,P0584,STUDY0007,SESS1191,0,"{""Q0"":[""shape""]}",skate (object),category_organization
ROW31590,9909,survey-multi-select,23,155397,0,P0584,STUDY0007,SESS1191,0,"{""Q0"":[""none of these""]}",air conditioner,category_organization
ROW31592,8390,survey-multi-select,25,172869,0,P0584,STUDY0007,SESS1191,0,"{""Q0"":[""shape""]}",door,category_organization
ROW31593,15093,survey-multi-select,26,187965,0,P0584,STUDY0007,SESS1191,0,"{""Q0"":[""none of these""]}",top,category_organization
ROW31594,6605,survey-multi-select,27,194572,0,P0584,STUDY0007,SESS1191,0,"{""Q0"":[""shape""]}",donut,category_organization
ROW31595,8638,survey-multi-select,28,203213,0,P0584,STUDY0007,SESS1191,0,"{""Q0"":[""shape""]}",flower,category_organization
ROW31596,7397,survey-multi-select,29,210612,0,P0584,STUDY0007,SESS1191,0,"{""Q0"":[""shape""]}",slide (object),category_organization
ROW31597,8710,survey-multi-select,30,219324,0,P0584,STUDY0007,SESS1191,0,"{""Q0"":[""shape""]}",eyebrow,category_organization
ROW31598,3485,survey-multi-select,31,222812,0,P0584,STUDY0007,SESS1191,0,"{""Q0"":[""none of these""]}",lavender,category_organization
ROW31599,4142,survey-multi-select,32,226956,0,P0584,STUDY0007,SESS1191,0,"{""Q0"":[""material""]}",soil,category_organization
ROW31600,10558,survey-multi-select,33,237516,0,P0584,STUDY0007,SESS1191,0,"{""Q0"":[""shape""]}",potato,category_organization
ROW31601,7677,survey-multi-select,34,245196,0,P0584,STUDY0007,SESS1191,0,"{""Q0"":[""shape""]}",beetle,category_organization
ROW31602,7085,survey-multi-select,35,252284,0,P0584,STUDY0007,SESS1191,0,"{""Q0"":[""none of these""]}",yum yum,category_organization
ROW31603,5021,survey-multi-select,36,257308,0,P0584,STUDY0007,SESS1191,0,"{""Q0"":[""shape""]}",bull,category_organization
ROW31604,1662,html-button-response,37,258972,0,P0584,STUDY0007,SESS1191,0,0,,
ROW31605,4279,instructions,38,263252,0,P0584,STUDY0007,SESS1191,0,,,
ROW31606,5049,instructions,0,5051,0,P1581,STUDY0007,SESS1194,0,,,
ROW31607,6380,instructions,1,11433,0,P1581,STUDY0007,SESS1194,0,,,
ROW31608,5131,html-button-response,3,25616,0,P1581,STUDY0007,SESS1194,0,0,,
ROW31609,9047,html-button-response,2,20483,0,P1581,STUDY0007,SESS1194,0,0,,
ROW31610,10082,html-button-response,4,35700,0,P1581,STUDY0007,SESS1194,0,0,,
ROW31611,7231,html-button-response,6,45650,0,P1581,STUDY0007,SESS1194,0,0,,
ROW31612,2715,html-button-response,5,38417,0,P1581,STUDY0007,SESS1194,0,0,,
ROW31613,24679,survey-multi-select,7,70334,0,P1581,STUDY0007,SESS1194,0,"{""Q0"":[""color""]}",red,practice_category
ROW31614,6547,html-button-response,8,76883,0,P1581,STUDY0007,SESS1194,0,0,,
ROW31615,2432,html-button-response,10,85483,0,P1581,STUDY0007,SESS1194,0,0,,
ROW31616,6163,survey-multi-select,9,83050,0,P1581,STUDY0007,SESS1194,0,"{""Q0"":[""shape""]}",square,practice_category
ROW31617,15131,survey-multi-select,11,100616,0,P1581,STUDY0007,SESS1194,0,"{""Q0"":[""material""]}",pottery,practice_category
ROW31618,2065,html-button-response,12,102683,0,P1581,STUDY0007,SESS1194,0,0,,
ROW31619,5915,survey-multi-select,13,108600,0,P1581,STUDY0007,SESS1194,0,"{""Q0"":[""none of these""]}",happiness,practice_category
ROW31620,1231,html-button-response,14,109833,0,P1581,STUDY0007,SESS1194,0,0,,
ROW31621,4598,html-button-response,15,114433,0,P1581,STUDY0007,SESS1194,0,0,,
ROW31622,7831,survey-multi-select,16,122266,0,P1581,STUDY0007,SESS1194,0,"{""Q0"":[""material""]}",mud,category_organization
ROW31623,10114,survey-multi-select,18,142850,0,P1581,STUDY0007,SESS1194,0,"{""Q0"":[""none of these""]}",swing (object),category_organization
ROW31624,10466,survey-multi-select,17,132733,0,P1581,STUDY0007,SESS1194,0,"{""Q0"":[""none of these""]}",jacket,category_organization
ROW31625,6847,survey-multi-select,19,149700,0,P1581,STUDY0007,SESS1194,0,"{""Q0"":[""none of these""]}",lavender,category_organization
ROW31627,12281,survey-multi-select,21,170883,0,P1581,STUDY0007,SESS1194,0,"{""Q0"":[""none of these""]}",pizza,category_organization
ROW31626,8897,survey-multi-select,20,158599,0,P1581,STUDY0007,SESS1194,0,"{""Q0"":[""none of these""]}",sweets,category_organization
ROW31628,4630,survey-multi-select,22,175516,0,P1581,STUDY0007,SESS1194,0,"{""Q0"":[""shape""]}",macaroni,category_organization
ROW31629,5948,survey-multi-select,24,188116,0,P1581,STUDY0007,SESS1194,0,"{""Q0"":[""none of these""]}",cucumber,category_organization
ROW31630,6648,survey-multi-select,23,182166,0,P1581,STUDY0007,SESS1194,0,"{""Q0"":[""none of these""]}",pita,category_organization
ROW31631,3364,survey-multi-select,25,191483,0,P1581,STUDY0007,SESS1194,0,"{""Q0"":[""shape""]}",basin,category_organization
ROW31632,7413,survey-multi-select,27,202766,0,P1581,STUDY0007,SESS1194,0,"{""Q0"":[""none of these""]}",zebra,category_organization
ROW31633,3864,survey-multi-select,26,195350,0,P1581,STUDY0007,SESS1194,0,"{""Q0"":[""none of these""]}",bird,category_organization
ROW31634,7680,survey-multi-select,28,210449,0,P1581,STUDY0007,SESS1194,0,"{""Q0"":[""none of these""]}",cabbage,category_organization
ROW31635,11347,survey-multi-select,30,226116,0,P1581,STUDY0007,SESS1194,0,"{""Q0"":[""shape""]}",bookshelf,category_organization
ROW31636,4315,survey-multi-select,29,214766,0,P1581,STUDY0007,SESS1194,0,"{""Q0"":[""shape""]}",football,category_organization
ROW31637,4814,survey-multi-select,31,230933,0,P1581,STUDY0007,SESS1194,0,"{""Q0"":[""material""]}",jam,category_organization
ROW31638,7064,survey-multi-select,32,237999,0,P1581,STUDY0007,SESS1194,0,"{""Q0"":[""material""]}",fireplace,category_organization
ROW31639,5081,survey-multi-select,33,243083,0,P1581,STUDY0007,SESS1194,0,"{""Q0"":[""material""]}",snowsuit,category_organization
ROW31640,4030,survey-multi-select,34,247116,0,P1581,STUDY0007,SESS1194,0,"{""Q0"":[""shape""]}",bus,category_organization
ROW31641,1182,html-button-response,37,262982,0,P1581,STUDY0007,SESS1194,0,0,,
ROW31642,3998,survey-multi-select,36,261799,0,P1581,STUDY0007,SESS1194,0,"{""Q0"":[""material""]}",chair,category_organization
ROW31643,10681,survey-multi-select,35,257799,0,P1581,STUDY0007,SESS1194,0,"{""Q0"":[""none of these""]}",light,category_organization
ROW31644,4049,instructions,38,267032,0,P1581,STUDY0007,SESS1194,0,,,
ROW31645,3590,instructions,0,3591,0,P1539,STUDY0007,SESS1193,0,,,
ROW31646,1468,instructions,1,5061,0,P1539,STUDY0007,SESS1193,0,,,
ROW31647,37562,html-button-response,2,42625,0,P1539,STUDY0007,SESS1193,0,0,,
ROW31648,7974,html-button-response,6,77919,0,P1539,STUDY0007,SESS1193,0,0,,
ROW31649,10349,html-button-response,3,52976,0,P1539,STUDY0007,SESS1193,0,0,,
ROW31650,3416,html-button-response,5,69943,0,P1539,STUDY0007,SESS1193,0,0,,
ROW31651,13547,html-button-response,4,66526,0,P1539,STUDY0007,SESS1193,0,0,,
ROW31652,11224,survey-multi-select,7,89150,0,P1539,STUDY0007,SESS1193,0,"{""Q0"":[""shape""]}",square,practice_category
ROW31653,1755,html-button-response,8,90908,0,P1539,STUDY0007,SESS1193,0,0,,
ROW31654,1346,html-button-response,12,119792,0,P1539,STUDY0007,SESS1193,0,0,,
ROW31655,16083,survey-multi-select,11,118444,0,P1539,STUDY0007,SESS1193,0,"{""Q0"":[""color""]}",red,practice_category
ROW31656,1371,html-button-response,10,102358,0,P1539,STUDY0007,SESS1193,0,0,,
ROW31657,10075,survey-multi-select,9,100986,0,P1539,STUDY0007,SESS1193,0,"{""Q0"":[""none of these""]}",happiness,practice_category
ROW31658,11744,survey-multi-select,13,131539,0,P1539,STUDY0007,SESS1193,0,"{""Q0"":[""material""]}",pottery,practice_category
ROW31659,1362,html-button-response,14,132902,0,P1539,STUDY0007,SESS1193,0,0,,
ROW31660,8298,html-button-response,15,141202,0,P1539,STUDY0007,SESS1193,0,0,,
ROW31661,7856,survey-multi-select,16,149062,0,P1539,STUDY0007,SESS1193,0,"{""Q0"":[""shape""]}",mountain,category_organization
ROW31662,29180,survey-multi-select,17,178244,0,P1539,STUDY0007,SESS1193,0,"{""Q0"":[""none of these""]}",shower,category_organization
ROW31663,5386,survey-multi-select,18,183633,0,P1539,STUDY0007,SESS1193,0,"{""Q0"":[""none of these""]}",avocado,category_organization
ROW31664,20063,survey-multi-select,20,255570,0,P1539,STUDY0007,SESS1193,0,"{""Q0"":[""material""]}",light (object),category_organization
ROW31665,51871,survey-multi-select,19,235506,0,P1539,STUDY0007,SESS1193,0,"{""Q0"":[""none of these""]}",moose,category_organization
ROW31666,12451,survey-multi-select,21,268022,0,P1539,STUDY0007,SESS1193,0,"{""Q0"":[""material""]}",garbage,category_organization
ROW31667,6606,survey-multi-select,22,274630,0,P1539,STUDY0007,SESS1193,0,"{""Q0"":[""material""]}",floor,category_organization
ROW31668,5756,survey-multi-select,24,287392,0,P1539,STUDY0007,SESS1193,0,"{""Q0"":[""none of these""]}",doll,category_organization
ROW31669,7001,survey-multi-select,23,281633,0,P1539,STUDY0007,SESS1193,0,"{""Q0"":[""material""]}",watering can,category_organization
ROW31670,7380,survey-multi-select,26,303763,0,P1539,STUDY0007,SESS1193,0,"{""Q0"":[""none of these""]}",kitchen,category_organization
ROW31671,8987,survey-multi-select,25,296380,0,P1539,STUDY0007,SESS1193,0,"{""Q0"":[""material""]}",soup,category_organization
ROW31672,6702,survey-multi-select,27,310468,0,P1539,STUDY0007,SESS1193,0,"{""Q0"":[""none of these""]}",hand,category_organization
ROW31673,22982,survey-multi-select,28,333452,0,P1539,STUDY0007,SESS1193,0,"{""Q0"":[""material""]}",firewood,category_organization
ROW31674,7676,survey-multi-select,29,341131,0,P1539,STUDY0007,SESS1193,0,"{""Q0"":[""none of these""]}",chicken (animal),category_organization
ROW31675,4221,survey-multi-select,30,345354,0,P1539,STUDY0007,SESS1193,0,"{""Q0"":[""material""]}",cd,category_organization
ROW31676,2740,survey-multi-select,31,348097,0,P1539,STUDY0007,SESS1193,0,"{""Q0"":[""none of these""]}",lavender,category_organization
ROW31677,3055,survey-multi-select,35,361323,0,P1539,STUDY0007,SESS1193,0,"{""Q0"":[""none of these""]}",and,category_organization
ROW31678,5116,survey-multi-select,32,353215,0,P1539,STUDY0007,SESS1193,0,"{""Q0"":[""material""]}",pillow,category_organization
ROW31679,2807,survey-multi-select,33,356024,0,P1539,STUDY0007,SESS1193,0,"{""Q0"":[""none of these""]}",goat,category_organization
ROW31680,2239,survey-multi-select,34,358266,0,P1539,STUDY0007,SESS1193,0,"{""Q0"":[""none of these""]}",lamb,category_organization
ROW31681,3168,survey-multi-select,36,364493,0,P1539,STUDY0007,SESS1193,0,"{""Q0"":[""material""]}",balloon,category_organization
ROW31682,1511,html-button-response,37,366005,0,P1539,STUDY0007,SESS1193,0,0,,
ROW31683,2262,instructions,38,368268,0,P1539,STUDY0007,SESS1193,0,,,
ROW31684,1926,instructions,0,1927,0,P0709,STUDY0007,SESS1195,0,,,
ROW31685,8184,html-button-response,2,13473,0,P0709,STUDY0007,SESS1195,0,0,,
ROW31686,3361,instructions,1,5288,0,P0709,STUDY0007,SESS1195,0,,,
ROW31687,2438,html-button-response,4,19549,0,P0709,STUDY0007,SESS1195,0,0,,
ROW31688,3636,html-button-response,3,17110,0,P0709,STUDY0007,SESS1195,0,0,,
ROW31689,1996,html-button-response,5,21545,0,P0709,STUDY0007,SESS1195,0,0,,
ROW31690,2520,html-button-response,6,24066,0,P0709,STUDY0007,SESS1195,0,0,,
ROW31691,7565,survey-multi-select,7,31633,0,P0709,STUDY0007,SESS1195,0,"{""Q0"":[""none of these""]}",happiness,practice_category
ROW31692,1085,html-button-response,8,32719,0,P0709,STUDY0007,SESS1195,0,0,,
ROW31693,2492,survey-multi-select,9,35212,0,P0709,STUDY0007,SESS1195,0,"{""Q0"":[""shape""]}",square,practice_category
ROW31694,514,html-button-response,10,35727,0,P0709,STUDY0007,SESS1195,0,0,,
ROW31695,5458,survey-multi-select,11,41186,0,P0709,STUDY0007,SESS1195,0,"{""Q0"":[""material""]}",pottery,practice_category
ROW31696,582,html-button-response,12,41768,0,P0709,STUDY0007,SESS1195,0,0,,
ROW31697,4001,survey-multi-select,13,45770,0,P0709,STUDY0007,SESS1195,0,"{""Q0"":[""color""]}",red,practice_category
ROW31698,468,html-button-response,14,46239,0,P0709,STUDY0007,SESS1195,0,0,,
ROW31699,3728,html-button-response,15,49967,0,P0709,STUDY0007,SESS1195,0,0,,
ROW31700,7624,survey-multi-select,17,62282,0,P0709,STUDY0007,SESS1195,0,"{""Q0"":[""none of these""]}",lemon,category_organization
ROW31701,4689,survey-multi-select,16,54657,0,P0709,STUDY0007,SESS1195,0,"{""Q0"":[""none of these""]}",mosquito,category_organization
ROW31702,3537,survey-multi-select,18,65820,0,P0709,STUDY0007,SESS1195,0,"{""Q0"":[""material""]}",window,category_organization
ROW31703,3437,survey-multi-select,19,69258,0,P0709,STUDY0007,SESS1195,0,"{""Q0"":[""color""]}",olive,category_organization
ROW31704,3076,survey-multi-select,20,72335,0,P0709,STUDY0007,SESS1195,0,"{""Q0"":[""none of these""]}",sailboat,category_organization
ROW31705,4122,survey-multi-select,21,76458,0,P0709,STUDY0007,SESS1195,0,"{""Q0"":[""shape""]}",clementine,category_organization
ROW31706,3348,survey-multi-select,23,83321,0,P0709,STUDY0007,SESS1195,0,"{""Q0"":[""shape""]}",buttocks,category_organization
ROW31707,3513,survey-multi-select,22,79972,0,P0709,STUDY0007,SESS1195,0,"{""Q0"":[""none of these""]}",video,category_organization
ROW31708,3197,survey-multi-select,24,86519,0,P0709,STUDY0007,SESS1195,0,"{""Q0"":[""none of these""]}",butter,category_organization
ROW31709,2703,survey-multi-select,25,89223,0,P0709,STUDY0007,SESS1195,0,"{""Q0"":[""material""]}",ladder,category_organization
ROW31710,2994,survey-multi-select,26,92218,0,P0709,STUDY0007,SESS1195,0,"{""Q0"":[""shape""]}",headband,category_organization
ROW31711,2048,survey-multi-select,27,94267,0,P0709,STUDY0007,SESS1195,0,"{""Q0"":[""none of these""]}",mouth,category_organization
ROW31712,2649,survey-multi-select,28,96917,0,P0709,STUDY0007,SESS1195,0,"{""Q0"":[""none of these""]}",guinea pig,category_organization
ROW31713,2533,survey-multi-select,29,99451,0,P0709,STUDY0007,SESS1195,0,"{""Q0"":[""none of these""]}",shawl,category_organization
ROW31714,4868,survey-multi-select,30,104320,0,P0709,STUDY0007,SESS1195,0,"{""Q0"":[""material""]}",car,category_organization
ROW31715,4208,survey-multi-select,31,108529,0,P0709,STUDY0007,SESS1195,0,"{""Q0"":[""none of these""]}",crocodile,category_organization
ROW31716,3361,survey-multi-select,32,111891,0,P0709,STUDY0007,SESS1195,0,"{""Q0"":[""material""]}",book,category_organization
ROW31717,3706,survey-multi-select,33,115598,0,P0709,STUDY0007,SESS1195,0,"{""Q0"":[""material""]}",cup,category_organization
ROW31718,2838,survey-multi-select,35,120542,0,P0709,STUDY0007,SESS1195,0,"{""Q0"":[""material""]}",car,category_organization
ROW31719,2104,survey-multi-select,34,117703,0,P0709,STUDY0007,SESS1195,0,"{""Q0"":[""none of these""]}",chips,category_organization
ROW31720,2123,survey-multi-select,36,122666,0,P0709,STUDY0007,SESS1195,0,"{""Q0"":[""none of these""]}",lavender,category_organization
ROW31721,1175,html-button-response,37,123842,0,P0709,STUDY0007,SESS1195,0,0,,
ROW31722,1846,instructions,38,125688,0,P0709,STUDY0007,SESS1195,0,,,
ROW31723,2810,instructions,0,2812,0,P0977,STUDY0007,SESS1209,0,,,
ROW31725,2293,instructions,1,5105,0,P0977,STUDY0007,SESS1209,0,,,
ROW31724,5869,html-button-response,2,10976,0,P0977,STUDY0007,SESS1209,0,0,,
ROW31727,3483,html-button-response,6,28671,0,P0977,STUDY0007,SESS1209,0,0,,
ROW31726,4390,html-button-response,3,15366,0,P0977,STUDY0007,SESS1209,0,0,,
ROW31728,6692,html-button-response,4,22059,0,P0977,STUDY0007,SESS1209,0,0,,
ROW31729,3127,html-button-response,5,25187,0,P0977,STUDY0007,SESS1209,0,0,,
ROW31730,7039,survey-multi-select,7,35712,0,P0977,STUDY0007,SESS1209,0,"{""Q0"":[""color""]}",red,practice_category
ROW31731,1450,html-button-response,8,37162,0,P0977,STUDY0007,SESS1209,0,0,,
ROW31732,4047,survey-multi-select,9,41210,0,P0977,STUDY0007,SESS1209,0,"{""Q0"":[""none of these""]}",happiness,practice_category
ROW31733,503,html-button-response,10,41714,0,P0977,STUDY0007,SESS1209,0,0,,
ROW31734,715,html-button-response,12,47813,0,P0977,STUDY0007,SESS1209,0,0,,
ROW31735,5382,survey-multi-select,11,47098,0,P0977,STUDY0007,SESS1209,0,"{""Q0"":[""shape""]}",pottery,practice_category
ROW31736,2881,survey-multi-select,13,50695,0,P0977,STUDY0007,SESS1209,0,"{""Q0"":[""shape""]}",square,practice_category
ROW31737,449,html-button-response,14,51145,0,P0977,STUDY0007,SESS1209,0,0,,
ROW31738,3257,html-button-response,15,54403,0,P0977,STUDY0007,SESS1209,0,0,,
ROW31739,3291,survey-multi-select,16,57695,0,P0977,STUDY0007,SESS1209,0,"{""Q0"":[""none of these""]}",backyard,category_organization
ROW31740,2989,survey-multi-select,17,60686,0,P0977,STUDY0007,SESS1209,0,"{""Q0"":[""none of these""]}",screwdriver,category_organization
ROW31741,2782,survey-multi-select,18,63469,0,P0977,STUDY0007,SESS1209,0,"{""Q0"":[""none of these""]}",mouth,category_organization
ROW31742,4266,survey-multi-select,19,67736,0,P0977,STUDY0007,SESS1209,0,"{""Q0"":[""shape""]}",coat hanger,category_organization
ROW31743,2732,survey-multi-select,20,70469,0,P0977,STUDY0007,SESS1209,0,"{""Q0"":[""none of these""]}",coke,category_organization
ROW31744,2120,survey-multi-select,21,72590,0,P0977,STUDY0007,SESS1209,0,"{""Q0"":[""none of these""]}",rice,category_organization
ROW31745,1812,survey-multi-select,22,74403,0,P0977,STUDY0007,SESS1209,0,"{""Q0"":[""none of these""]}",bird,category_organization
ROW31746,3235,survey-multi-select,23,77639,0,P0977,STUDY0007,SESS1209,0,"{""Q0"":[""none of these""]}",cushion,category_organization
ROW31747,2207,survey-multi-select,24,79847,0,P0977,STUDY0007,SESS1209,0,"{""Q0"":[""none of these""]}",quesadilla,category_organization
ROW31748,1937,survey-multi-select,25,81785,0,P0977,STUDY0007,SESS1209,0,"{""Q0"":[""none of these""]}",video,category_organization
ROW31749,1753,survey-multi-select,26,83539,0,P0977,STUDY0007,SESS1209,0,"{""Q0"":[""none of these""]}",lizard,category_organization
ROW31750,1902,survey-multi-select,27,85442,0,P0977,STUDY0007,SESS1209,0,"{""Q0"":[""none of these""]}",music,category_organization
ROW31751,1697,survey-multi-select,28,87140,0,P0977,STUDY0007,SESS1209,0,"{""Q0"":[""none of these""]}",washing machine,category_organization
ROW31752,1831,survey-multi-select,29,88972,0,P0977,STUDY0007,SESS1209,0,"{""Q0"":[""none of these""]}",donkey,category_organization
ROW31753,2086,survey-multi-select,30,91059,0,P0977,STUDY0007,SESS1209,0,"{""Q0"":[""none of these""]}",sneaker,category_organization
ROW31754,2428,survey-multi-select,31,93488,0,P0977,STUDY0007,SESS1209,0,"{""Q0"":[""none of these""]}",snack,category_organization
ROW31755,1785,survey-multi-select,32,95274,0,P0977,STUDY0007,SESS1209,0,"{""Q0"":[""none of these""]}",lavender,category_organization
ROW31756,1934,survey-multi-select,33,97209,0,P0977,STUDY0007,SESS1209,0,"{""Q0"":[""none of these""]}",pen/pencil,category_organization
ROW31757,1664,survey-multi-select,34,98874,0,P0977,STUDY0007,SESS1209,0,"{""Q0"":[""none of these""]}",pastry,category_organization
ROW31758,1833,survey-multi-select,36,102505,0,P0977,STUDY0007,SESS1209,0,"{""Q0"":[""none of these""]}",sofa,category_organization
ROW31759,1797,survey-multi-select,35,100672,0,P0977,STUDY0007,SESS1209,0,"{""Q0"":[""none of these""]}",papaya,category_organization
ROW31760,1054,html-button-response,37,103560,0,P0977,STUDY0007,SESS1209,0,0,,
ROW31761,2779,instructions,38,106339,0,P0977,STUDY0007,SESS1209,0,,,
ROW31762,2199,instructions,0,2200,0,P1683,STUDY0007,SESS1208,0,,,
ROW31763,1445,instructions,1,3645,0,P1683,STUDY0007,SESS1208,0,,,
ROW31764,10569,html-button-response,2,14215,0,P1683,STUDY0007,SESS1208,0,0,,
ROW31765,5314,html-button-response,3,19530,0,P1683,STUDY0007,SESS1208,0,0,,
ROW31766,7451,html-button-response,4,26982,0,P1683,STUDY0007,SESS1208,0,0,,
ROW31767,2346,html-button-response,5,29329,0,P1683,STUDY0007,SESS1208,0,0,,
ROW31768,3303,html-button-response,6,32634,0,P1683,STUDY0007,SESS1208,0,0,,
ROW31769,9252,survey-multi-select,7,41888,0,P1683,STUDY0007,SESS1208,0,"{""Q0"":[""shape"",""material""]}",pottery,practice_category
ROW31770,1553,html-button-response,8,43442,0,P1683,STUDY0007,SESS1208,0,0,,
ROW31771,6854,survey-multi-select,9,50297,0,P1683,STUDY0007,SESS1208,0,"{""Q0"":[""shape""]}",square,practice_category
ROW31772,774,html-button-response,10,51072,0,P1683,STUDY0007,SESS1208,0,0,,
ROW31773,671,html-button-response,12,58872,0,P1683,STUDY0007,SESS1208,0,0,,
ROW31774,7127,survey-multi-select,11,58200,0,P1683,STUDY0007,SESS1208,0,"{""Q0"":[""color""]}",red,practice_category
ROW31775,5856,survey-multi-select,13,64730,0,P1683,STUDY0007,SESS1208,0,"{""Q0"":[""none of these""]}",happiness,practice_category
ROW31776,851,html-button-response,14,65582,0,P1683,STUDY0007,SESS1208,0,0,,
ROW31777,3835,html-button-response,15,69417,0,P1683,STUDY0007,SESS1208,0,0,,
ROW31778,4157,survey-multi-select,16,73575,0,P1683,STUDY0007,SESS1208,0,"{""Q0"":[""none of these""]}",mosquito,category_organization
ROW31779,5761,survey-multi-select,17,79337,0,P1683,STUDY0007,SESS1208,0,"{""Q0"":[""none of these""]}",coconut,category_organization
ROW31780,3707,survey-multi-select,18,83045,0,P1683,STUDY0007,SESS1208,0,"{""Q0"":[""material""]}",book,category_organization
ROW31781,4510,survey-multi-select,19,87556,0,P1683,STUDY0007,SESS1208,0,"{""Q0"":[""none of these""]}",gum,category_organization
ROW31782,4812,survey-multi-select,20,92370,0,P1683,STUDY0007,SESS1208,0,"{""Q0"":[""none of these""]}",pool,category_organization
ROW31783,4126,survey-multi-select,21,96497,0,P1683,STUDY0007,SESS1208,0,"{""Q0"":[""none of these""]}",panda,category_organization
ROW31784,2221,survey-multi-select,22,98719,0,P1683,STUDY0007,SESS1208,0,"{""Q0"":[""shape""]}",earth,category_organization
ROW31785,2861,survey-multi-select,23,101581,0,P1683,STUDY0007,SESS1208,0,"{""Q0"":[""shape""]}",forehead,category_organization
ROW31786,2536,survey-multi-select,24,104119,0,P1683,STUDY0007,SESS1208,0,"{""Q0"":[""none of these""]}",bush,category_organization
ROW31787,2285,survey-multi-select,25,106405,0,P1683,STUDY0007,SESS1208,0,"{""Q0"":[""shape""]}",donut,category_organization
ROW31788,3305,survey-multi-select,27,112454,0,P1683,STUDY0007,SESS1208,0,"{""Q0"":[""none of these""]}",corridor,category_organization
ROW31789,2742,survey-multi-select,26,109148,0,P1683,STUDY0007,SESS1208,0,"{""Q0"":[""none of these""]}",soy milk,category_organization
ROW31790,1739,survey-multi-select,28,114194,0,P1683,STUDY0007,SESS1208,0,"{""Q0"":[""none of these""]}",lavender,category_organization
ROW31791,2759,survey-multi-select,29,116954,0,P1683,STUDY0007,SESS1208,0,"{""Q0"":[""shape""]}",tummy,category_organization
ROW31792,2466,survey-multi-select,30,119421,0,P1683,STUDY0007,SESS1208,0,"{""Q0"":[""material""]}",salt,category_organization
ROW31793,1984,survey-multi-select,31,121406,0,P1683,STUDY0007,SESS1208,0,"{""Q0"":[""material""]}",gum,category_organization
ROW31794,1976,survey-multi-select,32,123383,0,P1683,STUDY0007,SESS1208,0,"{""Q0"":[""material""]}",crayon,category_organization
ROW31795,2229,survey-multi-select,33,125613,0,P1683,STUDY0007,SESS1208,0,"{""Q0"":[""none of these""]}",chick,category_organization
ROW31796,1943,survey-multi-select,34,127558,0,P1683,STUDY0007,SESS1208,0,"{""Q0"":[""material""]}",armchair,category_organization
ROW31797,2229,survey-multi-select,35,129788,0,P1683,STUDY0007,SESS1208,0,"{""Q0"":[""none of these""]}",lamb,category_organization
ROW31798,2403,survey-multi-select,36,132192,0,P1683,STUDY0007,SESS1208,0,"{""Q0"":[""none of these""]}",milk,category_organization
ROW31799,845,html-button-response,37,133038,0,P1683,STUDY0007,SESS1208,0,0,,
ROW31800,1448,instructions,38,134486,0,P1683,STUDY0007,SESS1208,0,,,
ROW31801,2820,instructions,0,2821,0,P0239,STUDY0007,SESS1202,0,,,
ROW31802,4261,instructions,1,7082,0,P0239,STUDY0007,SESS1202,0,,,
ROW31803,9301,html-button-response,2,16384,0,P0239,STUDY0007,SESS1202,0,0,,
ROW31804,5775,html-button-response,4,26123,0,P0239,STUDY0007,SESS1202,0,0,,
ROW31805,3963,html-button-response,3,20348,0,P0239,STUDY0007,SESS1202,0,0,,
ROW31806,3955,html-button-response,5,30078,0,P0239,STUDY0007,SESS1202,0,0,,
ROW31807,4252,html-button-response,6,34330,0,P0239,STUDY0007,SESS1202,0,0,,
ROW31808,6658,survey-multi-select,7,40990,0,P0239,STUDY0007,SESS1202,0,"{""Q0"":[""shape""]}",square,practice_category
ROW31809,5224,survey-multi-select,11,60887,0,P0239,STUDY0007,SESS1202,0,"{""Q0"":[""none of these""]}",happiness,practice_category
ROW31810,1014,html-button-response,8,42004,0,P0239,STUDY0007,SESS1202,0,0,,
ROW31811,2519,html-button-response,10,55663,0,P0239,STUDY0007,SESS1202,0,0,,
ROW31812,11138,survey-multi-select,9,53144,0,P0239,STUDY0007,SESS1202,0,"{""Q0"":[""none of these""]}",pottery,practice_category
ROW31813,1198,html-button-response,12,62086,0,P0239,STUDY0007,SESS1202,0,0,,
ROW31814,3771,survey-multi-select,13,65858,0,P0239,STUDY0007,SESS1202,0,"{""Q0"":[""color""]}",red,practice_category
ROW31815,761,html-button-response,14,66619,0,P0239,STUDY0007,SESS1202,0,0,,
ROW31816,2625,html-button-response,15,69244,0,P0239,STUDY0007,SESS1202,0,0,,
ROW31817,5144,survey-multi-select,17,80357,0,P0239,STUDY0007,SESS1202,0,"{""Q0"":[""shape""]}",beetle,category_organization
ROW31818,5967,survey-multi-select,16,75212,0,P0239,STUDY0007,SESS1202,0,"{""Q0"":[""shape""]}",lamb,category_organization
ROW31819,6229,survey-multi-select,18,86587,0,P0239,STUDY0007,SESS1202,0,"{""Q0"":[""shape"",""color""]}",passion fruit,category_organization
ROW31820,3193,survey-multi-select,19,89781,0,P0239,STUDY0007,SESS1202,0,"{""Q0"":[""none of these""]}",rain,category_organization
ROW31821,1732,survey-multi-select,20,91513,0,P0239,STUDY0007,SESS1202,0,"{""Q0"":[""none of these""]}",lavender,category_organization
ROW31822,3736,survey-multi-select,21,95250,0,P0239,STUDY0007,SESS1202,0,"{""Q0"":[""material""]}",potato,category_organization
ROW31823,2983,survey-multi-select,22,98234,0,P0239,STUDY0007,SESS1202,0,"{""Q0"":[""shape""]}",guitar,category_organization
ROW31824,2432,survey-multi-select,24,102381,0,P0239,STUDY0007,SESS1202,0,"{""Q0"":[""shape""]}",turkey,category_organization
ROW31825,1714,survey-multi-select,23,99949,0,P0239,STUDY0007,SESS1202,0,"{""Q0"":[""color""]}",rainbow,category_organization
ROW31826,5617,survey-multi-select,25,107999,0,P0239,STUDY0007,SESS1202,0,"{""Q0"":[""material""]}",flower pot,category_organization
ROW31827,3079,survey-multi-select,26,111079,0,P0239,STUDY0007,SESS1202,0,"{""Q0"":[""shape""]}",donkey,category_organization
ROW31828,3193,survey-multi-select,27,114273,0,P0239,STUDY0007,SESS1202,0,"{""Q0"":[""material""]}",vitamin,category_organization
ROW31829,1855,survey-multi-select,29,120153,0,P0239,STUDY0007,SESS1202,0,"{""Q0"":[""none of these""]}",and,category_organization
ROW31830,4025,survey-multi-select,28,118298,0,P0239,STUDY0007,SESS1202,0,"{""Q0"":[""shape"",""material""]}",tortilla,category_organization
ROW31831,2047,survey-multi-select,31,124878,0,P0239,STUDY0007,SESS1202,0,"{""Q0"":[""color""]}",frost,category_organization
ROW31832,2677,survey-multi-select,30,122830,0,P0239,STUDY0007,SESS1202,0,"{""Q0"":[""material""]}",suit,category_organization
ROW31833,3788,survey-multi-select,32,128667,0,P0239,STUDY0007,SESS1202,0,"{""Q0"":[""shape""]}",ear,category_organization
ROW31834,3613,survey-multi-select,33,132281,0,P0239,STUDY0007,SESS1202,0,"{""Q0"":[""shape""]}",bus,category_organization
ROW31835,7455,survey-multi-select,34,139736,0,P0239,STUDY0007,SESS1202,0,"{""Q0"":[""material""]}",fruit,category_organization
ROW31836,1977,survey-multi-select,35,141713,0,P0239,STUDY0007,SESS1202,0,"{""Q0"":[""none of these""]}",atole,category_organization
ROW31837,927,html-button-response,37,145879,0,P0239,STUDY0007,SESS1202,0,0,,
ROW31838,3237,survey-multi-select,36,144951,0,P0239,STUDY0007,SESS1202,0,"{""Q0"":[""shape"",""color""]}",lemon,category_organization
ROW31839,1863,instructions,38,147742,0,P0239,STUDY0007,SESS1202,0,,,
ROW31840,4529,instructions,1,7475,0,P1675,STUDY0007,SESS1196,0,,,
ROW31841,2942,instructions,0,2944,0,P1675,STUDY0007,SESS1196,0,,,
ROW31842,10638,html-button-response,4,32436,0,P1675,STUDY0007,SESS1196,0,0,,
ROW31843,7470,html-button-response,5,39906,0,P1675,STUDY0007,SESS1196,0,0,,
ROW31844,8232,html-button-response,2,15710,0,P1675,STUDY0007,SESS1196,0,0,,
ROW31845,6086,html-button-response,3,21797,0,P1675,STUDY0007,SESS1196,0,0,,
ROW31846,2563,html-button-response,6,42470,0,P1675,STUDY0007,SESS1196,0,0,,
ROW31847,1668,html-button-response,10,59290,0,P1675,STUDY0007,SESS1196,0,0,,
ROW31848,1817,html-button-response,8,50871,0,P1675,STUDY0007,SESS1196,0,0,,
ROW31849,6746,survey-multi-select,9,57621,0,P1675,STUDY0007,SESS1196,0,"{""Q0"":[""none of these""]}",happiness,practice_category
ROW31850,6578,survey-multi-select,7,49052,0,P1675,STUDY0007,SESS1196,0,"{""Q0"":[""shape""]}",square,practice_category
ROW31851,6131,survey-multi-select,11,65424,0,P1675,STUDY0007,SESS1196,0,"{""Q0"":[""color""]}",red,practice_category
ROW31852,5798,survey-multi-select,16,85727,0,P1675,STUDY0007,SESS1196,0,"{""Q0"":[""none of these""]}",buttocks,category_organization
ROW31853,6307,survey-multi-select,17,92038,0,P1675,STUDY0007,SESS1196,0,"{""Q0"":[""none of these""]}",guitar,category_organization
ROW31854,1310,html-button-response,12,66740,0,P1675,STUDY0007,SESS1196,0,0,,
ROW31855,2038,html-button-response,14,77770,0,P1675,STUDY0007,SESS1196,0,0,,
ROW31856,2156,html-button-response,15,79927,0,P1675,STUDY0007,SESS1196,0,0,,
ROW31857,8989,survey-multi-select,13,75730,0,P1675,STUDY0007,SESS1196,0,"{""Q0"":[""none of these""]}",pottery,practice_category
ROW31858,4190,survey-multi-select,18,96231,0,P1675,STUDY0007,SESS1196,0,"{""Q0"":[""none of these""]}",fox,category_organization
ROW31859,5661,survey-multi-select,20,105967,0,P1675,STUDY0007,SESS1196,0,"{""Q0"":[""none of these""]}",jacket,category_organization
ROW31860,4071,survey-multi-select,19,100304,0,P1675,STUDY0007,SESS1196,0,"{""Q0"":[""none of these""]}",ear,category_organization
ROW31861,4094,survey-multi-select,22,112900,0,P1675,STUDY0007,SESS1196,0,"{""Q0"":[""none of these""]}",hand,category_organization
ROW31862,2834,survey-multi-select,21,108804,0,P1675,STUDY0007,SESS1196,0,"{""Q0"":[""none of these""]}",syrup,category_organization
ROW31863,2959,survey-multi-select,23,115861,0,P1675,STUDY0007,SESS1196,0,"{""Q0"":[""none of these""]}",pickle,category_organization
ROW31864,3379,survey-multi-select,24,119242,0,P1675,STUDY0007,SESS1196,0,"{""Q0"":[""color""]}",tangerine,category_organization
ROW31865,8415,survey-multi-select,25,127659,0,P1675,STUDY0007,SESS1196,0,"{""Q0"":[""none of these""]}",tie (object),category_organization
ROW31866,2582,survey-multi-select,27,132586,0,P1675,STUDY0007,SESS1196,0,"{""Q0"":[""none of these""]}",sled,category_organization
ROW31867,2517,survey-multi-select,28,135106,0,P1675,STUDY0007,SESS1196,0,"{""Q0"":[""none of these""]}",soy sauce,category_organization
ROW31868,3107,survey-multi-select,29,138215,0,P1675,STUDY0007,SESS1196,0,"{""Q0"":[""none of these""]}",vinegar,category_organization
ROW31869,2340,survey-multi-select,26,130001,0,P1675,STUDY0007,SESS1196,0,"{""Q0"":[""none of these""]}",doorbell,category_organization
ROW31870,2105,survey-multi-select,30,140322,0,P1675,STUDY0007,SESS1196,0,"{""Q0"":[""none of these""]}",horse,category_organization
ROW31871,4737,survey-multi-select,31,145061,0,P1675,STUDY0007,SESS1196,0,"{""Q0"":[""none of these""]}",cell phone,category_organization
ROW31872,2994,survey-multi-select,32,148057,0,P1675,STUDY0007,SESS1196,0,"{""Q0"":[""none of these""]}",muffin,category_organization
ROW31873,2591,survey-multi-select,33,150651,0,P1675,STUDY0007,SESS1196,0,"{""Q0"":[""none of these""]}",taxi,category_organization
ROW31874,4419,survey-multi-select,35,157932,0,P1675,STUDY0007,SESS1196,0,"{""Q0"":[""none of these""]}",lavender,category_organization
ROW31875,2858,survey-multi-select,34,153511,0,P1675,STUDY0007,SESS1196,0,"{""Q0"":[""none of these""]}",box,category_organization
ROW31876,4170,survey-multi-select,36,162105,0,P1675,STUDY0007,SESS1196,0,"{""Q0"":[""none of these""]}",llama,category_organization
ROW31878,1222,html-button-response,37,163327,0,P1675,STUDY0007,SESS1196,0,0,,
ROW31877,7547,instructions,38,170875,0,P1675,STUDY0007,SESS1196,0,,,
ROW31879,5127,instructions,0,5130,0,P1896,STUDY0007,SESS1206,0,,,
ROW31880,3755,html-button-response,2,12896,0,P1896,STUDY0007,SESS1206,0,0,,
ROW31881,4006,instructions,1,9138,0,P1896,STUDY0007,SESS1206,0,,,
ROW31882,10813,html-button-response,4,30881,0,P1896,STUDY0007,SESS1206,0,0,,
ROW31883,4078,html-button-response,5,34961,0,P1896,STUDY0007,SESS1206,0,0,,
ROW31884,5295,html-button-response,6,40257,0,P1896,STUDY0007,SESS1206,0,0,,
ROW31885,7168,html-button-response,3,20067,0,P1896,STUDY0007,SESS1206,0,0,,
ROW31886,24127,survey-multi-select,7,64388,0,P1896,STUDY0007,SESS1206,0,"{""Q0"":[""material""]}",pottery,practice_category
ROW31887,1698,html-button-response,8,66091,0,P1896,STUDY0007,SESS1206,0,0,,
ROW31888,7323,survey-multi-select,9,73417,0,P1896,STUDY0007,SESS1206,0,"{""Q0"":[""none of these""]}",happiness,practice_category
ROW31889,1055,html-button-response,10,74474,0,P1896,STUDY0007,SESS1206,0,0,,
ROW31890,1005,html-button-response,12,80361,0,P1896,STUDY0007,SESS1206,0,0,,
ROW31891,4876,survey-multi-select,11,79354,0,P1896,STUDY0007,SESS1206,0,"{""Q0"":[""color""]}",red,practice_category
ROW31892,4183,survey-multi-select,13,84547,0,P1896,STUDY0007,SESS1206,0,"{""Q0"":[""shape""]}",square,practice_category
ROW31893,988,html-button-response,14,85537,0,P1896,STUDY0007,SESS1206,0,0,,
ROW31894,3280,html-button-response,15,88818,0,P1896,STUDY0007,SESS1206,0,0,,
ROW31895,5450,survey-multi-select,16,94272,0,P1896,STUDY0007,SESS1206,0,"{""Q0"":[""shape""]}",butt,category_organization
ROW31896,9089,survey-multi-select,18,108607,0,P1896,STUDY0007,SESS1206,0,"{""Q0"":[""material""]}",kitchen,category_organization
ROW31897,5235,survey-multi-select,17,99514,0,P1896,STUDY0007,SESS1206,0,"{""Q0"":[""none of these""]}",llama,category_organization
ROW31898,3786,survey-multi-select,19,112396,0,P1896,STUDY0007,SESS1206,0,"{""Q0"":[""material""]}",wallet,category_organization
ROW31899,2687,survey-multi-select,20,115086,0,P1896,STUDY0007,SESS1206,0,"{""Q0"":[""material""]}",dining room,category_organization
ROW31900,4751,survey-multi-select,21,119840,0,P1896,STUDY0007,SESS1206,0,"{""Q0"":[""material""]}",bowl,category_organization
ROW31901,3487,survey-multi-select,22,123330,0,P1896,STUDY0007,SESS1206,0,"{""Q0"":[""shape""]}",room,category_organization
ROW31902,2975,survey-multi-select,24,132522,0,P1896,STUDY0007,SESS1206,0,"{""Q0"":[""none of these""]}",lotion,category_organization
ROW31903,6210,survey-multi-select,23,129543,0,P1896,STUDY0007,SESS1206,0,"{""Q0"":[""material""]}",bucket,category_organization
ROW31904,2688,survey-multi-select,26,137141,0,P1896,STUDY0007,SESS1206,0,"{""Q0"":[""material""]}",ground,category_organization
ROW31905,1924,survey-multi-select,25,134449,0,P1896,STUDY0007,SESS1206,0,"{""Q0"":[""none of these""]}",lavender,category_organization
ROW31906,3424,survey-multi-select,27,140568,0,P1896,STUDY0007,SESS1206,0,"{""Q0"":[""shape""]}",eyebrow,category_organization
ROW31907,7412,survey-multi-select,28,147986,0,P1896,STUDY0007,SESS1206,0,"{""Q0"":[""none of these""]}",gun,category_organization
ROW31908,4003,survey-multi-select,29,151993,0,P1896,STUDY0007,SESS1206,0,"{""Q0"":[""shape""]}",mustache,category_organization
ROW31909,3471,survey-multi-select,30,155467,0,P1896,STUDY0007,SESS1206,0,"{""Q0"":[""material""]}",teddybear,category_organization
ROW31910,2619,survey-multi-select,32,160274,0,P1896,STUDY0007,SESS1206,0,"{""Q0"":[""material""]}",bathtub,category_organization
ROW31911,2182,survey-multi-select,31,157653,0,P1896,STUDY0007,SESS1206,0,"{""Q0"":[""none of these""]}",shawl,category_organization
ROW31912,2427,survey-multi-select,33,162704,0,P1896,STUDY0007,SESS1206,0,"{""Q0"":[""material""]}",cup,category_organization
ROW31913,4422,survey-multi-select,34,167129,0,P1896,STUDY0007,SESS1206,0,"{""Q0"":[""none of these""]}",fish (animal),category_organization
ROW31914,3339,survey-multi-select,36,176387,0,P1896,STUDY0007,SESS1206,0,"{""Q0"":[""shape""]}",nose,category_organization
ROW31915,5912,survey-multi-select,35,173044,0,P1896,STUDY0007,SESS1206,0,"{""Q0"":[""shape"",""color"",""material""]}",shoe,category_organization
ROW31916,918,html-button-response,37,177306,0,P1896,STUDY0007,SESS1206,0,0,,
ROW31917,1737,instructions,38,179044,0,P1896,STUDY0007,SESS1206,0,,,
ROW31918,1471,instructions,0,1473,0,P1750,STUDY0007,SESS1207,0,,,
ROW31919,1044,instructions,1,2517,0,P1750,STUDY0007,SESS1207,0,,,
ROW31920,6559,html-button-response,3,15806,0,P1750,STUDY0007,SESS1207,0,0,,
ROW31921,6727,html-button-response,2,9246,0,P1750,STUDY0007,SESS1207,0,0,,
ROW31922,7943,html-button-response,4,23750,0,P1750,STUDY0007,SESS1207,0,0,,
ROW31923,3040,html-button-response,5,26792,0,P1750,STUDY0007,SESS1207,0,0,,
ROW31924,3092,html-button-response,6,29884,0,P1750,STUDY0007,SESS1207,0,0,,
ROW31925,22285,survey-multi-select,7,52172,0,P1750,STUDY0007,SESS1207,0,"{""Q0"":[""color""]}",happiness,practice_category
ROW31926,2100,html-button-response,8,54273,0,P1750,STUDY0007,SESS1207,0,0,,
ROW31927,4630,survey-multi-select,9,58905,0,P1750,STUDY0007,SESS1207,0,"{""Q0"":[""shape""]}",square,practice_category
ROW31928,834,html-button-response,10,59740,0,P1750,STUDY0007,SESS1207,0,0,,
ROW31929,546,html-button-response,12,63160,0,P1750,STUDY0007,SESS1207,0,0,,
ROW31930,2872,survey-multi-select,11,62613,0,P1750,STUDY0007,SESS1207,0,"{""Q0"":[""color""]}",red,practice_category
ROW31931,6639,survey-multi-select,13,69800,0,P1750,STUDY0007,SESS1207,0,"{""Q0"":[""material""]}",pottery,practice_category
ROW31932,606,html-button-response,14,70407,0,P1750,STUDY0007,SESS1207,0,0,,
ROW31933,3899,html-button-response,15,74307,0,P1750,STUDY0007,SESS1207,0,0,,
ROW31934,9714,survey-multi-select,17,94822,0,P1750,STUDY0007,SESS1207,0,"{""Q0"":[""shape"",""color"",""material""]}",oven,category_organization
ROW31935,10798,survey-multi-select,16,85106,0,P1750,STUDY0007,SESS1207,0,"{""Q0"":[""color"",""material""]}",mango,category_organization
ROW31936,15643,survey-multi-select,18,110467,0,P1750,STUDY0007,SESS1207,0,"{""Q0"":[""shape"",""color""]}",plantain,category_organization
ROW31937,3260,survey-multi-select,19,113728,0,P1750,STUDY0007,SESS1207,0,"{""Q0"":[""shape"",""color"",""material""]}",trampoline,category_organization
ROW31938,3297,survey-multi-select,20,117027,0,P1750,STUDY0007,SESS1207,0,"{""Q0"":[""shape""]}",trumpet,category_organization
ROW31939,6967,survey-multi-select,21,123995,0,P1750,STUDY0007,SESS1207,0,"{""Q0"":[""none of these""]}",fir,category_organization
ROW31940,3690,survey-multi-select,22,127686,0,P1750,STUDY0007,SESS1207,0,"{""Q0"":[""color""]}",moose,category_organization
ROW31941,3033,survey-multi-select,23,130720,0,P1750,STUDY0007,SESS1207,0,"{""Q0"":[""none of these""]}",dumpling,category_organization
ROW31942,4542,survey-multi-select,24,135264,0,P1750,STUDY0007,SESS1207,0,"{""Q0"":[""shape"",""color"",""material""]}",helicopter,category_organization
ROW31943,6938,survey-multi-select,25,142203,0,P1750,STUDY0007,SESS1207,0,"{""Q0"":[""shape"",""color""]}",shrimp,category_organization
ROW31944,2292,survey-multi-select,27,147237,0,P1750,STUDY0007,SESS1207,0,"{""Q0"":[""color""]}",blood,category_organization
ROW31945,3164,survey-multi-select,28,150401,0,P1750,STUDY0007,SESS1207,0,"{""Q0"":[""shape"",""color"",""material""]}",tram,category_organization
ROW31946,2877,survey-multi-select,29,153280,0,P1750,STUDY0007,SESS1207,0,"{""Q0"":[""none of these""]}",whistle (object),category_organization
ROW31947,2982,survey-multi-select,30,156263,0,P1750,STUDY0007,SESS1207,0,"{""Q0"":[""none of these""]}",cutlet,category_organization
ROW31948,2738,survey-multi-select,26,144943,0,P1750,STUDY0007,SESS1207,0,"{""Q0"":[""none of these""]}",top,category_organization
ROW31949,3009,survey-multi-select,31,159273,0,P1750,STUDY0007,SESS1207,0,"{""Q0"":[""shape"",""color""]}",book,category_organization
ROW31950,2795,survey-multi-select,32,162069,0,P1750,STUDY0007,SESS1207,0,"{""Q0"":[""shape"",""color""]}",tree,category_organization
ROW31951,3053,survey-multi-select,34,168296,0,P1750,STUDY0007,SESS1207,0,"{""Q0"":[""shape"",""color""]}",sweet potato,category_organization
ROW31952,3171,survey-multi-select,33,165242,0,P1750,STUDY0007,SESS1207,0,"{""Q0"":[""shape"",""color"",""material""]}",flower pot,category_organization
ROW31953,3121,survey-multi-select,35,171418,0,P1750,STUDY0007,SESS1207,0,"{""Q0"":[""none of these""]}",lavender,category_organization
ROW31954,6552,survey-multi-select,36,177971,0,P1750,STUDY0007,SESS1207,0,"{""Q0"":[""none of these""]}",crab,category_organization
ROW31955,840,html-button-response,37,178812,0,P1750,STUDY0007,SESS1207,0,0,,
ROW31956,1151,instructions,38,179964,0,P1750,STUDY0007,SESS1207,0,,,
ROW31957,2849,instructions,0,2854,0,P0628,STUDY0007,SESS1228,0,,,
ROW31958,3949,instructions,1,6804,0,P0628,STUDY0007,SESS1228,0,,,
ROW31959,10381,html-button-response,2,17188,0,P0628,STUDY0007,SESS1228,0,0,,
ROW31960,3978,html-button-response,3,21170,0,P0628,STUDY0007,SESS1228,0,0,,
ROW31961,5473,html-button-response,4,26645,0,P0628,STUDY0007,SESS1228,0,0,,
ROW31962,2321,html-button-response,5,28969,0,P0628,STUDY0007,SESS1228,0,0,,
ROW31963,2930,html-button-response,6,31901,0,P0628,STUDY0007,SESS1228,0,0,,
ROW31964,4274,survey-multi-select,7,36180,0,P0628,STUDY0007,SESS1228,0,"{""Q0"":[""color""]}",red,practice_category
ROW31965,2319,html-button-response,8,38505,0,P0628,STUDY0007,SESS1228,0,0,,
ROW31966,4127,survey-multi-select,9,42635,0,P0628,STUDY0007,SESS1228,0,"{""Q0"":[""material""]}",pottery,practice_category
ROW31967,1729,html-button-response,10,44366,0,P0628,STUDY0007,SESS1228,0,0,,
ROW31968,3839,survey-multi-select,11,48207,0,P0628,STUDY0007,SESS1228,0,"{""Q0"":[""none of these""]}",happiness,practice_category
ROW31969,1249,html-button-response,12,49457,0,P0628,STUDY0007,SESS1228,0,0,,
ROW31970,2611,survey-multi-select,13,52069,0,P0628,STUDY0007,SESS1228,0,"{""Q0"":[""shape""]}",square,practice_category
ROW31971,1252,html-button-response,14,53323,0,P0628,STUDY0007,SESS1228,0,0,,
ROW31972,2336,html-button-response,15,55661,0,P0628,STUDY0007,SESS1228,0,0,,
ROW31973,3220,survey-multi-select,16,58884,0,P0628,STUDY0007,SESS1228,0,"{""Q0"":[""none of these""]}",bathroom,category_organization
ROW31974,4170,survey-multi-select,17,63057,0,P0628,STUDY0007,SESS1228,0,"{""Q0"":[""none of these""]}",drink (beverage),category_organization
ROW31975,3167,survey-multi-select,18,66227,0,P0628,STUDY0007,SESS1228,0,"{""Q0"":[""none of these""]}",cocoa,category_organization
ROW31976,2513,survey-multi-select,19,68742,0,P0628,STUDY0007,SESS1228,0,"{""Q0"":[""none of these""]}",llama,category_organization
ROW31978,3321,survey-multi-select,21,75843,0,P0628,STUDY0007,SESS1228,0,"{""Q0"":[""shape""]}",plaza,category_organization
ROW31977,3775,survey-multi-select,20,72519,0,P0628,STUDY0007,SESS1228,0,"{""Q0"":[""material""]}",cloud,category_organization
ROW31980,2525,survey-multi-select,23,81421,0,P0628,STUDY0007,SESS1228,0,"{""Q0"":[""material""]}",stick,category_organization
ROW31979,3047,survey-multi-select,22,78893,0,P0628,STUDY0007,SESS1228,0,"{""Q0"":[""none of these""]}",sneaker,category_organization
ROW31981,3900,survey-multi-select,24,85323,0,P0628,STUDY0007,SESS1228,0,"{""Q0"":[""shape""]}",bridge,category_organization
ROW31982,2587,survey-multi-select,25,87913,0,P0628,STUDY0007,SESS1228,0,"{""Q0"":[""none of these""]}",trash,category_organization
ROW31983,2602,survey-multi-select,26,90517,0,P0628,STUDY0007,SESS1228,0,"{""Q0"":[""none of these""]}",voice recorder,category_organization
ROW31984,4461,survey-multi-select,27,94981,0,P0628,STUDY0007,SESS1228,0,"{""Q0"":[""none of these""]}",cockroach,category_organization
ROW31985,1286,survey-multi-select,28,96270,0,P0628,STUDY0007,SESS1228,0,"{""Q0"":[""none of these""]}",beetle,category_organization
ROW31986,3178,survey-multi-select,29,99449,0,P0628,STUDY0007,SESS1228,0,"{""Q0"":[""none of these""]}",sled,category_organization
ROW31987,2833,survey-multi-select,30,102285,0,P0628,STUDY0007,SESS1228,0,"{""Q0"":[""shape""]}",toilet,category_organization
ROW31988,2147,survey-multi-select,31,104435,0,P0628,STUDY0007,SESS1228,0,"{""Q0"":[""none of these""]}",dumpling,category_organization
ROW31989,1471,survey-multi-select,32,105909,0,P0628,STUDY0007,SESS1228,0,"{""Q0"":[""none of these""]}",lavender,category_organization
ROW31990,1910,survey-multi-select,33,107821,0,P0628,STUDY0007,SESS1228,0,"{""Q0"":[""none of these""]}",reindeer,category_organization
ROW31991,5975,survey-multi-select,34,113799,0,P0628,STUDY0007,SESS1228,0,"{""Q0"":[""shape"",""material""]}",rice,category_organization
ROW31992,2906,survey-multi-select,36,119799,0,P0628,STUDY0007,SESS1228,0,"{""Q0"":[""none of these""]}",basket,category_organization
ROW31993,3089,survey-multi-select,35,116891,0,P0628,STUDY0007,SESS1228,0,"{""Q0"":[""material""]}",wall,category_organization
ROW31994,815,html-button-response,37,120615,0,P0628,STUDY0007,SESS1228,0,0,,
ROW31995,1907,instructions,38,122523,0,P0628,STUDY0007,SESS1228,0,,,
ROW31996,3397,instructions,0,3403,0,P1591,STUDY0007,SESS1211,0,,,
ROW31997,1255,instructions,1,4659,0,P1591,STUDY0007,SESS1211,0,,,
ROW31998,3117,html-button-response,5,31851,0,P1591,STUDY0007,SESS1211,0,0,,
ROW31999,7079,html-button-response,2,11740,0,P1591,STUDY0007,SESS1211,0,0,,
ROW32000,4309,html-button-response,3,16050,0,P1591,STUDY0007,SESS1211,0,0,,
ROW32001,12681,html-button-response,4,28732,0,P1591,STUDY0007,SESS1211,0,0,,
ROW32002,4623,html-button-response,6,36475,0,P1591,STUDY0007,SESS1211,0,0,,
ROW32003,12339,survey-multi-select,7,48826,0,P1591,STUDY0007,SESS1211,0,"{""Q0"":[""shape""]}",pottery,practice_category
ROW32004,3440,html-button-response,8,52268,0,P1591,STUDY0007,SESS1211,0,0,,
ROW32005,5608,survey-multi-select,9,57878,0,P1591,STUDY0007,SESS1211,0,"{""Q0"":[""color""]}",red,practice_category
ROW32006,1024,html-button-response,10,58910,0,P1591,STUDY0007,SESS1211,0,0,,
ROW32007,774,html-button-response,12,62283,0,P1591,STUDY0007,SESS1211,0,0,,
ROW32008,2596,survey-multi-select,11,61508,0,P1591,STUDY0007,SESS1211,0,"{""Q0"":[""shape""]}",square,practice_category
ROW32009,3472,survey-multi-select,13,65756,0,P1591,STUDY0007,SESS1211,0,"{""Q0"":[""none of these""]}",happiness,practice_category
ROW32010,678,html-button-response,14,66435,0,P1591,STUDY0007,SESS1211,0,0,,
ROW32011,6174,survey-multi-select,17,78916,0,P1591,STUDY0007,SESS1211,0,"{""Q0"":[""material""]}",compote,category_organization
ROW32012,2167,html-button-response,15,68603,0,P1591,STUDY0007,SESS1211,0,0,,
ROW32013,4135,survey-multi-select,16,72740,0,P1591,STUDY0007,SESS1211,0,"{""Q0"":[""material""]}",beef,category_organization
ROW32014,6715,survey-multi-select,18,85637,0,P1591,STUDY0007,SESS1211,0,"{""Q0"":[""shape"",""material""]}",leaf,category_organization
ROW32015,11482,survey-multi-select,19,97128,0,P1591,STUDY0007,SESS1211,0,"{""Q0"":[""shape""]}",tricycle,category_organization
ROW32016,12264,survey-multi-select,21,116406,0,P1591,STUDY0007,SESS1211,0,"{""Q0"":[""none of these""]}",backyard,category_organization
ROW32017,7006,survey-multi-select,20,104140,0,P1591,STUDY0007,SESS1211,0,"{""Q0"":[""shape"",""material""]}",basket,category_organization
ROW32018,9187,survey-multi-select,22,125598,0,P1591,STUDY0007,SESS1211,0,"{""Q0"":[""shape"",""color"",""material""]}",elephant,category_organization
ROW32019,5270,survey-multi-select,23,130870,0,P1591,STUDY0007,SESS1211,0,"{""Q0"":[""shape""]}",faucet,category_organization
ROW32020,7525,survey-multi-select,24,138397,0,P1591,STUDY0007,SESS1211,0,"{""Q0"":[""shape"",""material""]}",elbow,category_organization
ROW32021,3159,survey-multi-select,25,141557,0,P1591,STUDY0007,SESS1211,0,"{""Q0"":[""shape"",""material""]}",fingernail,category_organization
ROW32022,6871,survey-multi-select,26,148431,0,P1591,STUDY0007,SESS1211,0,"{""Q0"":[""shape"",""material""]}",egg,category_organization
ROW32023,4466,survey-multi-select,27,152906,0,P1591,STUDY0007,SESS1211,0,"{""Q0"":[""none of these""]}",tarhana,category_organization
ROW32024,3105,survey-multi-select,28,156013,0,P1591,STUDY0007,SESS1211,0,"{""Q0"":[""none of these""]}",story,category_organization
ROW32025,3591,survey-multi-select,31,166862,0,P1591,STUDY0007,SESS1211,0,"{""Q0"":[""shape""]}",bench,category_organization
ROW32026,2343,survey-multi-select,29,158357,0,P1591,STUDY0007,SESS1211,0,"{""Q0"":[""none of these""]}",lavender,category_organization
ROW32027,4912,survey-multi-select,30,163270,0,P1591,STUDY0007,SESS1211,0,"{""Q0"":[""shape"",""material""]}",broom,category_organization
ROW32028,3929,survey-multi-select,32,170792,0,P1591,STUDY0007,SESS1211,0,"{""Q0"":[""shape""]}",flower pot,category_organization
ROW32029,7573,survey-multi-select,33,178367,0,P1591,STUDY0007,SESS1211,0,"{""Q0"":[""shape"",""material""]}",hose,category_organization
ROW32030,3951,survey-multi-select,36,192263,0,P1591,STUDY0007,SESS1211,0,"{""Q0"":[""shape"",""color"",""material""]}",eggplant,category_organization
ROW32031,5862,survey-multi-select,35,188310,0,P1591,STUDY0007,SESS1211,0,"{""Q0"":[""shape"",""material""]}",computer,category_organization
ROW32032,4076,survey-multi-select,34,182446,0,P1591,STUDY0007,SESS1211,0,"{""Q0"":[""shape""]}",slide (object),category_organization
ROW32033,1117,html-button-response,37,193382,0,P1591,STUDY0007,SESS1211,0,0,,
ROW32034,3392,instructions,38,196774,0,P1591,STUDY0007,SESS1211,0,,,
ROW32035,2710,instructions,0,2723,0,P0794,STUDY0007,SESS1198,0,,,
ROW32036,4054,instructions,1,6778,0,P0794,STUDY0007,SESS1198,0,,,
ROW32037,10538,html-button-response,2,17318,0,P0794,STUDY0007,SESS1198,0,0,,
ROW32038,5184,html-button-response,3,22505,0,P0794,STUDY0007,SESS1198,0,0,,
ROW32039,7305,html-button-response,4,29812,0,P0794,STUDY0007,SESS1198,0,0,,
ROW32040,10051,survey-multi-select,7,45009,0,P0794,STUDY0007,SESS1198,0,"{""Q0"":[""color""]}",red,practice_category
ROW32041,1937,html-button-response,5,31752,0,P0794,STUDY0007,SESS1198,0,0,,
ROW32042,3196,html-button-response,6,34950,0,P0794,STUDY0007,SESS1198,0,0,,
ROW32043,2830,html-button-response,8,47841,0,P0794,STUDY0007,SESS1198,0,0,,
ROW32044,5548,survey-multi-select,9,53399,0,P0794,STUDY0007,SESS1198,0,"{""Q0"":[""shape""]}",square,practice_category
ROW32045,1262,html-button-response,10,54664,0,P0794,STUDY0007,SESS1198,0,0,,
ROW32046,7112,survey-multi-select,11,61781,0,P0794,STUDY0007,SESS1198,0,"{""Q0"":[""none of these""]}",happiness,practice_category
ROW32047,8620,survey-multi-select,13,71915,0,P0794,STUDY0007,SESS1198,0,"{""Q0"":[""material""]}",pottery,practice_category
ROW32048,1503,html-button-response,12,63288,0,P0794,STUDY0007,SESS1198,0,0,,
ROW32049,1000,html-button-response,14,72917,0,P0794,STUDY0007,SESS1198,0,0,,
ROW32050,2927,html-button-response,15,75847,0,P0794,STUDY0007,SESS1198,0,0,,
ROW32051,5212,survey-multi-select,16,81066,0,P0794,STUDY0007,SESS1198,0,"{""Q0"":[""material""]}",pudding,category_organization
ROW32052,5293,survey-multi-select,17,86366,0,P0794,STUDY0007,SESS1198,0,"{""Q0"":[""material""]}",soap,category_organization
ROW32053,8208,survey-multi-select,18,94581,0,P0794,STUDY0007,SESS1198,0,"{""Q0"":[""none of these""]}",guinea pig,category_organization
ROW32054,4894,survey-multi-select,19,99481,0,P0794,STUDY0007,SESS1198,0,"{""Q0"":[""material""]}",jelly,category_organization
ROW32055,7718,survey-multi-select,20,107205,0,P0794,STUDY0007,SESS1198,0,"{""Q0"":[""material""]}",shovel,category_organization
ROW32056,3726,survey-multi-select,21,110937,0,P0794,STUDY0007,SESS1198,0,"{""Q0"":[""none of these""]}",throat,category_organization
ROW32057,3714,survey-multi-select,23,117897,0,P0794,STUDY0007,SESS1198,0,"{""Q0"":[""material""]}",cd,category_organization
ROW32058,3233,survey-multi-select,22,114177,0,P0794,STUDY0007,SESS1198,0,"{""Q0"":[""material""]}",microphone,category_organization
ROW32059,3401,survey-multi-select,24,121305,0,P0794,STUDY0007,SESS1198,0,"{""Q0"":[""material""]}",sleeve,category_organization
ROW32060,3160,survey-multi-select,25,124471,0,P0794,STUDY0007,SESS1198,0,"{""Q0"":[""none of these""]}",chin,category_organization
ROW32061,3785,survey-multi-select,26,128262,0,P0794,STUDY0007,SESS1198,0,"{""Q0"":[""material""]}",garage,category_organization
ROW32062,2975,survey-multi-select,27,131243,0,P0794,STUDY0007,SESS1198,0,"{""Q0"":[""none of these""]}",belly button,category_organization
ROW32063,6548,survey-multi-select,30,146640,0,P0794,STUDY0007,SESS1198,0,"{""Q0"":[""shape""]}",waves,category_organization
ROW32064,5019,survey-multi-select,29,140086,0,P0794,STUDY0007,SESS1198,0,"{""Q0"":[""none of these""]}",tape,category_organization
ROW32065,3813,survey-multi-select,28,135061,0,P0794,STUDY0007,SESS1198,0,"{""Q0"":[""material""]}",porridge,category_organization
ROW32067,3258,survey-multi-select,32,156054,0,P0794,STUDY0007,SESS1198,0,"{""Q0"":[""material""]}",toothpaste,category_organization
ROW32068,6218,survey-multi-select,33,162278,0,P0794,STUDY0007,SESS1198,0,"{""Q0"":[""shape""]}",spaghetti,category_organization
ROW32066,6144,survey-multi-select,31,152790,0,P0794,STUDY0007,SESS1198,0,"{""Q0"":[""none of these""]}",yard,category_organization
ROW32069,3947,survey-multi-select,34,166230,0,P0794,STUDY0007,SESS1198,0,"{""Q0"":[""material""]}",lip,category_organization
ROW32070,4202,survey-multi-select,35,170438,0,P0794,STUDY0007,SESS1198,0,"{""Q0"":[""none of these""]}",lavender,category_organization
ROW32071,5996,survey-multi-select,36,176439,0,P0794,STUDY0007,SESS1198,0,"{""Q0"":[""none of these""]}",hip,category_organization
ROW32072,2140,html-button-response,37,178583,0,P0794,STUDY0007,SESS1198,0,0,,
ROW32073,2195,instructions,38,180779,0,P0794,STUDY0007,SESS1198,0,,,
ROW32074,2704,instructions,0,2710,0,P0814,STUDY0007,SESS1199,0,,,
ROW32075,2842,instructions,1,5555,0,P0814,STUDY0007,SESS1199,0,,,
ROW32076,10882,html-button-response,2,16443,0,P0814,STUDY0007,SESS1199,0,0,,
ROW32077,7511,html-button-response,3,23957,0,P0814,STUDY0007,SESS1199,0,0,,
ROW32078,9479,html-button-response,4,33442,0,P0814,STUDY0007,SESS1199,0,0,,
ROW32079,3055,html-button-response,5,36499,0,P0814,STUDY0007,SESS1199,0,0,,
ROW32080,8628,html-button-response,6,45130,0,P0814,STUDY0007,SESS1199,0,0,,
ROW32081,14738,survey-multi-select,7,59879,0,P0814,STUDY0007,SESS1199,0,"{""Q0"":[""shape""]}",pottery,practice_category
ROW32082,10483,html-button-response,8,70367,0,P0814,STUDY0007,SESS1199,0,0,,
ROW32083,9383,survey-multi-select,9,79757,0,P0814,STUDY0007,SESS1199,0,"{""Q0"":[""shape""]}",square,practice_category
ROW32084,1000,html-button-response,10,80761,0,P0814,STUDY0007,SESS1199,0,0,,
ROW32085,5776,survey-multi-select,11,86543,0,P0814,STUDY0007,SESS1199,0,"{""Q0"":[""color""]}",red,practice_category
ROW32086,1232,html-button-response,12,87778,0,P0814,STUDY0007,SESS1199,0,0,,
ROW32087,4885,survey-multi-select,13,92669,0,P0814,STUDY0007,SESS1199,0,"{""Q0"":[""none of these""]}",happiness,practice_category
ROW32088,948,html-button-response,14,93620,0,P0814,STUDY0007,SESS1199,0,0,,
ROW32089,1174,html-button-response,15,94800,0,P0814,STUDY0007,SESS1199,0,0,,
ROW32090,10941,survey-multi-select,16,105748,0,P0814,STUDY0007,SESS1199,0,"{""Q0"":[""none of these""]}",sausage,category_organization
ROW32091,6472,survey-multi-select,17,112227,0,P0814,STUDY0007,SESS1199,0,"{""Q0"":[""material""]}",medicine,category_organization
ROW32092,3509,survey-multi-select,19,121630,0,P0814,STUDY0007,SESS1199,0,"{""Q0"":[""material""]}",ham,category_organization
ROW32093,5882,survey-multi-select,18,118115,0,P0814,STUDY0007,SESS1199,0,"{""Q0"":[""material""]}",butter,category_organization
ROW32094,2377,survey-multi-select,20,124013,0,P0814,STUDY0007,SESS1199,0,"{""Q0"":[""material""]}",nugget,category_organization
ROW32095,1957,survey-multi-select,21,125976,0,P0814,STUDY0007,SESS1199,0,"{""Q0"":[""none of these""]}",lavender,category_organization
ROW32096,3502,survey-multi-select,22,129484,0,P0814,STUDY0007,SESS1199,0,"{""Q0"":[""shape""]}",forehead,category_organization
ROW32097,7089,survey-multi-select,23,136581,0,P0814,STUDY0007,SESS1199,0,"{""Q0"":[""shape""]}",mosquito,category_organization
ROW32098,4374,survey-multi-select,24,140961,0,P0814,STUDY0007,SESS1199,0,"{""Q0"":[""material""]}",chocolate,category_organization
ROW32099,6112,survey-multi-select,25,147079,0,P0814,STUDY0007,SESS1199,0,"{""Q0"":[""material""]}",trolley,category_organization
ROW32100,5994,survey-multi-select,26,153080,0,P0814,STUDY0007,SESS1199,0,"{""Q0"":[""shape""]}",scarf,category_organization
ROW32101,7088,survey-multi-select,29,170159,0,P0814,STUDY0007,SESS1199,0,"{""Q0"":[""none of these""]}",skirt,category_organization
ROW32102,6383,survey-multi-select,30,176548,0,P0814,STUDY0007,SESS1199,0,"{""Q0"":[""material""]}",water (beverage),category_organization
ROW32103,4476,survey-multi-select,31,181031,0,P0814,STUDY0007,SESS1199,0,"{""Q0"":[""shape""]}",rope,category_organization
ROW32104,3072,survey-multi-select,32,184110,0,P0814,STUDY0007,SESS1199,0,"{""Q0"":[""material""]}",zoo,category_organization
ROW32105,3533,survey-multi-select,33,187648,0,P0814,STUDY0007,SESS1199,0,"{""Q0"":[""material""]}",lawn mower,category_organization
ROW32106,4849,survey-multi-select,34,192504,0,P0814,STUDY0007,SESS1199,0,"{""Q0"":[""material""]}",dessert,category_organization
ROW32107,9760,survey-multi-select,35,202270,0,P0814,STUDY0007,SESS1199,0,"{""Q0"":[""none of these""]}",paper,category_organization
ROW32108,5069,survey-multi-select,36,207345,0,P0814,STUDY0007,SESS1199,0,"{""Q0"":[""none of these""]}",steak,category_organization
ROW32109,30175,html-button-response,37,237522,0,P0814,STUDY0007,SESS1199,0,0,,
ROW32110,5080,survey-multi-select,27,158167,0,P0814,STUDY0007,SESS1199,0,"{""Q0"":[""color""]}",hippopotamus,category_organization
ROW32111,4887,survey-multi-select,28,163065,0,P0814,STUDY0007,SESS1199,0,"{""Q0"":[""material""]}",chicken,category_organization
ROW32112,6246,instructions,38,243769,0,P0814,STUDY0007,SESS1199,0,,,
ROW32113,1970,instructions,0,1971,0,P1552,STUDY0007,SESS1237,0,,,
ROW32114,1508,instructions,1,3480,0,P1552,STUDY0007,SESS1237,0,,,
ROW32115,4806,html-button-response,3,10672,0,P1552,STUDY0007,SESS1237,0,0,,
ROW32116,2381,html-button-response,2,5864,0,P1552,STUDY0007,SESS1237,0,0,,
ROW32117,7590,html-button-response,4,18263,0,P1552,STUDY0007,SESS1237,0,0,,
ROW32118,1315,html-button-response,5,19580,0,P1552,STUDY0007,SESS1237,0,0,,
ROW32119,1806,html-button-response,6,21388,0,P1552,STUDY0007,SESS1237,0,0,,
ROW32120,11474,survey-multi-select,7,32868,0,P1552,STUDY0007,SESS1237,0,"{""Q0"":[""shape""]}",square,practice_category
ROW32121,989,html-button-response,8,33859,0,P1552,STUDY0007,SESS1237,0,0,,
ROW32122,8889,survey-multi-select,9,42751,0,P1552,STUDY0007,SESS1237,0,"{""Q0"":[""none of these""]}",red,practice_category
ROW32123,3736,html-button-response,10,46488,0,P1552,STUDY0007,SESS1237,0,0,,
ROW32124,740,html-button-response,12,50809,0,P1552,STUDY0007,SESS1237,0,0,,
ROW32125,3577,survey-multi-select,11,50067,0,P1552,STUDY0007,SESS1237,0,"{""Q0"":[""none of these""]}",happiness,practice_category
ROW32126,4631,survey-multi-select,13,55443,0,P1552,STUDY0007,SESS1237,0,"{""Q0"":[""material""]}",pottery,practice_category
ROW32127,3830,survey-multi-select,17,70209,0,P1552,STUDY0007,SESS1237,0,"{""Q0"":[""material""]}",fireplace,category_organization
ROW32128,723,html-button-response,14,56166,0,P1552,STUDY0007,SESS1237,0,0,,
ROW32129,5268,html-button-response,15,61435,0,P1552,STUDY0007,SESS1237,0,0,,
ROW32130,4937,survey-multi-select,16,66376,0,P1552,STUDY0007,SESS1237,0,"{""Q0"":[""none of these""]}",giraffe,category_organization
ROW32131,5105,survey-multi-select,18,75317,0,P1552,STUDY0007,SESS1237,0,"{""Q0"":[""material""]}",palm,category_organization
ROW32132,2514,survey-multi-select,19,77833,0,P1552,STUDY0007,SESS1237,0,"{""Q0"":[""none of these""]}",puppy,category_organization
ROW32133,3052,survey-multi-select,21,84458,0,P1552,STUDY0007,SESS1237,0,"{""Q0"":[""none of these""]}",donkey,category_organization
ROW32134,3568,survey-multi-select,20,81404,0,P1552,STUDY0007,SESS1237,0,"{""Q0"":[""none of these""]}",backyard,category_organization
ROW32135,4231,survey-multi-select,22,88691,0,P1552,STUDY0007,SESS1237,0,"{""Q0"":[""material"",""none of these""]}",carrot,category_organization
ROW32136,2981,survey-multi-select,23,91674,0,P1552,STUDY0007,SESS1237,0,"{""Q0"":[""material""]}",ham,category_organization
ROW32137,1595,survey-multi-select,24,93271,0,P1552,STUDY0007,SESS1237,0,"{""Q0"":[""material""]}",shirt,category_organization
ROW32138,7791,instructions,1,14618,0,P1725,STUDY0007,SESS1203,0,,,
ROW32139,6825,instructions,0,6826,0,P1725,STUDY0007,SESS1203,0,,,
ROW32140,14880,html-button-response,2,29499,0,P1725,STUDY0007,SESS1203,0,0,,
ROW32141,8102,html-button-response,3,37602,0,P1725,STUDY0007,SESS1203,0,0,,
ROW32142,14016,html-button-response,4,51619,0,P1725,STUDY0007,SESS1203,0,0,,
ROW32143,9255,html-button-response,5,60874,0,P1725,STUDY0007,SESS1203,0,0,,
ROW32144,2469,survey-multi-select,25,95742,0,P1552,STUDY0007,SESS1237,0,"{""Q0"":[""none of these""]}",dragon,category_organization
ROW32145,2143,survey-multi-select,26,97887,0,P1552,STUDY0007,SESS1237,0,"{""Q0"":[""none of these""]}",monkey,category_organization
ROW32146,3085,survey-multi-select,27,100975,0,P1552,STUDY0007,SESS1237,0,"{""Q0"":[""material""]}",mustache,category_organization
ROW32147,3146,survey-multi-select,28,104124,0,P1552,STUDY0007,SESS1237,0,"{""Q0"":[""material""]}",cloth,category_organization
ROW32148,1944,survey-multi-select,29,106070,0,P1552,STUDY0007,SESS1237,0,"{""Q0"":[""none of these""]}",lavender,category_organization
ROW32149,2673,survey-multi-select,30,108746,0,P1552,STUDY0007,SESS1237,0,"{""Q0"":[""material""]}",remote control,category_organization
ROW32150,2442,survey-multi-select,31,111191,0,P1552,STUDY0007,SESS1237,0,"{""Q0"":[""none of these""]}",chicken (animal),category_organization
ROW32151,3962,survey-multi-select,32,115154,0,P1552,STUDY0007,SESS1237,0,"{""Q0"":[""material""]}",sailboat,category_organization
ROW32152,1714,survey-multi-select,33,116870,0,P1552,STUDY0007,SESS1237,0,"{""Q0"":[""material""]}",broom,category_organization
ROW32153,1956,survey-multi-select,34,118829,0,P1552,STUDY0007,SESS1237,0,"{""Q0"":[""material""]}",lotion,category_organization
ROW32154,4214,survey-multi-select,35,123045,0,P1552,STUDY0007,SESS1237,0,"{""Q0"":[""shape""]}",dish,category_organization
ROW32155,7576,html-button-response,6,68451,0,P1725,STUDY0007,SESS1203,0,0,,
ROW32156,5069,survey-multi-select,36,128116,0,P1552,STUDY0007,SESS1237,0,"{""Q0"":[""shape""]}",stairs,category_organization
ROW32157,3087,html-button-response,10,102786,0,P1725,STUDY0007,SESS1203,0,0,,
ROW32158,7055,survey-multi-select,9,99698,0,P1725,STUDY0007,SESS1203,0,"{""Q0"":[""none of these""]}",happiness,practice_category
ROW32159,4345,survey-multi-select,11,107132,0,P1725,STUDY0007,SESS1203,0,"{""Q0"":[""shape""]}",square,practice_category
ROW32160,975,html-button-response,37,129093,0,P1552,STUDY0007,SESS1237,0,0,,
ROW32161,2398,instructions,38,131491,0,P1552,STUDY0007,SESS1237,0,,,
ROW32162,2829,html-button-response,12,109962,0,P1725,STUDY0007,SESS1203,0,0,,
ROW32163,7720,survey-multi-select,13,117682,0,P1725,STUDY0007,SESS1203,0,"{""Q0"":[""color""]}",red,practice_category
ROW32164,4616,html-button-response,14,122299,0,P1725,STUDY0007,SESS1203,0,0,,
ROW32165,6655,html-button-response,15,128955,0,P1725,STUDY0007,SESS1203,0,0,,
ROW32166,8599,survey-multi-select,16,137555,0,P1725,STUDY0007,SESS1203,0,"{""Q0"":[""material""]}",jeep,category_organization
ROW32167,4022,survey-multi-select,17,141578,0,P1725,STUDY0007,SESS1203,0,"{""Q0"":[""shape""]}",cradle,category_organization
ROW32168,6904,survey-multi-select,18,148483,0,P1725,STUDY0007,SESS1203,0,"{""Q0"":[""shape""]}",truck,category_organization
ROW32169,3366,survey-multi-select,19,151851,0,P1725,STUDY0007,SESS1203,0,"{""Q0"":[""shape""]}",mask,category_organization
ROW32170,17814,survey-multi-select,7,86267,0,P1725,STUDY0007,SESS1203,0,"{""Q0"":[""shape"",""material"",""color""]}",pottery,practice_category
ROW32171,6375,html-button-response,8,92642,0,P1725,STUDY0007,SESS1203,0,0,,
ROW32172,10438,survey-multi-select,20,162290,0,P1725,STUDY0007,SESS1203,0,"{""Q0"":[""material""]}",paint (object),category_organization
ROW32173,5600,survey-multi-select,21,167891,0,P1725,STUDY0007,SESS1203,0,"{""Q0"":[""material""]}",coffee table,category_organization
ROW32174,6206,survey-multi-select,22,174098,0,P1725,STUDY0007,SESS1203,0,"{""Q0"":[""material""]}",teddybear,category_organization
ROW32175,4975,survey-multi-select,23,179075,0,P1725,STUDY0007,SESS1203,0,"{""Q0"":[""shape""]}",tail,category_organization
ROW32176,5832,survey-multi-select,24,184908,0,P1725,STUDY0007,SESS1203,0,"{""Q0"":[""material""]}",lettuce,category_organization
ROW32177,4598,survey-multi-select,25,189506,0,P1725,STUDY0007,SESS1203,0,"{""Q0"":[""shape""]}",watermelon,category_organization
ROW32178,7424,survey-multi-select,26,196931,0,P1725,STUDY0007,SESS1203,0,"{""Q0"":[""shape""]}",lollipop,category_organization
ROW32179,4622,survey-multi-select,27,201554,0,P1725,STUDY0007,SESS1203,0,"{""Q0"":[""shape""]}",bus,category_organization
ROW32180,5929,survey-multi-select,28,207484,0,P1725,STUDY0007,SESS1203,0,"{""Q0"":[""material""]}",bunny,category_organization
ROW32181,5574,survey-multi-select,29,213059,0,P1725,STUDY0007,SESS1203,0,"{""Q0"":[""shape""]}",nut,category_organization
ROW32182,5959,survey-multi-select,30,219019,0,P1725,STUDY0007,SESS1203,0,"{""Q0"":[""material""]}",watch (object),category_organization
ROW32183,7368,survey-multi-select,31,226388,0,P1725,STUDY0007,SESS1203,0,"{""Q0"":[""material""]}",hair,category_organization
ROW32184,3615,survey-multi-select,32,230004,0,P1725,STUDY0007,SESS1203,0,"{""Q0"":[""none of these""]}",lavender,category_organization
ROW32185,5102,survey-multi-select,33,235106,0,P1725,STUDY0007,SESS1203,0,"{""Q0"":[""material""]}",mirror,category_organization
ROW32186,4879,survey-multi-select,34,239986,0,P1725,STUDY0007,SESS1203,0,"{""Q0"":[""shape""]}",elbow,category_organization
ROW32187,7568,survey-multi-select,35,247555,0,P1725,STUDY0007,SESS1203,0,"{""Q0"":[""material""]}",stick,category_organization
ROW32188,3423,survey-multi-select,36,250979,0,P1725,STUDY0007,SESS1203,0,"{""Q0"":[""material""]}",sandwich,category_organization
ROW32189,1607,html-button-response,37,252587,0,P1725,STUDY0007,SESS1203,0,0,,
ROW32190,5471,instructions,38,258058,0,P1725,STUDY0007,SESS1203,0,,,
ROW32191,7354,instructions,0,7364,0,P0705,STUDY0007,SESS1210,0,,,
ROW32192,5060,instructions,1,12428,0,P0705,STUDY0007,SESS1210,0,,,
ROW32193,16521,html-button-response,2,28958,0,P0705,STUDY0007,SESS1210,0,0,,
ROW32194,5396,html-button-response,5,52872,0,P0705,STUDY0007,SESS1210,0,0,,
ROW32195,93,html-button-response,3,29056,0,P0705,STUDY0007,SESS1210,0,0,,
ROW32196,18413,html-button-response,4,47473,0,P0705,STUDY0007,SESS1210,0,0,,
ROW32197,6211,html-button-response,6,59088,0,P0705,STUDY0007,SESS1210,0,0,,
ROW32198,16944,survey-multi-select,7,76045,0,P0705,STUDY0007,SESS1210,0,"{""Q0"":[""material""]}",pottery,practice_category
ROW32199,6129,survey-multi-select,9,83828,0,P0705,STUDY0007,SESS1210,0,"{""Q0"":[""shape""]}",square,practice_category
ROW32200,699,html-button-response,10,84531,0,P0705,STUDY0007,SESS1210,0,0,,
ROW32201,1638,html-button-response,8,77689,0,P0705,STUDY0007,SESS1210,0,0,,
ROW32202,6766,survey-multi-select,11,91305,0,P0705,STUDY0007,SESS1210,0,"{""Q0"":[""none of these""]}",happiness,practice_category
ROW32203,1444,html-button-response,12,92754,0,P0705,STUDY0007,SESS1210,0,0,,
ROW32204,8255,survey-multi-select,13,101020,0,P0705,STUDY0007,SESS1210,0,"{""Q0"":[""color""]}",red,practice_category
ROW32205,1199,html-button-response,14,102224,0,P0705,STUDY0007,SESS1210,0,0,,
ROW32206,5202,html-button-response,15,107431,0,P0705,STUDY0007,SESS1210,0,0,,
ROW32207,6668,survey-multi-select,16,114108,0,P0705,STUDY0007,SESS1210,0,"{""Q0"":[""material""]}",yogurt,category_organization
ROW32208,8460,survey-multi-select,17,122577,0,P0705,STUDY0007,SESS1210,0,"{""Q0"":[""shape"",""material""]}",vest,category_organization
ROW32209,4797,survey-multi-select,18,127382,0,P0705,STUDY0007,SESS1210,0,"{""Q0"":[""material""]}",honey,category_organization
ROW32210,19976,survey-multi-select,19,147366,0,P0705,STUDY0007,SESS1210,0,"{""Q0"":[""shape"",""material""]}",hot dog,category_organization
ROW32211,3896,survey-multi-select,20,151271,0,P0705,STUDY0007,SESS1210,0,"{""Q0"":[""none of these""]}",seagull,category_organization
ROW32212,2997,survey-multi-select,21,154275,0,P0705,STUDY0007,SESS1210,0,"{""Q0"":[""material""]}",soup,category_organization
ROW32213,5579,survey-multi-select,22,159862,0,P0705,STUDY0007,SESS1210,0,"{""Q0"":[""none of these""]}",scallion,category_organization
ROW32214,5256,survey-multi-select,23,165126,0,P0705,STUDY0007,SESS1210,0,"{""Q0"":[""material""]}",clay,category_organization
ROW32215,4629,survey-multi-select,24,169765,0,P0705,STUDY0007,SESS1210,0,"{""Q0"":[""none of these""]}",face,category_organization
ROW32216,3473,survey-multi-select,25,173246,0,P0705,STUDY0007,SESS1210,0,"{""Q0"":[""none of these""]}",lavender,category_organization
ROW32217,4828,survey-multi-select,27,182255,0,P0705,STUDY0007,SESS1210,0,"{""Q0"":[""material""]}",laundry,category_organization
ROW32218,3816,survey-multi-select,29,191570,0,P0705,STUDY0007,SESS1210,0,"{""Q0"":[""material""]}",sandal,category_organization
ROW32219,4162,survey-multi-select,26,177417,0,P0705,STUDY0007,SESS1210,0,"{""Q0"":[""material""]}",sheet,category_organization
ROW32220,5484,survey-multi-select,28,187746,0,P0705,STUDY0007,SESS1210,0,"{""Q0"":[""shape"",""material""]}",cookie,category_organization
ROW32221,5239,survey-multi-select,30,196815,0,P0705,STUDY0007,SESS1210,0,"{""Q0"":[""shape"",""color"",""material""]}",peanut,category_organization
ROW32222,5457,survey-multi-select,31,202278,0,P0705,STUDY0007,SESS1210,0,"{""Q0"":[""shape"",""material""]}",drum,category_organization
ROW32223,5164,survey-multi-select,32,207450,0,P0705,STUDY0007,SESS1210,0,"{""Q0"":[""material""]}",swing (object),category_organization
ROW32224,4551,survey-multi-select,34,220710,0,P0705,STUDY0007,SESS1210,0,"{""Q0"":[""shape"",""material""]}",fountain,category_organization
ROW32225,5281,survey-multi-select,35,225998,0,P0705,STUDY0007,SESS1210,0,"{""Q0"":[""shape""]}",drain (object),category_organization
ROW32226,8693,survey-multi-select,33,216151,0,P0705,STUDY0007,SESS1210,0,"{""Q0"":[""color""]}",parrot,category_organization
ROW32227,2711,survey-multi-select,36,228716,0,P0705,STUDY0007,SESS1210,0,"{""Q0"":[""material""]}",shampoo,category_organization
ROW32228,1182,html-button-response,37,229903,0,P0705,STUDY0007,SESS1210,0,0,,
ROW32229,2145,instructions,38,232050,0,P0705,STUDY0007,SESS1210,0,,,
ROW32230,5203,instructions,0,5203,0,P1118,STUDY0007,SESS1238,0,,,
ROW32231,5797,instructions,1,11000,0,P1118,STUDY0007,SESS1238,0,,,
ROW32232,9359,html-button-response,2,20360,0,P1118,STUDY0007,SESS1238,0,0,,
ROW32233,4320,html-button-response,6,42930,0,P1118,STUDY0007,SESS1238,0,0,,
ROW32234,8000,html-button-response,4,32721,0,P1118,STUDY0007,SESS1238,0,0,,
ROW32235,4359,html-button-response,3,24720,0,P1118,STUDY0007,SESS1238,0,0,,
ROW32236,5886,html-button-response,5,38609,0,P1118,STUDY0007,SESS1238,0,0,,
ROW32237,9463,survey-multi-select,7,52395,0,P1118,STUDY0007,SESS1238,0,"{""Q0"":[""none of these""]}",happiness,practice_category
ROW32238,1513,html-button-response,8,53909,0,P1118,STUDY0007,SESS1238,0,0,,
ROW32239,3524,survey-multi-select,9,57435,0,P1118,STUDY0007,SESS1238,0,"{""Q0"":[""shape""]}",square,practice_category
ROW32240,659,html-button-response,10,58094,0,P1118,STUDY0007,SESS1238,0,0,,
ROW32241,6157,survey-multi-select,11,64252,0,P1118,STUDY0007,SESS1238,0,"{""Q0"":[""material""]}",pottery,practice_category
ROW32242,808,html-button-response,12,65061,0,P1118,STUDY0007,SESS1238,0,0,,
ROW32243,3689,survey-multi-select,13,68752,0,P1118,STUDY0007,SESS1238,0,"{""Q0"":[""color""]}",red,practice_category
ROW32244,637,html-button-response,14,69390,0,P1118,STUDY0007,SESS1238,0,0,,
ROW32245,3367,html-button-response,15,72757,0,P1118,STUDY0007,SESS1238,0,0,,
ROW32246,3981,survey-multi-select,16,76740,0,P1118,STUDY0007,SESS1238,0,"{""Q0"":[""none of these""]}",airplane,category_organization
ROW32247,4837,survey-multi-select,17,81578,0,P1118,STUDY0007,SESS1238,0,"{""Q0"":[""none of these""]}",window,category_organization
ROW32248,3756,survey-multi-select,18,85335,0,P1118,STUDY0007,SESS1238,0,"{""Q0"":[""none of these""]}",bicycle,category_organization
ROW32249,1790,instructions,0,1791,0,P1520,STUDY0007,SESS1224,0,,,
ROW32250,12164,html-button-response,2,14892,0,P1520,STUDY0007,SESS1224,0,0,,
ROW32251,933,instructions,1,2725,0,P1520,STUDY0007,SESS1224,0,,,
ROW32252,7850,html-button-response,4,28691,0,P1520,STUDY0007,SESS1224,0,0,,
ROW32253,2698,html-button-response,5,31391,0,P1520,STUDY0007,SESS1224,0,0,,
ROW32254,5946,html-button-response,3,20840,0,P1520,STUDY0007,SESS1224,0,0,,
ROW32255,4381,html-button-response,6,35774,0,P1520,STUDY0007,SESS1224,0,0,,
ROW32256,25896,survey-multi-select,7,61674,0,P1520,STUDY0007,SESS1224,0,"{""Q0"":[""shape""]}",pottery,practice_category
ROW32257,4149,html-button-response,8,65824,0,P1520,STUDY0007,SESS1224,0,0,,
ROW32258,10398,survey-multi-select,9,76224,0,P1520,STUDY0007,SESS1224,0,"{""Q0"":[""color""]}",red,practice_category
ROW32259,1165,html-button-response,10,77391,0,P1520,STUDY0007,SESS1224,0,0,,
ROW32260,3880,survey-multi-select,11,81273,0,P1520,STUDY0007,SESS1224,0,"{""Q0"":[""shape""]}",square,practice_category
ROW32261,899,html-button-response,12,82174,0,P1520,STUDY0007,SESS1224,0,0,,
ROW32262,5180,survey-multi-select,13,87357,0,P1520,STUDY0007,SESS1224,0,"{""Q0"":[""none of these""]}",happiness,practice_category
ROW32263,1182,html-button-response,14,88541,0,P1520,STUDY0007,SESS1224,0,0,,
ROW32264,2282,html-button-response,15,90824,0,P1520,STUDY0007,SESS1224,0,0,,
ROW32265,2166,survey-multi-select,17,97524,0,P1520,STUDY0007,SESS1224,0,"{""Q0"":[""none of these""]}",lavender,category_organization
ROW32266,4529,survey-multi-select,16,95356,0,P1520,STUDY0007,SESS1224,0,"{""Q0"":[""none of these""]}",breast,category_organization
ROW32267,8347,survey-multi-select,18,105874,0,P1520,STUDY0007,SESS1224,0,"{""Q0"":[""none of these""]}",toilet,category_organization
ROW32268,3680,survey-multi-select,19,109557,0,P1520,STUDY0007,SESS1224,0,"{""Q0"":[""none of these""]}",penguin,category_organization
ROW32269,2747,survey-multi-select,20,112307,0,P1520,STUDY0007,SESS1224,0,"{""Q0"":[""none of these""]}",song,category_organization
ROW32270,3897,survey-multi-select,21,116206,0,P1520,STUDY0007,SESS1224,0,"{""Q0"":[""none of these""]}",drain (object),category_organization
ROW32271,7315,survey-multi-select,22,123522,0,P1520,STUDY0007,SESS1224,0,"{""Q0"":[""shape""]}",straw,category_organization
ROW32272,2365,survey-multi-select,23,125889,0,P1520,STUDY0007,SESS1224,0,"{""Q0"":[""none of these""]}",shed,category_organization
ROW32273,6148,survey-multi-select,24,132039,0,P1520,STUDY0007,SESS1224,0,"{""Q0"":[""material""]}",salt,category_organization
ROW32274,7783,survey-multi-select,25,139823,0,P1520,STUDY0007,SESS1224,0,"{""Q0"":[""none of these""]}",onesie,category_organization
ROW32275,12764,survey-multi-select,26,152590,0,P1520,STUDY0007,SESS1224,0,"{""Q0"":[""none of these""]}",bicycle,category_organization
ROW32276,4080,survey-multi-select,27,156672,0,P1520,STUDY0007,SESS1224,0,"{""Q0"":[""none of these""]}",high chair,category_organization
ROW32277,10049,survey-multi-select,28,166723,0,P1520,STUDY0007,SESS1224,0,"{""Q0"":[""none of these""]}",beads,category_organization
ROW32278,2147,survey-multi-select,29,168872,0,P1520,STUDY0007,SESS1224,0,"{""Q0"":[""none of these""]}",snack,category_organization
ROW32279,3281,survey-multi-select,30,172155,0,P1520,STUDY0007,SESS1224,0,"{""Q0"":[""none of these""]}",sunglasses,category_organization
ROW32280,8015,survey-multi-select,31,180172,0,P1520,STUDY0007,SESS1224,0,"{""Q0"":[""none of these""]}",french fries,category_organization
ROW32281,2683,survey-multi-select,32,182856,0,P1520,STUDY0007,SESS1224,0,"{""Q0"":[""none of these""]}",microwave,category_organization
ROW32282,2097,survey-multi-select,33,184955,0,P1520,STUDY0007,SESS1224,0,"{""Q0"":[""none of these""]}",dolphin,category_organization
ROW32283,3098,survey-multi-select,34,188055,0,P1520,STUDY0007,SESS1224,0,"{""Q0"":[""none of these""]}",vagina,category_organization
ROW32284,10664,survey-multi-select,36,202523,0,P1520,STUDY0007,SESS1224,0,"{""Q0"":[""none of these""]}",light,category_organization
ROW32285,3799,survey-multi-select,35,191856,0,P1520,STUDY0007,SESS1224,0,"{""Q0"":[""none of these""]}",bear,category_organization
ROW32286,1031,html-button-response,37,203556,0,P1520,STUDY0007,SESS1224,0,0,,
ROW32287,2481,instructions,38,206038,0,P1520,STUDY0007,SESS1224,0,,,
ROW32288,5981,instructions,0,5982,0,P1893,STUDY0007,SESS1218,0,,,
ROW32289,8774,html-button-response,3,32479,0,P1893,STUDY0007,SESS1218,0,0,,
ROW32290,13161,html-button-response,2,23704,0,P1893,STUDY0007,SESS1218,0,0,,
ROW32291,4561,instructions,1,10542,0,P1893,STUDY0007,SESS1218,0,,,
ROW32292,9053,html-button-response,4,41533,0,P1893,STUDY0007,SESS1218,0,0,,
ROW32293,4561,html-button-response,5,46094,0,P1893,STUDY0007,SESS1218,0,0,,
ROW32294,5402,html-button-response,6,51497,0,P1893,STUDY0007,SESS1218,0,0,,
ROW32295,15225,survey-multi-select,7,66723,0,P1893,STUDY0007,SESS1218,0,"{""Q0"":[""color""]}",red,practice_category
ROW32296,4931,html-button-response,8,71654,0,P1893,STUDY0007,SESS1218,0,0,,
ROW32297,4255,survey-multi-select,9,75910,0,P1893,STUDY0007,SESS1218,0,"{""Q0"":[""shape""]}",square,practice_category
ROW32298,1402,html-button-response,12,87789,0,P1893,STUDY0007,SESS1218,0,0,,
ROW32299,1861,html-button-response,10,77772,0,P1893,STUDY0007,SESS1218,0,0,,
ROW32300,8614,survey-multi-select,11,86387,0,P1893,STUDY0007,SESS1218,0,"{""Q0"":[""material""]}",pottery,practice_category
ROW32301,5503,survey-multi-select,13,93292,0,P1893,STUDY0007,SESS1218,0,"{""Q0"":[""none of these""]}",happiness,practice_category
ROW32302,1383,html-button-response,14,94676,0,P1893,STUDY0007,SESS1218,0,0,,
ROW32303,5112,html-button-response,15,99788,0,P1893,STUDY0007,SESS1218,0,0,,
ROW32304,5295,survey-multi-select,16,105084,0,P1893,STUDY0007,SESS1218,0,"{""Q0"":[""none of these""]}",zoo,category_organization
ROW32305,9985,survey-multi-select,17,115070,0,P1893,STUDY0007,SESS1218,0,"{""Q0"":[""none of these""]}",closet,category_organization
ROW32306,9036,survey-multi-select,18,124106,0,P1893,STUDY0007,SESS1218,0,"{""Q0"":[""material""]}",toast,category_organization
ROW32307,14503,survey-multi-select,19,138610,0,P1893,STUDY0007,SESS1218,0,"{""Q0"":[""shape""]}",tie (action),category_organization
ROW32308,4367,survey-multi-select,20,142978,0,P1893,STUDY0007,SESS1218,0,"{""Q0"":[""none of these""]}",puppy,category_organization
ROW32309,9573,survey-multi-select,21,152552,0,P1893,STUDY0007,SESS1218,0,"{""Q0"":[""shape""]}",blouse,category_organization
ROW32310,2355,survey-multi-select,22,154908,0,P1893,STUDY0007,SESS1218,0,"{""Q0"":[""material""]}",jeans,category_organization
ROW32311,1793,survey-multi-select,23,156702,0,P1893,STUDY0007,SESS1218,0,"{""Q0"":[""none of these""]}",lavender,category_organization
ROW32312,6733,survey-multi-select,24,163436,0,P1893,STUDY0007,SESS1218,0,"{""Q0"":[""material""]}",pickle,category_organization
ROW32313,2965,survey-multi-select,25,166402,0,P1893,STUDY0007,SESS1218,0,"{""Q0"":[""none of these""]}",sparrow,category_organization
ROW32314,6393,survey-multi-select,26,172796,0,P1893,STUDY0007,SESS1218,0,"{""Q0"":[""none of these""]}",peas,category_organization
ROW32315,6399,survey-multi-select,27,179196,0,P1893,STUDY0007,SESS1218,0,"{""Q0"":[""none of these""]}",parking lot,category_organization
ROW32316,2593,survey-multi-select,28,181790,0,P1893,STUDY0007,SESS1218,0,"{""Q0"":[""shape""]}",wheel,category_organization
ROW32317,19263,survey-multi-select,29,201053,0,P1893,STUDY0007,SESS1218,0,"{""Q0"":[""shape""]}",bush,category_organization
ROW32318,14703,survey-multi-select,30,215757,0,P1893,STUDY0007,SESS1218,0,"{""Q0"":[""none of these""]}",accident,category_organization
ROW32319,3253,survey-multi-select,31,219012,0,P1893,STUDY0007,SESS1218,0,"{""Q0"":[""material""]}",bread,category_organization
ROW32320,4895,survey-multi-select,32,223907,0,P1893,STUDY0007,SESS1218,0,"{""Q0"":[""none of these""]}",insect,category_organization
ROW32321,5326,survey-multi-select,33,229233,0,P1893,STUDY0007,SESS1218,0,"{""Q0"":[""shape""]}",furniture,category_organization
ROW32322,4913,survey-multi-select,34,234147,0,P1893,STUDY0007,SESS1218,0,"{""Q0"":[""none of these""]}",forehead,category_organization
ROW32323,3035,survey-multi-select,35,237183,0,P1893,STUDY0007,SESS1218,0,"{""Q0"":[""shape""]}",pillow,category_organization
ROW32324,6083,survey-multi-select,36,243267,0,P1893,STUDY0007,SESS1218,0,"{""Q0"":[""material""]}",hot chocolate,category_organization
ROW32325,912,html-button-response,37,244179,0,P1893,STUDY0007,SESS1218,0,0,,
ROW32326,1372,instructions,38,245551,0,P1893,STUDY0007,SESS1218,0,,,
ROW32327,2988,instructions,0,2989,0,P0670,STUDY0007,SESS1236,0,,,
ROW32328,1335,instructions,1,4324,0,P0670,STUDY0007,SESS1236,0,,,
ROW32329,8607,html-button-response,2,12932,0,P0670,STUDY0007,SESS1236,0,0,,
ROW32330,11042,html-button-response,3,23976,0,P0670,STUDY0007,SESS1236,0,0,,
ROW32331,20488,html-button-response,5,57049,0,P0670,STUDY0007,SESS1236,0,0,,
ROW32332,12583,html-button-response,4,36560,0,P0670,STUDY0007,SESS1236,0,0,,
ROW32333,2872,html-button-response,6,59922,0,P0670,STUDY0007,SESS1236,0,0,,
ROW32334,1106,html-button-response,8,66397,0,P0670,STUDY0007,SESS1236,0,0,,
ROW32335,5366,survey-multi-select,7,65289,0,P0670,STUDY0007,SESS1236,0,"{""Q0"":[""none of these""]}",happiness,practice_category
ROW32336,727,html-button-response,12,78280,0,P0670,STUDY0007,SESS1236,0,0,,
ROW32337,6808,survey-multi-select,9,73205,0,P0670,STUDY0007,SESS1236,0,"{""Q0"":[""color""]}",red,practice_category
ROW32338,977,html-button-response,10,74184,0,P0670,STUDY0007,SESS1236,0,0,,
ROW32339,3367,survey-multi-select,11,77553,0,P0670,STUDY0007,SESS1236,0,"{""Q0"":[""shape""]}",square,practice_category
ROW32340,3817,instructions,1,6812,0,P0938,STUDY0007,SESS1243,0,,,
ROW32341,2991,instructions,0,2995,0,P0938,STUDY0007,SESS1243,0,,,
ROW32342,9265,html-button-response,2,16079,0,P0938,STUDY0007,SESS1243,0,0,,
ROW32343,6578,html-button-response,3,22658,0,P0938,STUDY0007,SESS1243,0,0,,
ROW32344,6279,html-button-response,4,28939,0,P0938,STUDY0007,SESS1243,0,0,,
ROW32345,7052,survey-multi-select,7,43851,0,P0938,STUDY0007,SESS1243,0,"{""Q0"":[""color""]}",red,practice_category
ROW32346,4974,html-button-response,6,36791,0,P0938,STUDY0007,SESS1243,0,0,,
ROW32347,2862,html-button-response,5,31809,0,P0938,STUDY0007,SESS1243,0,0,,
ROW32348,2749,html-button-response,12,61061,0,P0938,STUDY0007,SESS1243,0,0,,
ROW32349,3505,survey-multi-select,13,64568,0,P0938,STUDY0007,SESS1243,0,"{""Q0"":[""none of these""]}",happiness,practice_category
ROW32350,1126,html-button-response,10,53086,0,P0938,STUDY0007,SESS1243,0,0,,
ROW32351,5220,survey-multi-select,11,58310,0,P0938,STUDY0007,SESS1243,0,"{""Q0"":[""material""]}",pottery,practice_category
ROW32352,6385,survey-multi-select,9,51958,0,P0938,STUDY0007,SESS1243,0,"{""Q0"":[""shape""]}",square,practice_category
ROW32353,1717,html-button-response,8,45570,0,P0938,STUDY0007,SESS1243,0,0,,
ROW32354,7613,survey-multi-select,19,90632,0,P0938,STUDY0007,SESS1243,0,"{""Q0"":[""none of these""]}",sink,category_organization
ROW32355,4871,survey-multi-select,18,83018,0,P0938,STUDY0007,SESS1243,0,"{""Q0"":[""material""]}",pita,category_organization
ROW32356,1089,html-button-response,14,65658,0,P0938,STUDY0007,SESS1243,0,0,,
ROW32357,6038,survey-multi-select,16,73892,0,P0938,STUDY0007,SESS1243,0,"{""Q0"":[""none of these""]}",tracksuit,category_organization
ROW32358,2192,html-button-response,15,67851,0,P0938,STUDY0007,SESS1243,0,0,,
ROW32359,4250,survey-multi-select,17,78144,0,P0938,STUDY0007,SESS1243,0,"{""Q0"":[""material""]}",gas,category_organization
ROW32360,3257,survey-multi-select,21,97746,0,P0938,STUDY0007,SESS1243,0,"{""Q0"":[""none of these""]}",animal,category_organization
ROW32361,3849,survey-multi-select,20,94485,0,P0938,STUDY0007,SESS1243,0,"{""Q0"":[""none of these""]}",turtle,category_organization
ROW32362,5242,survey-multi-select,22,102991,0,P0938,STUDY0007,SESS1243,0,"{""Q0"":[""none of these""]}",sardine,category_organization
ROW32363,3657,survey-multi-select,23,106649,0,P0938,STUDY0007,SESS1243,0,"{""Q0"":[""material""]}",salt,category_organization
ROW32364,4540,survey-multi-select,24,111190,0,P0938,STUDY0007,SESS1243,0,"{""Q0"":[""none of these""]}",school,category_organization
ROW32365,7554,survey-multi-select,25,118747,0,P0938,STUDY0007,SESS1243,0,"{""Q0"":[""none of these""]}",police car,category_organization
ROW32366,3169,survey-multi-select,27,126633,0,P0938,STUDY0007,SESS1243,0,"{""Q0"":[""material""]}",lighter,category_organization
ROW32367,4024,survey-multi-select,28,130658,0,P0938,STUDY0007,SESS1243,0,"{""Q0"":[""shape""]}",wardrobe,category_organization
ROW32368,4682,survey-multi-select,30,137917,0,P0938,STUDY0007,SESS1243,0,"{""Q0"":[""material""]}",papaya,category_organization
ROW32369,2573,survey-multi-select,29,133233,0,P0938,STUDY0007,SESS1243,0,"{""Q0"":[""material""]}",jelly,category_organization
ROW32370,4713,survey-multi-select,26,123461,0,P0938,STUDY0007,SESS1243,0,"{""Q0"":[""none of these""]}",time,category_organization
ROW32371,3266,survey-multi-select,31,141185,0,P0938,STUDY0007,SESS1243,0,"{""Q0"":[""material""]}",toilet paper,category_organization
ROW32372,2822,survey-multi-select,36,155707,0,P0938,STUDY0007,SESS1243,0,"{""Q0"":[""material""]}",towel,category_organization
ROW32373,2650,survey-multi-select,35,152883,0,P0938,STUDY0007,SESS1243,0,"{""Q0"":[""shape""]}",crane,category_organization
ROW32374,4153,survey-multi-select,34,150231,0,P0938,STUDY0007,SESS1243,0,"{""Q0"":[""shape""]}",bat (object),category_organization
ROW32375,2167,survey-multi-select,33,146076,0,P0938,STUDY0007,SESS1243,0,"{""Q0"":[""none of these""]}",lavender,category_organization
ROW32376,2719,survey-multi-select,32,143906,0,P0938,STUDY0007,SESS1243,0,"{""Q0"":[""material""]}",tree,category_organization
ROW32377,1469,html-button-response,37,157177,0,P0938,STUDY0007,SESS1243,0,0,,
ROW32378,1507,instructions,38,158685,0,P0938,STUDY0007,SESS1243,0,,,
ROW32379,4803,instructions,1,8727,0,P0588,STUDY0007,SESS1242,0,,,
ROW32380,3922,instructions,0,3923,0,P0588,STUDY0007,SESS1242,0,,,
ROW32381,9453,html-button-response,2,18184,0,P0588,STUDY0007,SESS1242,0,0,,
ROW32382,6796,html-button-response,4,31503,0,P0588,STUDY0007,SESS1242,0,0,,
ROW32383,6520,html-button-response,3,24705,0,P0588,STUDY0007,SESS1242,0,0,,
ROW32384,3374,html-button-response,5,34882,0,P0588,STUDY0007,SESS1242,0,0,,
ROW32385,4433,html-button-response,6,39317,0,P0588,STUDY0007,SESS1242,0,0,,
ROW32386,6811,survey-multi-select,7,46132,0,P0588,STUDY0007,SESS1242,0,"{""Q0"":[""material""]}",pottery,practice_category
ROW32387,1649,html-button-response,8,47782,0,P0588,STUDY0007,SESS1242,0,0,,
ROW32388,4153,survey-multi-select,9,51938,0,P0588,STUDY0007,SESS1242,0,"{""Q0"":[""shape""]}",square,practice_category
ROW32389,955,html-button-response,10,52895,0,P0588,STUDY0007,SESS1242,0,0,,
ROW32390,5102,survey-multi-select,11,57999,0,P0588,STUDY0007,SESS1242,0,"{""Q0"":[""none of these""]}",happiness,practice_category
ROW32391,3983,survey-multi-select,13,63320,0,P0588,STUDY0007,SESS1242,0,"{""Q0"":[""color""]}",red,practice_category
ROW32392,1334,html-button-response,12,59335,0,P0588,STUDY0007,SESS1242,0,0,,
ROW32393,1572,html-button-response,14,64894,0,P0588,STUDY0007,SESS1242,0,0,,
ROW32394,5790,html-button-response,15,70685,0,P0588,STUDY0007,SESS1242,0,0,,
ROW32395,3412,survey-multi-select,16,74100,0,P0588,STUDY0007,SESS1242,0,"{""Q0"":[""none of these""]}",traffic,category_organization
ROW32396,3575,survey-multi-select,17,77678,0,P0588,STUDY0007,SESS1242,0,"{""Q0"":[""material""]}",trash,category_organization
ROW32397,2433,survey-multi-select,18,80113,0,P0588,STUDY0007,SESS1242,0,"{""Q0"":[""none of these""]}",lavender,category_organization
ROW32398,4922,survey-multi-select,19,85038,0,P0588,STUDY0007,SESS1242,0,"{""Q0"":[""color""]}",ladybug,category_organization
ROW32399,4541,survey-multi-select,21,92889,0,P0588,STUDY0007,SESS1242,0,"{""Q0"":[""shape""]}",croissant,category_organization
ROW32400,3305,survey-multi-select,20,88346,0,P0588,STUDY0007,SESS1242,0,"{""Q0"":[""material""]}",garbage,category_organization
ROW32401,4356,survey-multi-select,22,97247,0,P0588,STUDY0007,SESS1242,0,"{""Q0"":[""material""]}",purse,category_organization
ROW32402,5572,survey-multi-select,23,102821,0,P0588,STUDY0007,SESS1242,0,"{""Q0"":[""material""]}",shorts,category_organization
ROW32403,3916,survey-multi-select,24,106740,0,P0588,STUDY0007,SESS1242,0,"{""Q0"":[""none of these""]}",stork,category_organization
ROW32404,4157,survey-multi-select,25,110900,0,P0588,STUDY0007,SESS1242,0,"{""Q0"":[""shape""]}",scissors,category_organization
ROW32405,7688,survey-multi-select,27,128380,0,P0588,STUDY0007,SESS1242,0,"{""Q0"":[""shape""]}",melon,category_organization
ROW32406,6042,survey-multi-select,28,134424,0,P0588,STUDY0007,SESS1242,0,"{""Q0"":[""material""]}",applesauce,category_organization
ROW32407,9787,survey-multi-select,26,120689,0,P0588,STUDY0007,SESS1242,0,"{""Q0"":[""material""]}",roof,category_organization
ROW32408,3482,survey-multi-select,29,137908,0,P0588,STUDY0007,SESS1242,0,"{""Q0"":[""shape""]}",bib,category_organization
ROW32409,4141,survey-multi-select,30,142052,0,P0588,STUDY0007,SESS1242,0,"{""Q0"":[""material""]}",laundry,category_organization
ROW32410,3333,survey-multi-select,31,145387,0,P0588,STUDY0007,SESS1242,0,"{""Q0"":[""shape""]}",wheel,category_organization
ROW32411,4933,survey-multi-select,34,161859,0,P0588,STUDY0007,SESS1242,0,"{""Q0"":[""material""]}",glue (object),category_organization
ROW32412,3875,survey-multi-select,33,156924,0,P0588,STUDY0007,SESS1242,0,"{""Q0"":[""material""]}",ice,category_organization
ROW32413,7656,survey-multi-select,32,153047,0,P0588,STUDY0007,SESS1242,0,"{""Q0"":[""shape""]}",guinea pig,category_organization
ROW32414,3529,survey-multi-select,35,165390,0,P0588,STUDY0007,SESS1242,0,"{""Q0"":[""color""]}",chili,category_organization
ROW32415,3578,survey-multi-select,36,168971,0,P0588,STUDY0007,SESS1242,0,"{""Q0"":[""color""]}",light,category_organization
ROW32416,1138,html-button-response,37,170110,0,P0588,STUDY0007,SESS1242,0,0,,
ROW32417,3425,instructions,38,173535,0,P0588,STUDY0007,SESS1242,0,,,
ROW32418,5700,instructions,0,5702,0,P1779,STUDY0007,SESS1200,0,,,
ROW32419,4160,instructions,1,9862,0,P1779,STUDY0007,SESS1200,0,,,
ROW32420,21706,html-button-response,2,31570,0,P1779,STUDY0007,SESS1200,0,0,,
ROW32421,11211,html-button-response,3,42782,0,P1779,STUDY0007,SESS1200,0,0,,
ROW32422,23627,html-button-response,4,66410,0,P1779,STUDY0007,SESS1200,0,0,,
ROW32423,8376,html-button-response,5,74786,0,P1779,STUDY0007,SESS1200,0,0,,
ROW32424,4685,html-button-response,6,79472,0,P1779,STUDY0007,SESS1200,0,0,,
ROW32425,18600,survey-multi-select,7,98074,0,P1779,STUDY0007,SESS1200,0,"{""Q0"":[""none of these""]}",happiness,practice_category
ROW32426,2211,html-button-response,8,100286,0,P1779,STUDY0007,SESS1200,0,0,,
ROW32427,10433,survey-multi-select,11,116291,0,P1779,STUDY0007,SESS1200,0,"{""Q0"":[""material""]}",pottery,practice_category
ROW32428,3667,survey-multi-select,9,103954,0,P1779,STUDY0007,SESS1200,0,"{""Q0"":[""shape""]}",square,practice_category
ROW32429,1903,html-button-response,10,105858,0,P1779,STUDY0007,SESS1200,0,0,,
ROW32430,1116,html-button-response,12,117408,0,P1779,STUDY0007,SESS1200,0,0,,
ROW32431,5739,survey-multi-select,13,123148,0,P1779,STUDY0007,SESS1200,0,"{""Q0"":[""color""]}",red,practice_category
ROW32432,519,html-button-response,14,123668,0,P1779,STUDY0007,SESS1200,0,0,,
ROW32433,5612,html-button-response,15,129280,0,P1779,STUDY0007,SESS1200,0,0,,
ROW32434,2664,survey-multi-select,16,131946,0,P1779,STUDY0007,SESS1200,0,"{""Q0"":[""none of these""]}",lavender,category_organization
ROW32435,4223,survey-multi-select,17,136170,0,P1779,STUDY0007,SESS1200,0,"{""Q0"":[""shape""]}",head,category_organization
ROW32436,11792,survey-multi-select,18,147963,0,P1779,STUDY0007,SESS1200,0,"{""Q0"":[""color""]}",picture,category_organization
ROW32437,5655,survey-multi-select,19,153620,0,P1779,STUDY0007,SESS1200,0,"{""Q0"":[""shape""]}",tail,category_organization
ROW32438,2765,survey-multi-select,20,156385,0,P1779,STUDY0007,SESS1200,0,"{""Q0"":[""shape""]}",digger,category_organization
ROW32439,6841,survey-multi-select,21,163228,0,P1779,STUDY0007,SESS1200,0,"{""Q0"":[""shape""]}",meatball,category_organization
ROW32440,6055,survey-multi-select,22,169284,0,P1779,STUDY0007,SESS1200,0,"{""Q0"":[""none of these""]}",cook,category_organization
ROW32441,16624,survey-multi-select,23,185909,0,P1779,STUDY0007,SESS1200,0,"{""Q0"":[""shape"",""material""]}",doll,category_organization
ROW32442,8403,survey-multi-select,24,194313,0,P1779,STUDY0007,SESS1200,0,"{""Q0"":[""shape"",""color"",""material""]}",dried seaweed,category_organization
ROW32443,11325,survey-multi-select,25,205639,0,P1779,STUDY0007,SESS1200,0,"{""Q0"":[""shape"",""material""]}",coin,category_organization
ROW32444,6385,survey-multi-select,26,212025,0,P1779,STUDY0007,SESS1200,0,"{""Q0"":[""shape""]}",terrace,category_organization
ROW32445,10139,survey-multi-select,28,238890,0,P1779,STUDY0007,SESS1200,0,"{""Q0"":[""shape"",""color"",""material""]}",peach,category_organization
ROW32446,16723,survey-multi-select,27,228750,0,P1779,STUDY0007,SESS1200,0,"{""Q0"":[""shape""]}",crane,category_organization
ROW32447,5305,survey-multi-select,29,244195,0,P1779,STUDY0007,SESS1200,0,"{""Q0"":[""shape""]}",clock,category_organization
ROW32448,3785,survey-multi-select,30,247981,0,P1779,STUDY0007,SESS1200,0,"{""Q0"":[""shape"",""color"",""material""]}",leaf,category_organization
ROW32449,6961,survey-multi-select,31,254943,0,P1779,STUDY0007,SESS1200,0,"{""Q0"":[""shape"",""color"",""material""]}",vest,category_organization
ROW32450,13465,survey-multi-select,32,268409,0,P1779,STUDY0007,SESS1200,0,"{""Q0"":[""shape"",""color"",""material""]}",schnitzel,category_organization
ROW32451,7537,survey-multi-select,33,275948,0,P1779,STUDY0007,SESS1200,0,"{""Q0"":[""material""]}",plant,category_organization
ROW32452,8543,survey-multi-select,34,284492,0,P1779,STUDY0007,SESS1200,0,"{""Q0"":[""none of these""]}",vitamin,category_organization
ROW32453,2409,survey-multi-select,35,286902,0,P1779,STUDY0007,SESS1200,0,"{""Q0"":[""none of these""]}",shower,category_organization
ROW32454,6029,survey-multi-select,36,292931,0,P1779,STUDY0007,SESS1200,0,"{""Q0"":[""shape""]}",fork,category_organization
ROW32455,1199,html-button-response,37,294131,0,P1779,STUDY0007,SESS1200,0,0,,
ROW32456,3014,instructions,38,297145,0,P1779,STUDY0007,SESS1200,0,,,
ROW32457,2161,instructions,0,2163,0,P0479,STUDY0007,SESS1233,0,,,
ROW32458,1805,instructions,1,3968,0,P0479,STUDY0007,SESS1233,0,,,
ROW32459,12027,html-button-response,2,15996,0,P0479,STUDY0007,SESS1233,0,0,,
ROW32460,9049,html-button-response,3,25046,0,P0479,STUDY0007,SESS1233,0,0,,
ROW32461,6948,html-button-response,4,31994,0,P0479,STUDY0007,SESS1233,0,0,,
ROW32462,4313,html-button-response,5,36308,0,P0479,STUDY0007,SESS1233,0,0,,
ROW32463,4547,html-button-response,6,40856,0,P0479,STUDY0007,SESS1233,0,0,,
ROW32464,12004,survey-multi-select,7,52862,0,P0479,STUDY0007,SESS1233,0,"{""Q0"":[""none of these""]}",happiness,practice_category
ROW32465,1083,html-button-response,8,53946,0,P0479,STUDY0007,SESS1233,0,0,,
ROW32466,5043,survey-multi-select,9,58990,0,P0479,STUDY0007,SESS1233,0,"{""Q0"":[""material""]}",pottery,practice_category
ROW32467,4801,survey-multi-select,11,64924,0,P0479,STUDY0007,SESS1233,0,"{""Q0"":[""shape""]}",square,practice_category
ROW32468,1131,html-button-response,10,60122,0,P0479,STUDY0007,SESS1233,0,0,,
ROW32469,1071,html-button-response,12,65996,0,P0479,STUDY0007,SESS1233,0,0,,
ROW32470,4505,survey-multi-select,13,70502,0,P0479,STUDY0007,SESS1233,0,"{""Q0"":[""color""]}",red,practice_category
ROW32471,4175,html-button-response,15,75384,0,P0479,STUDY0007,SESS1233,0,0,,
ROW32472,706,html-button-response,14,71208,0,P0479,STUDY0007,SESS1233,0,0,,
ROW32473,6037,survey-multi-select,17,86578,0,P0479,STUDY0007,SESS1233,0,"{""Q0"":[""none of these""]}",broccoli,category_organization
ROW32474,5155,survey-multi-select,16,80540,0,P0479,STUDY0007,SESS1233,0,"{""Q0"":[""none of these""]}",bedroom,category_organization
ROW32475,5415,survey-multi-select,18,91994,0,P0479,STUDY0007,SESS1233,0,"{""Q0"":[""none of these""]}",microwave,category_organization
ROW32476,2859,survey-multi-select,19,94854,0,P0479,STUDY0007,SESS1233,0,"{""Q0"":[""none of these""]}",kitchen,category_organization
ROW32477,2838,survey-multi-select,20,97694,0,P0479,STUDY0007,SESS1233,0,"{""Q0"":[""none of these""]}",street,category_organization
ROW32478,3411,survey-multi-select,22,109854,0,P0479,STUDY0007,SESS1233,0,"{""Q0"":[""none of these""]}",cassava,category_organization
ROW32479,8747,survey-multi-select,21,106441,0,P0479,STUDY0007,SESS1233,0,"{""Q0"":[""shape"",""color"",""material""]}",rug,category_organization
ROW32480,4547,survey-multi-select,23,114402,0,P0479,STUDY0007,SESS1233,0,"{""Q0"":[""none of these""]}",elevator,category_organization
ROW32481,4579,survey-multi-select,24,118981,0,P0479,STUDY0007,SESS1233,0,"{""Q0"":[""shape""]}",thumb,category_organization
ROW32482,2199,survey-multi-select,25,121182,0,P0479,STUDY0007,SESS1233,0,"{""Q0"":[""color""]}",orange,category_organization
ROW32483,3223,survey-multi-select,26,124406,0,P0479,STUDY0007,SESS1233,0,"{""Q0"":[""none of these""]}",thing,category_organization
ROW32484,4657,survey-multi-select,28,133254,0,P0479,STUDY0007,SESS1233,0,"{""Q0"":[""none of these""]}",cart,category_organization
ROW32485,4189,survey-multi-select,27,128596,0,P0479,STUDY0007,SESS1233,0,"{""Q0"":[""none of these""]}",caterpillar,category_organization
ROW32486,10140,instructions,0,10142,0,P1829,STUDY0007,SESS1201,0,,,
ROW32487,2807,survey-multi-select,30,139248,0,P0479,STUDY0007,SESS1233,0,"{""Q0"":[""none of these""]}",cabbage,category_organization
ROW32488,3185,survey-multi-select,29,136440,0,P0479,STUDY0007,SESS1233,0,"{""Q0"":[""material""]}",ketchup,category_organization
ROW32489,11500,instructions,1,21644,0,P1829,STUDY0007,SESS1201,0,,,
ROW32490,2065,survey-multi-select,31,141314,0,P0479,STUDY0007,SESS1233,0,"{""Q0"":[""none of these""]}",lavender,category_organization
ROW32491,16531,html-button-response,4,59192,0,P1829,STUDY0007,SESS1201,0,0,,
ROW32492,13991,html-button-response,2,35639,0,P1829,STUDY0007,SESS1201,0,0,,
ROW32493,7521,html-button-response,5,66715,0,P1829,STUDY0007,SESS1201,0,0,,
ROW32494,7017,html-button-response,3,42658,0,P1829,STUDY0007,SESS1201,0,0,,
ROW32495,4027,survey-multi-select,32,145341,0,P0479,STUDY0007,SESS1233,0,"{""Q0"":[""shape""]}",necklace,category_organization
ROW32496,2993,survey-multi-select,33,148335,0,P0479,STUDY0007,SESS1233,0,"{""Q0"":[""material""]}",grass,category_organization
ROW32497,4547,survey-multi-select,34,152884,0,P0479,STUDY0007,SESS1233,0,"{""Q0"":[""shape""]}",mitten,category_organization
ROW32498,2283,survey-multi-select,35,155168,0,P0479,STUDY0007,SESS1233,0,"{""Q0"":[""material""]}",mud,category_organization
ROW32499,3637,survey-multi-select,36,158806,0,P0479,STUDY0007,SESS1233,0,"{""Q0"":[""none of these""]}",turtle,category_organization
ROW32500,39485,html-button-response,37,198291,0,P0479,STUDY0007,SESS1233,0,0,,
ROW32501,4214,html-button-response,6,70932,0,P1829,STUDY0007,SESS1201,0,0,,
ROW32502,2892,instructions,38,201183,0,P0479,STUDY0007,SESS1233,0,,,
ROW32503,10464,survey-multi-select,7,81401,0,P1829,STUDY0007,SESS1201,0,"{""Q0"":[""shape""]}",square,practice_category
ROW32504,5465,html-button-response,8,86870,0,P1829,STUDY0007,SESS1201,0,0,,
ROW32505,11489,survey-multi-select,9,98363,0,P1829,STUDY0007,SESS1201,0,"{""Q0"":[""color""]}",red,practice_category
ROW32506,4967,html-button-response,10,103333,0,P1829,STUDY0007,SESS1201,0,0,,
ROW32507,8432,survey-multi-select,11,111769,0,P1829,STUDY0007,SESS1201,0,"{""Q0"":[""material""]}",pottery,practice_category
ROW32508,3719,html-button-response,12,115491,0,P1829,STUDY0007,SESS1201,0,0,,
ROW32509,8706,survey-multi-select,13,124205,0,P1829,STUDY0007,SESS1201,0,"{""Q0"":[""none of these""]}",happiness,practice_category
ROW32510,2821,html-button-response,14,127029,0,P1829,STUDY0007,SESS1201,0,0,,
ROW32511,14017,survey-multi-select,16,147453,0,P1829,STUDY0007,SESS1201,0,"{""Q0"":[""material""]}",moon,category_organization
ROW32512,6398,html-button-response,15,133431,0,P1829,STUDY0007,SESS1201,0,0,,
ROW32513,13831,survey-multi-select,17,161288,0,P1829,STUDY0007,SESS1201,0,"{""Q0"":[""material""]}",bull,category_organization
ROW32514,8765,survey-multi-select,18,170057,0,P1829,STUDY0007,SESS1201,0,"{""Q0"":[""material""]}",stick,category_organization
ROW32515,12752,survey-multi-select,19,182814,0,P1829,STUDY0007,SESS1201,0,"{""Q0"":[""material""]}",berry,category_organization
ROW32516,4013,survey-multi-select,20,186832,0,P1829,STUDY0007,SESS1201,0,"{""Q0"":[""material""]}",apple,category_organization
ROW32517,7208,survey-multi-select,21,194044,0,P1829,STUDY0007,SESS1201,0,"{""Q0"":[""material""]}",snail,category_organization
ROW32518,3943,survey-multi-select,22,197990,0,P1829,STUDY0007,SESS1201,0,"{""Q0"":[""material""]}",penguin,category_organization
ROW32519,19630,survey-multi-select,23,217624,0,P1829,STUDY0007,SESS1201,0,"{""Q0"":[""none of these""]}",shed,category_organization
ROW32520,4091,survey-multi-select,24,221718,0,P1829,STUDY0007,SESS1201,0,"{""Q0"":[""material""]}",cherry,category_organization
ROW32521,13658,survey-multi-select,25,235379,0,P1829,STUDY0007,SESS1201,0,"{""Q0"":[""material""]}",bear,category_organization
ROW32522,2571,survey-multi-select,27,244544,0,P1829,STUDY0007,SESS1201,0,"{""Q0"":[""none of these""]}",lavender,category_organization
ROW32523,6587,survey-multi-select,26,241969,0,P1829,STUDY0007,SESS1201,0,"{""Q0"":[""shape""]}",bracelet,category_organization
ROW32524,8709,survey-multi-select,28,253255,0,P1829,STUDY0007,SESS1201,0,"{""Q0"":[""material""]}",frost,category_organization
ROW32525,5546,survey-multi-select,29,258805,0,P1829,STUDY0007,SESS1201,0,"{""Q0"":[""shape""]}",tractor,category_organization
ROW32526,13099,survey-multi-select,30,271907,0,P1829,STUDY0007,SESS1201,0,"{""Q0"":[""none of these""]}",bidet,category_organization
ROW32527,7218,survey-multi-select,31,279127,0,P1829,STUDY0007,SESS1201,0,"{""Q0"":[""material""]}",cloud,category_organization
ROW32528,10313,survey-multi-select,32,289443,0,P1829,STUDY0007,SESS1201,0,"{""Q0"":[""none of these""]}",soda,category_organization
ROW32529,4037,survey-multi-select,34,305081,0,P1829,STUDY0007,SESS1201,0,"{""Q0"":[""material""]}",salt,category_organization
ROW32530,11596,survey-multi-select,33,301042,0,P1829,STUDY0007,SESS1201,0,"{""Q0"":[""none of these""]}",push,category_organization
ROW32531,5384,survey-multi-select,35,310469,0,P1829,STUDY0007,SESS1201,0,"{""Q0"":[""shape""]}",hill,category_organization
ROW32532,9586,survey-multi-select,36,320058,0,P1829,STUDY0007,SESS1201,0,"{""Q0"":[""material""]}",camel,category_organization
ROW32533,1538,html-button-response,37,321601,0,P1829,STUDY0007,SESS1201,0,0,,
ROW32534,5352,instructions,38,326958,0,P1829,STUDY0007,SESS1201,0,,,
ROW32535,14949,instructions,0,14954,0,P1672,STUDY0007,SESS1212,0,,,
ROW32536,11148,instructions,1,26103,0,P1672,STUDY0007,SESS1212,0,,,
ROW32537,18282,html-button-response,2,44389,0,P1672,STUDY0007,SESS1212,0,0,,
ROW32538,11166,html-button-response,3,55557,0,P1672,STUDY0007,SESS1212,0,0,,
ROW32539,16882,html-button-response,4,72441,0,P1672,STUDY0007,SESS1212,0,0,,
ROW32540,7350,html-button-response,5,79792,0,P1672,STUDY0007,SESS1212,0,0,,
ROW32541,9864,survey-multi-select,9,116979,0,P1672,STUDY0007,SESS1212,0,"{""Q0"":[""shape""]}",square,practice_category
ROW32542,11580,survey-multi-select,7,101011,0,P1672,STUDY0007,SESS1212,0,"{""Q0"":[""material""]}",pottery,practice_category
ROW32543,9633,html-button-response,6,89426,0,P1672,STUDY0007,SESS1212,0,0,,
ROW32544,3782,html-button-response,10,120763,0,P1672,STUDY0007,SESS1212,0,0,,
ROW32545,6097,html-button-response,8,107111,0,P1672,STUDY0007,SESS1212,0,0,,
ROW32546,9681,survey-multi-select,11,130447,0,P1672,STUDY0007,SESS1212,0,"{""Q0"":[""color""]}",red,practice_category
ROW32547,6066,html-button-response,12,136514,0,P1672,STUDY0007,SESS1212,0,0,,
ROW32548,11515,survey-multi-select,13,148033,0,P1672,STUDY0007,SESS1212,0,"{""Q0"":[""none of these""]}",happiness,practice_category
ROW32549,3249,html-button-response,14,151284,0,P1672,STUDY0007,SESS1212,0,0,,
ROW32550,9916,html-button-response,15,161201,0,P1672,STUDY0007,SESS1212,0,0,,
ROW32551,10248,survey-multi-select,16,171453,0,P1672,STUDY0007,SESS1212,0,"{""Q0"":[""material""]}",noodles,category_organization
ROW32552,8381,survey-multi-select,17,179837,0,P1672,STUDY0007,SESS1212,0,"{""Q0"":[""material""]}",zipper,category_organization
ROW32553,8815,survey-multi-select,18,188655,0,P1672,STUDY0007,SESS1212,0,"{""Q0"":[""none of these""]}",butterfly,category_organization
ROW32554,10515,survey-multi-select,19,199172,0,P1672,STUDY0007,SESS1212,0,"{""Q0"":[""none of these""]}",stroller,category_organization
ROW32555,7998,survey-multi-select,20,207173,0,P1672,STUDY0007,SESS1212,0,"{""Q0"":[""none of these""]}",money,category_organization
ROW32556,6298,survey-multi-select,21,213474,0,P1672,STUDY0007,SESS1212,0,"{""Q0"":[""none of these""]}",frost,category_organization
ROW32557,5731,survey-multi-select,22,219208,0,P1672,STUDY0007,SESS1212,0,"{""Q0"":[""none of these""]}",monkey,category_organization
ROW32558,11682,survey-multi-select,23,230892,0,P1672,STUDY0007,SESS1212,0,"{""Q0"":[""shape""]}",coat hanger,category_organization
ROW32559,4981,survey-multi-select,24,235876,0,P1672,STUDY0007,SESS1212,0,"{""Q0"":[""none of these""]}",earth,category_organization
ROW32560,6981,survey-multi-select,25,242860,0,P1672,STUDY0007,SESS1212,0,"{""Q0"":[""none of these""]}",chicken (animal),category_organization
ROW32561,4548,survey-multi-select,27,255994,0,P1672,STUDY0007,SESS1212,0,"{""Q0"":[""none of these""]}",penis,category_organization
ROW32562,8581,survey-multi-select,26,251444,0,P1672,STUDY0007,SESS1212,0,"{""Q0"":[""material""]}",tooth,category_organization
ROW32563,4648,survey-multi-select,28,260645,0,P1672,STUDY0007,SESS1212,0,"{""Q0"":[""none of these""]}",rat,category_organization
ROW32564,7165,survey-multi-select,29,267812,0,P1672,STUDY0007,SESS1212,0,"{""Q0"":[""none of these""]}",cutlet,category_organization
ROW32565,4448,survey-multi-select,30,272263,0,P1672,STUDY0007,SESS1212,0,"{""Q0"":[""none of these""]}",octopus,category_organization
ROW32566,6381,survey-multi-select,31,278647,0,P1672,STUDY0007,SESS1212,0,"{""Q0"":[""shape""]}",ceiling,category_organization
ROW32567,3464,survey-multi-select,32,282114,0,P1672,STUDY0007,SESS1212,0,"{""Q0"":[""none of these""]}",melon,category_organization
ROW32568,7715,survey-multi-select,33,289831,0,P1672,STUDY0007,SESS1212,0,"{""Q0"":[""material""]}",key,category_organization
ROW32569,7931,survey-multi-select,34,297766,0,P1672,STUDY0007,SESS1212,0,"{""Q0"":[""none of these""]}",chocolate,category_organization
ROW32570,4597,survey-multi-select,35,302366,0,P1672,STUDY0007,SESS1212,0,"{""Q0"":[""none of these""]}",tummy,category_organization
ROW32571,4064,survey-multi-select,36,306433,0,P1672,STUDY0007,SESS1212,0,"{""Q0"":[""none of these""]}",lavender,category_organization
ROW32572,1382,html-button-response,37,307816,0,P1672,STUDY0007,SESS1212,0,0,,
ROW32573,5683,instructions,38,313500,0,P1672,STUDY0007,SESS1212,0,,,
ROW32574,12881,instructions,0,12883,0,P0889,STUDY0007,SESS1226,0,,,
ROW32575,6973,instructions,1,19856,0,P0889,STUDY0007,SESS1226,0,,,
ROW32576,18553,html-button-response,2,38411,0,P0889,STUDY0007,SESS1226,0,0,,
ROW32577,8199,html-button-response,3,46610,0,P0889,STUDY0007,SESS1226,0,0,,
ROW32578,9415,html-button-response,6,82407,0,P0889,STUDY0007,SESS1226,0,0,,
ROW32579,8348,html-button-response,5,72991,0,P0889,STUDY0007,SESS1226,0,0,,
ROW32580,18031,html-button-response,4,64642,0,P0889,STUDY0007,SESS1226,0,0,,
ROW32581,14845,survey-multi-select,7,97255,0,P0889,STUDY0007,SESS1226,0,"{""Q0"":[""none of these""]}",happiness,practice_category
ROW32582,3931,html-button-response,8,101186,0,P0889,STUDY0007,SESS1226,0,0,,
ROW32583,15110,survey-multi-select,9,116298,0,P0889,STUDY0007,SESS1226,0,"{""Q0"":[""material""]}",pottery,practice_category
ROW32584,5031,html-button-response,10,121330,0,P0889,STUDY0007,SESS1226,0,0,,
ROW32585,7901,survey-multi-select,11,129232,0,P0889,STUDY0007,SESS1226,0,"{""Q0"":[""color""]}",red,practice_category
ROW32586,3151,html-button-response,12,132384,0,P0889,STUDY0007,SESS1226,0,0,,
ROW32587,6348,survey-multi-select,13,138734,0,P0889,STUDY0007,SESS1226,0,"{""Q0"":[""shape""]}",square,practice_category
ROW32588,6139,html-button-response,15,147534,0,P0889,STUDY0007,SESS1226,0,0,,
ROW32589,2660,html-button-response,14,141394,0,P0889,STUDY0007,SESS1226,0,0,,
ROW32590,9773,survey-multi-select,16,157308,0,P0889,STUDY0007,SESS1226,0,"{""Q0"":[""material""]}",broom,category_organization
ROW32591,4561,survey-multi-select,17,161870,0,P0889,STUDY0007,SESS1226,0,"{""Q0"":[""material""]}",mud,category_organization
ROW32592,5537,survey-multi-select,18,167408,0,P0889,STUDY0007,SESS1226,0,"{""Q0"":[""none of these""]}",turtle,category_organization
ROW32593,6698,survey-multi-select,19,174108,0,P0889,STUDY0007,SESS1226,0,"{""Q0"":[""material""]}",dust,category_organization
ROW32594,6370,survey-multi-select,20,180480,0,P0889,STUDY0007,SESS1226,0,"{""Q0"":[""shape""]}",shirt,category_organization
ROW32595,3455,survey-multi-select,21,183936,0,P0889,STUDY0007,SESS1226,0,"{""Q0"":[""none of these""]}",monkey,category_organization
ROW32596,7556,survey-multi-select,22,191494,0,P0889,STUDY0007,SESS1226,0,"{""Q0"":[""shape""]}",police car,category_organization
ROW32597,6397,survey-multi-select,23,197892,0,P0889,STUDY0007,SESS1226,0,"{""Q0"":[""shape""]}",key,category_organization
ROW32598,7457,survey-multi-select,24,205350,0,P0889,STUDY0007,SESS1226,0,"{""Q0"":[""none of these""]}",banana,category_organization
ROW32599,8697,survey-multi-select,25,214048,0,P0889,STUDY0007,SESS1226,0,"{""Q0"":[""material""]}",grill (object),category_organization
ROW32600,3892,survey-multi-select,26,217941,0,P0889,STUDY0007,SESS1226,0,"{""Q0"":[""material""]}",iron (object),category_organization
ROW32601,2542,survey-multi-select,27,220484,0,P0889,STUDY0007,SESS1226,0,"{""Q0"":[""none of these""]}",lavender,category_organization
ROW32602,6553,survey-multi-select,28,227038,0,P0889,STUDY0007,SESS1226,0,"{""Q0"":[""shape"",""material""]}",shorts,category_organization
ROW32603,3064,survey-multi-select,29,230104,0,P0889,STUDY0007,SESS1226,0,"{""Q0"":[""none of these""]}",monkey,category_organization
ROW32604,5545,survey-multi-select,30,235650,0,P0889,STUDY0007,SESS1226,0,"{""Q0"":[""material""]}",meat,category_organization
ROW32605,10514,survey-multi-select,31,246165,0,P0889,STUDY0007,SESS1226,0,"{""Q0"":[""shape"",""material""]}",marker,category_organization
ROW32607,8891,survey-multi-select,33,258242,0,P0889,STUDY0007,SESS1226,0,"{""Q0"":[""shape"",""material""]}",tongue,category_organization
ROW32606,3183,survey-multi-select,32,249350,0,P0889,STUDY0007,SESS1226,0,"{""Q0"":[""material""]}",cookie,category_organization
ROW32608,3415,survey-multi-select,34,261658,0,P0889,STUDY0007,SESS1226,0,"{""Q0"":[""shape"",""material""]}",underpants,category_organization
ROW32609,2855,survey-multi-select,35,264514,0,P0889,STUDY0007,SESS1226,0,"{""Q0"":[""material""]}",vinegar,category_organization
ROW32610,4905,survey-multi-select,36,269420,0,P0889,STUDY0007,SESS1226,0,"{""Q0"":[""shape""]}",clam,category_organization
ROW32611,1661,html-button-response,37,271082,0,P0889,STUDY0007,SESS1226,0,0,,
ROW32612,4173,instructions,38,275255,0,P0889,STUDY0007,SESS1226,0,,,
ROW32613,3552,instructions,0,3556,0,P1906,STUDY0007,SESS1239,0,,,
ROW32614,26493,html-button-response,4,58537,0,P1906,STUDY0007,SESS1239,0,0,,
ROW32615,16083,html-button-response,3,32040,0,P1906,STUDY0007,SESS1239,0,0,,
ROW32616,5415,html-button-response,6,77794,0,P1906,STUDY0007,SESS1239,0,0,,
ROW32617,13837,html-button-response,5,72377,0,P1906,STUDY0007,SESS1239,0,0,,
ROW32618,6097,instructions,1,9656,0,P1906,STUDY0007,SESS1239,0,,,
ROW32619,6291,html-button-response,2,15953,0,P1906,STUDY0007,SESS1239,0,0,,
ROW32620,10439,survey-multi-select,7,88245,0,P1906,STUDY0007,SESS1239,0,"{""Q0"":[""shape""]}",square,practice_category
ROW32621,1486,html-button-response,8,89735,0,P1906,STUDY0007,SESS1239,0,0,,
ROW32622,6842,survey-multi-select,9,96585,0,P1906,STUDY0007,SESS1239,0,"{""Q0"":[""none of these""]}",happiness,practice_category
ROW32623,807,html-button-response,10,97394,0,P1906,STUDY0007,SESS1239,0,0,,
ROW32624,911,html-button-response,12,108236,0,P1906,STUDY0007,SESS1239,0,0,,
ROW32625,9920,survey-multi-select,11,107322,0,P1906,STUDY0007,SESS1239,0,"{""Q0"":[""none of these""]}",pottery,practice_category
ROW32626,6459,survey-multi-select,13,114702,0,P1906,STUDY0007,SESS1239,0,"{""Q0"":[""color""]}",red,practice_category
ROW32627,5178,html-button-response,15,121155,0,P1906,STUDY0007,SESS1239,0,0,,
ROW32628,7144,survey-multi-select,16,128307,0,P1906,STUDY0007,SESS1239,0,"{""Q0"":[""none of these""]}",picture,category_organization
ROW32629,1269,html-button-response,14,115974,0,P1906,STUDY0007,SESS1239,0,0,,
ROW32630,7179,survey-multi-select,17,135495,0,P1906,STUDY0007,SESS1239,0,"{""Q0"":[""none of these""]}",dumpling,category_organization
ROW32631,3540,survey-multi-select,18,139042,0,P1906,STUDY0007,SESS1239,0,"{""Q0"":[""none of these""]}",panda,category_organization
ROW32632,4096,survey-multi-select,19,143146,0,P1906,STUDY0007,SESS1239,0,"{""Q0"":[""none of these""]}",tuna,category_organization
ROW32633,3381,survey-multi-select,20,146533,0,P1906,STUDY0007,SESS1239,0,"{""Q0"":[""none of these""]}",head,category_organization
ROW32634,4353,survey-multi-select,21,150890,0,P1906,STUDY0007,SESS1239,0,"{""Q0"":[""none of these""]}",fountain,category_organization
ROW32635,2912,survey-multi-select,22,153810,0,P1906,STUDY0007,SESS1239,0,"{""Q0"":[""none of these""]}",hen,category_organization
ROW32636,2804,survey-multi-select,23,156622,0,P1906,STUDY0007,SESS1239,0,"{""Q0"":[""none of these""]}",sweater,category_organization
ROW32637,6408,survey-multi-select,24,163039,0,P1906,STUDY0007,SESS1239,0,"{""Q0"":[""material""]}",chalk,category_organization
ROW32638,3004,survey-multi-select,25,166050,0,P1906,STUDY0007,SESS1239,0,"{""Q0"":[""none of these""]}",school,category_organization
ROW32639,4446,survey-multi-select,26,170504,0,P1906,STUDY0007,SESS1239,0,"{""Q0"":[""color""]}",plum,category_organization
ROW32640,4068,survey-multi-select,27,174580,0,P1906,STUDY0007,SESS1239,0,"{""Q0"":[""none of these""]}",minibus,category_organization
ROW32641,2969,survey-multi-select,28,177556,0,P1906,STUDY0007,SESS1239,0,"{""Q0"":[""none of these""]}",floor,category_organization
ROW32642,3105,survey-multi-select,29,180668,0,P1906,STUDY0007,SESS1239,0,"{""Q0"":[""none of these""]}",plant,category_organization
ROW32643,3319,survey-multi-select,30,183994,0,P1906,STUDY0007,SESS1239,0,"{""Q0"":[""none of these""]}",lavender,category_organization
ROW32644,2626,survey-multi-select,32,191167,0,P1906,STUDY0007,SESS1239,0,"{""Q0"":[""none of these""]}",plaza,category_organization
ROW32645,4533,survey-multi-select,31,188534,0,P1906,STUDY0007,SESS1239,0,"{""Q0"":[""material""]}",rope,category_organization
ROW32646,2647,survey-multi-select,33,193822,0,P1906,STUDY0007,SESS1239,0,"{""Q0"":[""none of these""]}",fox,category_organization
ROW32647,4917,survey-multi-select,35,204157,0,P1906,STUDY0007,SESS1239,0,"{""Q0"":[""none of these""]}",shoe,category_organization
ROW32648,5404,survey-multi-select,34,199233,0,P1906,STUDY0007,SESS1239,0,"{""Q0"":[""material""]}",jeans,category_organization
ROW32649,1311,html-button-response,37,207868,0,P1906,STUDY0007,SESS1239,0,0,,
ROW32650,5530,instructions,38,213399,0,P1906,STUDY0007,SESS1239,0,,,
ROW32651,2390,survey-multi-select,36,206555,0,P1906,STUDY0007,SESS1239,0,"{""Q0"":[""none of these""]}",syrup,category_organization
ROW32652,4803,instructions,0,4804,0,P1841,STUDY0007,SESS1220,0,,,
ROW32653,20089,html-button-response,2,26416,0,P1841,STUDY0007,SESS1220,0,0,,
ROW32654,6180,html-button-response,6,90328,0,P1841,STUDY0007,SESS1220,0,0,,
ROW32655,1521,instructions,1,6326,0,P1841,STUDY0007,SESS1220,0,,,
ROW32657,5668,html-button-response,3,32085,0,P1841,STUDY0007,SESS1220,0,0,,
ROW32658,47636,html-button-response,4,79722,0,P1841,STUDY0007,SESS1220,0,0,,
ROW32656,4425,html-button-response,5,84147,0,P1841,STUDY0007,SESS1220,0,0,,
ROW32659,16252,survey-multi-select,7,106581,0,P1841,STUDY0007,SESS1220,0,"{""Q0"":[""color""]}",red,practice_category
ROW32660,4610,survey-multi-select,9,112239,0,P1841,STUDY0007,SESS1220,0,"{""Q0"":[""shape""]}",square,practice_category
ROW32661,738,html-button-response,12,124937,0,P1841,STUDY0007,SESS1220,0,0,,
ROW32662,1346,html-button-response,10,113586,0,P1841,STUDY0007,SESS1220,0,0,,
ROW32663,1047,html-button-response,8,107629,0,P1841,STUDY0007,SESS1220,0,0,,
ROW32664,10611,survey-multi-select,11,124198,0,P1841,STUDY0007,SESS1220,0,"{""Q0"":[""material""]}",pottery,practice_category
ROW32665,4928,survey-multi-select,13,129865,0,P1841,STUDY0007,SESS1220,0,"{""Q0"":[""none of these""]}",happiness,practice_category
ROW32666,17052,survey-multi-select,16,152125,0,P1841,STUDY0007,SESS1220,0,"{""Q0"":[""shape""]}",couch,category_organization
ROW32667,2393,survey-multi-select,18,163802,0,P1841,STUDY0007,SESS1220,0,"{""Q0"":[""none of these""]}",song,category_organization
ROW32668,9282,survey-multi-select,17,161407,0,P1841,STUDY0007,SESS1220,0,"{""Q0"":[""shape""]}",board game,category_organization
ROW32669,856,html-button-response,14,130722,0,P1841,STUDY0007,SESS1220,0,0,,
ROW32670,4350,html-button-response,15,135072,0,P1841,STUDY0007,SESS1220,0,0,,
ROW32671,9519,survey-multi-select,19,173322,0,P1841,STUDY0007,SESS1220,0,"{""Q0"":[""none of these""]}",tummy,category_organization
ROW32672,5380,survey-multi-select,20,178703,0,P1841,STUDY0007,SESS1220,0,"{""Q0"":[""none of these""]}",calf,category_organization
ROW32673,5257,survey-multi-select,21,183961,0,P1841,STUDY0007,SESS1220,0,"{""Q0"":[""shape"",""material""]}",raincoat,category_organization
ROW32674,7080,survey-multi-select,22,191042,0,P1841,STUDY0007,SESS1220,0,"{""Q0"":[""shape""]}",swing (object),category_organization
ROW32675,6142,survey-multi-select,24,203024,0,P1841,STUDY0007,SESS1220,0,"{""Q0"":[""shape"",""material""]}",mirror,category_organization
ROW32676,5838,survey-multi-select,23,196881,0,P1841,STUDY0007,SESS1220,0,"{""Q0"":[""none of these""]}",seagull,category_organization
ROW32677,1993,survey-multi-select,25,205018,0,P1841,STUDY0007,SESS1220,0,"{""Q0"":[""none of these""]}",lavender,category_organization
ROW32678,4294,survey-multi-select,26,209313,0,P1841,STUDY0007,SESS1220,0,"{""Q0"":[""none of these""]}",store,category_organization
ROW32679,3043,survey-multi-select,27,212357,0,P1841,STUDY0007,SESS1220,0,"{""Q0"":[""shape""]}",stroller,category_organization
ROW32680,6809,survey-multi-select,28,219167,0,P1841,STUDY0007,SESS1220,0,"{""Q0"":[""shape""]}",robot,category_organization
ROW32681,2086,survey-multi-select,29,221254,0,P1841,STUDY0007,SESS1220,0,"{""Q0"":[""none of these""]}",goal,category_organization
ROW32682,4787,survey-multi-select,30,226042,0,P1841,STUDY0007,SESS1220,0,"{""Q0"":[""shape"",""material""]}",toy (object),category_organization
ROW32683,2702,survey-multi-select,31,228745,0,P1841,STUDY0007,SESS1220,0,"{""Q0"":[""shape""]}",dragonfly,category_organization
ROW32684,2354,survey-multi-select,32,231100,0,P1841,STUDY0007,SESS1220,0,"{""Q0"":[""shape""]}",hand,category_organization
ROW32685,2126,survey-multi-select,36,248606,0,P1841,STUDY0007,SESS1220,0,"{""Q0"":[""shape""]}",monkey,category_organization
ROW32686,7994,survey-multi-select,33,239095,0,P1841,STUDY0007,SESS1220,0,"{""Q0"":[""none of these""]}",yard,category_organization
ROW32687,5028,survey-multi-select,34,244124,0,P1841,STUDY0007,SESS1220,0,"{""Q0"":[""material""]}",tape,category_organization
ROW32688,2354,survey-multi-select,35,246479,0,P1841,STUDY0007,SESS1220,0,"{""Q0"":[""shape""]}",snail,category_organization
ROW32689,971,html-button-response,37,249578,0,P1841,STUDY0007,SESS1220,0,0,,
ROW32690,1415,instructions,38,250993,0,P1841,STUDY0007,SESS1220,0,,,
ROW32691,2766,instructions,0,2769,0,P1312,STUDY0007,SESS1225,0,,,
ROW32692,25039,instructions,0,25043,0,P1589,STUDY0007,SESS1197,0,,,
ROW32693,6613,instructions,1,9382,0,P1312,STUDY0007,SESS1225,0,,,
ROW32695,4612,html-button-response,6,47836,0,P1312,STUDY0007,SESS1225,0,0,,
ROW32696,8818,html-button-response,3,29587,0,P1312,STUDY0007,SESS1225,0,0,,
ROW32697,9892,html-button-response,4,39480,0,P1312,STUDY0007,SESS1225,0,0,,
ROW32694,11384,html-button-response,2,20768,0,P1312,STUDY0007,SESS1225,0,0,,
ROW32698,3722,html-button-response,5,43223,0,P1312,STUDY0007,SESS1225,0,0,,
ROW32699,9855,survey-multi-select,7,57713,0,P1312,STUDY0007,SESS1225,0,"{""Q0"":[""material""]}",pottery,practice_category
ROW32700,2341,html-button-response,8,60074,0,P1312,STUDY0007,SESS1225,0,0,,
ROW32701,8091,survey-multi-select,11,76492,0,P1312,STUDY0007,SESS1225,0,"{""Q0"":[""color""]}",red,practice_category
ROW32702,4163,html-button-response,12,80656,0,P1312,STUDY0007,SESS1225,0,0,,
ROW32703,2698,html-button-response,10,68400,0,P1312,STUDY0007,SESS1225,0,0,,
ROW32704,5625,survey-multi-select,9,65701,0,P1312,STUDY0007,SESS1225,0,"{""Q0"":[""none of these""]}",happiness,practice_category
ROW32705,8187,survey-multi-select,13,88845,0,P1312,STUDY0007,SESS1225,0,"{""Q0"":[""shape""]}",square,practice_category
ROW32706,1627,html-button-response,14,90473,0,P1312,STUDY0007,SESS1225,0,0,,
ROW32707,6374,html-button-response,15,96848,0,P1312,STUDY0007,SESS1225,0,0,,
ROW32708,4971,survey-multi-select,17,112254,0,P1312,STUDY0007,SESS1225,0,"{""Q0"":[""material""]}",paper,category_organization
ROW32709,11135,survey-multi-select,18,123390,0,P1312,STUDY0007,SESS1225,0,"{""Q0"":[""shape""]}",pie,category_organization
ROW32710,10431,survey-multi-select,16,107281,0,P1312,STUDY0007,SESS1225,0,"{""Q0"":[""none of these""]}",fountain,category_organization
ROW32711,5541,survey-multi-select,19,128933,0,P1312,STUDY0007,SESS1225,0,"{""Q0"":[""none of these""]}",game,category_organization
ROW32712,9247,html-button-response,6,143218,0,P1589,STUDY0007,SESS1197,0,0,,
ROW32713,15119,survey-multi-select,20,144054,0,P1312,STUDY0007,SESS1225,0,"{""Q0"":[""shape""]}",peas,category_organization
ROW32714,4236,survey-multi-select,21,148292,0,P1312,STUDY0007,SESS1225,0,"{""Q0"":[""material""]}",palm,category_organization
ROW32715,3729,survey-multi-select,22,152024,0,P1312,STUDY0007,SESS1225,0,"{""Q0"":[""material""]}",beef,category_organization
ROW32716,9212,survey-multi-select,24,167790,0,P1312,STUDY0007,SESS1225,0,"{""Q0"":[""none of these""]}",pudding,category_organization
ROW32717,6549,survey-multi-select,23,158576,0,P1312,STUDY0007,SESS1225,0,"{""Q0"":[""material""]}",sea,category_organization
ROW32718,20719,html-button-response,2,65155,0,P1589,STUDY0007,SESS1197,0,0,,
ROW32719,43214,html-button-response,4,126914,0,P1589,STUDY0007,SESS1197,0,0,,
ROW32720,18541,html-button-response,3,83698,0,P1589,STUDY0007,SESS1197,0,0,,
ROW32721,7055,html-button-response,5,133970,0,P1589,STUDY0007,SESS1197,0,0,,
ROW32722,19390,instructions,1,44434,0,P1589,STUDY0007,SESS1197,0,,,
ROW32723,27433,survey-multi-select,25,195225,0,P1312,STUDY0007,SESS1225,0,"{""Q0"":[""material""]}",tooth,category_organization
ROW32724,6455,survey-multi-select,26,201682,0,P1312,STUDY0007,SESS1225,0,"{""Q0"":[""none of these""]}",voice recorder,category_organization
ROW32725,3944,survey-multi-select,28,211987,0,P1312,STUDY0007,SESS1225,0,"{""Q0"":[""none of these""]}",battery,category_organization
ROW32726,6357,survey-multi-select,27,208042,0,P1312,STUDY0007,SESS1225,0,"{""Q0"":[""none of these""]}",sparrow,category_organization
ROW32727,7892,survey-multi-select,30,226149,0,P1312,STUDY0007,SESS1225,0,"{""Q0"":[""shape""]}",bell,category_organization
ROW32728,6264,survey-multi-select,29,218254,0,P1312,STUDY0007,SESS1225,0,"{""Q0"":[""shape""]}",stool,category_organization
ROW32729,2900,survey-multi-select,31,229052,0,P1312,STUDY0007,SESS1225,0,"{""Q0"":[""shape""]}",spoon,category_organization
ROW32730,10179,survey-multi-select,32,239234,0,P1312,STUDY0007,SESS1225,0,"{""Q0"":[""none of these""]}",dog,category_organization
ROW32731,2943,survey-multi-select,33,242179,0,P1312,STUDY0007,SESS1225,0,"{""Q0"":[""none of these""]}",crab,category_organization
ROW32732,4461,survey-multi-select,34,246642,0,P1312,STUDY0007,SESS1225,0,"{""Q0"":[""none of these""]}",mosquito,category_organization
ROW32733,13361,survey-multi-select,35,260007,0,P1312,STUDY0007,SESS1225,0,"{""Q0"":[""material""]}",pickle,category_organization
ROW32734,1895,survey-multi-select,36,261904,0,P1312,STUDY0007,SESS1225,0,"{""Q0"":[""none of these""]}",lavender,category_organization
ROW32735,1120,html-button-response,37,263026,0,P1312,STUDY0007,SESS1225,0,0,,
ROW32736,1829,instructions,38,264857,0,P1312,STUDY0007,SESS1225,0,,,
ROW32737,9316,survey-multi-select,7,152539,0,P1589,STUDY0007,SESS1197,0,"{""Q0"":[""shape""]}",square,practice_category
ROW32738,10606,survey-multi-select,13,194690,0,P1589,STUDY0007,SESS1197,0,"{""Q0"":[""none of these""]}",happiness,practice_category
ROW32739,18069,survey-multi-select,19,244579,0,P1589,STUDY0007,SESS1197,0,"{""Q0"":[""material"",""none of these""]}",applesauce,category_organization
ROW32740,7137,html-button-response,15,202828,0,P1589,STUDY0007,SESS1197,0,0,,
ROW32741,998,html-button-response,14,195689,0,P1589,STUDY0007,SESS1197,0,0,,
ROW32742,4538,survey-multi-select,16,207370,0,P1589,STUDY0007,SESS1197,0,"{""Q0"":[""none of these""]}",lavender,category_organization
ROW32743,9342,survey-multi-select,18,226506,0,P1589,STUDY0007,SESS1197,0,"{""Q0"":[""material""]}",cabbage,category_organization
ROW32744,10277,survey-multi-select,20,254858,0,P1589,STUDY0007,SESS1197,0,"{""Q0"":[""none of these""]}",bug,category_organization
ROW32745,3446,survey-multi-select,25,295523,0,P1589,STUDY0007,SESS1197,0,"{""Q0"":[""material""]}",yogurt drink,category_organization
ROW32746,6060,survey-multi-select,30,317962,0,P1589,STUDY0007,SESS1197,0,"{""Q0"":[""shape"",""color""]}",umbrella,category_organization
ROW32747,9789,survey-multi-select,17,217161,0,P1589,STUDY0007,SESS1197,0,"{""Q0"":[""material""]}",jeep,category_organization
ROW32748,4727,survey-multi-select,28,307891,0,P1589,STUDY0007,SESS1197,0,"{""Q0"":[""none of these""]}",ankle,category_organization
ROW32749,2950,survey-multi-select,26,298474,0,P1589,STUDY0007,SESS1197,0,"{""Q0"":[""none of these""]}",bird,category_organization
ROW32750,4686,survey-multi-select,27,303162,0,P1589,STUDY0007,SESS1197,0,"{""Q0"":[""none of these""]}",vegetable,category_organization
ROW32751,3293,survey-multi-select,31,321258,0,P1589,STUDY0007,SESS1197,0,"{""Q0"":[""material""]}",pan,category_organization
ROW32752,4005,survey-multi-select,29,311899,0,P1589,STUDY0007,SESS1197,0,"{""Q0"":[""shape""]}",beads,category_organization
ROW32753,4829,survey-multi-select,35,339082,0,P1589,STUDY0007,SESS1197,0,"{""Q0"":[""shape"",""color"",""material""]}",slipper,category_organization
ROW32754,3359,instructions,38,349218,0,P1589,STUDY0007,SESS1197,0,,,
ROW32755,8017,instructions,0,8020,0,P0068,STUDY0007,SESS1232,0,,,
ROW32756,7230,instructions,1,15251,0,P0068,STUDY0007,SESS1232,0,,,
ROW32757,15865,html-button-response,2,31119,0,P0068,STUDY0007,SESS1232,0,0,,
ROW32758,5042,html-button-response,3,36169,0,P0068,STUDY0007,SESS1232,0,0,,
ROW32760,8330,html-button-response,4,44501,0,P0068,STUDY0007,SESS1232,0,0,,
ROW32759,8300,html-button-response,5,52803,0,P0068,STUDY0007,SESS1232,0,0,,
ROW32761,5080,html-button-response,6,57887,0,P0068,STUDY0007,SESS1232,0,0,,
ROW32762,5923,survey-multi-select,7,63821,0,P0068,STUDY0007,SESS1232,0,"{""Q0"":[""shape""]}",square,practice_category
ROW32763,1862,html-button-response,8,65685,0,P0068,STUDY0007,SESS1232,0,0,,
ROW32764,6066,survey-multi-select,9,71754,0,P0068,STUDY0007,SESS1232,0,"{""Q0"":[""none of these""]}",happiness,practice_category
ROW32765,9465,survey-multi-select,11,83488,0,P0068,STUDY0007,SESS1232,0,"{""Q0"":[""shape"",""material""]}",pottery,practice_category
ROW32766,2264,html-button-response,10,74020,0,P0068,STUDY0007,SESS1232,0,0,,
ROW32767,9149,html-button-response,12,92640,0,P0068,STUDY0007,SESS1232,0,0,,
ROW32768,7911,survey-multi-select,13,100556,0,P0068,STUDY0007,SESS1232,0,"{""Q0"":[""shape"",""color""]}",red,practice_category
ROW32769,3746,html-button-response,14,104305,0,P0068,STUDY0007,SESS1232,0,0,,
ROW32770,3129,html-button-response,15,107438,0,P0068,STUDY0007,SESS1232,0,0,,
ROW32771,15611,survey-multi-select,16,123055,0,P0068,STUDY0007,SESS1232,0,"{""Q0"":[""shape""]}",road,category_organization
ROW32772,5312,survey-multi-select,17,128371,0,P0068,STUDY0007,SESS1232,0,"{""Q0"":[""none of these""]}",floor,category_organization
ROW32773,9449,survey-multi-select,18,137822,0,P0068,STUDY0007,SESS1232,0,"{""Q0"":[""shape""]}",dish,category_organization
ROW32774,5197,survey-multi-select,19,143022,0,P0068,STUDY0007,SESS1232,0,"{""Q0"":[""shape""]}",corridor,category_organization
ROW32776,4047,survey-multi-select,21,154690,0,P0068,STUDY0007,SESS1232,0,"{""Q0"":[""shape""]}",bat,category_organization
ROW32775,7613,survey-multi-select,20,150640,0,P0068,STUDY0007,SESS1232,0,"{""Q0"":[""shape""]}",chick,category_organization
ROW32777,5913,survey-multi-select,22,160607,0,P0068,STUDY0007,SESS1232,0,"{""Q0"":[""shape""]}",cup,category_organization
ROW32778,3397,survey-multi-select,24,171424,0,P0068,STUDY0007,SESS1232,0,"{""Q0"":[""none of these""]}",lavender,category_organization
ROW32779,7413,survey-multi-select,23,168023,0,P0068,STUDY0007,SESS1232,0,"{""Q0"":[""shape""]}",calf,category_organization
ROW32780,5146,survey-multi-select,25,176574,0,P0068,STUDY0007,SESS1232,0,"{""Q0"":[""material""]}",sticker,category_organization
ROW32781,4447,survey-multi-select,26,181024,0,P0068,STUDY0007,SESS1232,0,"{""Q0"":[""none of these""]}",squirrel,category_organization
ROW32782,11813,survey-multi-select,27,192841,0,P0068,STUDY0007,SESS1232,0,"{""Q0"":[""none of these""]}",lake,category_organization
ROW32783,10946,survey-multi-select,28,203791,0,P0068,STUDY0007,SESS1232,0,"{""Q0"":[""shape"",""material""]}",ear,category_organization
ROW32784,4663,survey-multi-select,29,208456,0,P0068,STUDY0007,SESS1232,0,"{""Q0"":[""material""]}",juice,category_organization
ROW32785,3999,survey-multi-select,30,212457,0,P0068,STUDY0007,SESS1232,0,"{""Q0"":[""shape""]}",scarf,category_organization
ROW32786,3533,survey-multi-select,31,215992,0,P0068,STUDY0007,SESS1232,0,"{""Q0"":[""shape""]}",sink,category_organization
ROW32787,6446,survey-multi-select,32,222441,0,P0068,STUDY0007,SESS1232,0,"{""Q0"":[""none of these""]}",fox,category_organization
ROW32788,8231,survey-multi-select,33,230675,0,P0068,STUDY0007,SESS1232,0,"{""Q0"":[""none of these""]}",puppet,category_organization
ROW32789,10614,survey-multi-select,35,248510,0,P0068,STUDY0007,SESS1232,0,"{""Q0"":[""none of these""]}",furniture,category_organization
ROW32790,7214,survey-multi-select,34,237892,0,P0068,STUDY0007,SESS1232,0,"{""Q0"":[""none of these""]}",palm,category_organization
ROW32791,7131,survey-multi-select,36,255643,0,P0068,STUDY0007,SESS1232,0,"{""Q0"":[""shape""]}",belly button,category_organization
ROW32792,1380,html-button-response,37,257209,0,P0068,STUDY0007,SESS1232,0,0,,
ROW32793,3283,instructions,38,260493,0,P0068,STUDY0007,SESS1232,0,,,
ROW32794,3579,instructions,0,3580,0,P0376,STUDY0007,SESS1250,0,,,
ROW32795,3946,instructions,0,3947,0,P1494,STUDY0007,SESS1213,0,,,
ROW32796,2895,instructions,1,6843,0,P1494,STUDY0007,SESS1213,0,,,
ROW32797,217199,html-button-response,2,224043,0,P1494,STUDY0007,SESS1213,0,0,,
ROW32798,7607,html-button-response,3,231651,0,P1494,STUDY0007,SESS1213,0,0,,
ROW32799,3623,html-button-response,6,255819,0,P1494,STUDY0007,SESS1213,0,0,,
ROW32800,18064,html-button-response,4,249715,0,P1494,STUDY0007,SESS1213,0,0,,
ROW32801,2479,html-button-response,5,252195,0,P1494,STUDY0007,SESS1213,0,0,,
ROW32802,6415,survey-multi-select,7,262235,0,P1494,STUDY0007,SESS1213,0,"{""Q0"":[""color""]}",red,practice_category
ROW32803,2047,html-button-response,8,264283,0,P1494,STUDY0007,SESS1213,0,0,,
ROW32804,6223,survey-multi-select,9,270507,0,P1494,STUDY0007,SESS1213,0,"{""Q0"":[""none of these""]}",happiness,practice_category
ROW32805,1167,html-button-response,10,271675,0,P1494,STUDY0007,SESS1213,0,0,,
ROW32806,3143,survey-multi-select,11,274819,0,P1494,STUDY0007,SESS1213,0,"{""Q0"":[""shape""]}",square,practice_category
ROW32807,1351,html-button-response,12,276171,0,P1494,STUDY0007,SESS1213,0,0,,
ROW32808,2423,html-button-response,14,285467,0,P1494,STUDY0007,SESS1213,0,0,,
ROW32809,6871,survey-multi-select,13,283043,0,P1494,STUDY0007,SESS1213,0,"{""Q0"":[""none of these""]}",pottery,practice_category
ROW32810,5815,survey-multi-select,16,293747,0,P1494,STUDY0007,SESS1213,0,"{""Q0"":[""material""]}",birch,category_organization
ROW32811,2464,html-button-response,15,287931,0,P1494,STUDY0007,SESS1213,0,0,,
ROW32812,3839,survey-multi-select,17,297587,0,P1494,STUDY0007,SESS1213,0,"{""Q0"":[""none of these""]}",alphabet,category_organization
ROW32813,4943,survey-multi-select,18,302531,0,P1494,STUDY0007,SESS1213,0,"{""Q0"":[""none of these""]}",dinosaur,category_organization
ROW32814,3391,survey-multi-select,19,305923,0,P1494,STUDY0007,SESS1213,0,"{""Q0"":[""material""]}",steak,category_organization
ROW32815,4111,survey-multi-select,20,310035,0,P1494,STUDY0007,SESS1213,0,"{""Q0"":[""shape""]}",spade,category_organization
ROW32816,5775,survey-multi-select,21,315811,0,P1494,STUDY0007,SESS1213,0,"{""Q0"":[""none of these""]}",lighter,category_organization
ROW32817,3255,survey-multi-select,24,325491,0,P1494,STUDY0007,SESS1213,0,"{""Q0"":[""none of these""]}",bed,category_organization
ROW32818,4087,survey-multi-select,22,319899,0,P1494,STUDY0007,SESS1213,0,"{""Q0"":[""none of these""]}",turtle,category_organization
ROW32819,2335,survey-multi-select,23,322235,0,P1494,STUDY0007,SESS1213,0,"{""Q0"":[""none of these""]}",country,category_organization
ROW32820,3543,survey-multi-select,25,329035,0,P1494,STUDY0007,SESS1213,0,"{""Q0"":[""material""]}",jelly,category_organization
ROW32821,6935,survey-multi-select,26,335971,0,P1494,STUDY0007,SESS1213,0,"{""Q0"":[""shape""]}",cap,category_organization
ROW32822,10079,survey-multi-select,27,346051,0,P1494,STUDY0007,SESS1213,0,"{""Q0"":[""shape""]}",sneaker,category_organization
ROW32823,4471,survey-multi-select,30,354867,0,P1494,STUDY0007,SESS1213,0,"{""Q0"":[""none of these""]}",taxi,category_organization
ROW32824,2311,survey-multi-select,28,348363,0,P1494,STUDY0007,SESS1213,0,"{""Q0"":[""material""]}",ice,category_organization
ROW32825,2031,survey-multi-select,29,350395,0,P1494,STUDY0007,SESS1213,0,"{""Q0"":[""none of these""]}",alphabet,category_organization
ROW32826,3047,survey-multi-select,31,357915,0,P1494,STUDY0007,SESS1213,0,"{""Q0"":[""shape""]}",toe,category_organization
ROW32827,3231,survey-multi-select,32,361147,0,P1494,STUDY0007,SESS1213,0,"{""Q0"":[""material""]}",plantain,category_organization
ROW32828,2079,survey-multi-select,33,363227,0,P1494,STUDY0007,SESS1213,0,"{""Q0"":[""none of these""]}",lavender,category_organization
ROW32829,5024,survey-multi-select,35,371139,0,P1494,STUDY0007,SESS1213,0,"{""Q0"":[""none of these""]}",bench,category_organization
ROW32830,2887,survey-multi-select,34,366114,0,P1494,STUDY0007,SESS1213,0,"{""Q0"":[""none of these""]}",slipper,category_organization
ROW32831,2295,survey-multi-select,36,373435,0,P1494,STUDY0007,SESS1213,0,"{""Q0"":[""material""]}",milk,category_organization
ROW32832,1343,html-button-response,37,374779,0,P1494,STUDY0007,SESS1213,0,0,,
ROW32833,3296,instructions,38,378075,0,P1494,STUDY0007,SESS1213,0,,,
ROW32834,3429,instructions,0,3430,0,P1735,STUDY0007,SESS1227,0,,,
ROW32835,8385,instructions,1,11815,0,P1735,STUDY0007,SESS1227,0,,,
ROW32836,5114,html-button-response,3,32439,0,P1735,STUDY0007,SESS1227,0,0,,
ROW32837,15509,html-button-response,2,27325,0,P1735,STUDY0007,SESS1227,0,0,,
ROW32838,30400,html-button-response,6,80673,0,P1735,STUDY0007,SESS1227,0,0,,
ROW32839,3874,html-button-response,5,50273,0,P1735,STUDY0007,SESS1227,0,0,,
ROW32840,13958,html-button-response,4,46398,0,P1735,STUDY0007,SESS1227,0,0,,
ROW32841,8161,survey-multi-select,7,88835,0,P1735,STUDY0007,SESS1227,0,"{""Q0"":[""shape""]}",square,practice_category
ROW32842,2264,html-button-response,8,91099,0,P1735,STUDY0007,SESS1227,0,0,,
ROW32843,14201,survey-multi-select,9,105302,0,P1735,STUDY0007,SESS1227,0,"{""Q0"":[""shape"",""material""]}",pottery,practice_category
ROW32844,9885,survey-multi-select,11,122037,0,P1735,STUDY0007,SESS1227,0,"{""Q0"":[""color""]}",red,practice_category
ROW32845,6848,html-button-response,10,112150,0,P1735,STUDY0007,SESS1227,0,0,,
ROW32846,6844,html-button-response,12,128881,0,P1735,STUDY0007,SESS1227,0,0,,
ROW32847,8348,survey-multi-select,13,137230,0,P1735,STUDY0007,SESS1227,0,"{""Q0"":[""none of these""]}",happiness,practice_category
ROW32848,1181,html-button-response,14,138412,0,P1735,STUDY0007,SESS1227,0,0,,
ROW32849,6345,html-button-response,15,144758,0,P1735,STUDY0007,SESS1227,0,0,,
ROW32850,9634,survey-multi-select,16,154393,0,P1735,STUDY0007,SESS1227,0,"{""Q0"":[""shape""]}",mug,category_organization
ROW32851,14100,survey-multi-select,17,168494,0,P1735,STUDY0007,SESS1227,0,"{""Q0"":[""none of these""]}",room,category_organization
ROW32852,9196,survey-multi-select,18,177691,0,P1735,STUDY0007,SESS1227,0,"{""Q0"":[""color""]}",panda,category_organization
ROW32853,26092,survey-multi-select,19,203783,0,P1735,STUDY0007,SESS1227,0,"{""Q0"":[""none of these""]}",owie,category_organization
ROW32854,8705,survey-multi-select,20,212490,0,P1735,STUDY0007,SESS1227,0,"{""Q0"":[""material""]}",locomotive,category_organization
ROW32855,7883,survey-multi-select,23,237361,0,P1735,STUDY0007,SESS1227,0,"{""Q0"":[""shape"",""color""]}",taxi,category_organization
ROW32856,8687,survey-multi-select,22,229477,0,P1735,STUDY0007,SESS1227,0,"{""Q0"":[""shape""]}",fish (food),category_organization
ROW32857,8299,survey-multi-select,21,220789,0,P1735,STUDY0007,SESS1227,0,"{""Q0"":[""none of these""]}",lavender,category_organization
ROW32858,8386,survey-multi-select,24,245748,0,P1735,STUDY0007,SESS1227,0,"{""Q0"":[""shape"",""material""]}",overalls,category_organization
ROW32859,10259,survey-multi-select,26,263936,0,P1735,STUDY0007,SESS1227,0,"{""Q0"":[""shape"",""color""]}",ant,category_organization
ROW32860,7927,survey-multi-select,25,253676,0,P1735,STUDY0007,SESS1227,0,"{""Q0"":[""shape""]}",hippopotamus,category_organization
ROW32861,5707,survey-multi-select,28,275620,0,P1735,STUDY0007,SESS1227,0,"{""Q0"":[""shape"",""color""]}",screwdriver,category_organization
ROW32862,8739,survey-multi-select,29,284359,0,P1735,STUDY0007,SESS1227,0,"{""Q0"":[""shape"",""color""]}",olive,category_organization
ROW32863,5975,survey-multi-select,27,269912,0,P1735,STUDY0007,SESS1227,0,"{""Q0"":[""shape"",""color"",""material""]}",couch,category_organization
ROW32864,4263,survey-multi-select,30,288623,0,P1735,STUDY0007,SESS1227,0,"{""Q0"":[""none of these""]}",digger,category_organization
ROW32865,5690,survey-multi-select,31,294314,0,P1735,STUDY0007,SESS1227,0,"{""Q0"":[""shape"",""color""]}",grapes,category_organization
ROW32866,4590,survey-multi-select,32,298905,0,P1735,STUDY0007,SESS1227,0,"{""Q0"":[""shape"",""color""]}",ox,category_organization
ROW32867,6029,survey-multi-select,33,304934,0,P1735,STUDY0007,SESS1227,0,"{""Q0"":[""shape""]}",cradle,category_organization
ROW32868,7531,survey-multi-select,34,312466,0,P1735,STUDY0007,SESS1227,0,"{""Q0"":[""shape""]}",clock,category_organization
ROW32869,1144,html-button-response,37,322269,0,P1735,STUDY0007,SESS1227,0,0,,
ROW32871,3601,survey-multi-select,36,321125,0,P1735,STUDY0007,SESS1227,0,"{""Q0"":[""shape""]}",ox,category_organization
ROW32870,5056,survey-multi-select,35,317523,0,P1735,STUDY0007,SESS1227,0,"{""Q0"":[""shape""]}",mosquito,category_organization
ROW32872,1820,instructions,38,324090,0,P1735,STUDY0007,SESS1227,0,,,
ROW32873,16397,instructions,0,16408,0,P1782,STUDY0007,SESS1205,0,,,
ROW32874,9537,html-button-response,4,43805,0,P1782,STUDY0007,SESS1205,0,0,,
ROW32875,6027,html-button-response,2,29283,0,P1782,STUDY0007,SESS1205,0,0,,
ROW32876,5238,html-button-response,6,57163,0,P1782,STUDY0007,SESS1205,0,0,,
ROW32877,4974,html-button-response,3,34264,0,P1782,STUDY0007,SESS1205,0,0,,
ROW32878,6835,instructions,1,23247,0,P1782,STUDY0007,SESS1205,0,,,
ROW32879,8114,html-button-response,5,51922,0,P1782,STUDY0007,SESS1205,0,0,,
ROW32880,6455,survey-multi-select,7,63631,0,P1782,STUDY0007,SESS1205,0,"{""Q0"":[""material""]}",pottery,practice_category
ROW32882,9225,survey-multi-select,11,81370,0,P1782,STUDY0007,SESS1205,0,"{""Q0"":[""none of these""]}",red,practice_category
ROW32884,3747,html-button-response,12,85121,0,P1782,STUDY0007,SESS1205,0,0,,
ROW32885,2002,html-button-response,8,65639,0,P1782,STUDY0007,SESS1205,0,0,,
ROW32881,4965,survey-multi-select,9,70614,0,P1782,STUDY0007,SESS1205,0,"{""Q0"":[""none of these""]}",happiness,practice_category
ROW32883,1517,html-button-response,10,72135,0,P1782,STUDY0007,SESS1205,0,0,,
ROW32886,2136,html-button-response,14,90118,0,P1782,STUDY0007,SESS1205,0,0,,
ROW32888,2961,survey-multi-select,17,99535,0,P1782,STUDY0007,SESS1205,0,"{""Q0"":[""shape""]}",bracelet,category_organization
ROW32887,2851,survey-multi-select,13,87979,0,P1782,STUDY0007,SESS1205,0,"{""Q0"":[""shape""]}",square,practice_category
ROW32889,2638,survey-multi-select,18,102181,0,P1782,STUDY0007,SESS1205,0,"{""Q0"":[""none of these""]}",gorilla,category_organization
ROW32890,2591,html-button-response,15,92714,0,P1782,STUDY0007,SESS1205,0,0,,
ROW32891,3840,survey-multi-select,16,96565,0,P1782,STUDY0007,SESS1205,0,"{""Q0"":[""material""]}",sticker,category_organization
ROW32892,4393,survey-multi-select,21,111568,0,P1782,STUDY0007,SESS1205,0,"{""Q0"":[""material""]}",jeans,category_organization
ROW32893,2871,survey-multi-select,24,128104,0,P1782,STUDY0007,SESS1205,0,"{""Q0"":[""material""]}",soup,category_organization
ROW32894,6085,survey-multi-select,22,117661,0,P1782,STUDY0007,SESS1205,0,"{""Q0"":[""none of these""]}",coffee table,category_organization
ROW32895,2568,survey-multi-select,19,104756,0,P1782,STUDY0007,SESS1205,0,"{""Q0"":[""none of these""]}",puppy,category_organization
ROW32896,2404,survey-multi-select,20,107168,0,P1782,STUDY0007,SESS1205,0,"{""Q0"":[""none of these""]}",panther,category_organization
ROW32897,7554,survey-multi-select,23,125225,0,P1782,STUDY0007,SESS1205,0,"{""Q0"":[""shape""]}",knife,category_organization
ROW32898,2679,survey-multi-select,25,130790,0,P1782,STUDY0007,SESS1205,0,"{""Q0"":[""none of these""]}",time,category_organization
ROW32899,2883,survey-multi-select,28,142441,0,P1782,STUDY0007,SESS1205,0,"{""Q0"":[""none of these""]}",lavender,category_organization
ROW32900,5964,survey-multi-select,26,136764,0,P1782,STUDY0007,SESS1205,0,"{""Q0"":[""none of these""]}",tooth,category_organization
ROW32901,2779,survey-multi-select,27,139551,0,P1782,STUDY0007,SESS1205,0,"{""Q0"":[""material""]}",jello,category_organization
ROW32902,4110,survey-multi-select,29,146561,0,P1782,STUDY0007,SESS1205,0,"{""Q0"":[""material""]}",moon,category_organization
ROW32903,4510,survey-multi-select,30,151080,0,P1782,STUDY0007,SESS1205,0,"{""Q0"":[""material""]}",tape,category_organization
ROW32904,6788,survey-multi-select,34,173520,0,P1782,STUDY0007,SESS1205,0,"{""Q0"":[""none of these""]}",shed,category_organization
ROW32905,7952,survey-multi-select,36,185178,0,P1782,STUDY0007,SESS1205,0,"{""Q0"":[""material""]}",swimsuit,category_organization
ROW32906,3237,survey-multi-select,31,154324,0,P1782,STUDY0007,SESS1205,0,"{""Q0"":[""material""]}",snow,category_organization
ROW32907,8728,survey-multi-select,33,166726,0,P1782,STUDY0007,SESS1205,0,"{""Q0"":[""none of these""]}",bidet,category_organization
ROW32908,3690,survey-multi-select,35,177218,0,P1782,STUDY0007,SESS1205,0,"{""Q0"":[""material""]}",newspaper,category_organization
ROW32909,3653,survey-multi-select,32,157985,0,P1782,STUDY0007,SESS1205,0,"{""Q0"":[""none of these""]}",school,category_organization
ROW32910,1104,html-button-response,37,186285,0,P1782,STUDY0007,SESS1205,0,0,,
ROW32911,3886,instructions,38,190174,0,P1782,STUDY0007,SESS1205,0,,,
ROW32912,4111,instructions,0,4118,0,P0671,STUDY0007,SESS1248,0,,,
ROW32913,12123,html-button-response,2,19848,0,P0671,STUDY0007,SESS1248,0,0,,
ROW32914,3597,instructions,1,7719,0,P0671,STUDY0007,SESS1248,0,,,
ROW32915,7432,html-button-response,3,27283,0,P0671,STUDY0007,SESS1248,0,0,,
ROW32916,12206,html-button-response,4,39495,0,P0671,STUDY0007,SESS1248,0,0,,
ROW32917,5877,html-button-response,5,45376,0,P0671,STUDY0007,SESS1248,0,0,,
ROW32918,10489,survey-multi-select,7,60846,0,P0671,STUDY0007,SESS1248,0,"{""Q0"":[""none of these""]}",happiness,practice_category
ROW32919,2034,html-button-response,8,62886,0,P0671,STUDY0007,SESS1248,0,0,,
ROW32920,4966,html-button-response,6,50346,0,P0671,STUDY0007,SESS1248,0,0,,
ROW32921,13605,survey-multi-select,9,76500,0,P0671,STUDY0007,SESS1248,0,"{""Q0"":[""shape"",""color""]}",red,practice_category
ROW32922,9596,survey-multi-select,11,95797,0,P0671,STUDY0007,SESS1248,0,"{""Q0"":[""shape""]}",square,practice_category
ROW32923,9690,html-button-response,10,86193,0,P0671,STUDY0007,SESS1248,0,0,,
ROW32924,1397,html-button-response,12,97198,0,P0671,STUDY0007,SESS1248,0,0,,
ROW32925,8646,survey-multi-select,13,105852,0,P0671,STUDY0007,SESS1248,0,"{""Q0"":[""material""]}",pottery,practice_category
ROW32926,1373,html-button-response,14,107230,0,P0671,STUDY0007,SESS1248,0,0,,
ROW32927,4692,html-button-response,15,111927,0,P0671,STUDY0007,SESS1248,0,0,,
ROW32928,8284,survey-multi-select,16,120218,0,P0671,STUDY0007,SESS1248,0,"{""Q0"":[""none of these""]}",store,category_organization
ROW32929,5446,survey-multi-select,17,125672,0,P0671,STUDY0007,SESS1248,0,"{""Q0"":[""material""]}",tissue,category_organization
ROW32930,5969,survey-multi-select,18,131649,0,P0671,STUDY0007,SESS1248,0,"{""Q0"":[""none of these""]}",remote control,category_organization
ROW32931,4944,survey-multi-select,19,136600,0,P0671,STUDY0007,SESS1248,0,"{""Q0"":[""material""]}",pepper,category_organization
ROW32932,6572,survey-multi-select,21,149584,0,P0671,STUDY0007,SESS1248,0,"{""Q0"":[""none of these""]}",nugget,category_organization
ROW32933,6396,survey-multi-select,20,143005,0,P0671,STUDY0007,SESS1248,0,"{""Q0"":[""none of these""]}",robot,category_organization
ROW32934,8383,survey-multi-select,23,163923,0,P0671,STUDY0007,SESS1248,0,"{""Q0"":[""material""]}",chili,category_organization
ROW32935,5938,survey-multi-select,22,155533,0,P0671,STUDY0007,SESS1248,0,"{""Q0"":[""material""]}",chicken (food),category_organization
ROW32936,3183,survey-multi-select,24,167115,0,P0671,STUDY0007,SESS1248,0,"{""Q0"":[""material""]}",tuna,category_organization
ROW32937,5616,survey-multi-select,25,172738,0,P0671,STUDY0007,SESS1248,0,"{""Q0"":[""material""]}",banana,category_organization
ROW32938,10273,survey-multi-select,26,183019,0,P0671,STUDY0007,SESS1248,0,"{""Q0"":[""material""]}",crane,category_organization
ROW32939,7902,survey-multi-select,27,190928,0,P0671,STUDY0007,SESS1248,0,"{""Q0"":[""none of these""]}",bag,category_organization
ROW32940,11217,survey-multi-select,28,202153,0,P0671,STUDY0007,SESS1248,0,"{""Q0"":[""none of these""]}",pillow,category_organization
ROW32941,2982,survey-multi-select,29,205142,0,P0671,STUDY0007,SESS1248,0,"{""Q0"":[""material""]}",pumpkin,category_organization
ROW32942,6898,survey-multi-select,30,212048,0,P0671,STUDY0007,SESS1248,0,"{""Q0"":[""none of these""]}",battery,category_organization
ROW32943,9306,survey-multi-select,31,221361,0,P0671,STUDY0007,SESS1248,0,"{""Q0"":[""shape""]}",glove,category_organization
ROW32944,6054,survey-multi-select,32,227423,0,P0671,STUDY0007,SESS1248,0,"{""Q0"":[""none of these""]}",throat,category_organization
ROW32945,12419,instructions,0,12429,0,P0289,STUDY0007,SESS1240,0,,,
ROW32946,2681,survey-multi-select,33,230112,0,P0671,STUDY0007,SESS1248,0,"{""Q0"":[""none of these""]}",lavender,category_organization
ROW32947,3306,survey-multi-select,34,233426,0,P0671,STUDY0007,SESS1248,0,"{""Q0"":[""material""]}",tea,category_organization
ROW32948,7810,survey-multi-select,35,241244,0,P0671,STUDY0007,SESS1248,0,"{""Q0"":[""none of these""]}",rocking chair,category_organization
ROW32949,5357,instructions,1,17788,0,P0289,STUDY0007,SESS1240,0,,,
ROW32950,12255,html-button-response,2,30046,0,P0289,STUDY0007,SESS1240,0,0,,
ROW32951,5708,survey-multi-select,36,246960,0,P0671,STUDY0007,SESS1248,0,"{""Q0"":[""none of these""]}",park,category_organization
ROW32952,1895,html-button-response,37,248858,0,P0671,STUDY0007,SESS1248,0,0,,
ROW32953,6100,html-button-response,3,36149,0,P0289,STUDY0007,SESS1240,0,0,,
ROW32954,18413,html-button-response,4,54564,0,P0289,STUDY0007,SESS1240,0,0,,
ROW32955,4375,html-button-response,5,58941,0,P0289,STUDY0007,SESS1240,0,0,,
ROW32956,4821,html-button-response,6,63764,0,P0289,STUDY0007,SESS1240,0,0,,
ROW32957,9595,survey-multi-select,7,73365,0,P0289,STUDY0007,SESS1240,0,"{""Q0"":[""color""]}",red,practice_category
ROW32958,2931,html-button-response,8,76300,0,P0289,STUDY0007,SESS1240,0,0,,
ROW32959,5556,instructions,38,254416,0,P0671,STUDY0007,SESS1248,0,,,
ROW32960,9188,survey-multi-select,9,85492,0,P0289,STUDY0007,SESS1240,0,"{""Q0"":[""material""]}",pottery,practice_category
ROW32961,5566,html-button-response,10,91061,0,P0289,STUDY0007,SESS1240,0,0,,
ROW32962,7376,survey-multi-select,11,98444,0,P0289,STUDY0007,SESS1240,0,"{""Q0"":[""none of these""]}",happiness,practice_category
ROW32963,1749,html-button-response,12,100196,0,P0289,STUDY0007,SESS1240,0,0,,
ROW32964,4428,survey-multi-select,13,104629,0,P0289,STUDY0007,SESS1240,0,"{""Q0"":[""shape""]}",square,practice_category
ROW32965,1604,html-button-response,14,106235,0,P0289,STUDY0007,SESS1240,0,0,,
ROW32966,4767,html-button-response,15,111004,0,P0289,STUDY0007,SESS1240,0,0,,
ROW32967,5819,survey-multi-select,16,116828,0,P0289,STUDY0007,SESS1240,0,"{""Q0"":[""material""]}",bush,category_organization
ROW32968,5461,survey-multi-select,17,122293,0,P0289,STUDY0007,SESS1240,0,"{""Q0"":[""material""]}",play dough,category_organization
ROW32969,7744,survey-multi-select,18,130044,0,P0289,STUDY0007,SESS1240,0,"{""Q0"":[""none of these""]}",fly (animal),category_organization
ROW32970,7020,survey-multi-select,19,137068,0,P0289,STUDY0007,SESS1240,0,"{""Q0"":[""none of these""]}",country,category_organization
ROW32971,6228,survey-multi-select,20,143300,0,P0289,STUDY0007,SESS1240,0,"{""Q0"":[""material""]}",nail (body part),category_organization
ROW32972,6828,survey-multi-select,21,150132,0,P0289,STUDY0007,SESS1240,0,"{""Q0"":[""color""]}",orange,category_organization
ROW32973,3387,survey-multi-select,23,159508,0,P0289,STUDY0007,SESS1240,0,"{""Q0"":[""material""]}",snowsuit,category_organization
ROW32974,5980,survey-multi-select,22,156117,0,P0289,STUDY0007,SESS1240,0,"{""Q0"":[""none of these""]}",clown,category_organization
ROW32975,12676,survey-multi-select,24,172188,0,P0289,STUDY0007,SESS1240,0,"{""Q0"":[""shape""]}",hair clip,category_organization
ROW32977,4475,survey-multi-select,26,180507,0,P0289,STUDY0007,SESS1240,0,"{""Q0"":[""none of these""]}",piano,category_organization
ROW32976,3836,survey-multi-select,25,176029,0,P0289,STUDY0007,SESS1240,0,"{""Q0"":[""none of these""]}",living room,category_organization
ROW32978,4092,survey-multi-select,27,184604,0,P0289,STUDY0007,SESS1240,0,"{""Q0"":[""material""]}",water (not beverage),category_organization
ROW32979,11948,survey-multi-select,28,196556,0,P0289,STUDY0007,SESS1240,0,"{""Q0"":[""color"",""material""]}",banana,category_organization
ROW32980,2468,survey-multi-select,29,199027,0,P0289,STUDY0007,SESS1240,0,"{""Q0"":[""none of these""]}",lavender,category_organization
ROW32981,5484,survey-multi-select,30,204516,0,P0289,STUDY0007,SESS1240,0,"{""Q0"":[""material""]}",peanut,category_organization
ROW32982,3636,survey-multi-select,32,213772,0,P0289,STUDY0007,SESS1240,0,"{""Q0"":[""color"",""material""]}",spinach,category_organization
ROW32983,5611,survey-multi-select,31,210132,0,P0289,STUDY0007,SESS1240,0,"{""Q0"":[""color"",""material""]}",lemon,category_organization
ROW32984,4956,survey-multi-select,33,218732,0,P0289,STUDY0007,SESS1240,0,"{""Q0"":[""shape"",""material""]}",pine cone,category_organization
ROW32985,4028,survey-multi-select,34,222764,0,P0289,STUDY0007,SESS1240,0,"{""Q0"":[""material""]}",notebook,category_organization
ROW32986,4595,survey-multi-select,36,230853,0,P0289,STUDY0007,SESS1240,0,"{""Q0"":[""none of these""]}",bat (animal),category_organization
ROW32987,3366,instructions,38,235540,0,P0289,STUDY0007,SESS1240,0,,,
ROW32988,3484,survey-multi-select,35,226252,0,P0289,STUDY0007,SESS1240,0,"{""Q0"":[""shape""]}",bracelet,category_organization
ROW32989,1317,html-button-response,37,232173,0,P0289,STUDY0007,SESS1240,0,0,,
ROW32990,2356,instructions,0,2357,0,P0506,STUDY0007,SESS1258,0,,,
ROW32991,2870,html-button-response,5,31383,0,P0506,STUDY0007,SESS1258,0,0,,
ROW32992,831,html-button-response,2,4224,0,P0506,STUDY0007,SESS1258,0,0,,
ROW32993,1034,instructions,1,3392,0,P0506,STUDY0007,SESS1258,0,,,
ROW32994,13001,html-button-response,4,28512,0,P0506,STUDY0007,SESS1258,0,0,,
ROW32995,11284,html-button-response,3,15509,0,P0506,STUDY0007,SESS1258,0,0,,
ROW32996,4852,html-button-response,6,36237,0,P0506,STUDY0007,SESS1258,0,0,,
ROW32997,6704,survey-multi-select,7,42944,0,P0506,STUDY0007,SESS1258,0,"{""Q0"":[""shape""]}",square,practice_category
ROW32998,1498,html-button-response,8,44443,0,P0506,STUDY0007,SESS1258,0,0,,
ROW32999,9625,survey-multi-select,11,61825,0,P0506,STUDY0007,SESS1258,0,"{""Q0"":[""none of these""]}",happiness,practice_category
ROW33000,744,html-button-response,12,62570,0,P0506,STUDY0007,SESS1258,0,0,,
ROW33001,935,html-button-response,10,52198,0,P0506,STUDY0007,SESS1258,0,0,,
ROW33002,6818,survey-multi-select,9,51263,0,P0506,STUDY0007,SESS1258,0,"{""Q0"":[""color""]}",red,practice_category
ROW33003,11665,survey-multi-select,13,74237,0,P0506,STUDY0007,SESS1258,0,"{""Q0"":[""none of these""]}",pottery,practice_category
ROW33004,7188,html-button-response,14,81426,0,P0506,STUDY0007,SESS1258,0,0,,
ROW33005,5276,survey-multi-select,16,90423,0,P0506,STUDY0007,SESS1258,0,"{""Q0"":[""shape""]}",balloon,category_organization
ROW33006,3711,html-button-response,15,85145,0,P0506,STUDY0007,SESS1258,0,0,,
ROW33007,8170,survey-multi-select,17,98595,0,P0506,STUDY0007,SESS1258,0,"{""Q0"":[""shape""]}",dish,category_organization
ROW33008,5684,survey-multi-select,18,104281,0,P0506,STUDY0007,SESS1258,0,"{""Q0"":[""none of these""]}",duck,category_organization
ROW33009,4932,survey-multi-select,19,109215,0,P0506,STUDY0007,SESS1258,0,"{""Q0"":[""none of these""]}",thing,category_organization
ROW33010,4988,survey-multi-select,20,114205,0,P0506,STUDY0007,SESS1258,0,"{""Q0"":[""material""]}",hair clip,category_organization
ROW33011,2677,survey-multi-select,21,116884,0,P0506,STUDY0007,SESS1258,0,"{""Q0"":[""material""]}",sand,category_organization
ROW33012,4122,survey-multi-select,22,121008,0,P0506,STUDY0007,SESS1258,0,"{""Q0"":[""none of these""]}",cot,category_organization
ROW33013,5196,survey-multi-select,24,128726,0,P0506,STUDY0007,SESS1258,0,"{""Q0"":[""none of these""]}",throat,category_organization
ROW33014,2520,survey-multi-select,23,123529,0,P0506,STUDY0007,SESS1258,0,"{""Q0"":[""color""]}",sun,category_organization
ROW33015,5813,survey-multi-select,25,134541,0,P0506,STUDY0007,SESS1258,0,"{""Q0"":[""color""]}",plant,category_organization
ROW33016,4139,survey-multi-select,26,138682,0,P0506,STUDY0007,SESS1258,0,"{""Q0"":[""material""]}",pillow,category_organization
ROW33017,2637,survey-multi-select,27,141321,0,P0506,STUDY0007,SESS1258,0,"{""Q0"":[""none of these""]}",lavender,category_organization
ROW33018,1707,survey-multi-select,30,148837,0,P0506,STUDY0007,SESS1258,0,"{""Q0"":[""none of these""]}",gorilla,category_organization
ROW33019,3413,survey-multi-select,28,144736,0,P0506,STUDY0007,SESS1258,0,"{""Q0"":[""none of these""]}",ant,category_organization
ROW33020,2390,survey-multi-select,29,147128,0,P0506,STUDY0007,SESS1258,0,"{""Q0"":[""none of these""]}",shrimp,category_organization
ROW33021,9104,instructions,0,9106,0,P0269,STUDY0007,SESS1231,0,,,
ROW33022,6947,survey-multi-select,31,155787,0,P0506,STUDY0007,SESS1258,0,"{""Q0"":[""none of these""]}",dryer,category_organization
ROW33023,4550,survey-multi-select,32,160338,0,P0506,STUDY0007,SESS1258,0,"{""Q0"":[""shape""]}",tower,category_organization
ROW33024,2048,survey-multi-select,35,173691,0,P0506,STUDY0007,SESS1258,0,"{""Q0"":[""shape""]}",body,category_organization
ROW33025,7075,survey-multi-select,34,171643,0,P0506,STUDY0007,SESS1258,0,"{""Q0"":[""shape""]}",boat,category_organization
ROW33026,2743,survey-multi-select,36,176436,0,P0506,STUDY0007,SESS1258,0,"{""Q0"":[""shape""]}",eagle,category_organization
ROW33027,4225,survey-multi-select,33,164566,0,P0506,STUDY0007,SESS1258,0,"{""Q0"":[""material""]}",nail (finger),category_organization
ROW33028,1334,html-button-response,37,177771,0,P0506,STUDY0007,SESS1258,0,0,,
ROW33029,9732,instructions,1,18839,0,P0269,STUDY0007,SESS1231,0,,,
ROW33030,37191,html-button-response,2,56032,0,P0269,STUDY0007,SESS1231,0,0,,
ROW33031,12480,html-button-response,3,68514,0,P0269,STUDY0007,SESS1231,0,0,,
ROW33032,5571,html-button-response,6,98505,0,P0269,STUDY0007,SESS1231,0,0,,
ROW33033,17053,html-button-response,4,85569,0,P0269,STUDY0007,SESS1231,0,0,,
ROW33034,7363,html-button-response,5,92933,0,P0269,STUDY0007,SESS1231,0,0,,
ROW33035,1390,instructions,38,179162,0,P0506,STUDY0007,SESS1258,0,,,
ROW33036,19158,survey-multi-select,7,117666,0,P0269,STUDY0007,SESS1231,0,"{""Q0"":[""shape""]}",square,practice_category
ROW33037,4531,html-button-response,8,122199,0,P0269,STUDY0007,SESS1231,0,0,,
ROW33038,13915,survey-multi-select,9,136115,0,P0269,STUDY0007,SESS1231,0,"{""Q0"":[""none of these""]}",happiness,practice_category
ROW33039,2019,html-button-response,10,138135,0,P0269,STUDY0007,SESS1231,0,0,,
ROW33040,7729,survey-multi-select,11,145866,0,P0269,STUDY0007,SESS1231,0,"{""Q0"":[""color""]}",red,practice_category
ROW33041,1244,html-button-response,12,147112,0,P0269,STUDY0007,SESS1231,0,0,,
ROW33042,11017,survey-multi-select,13,158131,0,P0269,STUDY0007,SESS1231,0,"{""Q0"":[""material""]}",pottery,practice_category
ROW33043,1127,html-button-response,14,159259,0,P0269,STUDY0007,SESS1231,0,0,,
ROW33044,5786,html-button-response,15,165046,0,P0269,STUDY0007,SESS1231,0,0,,
ROW33045,5735,survey-multi-select,17,182005,0,P0269,STUDY0007,SESS1231,0,"{""Q0"":[""shape""]}",nose,category_organization
ROW33046,11220,survey-multi-select,16,176269,0,P0269,STUDY0007,SESS1231,0,"{""Q0"":[""shape""]}",motorcycle,category_organization
ROW33047,18852,survey-multi-select,18,200861,0,P0269,STUDY0007,SESS1231,0,"{""Q0"":[""shape""]}",back (body part),category_organization
ROW33048,8443,survey-multi-select,19,209305,0,P0269,STUDY0007,SESS1231,0,"{""Q0"":[""material""]}",firewood,category_organization
ROW33049,5802,survey-multi-select,20,215109,0,P0269,STUDY0007,SESS1231,0,"{""Q0"":[""material""]}",swimsuit,category_organization
ROW33050,5368,survey-multi-select,21,220478,0,P0269,STUDY0007,SESS1231,0,"{""Q0"":[""none of these""]}",thunder,category_organization
ROW33051,3406,survey-multi-select,22,223886,0,P0269,STUDY0007,SESS1231,0,"{""Q0"":[""none of these""]}",lavender,category_organization
ROW33052,5916,survey-multi-select,23,229805,0,P0269,STUDY0007,SESS1231,0,"{""Q0"":[""material""]}",pool,category_organization
ROW33053,8224,survey-multi-select,24,238032,0,P0269,STUDY0007,SESS1231,0,"{""Q0"":[""shape""]}",watch (object),category_organization
ROW33054,10005,survey-multi-select,25,248039,0,P0269,STUDY0007,SESS1231,0,"{""Q0"":[""shape""]}",wall,category_organization
ROW33055,4489,survey-multi-select,27,257245,0,P0269,STUDY0007,SESS1231,0,"{""Q0"":[""shape""]}",pot,category_organization
ROW33056,4715,survey-multi-select,26,252755,0,P0269,STUDY0007,SESS1231,0,"{""Q0"":[""material""]}",fire,category_organization
ROW33057,3801,survey-multi-select,29,265748,0,P0269,STUDY0007,SESS1231,0,"{""Q0"":[""none of these""]}",tree,category_organization
ROW33058,4698,survey-multi-select,28,261945,0,P0269,STUDY0007,SESS1231,0,"{""Q0"":[""shape""]}",arm,category_organization
ROW33059,4384,survey-multi-select,30,270134,0,P0269,STUDY0007,SESS1231,0,"{""Q0"":[""shape""]}",sparrow,category_organization
ROW33061,3309,survey-multi-select,32,277621,0,P0269,STUDY0007,SESS1231,0,"{""Q0"":[""shape""]}",door,category_organization
ROW33060,4173,survey-multi-select,31,274310,0,P0269,STUDY0007,SESS1231,0,"{""Q0"":[""shape""]}",bucket,category_organization
ROW33062,2921,survey-multi-select,33,280545,0,P0269,STUDY0007,SESS1231,0,"{""Q0"":[""material""]}",flour,category_organization
ROW33063,3919,survey-multi-select,36,295580,0,P0269,STUDY0007,SESS1231,0,"{""Q0"":[""material""]}",toothpaste,category_organization
ROW33064,5249,survey-multi-select,35,291658,0,P0269,STUDY0007,SESS1231,0,"{""Q0"":[""shape""]}",flag,category_organization
ROW33065,5861,survey-multi-select,34,286408,0,P0269,STUDY0007,SESS1231,0,"{""Q0"":[""material""]}",pajamas,category_organization
ROW33066,938,html-button-response,37,296519,0,P0269,STUDY0007,SESS1231,0,0,,
ROW33067,2396,instructions,38,298915,0,P0269,STUDY0007,SESS1231,0,,,
ROW33068,4147,instructions,0,4149,0,P0259,STUDY0007,SESS1255,0,,,
ROW33069,15869,html-button-response,2,25716,0,P0259,STUDY0007,SESS1255,0,0,,
ROW33070,5695,instructions,1,9845,0,P0259,STUDY0007,SESS1255,0,,,
ROW33071,6373,html-button-response,5,49770,0,P0259,STUDY0007,SESS1255,0,0,,
ROW33072,11955,html-button-response,4,43393,0,P0259,STUDY0007,SESS1255,0,0,,
ROW33073,5720,html-button-response,3,31437,0,P0259,STUDY0007,SESS1255,0,0,,
ROW33074,6193,html-button-response,6,55964,0,P0259,STUDY0007,SESS1255,0,0,,
ROW33075,7045,survey-multi-select,7,63015,0,P0259,STUDY0007,SESS1255,0,"{""Q0"":[""shape""]}",square,practice_category
ROW33076,5913,survey-multi-select,9,71386,0,P0259,STUDY0007,SESS1255,0,"{""Q0"":[""color""]}",red,practice_category
ROW33077,2456,html-button-response,8,65472,0,P0259,STUDY0007,SESS1255,0,0,,
ROW33078,4453,survey-multi-select,11,81030,0,P0259,STUDY0007,SESS1255,0,"{""Q0"":[""material""]}",pottery,practice_category
ROW33079,2740,html-button-response,12,83771,0,P0259,STUDY0007,SESS1255,0,0,,
ROW33080,5188,html-button-response,10,76575,0,P0259,STUDY0007,SESS1255,0,0,,
ROW33081,5566,survey-multi-select,13,89339,0,P0259,STUDY0007,SESS1255,0,"{""Q0"":[""none of these""]}",happiness,practice_category
ROW33082,1632,html-button-response,14,90972,0,P0259,STUDY0007,SESS1255,0,0,,
ROW33083,9188,survey-multi-select,16,104001,0,P0259,STUDY0007,SESS1255,0,"{""Q0"":[""shape"",""material""]}",boulder,category_organization
ROW33084,3838,html-button-response,15,94811,0,P0259,STUDY0007,SESS1255,0,0,,
ROW33085,6375,survey-multi-select,17,110377,0,P0259,STUDY0007,SESS1255,0,"{""Q0"":[""none of these""]}",coconut,category_organization
ROW33086,7023,survey-multi-select,18,117401,0,P0259,STUDY0007,SESS1255,0,"{""Q0"":[""shape""]}",fish (food),category_organization
ROW33087,3950,survey-multi-select,19,121353,0,P0259,STUDY0007,SESS1255,0,"{""Q0"":[""material""]}",teddybear,category_organization
ROW33088,4651,survey-multi-select,20,126005,0,P0259,STUDY0007,SESS1255,0,"{""Q0"":[""material""]}",microphone,category_organization
ROW33089,3070,survey-multi-select,21,129076,0,P0259,STUDY0007,SESS1255,0,"{""Q0"":[""none of these""]}",dried seaweed,category_organization
ROW33090,2147,survey-multi-select,22,131225,0,P0259,STUDY0007,SESS1255,0,"{""Q0"":[""color""]}",rainbow,category_organization
ROW33091,2581,survey-multi-select,24,136763,0,P0259,STUDY0007,SESS1255,0,"{""Q0"":[""none of these""]}",food,category_organization
ROW33092,2955,survey-multi-select,23,134181,0,P0259,STUDY0007,SESS1255,0,"{""Q0"":[""none of these""]}",coat,category_organization
ROW33093,2307,survey-multi-select,25,139071,0,P0259,STUDY0007,SESS1255,0,"{""Q0"":[""none of these""]}",potato,category_organization
ROW33094,3687,survey-multi-select,26,142760,0,P0259,STUDY0007,SESS1255,0,"{""Q0"":[""none of these""]}",back (body part),category_organization
ROW33095,3117,survey-multi-select,28,152211,0,P0259,STUDY0007,SESS1255,0,"{""Q0"":[""none of these""]}",wolf,category_organization
ROW33096,6332,survey-multi-select,27,149093,0,P0259,STUDY0007,SESS1255,0,"{""Q0"":[""material""]}",sneaker,category_organization
ROW33097,2506,survey-multi-select,29,154718,0,P0259,STUDY0007,SESS1255,0,"{""Q0"":[""shape""]}",screwdriver,category_organization
ROW33098,1936,survey-multi-select,30,156656,0,P0259,STUDY0007,SESS1255,0,"{""Q0"":[""none of these""]}",lavender,category_organization
ROW33099,4004,survey-multi-select,31,160662,0,P0259,STUDY0007,SESS1255,0,"{""Q0"":[""none of these""]}",kitty,category_organization
ROW33100,5157,survey-multi-select,32,165821,0,P0259,STUDY0007,SESS1255,0,"{""Q0"":[""none of these""]}",flour,category_organization
ROW33101,5198,survey-multi-select,33,171021,0,P0259,STUDY0007,SESS1255,0,"{""Q0"":[""none of these""]}",seal (animal),category_organization
ROW33102,2855,survey-multi-select,34,173878,0,P0259,STUDY0007,SESS1255,0,"{""Q0"":[""shape""]}",fireplace,category_organization
ROW33103,1998,survey-multi-select,35,175876,0,P0259,STUDY0007,SESS1255,0,"{""Q0"":[""material""]}",skirt,category_organization
ROW33104,6283,survey-multi-select,36,182161,0,P0259,STUDY0007,SESS1255,0,"{""Q0"":[""shape"",""color""]}",photo,category_organization
ROW33105,1210,html-button-response,37,183373,0,P0259,STUDY0007,SESS1255,0,0,,
ROW33106,3792,instructions,38,187166,0,P0259,STUDY0007,SESS1255,0,,,
ROW33107,4895,instructions,0,4897,0,P1498,STUDY0007,SESS1256,0,,,
ROW33108,5703,instructions,1,10601,0,P1498,STUDY0007,SESS1256,0,,,
ROW33109,9569,html-button-response,2,20172,0,P1498,STUDY0007,SESS1256,0,0,,
ROW33110,10700,html-button-response,4,38592,0,P1498,STUDY0007,SESS1256,0,0,,
ROW33111,7718,html-button-response,3,27891,0,P1498,STUDY0007,SESS1256,0,0,,
ROW33112,5696,html-button-response,6,48584,0,P1498,STUDY0007,SESS1256,0,0,,
ROW33113,4294,html-button-response,5,42886,0,P1498,STUDY0007,SESS1256,0,0,,
ROW33114,7993,survey-multi-select,7,56579,0,P1498,STUDY0007,SESS1256,0,"{""Q0"":[""shape""]}",square,practice_category
ROW33115,1162,html-button-response,8,57743,0,P1498,STUDY0007,SESS1256,0,0,,
ROW33117,6555,survey-multi-select,11,75529,0,P1498,STUDY0007,SESS1256,0,"{""Q0"":[""material""]}",pottery,practice_category
ROW33118,951,html-button-response,10,68972,0,P1498,STUDY0007,SESS1256,0,0,,
ROW33116,10276,survey-multi-select,9,68020,0,P1498,STUDY0007,SESS1256,0,"{""Q0"":[""color""]}",red,practice_category
ROW33119,808,html-button-response,12,76338,0,P1498,STUDY0007,SESS1256,0,0,,
ROW33120,5291,survey-multi-select,13,81631,0,P1498,STUDY0007,SESS1256,0,"{""Q0"":[""none of these""]}",happiness,practice_category
ROW33121,857,html-button-response,14,82489,0,P1498,STUDY0007,SESS1256,0,0,,
ROW33122,6414,html-button-response,15,88905,0,P1498,STUDY0007,SESS1256,0,0,,
ROW33123,10668,survey-multi-select,17,104162,0,P1498,STUDY0007,SESS1256,0,"{""Q0"":[""material""]}",vanilla,category_organization
ROW33124,4586,survey-multi-select,16,93492,0,P1498,STUDY0007,SESS1256,0,"{""Q0"":[""material""]}",tortilla,category_organization
ROW33125,3619,survey-multi-select,18,107782,0,P1498,STUDY0007,SESS1256,0,"{""Q0"":[""none of these""]}",crocodile,category_organization
ROW33126,4107,survey-multi-select,19,111891,0,P1498,STUDY0007,SESS1256,0,"{""Q0"":[""material""]}",corn,category_organization
ROW33127,2936,survey-multi-select,20,114829,0,P1498,STUDY0007,SESS1256,0,"{""Q0"":[""none of these""]}",owie,category_organization
ROW33128,5887,survey-multi-select,21,120717,0,P1498,STUDY0007,SESS1256,0,"{""Q0"":[""shape""]}",penny,category_organization
ROW33129,2630,survey-multi-select,22,123349,0,P1498,STUDY0007,SESS1256,0,"{""Q0"":[""material""]}",popcorn,category_organization
ROW33130,6377,survey-multi-select,23,129727,0,P1498,STUDY0007,SESS1256,0,"{""Q0"":[""material""]}",fir,category_organization
ROW33131,5950,survey-multi-select,24,135679,0,P1498,STUDY0007,SESS1256,0,"{""Q0"":[""material""]}",sidewalk,category_organization
ROW33132,3159,survey-multi-select,25,138839,0,P1498,STUDY0007,SESS1256,0,"{""Q0"":[""shape""]}",door,category_organization
ROW33133,10868,survey-multi-select,26,149708,0,P1498,STUDY0007,SESS1256,0,"{""Q0"":[""none of these""]}",bat,category_organization
ROW33134,3392,survey-multi-select,27,153102,0,P1498,STUDY0007,SESS1256,0,"{""Q0"":[""material""]}",ice,category_organization
ROW33135,2739,survey-multi-select,28,155843,0,P1498,STUDY0007,SESS1256,0,"{""Q0"":[""none of these""]}",octopus,category_organization
ROW33136,9936,survey-multi-select,29,165781,0,P1498,STUDY0007,SESS1256,0,"{""Q0"":[""material""]}",sweets,category_organization
ROW33137,2669,survey-multi-select,30,168453,0,P1498,STUDY0007,SESS1256,0,"{""Q0"":[""none of these""]}",lavender,category_organization
ROW33138,2157,survey-multi-select,31,170611,0,P1498,STUDY0007,SESS1256,0,"{""Q0"":[""none of these""]}",chick,category_organization
ROW33139,5461,survey-multi-select,32,176074,0,P1498,STUDY0007,SESS1256,0,"{""Q0"":[""material""]}",clothes,category_organization
ROW33140,2485,survey-multi-select,33,178561,0,P1498,STUDY0007,SESS1256,0,"{""Q0"":[""material""]}",lollipop,category_organization
ROW33141,2565,survey-multi-select,34,181127,0,P1498,STUDY0007,SESS1256,0,"{""Q0"":[""material""]}",stove,category_organization
ROW33142,9096,survey-multi-select,35,190224,0,P1498,STUDY0007,SESS1256,0,"{""Q0"":[""shape""]}",bathtub,category_organization
ROW33143,2577,survey-multi-select,36,192803,0,P1498,STUDY0007,SESS1256,0,"{""Q0"":[""material""]}",taco,category_organization
ROW33144,1081,html-button-response,37,193885,0,P1498,STUDY0007,SESS1256,0,0,,
ROW33145,1783,instructions,38,195668,0,P1498,STUDY0007,SESS1256,0,,,
ROW33146,3134,instructions,0,3135,0,P1697,STUDY0007,SESS1254,0,,,
ROW33147,4796,instructions,1,7932,0,P1697,STUDY0007,SESS1254,0,,,
ROW33148,12377,html-button-response,2,20310,0,P1697,STUDY0007,SESS1254,0,0,,
ROW33149,5519,html-button-response,3,25830,0,P1697,STUDY0007,SESS1254,0,0,,
ROW33150,11107,html-button-response,4,36938,0,P1697,STUDY0007,SESS1254,0,0,,
ROW33151,4649,html-button-response,6,44870,0,P1697,STUDY0007,SESS1254,0,0,,
ROW33152,3281,html-button-response,5,40220,0,P1697,STUDY0007,SESS1254,0,0,,
ROW33153,10218,survey-multi-select,7,55090,0,P1697,STUDY0007,SESS1254,0,"{""Q0"":[""shape""]}",square,practice_category
ROW33154,2108,html-button-response,8,57200,0,P1697,STUDY0007,SESS1254,0,0,,
ROW33155,10388,survey-multi-select,9,67589,0,P1697,STUDY0007,SESS1254,0,"{""Q0"":[""material""]}",pottery,practice_category
ROW33156,6403,survey-multi-select,11,74677,0,P1697,STUDY0007,SESS1254,0,"{""Q0"":[""none of these""]}",happiness,practice_category
ROW33157,683,html-button-response,10,68273,0,P1697,STUDY0007,SESS1254,0,0,,
ROW33158,629,html-button-response,12,75307,0,P1697,STUDY0007,SESS1254,0,0,,
ROW33159,9213,survey-multi-select,13,84521,0,P1697,STUDY0007,SESS1254,0,"{""Q0"":[""shape"",""color""]}",red,practice_category
ROW33160,3439,html-button-response,14,87961,0,P1697,STUDY0007,SESS1254,0,0,,
ROW33161,5679,html-button-response,15,93641,0,P1697,STUDY0007,SESS1254,0,0,,
ROW33162,9979,survey-multi-select,16,103621,0,P1697,STUDY0007,SESS1254,0,"{""Q0"":[""shape""]}",nail (object),category_organization
ROW33163,2366,survey-multi-select,17,105989,0,P1697,STUDY0007,SESS1254,0,"{""Q0"":[""none of these""]}",lavender,category_organization
ROW33164,11849,survey-multi-select,18,117839,0,P1697,STUDY0007,SESS1254,0,"{""Q0"":[""material""]}",elbow,category_organization
ROW33165,5551,survey-multi-select,19,123391,0,P1697,STUDY0007,SESS1254,0,"{""Q0"":[""shape""]}",sink,category_organization
ROW33166,7001,survey-multi-select,20,130393,0,P1697,STUDY0007,SESS1254,0,"{""Q0"":[""shape"",""material""]}",dragonfly,category_organization
ROW33167,3025,survey-multi-select,24,150906,0,P1697,STUDY0007,SESS1254,0,"{""Q0"":[""shape""]}",star,category_organization
ROW33168,11394,survey-multi-select,21,141787,0,P1697,STUDY0007,SESS1254,0,"{""Q0"":[""color""]}",orange juice,category_organization
ROW33169,3526,survey-multi-select,22,145314,0,P1697,STUDY0007,SESS1254,0,"{""Q0"":[""material""]}",wood,category_organization
ROW33170,2565,survey-multi-select,23,147880,0,P1697,STUDY0007,SESS1254,0,"{""Q0"":[""shape""]}",mitten,category_organization
ROW33171,16729,instructions,0,16740,0,P0686,STUDY0007,SESS1245,0,,,
ROW33172,11317,instructions,0,11320,0,P0982,STUDY0007,SESS1222,0,,,
ROW33173,26894,instructions,1,38214,0,P0982,STUDY0007,SESS1222,0,,,
ROW33174,20022,html-button-response,2,58238,0,P0982,STUDY0007,SESS1222,0,0,,
ROW33175,8343,html-button-response,3,66582,0,P0982,STUDY0007,SESS1222,0,0,,
ROW33176,13312,html-button-response,4,79895,0,P0982,STUDY0007,SESS1222,0,0,,
ROW33177,5670,html-button-response,5,85566,0,P0982,STUDY0007,SESS1222,0,0,,
ROW33178,15199,html-button-response,6,100767,0,P0982,STUDY0007,SESS1222,0,0,,
ROW33179,16165,survey-multi-select,7,116935,0,P0982,STUDY0007,SESS1222,0,"{""Q0"":[""material""]}",pottery,practice_category
ROW33180,3797,html-button-response,8,120734,0,P0982,STUDY0007,SESS1222,0,0,,
ROW33181,20711,survey-multi-select,9,141446,0,P0982,STUDY0007,SESS1222,0,"{""Q0"":[""color""]}",red,practice_category
ROW33182,2511,html-button-response,10,143958,0,P0982,STUDY0007,SESS1222,0,0,,
ROW33184,1005,html-button-response,12,151221,0,P0982,STUDY0007,SESS1222,0,0,,
ROW33183,6254,survey-multi-select,11,150214,0,P0982,STUDY0007,SESS1222,0,"{""Q0"":[""shape""]}",square,practice_category
ROW33185,8624,survey-multi-select,13,159846,0,P0982,STUDY0007,SESS1222,0,"{""Q0"":[""none of these""]}",happiness,practice_category
ROW33186,1031,html-button-response,14,160878,0,P0982,STUDY0007,SESS1222,0,0,,
ROW33187,6039,html-button-response,15,166918,0,P0982,STUDY0007,SESS1222,0,0,,
ROW33188,20134,survey-multi-select,16,187054,0,P0982,STUDY0007,SESS1222,0,"{""Q0"":[""shape""]}",pig,category_organization
ROW33189,9878,survey-multi-select,17,196934,0,P0982,STUDY0007,SESS1222,0,"{""Q0"":[""material""]}",chocolate,category_organization
ROW33191,23991,survey-multi-select,19,231495,0,P0982,STUDY0007,SESS1222,0,"{""Q0"":[""none of these""]}",mango,category_organization
ROW33190,10566,survey-multi-select,18,207502,0,P0982,STUDY0007,SESS1222,0,"{""Q0"":[""none of these""]}",milk,category_organization
ROW33192,20109,survey-multi-select,20,251606,0,P0982,STUDY0007,SESS1222,0,"{""Q0"":[""material""]}",lake,category_organization
ROW33193,10142,survey-multi-select,21,261750,0,P0982,STUDY0007,SESS1222,0,"{""Q0"":[""shape""]}",plate,category_organization
ROW33194,8575,survey-multi-select,23,274854,0,P0982,STUDY0007,SESS1222,0,"{""Q0"":[""shape""]}",camel,category_organization
ROW33195,4526,survey-multi-select,22,266278,0,P0982,STUDY0007,SESS1222,0,"{""Q0"":[""none of these""]}",lavender,category_organization
ROW33196,19815,survey-multi-select,24,294671,0,P0982,STUDY0007,SESS1222,0,"{""Q0"":[""material""]}",hot chocolate,category_organization
ROW33198,7766,survey-multi-select,25,302438,0,P0982,STUDY0007,SESS1222,0,"{""Q0"":[""shape""]}",pigeon,category_organization
ROW33197,10135,survey-multi-select,26,312574,0,P0982,STUDY0007,SESS1222,0,"{""Q0"":[""shape""]}",traffic light,category_organization
ROW33199,13646,survey-multi-select,27,326222,0,P0982,STUDY0007,SESS1222,0,"{""Q0"":[""shape""]}",peacock,category_organization
ROW33200,8798,survey-multi-select,28,335022,0,P0982,STUDY0007,SESS1222,0,"{""Q0"":[""shape""]}",necklace,category_organization
ROW33202,5711,survey-multi-select,30,361543,0,P0982,STUDY0007,SESS1222,0,"{""Q0"":[""shape""]}",mug,category_organization
ROW33201,20806,survey-multi-select,29,355830,0,P0982,STUDY0007,SESS1222,0,"{""Q0"":[""shape""]}",armchair,category_organization
ROW33203,7078,survey-multi-select,31,368622,0,P0982,STUDY0007,SESS1222,0,"{""Q0"":[""color""]}",plum,category_organization
ROW33204,9654,survey-multi-select,32,378278,0,P0982,STUDY0007,SESS1222,0,"{""Q0"":[""none of these""]}",wardrobe,category_organization
ROW33205,5335,survey-multi-select,33,383614,0,P0982,STUDY0007,SESS1222,0,"{""Q0"":[""shape""]}",plug,category_organization
ROW33206,7231,survey-multi-select,34,390846,0,P0982,STUDY0007,SESS1222,0,"{""Q0"":[""shape"",""color""]}",pumpkin,category_organization
ROW33207,9030,survey-multi-select,35,399878,0,P0982,STUDY0007,SESS1222,0,"{""Q0"":[""material""]}",cereal,category_organization
ROW33208,5813,survey-multi-select,36,405692,0,P0982,STUDY0007,SESS1222,0,"{""Q0"":[""none of these""]}",bedroom,category_organization
ROW33209,2955,html-button-response,37,408649,0,P0982,STUDY0007,SESS1222,0,0,,
ROW33210,7205,instructions,38,415855,0,P0982,STUDY0007,SESS1222,0,,,
ROW33211,8237,instructions,0,8248,0,P1080,STUDY0007,SESS1247,0,,,
ROW33212,6390,instructions,1,14642,0,P1080,STUDY0007,SESS1247,0,,,
ROW33213,12685,html-button-response,2,27335,0,P1080,STUDY0007,SESS1247,0,0,,
ROW33214,9720,html-button-response,3,37060,0,P1080,STUDY0007,SESS1247,0,0,,
ROW33215,12977,html-button-response,4,50043,0,P1080,STUDY0007,SESS1247,0,0,,
ROW33216,5352,html-button-response,6,60340,0,P1080,STUDY0007,SESS1247,0,0,,
ROW33217,4935,html-button-response,5,54984,0,P1080,STUDY0007,SESS1247,0,0,,
ROW33218,12057,survey-multi-select,7,72412,0,P1080,STUDY0007,SESS1247,0,"{""Q0"":[""material""]}",pottery,practice_category
ROW33219,2455,html-button-response,8,74873,0,P1080,STUDY0007,SESS1247,0,0,,
ROW33220,10517,survey-multi-select,9,85399,0,P1080,STUDY0007,SESS1247,0,"{""Q0"":[""none of these""]}",happiness,practice_category
ROW33221,2085,html-button-response,10,87489,0,P1080,STUDY0007,SESS1247,0,0,,
ROW33222,5483,survey-multi-select,11,92983,0,P1080,STUDY0007,SESS1247,0,"{""Q0"":[""color""]}",red,practice_category
ROW33223,1580,html-button-response,12,94567,0,P1080,STUDY0007,SESS1247,0,0,,
ROW33224,7074,survey-multi-select,13,101651,0,P1080,STUDY0007,SESS1247,0,"{""Q0"":[""shape""]}",square,practice_category
ROW33225,1497,html-button-response,14,103151,0,P1080,STUDY0007,SESS1247,0,0,,
ROW33226,6130,html-button-response,15,109285,0,P1080,STUDY0007,SESS1247,0,0,,
ROW33227,10305,survey-multi-select,16,119600,0,P1080,STUDY0007,SESS1247,0,"{""Q0"":[""none of these""]}",ant,category_organization
ROW33228,5434,survey-multi-select,17,125045,0,P1080,STUDY0007,SESS1247,0,"{""Q0"":[""color""]}",persimmon,category_organization
ROW33229,12000,survey-multi-select,18,137054,0,P1080,STUDY0007,SESS1247,0,"{""Q0"":[""shape""]}",bat,category_organization
ROW33230,4234,survey-multi-select,19,141297,0,P1080,STUDY0007,SESS1247,0,"{""Q0"":[""none of these""]}",gorilla,category_organization
ROW33231,10807,survey-multi-select,20,152114,0,P1080,STUDY0007,SESS1247,0,"{""Q0"":[""none of these""]}",light (object),category_organization
ROW33232,8286,survey-multi-select,21,160409,0,P1080,STUDY0007,SESS1247,0,"{""Q0"":[""none of these""]}",sparrow,category_organization
ROW33233,11256,survey-multi-select,22,171674,0,P1080,STUDY0007,SESS1247,0,"{""Q0"":[""color""]}",panther,category_organization
ROW33234,14184,survey-multi-select,23,185867,0,P1080,STUDY0007,SESS1247,0,"{""Q0"":[""material""]}",digger,category_organization
ROW33235,3506,survey-multi-select,24,189381,0,P1080,STUDY0007,SESS1247,0,"{""Q0"":[""none of these""]}",lavender,category_organization
ROW33236,13716,survey-multi-select,25,203103,0,P1080,STUDY0007,SESS1247,0,"{""Q0"":[""shape""]}",hair dryer,category_organization
ROW33237,5804,survey-multi-select,26,208916,0,P1080,STUDY0007,SESS1247,0,"{""Q0"":[""material""]}",candle,category_organization
ROW33238,5693,survey-multi-select,27,214618,0,P1080,STUDY0007,SESS1247,0,"{""Q0"":[""color""]}",firetruck,category_organization
ROW33239,11678,survey-multi-select,29,241068,0,P1080,STUDY0007,SESS1247,0,"{""Q0"":[""shape""]}",body,category_organization
ROW33240,14753,survey-multi-select,28,229381,0,P1080,STUDY0007,SESS1247,0,"{""Q0"":[""none of these""]}",kite,category_organization
ROW33241,12933,survey-multi-select,30,254009,0,P1080,STUDY0007,SESS1247,0,"{""Q0"":[""shape""]}",sailboat,category_organization
ROW33242,4371,survey-multi-select,31,258389,0,P1080,STUDY0007,SESS1247,0,"{""Q0"":[""none of these""]}",cigarette,category_organization
ROW33243,6753,survey-multi-select,32,265152,0,P1080,STUDY0007,SESS1247,0,"{""Q0"":[""color""]}",ice,category_organization
ROW33244,12476,survey-multi-select,34,282701,0,P1080,STUDY0007,SESS1247,0,"{""Q0"":[""color""]}",cottage cheese,category_organization
ROW33247,8203,survey-multi-select,36,294826,0,P1080,STUDY0007,SESS1247,0,"{""Q0"":[""shape""]}",croquette,category_organization
ROW33246,3904,survey-multi-select,35,286614,0,P1080,STUDY0007,SESS1247,0,"{""Q0"":[""none of these""]}",throat,category_organization
ROW33245,5053,survey-multi-select,33,270216,0,P1080,STUDY0007,SESS1247,0,"{""Q0"":[""none of these""]}",baby food,category_organization
ROW33248,2068,html-button-response,37,296898,0,P1080,STUDY0007,SESS1247,0,0,,
ROW33249,2689,instructions,38,299589,0,P1080,STUDY0007,SESS1247,0,,,
ROW33250,6975,instructions,0,6977,0,P0971,STUDY0007,SESS1253,0,,,
ROW33251,15058,instructions,1,22036,0,P0971,STUDY0007,SESS1253,0,,,
ROW33252,8674,html-button-response,3,56403,0,P0971,STUDY0007,SESS1253,0,0,,
ROW33253,6687,html-button-response,5,75704,0,P0971,STUDY0007,SESS1253,0,0,,
ROW33254,12612,html-button-response,4,69016,0,P0971,STUDY0007,SESS1253,0,0,,
ROW33255,25690,html-button-response,2,47728,0,P0971,STUDY0007,SESS1253,0,0,,
ROW33256,5698,html-button-response,6,81402,0,P0971,STUDY0007,SESS1253,0,0,,
ROW33257,14477,survey-multi-select,7,95882,0,P0971,STUDY0007,SESS1253,0,"{""Q0"":[""shape""]}",square,practice_category
ROW33258,2127,html-button-response,8,98010,0,P0971,STUDY0007,SESS1253,0,0,,
ROW33259,11859,survey-multi-select,9,109870,0,P0971,STUDY0007,SESS1253,0,"{""Q0"":[""color""]}",red,practice_category
ROW33260,4132,html-button-response,10,114003,0,P0971,STUDY0007,SESS1253,0,0,,
ROW33261,9407,survey-multi-select,11,123412,0,P0971,STUDY0007,SESS1253,0,"{""Q0"":[""shape"",""material""]}",pottery,practice_category
ROW33262,9529,html-button-response,12,132942,0,P0971,STUDY0007,SESS1253,0,0,,
ROW33263,7881,survey-multi-select,13,140824,0,P0971,STUDY0007,SESS1253,0,"{""Q0"":[""none of these""]}",happiness,practice_category
ROW33264,990,html-button-response,14,141815,0,P0971,STUDY0007,SESS1253,0,0,,
ROW33265,4670,html-button-response,15,146486,0,P0971,STUDY0007,SESS1253,0,0,,
ROW33266,5329,survey-multi-select,16,151816,0,P0971,STUDY0007,SESS1253,0,"{""Q0"":[""none of these""]}",radish,category_organization
ROW33267,7004,survey-multi-select,17,158823,0,P0971,STUDY0007,SESS1253,0,"{""Q0"":[""shape""]}",pan,category_organization
ROW33268,6566,survey-multi-select,18,165390,0,P0971,STUDY0007,SESS1253,0,"{""Q0"":[""none of these""]}",seagull,category_organization
ROW33269,4256,survey-multi-select,19,169647,0,P0971,STUDY0007,SESS1253,0,"{""Q0"":[""material""]}",jacket,category_organization
ROW33270,6977,survey-multi-select,20,176626,0,P0971,STUDY0007,SESS1253,0,"{""Q0"":[""shape""]}",noodles,category_organization
ROW33271,10678,survey-multi-select,21,187305,0,P0971,STUDY0007,SESS1253,0,"{""Q0"":[""none of these""]}",tomato,category_organization
ROW33272,3990,survey-multi-select,22,191296,0,P0971,STUDY0007,SESS1253,0,"{""Q0"":[""none of these""]}",wind,category_organization
ROW33273,4837,survey-multi-select,23,196134,0,P0971,STUDY0007,SESS1253,0,"{""Q0"":[""material""]}",road,category_organization
ROW33274,4946,survey-multi-select,25,205843,0,P0971,STUDY0007,SESS1253,0,"{""Q0"":[""shape""]}",scissors,category_organization
ROW33275,4760,survey-multi-select,24,200896,0,P0971,STUDY0007,SESS1253,0,"{""Q0"":[""none of these""]}",throat,category_organization
ROW33276,2246,survey-multi-select,26,208091,0,P0971,STUDY0007,SESS1253,0,"{""Q0"":[""none of these""]}",lavender,category_organization
ROW33277,4363,survey-multi-select,27,212455,0,P0971,STUDY0007,SESS1253,0,"{""Q0"":[""material""]}",shampoo,category_organization
ROW33278,3909,survey-multi-select,28,216366,0,P0971,STUDY0007,SESS1253,0,"{""Q0"":[""none of these""]}",stove,category_organization
ROW33279,3453,survey-multi-select,29,219820,0,P0971,STUDY0007,SESS1253,0,"{""Q0"":[""none of these""]}",dolphin,category_organization
ROW33280,2890,survey-multi-select,30,222711,0,P0971,STUDY0007,SESS1253,0,"{""Q0"":[""shape""]}",ball,category_organization
ROW33281,3091,survey-multi-select,31,225803,0,P0971,STUDY0007,SESS1253,0,"{""Q0"":[""material""]}",smoothie,category_organization
ROW33282,3692,survey-multi-select,32,229497,0,P0971,STUDY0007,SESS1253,0,"{""Q0"":[""shape""]}",face,category_organization
ROW33283,3312,survey-multi-select,33,232810,0,P0971,STUDY0007,SESS1253,0,"{""Q0"":[""none of these""]}",stove,category_organization
ROW33284,3857,survey-multi-select,34,236669,0,P0971,STUDY0007,SESS1253,0,"{""Q0"":[""none of these""]}",corridor,category_organization
ROW33285,3505,survey-multi-select,35,240175,0,P0971,STUDY0007,SESS1253,0,"{""Q0"":[""shape""]}",crib,category_organization
ROW33286,4211,survey-multi-select,36,244388,0,P0971,STUDY0007,SESS1253,0,"{""Q0"":[""none of these""]}",bee,category_organization
ROW33287,1278,html-button-response,37,245667,0,P0971,STUDY0007,SESS1253,0,0,,
ROW33288,3108,instructions,38,248775,0,P0971,STUDY0007,SESS1253,0,,,
ROW33289,8929,instructions,0,8938,0,P1206,STUDY0007,SESS1241,0,,,
ROW33290,4067,html-button-response,5,70732,0,P1206,STUDY0007,SESS1241,0,0,,
ROW33291,11299,html-button-response,3,47233,0,P1206,STUDY0007,SESS1241,0,0,,
ROW33292,9656,instructions,1,18596,0,P1206,STUDY0007,SESS1241,0,,,
ROW33293,19422,html-button-response,4,66661,0,P1206,STUDY0007,SESS1241,0,0,,
ROW33294,17332,html-button-response,2,35931,0,P1206,STUDY0007,SESS1241,0,0,,
ROW33295,17998,html-button-response,6,88734,0,P1206,STUDY0007,SESS1241,0,0,,
ROW33296,15519,survey-multi-select,7,104260,0,P1206,STUDY0007,SESS1241,0,"{""Q0"":[""shape""]}",pottery,practice_category
ROW33297,9066,html-button-response,8,113329,0,P1206,STUDY0007,SESS1241,0,0,,
ROW33298,10018,survey-multi-select,11,133134,0,P1206,STUDY0007,SESS1241,0,"{""Q0"":[""none of these""]}",happiness,practice_category
ROW33299,6561,survey-multi-select,9,119893,0,P1206,STUDY0007,SESS1241,0,"{""Q0"":[""shape""]}",square,practice_category
ROW33300,3217,html-button-response,10,123113,0,P1206,STUDY0007,SESS1241,0,0,,
ROW33301,2005,html-button-response,12,135141,0,P1206,STUDY0007,SESS1241,0,0,,
ROW33302,8856,survey-multi-select,13,144002,0,P1206,STUDY0007,SESS1241,0,"{""Q0"":[""color""]}",red,practice_category
ROW33303,7246,html-button-response,15,153011,0,P1206,STUDY0007,SESS1241,0,0,,
ROW33304,1756,html-button-response,14,145763,0,P1206,STUDY0007,SESS1241,0,0,,
ROW33305,14309,survey-multi-select,17,176009,0,P1206,STUDY0007,SESS1241,0,"{""Q0"":[""none of these""]}",eye,category_organization
ROW33306,8679,survey-multi-select,16,161693,0,P1206,STUDY0007,SESS1241,0,"{""Q0"":[""shape""]}",pear,category_organization
ROW33307,9182,survey-multi-select,18,185194,0,P1206,STUDY0007,SESS1241,0,"{""Q0"":[""material""]}",play dough,category_organization
ROW33308,15830,survey-multi-select,19,201027,0,P1206,STUDY0007,SESS1241,0,"{""Q0"":[""shape""]}",hip,category_organization
ROW33309,8302,survey-multi-select,21,220919,0,P1206,STUDY0007,SESS1241,0,"{""Q0"":[""shape"",""color"",""material""]}",yum yum,category_organization
ROW33310,11581,survey-multi-select,20,212612,0,P1206,STUDY0007,SESS1241,0,"{""Q0"":[""none of these""]}",fruit,category_organization
ROW33311,4111,survey-multi-select,24,235956,0,P1206,STUDY0007,SESS1241,0,"{""Q0"":[""none of these""]}",chin,category_organization
ROW33312,4588,survey-multi-select,23,231841,0,P1206,STUDY0007,SESS1241,0,"{""Q0"":[""shape""]}",dish,category_organization
ROW33313,6328,survey-multi-select,22,227250,0,P1206,STUDY0007,SESS1241,0,"{""Q0"":[""shape""]}",thumb,category_organization
ROW33314,4740,survey-multi-select,25,240699,0,P1206,STUDY0007,SESS1241,0,"{""Q0"":[""none of these""]}",birch,category_organization
ROW33315,7739,survey-multi-select,26,248442,0,P1206,STUDY0007,SESS1241,0,"{""Q0"":[""material""]}",river,category_organization
ROW33316,3058,survey-multi-select,28,255558,0,P1206,STUDY0007,SESS1241,0,"{""Q0"":[""none of these""]}",lavender,category_organization
ROW33317,4050,survey-multi-select,27,252496,0,P1206,STUDY0007,SESS1241,0,"{""Q0"":[""shape""]}",pie,category_organization
ROW33318,5400,survey-multi-select,30,265252,0,P1206,STUDY0007,SESS1241,0,"{""Q0"":[""none of these""]}",chick,category_organization
ROW33319,4283,survey-multi-select,29,259846,0,P1206,STUDY0007,SESS1241,0,"{""Q0"":[""material""]}",cigarette,category_organization
ROW33320,8711,survey-multi-select,31,273966,0,P1206,STUDY0007,SESS1241,0,"{""Q0"":[""shape""]}",mushroom,category_organization
ROW33321,8407,survey-multi-select,32,282376,0,P1206,STUDY0007,SESS1241,0,"{""Q0"":[""none of these""]}",market,category_organization
ROW33322,5053,survey-multi-select,33,287433,0,P1206,STUDY0007,SESS1241,0,"{""Q0"":[""shape""]}",elephant,category_organization
ROW33323,4392,survey-multi-select,34,291828,0,P1206,STUDY0007,SESS1241,0,"{""Q0"":[""shape""]}",hip,category_organization
ROW33324,14741,survey-multi-select,35,306573,0,P1206,STUDY0007,SESS1241,0,"{""Q0"":[""shape"",""color"",""material""]}",rock (object),category_organization
ROW33325,4827,survey-multi-select,36,311403,0,P1206,STUDY0007,SESS1241,0,"{""Q0"":[""none of these""]}",yard,category_organization
ROW33326,2168,html-button-response,37,313573,0,P1206,STUDY0007,SESS1241,0,0,,
ROW33327,8614,instructions,38,322188,0,P1206,STUDY0007,SESS1241,0,,,
ROW33328,12477,instructions,1,23714,0,P1739,STUDY0007,SESS1244,0,,,
ROW33329,15678,html-button-response,4,72171,0,P1739,STUDY0007,SESS1244,0,0,,
ROW33330,14525,html-button-response,3,56490,0,P1739,STUDY0007,SESS1244,0,0,,
ROW33331,18247,html-button-response,2,41963,0,P1739,STUDY0007,SESS1244,0,0,,
ROW33332,4469,html-button-response,5,76642,0,P1739,STUDY0007,SESS1244,0,0,,
ROW33333,11231,instructions,0,11234,0,P1739,STUDY0007,SESS1244,0,,,
ROW33334,5271,html-button-response,6,81914,0,P1739,STUDY0007,SESS1244,0,0,,
ROW33335,11676,survey-multi-select,7,93595,0,P1739,STUDY0007,SESS1244,0,"{""Q0"":[""color""]}",red,practice_category
ROW33336,6093,html-button-response,8,99690,0,P1739,STUDY0007,SESS1244,0,0,,
ROW33337,13797,survey-multi-select,9,113490,0,P1739,STUDY0007,SESS1244,0,"{""Q0"":[""none of these""]}",happiness,practice_category
ROW33338,4079,html-button-response,10,117571,0,P1739,STUDY0007,SESS1244,0,0,,
ROW33339,17589,survey-multi-select,11,135162,0,P1739,STUDY0007,SESS1244,0,"{""Q0"":[""material""]}",pottery,practice_category
ROW33340,1863,html-button-response,12,137026,0,P1739,STUDY0007,SESS1244,0,0,,
ROW33341,9661,survey-multi-select,13,146691,0,P1739,STUDY0007,SESS1244,0,"{""Q0"":[""shape""]}",square,practice_category
ROW33342,2183,html-button-response,14,148875,0,P1739,STUDY0007,SESS1244,0,0,,
ROW33343,10119,html-button-response,15,158995,0,P1739,STUDY0007,SESS1244,0,0,,
ROW33345,13909,survey-multi-select,17,194371,0,P1739,STUDY0007,SESS1244,0,"{""Q0"":[""none of these""]}",cook,category_organization
ROW33344,21462,survey-multi-select,16,180460,0,P1739,STUDY0007,SESS1244,0,"{""Q0"":[""shape""]}",pumpkin,category_organization
ROW33346,15885,survey-multi-select,18,210260,0,P1739,STUDY0007,SESS1244,0,"{""Q0"":[""none of these""]}",raisin,category_organization
ROW33347,11710,survey-multi-select,19,221972,0,P1739,STUDY0007,SESS1244,0,"{""Q0"":[""none of these""]}",fox,category_organization
ROW33348,10317,survey-multi-select,20,232292,0,P1739,STUDY0007,SESS1244,0,"{""Q0"":[""material""]}",matches,category_organization
ROW33349,7742,survey-multi-select,23,257004,0,P1739,STUDY0007,SESS1244,0,"{""Q0"":[""material""]}",pork,category_organization
ROW33351,10757,survey-multi-select,22,249260,0,P1739,STUDY0007,SESS1244,0,"{""Q0"":[""material""]}",toe,category_organization
ROW33350,6206,survey-multi-select,21,238500,0,P1739,STUDY0007,SESS1244,0,"{""Q0"":[""none of these""]}",zebra,category_organization
ROW33352,6351,survey-multi-select,24,263356,0,P1739,STUDY0007,SESS1244,0,"{""Q0"":[""none of these""]}",tiger,category_organization
ROW33353,6357,survey-multi-select,25,269717,0,P1739,STUDY0007,SESS1244,0,"{""Q0"":[""none of these""]}",snail,category_organization
ROW33354,8278,survey-multi-select,26,277996,0,P1739,STUDY0007,SESS1244,0,"{""Q0"":[""material""]}",sheet,category_organization
ROW33355,4117,survey-multi-select,29,299868,0,P1739,STUDY0007,SESS1244,0,"{""Q0"":[""material""]}",stone,category_organization
ROW33356,4870,survey-multi-select,27,282868,0,P1739,STUDY0007,SESS1244,0,"{""Q0"":[""none of these""]}",insect,category_organization
ROW33357,12878,survey-multi-select,28,295749,0,P1739,STUDY0007,SESS1244,0,"{""Q0"":[""shape"",""color"",""material""]}",thing,category_organization
ROW33358,10774,survey-multi-select,30,310644,0,P1739,STUDY0007,SESS1244,0,"{""Q0"":[""shape""]}",cradle,category_organization
ROW33359,4053,survey-multi-select,31,314700,0,P1739,STUDY0007,SESS1244,0,"{""Q0"":[""none of these""]}",lavender,category_organization
ROW33360,5566,survey-multi-select,32,320268,0,P1739,STUDY0007,SESS1244,0,"{""Q0"":[""material""]}",popcorn,category_organization
ROW33362,15686,survey-multi-select,34,343549,0,P1739,STUDY0007,SESS1244,0,"{""Q0"":[""none of these""]}",apple,category_organization
ROW33363,12438,survey-multi-select,35,355989,0,P1739,STUDY0007,SESS1244,0,"{""Q0"":[""shape"",""color"",""material""]}",watch (object),category_organization
ROW33361,7589,survey-multi-select,33,327861,0,P1739,STUDY0007,SESS1244,0,"{""Q0"":[""shape""]}",porch,category_organization
ROW33364,8214,survey-multi-select,36,364205,0,P1739,STUDY0007,SESS1244,0,"{""Q0"":[""shape"",""color"",""material""]}",telephone,category_organization
ROW33365,1847,html-button-response,37,366053,0,P1739,STUDY0007,SESS1244,0,0,,
ROW33366,8424,instructions,38,374477,0,P1739,STUDY0007,SESS1244,0,,,
ROW33367,3613,instructions,0,3617,0,P0978,STUDY0007,SESS1235,0,,,
ROW33368,4445,survey-multi-select,17,198638,0,P1551,STUDY0007,SESS1229,0,"{""Q0"":[""shape""]}",star,category_organization
ROW33369,28909,survey-multi-select,18,227550,0,P1551,STUDY0007,SESS1229,0,"{""Q0"":[""none of these""]}",goat,category_organization
ROW33370,24973,html-button-response,2,35584,0,P0978,STUDY0007,SESS1235,0,0,,
ROW33371,6328,html-button-response,3,41914,0,P0978,STUDY0007,SESS1235,0,0,,
ROW33372,6989,instructions,1,10608,0,P0978,STUDY0007,SESS1235,0,,,
ROW33373,17387,html-button-response,4,59304,0,P0978,STUDY0007,SESS1235,0,0,,
ROW33374,8075,html-button-response,5,67382,0,P0978,STUDY0007,SESS1235,0,0,,
ROW33375,3884,html-button-response,6,71267,0,P0978,STUDY0007,SESS1235,0,0,,
ROW33376,7366,survey-multi-select,7,78637,0,P0978,STUDY0007,SESS1235,0,"{""Q0"":[""color""]}",red,practice_category
ROW33378,4483,survey-multi-select,11,108053,0,P0978,STUDY0007,SESS1235,0,"{""Q0"":[""none of these""]}",happiness,practice_category
ROW33379,4062,html-button-response,8,82736,0,P0978,STUDY0007,SESS1235,0,0,,
ROW33377,18727,survey-multi-select,9,101467,0,P0978,STUDY0007,SESS1235,0,"{""Q0"":[""shape""]}",square,practice_category
ROW33380,2097,html-button-response,10,103566,0,P0978,STUDY0007,SESS1235,0,0,,
ROW33381,1925,html-button-response,12,109980,0,P0978,STUDY0007,SESS1235,0,0,,
ROW33382,15605,survey-multi-select,19,243158,0,P1551,STUDY0007,SESS1229,0,"{""Q0"":[""material""]}",back (body part),category_organization
ROW33383,6601,survey-multi-select,13,116584,0,P0978,STUDY0007,SESS1235,0,"{""Q0"":[""material""]}",pottery,practice_category
ROW33384,2303,html-button-response,14,118888,0,P0978,STUDY0007,SESS1235,0,0,,
ROW33385,7621,html-button-response,15,126510,0,P0978,STUDY0007,SESS1235,0,0,,
ROW33386,13130,survey-multi-select,18,164570,0,P0978,STUDY0007,SESS1235,0,"{""Q0"":[""shape""]}",sheet,category_organization
ROW33387,22561,survey-multi-select,16,149074,0,P0978,STUDY0007,SESS1235,0,"{""Q0"":[""none of these""]}",taxi,category_organization
ROW33388,2359,survey-multi-select,17,151437,0,P0978,STUDY0007,SESS1235,0,"{""Q0"":[""none of these""]}",lavender,category_organization
ROW33389,7478,survey-multi-select,19,172052,0,P0978,STUDY0007,SESS1235,0,"{""Q0"":[""shape""]}",pie,category_organization
ROW33390,6307,survey-multi-select,20,178362,0,P0978,STUDY0007,SESS1235,0,"{""Q0"":[""material""]}",biscuit,category_organization
ROW33391,3818,survey-multi-select,21,182184,0,P0978,STUDY0007,SESS1235,0,"{""Q0"":[""material""]}",play dough,category_organization
ROW33393,4259,survey-multi-select,23,191610,0,P0978,STUDY0007,SESS1235,0,"{""Q0"":[""shape""]}",ship,category_organization
ROW33392,5159,survey-multi-select,22,187347,0,P0978,STUDY0007,SESS1235,0,"{""Q0"":[""material""]}",tree,category_organization
ROW33394,40218,survey-multi-select,24,231832,0,P0978,STUDY0007,SESS1235,0,"{""Q0"":[""shape""]}",purse,category_organization
ROW33395,5573,survey-multi-select,20,248734,0,P1551,STUDY0007,SESS1229,0,"{""Q0"":[""material""]}",cookie,category_organization
ROW33396,19790,survey-multi-select,21,268526,0,P1551,STUDY0007,SESS1229,0,"{""Q0"":[""material""]}",sleeve,category_organization
ROW33397,28741,survey-multi-select,25,260576,0,P0978,STUDY0007,SESS1235,0,"{""Q0"":[""material""]}",cell phone,category_organization
ROW33398,8795,survey-multi-select,26,269373,0,P0978,STUDY0007,SESS1235,0,"{""Q0"":[""material""]}",cheek,category_organization
ROW33399,3839,survey-multi-select,27,273217,0,P0978,STUDY0007,SESS1235,0,"{""Q0"":[""shape""]}",doll,category_organization
ROW33400,9345,survey-multi-select,29,290058,0,P0978,STUDY0007,SESS1235,0,"{""Q0"":[""material""]}",stone,category_organization
ROW33401,7486,survey-multi-select,28,280709,0,P0978,STUDY0007,SESS1235,0,"{""Q0"":[""shape"",""material""]}",penny,category_organization
ROW33402,7547,survey-multi-select,30,297608,0,P0978,STUDY0007,SESS1235,0,"{""Q0"":[""shape"",""material""]}",hand,category_organization
ROW33403,7140,survey-multi-select,22,275669,0,P1551,STUDY0007,SESS1229,0,"{""Q0"":[""none of these""]}",lavender,category_organization
ROW33404,7528,survey-multi-select,31,305138,0,P0978,STUDY0007,SESS1235,0,"{""Q0"":[""material""]}",shrimp,category_organization
ROW33405,17348,survey-multi-select,32,322488,0,P0978,STUDY0007,SESS1235,0,"{""Q0"":[""none of these""]}",radiator,category_organization
ROW33406,49620,survey-multi-select,33,372110,0,P0978,STUDY0007,SESS1235,0,"{""Q0"":[""shape""]}",pigeon,category_organization
ROW33407,34417,survey-multi-select,34,406530,0,P0978,STUDY0007,SESS1235,0,"{""Q0"":[""shape"",""material""]}",kiwi,category_organization
ROW33408,3848,survey-multi-select,36,413274,0,P0978,STUDY0007,SESS1235,0,"{""Q0"":[""none of these""]}",tarhana,category_organization
ROW33409,2889,survey-multi-select,35,409422,0,P0978,STUDY0007,SESS1235,0,"{""Q0"":[""shape""]}",cup,category_organization
ROW33410,929,html-button-response,37,414205,0,P0978,STUDY0007,SESS1235,0,0,,
ROW33411,2325,instructions,38,416530,0,P0978,STUDY0007,SESS1235,0,,,
ROW33412,3261,survey-multi-select,23,278933,0,P1551,STUDY0007,SESS1229,0,"{""Q0"":[""none of these""]}",alligator,category_organization
ROW33413,3582,survey-multi-select,24,282518,0,P1551,STUDY0007,SESS1229,0,"{""Q0"":[""none of these""]}",soy sauce,category_organization
ROW33414,3197,survey-multi-select,25,285718,0,P1551,STUDY0007,SESS1229,0,"{""Q0"":[""none of these""]}",pig,category_organization
ROW33415,3421,survey-multi-select,26,289141,0,P1551,STUDY0007,SESS1229,0,"{""Q0"":[""none of these""]}",tomato,category_organization
ROW33416,2982,survey-multi-select,27,292126,0,P1551,STUDY0007,SESS1229,0,"{""Q0"":[""none of these""]}",stove,category_organization
ROW33417,47797,survey-multi-select,28,339926,0,P1551,STUDY0007,SESS1229,0,"{""Q0"":[""material""]}",wardrobe,category_organization
ROW33418,2300,survey-multi-select,30,344765,0,P1551,STUDY0007,SESS1229,0,"{""Q0"":[""none of these""]}",parking lot,category_organization
ROW33419,2533,survey-multi-select,29,342462,0,P1551,STUDY0007,SESS1229,0,"{""Q0"":[""none of these""]}",sheep,category_organization
ROW33420,2878,survey-multi-select,31,347645,0,P1551,STUDY0007,SESS1229,0,"{""Q0"":[""material""]}",pen,category_organization
ROW33421,19811,instructions,0,19815,0,P1726,STUDY0007,SESS1260,0,,,
ROW33422,4299,instructions,1,24115,0,P1726,STUDY0007,SESS1260,0,,,
ROW33423,13047,html-button-response,2,37164,0,P1726,STUDY0007,SESS1260,0,0,,
ROW33424,5499,html-button-response,3,42667,0,P1726,STUDY0007,SESS1260,0,0,,
ROW33425,9499,html-button-response,4,52168,0,P1726,STUDY0007,SESS1260,0,0,,
ROW33426,3768,html-button-response,5,55937,0,P1726,STUDY0007,SESS1260,0,0,,
ROW33427,4135,html-button-response,6,60073,0,P1726,STUDY0007,SESS1260,0,0,,
ROW33428,2014,survey-multi-select,32,349662,0,P1551,STUDY0007,SESS1229,0,"{""Q0"":[""none of these""]}",pita,category_organization
ROW33430,2920,survey-multi-select,34,354917,0,P1551,STUDY0007,SESS1229,0,"{""Q0"":[""none of these""]}",ladder,category_organization
ROW33429,2329,survey-multi-select,33,351994,0,P1551,STUDY0007,SESS1229,0,"{""Q0"":[""none of these""]}",mat,category_organization
ROW33431,8114,survey-multi-select,7,68196,0,P1726,STUDY0007,SESS1260,0,"{""Q0"":[""shape""]}",square,practice_category
ROW33432,1822,html-button-response,8,70020,0,P1726,STUDY0007,SESS1260,0,0,,
ROW33433,6230,survey-multi-select,9,76252,0,P1726,STUDY0007,SESS1260,0,"{""Q0"":[""color""]}",red,practice_category
ROW33434,2086,html-button-response,10,78339,0,P1726,STUDY0007,SESS1260,0,0,,
ROW33435,7442,survey-multi-select,11,85783,0,P1726,STUDY0007,SESS1260,0,"{""Q0"":[""material""]}",pottery,practice_category
ROW33436,1374,html-button-response,12,87158,0,P1726,STUDY0007,SESS1260,0,0,,
ROW33437,6757,survey-multi-select,13,93918,0,P1726,STUDY0007,SESS1260,0,"{""Q0"":[""none of these""]}",happiness,practice_category
ROW33438,1312,html-button-response,14,95231,0,P1726,STUDY0007,SESS1260,0,0,,
ROW33439,5255,html-button-response,15,100487,0,P1726,STUDY0007,SESS1260,0,0,,
ROW33440,6632,survey-multi-select,16,107122,0,P1726,STUDY0007,SESS1260,0,"{""Q0"":[""shape""]}",tie (object),category_organization
ROW33441,6796,survey-multi-select,17,113920,0,P1726,STUDY0007,SESS1260,0,"{""Q0"":[""none of these""]}",croissant,category_organization
ROW33442,6582,survey-multi-select,18,120505,0,P1726,STUDY0007,SESS1260,0,"{""Q0"":[""material""]}",mushroom,category_organization
ROW33443,7782,survey-multi-select,35,362702,0,P1551,STUDY0007,SESS1229,0,"{""Q0"":[""color""]}",smoke,category_organization
ROW33444,28644,survey-multi-select,36,391349,0,P1551,STUDY0007,SESS1229,0,"{""Q0"":[""none of these""]}",firetruck,category_organization
ROW33445,1935,html-button-response,37,393286,0,P1551,STUDY0007,SESS1229,0,0,,
ROW33447,3571,survey-multi-select,20,127518,0,P1726,STUDY0007,SESS1260,0,"{""Q0"":[""shape""]}",fork,category_organization
ROW33446,3438,survey-multi-select,19,123945,0,P1726,STUDY0007,SESS1260,0,"{""Q0"":[""shape""]}",necklace,category_organization
ROW33448,7397,survey-multi-select,21,134917,0,P1726,STUDY0007,SESS1260,0,"{""Q0"":[""material""]}",turkey,category_organization
ROW33449,3713,survey-multi-select,22,138633,0,P1726,STUDY0007,SESS1260,0,"{""Q0"":[""shape""]}",crane,category_organization
ROW33450,2866,survey-multi-select,23,141501,0,P1726,STUDY0007,SESS1260,0,"{""Q0"":[""shape""]}",swimsuit,category_organization
ROW33451,4089,survey-multi-select,24,145592,0,P1726,STUDY0007,SESS1260,0,"{""Q0"":[""material""]}",applesauce,category_organization
ROW33452,7873,survey-multi-select,25,153467,0,P1726,STUDY0007,SESS1260,0,"{""Q0"":[""shape""]}",tape,category_organization
ROW33453,2672,survey-multi-select,27,159419,0,P1726,STUDY0007,SESS1260,0,"{""Q0"":[""material""]}",sugar,category_organization
ROW33454,3276,survey-multi-select,26,156745,0,P1726,STUDY0007,SESS1260,0,"{""Q0"":[""material""]}",ginger,category_organization
ROW33456,6595,survey-multi-select,29,169928,0,P1726,STUDY0007,SESS1260,0,"{""Q0"":[""material""]}",lake,category_organization
ROW33457,4723,survey-multi-select,30,174653,0,P1726,STUDY0007,SESS1260,0,"{""Q0"":[""material""]}",bun,category_organization
ROW33455,3909,survey-multi-select,28,163331,0,P1726,STUDY0007,SESS1260,0,"{""Q0"":[""shape""]}",tablecloth,category_organization
ROW33458,4655,instructions,38,397941,0,P1551,STUDY0007,SESS1229,0,,,
ROW33459,2791,survey-multi-select,31,177446,0,P1726,STUDY0007,SESS1260,0,"{""Q0"":[""material""]}",yogurt,category_organization
ROW33460,3931,survey-multi-select,32,181378,0,P1726,STUDY0007,SESS1260,0,"{""Q0"":[""none of these""]}",lavender,category_organization
ROW33461,3987,survey-multi-select,33,185368,0,P1726,STUDY0007,SESS1260,0,"{""Q0"":[""material""]}",chicken (food),category_organization
ROW33462,4239,survey-multi-select,34,189609,0,P1726,STUDY0007,SESS1260,0,"{""Q0"":[""shape""]}",basin,category_organization
ROW33463,2788,survey-multi-select,35,192399,0,P1726,STUDY0007,SESS1260,0,"{""Q0"":[""shape""]}",crib,category_organization
ROW33464,2644,survey-multi-select,36,195045,0,P1726,STUDY0007,SESS1260,0,"{""Q0"":[""shape""]}",hat,category_organization
ROW33465,1234,html-button-response,37,196281,0,P1726,STUDY0007,SESS1260,0,0,,
ROW33466,3839,instructions,38,200120,0,P1726,STUDY0007,SESS1260,0,,,
ROW33467,4555,instructions,0,4556,0,P1658,STUDY0007,SESS1252,0,,,
ROW33468,9023,instructions,1,13580,0,P1658,STUDY0007,SESS1252,0,,,
ROW33469,16080,html-button-response,2,29662,0,P1658,STUDY0007,SESS1252,0,0,,
ROW33470,9906,html-button-response,3,39569,0,P1658,STUDY0007,SESS1252,0,0,,
ROW33471,18677,html-button-response,4,58246,0,P1658,STUDY0007,SESS1252,0,0,,
ROW33472,3813,html-button-response,5,62057,0,P1658,STUDY0007,SESS1252,0,0,,
ROW33473,8978,html-button-response,6,71037,0,P1658,STUDY0007,SESS1252,0,0,,
ROW33474,12511,survey-multi-select,7,83550,0,P1658,STUDY0007,SESS1252,0,"{""Q0"":[""none of these""]}",happiness,practice_category
ROW33475,1502,html-button-response,8,85053,0,P1658,STUDY0007,SESS1252,0,0,,
ROW33476,11360,survey-multi-select,9,96414,0,P1658,STUDY0007,SESS1252,0,"{""Q0"":[""material""]}",pottery,practice_category
ROW33477,1243,html-button-response,10,97659,0,P1658,STUDY0007,SESS1252,0,0,,
ROW33478,17547,survey-multi-select,11,115208,0,P1658,STUDY0007,SESS1252,0,"{""Q0"":[""shape"",""color""]}",red,practice_category
ROW33479,4323,html-button-response,12,119530,0,P1658,STUDY0007,SESS1252,0,0,,
ROW33480,4021,survey-multi-select,13,123552,0,P1658,STUDY0007,SESS1252,0,"{""Q0"":[""shape""]}",square,practice_category
ROW33481,805,html-button-response,14,124358,0,P1658,STUDY0007,SESS1252,0,0,,
ROW33482,3295,html-button-response,15,127653,0,P1658,STUDY0007,SESS1252,0,0,,
ROW33483,5431,survey-multi-select,16,133086,0,P1658,STUDY0007,SESS1252,0,"{""Q0"":[""material""]}",straw,category_organization
ROW33484,16994,survey-multi-select,17,150081,0,P1658,STUDY0007,SESS1252,0,"{""Q0"":[""shape""]}",pig,category_organization
ROW33485,5171,survey-multi-select,18,155254,0,P1658,STUDY0007,SESS1252,0,"{""Q0"":[""shape""]}",letter,category_organization
ROW33486,20721,survey-multi-select,19,175976,0,P1658,STUDY0007,SESS1252,0,"{""Q0"":[""material""]}",pencil,category_organization
ROW33487,14929,survey-multi-select,20,190905,0,P1658,STUDY0007,SESS1252,0,"{""Q0"":[""none of these""]}",balcony,category_organization
ROW33488,13540,survey-multi-select,21,204446,0,P1658,STUDY0007,SESS1252,0,"{""Q0"":[""material""]}",beans,category_organization
ROW33489,10123,survey-multi-select,22,214570,0,P1658,STUDY0007,SESS1252,0,"{""Q0"":[""material""]}",chickpea,category_organization
ROW33490,13957,survey-multi-select,23,228528,0,P1658,STUDY0007,SESS1252,0,"{""Q0"":[""shape""]}",window,category_organization
ROW33491,8359,survey-multi-select,24,236888,0,P1658,STUDY0007,SESS1252,0,"{""Q0"":[""shape""]}",snake,category_organization
ROW33492,7619,survey-multi-select,25,244507,0,P1658,STUDY0007,SESS1252,0,"{""Q0"":[""shape""]}",spoon,category_organization
ROW33493,8511,survey-multi-select,26,253019,0,P1658,STUDY0007,SESS1252,0,"{""Q0"":[""none of these""]}",soda,category_organization
ROW33494,6827,survey-multi-select,27,259847,0,P1658,STUDY0007,SESS1252,0,"{""Q0"":[""none of these""]}",croissant,category_organization
ROW33495,3186,survey-multi-select,28,263034,0,P1658,STUDY0007,SESS1252,0,"{""Q0"":[""shape""]}",macaroni,category_organization
ROW33496,14081,survey-multi-select,29,277116,0,P1658,STUDY0007,SESS1252,0,"{""Q0"":[""shape"",""color""]}",watermelon,category_organization
ROW33497,6431,survey-multi-select,30,283548,0,P1658,STUDY0007,SESS1252,0,"{""Q0"":[""shape"",""color""]}",parrot,category_organization
ROW33498,5993,survey-multi-select,31,289542,0,P1658,STUDY0007,SESS1252,0,"{""Q0"":[""shape""]}",ladder,category_organization
ROW33499,3647,survey-multi-select,32,293191,0,P1658,STUDY0007,SESS1252,0,"{""Q0"":[""none of these""]}",lavender,category_organization
ROW33500,3668,survey-multi-select,33,296860,0,P1658,STUDY0007,SESS1252,0,"{""Q0"":[""material""]}",rag,category_organization
ROW33501,6396,survey-multi-select,34,303255,0,P1658,STUDY0007,SESS1252,0,"{""Q0"":[""shape"",""material""]}",sandal,category_organization
ROW33502,3790,survey-multi-select,35,307046,0,P1658,STUDY0007,SESS1252,0,"{""Q0"":[""shape""]}",microphone,category_organization
ROW33503,2805,survey-multi-select,36,309853,0,P1658,STUDY0007,SESS1252,0,"{""Q0"":[""shape""]}",tiger,category_organization
ROW33504,1079,html-button-response,37,310932,0,P1658,STUDY0007,SESS1252,0,0,,
ROW33505,2007,instructions,38,312940,0,P1658,STUDY0007,SESS1252,0,,,
ROW33506,2013,instructions,0,2013,0,P0820,STUDY0007,SESS1259,0,,,
ROW33507,6766,instructions,1,8777,0,P0820,STUDY0007,SESS1259,0,,,
ROW33508,18150,html-button-response,2,26928,0,P0820,STUDY0007,SESS1259,0,0,,
ROW33509,5841,html-button-response,3,32774,0,P0820,STUDY0007,SESS1259,0,0,,
ROW33510,11417,html-button-response,4,44192,0,P0820,STUDY0007,SESS1259,0,0,,
ROW33511,13372,survey-multi-select,7,68535,0,P0820,STUDY0007,SESS1259,0,"{""Q0"":[""none of these""]}",happiness,practice_category
ROW33512,7081,html-button-response,5,51275,0,P0820,STUDY0007,SESS1259,0,0,,
ROW33513,3879,html-button-response,6,55157,0,P0820,STUDY0007,SESS1259,0,0,,
ROW33514,1696,html-button-response,8,70240,0,P0820,STUDY0007,SESS1259,0,0,,
ROW33515,5829,survey-multi-select,9,76074,0,P0820,STUDY0007,SESS1259,0,"{""Q0"":[""shape""]}",square,practice_category
ROW33516,680,html-button-response,10,76756,0,P0820,STUDY0007,SESS1259,0,0,,
ROW33517,7782,survey-multi-select,11,84541,0,P0820,STUDY0007,SESS1259,0,"{""Q0"":[""shape"",""material""]}",pottery,practice_category
ROW33518,2946,html-button-response,12,87489,0,P0820,STUDY0007,SESS1259,0,0,,
ROW33519,11801,survey-multi-select,13,99291,0,P0820,STUDY0007,SESS1259,0,"{""Q0"":[""color""]}",red,practice_category
ROW33520,1646,html-button-response,14,100941,0,P0820,STUDY0007,SESS1259,0,0,,
ROW33521,4630,html-button-response,15,105573,0,P0820,STUDY0007,SESS1259,0,0,,
ROW33522,24062,survey-multi-select,16,129639,0,P0820,STUDY0007,SESS1259,0,"{""Q0"":[""none of these""]}",earring,category_organization
ROW33523,4897,survey-multi-select,17,134540,0,P0820,STUDY0007,SESS1259,0,"{""Q0"":[""shape""]}",jar,category_organization
ROW33524,11283,survey-multi-select,18,145825,0,P0820,STUDY0007,SESS1259,0,"{""Q0"":[""shape""]}",octopus,category_organization
ROW33525,6528,survey-multi-select,19,152356,0,P0820,STUDY0007,SESS1259,0,"{""Q0"":[""none of these""]}",tummy,category_organization
ROW33526,10081,survey-multi-select,20,162441,0,P0820,STUDY0007,SESS1259,0,"{""Q0"":[""material""]}",yogurt drink,category_organization
ROW33527,11527,survey-multi-select,21,173971,0,P0820,STUDY0007,SESS1259,0,"{""Q0"":[""shape""]}",bull,category_organization
ROW33528,5701,survey-multi-select,22,179675,0,P0820,STUDY0007,SESS1259,0,"{""Q0"":[""material""]}",sand,category_organization
ROW33529,2062,survey-multi-select,23,181741,0,P0820,STUDY0007,SESS1259,0,"{""Q0"":[""none of these""]}",lavender,category_organization
ROW33530,6096,survey-multi-select,24,187841,0,P0820,STUDY0007,SESS1259,0,"{""Q0"":[""color"",""material""]}",orange juice,category_organization
ROW33531,11640,survey-multi-select,25,199490,0,P0820,STUDY0007,SESS1259,0,"{""Q0"":[""none of these""]}",radio,category_organization
ROW33532,6578,survey-multi-select,26,206073,0,P0820,STUDY0007,SESS1259,0,"{""Q0"":[""shape""]}",shoe,category_organization
ROW33533,11462,survey-multi-select,27,217538,0,P0820,STUDY0007,SESS1259,0,"{""Q0"":[""shape""]}",rake (object),category_organization
ROW33534,10115,survey-multi-select,28,227657,0,P0820,STUDY0007,SESS1259,0,"{""Q0"":[""shape""]}",elbow,category_organization
ROW33535,8879,survey-multi-select,29,236540,0,P0820,STUDY0007,SESS1259,0,"{""Q0"":[""none of these""]}",vacuum cleaner,category_organization
ROW33536,9911,survey-multi-select,30,246457,0,P0820,STUDY0007,SESS1259,0,"{""Q0"":[""shape"",""material""]}",boulder,category_organization
ROW33537,5865,survey-multi-select,31,252328,0,P0820,STUDY0007,SESS1259,0,"{""Q0"":[""none of these""]}",yum yum,category_organization
ROW33538,6863,survey-multi-select,32,259206,0,P0820,STUDY0007,SESS1259,0,"{""Q0"":[""none of these""]}",bank,category_organization
ROW33539,13047,survey-multi-select,33,272256,0,P0820,STUDY0007,SESS1259,0,"{""Q0"":[""shape""]}",eagle,category_organization
ROW33540,4762,survey-multi-select,34,277021,0,P0820,STUDY0007,SESS1259,0,"{""Q0"":[""shape""]}",truck,category_organization
ROW33541,13846,survey-multi-select,35,290869,0,P0820,STUDY0007,SESS1259,0,"{""Q0"":[""none of these""]}",drink (beverage),category_organization
ROW33542,8352,survey-multi-select,36,299223,0,P0820,STUDY0007,SESS1259,0,"{""Q0"":[""shape"",""material""]}",keys,category_organization
ROW33543,2815,instructions,38,303038,0,P0820,STUDY0007,SESS1259,0,,,
ROW33544,995,html-button-response,37,300221,0,P0820,STUDY0007,SESS1259,0,0,,
ROW33545,6201,instructions,0,6202,0,P1783,STUDY0007,SESS1257,0,,,
ROW33546,5720,html-button-response,3,33942,0,P1783,STUDY0007,SESS1257,0,0,,
ROW33547,14089,html-button-response,2,28222,0,P1783,STUDY0007,SESS1257,0,0,,
ROW33548,10475,html-button-response,4,44417,0,P1783,STUDY0007,SESS1257,0,0,,
ROW33549,6705,html-button-response,5,51123,0,P1783,STUDY0007,SESS1257,0,0,,
ROW33550,7929,instructions,1,14132,0,P1783,STUDY0007,SESS1257,0,,,
ROW33551,17434,survey-multi-select,7,75717,0,P1783,STUDY0007,SESS1257,0,"{""Q0"":[""color""]}",red,practice_category
ROW33552,7159,html-button-response,6,58282,0,P1783,STUDY0007,SESS1257,0,0,,
ROW33554,14099,survey-multi-select,9,95507,0,P1783,STUDY0007,SESS1257,0,"{""Q0"":[""shape"",""material""]}",pottery,practice_category
ROW33553,5689,html-button-response,8,81407,0,P1783,STUDY0007,SESS1257,0,0,,
ROW33555,9350,html-button-response,10,104857,0,P1783,STUDY0007,SESS1257,0,0,,
ROW33556,26534,survey-multi-select,11,131392,0,P1783,STUDY0007,SESS1257,0,"{""Q0"":[""none of these""]}",happiness,practice_category
ROW33557,1635,html-button-response,12,133028,0,P1783,STUDY0007,SESS1257,0,0,,
ROW33558,4439,survey-multi-select,13,137467,0,P1783,STUDY0007,SESS1257,0,"{""Q0"":[""shape""]}",square,practice_category
ROW33559,680,html-button-response,14,138147,0,P1783,STUDY0007,SESS1257,0,0,,
ROW33560,4085,html-button-response,15,142232,0,P1783,STUDY0007,SESS1257,0,0,,
ROW33561,9885,survey-multi-select,16,152118,0,P1783,STUDY0007,SESS1257,0,"{""Q0"":[""none of these""]}",newspaper,category_organization
ROW33562,10674,survey-multi-select,17,162792,0,P1783,STUDY0007,SESS1257,0,"{""Q0"":[""none of these""]}",rat,category_organization
ROW33563,13489,survey-multi-select,18,176282,0,P1783,STUDY0007,SESS1257,0,"{""Q0"":[""shape""]}",cat,category_organization
ROW33564,6574,survey-multi-select,19,182857,0,P1783,STUDY0007,SESS1257,0,"{""Q0"":[""shape""]}",teapot,category_organization
ROW33565,2149,survey-multi-select,21,199177,0,P1783,STUDY0007,SESS1257,0,"{""Q0"":[""none of these""]}",lavender,category_organization
ROW33566,14169,survey-multi-select,20,197027,0,P1783,STUDY0007,SESS1257,0,"{""Q0"":[""none of these""]}",iron (object),category_organization
ROW33567,6081,survey-multi-select,22,205258,0,P1783,STUDY0007,SESS1257,0,"{""Q0"":[""material""]}",spinach,category_organization
ROW33568,5723,survey-multi-select,23,210982,0,P1783,STUDY0007,SESS1257,0,"{""Q0"":[""shape""]}",shovel,category_organization
ROW33569,29199,survey-multi-select,24,240182,0,P1783,STUDY0007,SESS1257,0,"{""Q0"":[""none of these""]}",clementine,category_organization
ROW33570,4159,survey-multi-select,25,244342,0,P1783,STUDY0007,SESS1257,0,"{""Q0"":[""none of these""]}",piglet,category_organization
ROW33571,2494,survey-multi-select,26,246837,0,P1783,STUDY0007,SESS1257,0,"{""Q0"":[""none of these""]}",animal,category_organization
ROW33572,3565,survey-multi-select,27,250402,0,P1783,STUDY0007,SESS1257,0,"{""Q0"":[""none of these""]}",bedroom,category_organization
ROW33573,6524,survey-multi-select,28,256927,0,P1783,STUDY0007,SESS1257,0,"{""Q0"":[""shape""]}",pineapple,category_organization
ROW33574,6264,survey-multi-select,29,263192,0,P1783,STUDY0007,SESS1257,0,"{""Q0"":[""shape""]}",cap,category_organization
ROW33575,2749,survey-multi-select,30,265942,0,P1783,STUDY0007,SESS1257,0,"{""Q0"":[""shape""]}",spoon,category_organization
ROW33576,6289,survey-multi-select,31,272232,0,P1783,STUDY0007,SESS1257,0,"{""Q0"":[""shape"",""material""]}",tortilla,category_organization
ROW33577,6104,survey-multi-select,32,278337,0,P1783,STUDY0007,SESS1257,0,"{""Q0"":[""shape""]}",key,category_organization
ROW33578,5135,survey-multi-select,33,283473,0,P1783,STUDY0007,SESS1257,0,"{""Q0"":[""material""]}",sponge,category_organization
ROW33579,1704,survey-multi-select,34,285177,0,P1783,STUDY0007,SESS1257,0,"{""Q0"":[""none of these""]}",dining room,category_organization
ROW33580,4324,survey-multi-select,35,289502,0,P1783,STUDY0007,SESS1257,0,"{""Q0"":[""shape""]}",hedgehog,category_organization
ROW33581,4405,survey-multi-select,36,293907,0,P1783,STUDY0007,SESS1257,0,"{""Q0"":[""shape""]}",bed,category_organization
ROW33582,1270,html-button-response,37,295177,0,P1783,STUDY0007,SESS1257,0,0,,
ROW33583,6500,instructions,38,301677,0,P1783,STUDY0007,SESS1257,0,,,
ROW33584,7648,instructions,0,7649,0,P1158,STUDY0007,SESS1223,0,,,
ROW33585,18719,html-button-response,2,32030,0,P1158,STUDY0007,SESS1223,0,0,,
ROW33586,5659,instructions,1,13309,0,P1158,STUDY0007,SESS1223,0,,,
ROW33587,10191,html-button-response,6,70113,0,P1158,STUDY0007,SESS1223,0,0,,
ROW33588,4808,html-button-response,5,59921,0,P1158,STUDY0007,SESS1223,0,0,,
ROW33589,13059,html-button-response,4,55113,0,P1158,STUDY0007,SESS1223,0,0,,
ROW33590,10023,html-button-response,3,42053,0,P1158,STUDY0007,SESS1223,0,0,,
ROW33591,11807,survey-multi-select,7,81921,0,P1158,STUDY0007,SESS1223,0,"{""Q0"":[""shape""]}",square,practice_category
ROW33592,12734,survey-multi-select,9,97397,0,P1158,STUDY0007,SESS1223,0,"{""Q0"":[""material""]}",pottery,practice_category
ROW33593,2738,html-button-response,8,84661,0,P1158,STUDY0007,SESS1223,0,0,,
ROW33594,2739,html-button-response,10,100137,0,P1158,STUDY0007,SESS1223,0,0,,
ROW33595,8210,survey-multi-select,11,108349,0,P1158,STUDY0007,SESS1223,0,"{""Q0"":[""none of these""]}",happiness,practice_category
ROW33596,1307,html-button-response,12,109657,0,P1158,STUDY0007,SESS1223,0,0,,
ROW33597,8163,survey-multi-select,13,117821,0,P1158,STUDY0007,SESS1223,0,"{""Q0"":[""color""]}",red,practice_category
ROW33598,1747,html-button-response,14,119569,0,P1158,STUDY0007,SESS1223,0,0,,
ROW33599,5504,html-button-response,15,125073,0,P1158,STUDY0007,SESS1223,0,0,,
ROW33600,8091,survey-multi-select,18,158933,0,P1158,STUDY0007,SESS1223,0,"{""Q0"":[""shape""]}",fan,category_organization
ROW33601,11550,survey-multi-select,16,136625,0,P1158,STUDY0007,SESS1223,0,"{""Q0"":[""shape""]}",drain (object),category_organization
ROW33602,14215,survey-multi-select,17,150841,0,P1158,STUDY0007,SESS1223,0,"{""Q0"":[""material""]}",porridge,category_organization
ROW33603,36727,survey-multi-select,19,195661,0,P1158,STUDY0007,SESS1223,0,"{""Q0"":[""material""]}",macaroni,category_organization
ROW33604,34734,survey-multi-select,20,230397,0,P1158,STUDY0007,SESS1223,0,"{""Q0"":[""shape""]}",lizard,category_organization
ROW33605,9582,survey-multi-select,21,239981,0,P1158,STUDY0007,SESS1223,0,"{""Q0"":[""none of these""]}",yard,category_organization
ROW33606,50603,survey-multi-select,24,311309,0,P1158,STUDY0007,SESS1223,0,"{""Q0"":[""none of these""]}",washing machine,category_organization
ROW33607,9759,survey-multi-select,22,249741,0,P1158,STUDY0007,SESS1223,0,"{""Q0"":[""shape""]}",bottle,category_organization
ROW33608,10963,survey-multi-select,23,260705,0,P1158,STUDY0007,SESS1223,0,"{""Q0"":[""material""]}",liver (food),category_organization
ROW33609,2506,survey-multi-select,25,313817,0,P1158,STUDY0007,SESS1223,0,"{""Q0"":[""none of these""]}",lavender,category_organization
ROW33610,12959,survey-multi-select,26,326777,0,P1158,STUDY0007,SESS1223,0,"{""Q0"":[""material""]}",grapes,category_organization
ROW33611,20935,survey-multi-select,27,347713,0,P1158,STUDY0007,SESS1223,0,"{""Q0"":[""shape""]}",puppet,category_organization
ROW33612,14807,survey-multi-select,28,362521,0,P1158,STUDY0007,SESS1223,0,"{""Q0"":[""shape""]}",dog,category_organization
ROW33613,15878,survey-multi-select,29,378401,0,P1158,STUDY0007,SESS1223,0,"{""Q0"":[""shape""]}",pancake,category_organization
ROW33614,8815,survey-multi-select,30,387217,0,P1158,STUDY0007,SESS1223,0,"{""Q0"":[""shape""]}",crane,category_organization
ROW33615,27542,survey-multi-select,31,414761,0,P1158,STUDY0007,SESS1223,0,"{""Q0"":[""shape"",""material""]}",passion fruit,category_organization
ROW33616,6782,survey-multi-select,33,444737,0,P1158,STUDY0007,SESS1223,0,"{""Q0"":[""shape"",""material""]}",melon,category_organization
ROW33617,23191,survey-multi-select,32,437953,0,P1158,STUDY0007,SESS1223,0,"{""Q0"":[""shape""]}",bidet,category_organization
ROW33618,10627,survey-multi-select,34,455365,0,P1158,STUDY0007,SESS1223,0,"{""Q0"":[""shape"",""material""]}",piano,category_organization
ROW33619,11899,survey-multi-select,35,467265,0,P1158,STUDY0007,SESS1223,0,"{""Q0"":[""shape""]}",coffee table,category_organization
ROW33620,6103,survey-multi-select,36,473369,0,P1158,STUDY0007,SESS1223,0,"{""Q0"":[""material""]}",flour,category_organization
ROW33621,1803,html-button-response,37,475173,0,P1158,STUDY0007,SESS1223,0,0,,
ROW33622,4276,instructions,38,479449,0,P1158,STUDY0007,SESS1223,0,,,
ROW33623,5305,instructions,0,5308,0,P0377,STUDY0007,SESS1251,0,,,
ROW33624,12509,instructions,1,17819,0,P0377,STUDY0007,SESS1251,0,,,
ROW33625,30294,html-button-response,2,48116,0,P0377,STUDY0007,SESS1251,0,0,,
ROW33626,10204,html-button-response,3,58322,0,P0377,STUDY0007,SESS1251,0,0,,
ROW33627,21254,html-button-response,4,79578,0,P0377,STUDY0007,SESS1251,0,0,,
ROW33628,4078,html-button-response,5,83658,0,P0377,STUDY0007,SESS1251,0,0,,
ROW33629,20342,html-button-response,6,104001,0,P0377,STUDY0007,SESS1251,0,0,,
ROW33630,3861,html-button-response,8,119625,0,P0377,STUDY0007,SESS1251,0,0,,
ROW33631,11757,survey-multi-select,7,115762,0,P0377,STUDY0007,SESS1251,0,"{""Q0"":[""shape""]}",square,practice_category
ROW33632,10030,survey-multi-select,9,129658,0,P0377,STUDY0007,SESS1251,0,"{""Q0"":[""none of these""]}",happiness,practice_category
ROW33633,2383,html-button-response,10,132041,0,P0377,STUDY0007,SESS1251,0,0,,
ROW33634,25325,survey-multi-select,11,157369,0,P0377,STUDY0007,SESS1251,0,"{""Q0"":[""material""]}",pottery,practice_category
ROW33635,3232,html-button-response,12,160602,0,P0377,STUDY0007,SESS1251,0,0,,
ROW33636,12134,survey-multi-select,16,195721,0,P0377,STUDY0007,SESS1251,0,"{""Q0"":[""none of these""]}",brush (object),category_organization
ROW33637,1998,html-button-response,14,179641,0,P0377,STUDY0007,SESS1251,0,0,,
ROW33638,3943,html-button-response,15,183584,0,P0377,STUDY0007,SESS1251,0,0,,
ROW33639,17037,survey-multi-select,13,177641,0,P0377,STUDY0007,SESS1251,0,"{""Q0"":[""color""]}",red,practice_category
ROW33640,21596,survey-multi-select,17,217320,0,P0377,STUDY0007,SESS1251,0,"{""Q0"":[""shape""]}",traffic light,category_organization
ROW33641,8598,survey-multi-select,18,225920,0,P0377,STUDY0007,SESS1251,0,"{""Q0"":[""shape""]}",wheel,category_organization
ROW33642,21397,survey-multi-select,19,247320,0,P0377,STUDY0007,SESS1251,0,"{""Q0"":[""material""]}",jam,category_organization
ROW33643,10199,survey-multi-select,20,257521,0,P0377,STUDY0007,SESS1251,0,"{""Q0"":[""shape""]}",bee,category_organization
ROW33644,8964,survey-multi-select,21,266488,0,P0377,STUDY0007,SESS1251,0,"{""Q0"":[""shape""]}",cot,category_organization
ROW33645,9022,survey-multi-select,22,275512,0,P0377,STUDY0007,SESS1251,0,"{""Q0"":[""shape"",""material""]}",pretzel,category_organization
ROW33646,10318,survey-multi-select,23,285832,0,P0377,STUDY0007,SESS1251,0,"{""Q0"":[""shape"",""material""]}",hip,category_organization
ROW33647,8021,survey-multi-select,24,293855,0,P0377,STUDY0007,SESS1251,0,"{""Q0"":[""material""]}",toothpaste,category_organization
ROW33648,2230,instructions,0,2233,0,P0108,STUDY0007,SESS1262,0,,,
ROW33649,4221,instructions,0,4222,0,P0024,STUDY0007,SESS1221,0,,,
ROW33650,6076,instructions,1,8310,0,P0108,STUDY0007,SESS1262,0,,,
ROW33651,13952,html-button-response,2,22263,0,P0108,STUDY0007,SESS1262,0,0,,
ROW33652,7626,html-button-response,3,29890,0,P0108,STUDY0007,SESS1262,0,0,,
ROW33653,4479,html-button-response,5,48449,0,P0108,STUDY0007,SESS1262,0,0,,
ROW33654,14078,html-button-response,4,43969,0,P0108,STUDY0007,SESS1262,0,0,,
ROW33655,4646,html-button-response,6,53096,0,P0108,STUDY0007,SESS1262,0,0,,
ROW33656,102415,html-button-response,2,244009,0,P0024,STUDY0007,SESS1221,0,0,,
ROW33657,137367,instructions,1,141591,0,P0024,STUDY0007,SESS1221,0,,,
ROW33658,3994,html-button-response,3,248006,0,P0024,STUDY0007,SESS1221,0,0,,
ROW33659,4132,html-button-response,4,252140,0,P0024,STUDY0007,SESS1221,0,0,,
ROW33660,2050,html-button-response,5,254190,0,P0024,STUDY0007,SESS1221,0,0,,
ROW33661,2298,html-button-response,6,256489,0,P0024,STUDY0007,SESS1221,0,0,,
ROW33662,6746,survey-multi-select,7,263242,0,P0024,STUDY0007,SESS1221,0,"{""Q0"":[""color""]}",red,practice_category
ROW33663,8615,survey-multi-select,9,273357,0,P0024,STUDY0007,SESS1221,0,"{""Q0"":[""none of these""]}",happiness,practice_category
ROW33664,4827,survey-multi-select,11,279972,0,P0024,STUDY0007,SESS1221,0,"{""Q0"":[""shape""]}",square,practice_category
ROW33665,1496,html-button-response,8,264740,0,P0024,STUDY0007,SESS1221,0,0,,
ROW33666,1783,html-button-response,10,275142,0,P0024,STUDY0007,SESS1221,0,0,,
ROW33667,1050,html-button-response,12,281023,0,P0024,STUDY0007,SESS1221,0,0,,
ROW33668,2465,html-button-response,8,63184,0,P0108,STUDY0007,SESS1262,0,0,,
ROW33669,7618,survey-multi-select,7,60715,0,P0108,STUDY0007,SESS1262,0,"{""Q0"":[""color""]}",red,practice_category
ROW33670,5600,survey-multi-select,9,68786,0,P0108,STUDY0007,SESS1262,0,"{""Q0"":[""shape""]}",square,practice_category
ROW33671,1541,html-button-response,12,76746,0,P0108,STUDY0007,SESS1262,0,0,,
ROW33672,1285,html-button-response,10,70072,0,P0108,STUDY0007,SESS1262,0,0,,
ROW33673,5130,survey-multi-select,11,75204,0,P0108,STUDY0007,SESS1262,0,"{""Q0"":[""none of these""]}",happiness,practice_category
ROW33674,8197,survey-multi-select,13,289222,0,P0024,STUDY0007,SESS1221,0,"{""Q0"":[""material""]}",pottery,practice_category
ROW33675,1650,html-button-response,14,290873,0,P0024,STUDY0007,SESS1221,0,0,,
ROW33676,3398,html-button-response,15,294274,0,P0024,STUDY0007,SESS1221,0,0,,
ROW33677,10095,survey-multi-select,16,304372,0,P0024,STUDY0007,SESS1221,0,"{""Q0"":[""none of these""]}",gas,category_organization
ROW33678,6316,survey-multi-select,17,310689,0,P0024,STUDY0007,SESS1221,0,"{""Q0"":[""material""]}",stool,category_organization
ROW33679,3499,survey-multi-select,18,314190,0,P0024,STUDY0007,SESS1221,0,"{""Q0"":[""none of these""]}",bat (animal),category_organization
ROW33680,8398,survey-multi-select,19,322590,0,P0024,STUDY0007,SESS1221,0,"{""Q0"":[""shape""]}",goal,category_organization
ROW33681,7986,survey-multi-select,13,84733,0,P0108,STUDY0007,SESS1262,0,"{""Q0"":[""material""]}",pottery,practice_category
ROW33682,2995,html-button-response,15,88854,0,P0108,STUDY0007,SESS1262,0,0,,
ROW33683,1124,html-button-response,14,85858,0,P0108,STUDY0007,SESS1262,0,0,,
ROW33684,5400,survey-multi-select,16,94256,0,P0108,STUDY0007,SESS1262,0,"{""Q0"":[""none of these""]}",house,category_organization
ROW33685,9674,survey-multi-select,17,103931,0,P0108,STUDY0007,SESS1262,0,"{""Q0"":[""none of these""]}",mat,category_organization
ROW33686,3319,survey-multi-select,18,107251,0,P0108,STUDY0007,SESS1262,0,"{""Q0"":[""none of these""]}",salad,category_organization
ROW33687,26947,survey-multi-select,20,349539,0,P0024,STUDY0007,SESS1221,0,"{""Q0"":[""none of these""]}",fish (food),category_organization
ROW33688,2633,survey-multi-select,24,369923,0,P0024,STUDY0007,SESS1221,0,"{""Q0"":[""none of these""]}",kimchi,category_organization
ROW33689,3066,survey-multi-select,22,356923,0,P0024,STUDY0007,SESS1221,0,"{""Q0"":[""none of these""]}",dog,category_organization
ROW33692,3382,survey-multi-select,25,373307,0,P0024,STUDY0007,SESS1221,0,"{""Q0"":[""shape""]}",tunnel,category_organization
ROW33690,4315,survey-multi-select,21,353855,0,P0024,STUDY0007,SESS1221,0,"{""Q0"":[""none of these""]}",sour cream,category_organization
ROW33691,10364,survey-multi-select,23,367289,0,P0024,STUDY0007,SESS1221,0,"{""Q0"":[""material""]}",salad,category_organization
ROW33693,45613,survey-multi-select,26,418922,0,P0024,STUDY0007,SESS1221,0,"{""Q0"":[""shape""]}",coffee table,category_organization
ROW33694,3800,survey-multi-select,27,422724,0,P0024,STUDY0007,SESS1221,0,"{""Q0"":[""material""]}",fire,category_organization
ROW33695,10013,survey-multi-select,28,432740,0,P0024,STUDY0007,SESS1221,0,"{""Q0"":[""material""]}",rag,category_organization
ROW33696,2049,survey-multi-select,29,434790,0,P0024,STUDY0007,SESS1221,0,"{""Q0"":[""material""]}",clothes,category_organization
ROW33697,4513,survey-multi-select,19,111766,0,P0108,STUDY0007,SESS1262,0,"{""Q0"":[""shape""]}",play pen,category_organization
ROW33698,57365,survey-multi-select,30,492157,0,P0024,STUDY0007,SESS1221,0,"{""Q0"":[""color""]}",paint (object),category_organization
ROW33699,11631,survey-multi-select,31,503791,0,P0024,STUDY0007,SESS1221,0,"{""Q0"":[""none of these""]}",pineapple,category_organization
ROW33700,7038,survey-multi-select,20,118805,0,P0108,STUDY0007,SESS1262,0,"{""Q0"":[""none of these""]}",dessert,category_organization
ROW33701,7260,survey-multi-select,21,126066,0,P0108,STUDY0007,SESS1262,0,"{""Q0"":[""shape""]}",teapot,category_organization
ROW33702,2614,survey-multi-select,34,510657,0,P0024,STUDY0007,SESS1221,0,"{""Q0"":[""none of these""]}",clown,category_organization
ROW33703,1748,survey-multi-select,33,508041,0,P0024,STUDY0007,SESS1221,0,"{""Q0"":[""none of these""]}",crocodile,category_organization
ROW33704,2499,survey-multi-select,32,506291,0,P0024,STUDY0007,SESS1221,0,"{""Q0"":[""none of these""]}",dragon,category_organization
ROW33705,4566,survey-multi-select,35,515224,0,P0024,STUDY0007,SESS1221,0,"{""Q0"":[""none of these""]}",penis,category_organization
ROW33706,7667,survey-multi-select,22,133735,0,P0108,STUDY0007,SESS1262,0,"{""Q0"":[""material""]}",pastry,category_organization
ROW33707,2233,survey-multi-select,24,146502,0,P0108,STUDY0007,SESS1262,0,"{""Q0"":[""none of these""]}",lavender,category_organization
ROW33708,10531,survey-multi-select,23,144268,0,P0108,STUDY0007,SESS1262,0,"{""Q0"":[""color""]}",green beans,category_organization
ROW33709,1999,survey-multi-select,36,517225,0,P0024,STUDY0007,SESS1221,0,"{""Q0"":[""none of these""]}",lavender,category_organization
ROW33710,1467,html-button-response,37,518693,0,P0024,STUDY0007,SESS1221,0,0,,
ROW33711,1713,instructions,38,520407,0,P0024,STUDY0007,SESS1221,0,,,
ROW33712,5946,survey-multi-select,25,152450,0,P0108,STUDY0007,SESS1262,0,"{""Q0"":[""material""]}",mayonnaise,category_organization
ROW33713,5622,survey-multi-select,26,158073,0,P0108,STUDY0007,SESS1262,0,"{""Q0"":[""none of these""]}",koala,category_organization
ROW33714,3491,survey-multi-select,27,161565,0,P0108,STUDY0007,SESS1262,0,"{""Q0"":[""shape""]}",hot dog,category_organization
ROW33715,3152,survey-multi-select,28,164719,0,P0108,STUDY0007,SESS1262,0,"{""Q0"":[""material""]}",machete,category_organization
ROW33716,7164,survey-multi-select,29,171884,0,P0108,STUDY0007,SESS1262,0,"{""Q0"":[""none of these""]}",light (object),category_organization
ROW33717,4606,survey-multi-select,30,176491,0,P0108,STUDY0007,SESS1262,0,"{""Q0"":[""material""]}",tram,category_organization
ROW33718,4322,survey-multi-select,31,180814,0,P0108,STUDY0007,SESS1262,0,"{""Q0"":[""shape""]}",high chair,category_organization
ROW33719,5822,survey-multi-select,32,186638,0,P0108,STUDY0007,SESS1262,0,"{""Q0"":[""none of these""]}",hole,category_organization
ROW33720,10125,survey-multi-select,33,196764,0,P0108,STUDY0007,SESS1262,0,"{""Q0"":[""shape""]}",donkey,category_organization
ROW33721,4412,survey-multi-select,34,201177,0,P0108,STUDY0007,SESS1262,0,"{""Q0"":[""shape""]}",eyelash,category_organization
ROW33722,3872,survey-multi-select,35,205051,0,P0108,STUDY0007,SESS1262,0,"{""Q0"":[""material""]}",pomegranate,category_organization
ROW33723,4031,survey-multi-select,36,209083,0,P0108,STUDY0007,SESS1262,0,"{""Q0"":[""shape""]}",sprinkler,category_organization
ROW33724,1204,html-button-response,37,210288,0,P0108,STUDY0007,SESS1262,0,0,,
ROW33725,2365,instructions,38,212653,0,P0108,STUDY0007,SESS1262,0,,,
ROW33726,60787,instructions,0,60788,0,P1298,STUDY0007,SESS1204,0,,,
ROW33727,17324,html-button-response,3,214610,0,P1298,STUDY0007,SESS1204,0,0,,
ROW33728,24394,html-button-response,4,239006,0,P1298,STUDY0007,SESS1204,0,0,,
ROW33729,115675,instructions,1,176464,0,P1298,STUDY0007,SESS1204,0,,,
ROW33730,20820,html-button-response,2,197286,0,P1298,STUDY0007,SESS1204,0,0,,
ROW33731,62013,html-button-response,5,301020,0,P1298,STUDY0007,SESS1204,0,0,,
ROW33732,10500,html-button-response,6,311521,0,P1298,STUDY0007,SESS1204,0,0,,
ROW33733,17082,survey-multi-select,7,328606,0,P1298,STUDY0007,SESS1204,0,"{""Q0"":[""none of these""]}",happiness,practice_category
ROW33734,5501,html-button-response,8,334108,0,P1298,STUDY0007,SESS1204,0,0,,
ROW33735,9238,survey-multi-select,9,343347,0,P1298,STUDY0007,SESS1204,0,"{""Q0"":[""shape""]}",square,practice_category
ROW33736,10600,survey-multi-select,11,356781,0,P1298,STUDY0007,SESS1204,0,"{""Q0"":[""color""]}",red,practice_category
ROW33737,2832,html-button-response,10,346180,0,P1298,STUDY0007,SESS1204,0,0,,
ROW33738,2403,html-button-response,12,359187,0,P1298,STUDY0007,SESS1204,0,0,,
ROW33739,13291,survey-multi-select,13,372479,0,P1298,STUDY0007,SESS1204,0,"{""Q0"":[""material""]}",pottery,practice_category
ROW33740,36170,html-button-response,15,410825,0,P1298,STUDY0007,SESS1204,0,0,,
ROW33741,2174,html-button-response,14,374653,0,P1298,STUDY0007,SESS1204,0,0,,
ROW33742,10722,survey-multi-select,16,421548,0,P1298,STUDY0007,SESS1204,0,"{""Q0"":[""material""]}",bicycle,category_organization
ROW33743,16513,survey-multi-select,17,438063,0,P1298,STUDY0007,SESS1204,0,"{""Q0"":[""material""]}",album,category_organization
ROW33744,7476,survey-multi-select,18,445540,0,P1298,STUDY0007,SESS1204,0,"{""Q0"":[""none of these""]}",waves,category_organization
ROW33745,5657,survey-multi-select,20,459129,0,P1298,STUDY0007,SESS1204,0,"{""Q0"":[""material""]}",apron,category_organization
ROW33746,7930,survey-multi-select,19,453471,0,P1298,STUDY0007,SESS1204,0,"{""Q0"":[""none of these""]}",tofu,category_organization
ROW33747,5146,survey-multi-select,21,464276,0,P1298,STUDY0007,SESS1204,0,"{""Q0"":[""material""]}",vacuum cleaner,category_organization
ROW33748,24718,html-button-response,2,36030,0,P1887,STUDY0007,SESS1217,0,0,,
ROW33749,5510,instructions,0,5514,0,P1887,STUDY0007,SESS1217,0,,,
ROW33750,18453,html-button-response,4,60475,0,P1887,STUDY0007,SESS1217,0,0,,
ROW33751,5990,html-button-response,3,42021,0,P1887,STUDY0007,SESS1217,0,0,,
ROW33752,143835,html-button-response,5,204312,0,P1887,STUDY0007,SESS1217,0,0,,
ROW33753,5796,instructions,1,11311,0,P1887,STUDY0007,SESS1217,0,,,
ROW33754,5427,survey-multi-select,22,469705,0,P1298,STUDY0007,SESS1204,0,"{""Q0"":[""none of these""]}",thumb,category_organization
ROW33755,6119,survey-multi-select,23,475824,0,P1298,STUDY0007,SESS1204,0,"{""Q0"":[""none of these""]}",toothpaste,category_organization
ROW33756,6294,html-button-response,6,210607,0,P1887,STUDY0007,SESS1217,0,0,,
ROW33757,15874,survey-multi-select,7,226485,0,P1887,STUDY0007,SESS1217,0,"{""Q0"":[""none of these""]}",happiness,practice_category
ROW33758,3783,html-button-response,8,230269,0,P1887,STUDY0007,SESS1217,0,0,,
ROW33759,16803,survey-multi-select,9,247073,0,P1887,STUDY0007,SESS1217,0,"{""Q0"":[""shape""]}",square,practice_category
ROW33760,17862,survey-multi-select,11,268996,0,P1887,STUDY0007,SESS1217,0,"{""Q0"":[""material""]}",pottery,practice_category
ROW33761,4059,html-button-response,10,251133,0,P1887,STUDY0007,SESS1217,0,0,,
ROW33762,3624,html-button-response,12,272622,0,P1887,STUDY0007,SESS1217,0,0,,
ROW33763,13650,survey-multi-select,13,286273,0,P1887,STUDY0007,SESS1217,0,"{""Q0"":[""color""]}",red,practice_category
ROW33764,1323,html-button-response,14,287597,0,P1887,STUDY0007,SESS1217,0,0,,
ROW33765,10389,html-button-response,15,297987,0,P1887,STUDY0007,SESS1217,0,0,,
ROW33766,19722,survey-multi-select,16,317711,0,P1887,STUDY0007,SESS1217,0,"{""Q0"":[""none of these""]}",pizza,category_organization
ROW33767,16030,survey-multi-select,17,333744,0,P1887,STUDY0007,SESS1217,0,"{""Q0"":[""none of these""]}",yogurt drink,category_organization
ROW33768,31040,survey-multi-select,18,364785,0,P1887,STUDY0007,SESS1217,0,"{""Q0"":[""none of these""]}",applesauce,category_organization
ROW33769,21425,survey-multi-select,19,386211,0,P1887,STUDY0007,SESS1217,0,"{""Q0"":[""none of these""]}",puzzle,category_organization
ROW33770,9522,survey-multi-select,20,395736,0,P1887,STUDY0007,SESS1217,0,"{""Q0"":[""none of these""]}",ant,category_organization
ROW33771,5815,survey-multi-select,21,401553,0,P1887,STUDY0007,SESS1217,0,"{""Q0"":[""none of these""]}",bull,category_organization
ROW33772,7398,survey-multi-select,22,408952,0,P1887,STUDY0007,SESS1217,0,"{""Q0"":[""material""]}",ground,category_organization
ROW33773,2754,survey-multi-select,23,411708,0,P1887,STUDY0007,SESS1217,0,"{""Q0"":[""none of these""]}",lavender,category_organization
ROW33774,11224,survey-multi-select,24,422934,0,P1887,STUDY0007,SESS1217,0,"{""Q0"":[""none of these""]}",shutter,category_organization
ROW33775,12888,survey-multi-select,25,435824,0,P1887,STUDY0007,SESS1217,0,"{""Q0"":[""none of these""]}",juice,category_organization
ROW33777,5263,survey-multi-select,27,458103,0,P1887,STUDY0007,SESS1217,0,"{""Q0"":[""none of these""]}",soda,category_organization
ROW33776,17012,survey-multi-select,26,452838,0,P1887,STUDY0007,SESS1217,0,"{""Q0"":[""shape""]}",bib,category_organization
ROW33778,27715,survey-multi-select,28,485818,0,P1887,STUDY0007,SESS1217,0,"{""Q0"":[""none of these""]}",roof,category_organization
ROW33779,6177,survey-multi-select,29,491997,0,P1887,STUDY0007,SESS1217,0,"{""Q0"":[""none of these""]}",berry,category_organization
ROW33780,5469,survey-multi-select,30,497468,0,P1887,STUDY0007,SESS1217,0,"{""Q0"":[""none of these""]}",closet,category_organization
ROW33781,5596,survey-multi-select,31,503064,0,P1887,STUDY0007,SESS1217,0,"{""Q0"":[""shape""]}",tortilla,category_organization
ROW33782,9646,survey-multi-select,32,512711,0,P1887,STUDY0007,SESS1217,0,"{""Q0"":[""material""]}",eraser,category_organization
ROW33783,12550,survey-multi-select,33,525264,0,P1887,STUDY0007,SESS1217,0,"{""Q0"":[""none of these""]}",drain (object),category_organization
ROW33784,4382,survey-multi-select,34,529647,0,P1887,STUDY0007,SESS1217,0,"{""Q0"":[""none of these""]}",mouse,category_organization
ROW33785,6345,survey-multi-select,36,550252,0,P1887,STUDY0007,SESS1217,0,"{""Q0"":[""none of these""]}",accident,category_organization
ROW33786,14257,survey-multi-select,35,543905,0,P1887,STUDY0007,SESS1217,0,"{""Q0"":[""none of these""]}",vegetable,category_organization
ROW33787,1616,html-button-response,37,551869,0,P1887,STUDY0007,SESS1217,0,0,,
ROW33788,6368,instructions,38,558237,0,P1887,STUDY0007,SESS1217,0,,,
ROW33789,6087,survey-multi-select,24,481913,0,P1298,STUDY0007,SESS1204,0,"{""Q0"":[""material""]}",potty,category_organization
ROW33790,4535,survey-multi-select,26,500189,0,P1298,STUDY0007,SESS1204,0,"{""Q0"":[""material""]}",rag,category_organization
ROW33791,13739,survey-multi-select,25,495653,0,P1298,STUDY0007,SESS1204,0,"{""Q0"":[""none of these""]}",juice,category_organization
ROW33792,5126,survey-multi-select,27,505316,0,P1298,STUDY0007,SESS1204,0,"{""Q0"":[""material""]}",rug,category_organization
ROW33793,3989,survey-multi-select,28,509306,0,P1298,STUDY0007,SESS1204,0,"{""Q0"":[""none of these""]}",toilet,category_organization
ROW33794,4918,survey-multi-select,29,514225,0,P1298,STUDY0007,SESS1204,0,"{""Q0"":[""none of these""]}",macaroni,category_organization
ROW33795,3140,survey-multi-select,30,517366,0,P1298,STUDY0007,SESS1204,0,"{""Q0"":[""none of these""]}",beans,category_organization
ROW33796,3705,survey-multi-select,31,521072,0,P1298,STUDY0007,SESS1204,0,"{""Q0"":[""none of these""]}",play dough,category_organization
ROW33797,4628,survey-multi-select,32,525702,0,P1298,STUDY0007,SESS1204,0,"{""Q0"":[""none of these""]}",lavender,category_organization
ROW33798,3332,survey-multi-select,33,529035,0,P1298,STUDY0007,SESS1204,0,"{""Q0"":[""none of these""]}",bush,category_organization
ROW33799,3676,survey-multi-select,34,532712,0,P1298,STUDY0007,SESS1204,0,"{""Q0"":[""material""]}",shovel,category_organization
ROW33800,3720,survey-multi-select,35,536435,0,P1298,STUDY0007,SESS1204,0,"{""Q0"":[""material""]}",tractor,category_organization
ROW33801,3631,survey-multi-select,36,540067,0,P1298,STUDY0007,SESS1204,0,"{""Q0"":[""none of these""]}",tuna,category_organization
ROW33802,3874,html-button-response,37,543943,0,P1298,STUDY0007,SESS1204,0,0,,
ROW33803,14375,instructions,38,558318,0,P1298,STUDY0007,SESS1204,0,,,
ROW33804,12249,instructions,0,12251,0,P0485,STUDY0007,SESS1234,0,,,
ROW33805,7774,instructions,1,20025,0,P0485,STUDY0007,SESS1234,0,,,
ROW33806,30975,html-button-response,2,51001,0,P0485,STUDY0007,SESS1234,0,0,,
ROW33807,12347,html-button-response,3,63350,0,P0485,STUDY0007,SESS1234,0,0,,
ROW33808,17277,html-button-response,4,80628,0,P0485,STUDY0007,SESS1234,0,0,,
ROW33809,7943,html-button-response,5,88572,0,P0485,STUDY0007,SESS1234,0,0,,
ROW33810,6506,html-button-response,6,95078,0,P0485,STUDY0007,SESS1234,0,0,,
ROW33811,17378,survey-multi-select,7,112462,0,P0485,STUDY0007,SESS1234,0,"{""Q0"":[""material""]}",pottery,practice_category
ROW33812,7001,html-button-response,8,119468,0,P0485,STUDY0007,SESS1234,0,0,,
ROW33813,8879,survey-multi-select,9,128349,0,P0485,STUDY0007,SESS1234,0,"{""Q0"":[""color""]}",red,practice_category
ROW33814,7565,html-button-response,10,135915,0,P0485,STUDY0007,SESS1234,0,0,,
ROW33815,10992,survey-multi-select,11,146908,0,P0485,STUDY0007,SESS1234,0,"{""Q0"":[""shape""]}",square,practice_category
ROW33816,6505,html-button-response,12,153413,0,P0485,STUDY0007,SESS1234,0,0,,
ROW33817,9186,survey-multi-select,13,162600,0,P0485,STUDY0007,SESS1234,0,"{""Q0"":[""none of these""]}",happiness,practice_category
ROW33818,5429,html-button-response,14,168030,0,P0485,STUDY0007,SESS1234,0,0,,
ROW33819,10669,html-button-response,15,178703,0,P0485,STUDY0007,SESS1234,0,0,,
ROW33820,8793,survey-multi-select,16,187497,0,P0485,STUDY0007,SESS1234,0,"{""Q0"":[""none of these""]}",computer,category_organization
ROW33821,15484,survey-multi-select,17,202983,0,P0485,STUDY0007,SESS1234,0,"{""Q0"":[""shape""]}",stick,category_organization
ROW33822,17546,survey-multi-select,18,220531,0,P0485,STUDY0007,SESS1234,0,"{""Q0"":[""material""]}",earth,category_organization
ROW33823,6374,survey-multi-select,19,226906,0,P0485,STUDY0007,SESS1234,0,"{""Q0"":[""none of these""]}",whale,category_organization
ROW33824,13142,survey-multi-select,20,240050,0,P0485,STUDY0007,SESS1234,0,"{""Q0"":[""shape""]}",cupboard,category_organization
ROW33825,23791,survey-multi-select,21,263842,0,P0485,STUDY0007,SESS1234,0,"{""Q0"":[""none of these""]}",yogurt,category_organization
ROW33826,9855,survey-multi-select,22,273699,0,P0485,STUDY0007,SESS1234,0,"{""Q0"":[""none of these""]}",penis,category_organization
ROW33827,37946,survey-multi-select,23,311646,0,P0485,STUDY0007,SESS1234,0,"{""Q0"":[""none of these""]}",nut,category_organization
ROW33828,11764,survey-multi-select,24,323411,0,P0485,STUDY0007,SESS1234,0,"{""Q0"":[""shape""]}",mask,category_organization
ROW33829,14193,survey-multi-select,25,337606,0,P0485,STUDY0007,SESS1234,0,"{""Q0"":[""none of these""]}",watermelon,category_organization
ROW33830,7438,survey-multi-select,26,345045,0,P0485,STUDY0007,SESS1234,0,"{""Q0"":[""shape""]}",arm,category_organization
ROW33831,10158,survey-multi-select,27,355204,0,P0485,STUDY0007,SESS1234,0,"{""Q0"":[""none of these""]}",remote control,category_organization
ROW33833,12077,survey-multi-select,29,372445,0,P0485,STUDY0007,SESS1234,0,"{""Q0"":[""shape""]}",pan,category_organization
ROW33832,5161,survey-multi-select,28,360366,0,P0485,STUDY0007,SESS1234,0,"{""Q0"":[""shape""]}",arm,category_organization
ROW33834,4465,survey-multi-select,30,376912,0,P0485,STUDY0007,SESS1234,0,"{""Q0"":[""none of these""]}",lavender,category_organization
ROW33835,12946,survey-multi-select,31,389859,0,P0485,STUDY0007,SESS1234,0,"{""Q0"":[""none of these""]}",lotion,category_organization
ROW33836,9543,survey-multi-select,32,399403,0,P0485,STUDY0007,SESS1234,0,"{""Q0"":[""shape""]}",skate (object),category_organization
ROW33839,6873,survey-multi-select,35,432095,0,P0485,STUDY0007,SESS1234,0,"{""Q0"":[""shape""]}",racket,category_organization
ROW33837,16677,survey-multi-select,33,416081,0,P0485,STUDY0007,SESS1234,0,"{""Q0"":[""none of these""]}",sky,category_organization
ROW33838,9137,survey-multi-select,34,425219,0,P0485,STUDY0007,SESS1234,0,"{""Q0"":[""none of these""]}",ketchup,category_organization
ROW33840,10753,survey-multi-select,36,442849,0,P0485,STUDY0007,SESS1234,0,"{""Q0"":[""shape""]}",porch,category_organization
ROW33841,2053,html-button-response,37,444903,0,P0485,STUDY0007,SESS1234,0,0,,
ROW33842,7021,instructions,38,451924,0,P0485,STUDY0007,SESS1234,0,,,
ROW33843,5500,instructions,0,5503,0,P0681,STUDY0007,SESS1214,0,,,
ROW33844,10508,instructions,1,16011,0,P0681,STUDY0007,SESS1214,0,,,
ROW33845,29487,html-button-response,2,45500,0,P0681,STUDY0007,SESS1214,0,0,,
ROW33846,17418,html-button-response,3,62925,0,P0681,STUDY0007,SESS1214,0,0,,
ROW33847,17909,html-button-response,4,80835,0,P0681,STUDY0007,SESS1214,0,0,,
ROW33848,9096,html-button-response,5,89932,0,P0681,STUDY0007,SESS1214,0,0,,
ROW33849,5360,html-button-response,6,95293,0,P0681,STUDY0007,SESS1214,0,0,,
ROW33850,10622,survey-multi-select,7,105919,0,P0681,STUDY0007,SESS1214,0,"{""Q0"":[""shape""]}",square,practice_category
ROW33851,4269,html-button-response,8,110190,0,P0681,STUDY0007,SESS1214,0,0,,
ROW33852,13135,survey-multi-select,9,123328,0,P0681,STUDY0007,SESS1214,0,"{""Q0"":[""none of these""]}",happiness,practice_category
ROW33853,5099,html-button-response,10,128428,0,P0681,STUDY0007,SESS1214,0,0,,
ROW33854,19744,survey-multi-select,11,148175,0,P0681,STUDY0007,SESS1214,0,"{""Q0"":[""material""]}",pottery,practice_category
ROW33855,6298,instructions,0,6299,0,P1838,STUDY0007,SESS1266,0,,,
ROW33856,2144,instructions,1,8443,0,P1838,STUDY0007,SESS1266,0,,,
ROW33857,9335,html-button-response,2,17779,0,P1838,STUDY0007,SESS1266,0,0,,
ROW33858,5618,html-button-response,3,23398,0,P1838,STUDY0007,SESS1266,0,0,,
ROW33859,3085,html-button-response,5,30216,0,P1838,STUDY0007,SESS1266,0,0,,
ROW33860,3733,html-button-response,4,27131,0,P1838,STUDY0007,SESS1266,0,0,,
ROW33861,4125,html-button-response,6,34341,0,P1838,STUDY0007,SESS1266,0,0,,
ROW33862,5841,survey-multi-select,7,40184,0,P1838,STUDY0007,SESS1266,0,"{""Q0"":[""color""]}",red,practice_category
ROW33863,1222,html-button-response,8,41407,0,P1838,STUDY0007,SESS1266,0,0,,
ROW33864,4184,survey-multi-select,9,45592,0,P1838,STUDY0007,SESS1266,0,"{""Q0"":[""none of these""]}",happiness,practice_category
ROW33865,4738,survey-multi-select,11,50925,0,P1838,STUDY0007,SESS1266,0,"{""Q0"":[""none of these""]}",pottery,practice_category
ROW33866,594,html-button-response,10,46186,0,P1838,STUDY0007,SESS1266,0,0,,
ROW33867,9390,html-button-response,12,60316,0,P1838,STUDY0007,SESS1266,0,0,,
ROW33868,3126,survey-multi-select,13,63443,0,P1838,STUDY0007,SESS1266,0,"{""Q0"":[""shape""]}",square,practice_category
ROW33869,3626,survey-multi-select,16,70447,0,P1838,STUDY0007,SESS1266,0,"{""Q0"":[""none of these""]}",seagull,category_organization
ROW33871,2670,html-button-response,15,66820,0,P1838,STUDY0007,SESS1266,0,0,,
ROW33872,706,html-button-response,14,64150,0,P1838,STUDY0007,SESS1266,0,0,,
ROW33870,6853,survey-multi-select,17,77301,0,P1838,STUDY0007,SESS1266,0,"{""Q0"":[""none of these""]}",refrigerator,category_organization
ROW33873,3892,survey-multi-select,18,81194,0,P1838,STUDY0007,SESS1266,0,"{""Q0"":[""shape""]}",head,category_organization
ROW33874,19803,instructions,0,19813,0,P1818,STUDY0007,SESS1219,0,,,
ROW33875,52892,instructions,1,72706,0,P1818,STUDY0007,SESS1219,0,,,
ROW33876,26282,html-button-response,2,98994,0,P1818,STUDY0007,SESS1219,0,0,,
ROW33877,22424,html-button-response,3,121419,0,P1818,STUDY0007,SESS1219,0,0,,
ROW33878,21090,html-button-response,4,142511,0,P1818,STUDY0007,SESS1219,0,0,,
ROW33879,11516,html-button-response,5,154029,0,P1818,STUDY0007,SESS1219,0,0,,
ROW33880,9647,html-button-response,6,163678,0,P1818,STUDY0007,SESS1219,0,0,,
ROW33881,36869,survey-multi-select,7,200556,0,P1818,STUDY0007,SESS1219,0,"{""Q0"":[""shape"",""material""]}",pottery,practice_category
ROW33882,12383,html-button-response,8,212944,0,P1818,STUDY0007,SESS1219,0,0,,
ROW33883,2570,html-button-response,10,346489,0,P1818,STUDY0007,SESS1219,0,0,,
ROW33884,130967,survey-multi-select,9,343916,0,P1818,STUDY0007,SESS1219,0,"{""Q0"":[""color""]}",red,practice_category
ROW33885,20393,survey-multi-select,11,366888,0,P1818,STUDY0007,SESS1219,0,"{""Q0"":[""none of these""]}",happiness,practice_category
ROW33886,20318,survey-multi-select,13,389138,0,P1818,STUDY0007,SESS1219,0,"{""Q0"":[""shape""]}",square,practice_category
ROW33887,1926,html-button-response,12,368815,0,P1818,STUDY0007,SESS1219,0,0,,
ROW33889,21188,survey-multi-select,18,457176,0,P1818,STUDY0007,SESS1219,0,"{""Q0"":[""none of these""]}",belt,category_organization
ROW33890,18919,survey-multi-select,17,435981,0,P1818,STUDY0007,SESS1219,0,"{""Q0"":[""material""]}",ice cream,category_organization
ROW33888,1146,html-button-response,14,390285,0,P1818,STUDY0007,SESS1219,0,0,,
ROW33891,4765,html-button-response,15,395053,0,P1818,STUDY0007,SESS1219,0,0,,
ROW33892,21997,survey-multi-select,16,417056,0,P1818,STUDY0007,SESS1219,0,"{""Q0"":[""none of these""]}",toothbrush,category_organization
ROW33893,26395,survey-multi-select,19,483577,0,P1818,STUDY0007,SESS1219,0,"{""Q0"":[""material""]}",phone,category_organization
ROW33894,3251,survey-multi-select,20,486835,0,P1818,STUDY0007,SESS1219,0,"{""Q0"":[""color""]}",waves,category_organization
ROW33895,2017,survey-multi-select,22,491160,0,P1818,STUDY0007,SESS1219,0,"{""Q0"":[""material""]}",tracksuit,category_organization
ROW33896,2299,survey-multi-select,21,489136,0,P1818,STUDY0007,SESS1219,0,"{""Q0"":[""material""]}",helicopter,category_organization
ROW33897,5300,survey-multi-select,23,496467,0,P1818,STUDY0007,SESS1219,0,"{""Q0"":[""shape""]}",tray,category_organization
ROW33898,5178,survey-multi-select,24,501651,0,P1818,STUDY0007,SESS1219,0,"{""Q0"":[""material""]}",raspberry,category_organization
ROW33899,3353,survey-multi-select,25,505006,0,P1818,STUDY0007,SESS1219,0,"{""Q0"":[""shape""]}",ceiling,category_organization
ROW33900,2959,survey-multi-select,26,507971,0,P1818,STUDY0007,SESS1219,0,"{""Q0"":[""material""]}",paper,category_organization
ROW33902,10293,survey-multi-select,27,518269,0,P1818,STUDY0007,SESS1219,0,"{""Q0"":[""none of these""]}",sauce,category_organization
ROW33903,5791,survey-multi-select,29,527032,0,P1818,STUDY0007,SESS1219,0,"{""Q0"":[""color""]}",tights,category_organization
ROW33904,3230,survey-multi-select,30,530266,0,P1818,STUDY0007,SESS1219,0,"{""Q0"":[""shape""]}",underpants,category_organization
ROW33901,2964,survey-multi-select,28,521236,0,P1818,STUDY0007,SESS1219,0,"{""Q0"":[""color""]}",sticker,category_organization
ROW33905,6817,survey-multi-select,31,537088,0,P1818,STUDY0007,SESS1219,0,"{""Q0"":[""material""]}",pine cone,category_organization
ROW33906,3417,survey-multi-select,32,540512,0,P1818,STUDY0007,SESS1219,0,"{""Q0"":[""none of these""]}",can (object),category_organization
ROW33907,3523,survey-multi-select,33,544037,0,P1818,STUDY0007,SESS1219,0,"{""Q0"":[""color""]}",lavender,category_organization
ROW33908,3542,survey-multi-select,34,547590,0,P1818,STUDY0007,SESS1219,0,"{""Q0"":[""shape""]}",pony,category_organization
ROW33909,3626,survey-multi-select,35,551224,0,P1818,STUDY0007,SESS1219,0,"{""Q0"":[""none of these""]}",cow,category_organization
ROW33910,2952,survey-multi-select,36,554187,0,P1818,STUDY0007,SESS1219,0,"{""Q0"":[""material""]}",music,category_organization
ROW33911,1725,html-button-response,37,555914,0,P1818,STUDY0007,SESS1219,0,0,,
ROW33912,2073,instructions,38,557990,0,P1818,STUDY0007,SESS1219,0,,,
ROW33913,11393,instructions,0,11395,0,P0717,STUDY0007,SESS1261,0,,,
ROW33914,5807,instructions,1,17203,0,P0717,STUDY0007,SESS1261,0,,,
ROW33915,28232,html-button-response,2,45438,0,P0717,STUDY0007,SESS1261,0,0,,
ROW33916,7957,html-button-response,3,53398,0,P0717,STUDY0007,SESS1261,0,0,,
ROW33917,16459,html-button-response,4,69861,0,P0717,STUDY0007,SESS1261,0,0,,
ROW33918,3070,html-button-response,5,72934,0,P0717,STUDY0007,SESS1261,0,0,,
ROW33919,14540,html-button-response,6,87478,0,P0717,STUDY0007,SESS1261,0,0,,
ROW33920,15513,survey-multi-select,7,102995,0,P0717,STUDY0007,SESS1261,0,"{""Q0"":[""material""]}",pottery,practice_category
ROW33921,3583,html-button-response,8,106579,0,P0717,STUDY0007,SESS1261,0,0,,
ROW33922,9242,survey-multi-select,9,115822,0,P0717,STUDY0007,SESS1261,0,"{""Q0"":[""color""]}",red,practice_category
ROW33923,2519,html-button-response,10,118342,0,P0717,STUDY0007,SESS1261,0,0,,
ROW33924,9106,survey-multi-select,11,127450,0,P0717,STUDY0007,SESS1261,0,"{""Q0"":[""shape""]}",square,practice_category
ROW33925,1552,html-button-response,12,129004,0,P0717,STUDY0007,SESS1261,0,0,,
ROW33926,7682,survey-multi-select,13,136688,0,P0717,STUDY0007,SESS1261,0,"{""Q0"":[""none of these""]}",happiness,practice_category
ROW33927,1652,html-button-response,14,138341,0,P0717,STUDY0007,SESS1261,0,0,,
ROW33928,3651,html-button-response,15,141994,0,P0717,STUDY0007,SESS1261,0,0,,
ROW33929,21848,survey-multi-select,16,163845,0,P0717,STUDY0007,SESS1261,0,"{""Q0"":[""none of these""]}",toothbrush,category_organization
ROW33930,7605,survey-multi-select,17,171452,0,P0717,STUDY0007,SESS1261,0,"{""Q0"":[""color"",""material""]}",lawn,category_organization
ROW33931,5925,survey-multi-select,18,177379,0,P0717,STUDY0007,SESS1261,0,"{""Q0"":[""shape""]}",football,category_organization
ROW33932,9807,survey-multi-select,19,187188,0,P0717,STUDY0007,SESS1261,0,"{""Q0"":[""material""]}",cottage cheese,category_organization
ROW33933,15736,survey-multi-select,20,202926,0,P0717,STUDY0007,SESS1261,0,"{""Q0"":[""material""]}",jeep,category_organization
ROW33934,6675,survey-multi-select,21,209604,0,P0717,STUDY0007,SESS1261,0,"{""Q0"":[""color"",""material""]}",orange juice,category_organization
ROW33935,10430,survey-multi-select,22,220036,0,P0717,STUDY0007,SESS1261,0,"{""Q0"":[""shape""]}",bottle,category_organization
ROW33936,13150,survey-multi-select,23,233188,0,P0717,STUDY0007,SESS1261,0,"{""Q0"":[""shape""]}",pelican,category_organization
ROW33937,5867,survey-multi-select,24,239058,0,P0717,STUDY0007,SESS1261,0,"{""Q0"":[""shape""]}",buttocks,category_organization
ROW33938,7185,survey-multi-select,25,246245,0,P0717,STUDY0007,SESS1261,0,"{""Q0"":[""shape"",""color""]}",peacock,category_organization
ROW33939,6053,survey-multi-select,26,252299,0,P0717,STUDY0007,SESS1261,0,"{""Q0"":[""material""]}",shampoo,category_organization
ROW33940,7449,survey-multi-select,27,259749,0,P0717,STUDY0007,SESS1261,0,"{""Q0"":[""none of these""]}",lavender,category_organization
ROW33941,4858,survey-multi-select,28,264608,0,P0717,STUDY0007,SESS1261,0,"{""Q0"":[""color""]}",orange,category_organization
ROW33942,4932,survey-multi-select,30,276680,0,P0717,STUDY0007,SESS1261,0,"{""Q0"":[""shape"",""color""]}",lamb,category_organization
ROW33943,7136,survey-multi-select,29,271746,0,P0717,STUDY0007,SESS1261,0,"{""Q0"":[""shape""]}",kangaroo,category_organization
ROW33944,10348,survey-multi-select,31,287030,0,P0717,STUDY0007,SESS1261,0,"{""Q0"":[""color"",""material""]}",tea,category_organization
ROW33945,6058,survey-multi-select,32,293090,0,P0717,STUDY0007,SESS1261,0,"{""Q0"":[""none of these""]}",bag,category_organization
ROW33946,4707,survey-multi-select,33,297799,0,P0717,STUDY0007,SESS1261,0,"{""Q0"":[""none of these""]}",present,category_organization
ROW33947,5502,survey-multi-select,34,303304,0,P0717,STUDY0007,SESS1261,0,"{""Q0"":[""shape""]}",pancake,category_organization
ROW33948,8737,survey-multi-select,35,312042,0,P0717,STUDY0007,SESS1261,0,"{""Q0"":[""shape"",""color"",""material""]}",newspaper,category_organization
ROW33949,6008,survey-multi-select,36,318052,0,P0717,STUDY0007,SESS1261,0,"{""Q0"":[""shape""]}",fork,category_organization
ROW33950,1291,html-button-response,37,319344,0,P0717,STUDY0007,SESS1261,0,0,,
ROW33951,7373,instructions,38,326718,0,P0717,STUDY0007,SESS1261,0,,,
ROW33952,6700,instructions,0,6701,0,P1690,STUDY0007,SESS1230,0,,,
ROW33953,7342,instructions,1,14044,0,P1690,STUDY0007,SESS1230,0,,,
ROW33954,9566,html-button-response,2,23611,0,P1690,STUDY0007,SESS1230,0,0,,
ROW33955,7349,html-button-response,3,30960,0,P1690,STUDY0007,SESS1230,0,0,,
ROW33958,1561,html-button-response,5,42094,0,P1690,STUDY0007,SESS1230,0,0,,
ROW33957,788,html-button-response,6,42882,0,P1690,STUDY0007,SESS1230,0,0,,
ROW33956,9572,html-button-response,4,40533,0,P1690,STUDY0007,SESS1230,0,0,,
ROW33959,11455,survey-multi-select,7,54339,0,P1690,STUDY0007,SESS1230,0,"{""Q0"":[""none of these""]}",square,practice_category
ROW33960,2388,html-button-response,8,56728,0,P1690,STUDY0007,SESS1230,0,0,,
ROW33961,8685,survey-multi-select,9,65414,0,P1690,STUDY0007,SESS1230,0,"{""Q0"":[""material""]}",pottery,practice_category
ROW33962,1298,html-button-response,10,66713,0,P1690,STUDY0007,SESS1230,0,0,,
ROW33963,1134,html-button-response,12,74213,0,P1690,STUDY0007,SESS1230,0,0,,
ROW33964,6364,survey-multi-select,11,73078,0,P1690,STUDY0007,SESS1230,0,"{""Q0"":[""none of these""]}",happiness,practice_category
ROW33965,5564,survey-multi-select,13,79778,0,P1690,STUDY0007,SESS1230,0,"{""Q0"":[""color""]}",red,practice_category
ROW33966,5486,survey-multi-select,16,93245,0,P1690,STUDY0007,SESS1230,0,"{""Q0"":[""material""]}",meat,category_organization
ROW33967,1130,html-button-response,14,80909,0,P1690,STUDY0007,SESS1230,0,0,,
ROW33968,6849,html-button-response,15,87758,0,P1690,STUDY0007,SESS1230,0,0,,
ROW33969,5111,survey-multi-select,17,98357,0,P1690,STUDY0007,SESS1230,0,"{""Q0"":[""color""]}",carrot,category_organization
ROW33970,4707,survey-multi-select,18,103065,0,P1690,STUDY0007,SESS1230,0,"{""Q0"":[""none of these""]}",gut,category_organization
ROW33971,3880,survey-multi-select,19,106946,0,P1690,STUDY0007,SESS1230,0,"{""Q0"":[""shape""]}",bench,category_organization
ROW33972,9129,survey-multi-select,20,116076,0,P1690,STUDY0007,SESS1230,0,"{""Q0"":[""none of these""]}",lion,category_organization
ROW33973,7184,survey-multi-select,21,123261,0,P1690,STUDY0007,SESS1230,0,"{""Q0"":[""none of these""]}",duck,category_organization
ROW33974,6988,survey-multi-select,22,130250,0,P1690,STUDY0007,SESS1230,0,"{""Q0"":[""none of these""]}",washing machine,category_organization
ROW33975,4482,survey-multi-select,23,134733,0,P1690,STUDY0007,SESS1230,0,"{""Q0"":[""shape""]}",brush (object),category_organization
ROW33976,3985,survey-multi-select,24,138719,0,P1690,STUDY0007,SESS1230,0,"{""Q0"":[""shape""]}",comb (object),category_organization
ROW33977,10435,survey-multi-select,25,149155,0,P1690,STUDY0007,SESS1230,0,"{""Q0"":[""none of these""]}",book,category_organization
ROW33978,4594,survey-multi-select,26,153750,0,P1690,STUDY0007,SESS1230,0,"{""Q0"":[""none of these""]}",cook,category_organization
ROW33979,3522,survey-multi-select,27,157272,0,P1690,STUDY0007,SESS1230,0,"{""Q0"":[""shape""]}",can,category_organization
ROW33980,3415,survey-multi-select,28,160689,0,P1690,STUDY0007,SESS1230,0,"{""Q0"":[""shape""]}",notebook,category_organization
ROW33981,3601,survey-multi-select,29,164291,0,P1690,STUDY0007,SESS1230,0,"{""Q0"":[""shape""]}",shutter,category_organization
ROW33982,14805,survey-multi-select,30,179096,0,P1690,STUDY0007,SESS1230,0,"{""Q0"":[""shape""]}",garage,category_organization
ROW33983,3710,survey-multi-select,31,182807,0,P1690,STUDY0007,SESS1230,0,"{""Q0"":[""none of these""]}",shower,category_organization
ROW33984,4750,survey-multi-select,32,187558,0,P1690,STUDY0007,SESS1230,0,"{""Q0"":[""none of these""]}",insect,category_organization
ROW33985,5203,survey-multi-select,33,192762,0,P1690,STUDY0007,SESS1230,0,"{""Q0"":[""shape""]}",pie,category_organization
ROW33986,2842,survey-multi-select,34,195605,0,P1690,STUDY0007,SESS1230,0,"{""Q0"":[""none of these""]}",lavender,category_organization
ROW33987,8582,survey-multi-select,35,204188,0,P1690,STUDY0007,SESS1230,0,"{""Q0"":[""none of these""]}",tummy,category_organization
ROW33988,6245,survey-multi-select,36,210434,0,P1690,STUDY0007,SESS1230,0,"{""Q0"":[""material""]}",mold,category_organization
ROW33989,1921,html-button-response,37,212355,0,P1690,STUDY0007,SESS1230,0,0,,
ROW33990,4233,instructions,38,216589,0,P1690,STUDY0007,SESS1230,0,,,
ROW33991,3533,instructions,0,3537,0,P1713,STUDY0007,SESS1267,0,,,
ROW33992,3220,instructions,1,6759,0,P1713,STUDY0007,SESS1267,0,,,
ROW33993,4986,html-button-response,3,18497,0,P1713,STUDY0007,SESS1267,0,0,,
ROW33994,6748,html-button-response,2,13510,0,P1713,STUDY0007,SESS1267,0,0,,
ROW33995,6876,html-button-response,4,25374,0,P1713,STUDY0007,SESS1267,0,0,,
ROW33996,5359,html-button-response,6,33840,0,P1713,STUDY0007,SESS1267,0,0,,
ROW33997,3104,html-button-response,5,28480,0,P1713,STUDY0007,SESS1267,0,0,,
ROW33998,10719,survey-multi-select,7,44564,0,P1713,STUDY0007,SESS1267,0,"{""Q0"":[""none of these""]}",happiness,practice_category
ROW33999,1989,html-button-response,8,46555,0,P1713,STUDY0007,SESS1267,0,0,,
ROW34000,8763,survey-multi-select,9,55320,0,P1713,STUDY0007,SESS1267,0,"{""Q0"":[""color""]}",red,practice_category
ROW34001,2335,html-button-response,10,57668,0,P1713,STUDY0007,SESS1267,0,0,,
ROW34002,6373,survey-multi-select,11,64044,0,P1713,STUDY0007,SESS1267,0,"{""Q0"":[""material""]}",pottery,practice_category
ROW34003,1292,html-button-response,12,65338,0,P1713,STUDY0007,SESS1267,0,0,,
ROW34004,4306,survey-multi-select,13,69647,0,P1713,STUDY0007,SESS1267,0,"{""Q0"":[""shape""]}",square,practice_category
ROW34005,1256,html-button-response,14,70904,0,P1713,STUDY0007,SESS1267,0,0,,
ROW34006,3444,html-button-response,15,74350,0,P1713,STUDY0007,SESS1267,0,0,,
ROW34007,7593,survey-multi-select,17,87096,0,P1713,STUDY0007,SESS1267,0,"{""Q0"":[""none of these""]}",hot dog,category_organization
ROW34008,5147,survey-multi-select,16,79500,0,P1713,STUDY0007,SESS1267,0,"{""Q0"":[""shape""]}",lamp,category_organization
ROW34009,9046,survey-multi-select,18,96145,0,P1713,STUDY0007,SESS1267,0,"{""Q0"":[""material""]}",lettuce,category_organization
ROW34010,4577,survey-multi-select,19,100724,0,P1713,STUDY0007,SESS1267,0,"{""Q0"":[""shape""]}",scissors,category_organization
ROW34011,5523,survey-multi-select,20,106250,0,P1713,STUDY0007,SESS1267,0,"{""Q0"":[""shape"",""material""]}",icicle,category_organization
ROW34012,3884,survey-multi-select,21,110137,0,P1713,STUDY0007,SESS1267,0,"{""Q0"":[""material""]}",firewood,category_organization
ROW34013,4209,survey-multi-select,22,114349,0,P1713,STUDY0007,SESS1267,0,"{""Q0"":[""shape""]}",plate,category_organization
ROW34014,2859,survey-multi-select,23,117211,0,P1713,STUDY0007,SESS1267,0,"{""Q0"":[""material""]}",dumpling,category_organization
ROW34015,6163,survey-multi-select,24,123376,0,P1713,STUDY0007,SESS1267,0,"{""Q0"":[""none of these""]}",locomotive,category_organization
ROW34016,2902,survey-multi-select,25,126281,0,P1713,STUDY0007,SESS1267,0,"{""Q0"":[""none of these""]}",lavender,category_organization
ROW34017,3716,survey-multi-select,26,130000,0,P1713,STUDY0007,SESS1267,0,"{""Q0"":[""material""]}",sugar,category_organization
ROW34018,3875,survey-multi-select,27,133877,0,P1713,STUDY0007,SESS1267,0,"{""Q0"":[""material""]}",peanut,category_organization
ROW34019,8312,survey-multi-select,28,142192,0,P1713,STUDY0007,SESS1267,0,"{""Q0"":[""shape"",""material""]}",donut,category_organization
ROW34020,5599,survey-multi-select,29,147794,0,P1713,STUDY0007,SESS1267,0,"{""Q0"":[""none of these""]}",frog,category_organization
ROW34021,5881,survey-multi-select,30,153678,0,P1713,STUDY0007,SESS1267,0,"{""Q0"":[""none of these""]}",photo,category_organization
ROW34022,4922,survey-multi-select,31,158602,0,P1713,STUDY0007,SESS1267,0,"{""Q0"":[""shape""]}",keys,category_organization
ROW34023,4633,survey-multi-select,32,163238,0,P1713,STUDY0007,SESS1267,0,"{""Q0"":[""none of these""]}",yard,category_organization
ROW34024,3633,survey-multi-select,33,166873,0,P1713,STUDY0007,SESS1267,0,"{""Q0"":[""none of these""]}",dolphin,category_organization
ROW34025,5377,survey-multi-select,34,172252,0,P1713,STUDY0007,SESS1267,0,"{""Q0"":[""material""]}",fish (food),category_organization
ROW34026,2932,survey-multi-select,35,175187,0,P1713,STUDY0007,SESS1267,0,"{""Q0"":[""none of these""]}",rabbit,category_organization
ROW34027,3981,survey-multi-select,36,179170,0,P1713,STUDY0007,SESS1267,0,"{""Q0"":[""material""]}",cheerios,category_organization
ROW34028,1909,html-button-response,37,181081,0,P1713,STUDY0007,SESS1267,0,0,,
ROW34029,4233,instructions,38,185315,0,P1713,STUDY0007,SESS1267,0,,,
ROW34030,19602,instructions,1,73157,0,P1743,STUDY0007,SESS1215,0,,,
ROW34031,53547,instructions,0,53553,0,P1743,STUDY0007,SESS1215,0,,,
ROW34032,33949,html-button-response,2,107111,0,P1743,STUDY0007,SESS1215,0,0,,
ROW34033,27040,html-button-response,3,134155,0,P1743,STUDY0007,SESS1215,0,0,,
ROW34034,28438,survey-multi-select,7,233029,0,P1743,STUDY0007,SESS1215,0,"{""Q0"":[""color""]}",red,practice_category
ROW34035,3383,html-button-response,8,236416,0,P1743,STUDY0007,SESS1215,0,0,,
ROW34036,26979,survey-multi-select,9,263401,0,P1743,STUDY0007,SESS1215,0,"{""Q0"":[""shape""]}",square,practice_category
ROW34037,1421,html-button-response,10,264825,0,P1743,STUDY0007,SESS1215,0,0,,
ROW34038,32398,survey-multi-select,11,297229,0,P1743,STUDY0007,SESS1215,0,"{""Q0"":[""none of these""]}",happiness,practice_category
ROW34039,1365,html-button-response,12,298597,0,P1743,STUDY0007,SESS1215,0,0,,
ROW34040,18570,html-button-response,15,351867,0,P1743,STUDY0007,SESS1215,0,0,,
ROW34041,34881,survey-multi-select,16,386754,0,P1743,STUDY0007,SESS1215,0,"{""Q0"":[""none of these""]}",voice recorder,category_organization
ROW34042,7026,survey-multi-select,17,393783,0,P1743,STUDY0007,SESS1215,0,"{""Q0"":[""none of these""]}",syrup,category_organization
ROW34043,23615,survey-multi-select,18,417401,0,P1743,STUDY0007,SESS1215,0,"{""Q0"":[""none of these""]}",book,category_organization
ROW34044,20261,survey-multi-select,19,437668,0,P1743,STUDY0007,SESS1215,0,"{""Q0"":[""material""]}",paint (object),category_organization
ROW34045,7725,instructions,0,7728,0,P1882,STUDY0007,SESS1265,0,,,
ROW34046,11270,instructions,1,18999,0,P1882,STUDY0007,SESS1265,0,,,
ROW34047,23942,html-button-response,2,42949,0,P1882,STUDY0007,SESS1265,0,0,,
ROW34048,7890,html-button-response,5,78527,0,P1882,STUDY0007,SESS1265,0,0,,
ROW34049,11880,html-button-response,3,54831,0,P1882,STUDY0007,SESS1265,0,0,,
ROW34050,15803,html-button-response,4,70636,0,P1882,STUDY0007,SESS1265,0,0,,
ROW34051,20011,survey-multi-select,20,457684,0,P1743,STUDY0007,SESS1215,0,"{""Q0"":[""none of these""]}",mop (object),category_organization
ROW34052,7314,html-button-response,6,85845,0,P1882,STUDY0007,SESS1265,0,0,,
ROW34053,12588,survey-multi-select,21,470277,0,P1743,STUDY0007,SESS1215,0,"{""Q0"":[""material""]}",chalk,category_organization
ROW34054,23145,survey-multi-select,7,108997,0,P1882,STUDY0007,SESS1265,0,"{""Q0"":[""color""]}",red,practice_category
ROW34055,2940,html-button-response,8,111943,0,P1882,STUDY0007,SESS1265,0,0,,
ROW34056,12591,survey-multi-select,9,124539,0,P1882,STUDY0007,SESS1265,0,"{""Q0"":[""shape""]}",square,practice_category
ROW34057,2997,html-button-response,10,127539,0,P1882,STUDY0007,SESS1265,0,0,,
ROW34058,9966,survey-multi-select,11,137508,0,P1882,STUDY0007,SESS1265,0,"{""Q0"":[""none of these""]}",happiness,practice_category
ROW34059,2478,html-button-response,12,139991,0,P1882,STUDY0007,SESS1265,0,0,,
ROW34060,17690,survey-multi-select,13,157683,0,P1882,STUDY0007,SESS1265,0,"{""Q0"":[""shape"",""material""]}",pottery,practice_category
ROW34061,6674,html-button-response,14,164359,0,P1882,STUDY0007,SESS1265,0,0,,
ROW34062,11290,survey-multi-select,22,481573,0,P1743,STUDY0007,SESS1215,0,"{""Q0"":[""material""]}",cheese,category_organization
ROW34063,6807,survey-multi-select,16,177055,0,P1882,STUDY0007,SESS1265,0,"{""Q0"":[""none of these""]}",cereal,category_organization
ROW34064,5884,html-button-response,15,170245,0,P1882,STUDY0007,SESS1265,0,0,,
ROW34065,6338,survey-multi-select,17,183400,0,P1882,STUDY0007,SESS1265,0,"{""Q0"":[""none of these""]}",shoulder,category_organization
ROW34066,11622,survey-multi-select,18,195029,0,P1882,STUDY0007,SESS1265,0,"{""Q0"":[""material""]}",locomotive,category_organization
ROW34067,11823,survey-multi-select,23,493402,0,P1743,STUDY0007,SESS1215,0,"{""Q0"":[""none of these""]}",guava,category_organization
ROW34068,2141,survey-multi-select,20,205181,0,P1882,STUDY0007,SESS1265,0,"{""Q0"":[""none of these""]}",lavender,category_organization
ROW34069,7997,survey-multi-select,19,203033,0,P1882,STUDY0007,SESS1265,0,"{""Q0"":[""none of these""]}",drink (beverage),category_organization
ROW34070,11389,survey-multi-select,24,504797,0,P1743,STUDY0007,SESS1215,0,"{""Q0"":[""none of these""]}",glasses,category_organization
ROW34071,3501,survey-multi-select,22,214646,0,P1882,STUDY0007,SESS1265,0,"{""Q0"":[""material""]}",sock,category_organization
ROW34072,5952,survey-multi-select,21,211138,0,P1882,STUDY0007,SESS1265,0,"{""Q0"":[""material""]}",peanut butter,category_organization
ROW34073,3926,survey-multi-select,23,218574,0,P1882,STUDY0007,SESS1265,0,"{""Q0"":[""material""]}",curtain,category_organization
ROW34074,3644,survey-multi-select,24,222221,0,P1882,STUDY0007,SESS1265,0,"{""Q0"":[""none of these""]}",thumb,category_organization
ROW34075,22849,survey-multi-select,25,527651,0,P1743,STUDY0007,SESS1215,0,"{""Q0"":[""shape""]}",pancake,category_organization
ROW34076,3646,survey-multi-select,25,225873,0,P1882,STUDY0007,SESS1265,0,"{""Q0"":[""material""]}",cake,category_organization
ROW34077,3588,survey-multi-select,27,232687,0,P1882,STUDY0007,SESS1265,0,"{""Q0"":[""none of these""]}",quesadilla,category_organization
ROW34078,3215,survey-multi-select,26,229094,0,P1882,STUDY0007,SESS1265,0,"{""Q0"":[""material""]}",phone,category_organization
ROW34079,2541,survey-multi-select,28,235230,0,P1882,STUDY0007,SESS1265,0,"{""Q0"":[""none of these""]}",chili,category_organization
ROW34080,5973,survey-multi-select,29,241209,0,P1882,STUDY0007,SESS1265,0,"{""Q0"":[""none of these""]}",terrace,category_organization
ROW34081,4646,survey-multi-select,30,245861,0,P1882,STUDY0007,SESS1265,0,"{""Q0"":[""none of these""]}",coffee,category_organization
ROW34082,26170,survey-multi-select,27,571908,0,P1743,STUDY0007,SESS1215,0,"{""Q0"":[""shape""]}",finger,category_organization
ROW34083,18076,survey-multi-select,26,545733,0,P1743,STUDY0007,SESS1215,0,"{""Q0"":[""none of these""]}",strawberry,category_organization
ROW34084,10082,survey-multi-select,28,581996,0,P1743,STUDY0007,SESS1215,0,"{""Q0"":[""none of these""]}",game,category_organization
ROW34085,20294,survey-multi-select,29,602295,0,P1743,STUDY0007,SESS1215,0,"{""Q0"":[""shape""]}",headband,category_organization
ROW34086,14068,survey-multi-select,30,616369,0,P1743,STUDY0007,SESS1215,0,"{""Q0"":[""none of these""]}",traffic light,category_organization
ROW34087,60982,survey-multi-select,31,677356,0,P1743,STUDY0007,SESS1215,0,"{""Q0"":[""none of these""]}",flower,category_organization
ROW34088,3154,survey-multi-select,32,680516,0,P1743,STUDY0007,SESS1215,0,"{""Q0"":[""none of these""]}",lavender,category_organization
ROW34089,14016,survey-multi-select,33,694539,0,P1743,STUDY0007,SESS1215,0,"{""Q0"":[""shape""]}",shawl,category_organization
ROW34090,12728,survey-multi-select,34,707272,0,P1743,STUDY0007,SESS1215,0,"{""Q0"":[""none of these""]}",beetle,category_organization
ROW34091,9638,survey-multi-select,35,716916,0,P1743,STUDY0007,SESS1215,0,"{""Q0"":[""none of these""]}",wolf,category_organization
ROW34092,15060,survey-multi-select,36,731982,0,P1743,STUDY0007,SESS1215,0,"{""Q0"":[""shape""]}",sandwich,category_organization
ROW34093,2241,html-button-response,37,734226,0,P1743,STUDY0007,SESS1215,0,0,,
ROW34094,6022,instructions,38,740251,0,P1743,STUDY0007,SESS1215,0,,,
ROW34095,2675,instructions,0,2677,0,P1668,STUDY0007,SESS1270,0,,,
ROW34096,2498,instructions,1,5177,0,P1668,STUDY0007,SESS1270,0,,,
ROW34097,9268,html-button-response,2,14448,0,P1668,STUDY0007,SESS1270,0,0,,
ROW34098,9909,html-button-response,3,24359,0,P1668,STUDY0007,SESS1270,0,0,,
ROW34099,9353,html-button-response,4,33713,0,P1668,STUDY0007,SESS1270,0,0,,
ROW34100,3037,html-button-response,5,36751,0,P1668,STUDY0007,SESS1270,0,0,,
ROW34101,5277,html-button-response,6,42030,0,P1668,STUDY0007,SESS1270,0,0,,
ROW34102,13748,survey-multi-select,7,55783,0,P1668,STUDY0007,SESS1270,0,"{""Q0"":[""color""]}",red,practice_category
ROW34103,3239,html-button-response,8,59023,0,P1668,STUDY0007,SESS1270,0,0,,
ROW34104,8000,survey-multi-select,9,67026,0,P1668,STUDY0007,SESS1270,0,"{""Q0"":[""none of these""]}",happiness,practice_category
ROW34105,1039,html-button-response,10,68067,0,P1668,STUDY0007,SESS1270,0,0,,
ROW34106,3841,survey-multi-select,11,71911,0,P1668,STUDY0007,SESS1270,0,"{""Q0"":[""shape""]}",square,practice_category
ROW34107,1017,html-button-response,12,72929,0,P1668,STUDY0007,SESS1270,0,0,,
ROW34108,3978,survey-multi-select,13,76910,0,P1668,STUDY0007,SESS1270,0,"{""Q0"":[""material""]}",pottery,practice_category
ROW34109,1304,html-button-response,14,78215,0,P1668,STUDY0007,SESS1270,0,0,,
ROW34110,6555,html-button-response,15,84772,0,P1668,STUDY0007,SESS1270,0,0,,
ROW34111,9217,survey-multi-select,16,93992,0,P1668,STUDY0007,SESS1270,0,"{""Q0"":[""none of these""]}",mango,category_organization
ROW34112,5697,survey-multi-select,17,99692,0,P1668,STUDY0007,SESS1270,0,"{""Q0"":[""material""]}",shawl,category_organization
ROW34113,4086,survey-multi-select,18,103781,0,P1668,STUDY0007,SESS1270,0,"{""Q0"":[""shape""]}",snake,category_organization
ROW34114,4443,survey-multi-select,19,108227,0,P1668,STUDY0007,SESS1270,0,"{""Q0"":[""shape""]}",bowl,category_organization
ROW34115,4810,survey-multi-select,20,113040,0,P1668,STUDY0007,SESS1270,0,"{""Q0"":[""none of these""]}",patio,category_organization
ROW34116,4784,survey-multi-select,21,117827,0,P1668,STUDY0007,SESS1270,0,"{""Q0"":[""none of these""]}",sweet potato,category_organization
ROW34117,4026,survey-multi-select,22,121855,0,P1668,STUDY0007,SESS1270,0,"{""Q0"":[""shape""]}",pasta,category_organization
ROW34118,4005,survey-multi-select,23,125863,0,P1668,STUDY0007,SESS1270,0,"{""Q0"":[""material""]}",skirt,category_organization
ROW34119,3745,survey-multi-select,24,129610,0,P1668,STUDY0007,SESS1270,0,"{""Q0"":[""none of these""]}",chicken,category_organization
ROW34120,3641,survey-multi-select,25,133254,0,P1668,STUDY0007,SESS1270,0,"{""Q0"":[""shape""]}",pasta,category_organization
ROW34121,12758,survey-multi-select,26,146028,0,P1668,STUDY0007,SESS1270,0,"{""Q0"":[""none of these""]}",moose,category_organization
ROW34122,3205,survey-multi-select,27,149238,0,P1668,STUDY0007,SESS1270,0,"{""Q0"":[""none of these""]}",lavender,category_organization
ROW34123,3906,survey-multi-select,28,153150,0,P1668,STUDY0007,SESS1270,0,"{""Q0"":[""material""]}",cloth,category_organization
ROW34124,12680,survey-multi-select,29,165838,0,P1668,STUDY0007,SESS1270,0,"{""Q0"":[""none of these""]}",nail (body part),category_organization
ROW34125,5633,survey-multi-select,30,171475,0,P1668,STUDY0007,SESS1270,0,"{""Q0"":[""none of these""]}",caterpillar,category_organization
ROW34126,7951,survey-multi-select,31,179430,0,P1668,STUDY0007,SESS1270,0,"{""Q0"":[""none of these""]}",bat (animal),category_organization
ROW34127,3474,survey-multi-select,32,182907,0,P1668,STUDY0007,SESS1270,0,"{""Q0"":[""none of these""]}",street,category_organization
ROW34128,3818,survey-multi-select,33,186727,0,P1668,STUDY0007,SESS1270,0,"{""Q0"":[""none of these""]}",tractor,category_organization
ROW34129,10218,survey-multi-select,34,196948,0,P1668,STUDY0007,SESS1270,0,"{""Q0"":[""none of these""]}",lamp,category_organization
ROW34130,4891,survey-multi-select,35,201842,0,P1668,STUDY0007,SESS1270,0,"{""Q0"":[""none of these""]}",yogurt drink,category_organization
ROW34131,3224,survey-multi-select,36,205069,0,P1668,STUDY0007,SESS1270,0,"{""Q0"":[""shape""]}",ball,category_organization
ROW34132,1036,html-button-response,37,206107,0,P1668,STUDY0007,SESS1270,0,0,,
ROW34133,3227,instructions,38,209335,0,P1668,STUDY0007,SESS1270,0,,,
ROW34134,62054,instructions,0,62062,0,P1733,STUDY0007,SESS1246,0,,,
ROW34135,16776,instructions,1,78840,0,P1733,STUDY0007,SESS1246,0,,,
ROW34136,17878,html-button-response,2,96723,0,P1733,STUDY0007,SESS1246,0,0,,
ROW34137,21816,html-button-response,3,118544,0,P1733,STUDY0007,SESS1246,0,0,,
ROW34138,14093,html-button-response,4,132680,0,P1733,STUDY0007,SESS1246,0,0,,
ROW34139,27654,html-button-response,5,160380,0,P1733,STUDY0007,SESS1246,0,0,,
ROW34140,6916,html-button-response,6,167299,0,P1733,STUDY0007,SESS1246,0,0,,
ROW34141,9931,survey-multi-select,7,177253,0,P1733,STUDY0007,SESS1246,0,"{""Q0"":[""shape""]}",square,practice_category
ROW34142,5465,html-button-response,8,182729,0,P1733,STUDY0007,SESS1246,0,0,,
ROW34143,21583,survey-multi-select,9,204321,0,P1733,STUDY0007,SESS1246,0,"{""Q0"":[""none of these""]}",happiness,practice_category
ROW34144,14528,html-button-response,10,218853,0,P1733,STUDY0007,SESS1246,0,0,,
ROW34145,25212,survey-multi-select,11,244086,0,P1733,STUDY0007,SESS1246,0,"{""Q0"":[""color""]}",red,practice_category
ROW34146,10680,html-button-response,12,254775,0,P1733,STUDY0007,SESS1246,0,0,,
ROW34147,54746,survey-multi-select,13,309543,0,P1733,STUDY0007,SESS1246,0,"{""Q0"":[""material""]}",pottery,practice_category
ROW34148,4076,html-button-response,14,313621,0,P1733,STUDY0007,SESS1246,0,0,,
ROW34149,7502,html-button-response,15,321162,0,P1733,STUDY0007,SESS1246,0,0,,
ROW34150,13806,survey-multi-select,16,334989,0,P1733,STUDY0007,SESS1246,0,"{""Q0"":[""material""]}",pipe,category_organization
ROW34151,23619,survey-multi-select,17,358676,0,P1733,STUDY0007,SESS1246,0,"{""Q0"":[""material""]}",slide (object),category_organization
ROW34152,15883,survey-multi-select,18,374568,0,P1733,STUDY0007,SESS1246,0,"{""Q0"":[""material""]}",jam,category_organization
ROW34153,39119,survey-multi-select,19,413697,0,P1733,STUDY0007,SESS1246,0,"{""Q0"":[""none of these""]}",papaya,category_organization
ROW34154,18330,survey-multi-select,20,432035,0,P1733,STUDY0007,SESS1246,0,"{""Q0"":[""none of these""]}",goal,category_organization
ROW34155,21946,survey-multi-select,21,453998,0,P1733,STUDY0007,SESS1246,0,"{""Q0"":[""none of these""]}",lavender,category_organization
ROW34156,9298,survey-multi-select,22,463308,0,P1733,STUDY0007,SESS1246,0,"{""Q0"":[""material""]}",blender,category_organization
ROW34157,7920,survey-multi-select,23,471243,0,P1733,STUDY0007,SESS1246,0,"{""Q0"":[""color""]}",blood,category_organization
ROW34158,10353,survey-multi-select,24,481609,0,P1733,STUDY0007,SESS1246,0,"{""Q0"":[""none of these""]}",puppet,category_organization
ROW34159,72865,survey-multi-select,25,554491,0,P1733,STUDY0007,SESS1246,0,"{""Q0"":[""color""]}",clementine,category_organization
ROW34160,51317,survey-multi-select,26,605843,0,P1733,STUDY0007,SESS1246,0,"{""Q0"":[""shape""]}",patio,category_organization
ROW34161,6685,survey-multi-select,27,612548,0,P1733,STUDY0007,SESS1246,0,"{""Q0"":[""color""]}",spinach,category_organization
ROW34162,32717,survey-multi-select,28,645278,0,P1733,STUDY0007,SESS1246,0,"{""Q0"":[""material""]}",belly button,category_organization
ROW34163,5014,survey-multi-select,29,650298,0,P1733,STUDY0007,SESS1246,0,"{""Q0"":[""material""]}",animal,category_organization
ROW34164,6628,survey-multi-select,30,656933,0,P1733,STUDY0007,SESS1246,0,"{""Q0"":[""shape"",""color""]}",apple,category_organization
ROW34165,5246,survey-multi-select,31,662222,0,P1733,STUDY0007,SESS1246,0,"{""Q0"":[""shape""]}",hammer,category_organization
ROW34166,5153,survey-multi-select,32,667385,0,P1733,STUDY0007,SESS1246,0,"{""Q0"":[""none of these""]}",toast,category_organization
ROW34167,6128,survey-multi-select,33,673520,0,P1733,STUDY0007,SESS1246,0,"{""Q0"":[""shape""]}",lake,category_organization
ROW34168,6334,survey-multi-select,34,679859,0,P1733,STUDY0007,SESS1246,0,"{""Q0"":[""shape""]}",shorts,category_organization
ROW34169,5053,survey-multi-select,35,684919,0,P1733,STUDY0007,SESS1246,0,"{""Q0"":[""none of these""]}",story,category_organization
ROW34170,4281,survey-multi-select,36,689206,0,P1733,STUDY0007,SESS1246,0,"{""Q0"":[""none of these""]}",pudding,category_organization
ROW34171,2712,html-button-response,37,691966,0,P1733,STUDY0007,SESS1246,0,0,,
ROW34172,5043,instructions,38,697010,0,P1733,STUDY0007,SESS1246,0,,,
ROW34173,5865,instructions,0,5870,0,P1495,STUDY0007,SESS1249,0,,,
ROW34174,14309,instructions,1,20181,0,P1495,STUDY0007,SESS1249,0,,,
ROW34176,12759,html-button-response,4,55666,0,P1495,STUDY0007,SESS1249,0,0,,
ROW34175,5710,html-button-response,6,65836,0,P1495,STUDY0007,SESS1249,0,0,,
ROW34177,4456,html-button-response,5,60124,0,P1495,STUDY0007,SESS1249,0,0,,
ROW34178,10771,html-button-response,3,42905,0,P1495,STUDY0007,SESS1249,0,0,,
ROW34179,11947,html-button-response,2,32132,0,P1495,STUDY0007,SESS1249,0,0,,
ROW34180,14195,survey-multi-select,7,80037,0,P1495,STUDY0007,SESS1249,0,"{""Q0"":[""none of these""]}",happiness,practice_category
ROW34181,15817,survey-multi-select,9,97492,0,P1495,STUDY0007,SESS1249,0,"{""Q0"":[""material""]}",pottery,practice_category
ROW34182,1631,html-button-response,8,81671,0,P1495,STUDY0007,SESS1249,0,0,,
ROW34183,2001,html-button-response,10,99495,0,P1495,STUDY0007,SESS1249,0,0,,
ROW34184,8690,survey-multi-select,11,108189,0,P1495,STUDY0007,SESS1249,0,"{""Q0"":[""color""]}",red,practice_category
ROW34185,1447,html-button-response,12,109639,0,P1495,STUDY0007,SESS1249,0,0,,
ROW34186,5537,survey-multi-select,13,115179,0,P1495,STUDY0007,SESS1249,0,"{""Q0"":[""shape""]}",square,practice_category
ROW34187,1459,html-button-response,14,116640,0,P1495,STUDY0007,SESS1249,0,0,,
ROW34188,4566,html-button-response,15,121209,0,P1495,STUDY0007,SESS1249,0,0,,
ROW34189,15247,survey-multi-select,16,136460,0,P1495,STUDY0007,SESS1249,0,"{""Q0"":[""material""]}",puddle,category_organization
ROW34190,8521,survey-multi-select,17,144985,0,P1495,STUDY0007,SESS1249,0,"{""Q0"":[""none of these""]}",wombat,category_organization
ROW34191,16320,survey-multi-select,18,161308,0,P1495,STUDY0007,SESS1249,0,"{""Q0"":[""none of these""]}",trash,category_organization
ROW34192,6960,survey-multi-select,20,229832,0,P1495,STUDY0007,SESS1249,0,"{""Q0"":[""material""]}",pizza,category_organization
ROW34193,61556,survey-multi-select,19,222868,0,P1495,STUDY0007,SESS1249,0,"{""Q0"":[""none of these""]}",kitty,category_organization
ROW34194,98114,survey-multi-select,22,338453,0,P1495,STUDY0007,SESS1249,0,"{""Q0"":[""none of these""]}",tower,category_organization
ROW34195,10498,survey-multi-select,21,240334,0,P1495,STUDY0007,SESS1249,0,"{""Q0"":[""material""]}",jar,category_organization
ROW34196,15743,survey-multi-select,23,354198,0,P1495,STUDY0007,SESS1249,0,"{""Q0"":[""material""]}",fish (food),category_organization
ROW34197,22341,survey-multi-select,24,376543,0,P1495,STUDY0007,SESS1249,0,"{""Q0"":[""none of these""]}",ladybug,category_organization
ROW34198,20605,survey-multi-select,25,397152,0,P1495,STUDY0007,SESS1249,0,"{""Q0"":[""material""]}",soy milk,category_organization
ROW34199,16159,survey-multi-select,26,413313,0,P1495,STUDY0007,SESS1249,0,"{""Q0"":[""color""]}",orange,category_organization
ROW34200,48670,survey-multi-select,27,461987,0,P1495,STUDY0007,SESS1249,0,"{""Q0"":[""none of these""]}",oven,category_organization
ROW34201,43110,survey-multi-select,28,505101,0,P1495,STUDY0007,SESS1249,0,"{""Q0"":[""none of these""]}",sandal,category_organization
ROW34202,3926,survey-multi-select,31,595061,0,P1495,STUDY0007,SESS1249,0,"{""Q0"":[""none of these""]}",lavender,category_organization
ROW34203,14552,survey-multi-select,33,620204,0,P1495,STUDY0007,SESS1249,0,"{""Q0"":[""material""]}",egg,category_organization
ROW34204,10584,survey-multi-select,32,605649,0,P1495,STUDY0007,SESS1249,0,"{""Q0"":[""material""]}",pear,category_organization
ROW34205,27927,survey-multi-select,34,648135,0,P1495,STUDY0007,SESS1249,0,"{""Q0"":[""shape""]}",blocks,category_organization
ROW34206,69298,survey-multi-select,30,591131,0,P1495,STUDY0007,SESS1249,0,"{""Q0"":[""none of these""]}",seesaw,category_organization
ROW34207,16725,survey-multi-select,29,521830,0,P1495,STUDY0007,SESS1249,0,"{""Q0"":[""material""]}",jelly,category_organization
ROW34208,33183,survey-multi-select,35,681321,0,P1495,STUDY0007,SESS1249,0,"{""Q0"":[""none of these""]}",penis,category_organization
ROW34209,12536,survey-multi-select,36,693860,0,P1495,STUDY0007,SESS1249,0,"{""Q0"":[""none of these""]}",carousel,category_organization
ROW34210,8743,instructions,38,704411,0,P1495,STUDY0007,SESS1249,0,,,
ROW34211,1804,html-button-response,37,695666,0,P1495,STUDY0007,SESS1249,0,0,,
ROW34212,3416,instructions,0,3417,0,P1600,STUDY0007,SESS1275,0,,,
ROW34213,2888,instructions,1,6305,0,P1600,STUDY0007,SESS1275,0,,,
ROW34214,4379,html-button-response,3,11749,0,P1600,STUDY0007,SESS1275,0,0,,
ROW34215,1063,html-button-response,2,7369,0,P1600,STUDY0007,SESS1275,0,0,,
ROW34216,5984,html-button-response,4,17733,0,P1600,STUDY0007,SESS1275,0,0,,
ROW34217,1700,html-button-response,5,19433,0,P1600,STUDY0007,SESS1275,0,0,,
ROW34218,4247,html-button-response,6,23680,0,P1600,STUDY0007,SESS1275,0,0,,
ROW34219,6655,survey-multi-select,7,30337,0,P1600,STUDY0007,SESS1275,0,"{""Q0"":[""shape""]}",square,practice_category
ROW34220,791,html-button-response,8,31129,0,P1600,STUDY0007,SESS1275,0,0,,
ROW34221,5735,survey-multi-select,9,36865,0,P1600,STUDY0007,SESS1275,0,"{""Q0"":[""none of these""]}",happiness,practice_category
ROW34222,11199,survey-multi-select,11,48609,0,P1600,STUDY0007,SESS1275,0,"{""Q0"":[""material""]}",pottery,practice_category
ROW34223,560,html-button-response,12,49169,0,P1600,STUDY0007,SESS1275,0,0,,
ROW34224,543,html-button-response,10,37409,0,P1600,STUDY0007,SESS1275,0,0,,
ROW34225,484,html-button-response,14,53065,0,P1600,STUDY0007,SESS1275,0,0,,
ROW34226,3411,survey-multi-select,13,52581,0,P1600,STUDY0007,SESS1275,0,"{""Q0"":[""color""]}",red,practice_category
ROW34227,2023,html-button-response,15,55089,0,P1600,STUDY0007,SESS1275,0,0,,
ROW34228,3831,survey-multi-select,16,58921,0,P1600,STUDY0007,SESS1275,0,"{""Q0"":[""none of these""]}",onion,category_organization
ROW34229,4179,survey-multi-select,17,63101,0,P1600,STUDY0007,SESS1275,0,"{""Q0"":[""none of these""]}",tv,category_organization
ROW34230,6031,survey-multi-select,18,69133,0,P1600,STUDY0007,SESS1275,0,"{""Q0"":[""none of these""]}",sunglasses,category_organization
ROW34231,5423,survey-multi-select,19,74557,0,P1600,STUDY0007,SESS1275,0,"{""Q0"":[""none of these""]}",dress (object),category_organization
ROW34232,8971,survey-multi-select,20,83529,0,P1600,STUDY0007,SESS1275,0,"{""Q0"":[""material""]}",gas,category_organization
ROW34233,6431,survey-multi-select,21,89961,0,P1600,STUDY0007,SESS1275,0,"{""Q0"":[""shape"",""color"",""material""]}",money,category_organization
ROW34234,3587,survey-multi-select,22,93549,0,P1600,STUDY0007,SESS1275,0,"{""Q0"":[""shape"",""material""]}",sandbox,category_organization
ROW34235,6872,survey-multi-select,24,102137,0,P1600,STUDY0007,SESS1275,0,"{""Q0"":[""shape"",""material""]}",lip,category_organization
ROW34236,1715,survey-multi-select,23,95265,0,P1600,STUDY0007,SESS1275,0,"{""Q0"":[""none of these""]}",lavender,category_organization
ROW34237,5343,survey-multi-select,25,107481,0,P1600,STUDY0007,SESS1275,0,"{""Q0"":[""shape"",""material""]}",cushion,category_organization
ROW34238,7627,survey-multi-select,26,115109,0,P1600,STUDY0007,SESS1275,0,"{""Q0"":[""shape"",""color""]}",crocodile,category_organization
ROW34239,3507,survey-multi-select,27,118617,0,P1600,STUDY0007,SESS1275,0,"{""Q0"":[""shape"",""material""]}",clam,category_organization
ROW34240,4395,survey-multi-select,28,123013,0,P1600,STUDY0007,SESS1275,0,"{""Q0"":[""shape"",""color"",""material""]}",lemon,category_organization
ROW34241,5711,survey-multi-select,30,133245,0,P1600,STUDY0007,SESS1275,0,"{""Q0"":[""material""]}",ceiling,category_organization
ROW34242,4519,survey-multi-select,29,127533,0,P1600,STUDY0007,SESS1275,0,"{""Q0"":[""none of these""]}",patio,category_organization
ROW34243,4835,survey-multi-select,31,138081,0,P1600,STUDY0007,SESS1275,0,"{""Q0"":[""shape""]}",mouse,category_organization
ROW34244,5119,survey-multi-select,32,143201,0,P1600,STUDY0007,SESS1275,0,"{""Q0"":[""material""]}",swimsuit,category_organization
ROW34245,3795,survey-multi-select,33,146997,0,P1600,STUDY0007,SESS1275,0,"{""Q0"":[""material""]}",chicken (food),category_organization
ROW34246,3864,survey-multi-select,34,150861,0,P1600,STUDY0007,SESS1275,0,"{""Q0"":[""shape"",""material""]}",apron,category_organization
ROW34247,4847,survey-multi-select,35,155709,0,P1600,STUDY0007,SESS1275,0,"{""Q0"":[""material""]}",soda,category_organization
ROW34248,3188,survey-multi-select,36,158897,0,P1600,STUDY0007,SESS1275,0,"{""Q0"":[""shape"",""color"",""material""]}",coin,category_organization
ROW34249,895,html-button-response,37,159793,0,P1600,STUDY0007,SESS1275,0,0,,
ROW34250,2068,instructions,38,161861,0,P1600,STUDY0007,SESS1275,0,,,
ROW34251,5345,instructions,0,5346,0,P0066,STUDY0007,SESS1269,0,,,
ROW34252,5168,instructions,1,10515,0,P0066,STUDY0007,SESS1269,0,,,
ROW34253,21779,html-button-response,2,32295,0,P0066,STUDY0007,SESS1269,0,0,,
ROW34254,13184,html-button-response,4,55271,0,P0066,STUDY0007,SESS1269,0,0,,
ROW34255,9788,html-button-response,3,42085,0,P0066,STUDY0007,SESS1269,0,0,,
ROW34256,7697,html-button-response,5,62969,0,P0066,STUDY0007,SESS1269,0,0,,
ROW34257,6469,html-button-response,6,69439,0,P0066,STUDY0007,SESS1269,0,0,,
ROW34258,18291,survey-multi-select,7,87736,0,P0066,STUDY0007,SESS1269,0,"{""Q0"":[""color""]}",red,practice_category
ROW34259,3904,html-button-response,8,91643,0,P0066,STUDY0007,SESS1269,0,0,,
ROW34260,10440,survey-multi-select,9,102086,0,P0066,STUDY0007,SESS1269,0,"{""Q0"":[""none of these""]}",happiness,practice_category
ROW34261,2640,html-button-response,10,104727,0,P0066,STUDY0007,SESS1269,0,0,,
ROW34262,7298,survey-multi-select,11,112028,0,P0066,STUDY0007,SESS1269,0,"{""Q0"":[""material""]}",pottery,practice_category
ROW34263,4441,html-button-response,12,116470,0,P0066,STUDY0007,SESS1269,0,0,,
ROW34264,6272,survey-multi-select,13,122745,0,P0066,STUDY0007,SESS1269,0,"{""Q0"":[""shape""]}",square,practice_category
ROW34265,2267,html-button-response,14,125013,0,P0066,STUDY0007,SESS1269,0,0,,
ROW34266,10018,html-button-response,15,135034,0,P0066,STUDY0007,SESS1269,0,0,,
ROW34267,7155,survey-multi-select,16,142193,0,P0066,STUDY0007,SESS1269,0,"{""Q0"":[""none of these""]}",pasta,category_organization
ROW34268,7569,survey-multi-select,17,149764,0,P0066,STUDY0007,SESS1269,0,"{""Q0"":[""shape""]}",bowl,category_organization
ROW34269,12080,survey-multi-select,18,161847,0,P0066,STUDY0007,SESS1269,0,"{""Q0"":[""shape""]}",sweet potato,category_organization
ROW34270,32094,survey-multi-select,19,193943,0,P0066,STUDY0007,SESS1269,0,"{""Q0"":[""shape""]}",street,category_organization
ROW34271,13831,survey-multi-select,20,207776,0,P0066,STUDY0007,SESS1269,0,"{""Q0"":[""shape""]}",shawl,category_organization
ROW34272,13301,survey-multi-select,21,221079,0,P0066,STUDY0007,SESS1269,0,"{""Q0"":[""color""]}",bat (animal),category_organization
ROW34273,3377,survey-multi-select,22,224457,0,P0066,STUDY0007,SESS1269,0,"{""Q0"":[""shape""]}",snake,category_organization
ROW34274,4715,survey-multi-select,23,229174,0,P0066,STUDY0007,SESS1269,0,"{""Q0"":[""shape""]}",nail (body part),category_organization
ROW34275,5202,survey-multi-select,24,234378,0,P0066,STUDY0007,SESS1269,0,"{""Q0"":[""shape""]}",lamp,category_organization
ROW34276,4324,survey-multi-select,25,238703,0,P0066,STUDY0007,SESS1269,0,"{""Q0"":[""material""]}",cloth,category_organization
ROW34277,5287,survey-multi-select,26,243992,0,P0066,STUDY0007,SESS1269,0,"{""Q0"":[""none of these""]}",chicken,category_organization
ROW34278,2927,survey-multi-select,27,246922,0,P0066,STUDY0007,SESS1269,0,"{""Q0"":[""shape""]}",ball,category_organization
ROW34279,13586,survey-multi-select,28,260510,0,P0066,STUDY0007,SESS1269,0,"{""Q0"":[""shape""]}",caterpillar,category_organization
ROW34280,3953,survey-multi-select,29,264464,0,P0066,STUDY0007,SESS1269,0,"{""Q0"":[""shape""]}",moose,category_organization
ROW34281,5309,survey-multi-select,30,269775,0,P0066,STUDY0007,SESS1269,0,"{""Q0"":[""none of these""]}",yogurt drink,category_organization
ROW34282,12243,survey-multi-select,31,282021,0,P0066,STUDY0007,SESS1269,0,"{""Q0"":[""shape""]}",patio,category_organization
ROW34283,4324,survey-multi-select,32,286348,0,P0066,STUDY0007,SESS1269,0,"{""Q0"":[""none of these""]}",pasta,category_organization
ROW34284,2477,survey-multi-select,33,288826,0,P0066,STUDY0007,SESS1269,0,"{""Q0"":[""none of these""]}",lavender,category_organization
ROW34285,3728,survey-multi-select,34,292557,0,P0066,STUDY0007,SESS1269,0,"{""Q0"":[""shape""]}",mango,category_organization
ROW34286,7986,survey-multi-select,35,300544,0,P0066,STUDY0007,SESS1269,0,"{""Q0"":[""shape""]}",tractor,category_organization
ROW34287,6513,survey-multi-select,36,307059,0,P0066,STUDY0007,SESS1269,0,"{""Q0"":[""shape""]}",skirt,category_organization
ROW34288,1135,html-button-response,37,308196,0,P0066,STUDY0007,SESS1269,0,0,,
ROW34289,3272,instructions,38,311469,0,P0066,STUDY0007,SESS1269,0,,,
ROW34290,2306,instructions,1,4814,0,P1822,STUDY0007,SESS1273,0,,,
ROW34291,2506,instructions,0,2508,0,P1822,STUDY0007,SESS1273,0,,,
ROW34292,8235,html-button-response,4,30785,0,P1822,STUDY0007,SESS1273,0,0,,
ROW34293,6071,html-button-response,3,22550,0,P1822,STUDY0007,SESS1273,0,0,,
ROW34294,11662,html-button-response,2,16478,0,P1822,STUDY0007,SESS1273,0,0,,
ROW34295,1342,html-button-response,5,32127,0,P1822,STUDY0007,SESS1273,0,0,,
ROW34296,5082,html-button-response,6,37210,0,P1822,STUDY0007,SESS1273,0,0,,
ROW34297,20211,survey-multi-select,7,57423,0,P1822,STUDY0007,SESS1273,0,"{""Q0"":[""none of these""]}",happiness,practice_category
ROW34298,8552,survey-multi-select,9,68725,0,P1822,STUDY0007,SESS1273,0,"{""Q0"":[""color""]}",red,practice_category
ROW34299,5617,html-button-response,10,74343,0,P1822,STUDY0007,SESS1273,0,0,,
ROW34300,2748,html-button-response,8,60172,0,P1822,STUDY0007,SESS1273,0,0,,
ROW34301,6950,survey-multi-select,11,81294,0,P1822,STUDY0007,SESS1273,0,"{""Q0"":[""material""]}",pottery,practice_category
ROW34302,5657,survey-multi-select,13,88130,0,P1822,STUDY0007,SESS1273,0,"{""Q0"":[""shape""]}",square,practice_category
ROW34303,1177,html-button-response,12,82472,0,P1822,STUDY0007,SESS1273,0,0,,
ROW34304,600,html-button-response,14,88730,0,P1822,STUDY0007,SESS1273,0,0,,
ROW34305,3028,html-button-response,15,91759,0,P1822,STUDY0007,SESS1273,0,0,,
ROW34306,7077,survey-multi-select,17,103739,0,P1822,STUDY0007,SESS1273,0,"{""Q0"":[""shape"",""material""]}",croquette,category_organization
ROW34307,3779,survey-multi-select,18,107519,0,P1822,STUDY0007,SESS1273,0,"{""Q0"":[""material""]}",sticker,category_organization
ROW34308,4900,survey-multi-select,16,96661,0,P1822,STUDY0007,SESS1273,0,"{""Q0"":[""shape""]}",shark,category_organization
ROW34309,3877,survey-multi-select,19,111397,0,P1822,STUDY0007,SESS1273,0,"{""Q0"":[""material""]}",stick,category_organization
ROW34310,4121,survey-multi-select,20,115519,0,P1822,STUDY0007,SESS1273,0,"{""Q0"":[""material""]}",glue (object),category_organization
ROW34311,2201,survey-multi-select,21,117721,0,P1822,STUDY0007,SESS1273,0,"{""Q0"":[""none of these""]}",lavender,category_organization
ROW34312,5313,survey-multi-select,22,123035,0,P1822,STUDY0007,SESS1273,0,"{""Q0"":[""material""]}",phone,category_organization
ROW34313,2834,survey-multi-select,23,125871,0,P1822,STUDY0007,SESS1273,0,"{""Q0"":[""shape""]}",bicycle,category_organization
ROW34314,3700,survey-multi-select,24,129571,0,P1822,STUDY0007,SESS1273,0,"{""Q0"":[""shape""]}",melon,category_organization
ROW34315,3986,survey-multi-select,25,133558,0,P1822,STUDY0007,SESS1273,0,"{""Q0"":[""none of these""]}",goat,category_organization
ROW34316,3080,survey-multi-select,26,136638,0,P1822,STUDY0007,SESS1273,0,"{""Q0"":[""none of these""]}",bathroom,category_organization
ROW34317,4100,survey-multi-select,27,140740,0,P1822,STUDY0007,SESS1273,0,"{""Q0"":[""material""]}",pita,category_organization
ROW34318,7030,survey-multi-select,29,150356,0,P1822,STUDY0007,SESS1273,0,"{""Q0"":[""shape""]}",bat (animal),category_organization
ROW34319,2585,survey-multi-select,28,143325,0,P1822,STUDY0007,SESS1273,0,"{""Q0"":[""none of these""]}",forehead,category_organization
ROW34320,3285,survey-multi-select,30,153642,0,P1822,STUDY0007,SESS1273,0,"{""Q0"":[""none of these""]}",locomotive,category_organization
ROW34321,3343,survey-multi-select,31,156986,0,P1822,STUDY0007,SESS1273,0,"{""Q0"":[""material""]}",lawn,category_organization
ROW34322,3372,survey-multi-select,32,160360,0,P1822,STUDY0007,SESS1273,0,"{""Q0"":[""shape""]}",motorcycle,category_organization
ROW34323,2835,survey-multi-select,33,163196,0,P1822,STUDY0007,SESS1273,0,"{""Q0"":[""none of these""]}",market,category_organization
ROW34324,3488,survey-multi-select,35,180999,0,P1822,STUDY0007,SESS1273,0,"{""Q0"":[""shape"",""material""]}",ribbon,category_organization
ROW34325,14310,survey-multi-select,34,177508,0,P1822,STUDY0007,SESS1273,0,"{""Q0"":[""shape"",""color"",""material""]}",firetruck,category_organization
ROW34326,2463,survey-multi-select,36,183464,0,P1822,STUDY0007,SESS1273,0,"{""Q0"":[""none of these""]}",party,category_organization
ROW34327,1033,html-button-response,37,184498,0,P1822,STUDY0007,SESS1273,0,0,,
ROW34328,1607,instructions,38,186105,0,P1822,STUDY0007,SESS1273,0,,,
ROW34329,2788,instructions,0,2790,0,P1546,STUDY0007,SESS1216,0,,,
ROW34330,8292,html-button-response,2,21337,0,P1546,STUDY0007,SESS1216,0,0,,
ROW34331,30555,html-button-response,3,51893,0,P1546,STUDY0007,SESS1216,0,0,,
ROW34332,10251,instructions,1,13041,0,P1546,STUDY0007,SESS1216,0,,,
ROW34333,27879,html-button-response,4,79773,0,P1546,STUDY0007,SESS1216,0,0,,
ROW34334,21388,html-button-response,5,101162,0,P1546,STUDY0007,SESS1216,0,0,,
ROW34335,217259,html-button-response,6,318422,0,P1546,STUDY0007,SESS1216,0,0,,
ROW34336,55619,survey-multi-select,7,374045,0,P1546,STUDY0007,SESS1216,0,"{""Q0"":[""material""]}",pottery,practice_category
ROW34337,1540,html-button-response,8,375586,0,P1546,STUDY0007,SESS1216,0,0,,
ROW34338,17590,survey-multi-select,9,393178,0,P1546,STUDY0007,SESS1216,0,"{""Q0"":[""color""]}",red,practice_category
ROW34339,1357,html-button-response,10,394536,0,P1546,STUDY0007,SESS1216,0,0,,
ROW34340,24924,survey-multi-select,11,419462,0,P1546,STUDY0007,SESS1216,0,"{""Q0"":[""none of these""]}",happiness,practice_category
ROW34341,6583,html-button-response,12,426046,0,P1546,STUDY0007,SESS1216,0,0,,
ROW34342,1128,html-button-response,14,449979,0,P1546,STUDY0007,SESS1216,0,0,,
ROW34343,22802,survey-multi-select,13,448850,0,P1546,STUDY0007,SESS1216,0,"{""Q0"":[""shape""]}",square,practice_category
ROW34344,18660,html-button-response,15,468640,0,P1546,STUDY0007,SESS1216,0,0,,
ROW34345,17456,survey-multi-select,16,486098,0,P1546,STUDY0007,SESS1216,0,"{""Q0"":[""shape""]}",ball,category_organization
ROW34346,14759,survey-multi-select,17,500860,0,P1546,STUDY0007,SESS1216,0,"{""Q0"":[""none of these""]}",lighter,category_organization
ROW34347,29888,survey-multi-select,18,530750,0,P1546,STUDY0007,SESS1216,0,"{""Q0"":[""none of these""]}",pony,category_organization
ROW34348,20476,survey-multi-select,19,551228,0,P1546,STUDY0007,SESS1216,0,"{""Q0"":[""none of these""]}",lawn mower,category_organization
ROW34349,17896,survey-multi-select,20,569126,0,P1546,STUDY0007,SESS1216,0,"{""Q0"":[""none of these""]}",owl,category_organization
ROW34350,86970,survey-multi-select,21,656098,0,P1546,STUDY0007,SESS1216,0,"{""Q0"":[""none of these""]}",house,category_organization
ROW34351,15386,survey-multi-select,22,671487,0,P1546,STUDY0007,SESS1216,0,"{""Q0"":[""material""]}",tractor,category_organization
ROW34352,15067,survey-multi-select,23,686556,0,P1546,STUDY0007,SESS1216,0,"{""Q0"":[""material""]}",bug,category_organization
ROW34353,7266,survey-multi-select,24,693824,0,P1546,STUDY0007,SESS1216,0,"{""Q0"":[""none of these""]}",jello,category_organization
ROW34354,2460,survey-multi-select,25,696286,0,P1546,STUDY0007,SESS1216,0,"{""Q0"":[""none of these""]}",sandwich,category_organization
ROW34355,2996,survey-multi-select,26,699284,0,P1546,STUDY0007,SESS1216,0,"{""Q0"":[""material""]}",watering can,category_organization
ROW34356,2803,survey-multi-select,27,702088,0,P1546,STUDY0007,SESS1216,0,"{""Q0"":[""none of these""]}",grapes,category_organization
ROW34357,4780,survey-multi-select,28,706870,0,P1546,STUDY0007,SESS1216,0,"{""Q0"":[""none of these""]}",drink (beverage),category_organization
ROW34358,11580,survey-multi-select,29,718452,0,P1546,STUDY0007,SESS1216,0,"{""Q0"":[""color""]}",lavender,category_organization
ROW34359,8358,survey-multi-select,31,732540,0,P1546,STUDY0007,SESS1216,0,"{""Q0"":[""none of these""]}",sandwich,category_organization
ROW34360,4176,survey-multi-select,32,736718,0,P1546,STUDY0007,SESS1216,0,"{""Q0"":[""material""]}",t-shirt,category_organization
ROW34361,5688,survey-multi-select,33,742408,0,P1546,STUDY0007,SESS1216,0,"{""Q0"":[""none of these""]}",whale,category_organization
ROW34362,1336,survey-multi-select,34,743746,0,P1546,STUDY0007,SESS1216,0,"{""Q0"":[""none of these""]}",wolf,category_organization
ROW34363,5726,survey-multi-select,30,724180,0,P1546,STUDY0007,SESS1216,0,"{""Q0"":[""none of these""]}",lamp,category_organization
ROW34364,2802,survey-multi-select,35,746550,0,P1546,STUDY0007,SESS1216,0,"{""Q0"":[""none of these""]}",eyebrow,category_organization
ROW34365,2713,survey-multi-select,36,749264,0,P1546,STUDY0007,SESS1216,0,"{""Q0"":[""none of these""]}",camera,category_organization
ROW34366,1589,html-button-response,37,750854,0,P1546,STUDY0007,SESS1216,0,0,,
ROW34367,2606,instructions,38,753460,0,P1546,STUDY0007,SESS1216,0,,,
ROW34368,22226,instructions,0,22227,0,P1821,STUDY0007,SESS1268,0,,,
ROW34369,9340,html-button-response,3,44656,0,P1821,STUDY0007,SESS1268,0,0,,
ROW34370,3943,instructions,1,26171,0,P1821,STUDY0007,SESS1268,0,,,
ROW34371,9142,html-button-response,2,35314,0,P1821,STUDY0007,SESS1268,0,0,,
ROW34372,10734,html-button-response,4,55393,0,P1821,STUDY0007,SESS1268,0,0,,
ROW34373,3759,html-button-response,5,59153,0,P1821,STUDY0007,SESS1268,0,0,,
ROW34374,5601,html-button-response,6,64756,0,P1821,STUDY0007,SESS1268,0,0,,
ROW34375,10296,survey-multi-select,7,75055,0,P1821,STUDY0007,SESS1268,0,"{""Q0"":[""none of these""]}",happiness,practice_category
ROW34376,1630,html-button-response,8,76687,0,P1821,STUDY0007,SESS1268,0,0,,
ROW34377,9182,survey-multi-select,9,85870,0,P1821,STUDY0007,SESS1268,0,"{""Q0"":[""shape""]}",square,practice_category
ROW34378,1303,html-button-response,10,87174,0,P1821,STUDY0007,SESS1268,0,0,,
ROW34379,8412,survey-multi-select,11,95588,0,P1821,STUDY0007,SESS1268,0,"{""Q0"":[""material""]}",pottery,practice_category
ROW34380,985,html-button-response,12,96573,0,P1821,STUDY0007,SESS1268,0,0,,
ROW34381,9084,survey-multi-select,13,105659,0,P1821,STUDY0007,SESS1268,0,"{""Q0"":[""material"",""color""]}",red,practice_category
ROW34382,2845,html-button-response,14,108505,0,P1821,STUDY0007,SESS1268,0,0,,
ROW34383,4269,html-button-response,15,112777,0,P1821,STUDY0007,SESS1268,0,0,,
ROW34384,8759,survey-multi-select,16,121539,0,P1821,STUDY0007,SESS1268,0,"{""Q0"":[""material""]}",grapes,category_organization
ROW34385,7969,survey-multi-select,18,133991,0,P1821,STUDY0007,SESS1268,0,"{""Q0"":[""material""]}",baby food,category_organization
ROW34386,4478,survey-multi-select,17,126020,0,P1821,STUDY0007,SESS1268,0,"{""Q0"":[""material""]}",cassava,category_organization
ROW34387,15829,survey-multi-select,19,149822,0,P1821,STUDY0007,SESS1268,0,"{""Q0"":[""material""]}",sweets,category_organization
ROW34388,28614,survey-multi-select,20,178438,0,P1821,STUDY0007,SESS1268,0,"{""Q0"":[""shape""]}",rocking chair,category_organization
ROW34389,5873,survey-multi-select,21,184313,0,P1821,STUDY0007,SESS1268,0,"{""Q0"":[""none of these""]}",tram,category_organization
ROW34390,4022,survey-multi-select,22,188336,0,P1821,STUDY0007,SESS1268,0,"{""Q0"":[""shape""]}",blocks,category_organization
ROW34391,42326,survey-multi-select,23,230662,0,P1821,STUDY0007,SESS1268,0,"{""Q0"":[""none of these""]}",rat,category_organization
ROW34392,20922,survey-multi-select,24,251587,0,P1821,STUDY0007,SESS1268,0,"{""Q0"":[""material""]}",shower,category_organization
ROW34393,5266,survey-multi-select,25,256855,0,P1821,STUDY0007,SESS1268,0,"{""Q0"":[""none of these""]}",minibus,category_organization
ROW34394,4017,survey-multi-select,26,260874,0,P1821,STUDY0007,SESS1268,0,"{""Q0"":[""material""]}",onion,category_organization
ROW34395,7582,survey-multi-select,27,268457,0,P1821,STUDY0007,SESS1268,0,"{""Q0"":[""none of these""]}",deer,category_organization
ROW34396,5880,survey-multi-select,28,274339,0,P1821,STUDY0007,SESS1268,0,"{""Q0"":[""shape"",""material""]}",t-shirt,category_organization
ROW34397,14831,survey-multi-select,29,289173,0,P1821,STUDY0007,SESS1268,0,"{""Q0"":[""shape"",""color"",""material""]}",money,category_organization
ROW34398,29630,survey-multi-select,30,318804,0,P1821,STUDY0007,SESS1268,0,"{""Q0"":[""none of these""]}",lavender,category_organization
ROW34399,5484,survey-multi-select,31,324290,0,P1821,STUDY0007,SESS1268,0,"{""Q0"":[""none of these""]}",chickpea,category_organization
ROW34400,4336,survey-multi-select,32,328627,0,P1821,STUDY0007,SESS1268,0,"{""Q0"":[""material""]}",vacuum,category_organization
ROW34401,5176,survey-multi-select,33,333805,0,P1821,STUDY0007,SESS1268,0,"{""Q0"":[""shape"",""color"",""material""]}",gum,category_organization
ROW34402,5788,survey-multi-select,36,411045,0,P1821,STUDY0007,SESS1268,0,"{""Q0"":[""shape"",""color""]}",beard,category_organization
ROW34403,68571,survey-multi-select,34,402375,0,P1821,STUDY0007,SESS1268,0,"{""Q0"":[""shape"",""color"",""material""]}",eggplant,category_organization
ROW34404,2878,survey-multi-select,35,405256,0,P1821,STUDY0007,SESS1268,0,"{""Q0"":[""material""]}",salt,category_organization
ROW34405,1108,html-button-response,37,412155,0,P1821,STUDY0007,SESS1268,0,0,,
ROW34406,2600,instructions,38,414755,0,P1821,STUDY0007,SESS1268,0,,,
ROW34407,2245,instructions,0,2248,0,P0740,STUDY0007,SESS1263,0,,,
ROW34408,1087,instructions,1,3336,0,P0740,STUDY0007,SESS1263,0,,,
ROW34409,3273,html-button-response,5,22496,0,P0740,STUDY0007,SESS1263,0,0,,
ROW34410,5234,html-button-response,4,19222,0,P0740,STUDY0007,SESS1263,0,0,,
ROW34411,3788,html-button-response,3,13987,0,P0740,STUDY0007,SESS1263,0,0,,
ROW34412,6862,html-button-response,2,10198,0,P0740,STUDY0007,SESS1263,0,0,,
ROW34413,1793,html-button-response,6,24290,0,P0740,STUDY0007,SESS1263,0,0,,
ROW34414,12367,survey-multi-select,7,36659,0,P0740,STUDY0007,SESS1263,0,"{""Q0"":[""color""]}",red,practice_category
ROW34415,2630,html-button-response,8,39290,0,P0740,STUDY0007,SESS1263,0,0,,
ROW34416,892,html-button-response,10,45606,0,P0740,STUDY0007,SESS1263,0,0,,
ROW34417,5422,survey-multi-select,9,44714,0,P0740,STUDY0007,SESS1263,0,"{""Q0"":[""material""]}",pottery,practice_category
ROW34418,2563,survey-multi-select,11,48170,0,P0740,STUDY0007,SESS1263,0,"{""Q0"":[""shape""]}",square,practice_category
ROW34419,670,html-button-response,12,48841,0,P0740,STUDY0007,SESS1263,0,0,,
ROW34420,4614,survey-multi-select,13,53456,0,P0740,STUDY0007,SESS1263,0,"{""Q0"":[""none of these""]}",happiness,practice_category
ROW34421,623,html-button-response,14,54080,0,P0740,STUDY0007,SESS1263,0,0,,
ROW34422,4525,html-button-response,15,58606,0,P0740,STUDY0007,SESS1263,0,0,,
ROW34423,2970,survey-multi-select,16,61577,0,P0740,STUDY0007,SESS1263,0,"{""Q0"":[""shape""]}",kayak,category_organization
ROW34424,4138,survey-multi-select,17,65716,0,P0740,STUDY0007,SESS1263,0,"{""Q0"":[""shape"",""material""]}",toast,category_organization
ROW34425,4831,survey-multi-select,18,70548,0,P0740,STUDY0007,SESS1263,0,"{""Q0"":[""shape"",""material""]}",food,category_organization
ROW34426,6163,survey-multi-select,19,76712,0,P0740,STUDY0007,SESS1263,0,"{""Q0"":[""material""]}",cheese,category_organization
ROW34427,4737,survey-multi-select,20,81450,0,P0740,STUDY0007,SESS1263,0,"{""Q0"":[""shape""]}",rabbit,category_organization
ROW34428,3048,survey-multi-select,21,84499,0,P0740,STUDY0007,SESS1263,0,"{""Q0"":[""shape""]}",purse,category_organization
ROW34429,5050,survey-multi-select,23,92313,0,P0740,STUDY0007,SESS1263,0,"{""Q0"":[""shape"",""color""]}",traffic light,category_organization
ROW34430,2762,survey-multi-select,22,87262,0,P0740,STUDY0007,SESS1263,0,"{""Q0"":[""shape""]}",hedgehog,category_organization
ROW34431,2218,survey-multi-select,24,94532,0,P0740,STUDY0007,SESS1263,0,"{""Q0"":[""material""]}",paper,category_organization
ROW34432,4369,survey-multi-select,25,98902,0,P0740,STUDY0007,SESS1263,0,"{""Q0"":[""shape""]}",shed,category_organization
ROW34433,3461,survey-multi-select,26,102365,0,P0740,STUDY0007,SESS1263,0,"{""Q0"":[""shape""]}",seal (animal),category_organization
ROW34434,2566,survey-multi-select,27,104932,0,P0740,STUDY0007,SESS1263,0,"{""Q0"":[""material""]}",soup,category_organization
ROW34435,3676,survey-multi-select,28,108608,0,P0740,STUDY0007,SESS1263,0,"{""Q0"":[""material""]}",iron (object),category_organization
ROW34436,2864,survey-multi-select,29,111473,0,P0740,STUDY0007,SESS1263,0,"{""Q0"":[""shape""]}",whistle (object),category_organization
ROW34437,2333,survey-multi-select,30,113807,0,P0740,STUDY0007,SESS1263,0,"{""Q0"":[""shape""]}",glasses,category_organization
ROW34438,1769,survey-multi-select,31,115577,0,P0740,STUDY0007,SESS1263,0,"{""Q0"":[""none of these""]}",lavender,category_organization
ROW34439,4851,survey-multi-select,32,120429,0,P0740,STUDY0007,SESS1263,0,"{""Q0"":[""none of these""]}",tie (action),category_organization
ROW34440,3275,survey-multi-select,33,123705,0,P0740,STUDY0007,SESS1263,0,"{""Q0"":[""shape"",""material""]}",pineapple,category_organization
ROW34441,2222,survey-multi-select,34,125928,0,P0740,STUDY0007,SESS1263,0,"{""Q0"":[""shape""]}",clown,category_organization
ROW34442,2736,survey-multi-select,35,128665,0,P0740,STUDY0007,SESS1263,0,"{""Q0"":[""shape""]}",sled,category_organization
ROW34443,3921,survey-multi-select,36,132587,0,P0740,STUDY0007,SESS1263,0,"{""Q0"":[""shape"",""material""]}",orange (food),category_organization
ROW34444,979,html-button-response,37,133567,0,P0740,STUDY0007,SESS1263,0,0,,
ROW34445,1621,instructions,38,135188,0,P0740,STUDY0007,SESS1263,0,,,
ROW34446,23777,instructions,0,23790,0,P1834,STUDY0007,SESS1264,0,,,
ROW34448,53830,instructions,1,77621,0,P1834,STUDY0007,SESS1264,0,,,
ROW34447,15959,html-button-response,3,147409,0,P1834,STUDY0007,SESS1264,0,0,,
ROW34449,139709,html-button-response,4,287119,0,P1834,STUDY0007,SESS1264,0,0,,
ROW34450,12528,html-button-response,5,299648,0,P1834,STUDY0007,SESS1264,0,0,,
ROW34451,53825,html-button-response,2,131449,0,P1834,STUDY0007,SESS1264,0,0,,
ROW34452,12719,html-button-response,6,312367,0,P1834,STUDY0007,SESS1264,0,0,,
ROW34453,19480,html-button-response,8,365011,0,P1834,STUDY0007,SESS1264,0,0,,
ROW34454,19114,survey-multi-select,9,384126,0,P1834,STUDY0007,SESS1264,0,"{""Q0"":[""shape""]}",square,practice_category
ROW34455,33157,survey-multi-select,7,345529,0,P1834,STUDY0007,SESS1264,0,"{""Q0"":[""material"",""color""]}",red,practice_category
ROW34456,3828,html-button-response,10,387955,0,P1834,STUDY0007,SESS1264,0,0,,
ROW34457,22583,survey-multi-select,11,410540,0,P1834,STUDY0007,SESS1264,0,"{""Q0"":[""none of these""]}",happiness,practice_category
ROW34458,2782,html-button-response,12,413323,0,P1834,STUDY0007,SESS1264,0,0,,
ROW34459,72412,survey-multi-select,13,485736,0,P1834,STUDY0007,SESS1264,0,"{""Q0"":[""material""]}",pottery,practice_category
ROW34460,1390,html-button-response,14,487134,0,P1834,STUDY0007,SESS1264,0,0,,
ROW34461,13291,html-button-response,15,500426,0,P1834,STUDY0007,SESS1264,0,0,,
ROW34462,8095,survey-multi-select,16,508522,0,P1834,STUDY0007,SESS1264,0,"{""Q0"":[""none of these""]}",koala,category_organization
ROW34463,5865,survey-multi-select,17,514389,0,P1834,STUDY0007,SESS1264,0,"{""Q0"":[""none of these""]}",chicken,category_organization
ROW34464,17516,survey-multi-select,18,531907,0,P1834,STUDY0007,SESS1264,0,"{""Q0"":[""color""]}",blood,category_organization
ROW34465,6203,survey-multi-select,19,538111,0,P1834,STUDY0007,SESS1264,0,"{""Q0"":[""material""]}",ruler,category_organization
ROW34466,4781,survey-multi-select,20,542893,0,P1834,STUDY0007,SESS1264,0,"{""Q0"":[""material""]}",money,category_organization
ROW34467,4492,survey-multi-select,21,547387,0,P1834,STUDY0007,SESS1264,0,"{""Q0"":[""none of these""]}",squirrel,category_organization
ROW34468,24447,survey-multi-select,22,571835,0,P1834,STUDY0007,SESS1264,0,"{""Q0"":[""material""]}",boat,category_organization
ROW34469,10744,survey-multi-select,23,582581,0,P1834,STUDY0007,SESS1264,0,"{""Q0"":[""none of these""]}",vagina,category_organization
ROW34470,3708,survey-multi-select,24,586291,0,P1834,STUDY0007,SESS1264,0,"{""Q0"":[""none of these""]}",cat,category_organization
ROW34471,2842,survey-multi-select,25,589135,0,P1834,STUDY0007,SESS1264,0,"{""Q0"":[""none of these""]}",crab,category_organization
ROW34472,3696,survey-multi-select,26,592833,0,P1834,STUDY0007,SESS1264,0,"{""Q0"":[""none of these""]}",mustache,category_organization
ROW34473,4949,survey-multi-select,27,597784,0,P1834,STUDY0007,SESS1264,0,"{""Q0"":[""material""]}",washing machine,category_organization
ROW34475,3901,survey-multi-select,29,629113,0,P1834,STUDY0007,SESS1264,0,"{""Q0"":[""none of these""]}",rat,category_organization
ROW34474,27424,survey-multi-select,28,625209,0,P1834,STUDY0007,SESS1264,0,"{""Q0"":[""none of these""]}",stone,category_organization
ROW34476,4480,survey-multi-select,30,633594,0,P1834,STUDY0007,SESS1264,0,"{""Q0"":[""none of these""]}",eggplant,category_organization
ROW34477,8480,survey-multi-select,31,642076,0,P1834,STUDY0007,SESS1264,0,"{""Q0"":[""none of these""]}",raspberry,category_organization
ROW34478,4566,survey-multi-select,32,646643,0,P1834,STUDY0007,SESS1264,0,"{""Q0"":[""material""]}",pants,category_organization
ROW34479,3540,survey-multi-select,33,650184,0,P1834,STUDY0007,SESS1264,0,"{""Q0"":[""none of these""]}",lavender,category_organization
ROW34480,6419,survey-multi-select,36,664112,0,P1834,STUDY0007,SESS1264,0,"{""Q0"":[""color""]}",juice,category_organization
ROW34481,3842,survey-multi-select,34,654029,0,P1834,STUDY0007,SESS1264,0,"{""Q0"":[""none of these""]}",hippopotamus,category_organization
ROW34482,3660,survey-multi-select,35,657691,0,P1834,STUDY0007,SESS1264,0,"{""Q0"":[""none of these""]}",chick,category_organization
ROW34483,3095,html-button-response,37,667208,0,P1834,STUDY0007,SESS1264,0,0,,
ROW34484,13793,instructions,38,681002,0,P1834,STUDY0007,SESS1264,0,,,
ROW34485,2237,instructions,0,2238,0,P1629,STUDY0007,SESS1274,0,,,
ROW34486,1052,instructions,1,3291,0,P1629,STUDY0007,SESS1274,0,,,
ROW34487,34233,html-button-response,2,37526,0,P1629,STUDY0007,SESS1274,0,0,,
ROW34488,3914,html-button-response,3,41441,0,P1629,STUDY0007,SESS1274,0,0,,
ROW34489,4491,html-button-response,4,45934,0,P1629,STUDY0007,SESS1274,0,0,,
ROW34490,1101,html-button-response,5,47036,0,P1629,STUDY0007,SESS1274,0,0,,
ROW34491,1563,html-button-response,6,48600,0,P1629,STUDY0007,SESS1274,0,0,,
ROW34492,6693,survey-multi-select,7,55296,0,P1629,STUDY0007,SESS1274,0,"{""Q0"":[""none of these""]}",happiness,practice_category
ROW34493,1061,html-button-response,8,56359,0,P1629,STUDY0007,SESS1274,0,0,,
ROW34494,3202,survey-multi-select,9,59562,0,P1629,STUDY0007,SESS1274,0,"{""Q0"":[""shape""]}",square,practice_category
ROW34495,987,html-button-response,10,60551,0,P1629,STUDY0007,SESS1274,0,0,,
ROW34496,915,html-button-response,12,80600,0,P1629,STUDY0007,SESS1274,0,0,,
ROW34497,19131,survey-multi-select,11,79683,0,P1629,STUDY0007,SESS1274,0,"{""Q0"":[""material""]}",pottery,practice_category
ROW34498,986,html-button-response,14,150063,0,P1629,STUDY0007,SESS1274,0,0,,
ROW34499,68473,survey-multi-select,13,149075,0,P1629,STUDY0007,SESS1274,0,"{""Q0"":[""none of these""]}",red,practice_category
ROW34500,5832,instructions,0,5836,0,P1307,STUDY0007,SESS1272,0,,,
ROW34501,186514,html-button-response,2,198391,0,P1307,STUDY0007,SESS1272,0,0,,
ROW34502,6039,instructions,1,11875,0,P1307,STUDY0007,SESS1272,0,,,
ROW34503,6847,html-button-response,5,221207,0,P1307,STUDY0007,SESS1272,0,0,,
ROW34504,10615,html-button-response,4,214359,0,P1307,STUDY0007,SESS1272,0,0,,
ROW34505,5351,html-button-response,3,203743,0,P1307,STUDY0007,SESS1272,0,0,,
ROW34506,4919,html-button-response,6,226127,0,P1307,STUDY0007,SESS1272,0,0,,
ROW34507,9530,survey-multi-select,7,235659,0,P1307,STUDY0007,SESS1272,0,"{""Q0"":[""color""]}",red,practice_category
ROW34508,4067,html-button-response,8,239731,0,P1307,STUDY0007,SESS1272,0,0,,
ROW34509,6935,survey-multi-select,9,246667,0,P1307,STUDY0007,SESS1272,0,"{""Q0"":[""none of these""]}",happiness,practice_category
ROW34510,1967,html-button-response,10,248635,0,P1307,STUDY0007,SESS1272,0,0,,
ROW34511,1623,html-button-response,12,254747,0,P1307,STUDY0007,SESS1272,0,0,,
ROW34512,4487,survey-multi-select,11,253123,0,P1307,STUDY0007,SESS1272,0,"{""Q0"":[""shape""]}",square,practice_category
ROW34513,11751,survey-multi-select,13,266499,0,P1307,STUDY0007,SESS1272,0,"{""Q0"":[""material""]}",pottery,practice_category
ROW34514,2271,html-button-response,14,268771,0,P1307,STUDY0007,SESS1272,0,0,,
ROW34515,5495,html-button-response,15,274267,0,P1307,STUDY0007,SESS1272,0,0,,
ROW34516,8447,survey-multi-select,16,282715,0,P1307,STUDY0007,SESS1272,0,"{""Q0"":[""shape"",""material""]}",sock,category_organization
ROW34517,10550,survey-multi-select,17,293266,0,P1307,STUDY0007,SESS1272,0,"{""Q0"":[""shape"",""material""]}",curtain,category_organization
ROW34518,4711,survey-multi-select,18,297979,0,P1307,STUDY0007,SESS1272,0,"{""Q0"":[""shape"",""material""]}",apron,category_organization
ROW34519,5859,survey-multi-select,20,309167,0,P1307,STUDY0007,SESS1272,0,"{""Q0"":[""shape""]}",crib,category_organization
ROW34520,5327,survey-multi-select,19,303307,0,P1307,STUDY0007,SESS1272,0,"{""Q0"":[""shape"",""material""]}",bib,category_organization
ROW34521,5066,survey-multi-select,21,314235,0,P1307,STUDY0007,SESS1272,0,"{""Q0"":[""shape""]}",swing (object),category_organization
ROW34522,6314,survey-multi-select,22,320551,0,P1307,STUDY0007,SESS1272,0,"{""Q0"":[""material""]}",pizza,category_organization
ROW34523,5194,survey-multi-select,24,333051,0,P1307,STUDY0007,SESS1272,0,"{""Q0"":[""color"",""material""]}",flour,category_organization
ROW34524,7302,survey-multi-select,23,327855,0,P1307,STUDY0007,SESS1272,0,"{""Q0"":[""shape"",""material""]}",head,category_organization
ROW34525,4575,survey-multi-select,25,337627,0,P1307,STUDY0007,SESS1272,0,"{""Q0"":[""shape""]}",possum,category_organization
ROW34526,4343,survey-multi-select,27,346147,0,P1307,STUDY0007,SESS1272,0,"{""Q0"":[""shape"",""material""]}",skirt,category_organization
ROW34527,4175,survey-multi-select,26,341803,0,P1307,STUDY0007,SESS1272,0,"{""Q0"":[""shape""]}",breast,category_organization
ROW34528,4847,survey-multi-select,28,350995,0,P1307,STUDY0007,SESS1272,0,"{""Q0"":[""shape"",""material""]}",skirt,category_organization
ROW34529,6763,survey-multi-select,30,363579,0,P1307,STUDY0007,SESS1272,0,"{""Q0"":[""shape"",""color"",""material""]}",fir,category_organization
ROW34530,5819,survey-multi-select,29,356815,0,P1307,STUDY0007,SESS1272,0,"{""Q0"":[""none of these""]}",basement,category_organization
ROW34531,2711,survey-multi-select,31,366291,0,P1307,STUDY0007,SESS1272,0,"{""Q0"":[""none of these""]}",lavender,category_organization
ROW34532,5734,survey-multi-select,32,372027,0,P1307,STUDY0007,SESS1272,0,"{""Q0"":[""shape""]}",trolley,category_organization
ROW34533,4558,survey-multi-select,33,376586,0,P1307,STUDY0007,SESS1272,0,"{""Q0"":[""shape"",""material""]}",key,category_organization
ROW34534,3799,survey-multi-select,34,380387,0,P1307,STUDY0007,SESS1272,0,"{""Q0"":[""shape""]}",lawn mower,category_organization
ROW34535,3247,survey-multi-select,35,383635,0,P1307,STUDY0007,SESS1272,0,"{""Q0"":[""shape""]}",possum,category_organization
ROW34536,9207,survey-multi-select,36,392843,0,P1307,STUDY0007,SESS1272,0,"{""Q0"":[""color"",""material""]}",coke,category_organization
ROW34537,1467,html-button-response,37,394310,0,P1307,STUDY0007,SESS1272,0,0,,
ROW34538,3116,instructions,38,397427,0,P1307,STUDY0007,SESS1272,0,,,
ROW34539,5168,instructions,0,5169,0,P1775,STUDY0007,SESS1279,0,,,
ROW34540,11948,instructions,1,17117,0,P1775,STUDY0007,SESS1279,0,,,
ROW34541,7065,html-button-response,2,24185,0,P1775,STUDY0007,SESS1279,0,0,,
ROW34542,9416,html-button-response,4,38061,0,P1775,STUDY0007,SESS1279,0,0,,
ROW34543,4765,html-button-response,5,42838,0,P1775,STUDY0007,SESS1279,0,0,,
ROW34544,4447,html-button-response,3,28634,0,P1775,STUDY0007,SESS1279,0,0,,
ROW34545,6628,survey-multi-select,7,54136,0,P1775,STUDY0007,SESS1279,0,"{""Q0"":[""shape""]}",square,practice_category
ROW34546,4649,html-button-response,6,47495,0,P1775,STUDY0007,SESS1279,0,0,,
ROW34547,1546,html-button-response,8,55686,0,P1775,STUDY0007,SESS1279,0,0,,
ROW34548,6181,survey-multi-select,9,61874,0,P1775,STUDY0007,SESS1279,0,"{""Q0"":[""color""]}",red,practice_category
ROW34549,1415,html-button-response,10,63291,0,P1775,STUDY0007,SESS1279,0,0,,
ROW34550,4697,survey-multi-select,11,67993,0,P1775,STUDY0007,SESS1279,0,"{""Q0"":[""none of these""]}",happiness,practice_category
ROW34551,783,html-button-response,12,68778,0,P1775,STUDY0007,SESS1279,0,0,,
ROW34552,6946,survey-multi-select,13,75728,0,P1775,STUDY0007,SESS1279,0,"{""Q0"":[""material""]}",pottery,practice_category
ROW34553,1132,html-button-response,14,76863,0,P1775,STUDY0007,SESS1279,0,0,,
ROW34554,3630,html-button-response,15,80496,0,P1775,STUDY0007,SESS1279,0,0,,
ROW34555,10030,survey-multi-select,16,90531,0,P1775,STUDY0007,SESS1279,0,"{""Q0"":[""none of these""]}",duck,category_organization
ROW34556,8682,survey-multi-select,17,99216,0,P1775,STUDY0007,SESS1279,0,"{""Q0"":[""none of these""]}",vitamin,category_organization
ROW34557,3381,survey-multi-select,18,102599,0,P1775,STUDY0007,SESS1279,0,"{""Q0"":[""none of these""]}",shoulder,category_organization
ROW34558,5498,survey-multi-select,19,108100,0,P1775,STUDY0007,SESS1279,0,"{""Q0"":[""material""]}",peanut butter,category_organization
ROW34559,4432,survey-multi-select,20,112534,0,P1775,STUDY0007,SESS1279,0,"{""Q0"":[""none of these""]}",elevator,category_organization
ROW34560,1996,survey-multi-select,21,114534,0,P1775,STUDY0007,SESS1279,0,"{""Q0"":[""none of these""]}",lavender,category_organization
ROW34561,4165,survey-multi-select,22,118701,0,P1775,STUDY0007,SESS1279,0,"{""Q0"":[""none of these""]}",kitty,category_organization
ROW34562,5015,survey-multi-select,23,123718,0,P1775,STUDY0007,SESS1279,0,"{""Q0"":[""none of these""]}",cheek,category_organization
ROW34563,5064,survey-multi-select,24,128785,0,P1775,STUDY0007,SESS1279,0,"{""Q0"":[""none of these""]}",radio,category_organization
ROW34564,2965,survey-multi-select,25,131752,0,P1775,STUDY0007,SESS1279,0,"{""Q0"":[""material""]}",wood,category_organization
ROW34565,3997,survey-multi-select,26,135752,0,P1775,STUDY0007,SESS1279,0,"{""Q0"":[""none of these""]}",dinosaur,category_organization
ROW34566,7065,survey-multi-select,27,142819,0,P1775,STUDY0007,SESS1279,0,"{""Q0"":[""none of these""]}",cot,category_organization
ROW34567,5131,survey-multi-select,28,147953,0,P1775,STUDY0007,SESS1279,0,"{""Q0"":[""shape""]}",penis,category_organization
ROW34568,4231,survey-multi-select,29,152186,0,P1775,STUDY0007,SESS1279,0,"{""Q0"":[""shape""]}",necklace,category_organization
ROW34569,2965,survey-multi-select,30,155153,0,P1775,STUDY0007,SESS1279,0,"{""Q0"":[""material""]}",fire,category_organization
ROW34570,6314,survey-multi-select,31,161469,0,P1775,STUDY0007,SESS1279,0,"{""Q0"":[""none of these""]}",tea,category_organization
ROW34571,7481,survey-multi-select,32,168953,0,P1775,STUDY0007,SESS1279,0,"{""Q0"":[""shape""]}",flag,category_organization
ROW34572,4299,survey-multi-select,33,173254,0,P1775,STUDY0007,SESS1279,0,"{""Q0"":[""shape""]}",eye,category_organization
ROW34573,5531,survey-multi-select,34,178787,0,P1775,STUDY0007,SESS1279,0,"{""Q0"":[""shape""]}",blanket,category_organization
ROW34574,3966,instructions,38,195155,0,P1775,STUDY0007,SESS1279,0,,,
ROW34575,7130,survey-multi-select,35,185920,0,P1775,STUDY0007,SESS1279,0,"{""Q0"":[""shape""]}",vagina,category_organization
ROW34576,4352,survey-multi-select,36,190272,0,P1775,STUDY0007,SESS1279,0,"{""Q0"":[""none of these""]}",bedroom,category_organization
ROW34577,914,html-button-response,37,191188,0,P1775,STUDY0007,SESS1279,0,0,,
ROW34578,4229,instructions,0,4238,0,P1530,STUDY0007,SESS1277,0,,,
ROW34579,7991,instructions,1,12231,0,P1530,STUDY0007,SESS1277,0,,,
ROW34580,9357,html-button-response,2,21594,0,P1530,STUDY0007,SESS1277,0,0,,
ROW34581,7052,html-button-response,3,28649,0,P1530,STUDY0007,SESS1277,0,0,,
ROW34582,8626,html-button-response,4,37281,0,P1530,STUDY0007,SESS1277,0,0,,
ROW34583,2413,html-button-response,5,39698,0,P1530,STUDY0007,SESS1277,0,0,,
ROW34584,4102,html-button-response,6,43803,0,P1530,STUDY0007,SESS1277,0,0,,
ROW34585,19904,survey-multi-select,7,63716,0,P1530,STUDY0007,SESS1277,0,"{""Q0"":[""none of these""]}",pottery,practice_category
ROW34586,5756,html-button-response,8,69476,0,P1530,STUDY0007,SESS1277,0,0,,
ROW34587,1231,html-button-response,12,90290,0,P1530,STUDY0007,SESS1277,0,0,,
ROW34588,8718,survey-multi-select,11,89056,0,P1530,STUDY0007,SESS1277,0,"{""Q0"":[""shape""]}",square,practice_category
ROW34589,9517,survey-multi-select,9,79001,0,P1530,STUDY0007,SESS1277,0,"{""Q0"":[""none of these""]}",happiness,practice_category
ROW34590,1327,html-button-response,10,80331,0,P1530,STUDY0007,SESS1277,0,0,,
ROW34591,11164,survey-multi-select,13,101461,0,P1530,STUDY0007,SESS1277,0,"{""Q0"":[""color""]}",red,practice_category
ROW34592,1087,html-button-response,14,102559,0,P1530,STUDY0007,SESS1277,0,0,,
ROW34593,2659,html-button-response,15,105239,0,P1530,STUDY0007,SESS1277,0,0,,
ROW34594,9132,survey-multi-select,16,114400,0,P1530,STUDY0007,SESS1277,0,"{""Q0"":[""none of these""]}",cupboard,category_organization
ROW34595,8922,survey-multi-select,17,123332,0,P1530,STUDY0007,SESS1277,0,"{""Q0"":[""none of these""]}",blood,category_organization
ROW34596,4762,survey-multi-select,18,128101,0,P1530,STUDY0007,SESS1277,0,"{""Q0"":[""none of these""]}",bidet,category_organization
ROW34597,4610,survey-multi-select,19,132717,0,P1530,STUDY0007,SESS1277,0,"{""Q0"":[""none of these""]}",airplane,category_organization
ROW34598,3290,survey-multi-select,20,136013,0,P1530,STUDY0007,SESS1277,0,"{""Q0"":[""none of these""]}",cracker,category_organization
ROW34599,3892,survey-multi-select,21,139912,0,P1530,STUDY0007,SESS1277,0,"{""Q0"":[""none of these""]}",glasses,category_organization
ROW34600,3544,survey-multi-select,22,143462,0,P1530,STUDY0007,SESS1277,0,"{""Q0"":[""none of these""]}",door,category_organization
ROW34601,3303,survey-multi-select,25,152496,0,P1530,STUDY0007,SESS1277,0,"{""Q0"":[""none of these""]}",forehead,category_organization
ROW34602,2504,survey-multi-select,26,155010,0,P1530,STUDY0007,SESS1277,0,"{""Q0"":[""none of these""]}",neck,category_organization
ROW34603,3742,survey-multi-select,27,158758,0,P1530,STUDY0007,SESS1277,0,"{""Q0"":[""none of these""]}",minibus,category_organization
ROW34604,2955,survey-multi-select,28,161719,0,P1530,STUDY0007,SESS1277,0,"{""Q0"":[""none of these""]}",porridge,category_organization
ROW34605,2753,survey-multi-select,23,146222,0,P1530,STUDY0007,SESS1277,0,"{""Q0"":[""none of these""]}",goal,category_organization
ROW34606,2959,survey-multi-select,24,149187,0,P1530,STUDY0007,SESS1277,0,"{""Q0"":[""none of these""]}",guinea pig,category_organization
ROW34607,3293,survey-multi-select,29,165018,0,P1530,STUDY0007,SESS1277,0,"{""Q0"":[""none of these""]}",onesie,category_organization
ROW34608,4795,survey-multi-select,30,169818,0,P1530,STUDY0007,SESS1277,0,"{""Q0"":[""none of these""]}",owie,category_organization
ROW34609,4047,survey-multi-select,32,177355,0,P1530,STUDY0007,SESS1277,0,"{""Q0"":[""none of these""]}",lavender,category_organization
ROW34610,4718,survey-multi-select,34,184488,0,P1530,STUDY0007,SESS1277,0,"{""Q0"":[""none of these""]}",radio,category_organization
ROW34611,3478,survey-multi-select,31,173302,0,P1530,STUDY0007,SESS1277,0,"{""Q0"":[""none of these""]}",armchair,category_organization
ROW34612,2403,survey-multi-select,33,179764,0,P1530,STUDY0007,SESS1277,0,"{""Q0"":[""none of these""]}",soda,category_organization
ROW34613,7425,survey-multi-select,35,191916,0,P1530,STUDY0007,SESS1277,0,"{""Q0"":[""none of these""]}",trampoline,category_organization
ROW34614,2555,survey-multi-select,36,194473,0,P1530,STUDY0007,SESS1277,0,"{""Q0"":[""none of these""]}",atole,category_organization
ROW34615,1393,html-button-response,37,195888,0,P1530,STUDY0007,SESS1277,0,0,,
ROW34616,1925,instructions,38,197814,0,P1530,STUDY0007,SESS1277,0,,,
ROW34617,4791,instructions,0,4794,0,P1269,STUDY0007,SESS1282,0,,,
ROW34618,1998,instructions,1,6793,0,P1269,STUDY0007,SESS1282,0,,,
ROW34619,6448,html-button-response,2,13244,0,P1269,STUDY0007,SESS1282,0,0,,
ROW34620,4981,html-button-response,4,21494,0,P1269,STUDY0007,SESS1282,0,0,,
ROW34621,3262,html-button-response,3,16510,0,P1269,STUDY0007,SESS1282,0,0,,
ROW34622,2182,html-button-response,5,23677,0,P1269,STUDY0007,SESS1282,0,0,,
ROW34623,2481,html-button-response,6,26160,0,P1269,STUDY0007,SESS1282,0,0,,
ROW34624,5230,survey-multi-select,7,31396,0,P1269,STUDY0007,SESS1282,0,"{""Q0"":[""shape""]}",square,practice_category
ROW34625,1012,html-button-response,8,32410,0,P1269,STUDY0007,SESS1282,0,0,,
ROW34626,8365,survey-multi-select,9,40778,0,P1269,STUDY0007,SESS1282,0,"{""Q0"":[""material""]}",pottery,practice_category
ROW34627,3196,survey-multi-select,11,44911,0,P1269,STUDY0007,SESS1282,0,"{""Q0"":[""color""]}",red,practice_category
ROW34628,932,html-button-response,10,41712,0,P1269,STUDY0007,SESS1282,0,0,,
ROW34629,698,html-button-response,12,45611,0,P1269,STUDY0007,SESS1282,0,0,,
ROW34630,4031,survey-multi-select,13,49644,0,P1269,STUDY0007,SESS1282,0,"{""Q0"":[""none of these""]}",happiness,practice_category
ROW34631,682,html-button-response,14,50327,0,P1269,STUDY0007,SESS1282,0,0,,
ROW34632,1798,html-button-response,15,52127,0,P1269,STUDY0007,SESS1282,0,0,,
ROW34633,4831,survey-multi-select,16,56961,0,P1269,STUDY0007,SESS1282,0,"{""Q0"":[""material""]}",nail (body part),category_organization
ROW34634,10930,survey-multi-select,17,67895,0,P1269,STUDY0007,SESS1282,0,"{""Q0"":[""shape"",""color"",""material""]}",banana,category_organization
ROW34635,4530,survey-multi-select,18,72428,0,P1269,STUDY0007,SESS1282,0,"{""Q0"":[""shape"",""color""]}",butterfly,category_organization
ROW34636,3530,survey-multi-select,19,75961,0,P1269,STUDY0007,SESS1282,0,"{""Q0"":[""shape""]}",dish,category_organization
ROW34637,4197,survey-multi-select,20,80161,0,P1269,STUDY0007,SESS1282,0,"{""Q0"":[""none of these""]}",store,category_organization
ROW34638,5615,survey-multi-select,21,85778,0,P1269,STUDY0007,SESS1282,0,"{""Q0"":[""shape""]}",reindeer,category_organization
ROW34639,4164,survey-multi-select,22,89945,0,P1269,STUDY0007,SESS1282,0,"{""Q0"":[""color""]}",vanilla,category_organization
ROW34640,2233,survey-multi-select,23,92181,0,P1269,STUDY0007,SESS1282,0,"{""Q0"":[""material""]}",firewood,category_organization
ROW34641,4628,survey-multi-select,24,96811,0,P1269,STUDY0007,SESS1282,0,"{""Q0"":[""shape"",""color""]}",snowman,category_organization
ROW34642,5848,survey-multi-select,25,102661,0,P1269,STUDY0007,SESS1282,0,"{""Q0"":[""shape""]}",mat,category_organization
ROW34643,2531,survey-multi-select,26,105194,0,P1269,STUDY0007,SESS1282,0,"{""Q0"":[""material""]}",garbage,category_organization
ROW34644,3583,survey-multi-select,27,108778,0,P1269,STUDY0007,SESS1282,0,"{""Q0"":[""none of these""]}",garden,category_organization
ROW34645,3032,survey-multi-select,28,111813,0,P1269,STUDY0007,SESS1282,0,"{""Q0"":[""material""]}",soy milk,category_organization
ROW34646,2645,survey-multi-select,29,114460,0,P1269,STUDY0007,SESS1282,0,"{""Q0"":[""color""]}",carrot,category_organization
ROW34647,1648,survey-multi-select,30,116111,0,P1269,STUDY0007,SESS1282,0,"{""Q0"":[""none of these""]}",lavender,category_organization
ROW34648,2016,survey-multi-select,31,118129,0,P1269,STUDY0007,SESS1282,0,"{""Q0"":[""material""]}",wood,category_organization
ROW34649,2513,survey-multi-select,32,120644,0,P1269,STUDY0007,SESS1282,0,"{""Q0"":[""material""]}",dress (object),category_organization
ROW34650,4250,survey-multi-select,33,124896,0,P1269,STUDY0007,SESS1282,0,"{""Q0"":[""none of these""]}",alligator,category_organization
ROW34651,2398,survey-multi-select,34,127296,0,P1269,STUDY0007,SESS1282,0,"{""Q0"":[""none of these""]}",game,category_organization
ROW34652,4314,survey-multi-select,36,140045,0,P1269,STUDY0007,SESS1282,0,"{""Q0"":[""material""]}",nail (body part),category_organization
ROW34653,8429,survey-multi-select,35,135728,0,P1269,STUDY0007,SESS1282,0,"{""Q0"":[""shape""]}",window,category_organization
ROW34654,798,html-button-response,37,140845,0,P1269,STUDY0007,SESS1282,0,0,,
ROW34655,2516,instructions,38,143362,0,P1269,STUDY0007,SESS1282,0,,,
ROW34656,3843,instructions,0,3844,0,P0208,STUDY0007,SESS1283,0,,,
ROW34657,7103,instructions,1,10948,0,P0208,STUDY0007,SESS1283,0,,,
ROW34658,16679,html-button-response,2,27628,0,P0208,STUDY0007,SESS1283,0,0,,
ROW34659,8392,html-button-response,3,36020,0,P0208,STUDY0007,SESS1283,0,0,,
ROW34660,6660,html-button-response,6,50516,0,P0208,STUDY0007,SESS1283,0,0,,
ROW34661,5586,html-button-response,4,41607,0,P0208,STUDY0007,SESS1283,0,0,,
ROW34662,2248,html-button-response,5,43856,0,P0208,STUDY0007,SESS1283,0,0,,
ROW34663,11575,survey-multi-select,7,62093,0,P0208,STUDY0007,SESS1283,0,"{""Q0"":[""color""]}",red,practice_category
ROW34664,1149,html-button-response,8,63242,0,P0208,STUDY0007,SESS1283,0,0,,
ROW34665,849,html-button-response,10,70861,0,P0208,STUDY0007,SESS1283,0,0,,
ROW34666,6768,survey-multi-select,9,70011,0,P0208,STUDY0007,SESS1283,0,"{""Q0"":[""material""]}",pottery,practice_category
ROW34667,4754,survey-multi-select,11,75616,0,P0208,STUDY0007,SESS1283,0,"{""Q0"":[""shape""]}",square,practice_category
ROW34668,456,html-button-response,12,76072,0,P0208,STUDY0007,SESS1283,0,0,,
ROW34669,778,html-button-response,14,81424,0,P0208,STUDY0007,SESS1283,0,0,,
ROW34670,4573,survey-multi-select,13,80646,0,P0208,STUDY0007,SESS1283,0,"{""Q0"":[""none of these""]}",happiness,practice_category
ROW34671,4126,html-button-response,15,85550,0,P0208,STUDY0007,SESS1283,0,0,,
ROW34672,7603,survey-multi-select,16,93154,0,P0208,STUDY0007,SESS1283,0,"{""Q0"":[""none of these""]}",taco,category_organization
ROW34673,3138,survey-multi-select,19,107694,0,P0208,STUDY0007,SESS1283,0,"{""Q0"":[""shape""]}",bell,category_organization
ROW34674,3680,survey-multi-select,20,111374,0,P0208,STUDY0007,SESS1283,0,"{""Q0"":[""none of these""]}",mouse,category_organization
ROW34675,6353,survey-multi-select,17,99508,0,P0208,STUDY0007,SESS1283,0,"{""Q0"":[""shape""]}",leg,category_organization
ROW34676,5046,survey-multi-select,18,104555,0,P0208,STUDY0007,SESS1283,0,"{""Q0"":[""material""]}",ice cream,category_organization
ROW34677,7129,survey-multi-select,21,118504,0,P0208,STUDY0007,SESS1283,0,"{""Q0"":[""material""]}",drain (object),category_organization
ROW34678,4189,survey-multi-select,22,122694,0,P0208,STUDY0007,SESS1283,0,"{""Q0"":[""none of these""]}",chick,category_organization
ROW34679,2354,survey-multi-select,23,125048,0,P0208,STUDY0007,SESS1283,0,"{""Q0"":[""none of these""]}",lavender,category_organization
ROW34680,2473,survey-multi-select,26,134940,0,P0208,STUDY0007,SESS1283,0,"{""Q0"":[""shape""]}",face,category_organization
ROW34681,3253,survey-multi-select,29,145956,0,P0208,STUDY0007,SESS1283,0,"{""Q0"":[""none of these""]}",park,category_organization
ROW34682,3046,survey-multi-select,27,137987,0,P0208,STUDY0007,SESS1283,0,"{""Q0"":[""material""]}",cereal,category_organization
ROW34683,4715,survey-multi-select,28,142702,0,P0208,STUDY0007,SESS1283,0,"{""Q0"":[""material""]}",dress (object),category_organization
ROW34684,3893,survey-multi-select,24,128942,0,P0208,STUDY0007,SESS1283,0,"{""Q0"":[""shape""]}",octopus,category_organization
ROW34685,3523,survey-multi-select,25,132466,0,P0208,STUDY0007,SESS1283,0,"{""Q0"":[""material""]}",handkerchief,category_organization
ROW34686,3083,survey-multi-select,30,149040,0,P0208,STUDY0007,SESS1283,0,"{""Q0"":[""shape""]}",racket,category_organization
ROW34687,3667,survey-multi-select,31,152708,0,P0208,STUDY0007,SESS1283,0,"{""Q0"":[""none of these""]}",dragon,category_organization
ROW34688,3831,survey-multi-select,32,156540,0,P0208,STUDY0007,SESS1283,0,"{""Q0"":[""material""]}",blender,category_organization
ROW34689,3345,survey-multi-select,33,159885,0,P0208,STUDY0007,SESS1283,0,"{""Q0"":[""shape""]}",cigarette,category_organization
ROW34690,3661,survey-multi-select,36,172894,0,P0208,STUDY0007,SESS1283,0,"{""Q0"":[""none of these""]}",hen,category_organization
ROW34691,5952,survey-multi-select,34,165838,0,P0208,STUDY0007,SESS1283,0,"{""Q0"":[""none of these""]}",food,category_organization
ROW34692,3393,survey-multi-select,35,169232,0,P0208,STUDY0007,SESS1283,0,"{""Q0"":[""shape""]}",mango,category_organization
ROW34693,2252,instructions,38,176160,0,P0208,STUDY0007,SESS1283,0,,,
ROW34694,1014,html-button-response,37,173908,0,P0208,STUDY0007,SESS1283,0,0,,
ROW34695,7607,instructions,0,7611,0,P1558,STUDY0007,SESS1280,0,,,
ROW34696,7396,html-button-response,6,73444,0,P1558,STUDY0007,SESS1280,0,0,,
ROW34697,13962,html-button-response,2,29774,0,P1558,STUDY0007,SESS1280,0,0,,
ROW34698,8198,instructions,1,15809,0,P1558,STUDY0007,SESS1280,0,,,
ROW34699,11401,html-button-response,3,41177,0,P1558,STUDY0007,SESS1280,0,0,,
ROW34700,4851,html-button-response,5,66046,0,P1558,STUDY0007,SESS1280,0,0,,
ROW34701,20023,html-button-response,4,61194,0,P1558,STUDY0007,SESS1280,0,0,,
ROW34702,7687,instructions,0,7691,0,P1540,STUDY0007,SESS1278,0,,,
ROW34703,42204,instructions,1,49896,0,P1540,STUDY0007,SESS1278,0,,,
ROW34704,14072,html-button-response,3,78939,0,P1540,STUDY0007,SESS1278,0,0,,
ROW34705,28850,html-button-response,4,107791,0,P1540,STUDY0007,SESS1278,0,0,,
ROW34706,13101,html-button-response,6,125058,0,P1540,STUDY0007,SESS1278,0,0,,
ROW34707,4164,html-button-response,5,111956,0,P1540,STUDY0007,SESS1278,0,0,,
ROW34708,14967,html-button-response,2,64866,0,P1540,STUDY0007,SESS1278,0,0,,
ROW34709,16734,survey-multi-select,7,141797,0,P1540,STUDY0007,SESS1278,0,"{""Q0"":[""material""]}",pottery,practice_category
ROW34710,2729,html-button-response,8,144650,0,P1540,STUDY0007,SESS1278,0,0,,
ROW34711,5453,survey-multi-select,9,150106,0,P1540,STUDY0007,SESS1278,0,"{""Q0"":[""shape""]}",square,practice_category
ROW34712,1415,html-button-response,10,151522,0,P1540,STUDY0007,SESS1278,0,0,,
ROW34713,7376,survey-multi-select,11,158900,0,P1540,STUDY0007,SESS1278,0,"{""Q0"":[""color""]}",red,practice_category
ROW34714,1149,html-button-response,12,160050,0,P1540,STUDY0007,SESS1278,0,0,,
ROW34715,8864,survey-multi-select,13,168916,0,P1540,STUDY0007,SESS1278,0,"{""Q0"":[""none of these""]}",happiness,practice_category
ROW34716,2447,html-button-response,14,171364,0,P1540,STUDY0007,SESS1278,0,0,,
ROW34717,13775,html-button-response,15,185140,0,P1540,STUDY0007,SESS1278,0,0,,
ROW34718,11928,survey-multi-select,7,85376,0,P1558,STUDY0007,SESS1280,0,"{""Q0"":[""shape""]}",square,practice_category
ROW34719,6205,survey-multi-select,16,191348,0,P1540,STUDY0007,SESS1278,0,"{""Q0"":[""material""]}",peanut butter,category_organization
ROW34720,9341,survey-multi-select,17,200692,0,P1540,STUDY0007,SESS1278,0,"{""Q0"":[""shape""]}",thumb,category_organization
ROW34721,15401,survey-multi-select,9,104974,0,P1558,STUDY0007,SESS1280,0,"{""Q0"":[""shape"",""material"",""color""]}",pottery,practice_category
ROW34722,10196,survey-multi-select,11,122946,0,P1558,STUDY0007,SESS1280,0,"{""Q0"":[""color""]}",red,practice_category
ROW34723,7778,html-button-response,10,112754,0,P1558,STUDY0007,SESS1280,0,0,,
ROW34724,4193,html-button-response,8,89571,0,P1558,STUDY0007,SESS1280,0,0,,
ROW34725,2332,html-button-response,12,125279,0,P1558,STUDY0007,SESS1280,0,0,,
ROW34726,8200,survey-multi-select,18,208894,0,P1540,STUDY0007,SESS1278,0,"{""Q0"":[""material""]}",crayon,category_organization
ROW34727,32068,survey-multi-select,19,240964,0,P1540,STUDY0007,SESS1278,0,"{""Q0"":[""material""]}",tissue,category_organization
ROW34728,12274,survey-multi-select,20,253240,0,P1540,STUDY0007,SESS1278,0,"{""Q0"":[""material""]}",song,category_organization
ROW34729,19048,survey-multi-select,21,272290,0,P1540,STUDY0007,SESS1278,0,"{""Q0"":[""shape""]}",moon,category_organization
ROW34730,19487,survey-multi-select,22,291780,0,P1540,STUDY0007,SESS1278,0,"{""Q0"":[""material""]}",cushion,category_organization
ROW34731,8786,survey-multi-select,23,300568,0,P1540,STUDY0007,SESS1278,0,"{""Q0"":[""shape""]}",dress shoe,category_organization
ROW34732,9278,survey-multi-select,24,309848,0,P1540,STUDY0007,SESS1278,0,"{""Q0"":[""shape""]}",seesaw,category_organization
ROW34733,10022,survey-multi-select,25,319872,0,P1540,STUDY0007,SESS1278,0,"{""Q0"":[""material""]}",dust,category_organization
ROW34734,10479,survey-multi-select,26,330354,0,P1540,STUDY0007,SESS1278,0,"{""Q0"":[""none of these""]}",digger,category_organization
ROW34735,10052,survey-multi-select,27,340407,0,P1540,STUDY0007,SESS1278,0,"{""Q0"":[""shape""]}",whistle (object),category_organization
ROW34736,33132,survey-multi-select,28,373541,0,P1540,STUDY0007,SESS1278,0,"{""Q0"":[""shape""]}",letter,category_organization
ROW34737,3500,survey-multi-select,29,377043,0,P1540,STUDY0007,SESS1278,0,"{""Q0"":[""material""]}",watermelon,category_organization
ROW34738,3658,survey-multi-select,30,380703,0,P1540,STUDY0007,SESS1278,0,"{""Q0"":[""material""]}",rice,category_organization
ROW34739,6469,survey-multi-select,31,387175,0,P1540,STUDY0007,SESS1278,0,"{""Q0"":[""color""]}",colors,category_organization
ROW34740,6799,survey-multi-select,32,393976,0,P1540,STUDY0007,SESS1278,0,"{""Q0"":[""shape""]}",bridge,category_organization
ROW34741,10577,survey-multi-select,33,404555,0,P1540,STUDY0007,SESS1278,0,"{""Q0"":[""material""]}",sun,category_organization
ROW34742,7802,survey-multi-select,34,412359,0,P1540,STUDY0007,SESS1278,0,"{""Q0"":[""none of these""]}",lavender,category_organization
ROW34743,7144,survey-multi-select,35,419505,0,P1540,STUDY0007,SESS1278,0,"{""Q0"":[""shape""]}",whistle (object),category_organization
ROW34744,5798,survey-multi-select,36,425305,0,P1540,STUDY0007,SESS1278,0,"{""Q0"":[""material""]}",yogurt,category_organization
ROW34745,1593,html-button-response,37,426899,0,P1540,STUDY0007,SESS1278,0,0,,
ROW34746,4783,instructions,38,431684,0,P1540,STUDY0007,SESS1278,0,,,
ROW34747,12681,survey-multi-select,13,137962,0,P1558,STUDY0007,SESS1280,0,"{""Q0"":[""none of these""]}",happiness,practice_category
ROW34748,1727,html-button-response,14,139693,0,P1558,STUDY0007,SESS1280,0,0,,
ROW34749,15565,survey-multi-select,16,161091,0,P1558,STUDY0007,SESS1280,0,"{""Q0"":[""shape"",""material""]}",rocking chair,category_organization
ROW34750,5831,html-button-response,15,145524,0,P1558,STUDY0007,SESS1280,0,0,,
ROW34751,11059,survey-multi-select,17,172155,0,P1558,STUDY0007,SESS1280,0,"{""Q0"":[""color"",""material""]}",sauce,category_organization
ROW34752,9314,survey-multi-select,18,181466,0,P1558,STUDY0007,SESS1280,0,"{""Q0"":[""shape"",""color"",""material""]}",bag,category_organization
ROW34753,15028,survey-multi-select,20,201466,0,P1558,STUDY0007,SESS1280,0,"{""Q0"":[""color""]}",smoke,category_organization
ROW34754,4967,survey-multi-select,19,186435,0,P1558,STUDY0007,SESS1280,0,"{""Q0"":[""none of these""]}",lavender,category_organization
ROW34755,11729,survey-multi-select,23,247001,0,P1558,STUDY0007,SESS1280,0,"{""Q0"":[""shape"",""color""]}",grass,category_organization
ROW34756,10646,survey-multi-select,24,257648,0,P1558,STUDY0007,SESS1280,0,"{""Q0"":[""shape"",""color"",""material""]}",bowl,category_organization
ROW34757,12164,survey-multi-select,22,235269,0,P1558,STUDY0007,SESS1280,0,"{""Q0"":[""shape"",""color""]}",grass,category_organization
ROW34758,21640,survey-multi-select,21,223108,0,P1558,STUDY0007,SESS1280,0,"{""Q0"":[""none of these""]}",vanilla,category_organization
ROW34759,11425,survey-multi-select,26,294370,0,P1558,STUDY0007,SESS1280,0,"{""Q0"":[""shape"",""color""]}",can (object),category_organization
ROW34760,25297,survey-multi-select,25,282948,0,P1558,STUDY0007,SESS1280,0,"{""Q0"":[""none of these""]}",newspaper,category_organization
ROW34761,12631,survey-multi-select,27,307003,0,P1558,STUDY0007,SESS1280,0,"{""Q0"":[""color"",""material""]}",ribbon,category_organization
ROW34762,8334,survey-multi-select,29,323952,0,P1558,STUDY0007,SESS1280,0,"{""Q0"":[""none of these""]}",hen,category_organization
ROW34763,6528,survey-multi-select,30,330482,0,P1558,STUDY0007,SESS1280,0,"{""Q0"":[""shape"",""color"",""material""]}",raincoat,category_organization
ROW34764,8609,survey-multi-select,28,315616,0,P1558,STUDY0007,SESS1280,0,"{""Q0"":[""shape"",""color""]}",hair dryer,category_organization
ROW34765,18697,survey-multi-select,31,349180,0,P1558,STUDY0007,SESS1280,0,"{""Q0"":[""shape"",""color""]}",bird,category_organization
ROW34766,10379,survey-multi-select,33,379386,0,P1558,STUDY0007,SESS1280,0,"{""Q0"":[""shape"",""color"",""material""]}",penny,category_organization
ROW34767,19827,survey-multi-select,32,369004,0,P1558,STUDY0007,SESS1280,0,"{""Q0"":[""shape"",""color""]}",hen,category_organization
ROW34768,9958,survey-multi-select,34,389347,0,P1558,STUDY0007,SESS1280,0,"{""Q0"":[""shape"",""color"",""material""]}",patio,category_organization
ROW34769,5800,survey-multi-select,36,404068,0,P1558,STUDY0007,SESS1280,0,"{""Q0"":[""shape"",""color"",""material""]}",dress (object),category_organization
ROW34770,8919,survey-multi-select,35,398266,0,P1558,STUDY0007,SESS1280,0,"{""Q0"":[""shape"",""color""]}",refrigerator,category_organization
ROW34771,1892,html-button-response,37,405963,0,P1558,STUDY0007,SESS1280,0,0,,
ROW34772,7450,instructions,38,413415,0,P1558,STUDY0007,SESS1280,0,,,
ROW34773,18507,instructions,0,18508,0,P1613,STUDY0007,SESS1276,0,,,
ROW34774,12317,html-button-response,2,32142,0,P1613,STUDY0007,SESS1276,0,0,,
ROW34775,1316,instructions,1,19824,0,P1613,STUDY0007,SESS1276,0,,,
ROW34776,4583,html-button-response,6,53758,0,P1613,STUDY0007,SESS1276,0,0,,
ROW34777,6899,html-button-response,3,39041,0,P1613,STUDY0007,SESS1276,0,0,,
ROW34778,6885,html-button-response,4,45927,0,P1613,STUDY0007,SESS1276,0,0,,
ROW34779,3247,html-button-response,5,49174,0,P1613,STUDY0007,SESS1276,0,0,,
ROW34780,1763,html-button-response,8,63391,0,P1613,STUDY0007,SESS1276,0,0,,
ROW34781,7867,survey-multi-select,7,61627,0,P1613,STUDY0007,SESS1276,0,"{""Q0"":[""shape""]}",square,practice_category
ROW34782,10416,survey-multi-select,9,73808,0,P1613,STUDY0007,SESS1276,0,"{""Q0"":[""color""]}",red,practice_category
ROW34783,1132,html-button-response,10,74941,0,P1613,STUDY0007,SESS1276,0,0,,
ROW34784,25383,survey-multi-select,11,100324,0,P1613,STUDY0007,SESS1276,0,"{""Q0"":[""material""]}",pottery,practice_category
ROW34785,1267,html-button-response,12,101592,0,P1613,STUDY0007,SESS1276,0,0,,
ROW34786,12132,survey-multi-select,13,113724,0,P1613,STUDY0007,SESS1276,0,"{""Q0"":[""material""]}",happiness,practice_category
ROW34787,4136,html-button-response,15,120678,0,P1613,STUDY0007,SESS1276,0,0,,
ROW34788,2816,html-button-response,14,116541,0,P1613,STUDY0007,SESS1276,0,0,,
ROW34789,2752,survey-multi-select,17,128626,0,P1613,STUDY0007,SESS1276,0,"{""Q0"":[""material""]}",cloud,category_organization
ROW34790,3147,survey-multi-select,18,131775,0,P1613,STUDY0007,SESS1276,0,"{""Q0"":[""none of these""]}",goal,category_organization
ROW34791,5195,survey-multi-select,16,125874,0,P1613,STUDY0007,SESS1276,0,"{""Q0"":[""material""]}",tortilla,category_organization
ROW34792,2349,survey-multi-select,19,134125,0,P1613,STUDY0007,SESS1276,0,"{""Q0"":[""material""]}",crab,category_organization
ROW34793,1732,survey-multi-select,21,137741,0,P1613,STUDY0007,SESS1276,0,"{""Q0"":[""material""]}",gun,category_organization
ROW34794,1881,survey-multi-select,20,136007,0,P1613,STUDY0007,SESS1276,0,"{""Q0"":[""material""]}",helmet,category_organization
ROW34795,2483,survey-multi-select,22,140224,0,P1613,STUDY0007,SESS1276,0,"{""Q0"":[""material""]}",jam,category_organization
ROW34796,2099,survey-multi-select,23,142323,0,P1613,STUDY0007,SESS1276,0,"{""Q0"":[""none of these""]}",lavender,category_organization
ROW34797,2634,survey-multi-select,24,144958,0,P1613,STUDY0007,SESS1276,0,"{""Q0"":[""material""]}",paint (object),category_organization
ROW34798,2820,survey-multi-select,25,147778,0,P1613,STUDY0007,SESS1276,0,"{""Q0"":[""material"",""none of these""]}",head,category_organization
ROW34799,3534,survey-multi-select,28,155126,0,P1613,STUDY0007,SESS1276,0,"{""Q0"":[""none of these""]}",traffic,category_organization
ROW34800,1778,survey-multi-select,26,149557,0,P1613,STUDY0007,SESS1276,0,"{""Q0"":[""material""]}",bee,category_organization
ROW34801,2431,survey-multi-select,29,157557,0,P1613,STUDY0007,SESS1276,0,"{""Q0"":[""material""]}",wombat,category_organization
ROW34802,2004,survey-multi-select,30,159562,0,P1613,STUDY0007,SESS1276,0,"{""Q0"":[""material""]}",juice,category_organization
ROW34803,2033,survey-multi-select,27,151591,0,P1613,STUDY0007,SESS1276,0,"{""Q0"":[""material""]}",sausage,category_organization
ROW34804,4853,instructions,0,4855,0,P1122,STUDY0007,SESS1281,0,,,
ROW34805,2508,instructions,1,7363,0,P1122,STUDY0007,SESS1281,0,,,
ROW34806,62672,html-button-response,2,70037,0,P1122,STUDY0007,SESS1281,0,0,,
ROW34808,19018,html-button-response,4,96925,0,P1122,STUDY0007,SESS1281,0,0,,
ROW34807,7868,html-button-response,3,77906,0,P1122,STUDY0007,SESS1281,0,0,,
ROW34809,2415,html-button-response,6,103037,0,P1122,STUDY0007,SESS1281,0,0,,
ROW34810,3695,html-button-response,5,100621,0,P1122,STUDY0007,SESS1281,0,0,,
ROW34811,16190,survey-multi-select,7,119229,0,P1122,STUDY0007,SESS1281,0,"{""Q0"":[""material""]}",pottery,practice_category
ROW34812,1800,html-button-response,8,121030,0,P1122,STUDY0007,SESS1281,0,0,,
ROW34813,10994,survey-multi-select,9,132026,0,P1122,STUDY0007,SESS1281,0,"{""Q0"":[""shape""]}",square,practice_category
ROW34814,3301,html-button-response,10,135328,0,P1122,STUDY0007,SESS1281,0,0,,
ROW34815,9070,survey-multi-select,11,144400,0,P1122,STUDY0007,SESS1281,0,"{""Q0"":[""none of these""]}",happiness,practice_category
ROW34816,3867,html-button-response,12,148267,0,P1122,STUDY0007,SESS1281,0,0,,
ROW34817,105348,survey-multi-select,13,253618,0,P1122,STUDY0007,SESS1281,0,"{""Q0"":[""color""]}",red,practice_category
ROW34818,11451,html-button-response,14,265070,0,P1122,STUDY0007,SESS1281,0,0,,
ROW34819,10301,html-button-response,15,275371,0,P1122,STUDY0007,SESS1281,0,0,,
ROW34820,5166,survey-multi-select,16,280539,0,P1122,STUDY0007,SESS1281,0,"{""Q0"":[""material""]}",glass,category_organization
ROW34821,7419,survey-multi-select,17,287959,0,P1122,STUDY0007,SESS1281,0,"{""Q0"":[""none of these""]}",bee,category_organization
ROW34822,4688,survey-multi-select,18,292648,0,P1122,STUDY0007,SESS1281,0,"{""Q0"":[""none of these""]}",lavender,category_organization
ROW34823,23559,survey-multi-select,19,316209,0,P1122,STUDY0007,SESS1281,0,"{""Q0"":[""shape"",""color"",""material""]}",sunglasses,category_organization
ROW34824,16677,survey-multi-select,20,332887,0,P1122,STUDY0007,SESS1281,0,"{""Q0"":[""none of these""]}",ear,category_organization
ROW34825,5888,survey-multi-select,21,338777,0,P1122,STUDY0007,SESS1281,0,"{""Q0"":[""none of these""]}",guinea pig,category_organization
ROW34826,16897,survey-multi-select,22,355675,0,P1122,STUDY0007,SESS1281,0,"{""Q0"":[""none of these""]}",panda,category_organization
ROW34827,10563,survey-multi-select,23,366240,0,P1122,STUDY0007,SESS1281,0,"{""Q0"":[""color"",""material""]}",curtain,category_organization
ROW34828,3816,survey-multi-select,24,370057,0,P1122,STUDY0007,SESS1281,0,"{""Q0"":[""none of these""]}",bee,category_organization
ROW34829,23591,survey-multi-select,25,393649,0,P1122,STUDY0007,SESS1281,0,"{""Q0"":[""color"",""material""]}",papaya,category_organization
ROW34830,8762,survey-multi-select,26,402412,0,P1122,STUDY0007,SESS1281,0,"{""Q0"":[""shape"",""color"",""material""]}",tablecloth,category_organization
ROW34831,15446,survey-multi-select,27,417859,0,P1122,STUDY0007,SESS1281,0,"{""Q0"":[""shape""]}",spaghetti,category_organization
ROW34832,14731,survey-multi-select,28,432592,0,P1122,STUDY0007,SESS1281,0,"{""Q0"":[""material""]}",water (beverage),category_organization
ROW34833,17169,survey-multi-select,29,449763,0,P1122,STUDY0007,SESS1281,0,"{""Q0"":[""none of these""]}",rainbow,category_organization
ROW34834,27252,survey-multi-select,30,477017,0,P1122,STUDY0007,SESS1281,0,"{""Q0"":[""material""]}",glass,category_organization
ROW34835,10590,survey-multi-select,31,487609,0,P1122,STUDY0007,SESS1281,0,"{""Q0"":[""shape"",""color"",""material""]}",clothes,category_organization
ROW34836,12444,survey-multi-select,34,526410,0,P1122,STUDY0007,SESS1281,0,"{""Q0"":[""shape"",""material""]}",racket,category_organization
ROW34837,17992,survey-multi-select,32,505602,0,P1122,STUDY0007,SESS1281,0,"{""Q0"":[""shape"",""color"",""material""]}",diaper,category_organization
ROW34838,8362,survey-multi-select,33,513965,0,P1122,STUDY0007,SESS1281,0,"{""Q0"":[""none of these""]}",beef,category_organization
ROW34839,7497,survey-multi-select,35,533909,0,P1122,STUDY0007,SESS1281,0,"{""Q0"":[""none of these""]}",blender,category_organization
ROW34840,6619,survey-multi-select,36,540529,0,P1122,STUDY0007,SESS1281,0,"{""Q0"":[""shape"",""color""]}",leaf,category_organization
ROW34841,1900,html-button-response,37,542429,0,P1122,STUDY0007,SESS1281,0,0,,
ROW34842,3661,instructions,38,546091,0,P1122,STUDY0007,SESS1281,0,,,
ROW34843,9706,instructions,0,9710,0,P0005,STUDY0007,SESS1285,0,,,
ROW34844,36502,instructions,1,46213,0,P0005,STUDY0007,SESS1285,0,,,
ROW34845,72414,html-button-response,2,118630,0,P0005,STUDY0007,SESS1285,0,0,,
ROW34846,8359,html-button-response,4,134890,0,P0005,STUDY0007,SESS1285,0,0,,
ROW34847,7896,html-button-response,3,126529,0,P0005,STUDY0007,SESS1285,0,0,,
ROW34848,4115,html-button-response,6,143185,0,P0005,STUDY0007,SESS1285,0,0,,
ROW34849,4178,html-button-response,5,139069,0,P0005,STUDY0007,SESS1285,0,0,,
ROW34850,14931,survey-multi-select,7,158121,0,P0005,STUDY0007,SESS1285,0,"{""Q0"":[""none of these""]}",happiness,practice_category
ROW34851,1483,html-button-response,8,159605,0,P0005,STUDY0007,SESS1285,0,0,,
ROW34852,9928,survey-multi-select,9,169537,0,P0005,STUDY0007,SESS1285,0,"{""Q0"":[""color""]}",red,practice_category
ROW34853,4867,html-button-response,10,174414,0,P0005,STUDY0007,SESS1285,0,0,,
ROW34854,1355,html-button-response,12,181406,0,P0005,STUDY0007,SESS1285,0,0,,
ROW34855,5633,survey-multi-select,11,180050,0,P0005,STUDY0007,SESS1285,0,"{""Q0"":[""material""]}",pottery,practice_category
ROW34856,5166,survey-multi-select,13,186574,0,P0005,STUDY0007,SESS1285,0,"{""Q0"":[""shape""]}",square,practice_category
ROW34857,2955,html-button-response,15,190289,0,P0005,STUDY0007,SESS1285,0,0,,
ROW34859,758,html-button-response,14,187333,0,P0005,STUDY0007,SESS1285,0,0,,
ROW34860,11701,survey-multi-select,16,201993,0,P0005,STUDY0007,SESS1285,0,"{""Q0"":[""shape"",""material""]}",pillow,category_organization
ROW34858,3950,survey-multi-select,18,214070,0,P0005,STUDY0007,SESS1285,0,"{""Q0"":[""none of these""]}",sink,category_organization
ROW34861,8121,survey-multi-select,17,210117,0,P0005,STUDY0007,SESS1285,0,"{""Q0"":[""shape""]}",plantain,category_organization
ROW34862,3752,survey-multi-select,19,217825,0,P0005,STUDY0007,SESS1285,0,"{""Q0"":[""shape""]}",carousel,category_organization
ROW34863,7001,survey-multi-select,21,228193,0,P0005,STUDY0007,SESS1285,0,"{""Q0"":[""material""]}",soil,category_organization
ROW34864,3362,survey-multi-select,20,221190,0,P0005,STUDY0007,SESS1285,0,"{""Q0"":[""material""]}",stone,category_organization
ROW34865,7698,survey-multi-select,22,235894,0,P0005,STUDY0007,SESS1285,0,"{""Q0"":[""material""]}",nail (finger),category_organization
ROW34866,4193,survey-multi-select,23,240090,0,P0005,STUDY0007,SESS1285,0,"{""Q0"":[""shape""]}",drawer,category_organization
ROW34867,5493,survey-multi-select,24,245585,0,P0005,STUDY0007,SESS1285,0,"{""Q0"":[""shape""]}",sailboat,category_organization
ROW34868,3662,survey-multi-select,25,249250,0,P0005,STUDY0007,SESS1285,0,"{""Q0"":[""none of these""]}",bathroom,category_organization
ROW34869,2777,survey-multi-select,26,252029,0,P0005,STUDY0007,SESS1285,0,"{""Q0"":[""none of these""]}",kitchen,category_organization
ROW34870,4605,survey-multi-select,27,256637,0,P0005,STUDY0007,SESS1285,0,"{""Q0"":[""none of these""]}",sandal,category_organization
ROW34871,7527,survey-multi-select,28,264166,0,P0005,STUDY0007,SESS1285,0,"{""Q0"":[""shape""]}",snail,category_organization
ROW34872,3797,survey-multi-select,29,267965,0,P0005,STUDY0007,SESS1285,0,"{""Q0"":[""material""]}",knife,category_organization
ROW34873,4641,survey-multi-select,30,272609,0,P0005,STUDY0007,SESS1285,0,"{""Q0"":[""none of these""]}",bookshelf,category_organization
ROW34874,6474,survey-multi-select,31,279086,0,P0005,STUDY0007,SESS1285,0,"{""Q0"":[""shape"",""color""]}",orange (food),category_organization
ROW34875,3201,survey-multi-select,33,284017,0,P0005,STUDY0007,SESS1285,0,"{""Q0"":[""none of these""]}",skirt,category_organization
ROW34876,1726,survey-multi-select,32,280814,0,P0005,STUDY0007,SESS1285,0,"{""Q0"":[""none of these""]}",lavender,category_organization
ROW34877,4587,survey-multi-select,34,288606,0,P0005,STUDY0007,SESS1285,0,"{""Q0"":[""none of these""]}",swing (object),category_organization
ROW34878,10779,survey-multi-select,35,299389,0,P0005,STUDY0007,SESS1285,0,"{""Q0"":[""shape""]}",ox,category_organization
ROW34879,4302,survey-multi-select,36,303693,0,P0005,STUDY0007,SESS1285,0,"{""Q0"":[""none of these""]}",balcony,category_organization
ROW34880,894,html-button-response,37,304589,0,P0005,STUDY0007,SESS1285,0,0,,
ROW34881,2359,instructions,38,306949,0,P0005,STUDY0007,SESS1285,0,,,
ROW34882,15676,instructions,0,15678,0,P0492,STUDY0007,SESS1284,0,,,
ROW34883,5372,instructions,1,21051,0,P0492,STUDY0007,SESS1284,0,,,
ROW34884,17600,html-button-response,2,38652,0,P0492,STUDY0007,SESS1284,0,0,,
ROW34885,15745,html-button-response,4,61546,0,P0492,STUDY0007,SESS1284,0,0,,
ROW34886,7148,html-button-response,3,45801,0,P0492,STUDY0007,SESS1284,0,0,,
ROW34887,6369,html-button-response,5,67916,0,P0492,STUDY0007,SESS1284,0,0,,
ROW34888,11417,html-button-response,6,79334,0,P0492,STUDY0007,SESS1284,0,0,,
ROW34889,20724,survey-multi-select,7,100059,0,P0492,STUDY0007,SESS1284,0,"{""Q0"":[""material""]}",pottery,practice_category
ROW34890,1938,html-button-response,8,101999,0,P0492,STUDY0007,SESS1284,0,0,,
ROW34891,9566,survey-multi-select,9,111567,0,P0492,STUDY0007,SESS1284,0,"{""Q0"":[""none of these""]}",happiness,practice_category
ROW34892,3602,html-button-response,10,115170,0,P0492,STUDY0007,SESS1284,0,0,,
ROW34893,6606,survey-multi-select,11,121779,0,P0492,STUDY0007,SESS1284,0,"{""Q0"":[""shape""]}",square,practice_category
ROW34894,780,html-button-response,12,122560,0,P0492,STUDY0007,SESS1284,0,0,,
ROW34895,6006,survey-multi-select,13,128567,0,P0492,STUDY0007,SESS1284,0,"{""Q0"":[""color""]}",red,practice_category
ROW34896,758,html-button-response,14,129327,0,P0492,STUDY0007,SESS1284,0,0,,
ROW34897,24906,html-button-response,15,154234,0,P0492,STUDY0007,SESS1284,0,0,,
ROW34898,44362,survey-multi-select,16,198597,0,P0492,STUDY0007,SESS1284,0,"{""Q0"":[""none of these""]}",faucet,category_organization
ROW34899,11943,survey-multi-select,17,210542,0,P0492,STUDY0007,SESS1284,0,"{""Q0"":[""shape""]}",foot,category_organization
ROW34900,10837,survey-multi-select,18,221381,0,P0492,STUDY0007,SESS1284,0,"{""Q0"":[""shape""]}",crocodile,category_organization
ROW34901,49369,survey-multi-select,19,270751,0,P0492,STUDY0007,SESS1284,0,"{""Q0"":[""shape""]}",sweater,category_organization
ROW34902,5001,survey-multi-select,20,275753,0,P0492,STUDY0007,SESS1284,0,"{""Q0"":[""shape""]}",crocodile,category_organization
ROW34903,10125,survey-multi-select,21,285880,0,P0492,STUDY0007,SESS1284,0,"{""Q0"":[""shape""]}",airplane,category_organization
ROW34904,5648,survey-multi-select,22,291529,0,P0492,STUDY0007,SESS1284,0,"{""Q0"":[""shape""]}",pan,category_organization
ROW34905,3341,survey-multi-select,23,294871,0,P0492,STUDY0007,SESS1284,0,"{""Q0"":[""none of these""]}",lavender,category_organization
ROW34906,19292,survey-multi-select,24,314164,0,P0492,STUDY0007,SESS1284,0,"{""Q0"":[""shape"",""color"",""material""]}",passion fruit,category_organization
ROW34907,22478,survey-multi-select,25,336644,0,P0492,STUDY0007,SESS1284,0,"{""Q0"":[""material""]}",cake,category_organization
ROW34908,10718,survey-multi-select,26,347363,0,P0492,STUDY0007,SESS1284,0,"{""Q0"":[""none of these""]}",sandbox,category_organization
ROW34909,5267,survey-multi-select,27,352631,0,P0492,STUDY0007,SESS1284,0,"{""Q0"":[""material""]}",chicken (food),category_organization
ROW34910,6518,survey-multi-select,28,359150,0,P0492,STUDY0007,SESS1284,0,"{""Q0"":[""shape""]}",mug,category_organization
ROW34911,5200,survey-multi-select,29,364352,0,P0492,STUDY0007,SESS1284,0,"{""Q0"":[""material""]}",cracker,category_organization
ROW34912,4683,survey-multi-select,30,369037,0,P0492,STUDY0007,SESS1284,0,"{""Q0"":[""color""]}",colors,category_organization
ROW34913,5082,survey-multi-select,31,374120,0,P0492,STUDY0007,SESS1284,0,"{""Q0"":[""shape""]}",kangaroo,category_organization
ROW34914,4475,survey-multi-select,32,378597,0,P0492,STUDY0007,SESS1284,0,"{""Q0"":[""shape""]}",blouse,category_organization
ROW34915,2754,survey-multi-select,33,381352,0,P0492,STUDY0007,SESS1284,0,"{""Q0"":[""shape""]}",alligator,category_organization
ROW34916,12711,survey-multi-select,34,394065,0,P0492,STUDY0007,SESS1284,0,"{""Q0"":[""shape"",""material""]}",eyelash,category_organization
ROW34917,12140,survey-multi-select,35,406207,0,P0492,STUDY0007,SESS1284,0,"{""Q0"":[""none of these""]}",vacuum,category_organization
ROW34918,14077,survey-multi-select,36,420286,0,P0492,STUDY0007,SESS1284,0,"{""Q0"":[""shape""]}",eagle,category_organization
ROW34919,1875,html-button-response,37,422162,0,P0492,STUDY0007,SESS1284,0,0,,
ROW34920,4487,instructions,38,426649,0,P0492,STUDY0007,SESS1284,0,,,
ROW34921,917630,instructions,0,917644,0,P0650,STUDY0007,SESS1271,0,,,
ROW34922,11555,html-button-response,2,933801,0,P0650,STUDY0007,SESS1271,0,0,,
ROW34923,4599,instructions,1,922243,0,P0650,STUDY0007,SESS1271,0,,,
ROW34924,3290,html-button-response,5,969839,0,P0650,STUDY0007,SESS1271,0,0,,
ROW34925,14973,html-button-response,3,948775,0,P0650,STUDY0007,SESS1271,0,0,,
ROW34926,17773,html-button-response,4,966549,0,P0650,STUDY0007,SESS1271,0,0,,
ROW34927,5303,html-button-response,6,975143,0,P0650,STUDY0007,SESS1271,0,0,,
ROW34928,8011,survey-multi-select,7,983153,0,P0650,STUDY0007,SESS1271,0,"{""Q0"":[""shape""]}",square,practice_category
ROW34929,1548,html-button-response,8,984702,0,P0650,STUDY0007,SESS1271,0,0,,
ROW34930,1380,html-button-response,10,993321,0,P0650,STUDY0007,SESS1271,0,0,,
ROW34931,6949,survey-multi-select,11,1000271,0,P0650,STUDY0007,SESS1271,0,"{""Q0"":[""none of these""]}",happiness,practice_category
ROW34932,7237,survey-multi-select,9,991940,0,P0650,STUDY0007,SESS1271,0,"{""Q0"":[""material""]}",pottery,practice_category
ROW34933,876,html-button-response,12,1001148,0,P0650,STUDY0007,SESS1271,0,0,,
ROW34934,5982,survey-multi-select,13,1007131,0,P0650,STUDY0007,SESS1271,0,"{""Q0"":[""color""]}",red,practice_category
ROW34935,846,html-button-response,14,1007978,0,P0650,STUDY0007,SESS1271,0,0,,
ROW34936,4059,html-button-response,15,1012038,0,P0650,STUDY0007,SESS1271,0,0,,
ROW34937,7993,survey-multi-select,16,1020033,0,P0650,STUDY0007,SESS1271,0,"{""Q0"":[""shape"",""material""]}",umbrella,category_organization
ROW34938,5775,survey-multi-select,17,1025812,0,P0650,STUDY0007,SESS1271,0,"{""Q0"":[""none of these""]}",ox,category_organization
ROW34939,8918,survey-multi-select,18,1034732,0,P0650,STUDY0007,SESS1271,0,"{""Q0"":[""shape"",""material""]}",couch,category_organization
ROW34940,3272,survey-multi-select,19,1038011,0,P0650,STUDY0007,SESS1271,0,"{""Q0"":[""none of these""]}",lavender,category_organization
ROW34941,3782,survey-multi-select,20,1041795,0,P0650,STUDY0007,SESS1271,0,"{""Q0"":[""material""]}",dust,category_organization
ROW34942,6707,survey-multi-select,21,1048505,0,P0650,STUDY0007,SESS1271,0,"{""Q0"":[""shape""]}",pipe,category_organization
ROW34943,3536,survey-multi-select,24,1057017,0,P0650,STUDY0007,SESS1271,0,"{""Q0"":[""material""]}",can,category_organization
ROW34944,2382,survey-multi-select,22,1050889,0,P0650,STUDY0007,SESS1271,0,"{""Q0"":[""material""]}",rag,category_organization
ROW34945,2588,survey-multi-select,23,1053479,0,P0650,STUDY0007,SESS1271,0,"{""Q0"":[""shape""]}",hanger,category_organization
ROW34946,6281,survey-multi-select,25,1063300,0,P0650,STUDY0007,SESS1271,0,"{""Q0"":[""none of these""]}",remote control,category_organization
ROW34947,2760,survey-multi-select,26,1066063,0,P0650,STUDY0007,SESS1271,0,"{""Q0"":[""none of these""]}",song,category_organization
ROW34948,11952,survey-multi-select,27,1078017,0,P0650,STUDY0007,SESS1271,0,"{""Q0"":[""shape""]}",dumpling,category_organization
ROW34949,3562,survey-multi-select,28,1081580,0,P0650,STUDY0007,SESS1271,0,"{""Q0"":[""shape""]}",chair,category_organization
ROW34950,3831,survey-multi-select,29,1085412,0,P0650,STUDY0007,SESS1271,0,"{""Q0"":[""shape""]}",shutter,category_organization
ROW34951,7422,survey-multi-select,30,1092836,0,P0650,STUDY0007,SESS1271,0,"{""Q0"":[""material""]}",apple,category_organization
ROW34952,3050,survey-multi-select,31,1095888,0,P0650,STUDY0007,SESS1271,0,"{""Q0"":[""material""]}",orange (food),category_organization
ROW34953,1848,survey-multi-select,32,1097739,0,P0650,STUDY0007,SESS1271,0,"{""Q0"":[""material""]}",strawberry,category_organization
ROW34954,2972,survey-multi-select,33,1100713,0,P0650,STUDY0007,SESS1271,0,"{""Q0"":[""none of these""]}",possum,category_organization
ROW34955,5715,survey-multi-select,34,1106430,0,P0650,STUDY0007,SESS1271,0,"{""Q0"":[""material""]}",juice,category_organization
ROW34956,4773,survey-multi-select,35,1111206,0,P0650,STUDY0007,SESS1271,0,"{""Q0"":[""shape""]}",waist,category_organization
ROW34957,5187,survey-multi-select,36,1116396,0,P0650,STUDY0007,SESS1271,0,"{""Q0"":[""material""]}",eyelash,category_organization
ROW34958,888,html-button-response,37,1117285,0,P0650,STUDY0007,SESS1271,0,0,,
ROW34959,2667,instructions,38,1119952,0,P0650,STUDY0007,SESS1271,0,,,
ROW34960,14475,html-button-response,2,28833,0,P1510,STUDY0007,SESS1286,0,0,,
ROW34961,8897,instructions,0,8899,0,P1510,STUDY0007,SESS1286,0,,,
ROW34962,5456,instructions,1,14356,0,P1510,STUDY0007,SESS1286,0,,,
ROW34963,9124,html-button-response,3,37959,0,P1510,STUDY0007,SESS1286,0,0,,
ROW34964,11689,html-button-response,4,49651,0,P1510,STUDY0007,SESS1286,0,0,,
ROW34965,4417,html-button-response,5,54069,0,P1510,STUDY0007,SESS1286,0,0,,
ROW34966,4821,html-button-response,6,58890,0,P1510,STUDY0007,SESS1286,0,0,,
ROW34967,10803,survey-multi-select,7,69697,0,P1510,STUDY0007,SESS1286,0,"{""Q0"":[""material""]}",pottery,practice_category
ROW34968,1487,html-button-response,8,71186,0,P1510,STUDY0007,SESS1286,0,0,,
ROW34970,6774,survey-multi-select,9,77963,0,P1510,STUDY0007,SESS1286,0,"{""Q0"":[""none of these""]}",happiness,practice_category
ROW34969,925,html-button-response,10,78890,0,P1510,STUDY0007,SESS1286,0,0,,
ROW34971,6196,survey-multi-select,11,85090,0,P1510,STUDY0007,SESS1286,0,"{""Q0"":[""color""]}",red,practice_category
ROW34972,1115,html-button-response,14,90604,0,P1510,STUDY0007,SESS1286,0,0,,
ROW34973,3356,survey-multi-select,13,89488,0,P1510,STUDY0007,SESS1286,0,"{""Q0"":[""shape""]}",square,practice_category
ROW34974,1039,html-button-response,12,86130,0,P1510,STUDY0007,SESS1286,0,0,,
ROW34975,2491,html-button-response,15,93096,0,P1510,STUDY0007,SESS1286,0,0,,
ROW34976,5787,survey-multi-select,17,106190,0,P1510,STUDY0007,SESS1286,0,"{""Q0"":[""material""]}",sweater,category_organization
ROW34977,7302,survey-multi-select,16,100400,0,P1510,STUDY0007,SESS1286,0,"{""Q0"":[""shape""]}",pen/pencil,category_organization
ROW34978,4752,survey-multi-select,18,110945,0,P1510,STUDY0007,SESS1286,0,"{""Q0"":[""none of these""]}",microwave,category_organization
ROW34979,8133,survey-multi-select,19,119080,0,P1510,STUDY0007,SESS1286,0,"{""Q0"":[""material""]}",matches,category_organization
ROW34980,5016,survey-multi-select,20,124098,0,P1510,STUDY0007,SESS1286,0,"{""Q0"":[""shape""]}",present,category_organization
ROW34981,3579,survey-multi-select,21,127679,0,P1510,STUDY0007,SESS1286,0,"{""Q0"":[""shape""]}",tower,category_organization
ROW34982,3574,survey-multi-select,22,131255,0,P1510,STUDY0007,SESS1286,0,"{""Q0"":[""none of these""]}",train,category_organization
ROW34983,6986,survey-multi-select,23,138243,0,P1510,STUDY0007,SESS1286,0,"{""Q0"":[""shape"",""material""]}",noodles,category_organization
ROW34984,4692,survey-multi-select,24,142938,0,P1510,STUDY0007,SESS1286,0,"{""Q0"":[""shape"",""color""]}",sweets,category_organization
ROW34985,4197,survey-multi-select,25,147136,0,P1510,STUDY0007,SESS1286,0,"{""Q0"":[""shape"",""color""]}",radish,category_organization
