_id,rt,trial_type,trial_index,time_elapsed,internal_node_id,subject,study_id,session_id,__v,response,block,theword
ROW34986,2361,instructions,0,2363,0,P1678,STUDY0008,SESS1287,0,,,
ROW34987,3047,html-button-response,1,5411,0,P1678,STUDY0008,SESS1287,0,0,precautions_survey,
ROW34988,5182,html-button-response,2,10594,0,P1678,STUDY0008,SESS1287,0,0,vocabulary_classification_criteria,
ROW34989,2616,html-button-response,3,13212,0,P1678,STUDY0008,SESS1287,0,0,lavender_instruction,
ROW34990,3081,html-button-response,4,16295,0,P1678,STUDY0008,SESS1287,0,0,category_section_intro,
ROW34991,6077,survey-multi-select,5,22378,0,P1678,STUDY0008,SESS1287,0,"{""Q0"":[""color""]}",category_organization_semblocked,firetruck
ROW34992,7313,survey-multi-select,6,29694,0,P1678,STUDY0008,SESS1287,0,"{""Q0"":[""color""]}",category_organization_semblocked,police car
ROW34993,1015,html-button-response,7,30711,0,P1678,STUDY0008,SESS1287,0,0,category_section_intro,
ROW34994,765,html-button-response,9,35960,0,P1678,STUDY0008,SESS1287,0,0,category_section_intro,
ROW34995,4480,survey-multi-select,8,35194,0,P1678,STUDY0008,SESS1287,0,"{""Q0"":[""shape""]}",category_organization_semblocked,owl
ROW34996,2432,survey-multi-select,11,43461,0,P1678,STUDY0008,SESS1287,0,"{""Q0"":[""shape""]}",category_organization_semblocked,mitten
ROW34997,5065,survey-multi-select,10,41027,0,P1678,STUDY0008,SESS1287,0,"{""Q0"":[""shape""]}",category_organization_semblocked,gloves
ROW34998,715,html-button-response,12,44177,0,P1678,STUDY0008,SESS1287,0,0,category_section_intro,
ROW34999,3865,survey-multi-select,13,48044,0,P1678,STUDY0008,SESS1287,0,"{""Q0"":[""material"",""none of these""]}",category_organization_semblocked,dryer
ROW35000,1464,html-button-response,14,49510,0,P1678,STUDY0008,SESS1287,0,0,category_section_intro,
ROW35001,4466,survey-multi-select,15,53978,0,P1678,STUDY0008,SESS1287,0,"{""Q0"":[""shape"",""color"",""material""]}",category_organization_semblocked,ham
ROW35002,2447,survey-multi-select,16,56427,0,P1678,STUDY0008,SESS1287,0,"{""Q0"":[""shape"",""color"",""material""]}",category_organization_semblocked,hot dog
ROW35003,3516,survey-multi-select,18,61761,0,P1678,STUDY0008,SESS1287,0,"{""Q0"":[""shape"",""material""]}",category_organization_semblocked,basket
ROW35004,1815,html-button-response,17,58243,0,P1678,STUDY0008,SESS1287,0,0,category_section_intro,
ROW35005,4364,survey-multi-select,19,66127,0,P1678,STUDY0008,SESS1287,0,"{""Q0"":[""shape"",""color"",""material""]}",category_organization_semblocked,nail (object)
ROW35006,3250,survey-multi-select,21,72443,0,P1678,STUDY0008,SESS1287,0,"{""Q0"":[""material""]}",category_organization_semblocked,pillow
ROW35007,3062,survey-multi-select,20,69192,0,P1678,STUDY0008,SESS1287,0,"{""Q0"":[""shape"",""color"",""material""]}",category_organization_semblocked,penny
ROW35008,3599,survey-multi-select,22,76043,0,P1678,STUDY0008,SESS1287,0,"{""Q0"":[""shape""]}",category_organization_semblocked,straw
ROW35009,881,html-button-response,23,76926,0,P1678,STUDY0008,SESS1287,0,0,category_section_intro,
ROW35010,5833,survey-multi-select,24,82760,0,P1678,STUDY0008,SESS1287,0,"{""Q0"":[""none of these""]}",category_organization_semblocked,doorbell
ROW35011,2597,survey-multi-select,25,85359,0,P1678,STUDY0008,SESS1287,0,"{""Q0"":[""shape""]}",category_organization_semblocked,flag
ROW35012,3216,survey-multi-select,28,92644,0,P1678,STUDY0008,SESS1287,0,"{""Q0"":[""material""]}",category_organization_semblocked,drain (object)
ROW35013,2398,survey-multi-select,26,87760,0,P1678,STUDY0008,SESS1287,0,"{""Q0"":[""shape"",""color""]}",category_organization_semblocked,street
ROW35014,1665,html-button-response,27,89426,0,P1678,STUDY0008,SESS1287,0,0,category_section_intro,
ROW35015,3448,survey-multi-select,30,101810,0,P1678,STUDY0008,SESS1287,0,"{""Q0"":[""shape"",""color""]}",category_organization_semblocked,seagull
ROW35016,5713,survey-multi-select,29,98360,0,P1678,STUDY0008,SESS1287,0,"{""Q0"":[""shape"",""color""]}",category_organization_semblocked,lizard
ROW35017,1715,survey-multi-select,31,103527,0,P1678,STUDY0008,SESS1287,0,"{""Q0"":[""none of these""]}",category_organization_semblocked,tram
ROW35018,1432,instructions,34,107475,0,P1678,STUDY0008,SESS1287,0,,,
ROW35019,1814,survey-multi-select,32,105343,0,P1678,STUDY0008,SESS1287,0,"{""Q0"":[""none of these""]}",category_organization_semblocked,lavender
ROW35020,699,html-button-response,33,106043,0,P1678,STUDY0008,SESS1287,0,0,,
ROW35021,2380,instructions,0,2381,0,P1670,STUDY0008,SESS1292,0,,,
ROW35022,975,html-button-response,1,3357,0,P1670,STUDY0008,SESS1292,0,0,precautions_survey,
ROW35023,5247,html-button-response,2,8605,0,P1670,STUDY0008,SESS1292,0,0,vocabulary_classification_criteria,
ROW35024,4503,html-button-response,3,13108,0,P1670,STUDY0008,SESS1292,0,0,lavender_instruction,
ROW35025,1976,html-button-response,4,15085,0,P1670,STUDY0008,SESS1292,0,0,category_section_intro,
ROW35026,8134,survey-multi-select,5,23221,0,P1670,STUDY0008,SESS1292,0,"{""Q0"":[""shape"",""color""]}",category_organization_semblocked,ambulance
ROW35027,4711,survey-multi-select,6,27933,0,P1670,STUDY0008,SESS1292,0,"{""Q0"":[""material""]}",category_organization_semblocked,digger
ROW35028,2695,html-button-response,7,30629,0,P1670,STUDY0008,SESS1292,0,0,category_section_intro,
ROW35029,2927,survey-multi-select,8,33557,0,P1670,STUDY0008,SESS1292,0,"{""Q0"":[""shape"",""color""]}",category_organization_semblocked,marker
ROW35030,2798,survey-multi-select,9,36356,0,P1670,STUDY0008,SESS1292,0,"{""Q0"":[""shape"",""material""]}",category_organization_semblocked,robot
ROW35031,2991,survey-multi-select,12,44572,0,P1670,STUDY0008,SESS1292,0,"{""Q0"":[""shape""]}",category_organization_semblocked,fly (animal)
ROW35032,1559,html-button-response,10,37916,0,P1670,STUDY0008,SESS1292,0,0,category_section_intro,
ROW35033,3664,survey-multi-select,11,41581,0,P1670,STUDY0008,SESS1292,0,"{""Q0"":[""shape"",""material""]}",category_organization_semblocked,clam
ROW35034,2992,survey-multi-select,13,47565,0,P1670,STUDY0008,SESS1292,0,"{""Q0"":[""shape"",""color"",""material""]}",category_organization_semblocked,panda
ROW35035,1336,html-button-response,14,48901,0,P1670,STUDY0008,SESS1292,0,0,category_section_intro,
ROW35036,2120,survey-multi-select,16,55949,0,P1670,STUDY0008,SESS1292,0,"{""Q0"":[""shape"",""color""]}",category_organization_semblocked,headband
ROW35037,4927,survey-multi-select,15,53828,0,P1670,STUDY0008,SESS1292,0,"{""Q0"":[""shape"",""color"",""material""]}",category_organization_semblocked,hat
ROW35038,1223,html-button-response,17,57173,0,P1670,STUDY0008,SESS1292,0,0,category_section_intro,
ROW35039,2615,survey-multi-select,18,59789,0,P1670,STUDY0008,SESS1292,0,"{""Q0"":[""color"",""material""]}",category_organization_semblocked,tablecloth
ROW35040,2239,survey-multi-select,20,63493,0,P1670,STUDY0008,SESS1292,0,"{""Q0"":[""shape""]}",category_organization_semblocked,chickpea
ROW35041,1464,html-button-response,19,61253,0,P1670,STUDY0008,SESS1292,0,0,category_section_intro,
ROW35042,2159,survey-multi-select,21,65653,0,P1670,STUDY0008,SESS1292,0,"{""Q0"":[""color""]}",category_organization_semblocked,liver (food)
ROW35043,2711,survey-multi-select,22,68365,0,P1670,STUDY0008,SESS1292,0,"{""Q0"":[""color"",""material""]}",category_organization_semblocked,rice
ROW35044,2447,survey-multi-select,23,70813,0,P1670,STUDY0008,SESS1292,0,"{""Q0"":[""shape"",""color""]}",category_organization_semblocked,strawberry
ROW35045,7695,html-button-response,24,78509,0,P1670,STUDY0008,SESS1292,0,0,category_section_intro,
ROW35046,2495,survey-multi-select,25,81005,0,P1670,STUDY0008,SESS1292,0,"{""Q0"":[""shape""]}",category_organization_semblocked,body
ROW35047,1104,html-button-response,26,82109,0,P1670,STUDY0008,SESS1292,0,0,category_section_intro,
ROW35048,3679,survey-multi-select,27,85789,0,P1670,STUDY0008,SESS1292,0,"{""Q0"":[""shape"",""material""]}",category_organization_semblocked,cell phone
ROW35049,3727,survey-multi-select,28,89517,0,P1670,STUDY0008,SESS1292,0,"{""Q0"":[""shape"",""material""]}",category_organization_semblocked,glass
ROW35050,1295,html-button-response,29,90813,0,P1670,STUDY0008,SESS1292,0,0,category_section_intro,
ROW35051,4120,survey-multi-select,30,94933,0,P1670,STUDY0008,SESS1292,0,"{""Q0"":[""none of these""]}",category_organization_semblocked,rain
ROW35052,3799,survey-multi-select,31,98733,0,P1670,STUDY0008,SESS1292,0,"{""Q0"":[""shape""]}",category_organization_semblocked,umbrella
ROW35053,1631,html-button-response,32,100364,0,P1670,STUDY0008,SESS1292,0,0,category_section_intro,
ROW35054,3527,survey-multi-select,33,103892,0,P1670,STUDY0008,SESS1292,0,"{""Q0"":[""material""]}",category_organization_semblocked,basement
ROW35055,1688,survey-multi-select,34,105581,0,P1670,STUDY0008,SESS1292,0,"{""Q0"":[""none of these""]}",category_organization_semblocked,lavender
ROW35056,808,html-button-response,35,106389,0,P1670,STUDY0008,SESS1292,0,0,,
ROW35057,2000,instructions,36,108389,0,P1670,STUDY0008,SESS1292,0,,,
ROW35058,2414,instructions,0,2417,0,P0403,STUDY0008,SESS1301,0,,,
ROW35059,2831,html-button-response,1,5251,0,P0403,STUDY0008,SESS1301,0,0,precautions_survey,
ROW35060,3621,html-button-response,2,8873,0,P0403,STUDY0008,SESS1301,0,0,vocabulary_classification_criteria,
ROW35061,3544,html-button-response,3,12418,0,P0403,STUDY0008,SESS1301,0,0,lavender_instruction,
ROW35062,1301,html-button-response,4,13721,0,P0403,STUDY0008,SESS1301,0,0,category_section_intro,
ROW35063,8766,survey-multi-select,5,22491,0,P0403,STUDY0008,SESS1301,0,"{""Q0"":[""none of these""]}",category_organization_semblocked,drum (object)
ROW35064,3665,survey-multi-select,7,27466,0,P0403,STUDY0008,SESS1301,0,"{""Q0"":[""shape""]}",category_organization_semblocked,butterfly
ROW35065,2368,survey-multi-select,8,29836,0,P0403,STUDY0008,SESS1301,0,"{""Q0"":[""shape""]}",category_organization_semblocked,wolf
ROW35066,1304,html-button-response,6,23797,0,P0403,STUDY0008,SESS1301,0,0,category_section_intro,
ROW35067,1794,survey-multi-select,11,39061,0,P0403,STUDY0008,SESS1301,0,"{""Q0"":[""material""]}",category_organization_semblocked,gloves
ROW35068,6544,survey-multi-select,10,37265,0,P0403,STUDY0008,SESS1301,0,"{""Q0"":[""material""]}",category_organization_semblocked,glove
ROW35069,880,html-button-response,9,30718,0,P0403,STUDY0008,SESS1301,0,0,category_section_intro,
ROW35070,816,html-button-response,12,39878,0,P0403,STUDY0008,SESS1301,0,0,category_section_intro,
ROW35071,6479,survey-multi-select,13,46359,0,P0403,STUDY0008,SESS1301,0,"{""Q0"":[""shape"",""material""]}",category_organization_semblocked,floor
ROW35072,3520,survey-multi-select,14,49882,0,P0403,STUDY0008,SESS1301,0,"{""Q0"":[""material""]}",category_organization_semblocked,stove
ROW35073,840,html-button-response,15,50723,0,P0403,STUDY0008,SESS1301,0,0,category_section_intro,
ROW35074,2656,survey-multi-select,16,53381,0,P0403,STUDY0008,SESS1301,0,"{""Q0"":[""color""]}",category_organization_semblocked,applesauce
ROW35075,1662,survey-multi-select,17,55045,0,P0403,STUDY0008,SESS1301,0,"{""Q0"":[""shape""]}",category_organization_semblocked,biscuit
ROW35076,2703,survey-multi-select,18,57750,0,P0403,STUDY0008,SESS1301,0,"{""Q0"":[""shape"",""color""]}",category_organization_semblocked,eggplant
ROW35077,2367,survey-multi-select,19,60120,0,P0403,STUDY0008,SESS1301,0,"{""Q0"":[""shape"",""color""]}",category_organization_semblocked,olive
ROW35078,771,html-button-response,20,60893,0,P0403,STUDY0008,SESS1301,0,0,category_section_intro,
ROW35079,2605,survey-multi-select,21,63500,0,P0403,STUDY0008,SESS1301,0,"{""Q0"":[""shape""]}",category_organization_semblocked,mouth
ROW35080,1715,survey-multi-select,22,65219,0,P0403,STUDY0008,SESS1301,0,"{""Q0"":[""material""]}",category_organization_semblocked,palm
ROW35081,2500,survey-multi-select,23,67720,0,P0403,STUDY0008,SESS1301,0,"{""Q0"":[""shape""]}",category_organization_semblocked,vagina
ROW35082,1467,html-button-response,24,69188,0,P0403,STUDY0008,SESS1301,0,0,category_section_intro,
ROW35083,2263,survey-multi-select,25,71453,0,P0403,STUDY0008,SESS1301,0,"{""Q0"":[""material""]}",category_organization_semblocked,broom
ROW35084,2057,survey-multi-select,26,73511,0,P0403,STUDY0008,SESS1301,0,"{""Q0"":[""material""]}",category_organization_semblocked,broom
ROW35085,1991,survey-multi-select,28,77931,0,P0403,STUDY0008,SESS1301,0,"{""Q0"":[""shape""]}",category_organization_semblocked,lamp
ROW35086,2425,survey-multi-select,27,75938,0,P0403,STUDY0008,SESS1301,0,"{""Q0"":[""shape""]}",category_organization_semblocked,camera
ROW35087,3134,survey-multi-select,29,81067,0,P0403,STUDY0008,SESS1301,0,"{""Q0"":[""shape""]}",category_organization_semblocked,plate
ROW35088,787,html-button-response,30,81855,0,P0403,STUDY0008,SESS1301,0,0,category_section_intro,
ROW35089,2091,survey-multi-select,31,83948,0,P0403,STUDY0008,SESS1301,0,"{""Q0"":[""color""]}",category_organization_semblocked,panther
ROW35090,2020,survey-multi-select,32,85970,0,P0403,STUDY0008,SESS1301,0,"{""Q0"":[""none of these""]}",category_organization_semblocked,lavender
ROW35091,751,html-button-response,33,86722,0,P0403,STUDY0008,SESS1301,0,0,,
ROW35092,996,instructions,34,87718,0,P0403,STUDY0008,SESS1301,0,,,
ROW35093,1896,instructions,0,1897,0,P0695,STUDY0008,SESS1296,0,,,
ROW35094,1404,html-button-response,1,3303,0,P0695,STUDY0008,SESS1296,0,0,precautions_survey,
ROW35095,4184,html-button-response,2,7489,0,P0695,STUDY0008,SESS1296,0,0,vocabulary_classification_criteria,
ROW35096,2209,html-button-response,3,9699,0,P0695,STUDY0008,SESS1296,0,0,lavender_instruction,
ROW35097,2258,html-button-response,4,11958,0,P0695,STUDY0008,SESS1296,0,0,category_section_intro,
ROW35098,5545,survey-multi-select,5,17507,0,P0695,STUDY0008,SESS1296,0,"{""Q0"":[""shape"",""material""]}",category_organization_semblocked,drum
ROW35099,3306,survey-multi-select,6,20815,0,P0695,STUDY0008,SESS1296,0,"{""Q0"":[""shape"",""material""]}",category_organization_semblocked,puzzle
ROW35100,2524,html-button-response,7,23340,0,P0695,STUDY0008,SESS1296,0,0,category_section_intro,
ROW35101,9723,survey-multi-select,8,33066,0,P0695,STUDY0008,SESS1296,0,"{""Q0"":[""shape"",""color""]}",category_organization_semblocked,ant
ROW35102,4873,survey-multi-select,9,37942,0,P0695,STUDY0008,SESS1296,0,"{""Q0"":[""shape"",""color""]}",category_organization_semblocked,parrot
ROW35103,4928,survey-multi-select,10,42872,0,P0695,STUDY0008,SESS1296,0,"{""Q0"":[""shape"",""color""]}",category_organization_semblocked,sheep
ROW35104,950,html-button-response,11,43824,0,P0695,STUDY0008,SESS1296,0,0,category_section_intro,
ROW35105,3769,survey-multi-select,12,47595,0,P0695,STUDY0008,SESS1296,0,"{""Q0"":[""shape"",""color""]}",category_organization_semblocked,button
ROW35106,1439,html-button-response,13,49035,0,P0695,STUDY0008,SESS1296,0,0,category_section_intro,
ROW35107,2490,survey-multi-select,14,51527,0,P0695,STUDY0008,SESS1296,0,"{""Q0"":[""shape"",""material""]}",category_organization_semblocked,cupboard
ROW35108,4097,survey-multi-select,15,55626,0,P0695,STUDY0008,SESS1296,0,"{""Q0"":[""shape"",""material""]}",category_organization_semblocked,stairs
ROW35109,2725,html-button-response,16,58353,0,P0695,STUDY0008,SESS1296,0,0,category_section_intro,
ROW35110,27539,survey-multi-select,17,85894,0,P0695,STUDY0008,SESS1296,0,"{""Q0"":[""shape""]}",category_organization_semblocked,cutlet
ROW35111,4406,survey-multi-select,18,90303,0,P0695,STUDY0008,SESS1296,0,"{""Q0"":[""shape"",""color""]}",category_organization_semblocked,eggplant
ROW35112,3038,survey-multi-select,19,93342,0,P0695,STUDY0008,SESS1296,0,"{""Q0"":[""shape""]}",category_organization_semblocked,pepper
ROW35113,1975,survey-multi-select,20,95318,0,P0695,STUDY0008,SESS1296,0,"{""Q0"":[""color""]}",category_organization_semblocked,pork
ROW35114,1706,survey-multi-select,21,97026,0,P0695,STUDY0008,SESS1296,0,"{""Q0"":[""color""]}",category_organization_semblocked,sauce
ROW35115,2162,survey-multi-select,22,99189,0,P0695,STUDY0008,SESS1296,0,"{""Q0"":[""shape""]}",category_organization_semblocked,smoothie
ROW35116,1636,survey-multi-select,24,103093,0,P0695,STUDY0008,SESS1296,0,"{""Q0"":[""color""]}",category_organization_semblocked,cell phone
ROW35117,1603,survey-multi-select,25,104699,0,P0695,STUDY0008,SESS1296,0,"{""Q0"":[""shape""]}",category_organization_semblocked,hanger
ROW35118,2264,html-button-response,23,101454,0,P0695,STUDY0008,SESS1296,0,0,category_section_intro,
ROW35119,6609,survey-multi-select,26,111311,0,P0695,STUDY0008,SESS1296,0,"{""Q0"":[""color"",""material""]}",category_organization_semblocked,napkin
ROW35120,2755,survey-multi-select,27,114070,0,P0695,STUDY0008,SESS1296,0,"{""Q0"":[""shape"",""color""]}",category_organization_semblocked,vacuum
ROW35121,1190,html-button-response,28,115261,0,P0695,STUDY0008,SESS1296,0,0,category_section_intro,
ROW35122,3448,survey-multi-select,29,118711,0,P0695,STUDY0008,SESS1296,0,"{""Q0"":[""shape""]}",category_organization_semblocked,star
ROW35123,1859,html-button-response,30,120571,0,P0695,STUDY0008,SESS1296,0,0,category_section_intro,
ROW35124,1994,survey-multi-select,31,122567,0,P0695,STUDY0008,SESS1296,0,"{""Q0"":[""shape""]}",category_organization_semblocked,party
ROW35125,2633,survey-multi-select,32,125201,0,P0695,STUDY0008,SESS1296,0,"{""Q0"":[""none of these""]}",category_organization_semblocked,lavender
ROW35126,868,html-button-response,33,126071,0,P0695,STUDY0008,SESS1296,0,0,,
ROW35127,1475,instructions,34,127546,0,P0695,STUDY0008,SESS1296,0,,,
ROW35128,2296,instructions,0,2297,0,P1837,STUDY0008,SESS1295,0,,,
ROW35129,954,html-button-response,1,3252,0,P1837,STUDY0008,SESS1295,0,0,precautions_survey,
ROW35130,4157,html-button-response,3,16775,0,P1837,STUDY0008,SESS1295,0,0,lavender_instruction,
ROW35131,9366,html-button-response,2,12618,0,P1837,STUDY0008,SESS1295,0,0,vocabulary_classification_criteria,
ROW35132,4732,survey-multi-select,5,25157,0,P1837,STUDY0008,SESS1295,0,"{""Q0"":[""shape"",""color""]}",category_organization_semblocked,firetruck
ROW35133,3647,html-button-response,4,20423,0,P1837,STUDY0008,SESS1295,0,0,category_section_intro,
ROW35134,2727,html-button-response,6,27884,0,P1837,STUDY0008,SESS1295,0,0,category_section_intro,
ROW35135,5604,survey-multi-select,7,33489,0,P1837,STUDY0008,SESS1295,0,"{""Q0"":[""shape""]}",category_organization_semblocked,cat
ROW35136,1398,html-button-response,8,34888,0,P1837,STUDY0008,SESS1295,0,0,category_section_intro,
ROW35137,4007,survey-multi-select,9,38896,0,P1837,STUDY0008,SESS1295,0,"{""Q0"":[""shape"",""material""]}",category_organization_semblocked,mitten
ROW35138,900,html-button-response,10,39797,0,P1837,STUDY0008,SESS1295,0,0,category_section_intro,
ROW35139,3880,survey-multi-select,11,43678,0,P1837,STUDY0008,SESS1295,0,"{""Q0"":[""material""]}",category_organization_semblocked,floor
ROW35140,7521,survey-multi-select,12,51200,0,P1837,STUDY0008,SESS1295,0,"{""Q0"":[""material""]}",category_organization_semblocked,patio
ROW35141,5718,survey-multi-select,13,56919,0,P1837,STUDY0008,SESS1295,0,"{""Q0"":[""shape"",""material""]}",category_organization_semblocked,room
ROW35142,1334,html-button-response,14,58253,0,P1837,STUDY0008,SESS1295,0,0,category_section_intro,
ROW35143,12008,survey-multi-select,15,70262,0,P1837,STUDY0008,SESS1295,0,"{""Q0"":[""material""]}",category_organization_semblocked,compote
ROW35144,5040,survey-multi-select,16,75303,0,P1837,STUDY0008,SESS1295,0,"{""Q0"":[""shape"",""material""]}",category_organization_semblocked,fish (food)
ROW35145,6710,survey-multi-select,17,82014,0,P1837,STUDY0008,SESS1295,0,"{""Q0"":[""color"",""material""]}",category_organization_semblocked,guava
ROW35146,4439,survey-multi-select,18,86453,0,P1837,STUDY0008,SESS1295,0,"{""Q0"":[""shape"",""material""]}",category_organization_semblocked,gum
ROW35147,3039,survey-multi-select,19,89493,0,P1837,STUDY0008,SESS1295,0,"{""Q0"":[""shape"",""color"",""material""]}",category_organization_semblocked,jello
ROW35148,4661,survey-multi-select,20,94155,0,P1837,STUDY0008,SESS1295,0,"{""Q0"":[""shape"",""color""]}",category_organization_semblocked,raisin
ROW35149,1009,html-button-response,21,95165,0,P1837,STUDY0008,SESS1295,0,0,category_section_intro,
ROW35150,4649,survey-multi-select,22,99814,0,P1837,STUDY0008,SESS1295,0,"{""Q0"":[""shape""]}",category_organization_semblocked,buttocks
ROW35151,2402,survey-multi-select,23,102217,0,P1837,STUDY0008,SESS1295,0,"{""Q0"":[""shape""]}",category_organization_semblocked,thumb
ROW35152,1970,survey-multi-select,24,104188,0,P1837,STUDY0008,SESS1295,0,"{""Q0"":[""shape""]}",category_organization_semblocked,toe
ROW35153,3664,survey-multi-select,25,107853,0,P1837,STUDY0008,SESS1295,0,"{""Q0"":[""shape"",""color""]}",category_organization_semblocked,tooth
ROW35154,930,html-button-response,26,108784,0,P1837,STUDY0008,SESS1295,0,0,category_section_intro,
ROW35155,2769,survey-multi-select,27,111553,0,P1837,STUDY0008,SESS1295,0,"{""Q0"":[""shape""]}",category_organization_semblocked,keys
ROW35156,1369,html-button-response,28,112923,0,P1837,STUDY0008,SESS1295,0,0,category_section_intro,
ROW35157,8049,survey-multi-select,29,120973,0,P1837,STUDY0008,SESS1295,0,"{""Q0"":[""none of these""]}",category_organization_semblocked,thunder
ROW35158,985,html-button-response,30,121958,0,P1837,STUDY0008,SESS1295,0,0,category_section_intro,
ROW35159,3406,survey-multi-select,31,125364,0,P1837,STUDY0008,SESS1295,0,"{""Q0"":[""shape"",""color""]}",category_organization_semblocked,mayonnaise
ROW35160,3177,survey-multi-select,32,128542,0,P1837,STUDY0008,SESS1295,0,"{""Q0"":[""shape"",""color""]}",category_organization_semblocked,rainbow
ROW35161,2882,survey-multi-select,33,131425,0,P1837,STUDY0008,SESS1295,0,"{""Q0"":[""none of these""]}",category_organization_semblocked,lavender
ROW35162,1196,html-button-response,34,132621,0,P1837,STUDY0008,SESS1295,0,0,,
ROW35163,2203,instructions,35,134825,0,P1837,STUDY0008,SESS1295,0,,,
ROW35164,7745,html-button-response,1,12393,0,P1166,STUDY0008,SESS1299,0,0,precautions_survey,
ROW35165,7808,survey-multi-select,5,47620,0,P1166,STUDY0008,SESS1299,0,"{""Q0"":[""shape""]}",category_organization_semblocked,train
ROW35166,4645,instructions,0,4647,0,P1166,STUDY0008,SESS1299,0,,,
ROW35167,5300,html-button-response,3,32021,0,P1166,STUDY0008,SESS1299,0,0,lavender_instruction,
ROW35168,7787,html-button-response,4,39809,0,P1166,STUDY0008,SESS1299,0,0,category_section_intro,
ROW35169,14326,html-button-response,2,26720,0,P1166,STUDY0008,SESS1299,0,0,vocabulary_classification_criteria,
ROW35170,5274,html-button-response,6,52895,0,P1166,STUDY0008,SESS1299,0,0,category_section_intro,
ROW35171,3508,survey-multi-select,7,56404,0,P1166,STUDY0008,SESS1299,0,"{""Q0"":[""shape""]}",category_organization_semblocked,bell
ROW35172,5297,survey-multi-select,10,72231,0,P1166,STUDY0008,SESS1299,0,"{""Q0"":[""shape""]}",category_organization_semblocked,bug
ROW35173,4099,html-button-response,9,66931,0,P1166,STUDY0008,SESS1299,0,0,category_section_intro,
ROW35174,6425,survey-multi-select,8,62831,0,P1166,STUDY0008,SESS1299,0,"{""Q0"":[""shape""]}",category_organization_semblocked,trumpet
ROW35175,3120,survey-multi-select,11,75353,0,P1166,STUDY0008,SESS1299,0,"{""Q0"":[""shape""]}",category_organization_semblocked,bug
ROW35176,3456,survey-multi-select,12,78810,0,P1166,STUDY0008,SESS1299,0,"{""Q0"":[""shape""]}",category_organization_semblocked,bull
ROW35177,1665,html-button-response,14,83346,0,P1166,STUDY0008,SESS1299,0,0,category_section_intro,
ROW35178,2868,survey-multi-select,13,81680,0,P1166,STUDY0008,SESS1299,0,"{""Q0"":[""shape""]}",category_organization_semblocked,sheep
ROW35179,4842,survey-multi-select,15,88190,0,P1166,STUDY0008,SESS1299,0,"{""Q0"":[""material""]}",category_organization_semblocked,bread
ROW35180,9667,survey-multi-select,16,97859,0,P1166,STUDY0008,SESS1299,0,"{""Q0"":[""color"",""material""]}",category_organization_semblocked,kimchi
ROW35181,4541,survey-multi-select,17,102402,0,P1166,STUDY0008,SESS1299,0,"{""Q0"":[""shape"",""color"",""material""]}",category_organization_semblocked,meatball
ROW35182,1298,html-button-response,18,103701,0,P1166,STUDY0008,SESS1299,0,0,category_section_intro,
ROW35183,3343,survey-multi-select,23,119935,0,P1166,STUDY0008,SESS1299,0,"{""Q0"":[""shape"",""color"",""material""]}",category_organization_semblocked,tissue
ROW35184,3508,survey-multi-select,20,111156,0,P1166,STUDY0008,SESS1299,0,"{""Q0"":[""shape"",""material""]}",category_organization_semblocked,dish
ROW35185,2280,survey-multi-select,21,113438,0,P1166,STUDY0008,SESS1299,0,"{""Q0"":[""shape""]}",category_organization_semblocked,keys
ROW35186,3944,survey-multi-select,19,107646,0,P1166,STUDY0008,SESS1299,0,"{""Q0"":[""shape"",""material""]}",category_organization_semblocked,blanket
ROW35187,3151,survey-multi-select,22,116590,0,P1166,STUDY0008,SESS1299,0,"{""Q0"":[""shape"",""color""]}",category_organization_semblocked,matches
ROW35188,1354,html-button-response,24,121289,0,P1166,STUDY0008,SESS1299,0,0,category_section_intro,
ROW35189,2804,survey-multi-select,25,124095,0,P1166,STUDY0008,SESS1299,0,"{""Q0"":[""shape"",""color""]}",category_organization_semblocked,mountain
ROW35190,3355,survey-multi-select,26,127452,0,P1166,STUDY0008,SESS1299,0,"{""Q0"":[""color""]}",category_organization_semblocked,sky
ROW35191,4944,survey-multi-select,28,133754,0,P1166,STUDY0008,SESS1299,0,"{""Q0"":[""color""]}",category_organization_semblocked,party
ROW35192,1356,html-button-response,27,128808,0,P1166,STUDY0008,SESS1299,0,0,category_section_intro,
ROW35193,5229,survey-multi-select,29,138985,0,P1166,STUDY0008,SESS1299,0,"{""Q0"":[""shape"",""material""]}",category_organization_semblocked,suit
ROW35194,2894,survey-multi-select,30,141881,0,P1166,STUDY0008,SESS1299,0,"{""Q0"":[""none of these""]}",category_organization_semblocked,time
ROW35195,2169,survey-multi-select,31,144052,0,P1166,STUDY0008,SESS1299,0,"{""Q0"":[""none of these""]}",category_organization_semblocked,lavender
ROW35196,2141,instructions,33,147734,0,P1166,STUDY0008,SESS1299,0,,,
ROW35197,1540,html-button-response,32,145593,0,P1166,STUDY0008,SESS1299,0,0,,
ROW35198,5538,instructions,0,5547,0,P1695,STUDY0008,SESS1297,0,,,
ROW35199,4536,html-button-response,1,10086,0,P1695,STUDY0008,SESS1297,0,0,precautions_survey,
ROW35200,10466,html-button-response,2,20555,0,P1695,STUDY0008,SESS1297,0,0,vocabulary_classification_criteria,
ROW35201,4217,html-button-response,3,24781,0,P1695,STUDY0008,SESS1297,0,0,lavender_instruction,
ROW35202,3691,html-button-response,4,28475,0,P1695,STUDY0008,SESS1297,0,0,category_section_intro,
ROW35203,6906,survey-multi-select,5,35388,0,P1695,STUDY0008,SESS1297,0,"{""Q0"":[""color""]}",category_organization_semblocked,police car
ROW35204,3416,html-button-response,6,38807,0,P1695,STUDY0008,SESS1297,0,0,category_section_intro,
ROW35205,5991,survey-multi-select,7,44803,0,P1695,STUDY0008,SESS1297,0,"{""Q0"":[""shape""]}",category_organization_semblocked,kite
ROW35206,7828,survey-multi-select,8,52635,0,P1695,STUDY0008,SESS1297,0,"{""Q0"":[""shape""]}",category_organization_semblocked,rake (object)
ROW35207,2685,html-button-response,9,55322,0,P1695,STUDY0008,SESS1297,0,0,category_section_intro,
ROW35208,4998,survey-multi-select,10,60323,0,P1695,STUDY0008,SESS1297,0,"{""Q0"":[""shape"",""color""]}",category_organization_semblocked,penguin
ROW35209,1903,html-button-response,11,62228,0,P1695,STUDY0008,SESS1297,0,0,category_section_intro,
ROW35210,5464,survey-multi-select,12,67698,0,P1695,STUDY0008,SESS1297,0,"{""Q0"":[""shape""]}",category_organization_semblocked,belt
ROW35211,4800,survey-multi-select,13,72501,0,P1695,STUDY0008,SESS1297,0,"{""Q0"":[""shape""]}",category_organization_semblocked,boots
ROW35212,6402,survey-multi-select,14,78906,0,P1695,STUDY0008,SESS1297,0,"{""Q0"":[""material""]}",category_organization_semblocked,clothing
ROW35213,2548,html-button-response,15,81456,0,P1695,STUDY0008,SESS1297,0,0,category_section_intro,
ROW35214,6314,survey-multi-select,16,87773,0,P1695,STUDY0008,SESS1297,0,"{""Q0"":[""none of these""]}",category_organization_semblocked,microwave
ROW35215,3655,survey-multi-select,17,91431,0,P1695,STUDY0008,SESS1297,0,"{""Q0"":[""shape""]}",category_organization_semblocked,potty
ROW35216,1240,html-button-response,18,92673,0,P1695,STUDY0008,SESS1297,0,0,category_section_intro,
ROW35217,3921,survey-multi-select,19,96599,0,P1695,STUDY0008,SESS1297,0,"{""Q0"":[""shape"",""color""]}",category_organization_semblocked,cherry
ROW35218,3697,survey-multi-select,20,100300,0,P1695,STUDY0008,SESS1297,0,"{""Q0"":[""none of these""]}",category_organization_semblocked,compote
ROW35219,3858,survey-multi-select,21,104163,0,P1695,STUDY0008,SESS1297,0,"{""Q0"":[""none of these""]}",category_organization_semblocked,kefir
ROW35220,6086,survey-multi-select,22,110252,0,P1695,STUDY0008,SESS1297,0,"{""Q0"":[""shape"",""color""]}",category_organization_semblocked,onion
ROW35221,2614,html-button-response,24,116985,0,P1695,STUDY0008,SESS1297,0,0,category_section_intro,
ROW35222,4112,survey-multi-select,23,114369,0,P1695,STUDY0008,SESS1297,0,"{""Q0"":[""shape"",""color""]}",category_organization_semblocked,pepper
ROW35223,2863,survey-multi-select,25,119851,0,P1695,STUDY0008,SESS1297,0,"{""Q0"":[""shape""]}",category_organization_semblocked,mop (object)
ROW35224,3995,survey-multi-select,26,123849,0,P1695,STUDY0008,SESS1297,0,"{""Q0"":[""shape"",""material""]}",category_organization_semblocked,towel
ROW35225,3598,html-button-response,27,127448,0,P1695,STUDY0008,SESS1297,0,0,category_section_intro,
ROW35226,4968,survey-multi-select,28,132419,0,P1695,STUDY0008,SESS1297,0,"{""Q0"":[""none of these""]}",category_organization_semblocked,yard
ROW35227,1918,html-button-response,29,134340,0,P1695,STUDY0008,SESS1297,0,0,category_section_intro,
ROW35228,3585,survey-multi-select,30,137927,0,P1695,STUDY0008,SESS1297,0,"{""Q0"":[""shape""]}",category_organization_semblocked,bidet
ROW35229,3797,survey-multi-select,31,141728,0,P1695,STUDY0008,SESS1297,0,"{""Q0"":[""shape""]}",category_organization_semblocked,llama
ROW35230,3100,survey-multi-select,32,144831,0,P1695,STUDY0008,SESS1297,0,"{""Q0"":[""none of these""]}",category_organization_semblocked,lotion
ROW35231,2693,survey-multi-select,33,147527,0,P1695,STUDY0008,SESS1297,0,"{""Q0"":[""none of these""]}",category_organization_semblocked,lavender
ROW35232,1362,html-button-response,34,148891,0,P1695,STUDY0008,SESS1297,0,0,,
ROW35233,2979,instructions,35,151870,0,P1695,STUDY0008,SESS1297,0,,,
ROW35234,1045,html-button-response,1,3299,0,P1500,STUDY0008,SESS1290,0,0,precautions_survey,
ROW35235,2250,instructions,0,2253,0,P1500,STUDY0008,SESS1290,0,,,
ROW35236,13749,html-button-response,2,17050,0,P1500,STUDY0008,SESS1290,0,0,vocabulary_classification_criteria,
ROW35237,7220,html-button-response,4,30437,0,P1500,STUDY0008,SESS1290,0,0,category_section_intro,
ROW35238,6166,html-button-response,3,23216,0,P1500,STUDY0008,SESS1290,0,0,lavender_instruction,
ROW35239,18481,survey-multi-select,5,48922,0,P1500,STUDY0008,SESS1290,0,"{""Q0"":[""shape""]}",category_organization_semblocked,bicycle
ROW35240,4519,html-button-response,6,53442,0,P1500,STUDY0008,SESS1290,0,0,category_section_intro,
ROW35241,7527,survey-multi-select,7,60971,0,P1500,STUDY0008,SESS1290,0,"{""Q0"":[""shape"",""color""]}",category_organization_semblocked,camel
ROW35242,8434,survey-multi-select,8,69407,0,P1500,STUDY0008,SESS1290,0,"{""Q0"":[""none of these""]}",category_organization_semblocked,fly (animal)
ROW35243,4833,survey-multi-select,9,74242,0,P1500,STUDY0008,SESS1290,0,"{""Q0"":[""shape"",""color""]}",category_organization_semblocked,seal (animal)
ROW35244,5150,survey-multi-select,10,79394,0,P1500,STUDY0008,SESS1290,0,"{""Q0"":[""none of these""]}",category_organization_semblocked,turtle
ROW35245,2423,html-button-response,11,81817,0,P1500,STUDY0008,SESS1290,0,0,category_section_intro,
ROW35246,3477,survey-multi-select,13,88730,0,P1500,STUDY0008,SESS1290,0,"{""Q0"":[""shape"",""color"",""material""]}",category_organization_semblocked,pants
ROW35247,3432,survey-multi-select,12,85251,0,P1500,STUDY0008,SESS1290,0,"{""Q0"":[""shape"",""color"",""material""]}",category_organization_semblocked,overalls
ROW35248,1460,html-button-response,14,90192,0,P1500,STUDY0008,SESS1290,0,0,category_section_intro,
ROW35249,1031,html-button-response,16,100145,0,P1500,STUDY0008,SESS1290,0,0,category_section_intro,
ROW35250,2800,survey-multi-select,17,102946,0,P1500,STUDY0008,SESS1290,0,"{""Q0"":[""shape"",""color""]}",category_organization_semblocked,bread
ROW35251,8920,survey-multi-select,15,99113,0,P1500,STUDY0008,SESS1290,0,"{""Q0"":[""shape"",""material""]}",category_organization_semblocked,tv
ROW35252,7417,survey-multi-select,18,110365,0,P1500,STUDY0008,SESS1290,0,"{""Q0"":[""material""]}",category_organization_semblocked,hamburger
ROW35253,5151,survey-multi-select,19,115517,0,P1500,STUDY0008,SESS1290,0,"{""Q0"":[""shape""]}",category_organization_semblocked,popcorn
ROW35254,1197,html-button-response,20,116715,0,P1500,STUDY0008,SESS1290,0,0,category_section_intro,
ROW35256,3955,survey-multi-select,22,125139,0,P1500,STUDY0008,SESS1290,0,"{""Q0"":[""none of these""]}",category_organization_semblocked,back (body part)
ROW35257,4464,survey-multi-select,21,121181,0,P1500,STUDY0008,SESS1290,0,"{""Q0"":[""none of these""]}",category_organization_semblocked,ankle
ROW35255,4758,html-button-response,23,129897,0,P1500,STUDY0008,SESS1290,0,0,category_section_intro,
ROW35258,5640,survey-multi-select,24,135538,0,P1500,STUDY0008,SESS1290,0,"{""Q0"":[""shape"",""material""]}",category_organization_semblocked,cd
ROW35259,5120,survey-multi-select,25,140661,0,P1500,STUDY0008,SESS1290,0,"{""Q0"":[""shape""]}",category_organization_semblocked,clock
ROW35260,5134,survey-multi-select,26,145796,0,P1500,STUDY0008,SESS1290,0,"{""Q0"":[""color"",""material""]}",category_organization_semblocked,cotton
ROW35261,1831,html-button-response,28,153428,0,P1500,STUDY0008,SESS1290,0,0,category_section_intro,
ROW35262,4100,survey-multi-select,29,157529,0,P1500,STUDY0008,SESS1290,0,"{""Q0"":[""none of these""]}",category_organization_semblocked,basement
ROW35263,5798,survey-multi-select,27,151596,0,P1500,STUDY0008,SESS1290,0,"{""Q0"":[""none of these""]}",category_organization_semblocked,wallet
ROW35264,4596,survey-multi-select,30,162127,0,P1500,STUDY0008,SESS1290,0,"{""Q0"":[""color""]}",category_organization_semblocked,beef
ROW35265,4805,survey-multi-select,31,166934,0,P1500,STUDY0008,SESS1290,0,"{""Q0"":[""none of these""]}",category_organization_semblocked,yum yum
ROW35266,3880,survey-multi-select,32,170816,0,P1500,STUDY0008,SESS1290,0,"{""Q0"":[""color"",""material""]}",category_organization_semblocked,lavender
ROW35267,899,html-button-response,33,171715,0,P1500,STUDY0008,SESS1290,0,0,,
ROW35268,3392,instructions,34,175108,0,P1500,STUDY0008,SESS1290,0,,,
ROW35269,6518,instructions,0,6577,0,P0819,STUDY0008,SESS1310,0,,,
ROW35270,10607,html-button-response,1,17223,0,P0819,STUDY0008,SESS1310,0,0,precautions_survey,
ROW35271,4170,survey-multi-select,5,41370,0,P0819,STUDY0008,SESS1310,0,"{""Q0"":[""material""]}",category_organization_semblocked,drum (object)
ROW35272,6841,html-button-response,4,37146,0,P0819,STUDY0008,SESS1310,0,0,category_section_intro,
ROW35273,4816,html-button-response,3,30279,0,P0819,STUDY0008,SESS1310,0,0,lavender_instruction,
ROW35274,8224,html-button-response,2,25454,0,P0819,STUDY0008,SESS1310,0,0,vocabulary_classification_criteria,
ROW35275,7153,survey-multi-select,6,48530,0,P0819,STUDY0008,SESS1310,0,"{""Q0"":[""material""]}",category_organization_semblocked,painting
ROW35276,6927,survey-multi-select,8,59389,0,P0819,STUDY0008,SESS1310,0,"{""Q0"":[""none of these""]}",category_organization_semblocked,duck
ROW35277,4511,survey-multi-select,9,63904,0,P0819,STUDY0008,SESS1310,0,"{""Q0"":[""none of these""]}",category_organization_semblocked,worm
ROW35279,1293,html-button-response,10,65199,0,P0819,STUDY0008,SESS1310,0,0,category_section_intro,
ROW35278,3927,html-button-response,7,52459,0,P0819,STUDY0008,SESS1310,0,0,category_section_intro,
ROW35280,6886,survey-multi-select,11,72087,0,P0819,STUDY0008,SESS1310,0,"{""Q0"":[""none of these""]}",category_organization_semblocked,apron
ROW35281,3085,survey-multi-select,12,75174,0,P0819,STUDY0008,SESS1310,0,"{""Q0"":[""none of these""]}",category_organization_semblocked,diaper
ROW35282,2816,survey-multi-select,13,77991,0,P0819,STUDY0008,SESS1310,0,"{""Q0"":[""none of these""]}",category_organization_semblocked,jeans
ROW35283,2291,survey-multi-select,14,80285,0,P0819,STUDY0008,SESS1310,0,"{""Q0"":[""none of these""]}",category_organization_semblocked,raincoat
ROW35284,3637,survey-multi-select,16,85210,0,P0819,STUDY0008,SESS1310,0,"{""Q0"":[""none of these""]}",category_organization_semblocked,closet
ROW35285,3273,survey-multi-select,17,88484,0,P0819,STUDY0008,SESS1310,0,"{""Q0"":[""none of these""]}",category_organization_semblocked,closet
ROW35286,1284,html-button-response,15,81571,0,P0819,STUDY0008,SESS1310,0,0,category_section_intro,
ROW35287,3577,survey-multi-select,18,92062,0,P0819,STUDY0008,SESS1310,0,"{""Q0"":[""none of these""]}",category_organization_semblocked,drawer
ROW35288,1531,html-button-response,19,93594,0,P0819,STUDY0008,SESS1310,0,0,category_section_intro,
ROW35289,2650,survey-multi-select,20,96245,0,P0819,STUDY0008,SESS1310,0,"{""Q0"":[""none of these""]}",category_organization_semblocked,beet
ROW35290,4443,survey-multi-select,21,100689,0,P0819,STUDY0008,SESS1310,0,"{""Q0"":[""none of these""]}",category_organization_semblocked,coke
ROW35291,1050,html-button-response,22,101740,0,P0819,STUDY0008,SESS1310,0,0,category_section_intro,
ROW35292,3525,survey-multi-select,24,109344,0,P0819,STUDY0008,SESS1310,0,"{""Q0"":[""none of these""]}",category_organization_semblocked,forehead
ROW35293,4076,survey-multi-select,23,105818,0,P0819,STUDY0008,SESS1310,0,"{""Q0"":[""none of these""]}",category_organization_semblocked,brain
ROW35294,1250,html-button-response,25,110596,0,P0819,STUDY0008,SESS1310,0,0,category_section_intro,
ROW35295,3340,survey-multi-select,26,113938,0,P0819,STUDY0008,SESS1310,0,"{""Q0"":[""none of these""]}",category_organization_semblocked,birch
ROW35296,2816,survey-multi-select,27,116755,0,P0819,STUDY0008,SESS1310,0,"{""Q0"":[""none of these""]}",category_organization_semblocked,coconut
ROW35297,3158,survey-multi-select,28,119915,0,P0819,STUDY0008,SESS1310,0,"{""Q0"":[""none of these""]}",category_organization_semblocked,football
ROW35298,3280,survey-multi-select,29,123196,0,P0819,STUDY0008,SESS1310,0,"{""Q0"":[""none of these""]}",category_organization_semblocked,party
ROW35299,2982,survey-multi-select,30,126180,0,P0819,STUDY0008,SESS1310,0,"{""Q0"":[""none of these""]}",category_organization_semblocked,suburb
ROW35300,2387,survey-multi-select,31,128568,0,P0819,STUDY0008,SESS1310,0,"{""Q0"":[""none of these""]}",category_organization_semblocked,lavender
ROW35301,1665,html-button-response,32,130240,0,P0819,STUDY0008,SESS1310,0,0,,
ROW35302,3543,instructions,33,133783,0,P0819,STUDY0008,SESS1310,0,,,
ROW35303,2074,instructions,0,2077,0,P1538,STUDY0008,SESS1308,0,,,
ROW35304,11670,html-button-response,2,20402,0,P1538,STUDY0008,SESS1308,0,0,vocabulary_classification_criteria,
ROW35305,6651,html-button-response,1,8731,0,P1538,STUDY0008,SESS1308,0,0,precautions_survey,
ROW35306,4103,html-button-response,4,28207,0,P1538,STUDY0008,SESS1308,0,0,category_section_intro,
ROW35307,3699,html-button-response,3,24103,0,P1538,STUDY0008,SESS1308,0,0,lavender_instruction,
ROW35308,4357,survey-multi-select,5,32569,0,P1538,STUDY0008,SESS1308,0,"{""Q0"":[""shape""]}",category_organization_semblocked,ball
ROW35309,1388,html-button-response,8,43782,0,P1538,STUDY0008,SESS1308,0,0,category_section_intro,
ROW35310,5679,survey-multi-select,6,38250,0,P1538,STUDY0008,SESS1308,0,"{""Q0"":[""none of these""]}",category_organization_semblocked,guitar
ROW35311,4142,survey-multi-select,7,42394,0,P1538,STUDY0008,SESS1308,0,"{""Q0"":[""none of these""]}",category_organization_semblocked,story
ROW35312,8033,survey-multi-select,9,51817,0,P1538,STUDY0008,SESS1308,0,"{""Q0"":[""none of these""]}",category_organization_semblocked,bird
ROW35313,4939,survey-multi-select,10,56758,0,P1538,STUDY0008,SESS1308,0,"{""Q0"":[""none of these""]}",category_organization_semblocked,horse
ROW35314,3846,survey-multi-select,11,60608,0,P1538,STUDY0008,SESS1308,0,"{""Q0"":[""color""]}",category_organization_semblocked,zebra
ROW35315,14291,survey-multi-select,13,76687,0,P1538,STUDY0008,SESS1308,0,"{""Q0"":[""shape""]}",category_organization_semblocked,coffee table
ROW35316,1785,html-button-response,12,62394,0,P1538,STUDY0008,SESS1308,0,0,category_section_intro,
ROW35317,7301,survey-multi-select,14,83990,0,P1538,STUDY0008,SESS1308,0,"{""Q0"":[""none of these""]}",category_organization_semblocked,porch
ROW35318,2078,html-button-response,15,86070,0,P1538,STUDY0008,SESS1308,0,0,category_section_intro,
ROW35319,4245,survey-multi-select,16,90318,0,P1538,STUDY0008,SESS1308,0,"{""Q0"":[""material""]}",category_organization_semblocked,cake
ROW35320,6682,survey-multi-select,17,97003,0,P1538,STUDY0008,SESS1308,0,"{""Q0"":[""color"",""material""]}",category_organization_semblocked,chocolate
ROW35321,1038,html-button-response,19,101594,0,P1538,STUDY0008,SESS1308,0,0,category_section_intro,
ROW35322,3549,survey-multi-select,18,100555,0,P1538,STUDY0008,SESS1308,0,"{""Q0"":[""material""]}",category_organization_semblocked,meat
ROW35323,3634,survey-multi-select,20,105230,0,P1538,STUDY0008,SESS1308,0,"{""Q0"":[""shape""]}",category_organization_semblocked,breast
ROW35324,903,html-button-response,22,114942,0,P1538,STUDY0008,SESS1308,0,0,category_section_intro,
ROW35325,8806,survey-multi-select,21,114038,0,P1538,STUDY0008,SESS1308,0,"{""Q0"":[""shape""]}",category_organization_semblocked,finger
ROW35326,2798,survey-multi-select,23,117743,0,P1538,STUDY0008,SESS1308,0,"{""Q0"":[""shape""]}",category_organization_semblocked,hammer
ROW35327,3660,survey-multi-select,24,121405,0,P1538,STUDY0008,SESS1308,0,"{""Q0"":[""material""]}",category_organization_semblocked,towel
ROW35328,825,html-button-response,25,122231,0,P1538,STUDY0008,SESS1308,0,0,category_section_intro,
ROW35329,6587,survey-multi-select,26,128820,0,P1538,STUDY0008,SESS1308,0,"{""Q0"":[""shape""]}",category_organization_semblocked,bank
ROW35330,1288,html-button-response,28,138016,0,P1538,STUDY0008,SESS1308,0,0,category_section_intro,
ROW35331,7905,survey-multi-select,27,136727,0,P1538,STUDY0008,SESS1308,0,"{""Q0"":[""none of these""]}",category_organization_semblocked,sprinkler
ROW35332,10461,survey-multi-select,29,148479,0,P1538,STUDY0008,SESS1308,0,"{""Q0"":[""none of these""]}",category_organization_semblocked,guinea pig
ROW35333,3616,survey-multi-select,30,152098,0,P1538,STUDY0008,SESS1308,0,"{""Q0"":[""none of these""]}",category_organization_semblocked,reindeer
ROW35334,4226,survey-multi-select,31,156327,0,P1538,STUDY0008,SESS1308,0,"{""Q0"":[""shape""]}",category_organization_semblocked,tram
ROW35335,3146,instructions,34,162950,0,P1538,STUDY0008,SESS1308,0,,,
ROW35336,2091,survey-multi-select,32,158421,0,P1538,STUDY0008,SESS1308,0,"{""Q0"":[""none of these""]}",category_organization_semblocked,lavender
ROW35337,1380,html-button-response,33,159803,0,P1538,STUDY0008,SESS1308,0,0,,
ROW35338,5327,instructions,0,5331,0,P0908,STUDY0008,SESS1316,0,,,
ROW35339,1337,html-button-response,1,6669,0,P0908,STUDY0008,SESS1316,0,0,precautions_survey,
ROW35340,1519,html-button-response,2,8190,0,P0908,STUDY0008,SESS1316,0,0,vocabulary_classification_criteria,
ROW35341,3102,html-button-response,3,11293,0,P0908,STUDY0008,SESS1316,0,0,lavender_instruction,
ROW35342,1592,html-button-response,4,12886,0,P0908,STUDY0008,SESS1316,0,0,category_section_intro,
ROW35343,4026,survey-multi-select,5,16915,0,P0908,STUDY0008,SESS1316,0,"{""Q0"":[""color"",""material""]}",category_organization_semblocked,crayon
ROW35344,6014,survey-multi-select,6,22931,0,P0908,STUDY0008,SESS1316,0,"{""Q0"":[""shape"",""material""]}",category_organization_semblocked,notebook
ROW35345,1213,html-button-response,7,24144,0,P0908,STUDY0008,SESS1316,0,0,category_section_intro,
ROW35346,4539,survey-multi-select,8,28685,0,P0908,STUDY0008,SESS1316,0,"{""Q0"":[""none of these""]}",category_organization_semblocked,rooster
ROW35347,3006,survey-multi-select,11,34604,0,P0908,STUDY0008,SESS1316,0,"{""Q0"":[""material""]}",category_organization_semblocked,jacket
ROW35348,2009,survey-multi-select,9,30696,0,P0908,STUDY0008,SESS1316,0,"{""Q0"":[""none of these""]}",category_organization_semblocked,stork
ROW35349,900,html-button-response,10,31597,0,P0908,STUDY0008,SESS1316,0,0,category_section_intro,
ROW35350,2084,survey-multi-select,12,36689,0,P0908,STUDY0008,SESS1316,0,"{""Q0"":[""material""]}",category_organization_semblocked,shorts
ROW35351,3030,survey-multi-select,13,39721,0,P0908,STUDY0008,SESS1316,0,"{""Q0"":[""shape"",""material""]}",category_organization_semblocked,zipper
ROW35352,720,html-button-response,14,40442,0,P0908,STUDY0008,SESS1316,0,0,category_section_intro,
ROW35353,3178,survey-multi-select,15,43620,0,P0908,STUDY0008,SESS1316,0,"{""Q0"":[""shape"",""material""]}",category_organization_semblocked,cupboard
ROW35354,633,html-button-response,16,44254,0,P0908,STUDY0008,SESS1316,0,0,category_section_intro,
ROW35355,4227,survey-multi-select,17,48482,0,P0908,STUDY0008,SESS1316,0,"{""Q0"":[""shape"",""color""]}",category_organization_semblocked,cottage cheese
ROW35356,4960,survey-multi-select,18,53443,0,P0908,STUDY0008,SESS1316,0,"{""Q0"":[""none of these""]}",category_organization_semblocked,ham
ROW35357,2814,survey-multi-select,19,56259,0,P0908,STUDY0008,SESS1316,0,"{""Q0"":[""shape"",""color""]}",category_organization_semblocked,popsicle
ROW35358,4840,survey-multi-select,20,61100,0,P0908,STUDY0008,SESS1316,0,"{""Q0"":[""color"",""material""]}",category_organization_semblocked,yogurt
ROW35359,664,html-button-response,21,61765,0,P0908,STUDY0008,SESS1316,0,0,category_section_intro,
ROW35360,2803,survey-multi-select,22,64569,0,P0908,STUDY0008,SESS1316,0,"{""Q0"":[""shape"",""color"",""material""]}",category_organization_semblocked,eye
ROW35361,2985,survey-multi-select,23,67555,0,P0908,STUDY0008,SESS1316,0,"{""Q0"":[""shape"",""color"",""material""]}",category_organization_semblocked,eye
ROW35362,4020,survey-multi-select,24,71577,0,P0908,STUDY0008,SESS1316,0,"{""Q0"":[""shape"",""material""]}",category_organization_semblocked,palm
ROW35363,719,html-button-response,25,72297,0,P0908,STUDY0008,SESS1316,0,0,category_section_intro,
ROW35364,3889,survey-multi-select,26,76188,0,P0908,STUDY0008,SESS1316,0,"{""Q0"":[""shape"",""material""]}",category_organization_semblocked,bandaid
ROW35365,3589,survey-multi-select,27,79778,0,P0908,STUDY0008,SESS1316,0,"{""Q0"":[""shape"",""material""]}",category_organization_semblocked,knife
ROW35366,3053,survey-multi-select,28,82832,0,P0908,STUDY0008,SESS1316,0,"{""Q0"":[""shape"",""material""]}",category_organization_semblocked,trash can
ROW35367,634,html-button-response,29,83466,0,P0908,STUDY0008,SESS1316,0,0,category_section_intro,
ROW35368,575,html-button-response,31,89074,0,P0908,STUDY0008,SESS1316,0,0,category_section_intro,
ROW35369,5031,survey-multi-select,30,88498,0,P0908,STUDY0008,SESS1316,0,"{""Q0"":[""shape"",""color"",""material""]}",category_organization_semblocked,flag
ROW35370,2053,survey-multi-select,32,91128,0,P0908,STUDY0008,SESS1316,0,"{""Q0"":[""shape""]}",category_organization_semblocked,llama
ROW35371,1324,survey-multi-select,33,92454,0,P0908,STUDY0008,SESS1316,0,"{""Q0"":[""none of these""]}",category_organization_semblocked,lavender
ROW35372,715,html-button-response,34,93170,0,P0908,STUDY0008,SESS1316,0,0,,
ROW35373,1170,instructions,35,94340,0,P0908,STUDY0008,SESS1316,0,,,
ROW35374,5417,instructions,0,5420,0,P0164,STUDY0008,SESS1313,0,,,
ROW35375,4046,html-button-response,1,9468,0,P0164,STUDY0008,SESS1313,0,0,precautions_survey,
ROW35376,13358,html-button-response,2,22827,0,P0164,STUDY0008,SESS1313,0,0,vocabulary_classification_criteria,
ROW35377,4402,html-button-response,3,27230,0,P0164,STUDY0008,SESS1313,0,0,lavender_instruction,
ROW35378,5537,survey-multi-select,5,42868,0,P0164,STUDY0008,SESS1313,0,"{""Q0"":[""shape"",""color""]}",category_organization_semblocked,dragonfly
ROW35379,10092,html-button-response,4,37323,0,P0164,STUDY0008,SESS1313,0,0,category_section_intro,
ROW35380,3327,survey-multi-select,7,47904,0,P0164,STUDY0008,SESS1313,0,"{""Q0"":[""shape""]}",category_organization_semblocked,pocket
ROW35381,1705,html-button-response,6,44575,0,P0164,STUDY0008,SESS1313,0,0,category_section_intro,
ROW35382,1967,html-button-response,8,49872,0,P0164,STUDY0008,SESS1313,0,0,category_section_intro,
ROW35383,3440,survey-multi-select,9,53315,0,P0164,STUDY0008,SESS1313,0,"{""Q0"":[""shape"",""color""]}",category_organization_semblocked,air conditioner
ROW35384,5408,survey-multi-select,10,58725,0,P0164,STUDY0008,SESS1313,0,"{""Q0"":[""shape""]}",category_organization_semblocked,computer
ROW35385,4033,survey-multi-select,11,62749,0,P0164,STUDY0008,SESS1313,0,"{""Q0"":[""shape"",""material""]}",category_organization_semblocked,radiator
ROW35386,3490,survey-multi-select,13,67510,0,P0164,STUDY0008,SESS1313,0,"{""Q0"":[""shape"",""color"",""material""]}",category_organization_semblocked,cherry
ROW35387,4773,survey-multi-select,14,72286,0,P0164,STUDY0008,SESS1313,0,"{""Q0"":[""shape"",""material""]}",category_organization_semblocked,chips
ROW35388,1269,html-button-response,12,64019,0,P0164,STUDY0008,SESS1313,0,0,category_section_intro,
ROW35389,5055,survey-multi-select,15,77343,0,P0164,STUDY0008,SESS1313,0,"{""Q0"":[""color"",""material""]}",category_organization_semblocked,milk
ROW35390,5253,survey-multi-select,16,82597,0,P0164,STUDY0008,SESS1313,0,"{""Q0"":[""material""]}",category_organization_semblocked,quesadilla
ROW35391,4414,survey-multi-select,17,87013,0,P0164,STUDY0008,SESS1313,0,"{""Q0"":[""shape"",""color"",""material""]}",category_organization_semblocked,sprouts
ROW35392,1719,html-button-response,18,88734,0,P0164,STUDY0008,SESS1313,0,0,category_section_intro,
ROW35393,2869,survey-multi-select,19,91604,0,P0164,STUDY0008,SESS1313,0,"{""Q0"":[""shape"",""color""]}",category_organization_semblocked,eyelash
ROW35394,4540,survey-multi-select,20,96147,0,P0164,STUDY0008,SESS1313,0,"{""Q0"":[""shape"",""color"",""material""]}",category_organization_semblocked,nail (finger)
ROW35395,1685,html-button-response,21,97833,0,P0164,STUDY0008,SESS1313,0,0,category_section_intro,
ROW35396,3962,survey-multi-select,22,101797,0,P0164,STUDY0008,SESS1313,0,"{""Q0"":[""shape""]}",category_organization_semblocked,bucket
ROW35397,2857,survey-multi-select,23,104656,0,P0164,STUDY0008,SESS1313,0,"{""Q0"":[""shape""]}",category_organization_semblocked,phone
ROW35398,2409,survey-multi-select,24,107067,0,P0164,STUDY0008,SESS1313,0,"{""Q0"":[""shape""]}",category_organization_semblocked,piano
ROW35399,881,html-button-response,25,107949,0,P0164,STUDY0008,SESS1313,0,0,category_section_intro,
ROW35400,7045,survey-multi-select,26,114995,0,P0164,STUDY0008,SESS1313,0,"{""Q0"":[""none of these""]}",category_organization_semblocked,backyard
ROW35401,2976,survey-multi-select,27,117972,0,P0164,STUDY0008,SESS1313,0,"{""Q0"":[""shape""]}",category_organization_semblocked,sprinkler
ROW35402,1029,html-button-response,28,118991,0,P0164,STUDY0008,SESS1313,0,0,category_section_intro,
ROW35403,5570,survey-multi-select,29,124563,0,P0164,STUDY0008,SESS1313,0,"{""Q0"":[""shape"",""material""]}",category_organization_semblocked,beach
ROW35404,3038,survey-multi-select,30,127603,0,P0164,STUDY0008,SESS1313,0,"{""Q0"":[""shape""]}",category_organization_semblocked,blender
ROW35405,2601,survey-multi-select,31,130207,0,P0164,STUDY0008,SESS1313,0,"{""Q0"":[""shape"",""material""]}",category_organization_semblocked,machete
ROW35406,2078,survey-multi-select,32,132286,0,P0164,STUDY0008,SESS1313,0,"{""Q0"":[""none of these""]}",category_organization_semblocked,lavender
ROW35407,874,html-button-response,33,133161,0,P0164,STUDY0008,SESS1313,0,0,,
ROW35408,2749,instructions,34,135911,0,P0164,STUDY0008,SESS1313,0,,,
ROW35409,6264,instructions,0,6266,0,P1805,STUDY0008,SESS1304,0,,,
ROW35410,12708,html-button-response,2,36699,0,P1805,STUDY0008,SESS1304,0,0,vocabulary_classification_criteria,
ROW35411,17724,html-button-response,1,23991,0,P1805,STUDY0008,SESS1304,0,0,precautions_survey,
ROW35412,3600,html-button-response,3,40300,0,P1805,STUDY0008,SESS1304,0,0,lavender_instruction,
ROW35413,6269,survey-multi-select,5,51927,0,P1805,STUDY0008,SESS1304,0,"{""Q0"":[""shape"",""material""]}",category_organization_semblocked,drum (object)
ROW35414,5356,html-button-response,4,45657,0,P1805,STUDY0008,SESS1304,0,0,category_section_intro,
ROW35415,6035,survey-multi-select,6,57963,0,P1805,STUDY0008,SESS1304,0,"{""Q0"":[""none of these""]}",category_organization_semblocked,music
ROW35416,2707,html-button-response,7,60672,0,P1805,STUDY0008,SESS1304,0,0,category_section_intro,
ROW35417,5961,survey-multi-select,11,87133,0,P1805,STUDY0008,SESS1304,0,"{""Q0"":[""shape"",""color""]}",category_organization_semblocked,zebra
ROW35418,6117,survey-multi-select,10,81171,0,P1805,STUDY0008,SESS1304,0,"{""Q0"":[""shape"",""color""]}",category_organization_semblocked,owl
ROW35419,9878,survey-multi-select,8,70550,0,P1805,STUDY0008,SESS1304,0,"{""Q0"":[""shape""]}",category_organization_semblocked,clam
ROW35420,4501,survey-multi-select,9,75053,0,P1805,STUDY0008,SESS1304,0,"{""Q0"":[""shape"",""color""]}",category_organization_semblocked,insect
ROW35421,2902,html-button-response,12,90035,0,P1805,STUDY0008,SESS1304,0,0,category_section_intro,
ROW35422,4103,survey-multi-select,13,94139,0,P1805,STUDY0008,SESS1304,0,"{""Q0"":[""shape"",""color"",""material""]}",category_organization_semblocked,button
ROW35423,3449,html-button-response,15,101473,0,P1805,STUDY0008,SESS1304,0,0,category_section_intro,
ROW35424,3883,survey-multi-select,14,98024,0,P1805,STUDY0008,SESS1304,0,"{""Q0"":[""shape"",""color"",""material""]}",category_organization_semblocked,glove
ROW35425,3845,survey-multi-select,16,105319,0,P1805,STUDY0008,SESS1304,0,"{""Q0"":[""shape"",""material""]}",category_organization_semblocked,balcony
ROW35426,4688,survey-multi-select,17,110009,0,P1805,STUDY0008,SESS1304,0,"{""Q0"":[""shape"",""material""]}",category_organization_semblocked,faucet
ROW35427,3711,survey-multi-select,18,113721,0,P1805,STUDY0008,SESS1304,0,"{""Q0"":[""shape"",""color"",""material""]}",category_organization_semblocked,hair dryer
ROW35428,3705,survey-multi-select,19,117427,0,P1805,STUDY0008,SESS1304,0,"{""Q0"":[""shape"",""color"",""material""]}",category_organization_semblocked,living room
ROW35429,1213,html-button-response,20,118640,0,P1805,STUDY0008,SESS1304,0,0,category_section_intro,
ROW35430,3331,survey-multi-select,21,121972,0,P1805,STUDY0008,SESS1304,0,"{""Q0"":[""shape"",""color""]}",category_organization_semblocked,cucumber
ROW35431,2729,survey-multi-select,22,124702,0,P1805,STUDY0008,SESS1304,0,"{""Q0"":[""shape"",""color""]}",category_organization_semblocked,pickle
ROW35432,1365,html-button-response,23,126067,0,P1805,STUDY0008,SESS1304,0,0,category_section_intro,
ROW35433,3089,survey-multi-select,24,129157,0,P1805,STUDY0008,SESS1304,0,"{""Q0"":[""shape"",""color""]}",category_organization_semblocked,finger
ROW35434,1236,html-button-response,26,134255,0,P1805,STUDY0008,SESS1304,0,0,category_section_intro,
ROW35435,3861,survey-multi-select,25,133019,0,P1805,STUDY0008,SESS1304,0,"{""Q0"":[""shape"",""color""]}",category_organization_semblocked,knee
ROW35436,6511,survey-multi-select,29,151022,0,P1805,STUDY0008,SESS1304,0,"{""Q0"":[""shape"",""color"",""material""]}",category_organization_semblocked,sand
ROW35437,4846,survey-multi-select,27,139102,0,P1805,STUDY0008,SESS1304,0,"{""Q0"":[""color""]}",category_organization_semblocked,mud
ROW35438,5406,survey-multi-select,28,144510,0,P1805,STUDY0008,SESS1304,0,"{""Q0"":[""shape"",""color"",""material""]}",category_organization_semblocked,road
ROW35439,1813,html-button-response,30,152835,0,P1805,STUDY0008,SESS1304,0,0,category_section_intro,
ROW35440,4498,survey-multi-select,31,157334,0,P1805,STUDY0008,SESS1304,0,"{""Q0"":[""shape""]}",category_organization_semblocked,letter
ROW35441,2144,survey-multi-select,32,159478,0,P1805,STUDY0008,SESS1304,0,"{""Q0"":[""none of these""]}",category_organization_semblocked,lavender
ROW35442,21281,instructions,34,181967,0,P1805,STUDY0008,SESS1304,0,,,
ROW35443,1207,html-button-response,33,160686,0,P1805,STUDY0008,SESS1304,0,0,,
ROW35444,84749,html-button-response,1,90754,0,P1732,STUDY0008,SESS1298,0,0,precautions_survey,
ROW35445,6000,instructions,0,6002,0,P1732,STUDY0008,SESS1298,0,,,
ROW35446,3081,html-button-response,3,108158,0,P1732,STUDY0008,SESS1298,0,0,lavender_instruction,
ROW35447,5547,survey-multi-select,5,120215,0,P1732,STUDY0008,SESS1298,0,"{""Q0"":[""none of these""]}",category_organization_semblocked,wolf
ROW35448,14320,html-button-response,2,105075,0,P1732,STUDY0008,SESS1298,0,0,vocabulary_classification_criteria,
ROW35449,6501,html-button-response,4,114663,0,P1732,STUDY0008,SESS1298,0,0,category_section_intro,
ROW35450,2941,survey-multi-select,6,123159,0,P1732,STUDY0008,SESS1298,0,"{""Q0"":[""none of these""]}",category_organization_semblocked,zebra
ROW35451,4693,survey-multi-select,8,134268,0,P1732,STUDY0008,SESS1298,0,"{""Q0"":[""shape"",""color"",""material""]}",category_organization_semblocked,computer
ROW35452,6411,html-button-response,7,129572,0,P1732,STUDY0008,SESS1298,0,0,category_section_intro,
ROW35453,4825,survey-multi-select,10,140900,0,P1732,STUDY0008,SESS1298,0,"{""Q0"":[""shape"",""color""]}",category_organization_semblocked,carrot
ROW35454,1801,html-button-response,9,136071,0,P1732,STUDY0008,SESS1298,0,0,category_section_intro,
ROW35455,2306,survey-multi-select,11,143210,0,P1732,STUDY0008,SESS1298,0,"{""Q0"":[""shape"",""color""]}",category_organization_semblocked,cucumber
ROW35456,4367,survey-multi-select,12,147580,0,P1732,STUDY0008,SESS1298,0,"{""Q0"":[""color""]}",category_organization_semblocked,flour
ROW35457,3339,survey-multi-select,14,153778,0,P1732,STUDY0008,SESS1298,0,"{""Q0"":[""shape"",""color""]}",category_organization_semblocked,ice cream
ROW35458,2854,survey-multi-select,13,150437,0,P1732,STUDY0008,SESS1298,0,"{""Q0"":[""shape"",""color""]}",category_organization_semblocked,green beans
ROW35459,2432,survey-multi-select,18,166641,0,P1732,STUDY0008,SESS1298,0,"{""Q0"":[""shape"",""color""]}",category_organization_semblocked,sausage
ROW35460,2114,survey-multi-select,16,160059,0,P1732,STUDY0008,SESS1298,0,"{""Q0"":[""shape"",""color""]}",category_organization_semblocked,pomegranate
ROW35461,4162,survey-multi-select,15,157942,0,P1732,STUDY0008,SESS1298,0,"{""Q0"":[""color""]}",category_organization_semblocked,kefir
ROW35462,4143,survey-multi-select,17,164205,0,P1732,STUDY0008,SESS1298,0,"{""Q0"":[""color""]}",category_organization_semblocked,puree
ROW35463,2327,survey-multi-select,19,168970,0,P1732,STUDY0008,SESS1298,0,"{""Q0"":[""color""]}",category_organization_semblocked,sour cream
ROW35464,3533,survey-multi-select,20,172505,0,P1732,STUDY0008,SESS1298,0,"{""Q0"":[""shape"",""color""]}",category_organization_semblocked,tuna
ROW35465,1281,html-button-response,21,173788,0,P1732,STUDY0008,SESS1298,0,0,category_section_intro,
ROW35466,983,html-button-response,24,184711,0,P1732,STUDY0008,SESS1298,0,0,category_section_intro,
ROW35467,5812,survey-multi-select,23,183727,0,P1732,STUDY0008,SESS1298,0,"{""Q0"":[""shape"",""color""]}",category_organization_semblocked,brain
ROW35468,4123,survey-multi-select,22,177913,0,P1732,STUDY0008,SESS1298,0,"{""Q0"":[""shape"",""color""]}",category_organization_semblocked,body
ROW35469,5054,survey-multi-select,26,193864,0,P1732,STUDY0008,SESS1298,0,"{""Q0"":[""color""]}",category_organization_semblocked,grass
ROW35470,4096,survey-multi-select,25,188808,0,P1732,STUDY0008,SESS1298,0,"{""Q0"":[""shape"",""color"",""material""]}",category_organization_semblocked,fireplace
ROW35471,4279,survey-multi-select,27,198146,0,P1732,STUDY0008,SESS1298,0,"{""Q0"":[""shape"",""color""]}",category_organization_semblocked,sun
ROW35472,1369,html-button-response,30,206064,0,P1732,STUDY0008,SESS1298,0,0,,
ROW35473,4770,survey-multi-select,28,202918,0,P1732,STUDY0008,SESS1298,0,"{""Q0"":[""color""]}",category_organization_semblocked,waves
ROW35474,1774,survey-multi-select,29,204694,0,P1732,STUDY0008,SESS1298,0,"{""Q0"":[""none of these""]}",category_organization_semblocked,lavender
ROW35475,2345,instructions,31,208411,0,P1732,STUDY0008,SESS1298,0,,,
ROW35476,4213,html-button-response,4,66859,0,P0934,STUDY0008,SESS1300,0,0,category_section_intro,
ROW35477,32621,html-button-response,2,60269,0,P0934,STUDY0008,SESS1300,0,0,vocabulary_classification_criteria,
ROW35478,3159,instructions,0,3162,0,P0934,STUDY0008,SESS1300,0,,,
ROW35479,2372,html-button-response,3,62643,0,P0934,STUDY0008,SESS1300,0,0,lavender_instruction,
ROW35480,24488,html-button-response,1,27654,0,P0934,STUDY0008,SESS1300,0,0,precautions_survey,
ROW35481,15131,survey-multi-select,5,81996,0,P0934,STUDY0008,SESS1300,0,"{""Q0"":[""shape""]}",category_organization_semblocked,cow
ROW35482,20405,survey-multi-select,6,102407,0,P0934,STUDY0008,SESS1300,0,"{""Q0"":[""shape"",""material""]}",category_organization_semblocked,moose
ROW35483,6956,survey-multi-select,7,109358,0,P0934,STUDY0008,SESS1300,0,"{""Q0"":[""shape"",""material""]}",category_organization_semblocked,rabbit
ROW35484,6260,html-button-response,8,115621,0,P0934,STUDY0008,SESS1300,0,0,category_section_intro,
ROW35485,6699,survey-multi-select,9,122325,0,P0934,STUDY0008,SESS1300,0,"{""Q0"":[""color"",""material""]}",category_organization_semblocked,cupboard
ROW35486,4042,survey-multi-select,10,126371,0,P0934,STUDY0008,SESS1300,0,"{""Q0"":[""color"",""material""]}",category_organization_semblocked,stairs
ROW35487,1258,html-button-response,11,127631,0,P0934,STUDY0008,SESS1300,0,0,category_section_intro,
ROW35488,7728,survey-multi-select,13,141474,0,P0934,STUDY0008,SESS1300,0,"{""Q0"":[""shape""]}",category_organization_semblocked,croissant
ROW35489,6109,survey-multi-select,12,133743,0,P0934,STUDY0008,SESS1300,0,"{""Q0"":[""shape"",""color"",""material""]}",category_organization_semblocked,chips
ROW35490,2607,survey-multi-select,15,146093,0,P0934,STUDY0008,SESS1300,0,"{""Q0"":[""color""]}",category_organization_semblocked,beard
ROW35491,4371,survey-multi-select,16,150468,0,P0934,STUDY0008,SESS1300,0,"{""Q0"":[""shape""]}",category_organization_semblocked,butt
ROW35492,2007,html-button-response,14,143483,0,P0934,STUDY0008,SESS1300,0,0,category_section_intro,
ROW35493,1016,html-button-response,17,151486,0,P0934,STUDY0008,SESS1300,0,0,category_section_intro,
ROW35494,5127,survey-multi-select,18,156617,0,P0934,STUDY0008,SESS1300,0,"{""Q0"":[""shape"",""color"",""material""]}",category_organization_semblocked,cup
ROW35495,3847,survey-multi-select,19,160466,0,P0934,STUDY0008,SESS1300,0,"{""Q0"":[""shape""]}",category_organization_semblocked,glass
ROW35496,3834,survey-multi-select,21,168232,0,P0934,STUDY0008,SESS1300,0,"{""Q0"":[""color"",""material""]}",category_organization_semblocked,toothbrush
ROW35497,3934,survey-multi-select,20,164403,0,P0934,STUDY0008,SESS1300,0,"{""Q0"":[""color"",""material""]}",category_organization_semblocked,plate
ROW35498,4306,survey-multi-select,22,172541,0,P0934,STUDY0008,SESS1300,0,"{""Q0"":[""color"",""material""]}",category_organization_semblocked,toothbrush
ROW35499,7697,survey-multi-select,23,180241,0,P0934,STUDY0008,SESS1300,0,"{""Q0"":[""color"",""material""]}",category_organization_semblocked,video
ROW35500,1756,html-button-response,24,181999,0,P0934,STUDY0008,SESS1300,0,0,category_section_intro,
ROW35501,4639,survey-multi-select,25,186642,0,P0934,STUDY0008,SESS1300,0,"{""Q0"":[""color"",""material""]}",category_organization_semblocked,shed
ROW35502,4821,survey-multi-select,26,191465,0,P0934,STUDY0008,SESS1300,0,"{""Q0"":[""color""]}",category_organization_semblocked,sun
ROW35503,2296,html-button-response,27,193762,0,P0934,STUDY0008,SESS1300,0,0,category_section_intro,
ROW35504,3722,survey-multi-select,28,197487,0,P0934,STUDY0008,SESS1300,0,"{""Q0"":[""shape"",""color""]}",category_organization_semblocked,coconut
ROW35505,3725,survey-multi-select,29,201215,0,P0934,STUDY0008,SESS1300,0,"{""Q0"":[""shape"",""color""]}",category_organization_semblocked,eraser
ROW35506,6580,survey-multi-select,30,207799,0,P0934,STUDY0008,SESS1300,0,"{""Q0"":[""shape""]}",category_organization_semblocked,reindeer
ROW35507,1970,survey-multi-select,31,209772,0,P0934,STUDY0008,SESS1300,0,"{""Q0"":[""none of these""]}",category_organization_semblocked,lavender
ROW35508,794,html-button-response,32,210568,0,P0934,STUDY0008,SESS1300,0,0,,
ROW35509,2481,instructions,33,213050,0,P0934,STUDY0008,SESS1300,0,,,
ROW35510,9393,instructions,0,9395,0,P1608,STUDY0008,SESS1311,0,,,
ROW35511,6233,html-button-response,1,15630,0,P1608,STUDY0008,SESS1311,0,0,precautions_survey,
ROW35512,5880,html-button-response,4,44959,0,P1608,STUDY0008,SESS1311,0,0,category_section_intro,
ROW35513,14728,html-button-response,2,30358,0,P1608,STUDY0008,SESS1311,0,0,vocabulary_classification_criteria,
ROW35514,8719,html-button-response,3,39078,0,P1608,STUDY0008,SESS1311,0,0,lavender_instruction,
ROW35515,8535,survey-multi-select,5,53496,0,P1608,STUDY0008,SESS1311,0,"{""Q0"":[""color""]}",category_organization_semblocked,cow
ROW35516,2856,survey-multi-select,6,56355,0,P1608,STUDY0008,SESS1311,0,"{""Q0"":[""color""]}",category_organization_semblocked,ladybug
ROW35517,3354,survey-multi-select,7,59708,0,P1608,STUDY0008,SESS1311,0,"{""Q0"":[""shape""]}",category_organization_semblocked,rabbit
ROW35518,5532,survey-multi-select,8,65242,0,P1608,STUDY0008,SESS1311,0,"{""Q0"":[""material""]}",category_organization_semblocked,snake
ROW35519,3210,survey-multi-select,9,68453,0,P1608,STUDY0008,SESS1311,0,"{""Q0"":[""shape""]}",category_organization_semblocked,squirrel
ROW35520,2988,survey-multi-select,10,71443,0,P1608,STUDY0008,SESS1311,0,"{""Q0"":[""color""]}",category_organization_semblocked,zebra
ROW35521,9248,html-button-response,11,80692,0,P1608,STUDY0008,SESS1311,0,0,category_section_intro,
ROW35522,5246,survey-multi-select,12,85939,0,P1608,STUDY0008,SESS1311,0,"{""Q0"":[""material""]}",category_organization_semblocked,sneaker
ROW35523,3828,html-button-response,13,89768,0,P1608,STUDY0008,SESS1311,0,0,category_section_intro,
ROW35524,4771,survey-multi-select,14,94541,0,P1608,STUDY0008,SESS1311,0,"{""Q0"":[""shape"",""material""]}",category_organization_semblocked,bath
ROW35526,4958,survey-multi-select,17,111055,0,P1608,STUDY0008,SESS1311,0,"{""Q0"":[""shape""]}",category_organization_semblocked,candy
ROW35525,8264,survey-multi-select,15,102806,0,P1608,STUDY0008,SESS1311,0,"{""Q0"":[""shape"",""material""]}",category_organization_semblocked,bathtub
ROW35527,3289,html-button-response,16,106096,0,P1608,STUDY0008,SESS1311,0,0,category_section_intro,
ROW35528,8159,survey-multi-select,18,119215,0,P1608,STUDY0008,SESS1311,0,"{""Q0"":[""color"",""material""]}",category_organization_semblocked,cottage cheese
ROW35529,3568,survey-multi-select,19,122785,0,P1608,STUDY0008,SESS1311,0,"{""Q0"":[""shape""]}",category_organization_semblocked,donut
ROW35530,3274,survey-multi-select,24,136903,0,P1608,STUDY0008,SESS1311,0,"{""Q0"":[""shape""]}",category_organization_semblocked,lip
ROW35531,2677,survey-multi-select,20,125463,0,P1608,STUDY0008,SESS1311,0,"{""Q0"":[""shape""]}",category_organization_semblocked,ham
ROW35532,2475,survey-multi-select,21,127939,0,P1608,STUDY0008,SESS1311,0,"{""Q0"":[""shape""]}",category_organization_semblocked,noodles
ROW35533,4088,survey-multi-select,22,132029,0,P1608,STUDY0008,SESS1311,0,"{""Q0"":[""shape""]}",category_organization_semblocked,samosa
ROW35534,1597,html-button-response,23,133627,0,P1608,STUDY0008,SESS1311,0,0,category_section_intro,
ROW35535,4784,survey-multi-select,26,144827,0,P1608,STUDY0008,SESS1311,0,"{""Q0"":[""shape""]}",category_organization_semblocked,carousel
ROW35536,3138,html-button-response,25,140042,0,P1608,STUDY0008,SESS1311,0,0,category_section_intro,
ROW35537,3865,survey-multi-select,30,170493,0,P1608,STUDY0008,SESS1311,0,"{""Q0"":[""shape""]}",category_organization_semblocked,ruler
ROW35538,3265,html-button-response,28,154829,0,P1608,STUDY0008,SESS1311,0,0,category_section_intro,
ROW35539,6735,survey-multi-select,27,151563,0,P1608,STUDY0008,SESS1311,0,"{""Q0"":[""shape"",""color""]}",category_organization_semblocked,flower
ROW35540,11796,survey-multi-select,29,166626,0,P1608,STUDY0008,SESS1311,0,"{""Q0"":[""material""]}",category_organization_semblocked,ceiling
ROW35541,2984,survey-multi-select,31,173479,0,P1608,STUDY0008,SESS1311,0,"{""Q0"":[""none of these""]}",category_organization_semblocked,lavender
ROW35542,1731,html-button-response,32,175212,0,P1608,STUDY0008,SESS1311,0,0,,
ROW35543,2190,instructions,33,177403,0,P1608,STUDY0008,SESS1311,0,,,
ROW35544,4294,instructions,0,4299,0,P0777,STUDY0008,SESS1294,0,,,
ROW35545,20183,html-button-response,2,27625,0,P0777,STUDY0008,SESS1294,0,0,vocabulary_classification_criteria,
ROW35546,7417,html-button-response,3,35047,0,P0777,STUDY0008,SESS1294,0,0,lavender_instruction,
ROW35547,3132,html-button-response,1,7438,0,P0777,STUDY0008,SESS1294,0,0,precautions_survey,
ROW35549,10425,survey-multi-select,5,49893,0,P0777,STUDY0008,SESS1294,0,"{""Q0"":[""shape"",""color""]}",category_organization_semblocked,chick
ROW35548,4402,html-button-response,4,39450,0,P0777,STUDY0008,SESS1294,0,0,category_section_intro,
ROW35550,8259,survey-multi-select,7,61628,0,P0777,STUDY0008,SESS1294,0,"{""Q0"":[""shape"",""color"",""material""]}",category_organization_semblocked,dress shoe
ROW35551,3464,html-button-response,6,53362,0,P0777,STUDY0008,SESS1294,0,0,category_section_intro,
ROW35552,14309,survey-multi-select,8,75949,0,P0777,STUDY0008,SESS1294,0,"{""Q0"":[""shape"",""color"",""material""]}",category_organization_semblocked,gloves
ROW35553,3429,html-button-response,10,91093,0,P0777,STUDY0008,SESS1294,0,0,category_section_intro,
ROW35554,11699,survey-multi-select,9,87660,0,P0777,STUDY0008,SESS1294,0,"{""Q0"":[""shape"",""color"",""material""]}",category_organization_semblocked,sweater
ROW35555,9838,survey-multi-select,11,100937,0,P0777,STUDY0008,SESS1294,0,"{""Q0"":[""shape"",""color"",""material""]}",category_organization_semblocked,mirror
ROW35556,1746,html-button-response,13,111626,0,P0777,STUDY0008,SESS1294,0,0,category_section_intro,
ROW35557,8933,survey-multi-select,12,109878,0,P0777,STUDY0008,SESS1294,0,"{""Q0"":[""shape"",""color"",""material""]}",category_organization_semblocked,stairs
ROW35558,11660,survey-multi-select,14,123291,0,P0777,STUDY0008,SESS1294,0,"{""Q0"":[""shape"",""color"",""material""]}",category_organization_semblocked,coffee
ROW35559,10188,survey-multi-select,15,133484,0,P0777,STUDY0008,SESS1294,0,"{""Q0"":[""shape"",""color"",""material""]}",category_organization_semblocked,coke
ROW35560,15852,survey-multi-select,16,149344,0,P0777,STUDY0008,SESS1294,0,"{""Q0"":[""shape"",""color"",""material""]}",category_organization_semblocked,cracker
ROW35561,6698,survey-multi-select,17,156048,0,P0777,STUDY0008,SESS1294,0,"{""Q0"":[""shape"",""color"",""material""]}",category_organization_semblocked,croquette
ROW35562,7707,survey-multi-select,18,163764,0,P0777,STUDY0008,SESS1294,0,"{""Q0"":[""shape"",""color"",""material""]}",category_organization_semblocked,guava
ROW35563,9507,survey-multi-select,19,173276,0,P0777,STUDY0008,SESS1294,0,"{""Q0"":[""shape"",""color"",""material""]}",category_organization_semblocked,peas
ROW35564,5659,survey-multi-select,20,178944,0,P0777,STUDY0008,SESS1294,0,"{""Q0"":[""shape"",""color"",""material""]}",category_organization_semblocked,popcorn
ROW35565,6996,survey-multi-select,21,185947,0,P0777,STUDY0008,SESS1294,0,"{""Q0"":[""shape"",""color"",""material""]}",category_organization_semblocked,samosa
ROW35566,6091,survey-multi-select,23,197340,0,P0777,STUDY0008,SESS1294,0,"{""Q0"":[""shape"",""color"",""material""]}",category_organization_semblocked,watermelon
ROW35567,5286,survey-multi-select,22,191243,0,P0777,STUDY0008,SESS1294,0,"{""Q0"":[""color"",""material""]}",category_organization_semblocked,tea
ROW35568,1682,html-button-response,24,199026,0,P0777,STUDY0008,SESS1294,0,0,category_section_intro,
ROW35569,7355,survey-multi-select,25,206389,0,P0777,STUDY0008,SESS1294,0,"{""Q0"":[""shape"",""color"",""material""]}",category_organization_semblocked,bowl
ROW35570,6189,survey-multi-select,26,212585,0,P0777,STUDY0008,SESS1294,0,"{""Q0"":[""shape"",""color"",""material""]}",category_organization_semblocked,soap
ROW35571,3807,html-button-response,27,216395,0,P0777,STUDY0008,SESS1294,0,0,category_section_intro,
ROW35572,9130,survey-multi-select,29,231405,0,P0777,STUDY0008,SESS1294,0,"{""Q0"":[""shape"",""color"",""material""]}",category_organization_semblocked,toilet paper
ROW35573,5874,survey-multi-select,28,222272,0,P0777,STUDY0008,SESS1294,0,"{""Q0"":[""shape"",""color"",""material""]}",category_organization_semblocked,broccoli
ROW35574,1482,html-button-response,31,238022,0,P0777,STUDY0008,SESS1294,0,0,,
ROW35575,5125,survey-multi-select,30,236536,0,P0777,STUDY0008,SESS1294,0,"{""Q0"":[""none of these""]}",category_organization_semblocked,lavender
ROW35576,1896,instructions,32,239922,0,P0777,STUDY0008,SESS1294,0,,,
ROW35577,19282,instructions,0,19283,0,P0025,STUDY0008,SESS1302,0,,,
ROW35578,13556,html-button-response,2,53202,0,P0025,STUDY0008,SESS1302,0,0,vocabulary_classification_criteria,
ROW35579,20361,html-button-response,1,39645,0,P0025,STUDY0008,SESS1302,0,0,precautions_survey,
ROW35580,6066,html-button-response,3,59269,0,P0025,STUDY0008,SESS1302,0,0,lavender_instruction,
ROW35581,21815,html-button-response,4,81085,0,P0025,STUDY0008,SESS1302,0,0,category_section_intro,
ROW35582,8310,survey-multi-select,5,89402,0,P0025,STUDY0008,SESS1302,0,"{""Q0"":[""shape"",""color""]}",category_organization_semblocked,police car
ROW35583,3249,html-button-response,6,92652,0,P0025,STUDY0008,SESS1302,0,0,category_section_intro,
ROW35584,10350,survey-multi-select,7,103004,0,P0025,STUDY0008,SESS1302,0,"{""Q0"":[""shape"",""color""]}",category_organization_semblocked,beetle
ROW35585,6378,survey-multi-select,8,109384,0,P0025,STUDY0008,SESS1302,0,"{""Q0"":[""shape"",""color""]}",category_organization_semblocked,bug
ROW35586,7251,survey-multi-select,9,116637,0,P0025,STUDY0008,SESS1302,0,"{""Q0"":[""shape"",""color"",""material""]}",category_organization_semblocked,cockroach
ROW35587,8482,survey-multi-select,10,125122,0,P0025,STUDY0008,SESS1302,0,"{""Q0"":[""shape"",""color""]}",category_organization_semblocked,owl
ROW35588,3481,html-button-response,11,128603,0,P0025,STUDY0008,SESS1302,0,0,category_section_intro,
ROW35589,10836,survey-multi-select,12,139441,0,P0025,STUDY0008,SESS1302,0,"{""Q0"":[""shape"",""material""]}",category_organization_semblocked,vest
ROW35590,3380,html-button-response,13,142822,0,P0025,STUDY0008,SESS1302,0,0,category_section_intro,
ROW35591,5565,survey-multi-select,15,158708,0,P0025,STUDY0008,SESS1302,0,"{""Q0"":[""shape"",""material""]}",category_organization_semblocked,bed
ROW35592,10317,survey-multi-select,14,153141,0,P0025,STUDY0008,SESS1302,0,"{""Q0"":[""shape"",""color"",""material""]}",category_organization_semblocked,air conditioner
ROW35593,5868,survey-multi-select,17,167240,0,P0025,STUDY0008,SESS1302,0,"{""Q0"":[""shape"",""color"",""material""]}",category_organization_semblocked,cheerios
ROW35594,2662,html-button-response,16,161371,0,P0025,STUDY0008,SESS1302,0,0,category_section_intro,
ROW35595,5932,survey-multi-select,18,173174,0,P0025,STUDY0008,SESS1302,0,"{""Q0"":[""shape"",""color"",""material""]}",category_organization_semblocked,chili
ROW35596,3884,survey-multi-select,19,177059,0,P0025,STUDY0008,SESS1302,0,"{""Q0"":[""shape"",""color""]}",category_organization_semblocked,muffin
ROW35597,3430,survey-multi-select,20,180491,0,P0025,STUDY0008,SESS1302,0,"{""Q0"":[""shape""]}",category_organization_semblocked,sausage
ROW35598,3662,survey-multi-select,21,184155,0,P0025,STUDY0008,SESS1302,0,"{""Q0"":[""color""]}",category_organization_semblocked,tuna
ROW35599,4051,survey-multi-select,23,190242,0,P0025,STUDY0008,SESS1302,0,"{""Q0"":[""shape"",""material""]}",category_organization_semblocked,fork
ROW35600,2033,html-button-response,22,186189,0,P0025,STUDY0008,SESS1302,0,0,category_section_intro,
ROW35601,4398,survey-multi-select,24,194641,0,P0025,STUDY0008,SESS1302,0,"{""Q0"":[""shape"",""material""]}",category_organization_semblocked,hanger
ROW35602,5417,survey-multi-select,25,200059,0,P0025,STUDY0008,SESS1302,0,"{""Q0"":[""shape"",""color"",""material""]}",category_organization_semblocked,pill
ROW35603,3717,survey-multi-select,26,203777,0,P0025,STUDY0008,SESS1302,0,"{""Q0"":[""shape"",""material""]}",category_organization_semblocked,purse
ROW35604,3780,survey-multi-select,27,207559,0,P0025,STUDY0008,SESS1302,0,"{""Q0"":[""shape"",""material""]}",category_organization_semblocked,purse
ROW35605,1483,html-button-response,28,209043,0,P0025,STUDY0008,SESS1302,0,0,category_section_intro,
ROW35606,3482,survey-multi-select,29,212526,0,P0025,STUDY0008,SESS1302,0,"{""Q0"":[""shape"",""material""]}",category_organization_semblocked,can opener
ROW35607,4114,survey-multi-select,30,216642,0,P0025,STUDY0008,SESS1302,0,"{""Q0"":[""shape"",""color""]}",category_organization_semblocked,rainbow
ROW35608,3033,survey-multi-select,31,219676,0,P0025,STUDY0008,SESS1302,0,"{""Q0"":[""none of these""]}",category_organization_semblocked,lavender
ROW35609,1314,html-button-response,32,220992,0,P0025,STUDY0008,SESS1302,0,0,,
ROW35610,1765,instructions,33,222757,0,P0025,STUDY0008,SESS1302,0,,,
ROW35611,2461,instructions,0,2463,0,P1868,STUDY0008,SESS1323,0,,,
ROW35612,1790,html-button-response,1,4255,0,P1868,STUDY0008,SESS1323,0,0,precautions_survey,
ROW35613,3263,html-button-response,2,7519,0,P1868,STUDY0008,SESS1323,0,0,vocabulary_classification_criteria,
ROW35614,3331,html-button-response,3,10850,0,P1868,STUDY0008,SESS1323,0,0,lavender_instruction,
ROW35615,2540,html-button-response,4,13391,0,P1868,STUDY0008,SESS1323,0,0,category_section_intro,
ROW35616,10205,survey-multi-select,5,23599,0,P1868,STUDY0008,SESS1323,0,"{""Q0"":[""shape"",""material""]}",category_organization_semblocked,bat (object)
ROW35617,5214,survey-multi-select,6,28815,0,P1868,STUDY0008,SESS1323,0,"{""Q0"":[""color""]}",category_organization_semblocked,mold
ROW35618,6196,html-button-response,7,35012,0,P1868,STUDY0008,SESS1323,0,0,category_section_intro,
ROW35619,7585,survey-multi-select,8,42599,0,P1868,STUDY0008,SESS1323,0,"{""Q0"":[""color""]}",category_organization_semblocked,cockroach
ROW35620,2071,survey-multi-select,9,44671,0,P1868,STUDY0008,SESS1323,0,"{""Q0"":[""shape"",""color""]}",category_organization_semblocked,hedgehog
ROW35621,2662,survey-multi-select,10,47335,0,P1868,STUDY0008,SESS1323,0,"{""Q0"":[""color""]}",category_organization_semblocked,swallow (animal)
ROW35622,3247,html-button-response,11,50583,0,P1868,STUDY0008,SESS1323,0,0,category_section_intro,
ROW35623,2511,survey-multi-select,12,53095,0,P1868,STUDY0008,SESS1323,0,"{""Q0"":[""shape"",""color""]}",category_organization_semblocked,oven
ROW35624,1494,html-button-response,13,54591,0,P1868,STUDY0008,SESS1323,0,0,category_section_intro,
ROW35625,5279,survey-multi-select,14,59871,0,P1868,STUDY0008,SESS1323,0,"{""Q0"":[""shape"",""color""]}",category_organization_semblocked,cheerios
ROW35626,3550,survey-multi-select,15,63423,0,P1868,STUDY0008,SESS1323,0,"{""Q0"":[""color""]}",category_organization_semblocked,drink (beverage)
ROW35627,2518,survey-multi-select,16,65943,0,P1868,STUDY0008,SESS1323,0,"{""Q0"":[""shape"",""color""]}",category_organization_semblocked,egg
ROW35628,3989,survey-multi-select,17,69935,0,P1868,STUDY0008,SESS1323,0,"{""Q0"":[""shape"",""material""]}",category_organization_semblocked,hamburger
ROW35629,4598,survey-multi-select,18,74534,0,P1868,STUDY0008,SESS1323,0,"{""Q0"":[""shape"",""color"",""material""]}",category_organization_semblocked,papaya
ROW35630,1279,html-button-response,19,75815,0,P1868,STUDY0008,SESS1323,0,0,category_section_intro,
ROW35631,3575,survey-multi-select,20,79391,0,P1868,STUDY0008,SESS1323,0,"{""Q0"":[""shape"",""color""]}",category_organization_semblocked,cheek
ROW35632,686,html-button-response,21,80078,0,P1868,STUDY0008,SESS1323,0,0,category_section_intro,
ROW35633,3487,survey-multi-select,22,83567,0,P1868,STUDY0008,SESS1323,0,"{""Q0"":[""shape"",""material""]}",category_organization_semblocked,cd
ROW35634,2999,survey-multi-select,23,86566,0,P1868,STUDY0008,SESS1323,0,"{""Q0"":[""shape"",""material""]}",category_organization_semblocked,hammer
ROW35635,3592,survey-multi-select,24,90160,0,P1868,STUDY0008,SESS1323,0,"{""Q0"":[""shape"",""color"",""material""]}",category_organization_semblocked,light (object)
ROW35636,750,html-button-response,25,90910,0,P1868,STUDY0008,SESS1323,0,0,category_section_intro,
ROW35637,3607,survey-multi-select,26,94519,0,P1868,STUDY0008,SESS1323,0,"{""Q0"":[""shape"",""color""]}",category_organization_semblocked,garden
ROW35638,4046,survey-multi-select,27,98567,0,P1868,STUDY0008,SESS1323,0,"{""Q0"":[""shape"",""color"",""material""]}",category_organization_semblocked,tunnel
ROW35639,1247,html-button-response,28,99814,0,P1868,STUDY0008,SESS1323,0,0,category_section_intro,
ROW35640,2903,survey-multi-select,29,102718,0,P1868,STUDY0008,SESS1323,0,"{""Q0"":[""shape"",""material""]}",category_organization_semblocked,cot
ROW35641,5743,survey-multi-select,30,108463,0,P1868,STUDY0008,SESS1323,0,"{""Q0"":[""shape"",""color""]}",category_organization_semblocked,panther
ROW35642,4030,survey-multi-select,31,112494,0,P1868,STUDY0008,SESS1323,0,"{""Q0"":[""none of these""]}",category_organization_semblocked,party
ROW35643,1279,survey-multi-select,32,113775,0,P1868,STUDY0008,SESS1323,0,"{""Q0"":[""none of these""]}",category_organization_semblocked,lavender
ROW35644,686,html-button-response,33,114462,0,P1868,STUDY0008,SESS1323,0,0,,
ROW35645,1704,instructions,34,116167,0,P1868,STUDY0008,SESS1323,0,,,
ROW35646,6125,instructions,0,6127,0,P1741,STUDY0008,SESS1291,0,,,
ROW35647,3246,html-button-response,2,22529,0,P1741,STUDY0008,SESS1291,0,0,vocabulary_classification_criteria,
ROW35648,13153,html-button-response,1,19282,0,P1741,STUDY0008,SESS1291,0,0,precautions_survey,
ROW35649,7312,html-button-response,3,29842,0,P1741,STUDY0008,SESS1291,0,0,lavender_instruction,
ROW35650,11019,html-button-response,4,40863,0,P1741,STUDY0008,SESS1291,0,0,category_section_intro,
ROW35651,14971,survey-multi-select,5,55839,0,P1741,STUDY0008,SESS1291,0,"{""Q0"":[""none of these""]}",category_organization_semblocked,clown
ROW35652,6607,survey-multi-select,6,62448,0,P1741,STUDY0008,SESS1291,0,"{""Q0"":[""none of these""]}",category_organization_semblocked,present
ROW35653,5726,survey-multi-select,7,68177,0,P1741,STUDY0008,SESS1291,0,"{""Q0"":[""none of these""]}",category_organization_semblocked,whistle (object)
ROW35654,12917,survey-multi-select,9,140838,0,P1741,STUDY0008,SESS1291,0,"{""Q0"":[""none of these""]}",category_organization_semblocked,bear
ROW35655,59739,html-button-response,8,127917,0,P1741,STUDY0008,SESS1291,0,0,category_section_intro,
ROW35656,3487,survey-multi-select,10,144327,0,P1741,STUDY0008,SESS1291,0,"{""Q0"":[""none of these""]}",category_organization_semblocked,cockroach
ROW35657,7447,survey-multi-select,11,151777,0,P1741,STUDY0008,SESS1291,0,"{""Q0"":[""none of these""]}",category_organization_semblocked,elephant
ROW35658,8606,html-button-response,12,160385,0,P1741,STUDY0008,SESS1291,0,0,category_section_intro,
ROW35659,10936,survey-multi-select,13,171324,0,P1741,STUDY0008,SESS1291,0,"{""Q0"":[""color"",""material""]}",category_organization_semblocked,shoe
ROW35660,6517,survey-multi-select,14,177843,0,P1741,STUDY0008,SESS1291,0,"{""Q0"":[""color"",""material""]}",category_organization_semblocked,sneaker
ROW35661,3911,html-button-response,15,181756,0,P1741,STUDY0008,SESS1291,0,0,category_section_intro,
ROW35662,7214,survey-multi-select,16,188972,0,P1741,STUDY0008,SESS1291,0,"{""Q0"":[""color"",""material""]}",category_organization_semblocked,stool
ROW35663,1280,html-button-response,17,190254,0,P1741,STUDY0008,SESS1291,0,0,category_section_intro,
ROW35664,5447,survey-multi-select,18,195703,0,P1741,STUDY0008,SESS1291,0,"{""Q0"":[""shape"",""color""]}",category_organization_semblocked,beans
ROW35665,6959,survey-multi-select,21,216987,0,P1741,STUDY0008,SESS1291,0,"{""Q0"":[""shape"",""color""]}",category_organization_semblocked,meatball
ROW35666,6527,survey-multi-select,20,210024,0,P1741,STUDY0008,SESS1291,0,"{""Q0"":[""shape""]}",category_organization_semblocked,croissant
ROW35667,6427,survey-multi-select,22,223418,0,P1741,STUDY0008,SESS1291,0,"{""Q0"":[""shape"",""color""]}",category_organization_semblocked,mushroom
ROW35668,7790,survey-multi-select,19,203495,0,P1741,STUDY0008,SESS1291,0,"{""Q0"":[""shape"",""color""]}",category_organization_semblocked,chips
ROW35669,3888,survey-multi-select,23,227308,0,P1741,STUDY0008,SESS1291,0,"{""Q0"":[""shape"",""color""]}",category_organization_semblocked,plantain
ROW35670,1220,html-button-response,24,228529,0,P1741,STUDY0008,SESS1291,0,0,category_section_intro,
ROW35671,16432,survey-multi-select,26,249726,0,P1741,STUDY0008,SESS1291,0,"{""Q0"":[""shape""]}",category_organization_semblocked,vacuum cleaner
ROW35672,4760,survey-multi-select,25,233292,0,P1741,STUDY0008,SESS1291,0,"{""Q0"":[""shape""]}",category_organization_semblocked,scissors
ROW35673,4120,survey-multi-select,28,256790,0,P1741,STUDY0008,SESS1291,0,"{""Q0"":[""none of these""]}",category_organization_semblocked,suburb
ROW35674,2941,html-button-response,27,252668,0,P1741,STUDY0008,SESS1291,0,0,category_section_intro,
ROW35675,5167,survey-multi-select,29,261959,0,P1741,STUDY0008,SESS1291,0,"{""Q0"":[""shape""]}",category_organization_semblocked,tower
ROW35676,6495,survey-multi-select,30,268457,0,P1741,STUDY0008,SESS1291,0,"{""Q0"":[""shape"",""color""]}",category_organization_semblocked,zoo
ROW35677,3060,survey-multi-select,31,271519,0,P1741,STUDY0008,SESS1291,0,"{""Q0"":[""none of these""]}",category_organization_semblocked,lavender
ROW35678,1752,html-button-response,32,273273,0,P1741,STUDY0008,SESS1291,0,0,,
ROW35679,2368,instructions,33,275641,0,P1741,STUDY0008,SESS1291,0,,,
ROW35680,5570,instructions,0,5574,0,P1734,STUDY0008,SESS1318,0,,,
ROW35681,6201,html-button-response,1,11780,0,P1734,STUDY0008,SESS1318,0,0,precautions_survey,
ROW35682,9339,html-button-response,2,21122,0,P1734,STUDY0008,SESS1318,0,0,vocabulary_classification_criteria,
ROW35683,3529,html-button-response,3,24654,0,P1734,STUDY0008,SESS1318,0,0,lavender_instruction,
ROW35684,4089,html-button-response,4,28745,0,P1734,STUDY0008,SESS1318,0,0,category_section_intro,
ROW35685,6840,survey-multi-select,5,35596,0,P1734,STUDY0008,SESS1318,0,"{""Q0"":[""shape""]}",category_organization_semblocked,truck
ROW35686,3443,html-button-response,6,39043,0,P1734,STUDY0008,SESS1318,0,0,category_section_intro,
ROW35687,9471,survey-multi-select,7,48522,0,P1734,STUDY0008,SESS1318,0,"{""Q0"":[""color""]}",category_organization_semblocked,bear
ROW35688,2867,html-button-response,8,51392,0,P1734,STUDY0008,SESS1318,0,0,category_section_intro,
ROW35689,4395,survey-multi-select,9,55796,0,P1734,STUDY0008,SESS1318,0,"{""Q0"":[""material""]}",category_organization_semblocked,hair clip
ROW35690,4827,survey-multi-select,10,60629,0,P1734,STUDY0008,SESS1318,0,"{""Q0"":[""shape"",""color"",""material""]}",category_organization_semblocked,pajamas
ROW35691,2527,html-button-response,11,63160,0,P1734,STUDY0008,SESS1318,0,0,category_section_intro,
ROW35692,3645,survey-multi-select,12,66812,0,P1734,STUDY0008,SESS1318,0,"{""Q0"":[""none of these""]}",category_organization_semblocked,computer
ROW35693,3875,survey-multi-select,13,70692,0,P1734,STUDY0008,SESS1318,0,"{""Q0"":[""shape"",""material""]}",category_organization_semblocked,high chair
ROW35694,1574,html-button-response,14,72269,0,P1734,STUDY0008,SESS1318,0,0,category_section_intro,
ROW35695,4272,survey-multi-select,15,76548,0,P1734,STUDY0008,SESS1318,0,"{""Q0"":[""shape"",""color""]}",category_organization_semblocked,nut
ROW35696,2426,survey-multi-select,16,78982,0,P1734,STUDY0008,SESS1318,0,"{""Q0"":[""shape"",""color""]}",category_organization_semblocked,spinach
ROW35697,2433,survey-multi-select,17,81422,0,P1734,STUDY0008,SESS1318,0,"{""Q0"":[""shape"",""color""]}",category_organization_semblocked,sprouts
ROW35698,1326,html-button-response,18,82753,0,P1734,STUDY0008,SESS1318,0,0,category_section_intro,
ROW35699,5191,survey-multi-select,19,87950,0,P1734,STUDY0008,SESS1318,0,"{""Q0"":[""color""]}",category_organization_semblocked,blood
ROW35700,8944,survey-multi-select,20,96901,0,P1734,STUDY0008,SESS1318,0,"{""Q0"":[""shape"",""color"",""material""]}",category_organization_semblocked,buttocks
ROW35701,3007,survey-multi-select,21,99914,0,P1734,STUDY0008,SESS1318,0,"{""Q0"":[""shape"",""color"",""material""]}",category_organization_semblocked,shoulder
ROW35702,946,html-button-response,22,100864,0,P1734,STUDY0008,SESS1318,0,0,category_section_intro,
ROW35703,5861,survey-multi-select,23,106733,0,P1734,STUDY0008,SESS1318,0,"{""Q0"":[""shape"",""color"",""material""]}",category_organization_semblocked,blanket
ROW35704,3406,survey-multi-select,24,110147,0,P1734,STUDY0008,SESS1318,0,"{""Q0"":[""material""]}",category_organization_semblocked,tape (object)
ROW35705,2075,survey-multi-select,25,112228,0,P1734,STUDY0008,SESS1318,0,"{""Q0"":[""material""]}",category_organization_semblocked,tape (object)
ROW35706,2410,survey-multi-select,26,114644,0,P1734,STUDY0008,SESS1318,0,"{""Q0"":[""shape"",""color"",""material""]}",category_organization_semblocked,trash can
ROW35707,915,html-button-response,27,115563,0,P1734,STUDY0008,SESS1318,0,0,category_section_intro,
ROW35708,3079,survey-multi-select,28,118649,0,P1734,STUDY0008,SESS1318,0,"{""Q0"":[""color""]}",category_organization_semblocked,garden
ROW35709,3198,survey-multi-select,29,121852,0,P1734,STUDY0008,SESS1318,0,"{""Q0"":[""shape"",""color"",""material""]}",category_organization_semblocked,shovel
ROW35710,3283,survey-multi-select,30,125140,0,P1734,STUDY0008,SESS1318,0,"{""Q0"":[""shape"",""color""]}",category_organization_semblocked,snowman
ROW35711,3805,survey-multi-select,31,128950,0,P1734,STUDY0008,SESS1318,0,"{""Q0"":[""shape"",""color"",""material""]}",category_organization_semblocked,umbrella
ROW35712,3592,survey-multi-select,32,132548,0,P1734,STUDY0008,SESS1318,0,"{""Q0"":[""none of these""]}",category_organization_semblocked,lavender
ROW35713,5265,instructions,34,138766,0,P1734,STUDY0008,SESS1318,0,,,
ROW35714,948,html-button-response,33,133499,0,P1734,STUDY0008,SESS1318,0,0,,
ROW35715,2631,instructions,0,2632,0,P0782,STUDY0008,SESS1319,0,,,
ROW35716,3325,html-button-response,3,17639,0,P0782,STUDY0008,SESS1319,0,0,lavender_instruction,
ROW35717,9332,html-button-response,2,14313,0,P0782,STUDY0008,SESS1319,0,0,vocabulary_classification_criteria,
ROW35718,2345,html-button-response,1,4979,0,P0782,STUDY0008,SESS1319,0,0,precautions_survey,
ROW35719,3511,html-button-response,4,21151,0,P0782,STUDY0008,SESS1319,0,0,category_section_intro,
ROW35720,8732,survey-multi-select,5,29889,0,P0782,STUDY0008,SESS1319,0,"{""Q0"":[""shape"",""material""]}",category_organization_semblocked,pencil
ROW35721,2321,html-button-response,6,32211,0,P0782,STUDY0008,SESS1319,0,0,category_section_intro,
ROW35722,3788,survey-multi-select,7,36001,0,P0782,STUDY0008,SESS1319,0,"{""Q0"":[""none of these""]}",category_organization_semblocked,owl
ROW35723,2807,html-button-response,8,38809,0,P0782,STUDY0008,SESS1319,0,0,category_section_intro,
ROW35724,3109,survey-multi-select,9,41921,0,P0782,STUDY0008,SESS1319,0,"{""Q0"":[""material""]}",category_organization_semblocked,underpants
ROW35725,3644,html-button-response,10,45566,0,P0782,STUDY0008,SESS1319,0,0,category_section_intro,
ROW35726,2960,survey-multi-select,11,48529,0,P0782,STUDY0008,SESS1319,0,"{""Q0"":[""material""]}",category_organization_semblocked,radiator
ROW35727,973,html-button-response,12,49503,0,P0782,STUDY0008,SESS1319,0,0,category_section_intro,
ROW35728,3047,survey-multi-select,13,52553,0,P0782,STUDY0008,SESS1319,0,"{""Q0"":[""color""]}",category_organization_semblocked,coffee
ROW35729,3999,survey-multi-select,14,56554,0,P0782,STUDY0008,SESS1319,0,"{""Q0"":[""color""]}",category_organization_semblocked,nugget
ROW35730,2545,survey-multi-select,15,59101,0,P0782,STUDY0008,SESS1319,0,"{""Q0"":[""color""]}",category_organization_semblocked,raisin
ROW35731,2480,survey-multi-select,16,61583,0,P0782,STUDY0008,SESS1319,0,"{""Q0"":[""color""]}",category_organization_semblocked,yogurt
ROW35732,919,html-button-response,17,62503,0,P0782,STUDY0008,SESS1319,0,0,category_section_intro,
ROW35733,4530,survey-multi-select,19,71825,0,P0782,STUDY0008,SESS1319,0,"{""Q0"":[""shape"",""material""]}",category_organization_semblocked,dustpan
ROW35734,4787,survey-multi-select,18,67293,0,P0782,STUDY0008,SESS1319,0,"{""Q0"":[""shape"",""color"",""material""]}",category_organization_semblocked,cd
ROW35735,4679,survey-multi-select,20,76506,0,P0782,STUDY0008,SESS1319,0,"{""Q0"":[""shape"",""color"",""material""]}",category_organization_semblocked,iron (object)
ROW35736,4025,survey-multi-select,21,80534,0,P0782,STUDY0008,SESS1319,0,"{""Q0"":[""shape"",""material""]}",category_organization_semblocked,telephone
ROW35737,927,html-button-response,23,84924,0,P0782,STUDY0008,SESS1319,0,0,category_section_intro,
ROW35738,3459,survey-multi-select,22,83995,0,P0782,STUDY0008,SESS1319,0,"{""Q0"":[""shape"",""material""]}",category_organization_semblocked,video
ROW35739,4369,survey-multi-select,25,92642,0,P0782,STUDY0008,SESS1319,0,"{""Q0"":[""shape""]}",category_organization_semblocked,sprinkler
ROW35740,3346,survey-multi-select,24,88271,0,P0782,STUDY0008,SESS1319,0,"{""Q0"":[""none of these""]}",category_organization_semblocked,bank
ROW35741,3246,survey-multi-select,26,95891,0,P0782,STUDY0008,SESS1319,0,"{""Q0"":[""none of these""]}",category_organization_semblocked,sun
ROW35742,3220,survey-multi-select,28,100421,0,P0782,STUDY0008,SESS1319,0,"{""Q0"":[""none of these""]}",category_organization_semblocked,and
ROW35743,1306,html-button-response,27,97198,0,P0782,STUDY0008,SESS1319,0,0,category_section_intro,
ROW35744,4191,survey-multi-select,29,104614,0,P0782,STUDY0008,SESS1319,0,"{""Q0"":[""shape""]}",category_organization_semblocked,cot
ROW35745,2289,survey-multi-select,30,106905,0,P0782,STUDY0008,SESS1319,0,"{""Q0"":[""color""]}",category_organization_semblocked,lemonade
ROW35746,2067,survey-multi-select,31,108974,0,P0782,STUDY0008,SESS1319,0,"{""Q0"":[""color""]}",category_organization_semblocked,mayonnaise
ROW35747,1846,survey-multi-select,32,110822,0,P0782,STUDY0008,SESS1319,0,"{""Q0"":[""none of these""]}",category_organization_semblocked,lavender
ROW35748,988,html-button-response,33,111811,0,P0782,STUDY0008,SESS1319,0,0,,
ROW35749,1263,instructions,34,113075,0,P0782,STUDY0008,SESS1319,0,,,
ROW35750,9832,html-button-response,1,13605,0,P1663,STUDY0008,SESS1321,0,0,precautions_survey,
ROW35751,3757,instructions,0,3767,0,P1663,STUDY0008,SESS1321,0,,,
ROW35752,3447,html-button-response,4,31002,0,P1663,STUDY0008,SESS1321,0,0,category_section_intro,
ROW35753,4918,html-button-response,3,27554,0,P1663,STUDY0008,SESS1321,0,0,lavender_instruction,
ROW35754,9028,html-button-response,2,22634,0,P1663,STUDY0008,SESS1321,0,0,vocabulary_classification_criteria,
ROW35755,3785,survey-multi-select,5,34798,0,P1663,STUDY0008,SESS1321,0,"{""Q0"":[""shape""]}",category_organization_semblocked,kite
ROW35756,3659,html-button-response,6,38459,0,P1663,STUDY0008,SESS1321,0,0,category_section_intro,
ROW35757,5652,survey-multi-select,7,44117,0,P1663,STUDY0008,SESS1321,0,"{""Q0"":[""none of these""]}",category_organization_semblocked,beetle
ROW35758,4341,survey-multi-select,9,52045,0,P1663,STUDY0008,SESS1321,0,"{""Q0"":[""none of these""]}",category_organization_semblocked,horse
ROW35759,3577,survey-multi-select,8,47699,0,P1663,STUDY0008,SESS1321,0,"{""Q0"":[""shape""]}",category_organization_semblocked,caterpillar
ROW35760,3771,survey-multi-select,10,55821,0,P1663,STUDY0008,SESS1321,0,"{""Q0"":[""color""]}",category_organization_semblocked,sheep
ROW35761,3243,survey-multi-select,11,59069,0,P1663,STUDY0008,SESS1321,0,"{""Q0"":[""shape""]}",category_organization_semblocked,spider
ROW35762,3307,survey-multi-select,12,62381,0,P1663,STUDY0008,SESS1321,0,"{""Q0"":[""none of these""]}",category_organization_semblocked,squirrel
ROW35763,3372,survey-multi-select,13,65759,0,P1663,STUDY0008,SESS1321,0,"{""Q0"":[""none of these""]}",category_organization_semblocked,swallow (animal)
ROW35764,3378,html-button-response,14,69140,0,P1663,STUDY0008,SESS1321,0,0,category_section_intro,
ROW35765,3328,survey-multi-select,17,78107,0,P1663,STUDY0008,SESS1321,0,"{""Q0"":[""color""]}",category_organization_semblocked,bathroom
ROW35766,3754,survey-multi-select,15,72901,0,P1663,STUDY0008,SESS1321,0,"{""Q0"":[""material""]}",category_organization_semblocked,diaper
ROW35767,1870,html-button-response,16,74773,0,P1663,STUDY0008,SESS1321,0,0,category_section_intro,
ROW35768,1215,html-button-response,18,79323,0,P1663,STUDY0008,SESS1321,0,0,category_section_intro,
ROW35769,4143,survey-multi-select,19,83469,0,P1663,STUDY0008,SESS1321,0,"{""Q0"":[""none of these""]}",category_organization_semblocked,sprouts
ROW35770,1172,html-button-response,20,84644,0,P1663,STUDY0008,SESS1321,0,0,category_section_intro,
ROW35771,3764,survey-multi-select,21,88412,0,P1663,STUDY0008,SESS1321,0,"{""Q0"":[""shape""]}",category_organization_semblocked,back
ROW35772,1439,html-button-response,22,89852,0,P1663,STUDY0008,SESS1321,0,0,category_section_intro,
ROW35773,4366,survey-multi-select,23,94220,0,P1663,STUDY0008,SESS1321,0,"{""Q0"":[""color""]}",category_organization_semblocked,can (object)
ROW35774,2652,survey-multi-select,24,96877,0,P1663,STUDY0008,SESS1321,0,"{""Q0"":[""shape""]}",category_organization_semblocked,clock
ROW35775,2284,survey-multi-select,25,99165,0,P1663,STUDY0008,SESS1321,0,"{""Q0"":[""none of these""]}",category_organization_semblocked,terrace
ROW35776,1532,html-button-response,26,100701,0,P1663,STUDY0008,SESS1321,0,0,category_section_intro,
ROW35777,4058,survey-multi-select,27,104765,0,P1663,STUDY0008,SESS1321,0,"{""Q0"":[""none of these""]}",category_organization_semblocked,cradle
ROW35778,4723,survey-multi-select,28,109493,0,P1663,STUDY0008,SESS1321,0,"{""Q0"":[""shape""]}",category_organization_semblocked,grill (object)
ROW35779,5435,survey-multi-select,29,114933,0,P1663,STUDY0008,SESS1321,0,"{""Q0"":[""none of these""]}",category_organization_semblocked,hot chocolate
ROW35780,6906,survey-multi-select,30,121844,0,P1663,STUDY0008,SESS1321,0,"{""Q0"":[""shape""]}",category_organization_semblocked,octopus
ROW35781,2540,survey-multi-select,31,124389,0,P1663,STUDY0008,SESS1321,0,"{""Q0"":[""shape""]}",category_organization_semblocked,tower
ROW35782,4010,survey-multi-select,32,128403,0,P1663,STUDY0008,SESS1321,0,"{""Q0"":[""none of these""]}",category_organization_semblocked,lavender
ROW35783,1551,html-button-response,33,129955,0,P1663,STUDY0008,SESS1321,0,0,,
ROW35784,2584,instructions,34,132541,0,P1663,STUDY0008,SESS1321,0,,,
ROW35785,903,html-button-response,1,3563,0,P1588,STUDY0008,SESS1324,0,0,precautions_survey,
ROW35786,2657,instructions,0,2659,0,P1588,STUDY0008,SESS1324,0,,,
ROW35787,3560,html-button-response,4,30422,0,P1588,STUDY0008,SESS1324,0,0,category_section_intro,
ROW35788,18203,html-button-response,2,21767,0,P1588,STUDY0008,SESS1324,0,0,vocabulary_classification_criteria,
ROW35789,7232,survey-multi-select,5,37656,0,P1588,STUDY0008,SESS1324,0,"{""Q0"":[""none of these""]}",category_organization_semblocked,truck
ROW35790,5094,html-button-response,3,26862,0,P1588,STUDY0008,SESS1324,0,0,lavender_instruction,
ROW35791,4131,survey-multi-select,7,50593,0,P1588,STUDY0008,SESS1324,0,"{""Q0"":[""material""]}",category_organization_semblocked,chalk
ROW35792,8803,html-button-response,6,46461,0,P1588,STUDY0008,SESS1324,0,0,category_section_intro,
ROW35793,8037,survey-multi-select,8,58631,0,P1588,STUDY0008,SESS1324,0,"{""Q0"":[""shape""]}",category_organization_semblocked,guitar
ROW35794,4571,html-button-response,10,67020,0,P1588,STUDY0008,SESS1324,0,0,category_section_intro,
ROW35795,3816,survey-multi-select,9,62449,0,P1588,STUDY0008,SESS1324,0,"{""Q0"":[""material""]}",category_organization_semblocked,top
ROW35796,3362,survey-multi-select,11,70384,0,P1588,STUDY0008,SESS1324,0,"{""Q0"":[""shape""]}",category_organization_semblocked,animal
ROW35797,1568,html-button-response,13,74760,0,P1588,STUDY0008,SESS1324,0,0,category_section_intro,
ROW35798,2806,survey-multi-select,12,73191,0,P1588,STUDY0008,SESS1324,0,"{""Q0"":[""shape""]}",category_organization_semblocked,dinosaur
ROW35799,3339,survey-multi-select,15,82053,0,P1588,STUDY0008,SESS1324,0,"{""Q0"":[""material""]}",category_organization_semblocked,porch
ROW35800,4657,survey-multi-select,17,87570,0,P1588,STUDY0008,SESS1324,0,"{""Q0"":[""color""]}",category_organization_semblocked,candy
ROW35801,3952,survey-multi-select,14,78713,0,P1588,STUDY0008,SESS1324,0,"{""Q0"":[""none of these""]}",category_organization_semblocked,dryer
ROW35802,858,html-button-response,16,82912,0,P1588,STUDY0008,SESS1324,0,0,category_section_intro,
ROW35803,3413,survey-multi-select,18,90985,0,P1588,STUDY0008,SESS1324,0,"{""Q0"":[""shape""]}",category_organization_semblocked,peas
ROW35804,3966,survey-multi-select,19,94952,0,P1588,STUDY0008,SESS1324,0,"{""Q0"":[""color""]}",category_organization_semblocked,pomegranate
ROW35805,3575,survey-multi-select,22,105824,0,P1588,STUDY0008,SESS1324,0,"{""Q0"":[""color""]}",category_organization_semblocked,yogurt drink
ROW35806,4102,survey-multi-select,20,99055,0,P1588,STUDY0008,SESS1324,0,"{""Q0"":[""color""]}",category_organization_semblocked,shark
ROW35807,3192,survey-multi-select,21,102248,0,P1588,STUDY0008,SESS1324,0,"{""Q0"":[""material""]}",category_organization_semblocked,soup
ROW35808,1749,html-button-response,23,107574,0,P1588,STUDY0008,SESS1324,0,0,category_section_intro,
ROW35809,2206,html-button-response,25,114502,0,P1588,STUDY0008,SESS1324,0,0,category_section_intro,
ROW35810,4720,survey-multi-select,24,112295,0,P1588,STUDY0008,SESS1324,0,"{""Q0"":[""color""]}",category_organization_semblocked,cheek
ROW35811,2245,survey-multi-select,27,120316,0,P1588,STUDY0008,SESS1324,0,"{""Q0"":[""material""]}",category_organization_semblocked,cloth
ROW35812,3566,survey-multi-select,26,118069,0,P1588,STUDY0008,SESS1324,0,"{""Q0"":[""shape""]}",category_organization_semblocked,box
ROW35813,4183,survey-multi-select,28,124500,0,P1588,STUDY0008,SESS1324,0,"{""Q0"":[""shape""]}",category_organization_semblocked,coin
ROW35814,2426,survey-multi-select,29,126928,0,P1588,STUDY0008,SESS1324,0,"{""Q0"":[""material""]}",category_organization_semblocked,plate
ROW35815,5406,survey-multi-select,31,133109,0,P1588,STUDY0008,SESS1324,0,"{""Q0"":[""color""]}",category_organization_semblocked,watering can
ROW35816,773,html-button-response,30,127702,0,P1588,STUDY0008,SESS1324,0,0,category_section_intro,
ROW35817,1148,html-button-response,33,136040,0,P1588,STUDY0008,SESS1324,0,0,,
ROW35818,1781,survey-multi-select,32,134891,0,P1588,STUDY0008,SESS1324,0,"{""Q0"":[""none of these""]}",category_organization_semblocked,lavender
ROW35819,3280,instructions,34,139320,0,P1588,STUDY0008,SESS1324,0,,,
ROW35820,4036,instructions,0,4041,0,P1614,STUDY0008,SESS1325,0,,,
ROW35821,5139,html-button-response,1,9184,0,P1614,STUDY0008,SESS1325,0,0,precautions_survey,
ROW35822,8287,html-button-response,2,17473,0,P1614,STUDY0008,SESS1325,0,0,vocabulary_classification_criteria,
ROW35823,3889,html-button-response,3,21364,0,P1614,STUDY0008,SESS1325,0,0,lavender_instruction,
ROW35824,6445,html-button-response,4,27810,0,P1614,STUDY0008,SESS1325,0,0,category_section_intro,
ROW35825,9223,survey-multi-select,5,37040,0,P1614,STUDY0008,SESS1325,0,"{""Q0"":[""material""]}",category_organization_semblocked,train
ROW35826,3520,html-button-response,6,40562,0,P1614,STUDY0008,SESS1325,0,0,category_section_intro,
ROW35827,6276,survey-multi-select,7,46842,0,P1614,STUDY0008,SESS1325,0,"{""Q0"":[""shape"",""color""]}",category_organization_semblocked,goat
ROW35828,3967,survey-multi-select,8,50812,0,P1614,STUDY0008,SESS1325,0,"{""Q0"":[""shape"",""color""]}",category_organization_semblocked,lion
ROW35829,3297,survey-multi-select,9,54113,0,P1614,STUDY0008,SESS1325,0,"{""Q0"":[""shape"",""color""]}",category_organization_semblocked,sparrow
ROW35830,3305,html-button-response,10,57420,0,P1614,STUDY0008,SESS1325,0,0,category_section_intro,
ROW35831,5857,survey-multi-select,11,63280,0,P1614,STUDY0008,SESS1325,0,"{""Q0"":[""shape"",""color"",""material""]}",category_organization_semblocked,pajamas
ROW35832,4522,survey-multi-select,13,69596,0,P1614,STUDY0008,SESS1325,0,"{""Q0"":[""shape"",""color"",""material""]}",category_organization_semblocked,radiator
ROW35833,1790,html-button-response,12,65072,0,P1614,STUDY0008,SESS1325,0,0,category_section_intro,
ROW35834,1348,html-button-response,14,70946,0,P1614,STUDY0008,SESS1325,0,0,category_section_intro,
ROW35835,5383,survey-multi-select,15,76332,0,P1614,STUDY0008,SESS1325,0,"{""Q0"":[""shape"",""color""]}",category_organization_semblocked,biscuit
ROW35836,3790,survey-multi-select,16,80124,0,P1614,STUDY0008,SESS1325,0,"{""Q0"":[""shape"",""color""]}",category_organization_semblocked,cheese
ROW35837,3092,survey-multi-select,17,83220,0,P1614,STUDY0008,SESS1325,0,"{""Q0"":[""shape"",""color""]}",category_organization_semblocked,guava
ROW35838,3607,survey-multi-select,18,86829,0,P1614,STUDY0008,SESS1325,0,"{""Q0"":[""shape"",""color""]}",category_organization_semblocked,ice cream
ROW35839,3722,survey-multi-select,19,90555,0,P1614,STUDY0008,SESS1325,0,"{""Q0"":[""shape"",""color""]}",category_organization_semblocked,ice cream
ROW35840,5505,survey-multi-select,20,96064,0,P1614,STUDY0008,SESS1325,0,"{""Q0"":[""color""]}",category_organization_semblocked,kimchi
ROW35841,3826,survey-multi-select,21,99892,0,P1614,STUDY0008,SESS1325,0,"{""Q0"":[""shape"",""color""]}",category_organization_semblocked,peanut
ROW35842,3158,survey-multi-select,23,106458,0,P1614,STUDY0008,SESS1325,0,"{""Q0"":[""color""]}",category_organization_semblocked,sprouts
ROW35843,3402,survey-multi-select,22,103298,0,P1614,STUDY0008,SESS1325,0,"{""Q0"":[""shape"",""color""]}",category_organization_semblocked,pear
ROW35844,3147,survey-multi-select,24,109608,0,P1614,STUDY0008,SESS1325,0,"{""Q0"":[""shape"",""color""]}",category_organization_semblocked,strawberry
ROW35845,1311,html-button-response,25,110921,0,P1614,STUDY0008,SESS1325,0,0,category_section_intro,
ROW35846,6600,survey-multi-select,26,117525,0,P1614,STUDY0008,SESS1325,0,"{""Q0"":[""shape"",""color"",""material""]}",category_organization_semblocked,flower pot
ROW35847,5333,survey-multi-select,27,122861,0,P1614,STUDY0008,SESS1325,0,"{""Q0"":[""shape"",""material""]}",category_organization_semblocked,seesaw
ROW35848,1269,html-button-response,28,124133,0,P1614,STUDY0008,SESS1325,0,0,category_section_intro,
ROW35849,4684,survey-multi-select,29,128819,0,P1614,STUDY0008,SESS1325,0,"{""Q0"":[""shape"",""color"",""material""]}",category_organization_semblocked,can
ROW35850,4255,survey-multi-select,30,133077,0,P1614,STUDY0008,SESS1325,0,"{""Q0"":[""color""]}",category_organization_semblocked,lemonade
ROW35851,2497,survey-multi-select,31,135576,0,P1614,STUDY0008,SESS1325,0,"{""Q0"":[""none of these""]}",category_organization_semblocked,lavender
ROW35852,1235,html-button-response,32,136815,0,P1614,STUDY0008,SESS1325,0,0,,
ROW35853,2946,instructions,33,139762,0,P1614,STUDY0008,SESS1325,0,,,
ROW35854,36357,instructions,0,36359,0,P1830,STUDY0008,SESS1314,0,,,
ROW35855,17679,html-button-response,2,55712,0,P1830,STUDY0008,SESS1314,0,0,vocabulary_classification_criteria,
ROW35856,1669,html-button-response,1,38031,0,P1830,STUDY0008,SESS1314,0,0,precautions_survey,
ROW35857,7178,html-button-response,4,73247,0,P1830,STUDY0008,SESS1314,0,0,category_section_intro,
ROW35858,10352,html-button-response,3,66066,0,P1830,STUDY0008,SESS1314,0,0,lavender_instruction,
ROW35859,1617,html-button-response,6,88181,0,P1830,STUDY0008,SESS1314,0,0,category_section_intro,
ROW35860,13310,survey-multi-select,5,86561,0,P1830,STUDY0008,SESS1314,0,"{""Q0"":[""material""]}",category_organization_semblocked,skate (object)
ROW35861,8634,survey-multi-select,7,96819,0,P1830,STUDY0008,SESS1314,0,"{""Q0"":[""color""]}",category_organization_semblocked,snake
ROW35862,1501,html-button-response,8,98322,0,P1830,STUDY0008,SESS1314,0,0,category_section_intro,
ROW35863,4795,survey-multi-select,9,103126,0,P1830,STUDY0008,SESS1314,0,"{""Q0"":[""material""]}",category_organization_semblocked,jeans
ROW35864,5725,survey-multi-select,10,108857,0,P1830,STUDY0008,SESS1314,0,"{""Q0"":[""shape""]}",category_organization_semblocked,pocket
ROW35865,12534,instructions,0,12550,0,P1098,STUDY0008,SESS1320,0,,,
ROW35866,7241,html-button-response,1,19796,0,P1098,STUDY0008,SESS1320,0,0,precautions_survey,
ROW35867,12030,html-button-response,2,31830,0,P1098,STUDY0008,SESS1320,0,0,vocabulary_classification_criteria,
ROW35868,1388,html-button-response,11,110247,0,P1830,STUDY0008,SESS1314,0,0,category_section_intro,
ROW35869,5459,survey-multi-select,13,124257,0,P1830,STUDY0008,SESS1314,0,"{""Q0"":[""shape""]}",category_organization_semblocked,patio
ROW35870,8545,survey-multi-select,12,118795,0,P1830,STUDY0008,SESS1314,0,"{""Q0"":[""material""]}",category_organization_semblocked,elevator
ROW35871,1677,html-button-response,14,125938,0,P1830,STUDY0008,SESS1314,0,0,category_section_intro,
ROW35872,4559,survey-multi-select,15,130503,0,P1830,STUDY0008,SESS1314,0,"{""Q0"":[""color""]}",category_organization_semblocked,dried seaweed
ROW35873,4391,survey-multi-select,16,134898,0,P1830,STUDY0008,SESS1314,0,"{""Q0"":[""color""]}",category_organization_semblocked,soy milk
ROW35874,21919,survey-multi-select,17,156822,0,P1830,STUDY0008,SESS1314,0,"{""Q0"":[""shape"",""color""]}",category_organization_semblocked,spaghetti
ROW35875,6603,survey-multi-select,18,163430,0,P1830,STUDY0008,SESS1314,0,"{""Q0"":[""color"",""material""]}",category_organization_semblocked,steak
ROW35876,7249,survey-multi-select,19,170684,0,P1830,STUDY0008,SESS1314,0,"{""Q0"":[""none of these""]}",category_organization_semblocked,vitamin
ROW35877,1325,html-button-response,20,172012,0,P1830,STUDY0008,SESS1314,0,0,category_section_intro,
ROW35878,8606,survey-multi-select,21,180622,0,P1830,STUDY0008,SESS1314,0,"{""Q0"":[""none of these""]}",category_organization_semblocked,bandaid
ROW35879,5580,survey-multi-select,22,186206,0,P1830,STUDY0008,SESS1314,0,"{""Q0"":[""shape"",""color"",""material""]}",category_organization_semblocked,cell phone
ROW35880,11082,survey-multi-select,23,197293,0,P1830,STUDY0008,SESS1314,0,"{""Q0"":[""color"",""material""]}",category_organization_semblocked,iron (object)
ROW35881,5641,survey-multi-select,24,202940,0,P1830,STUDY0008,SESS1314,0,"{""Q0"":[""shape"",""color"",""material""]}",category_organization_semblocked,jar
ROW35882,5870,survey-multi-select,25,208815,0,P1830,STUDY0008,SESS1314,0,"{""Q0"":[""material""]}",category_organization_semblocked,paper
ROW35883,5186,survey-multi-select,26,214004,0,P1830,STUDY0008,SESS1314,0,"{""Q0"":[""color"",""material""]}",category_organization_semblocked,remote control
ROW35884,1441,html-button-response,27,215447,0,P1830,STUDY0008,SESS1314,0,0,category_section_intro,
ROW35885,6331,survey-multi-select,28,221781,0,P1830,STUDY0008,SESS1314,0,"{""Q0"":[""material""]}",category_organization_semblocked,cigarette
ROW35886,3138,survey-multi-select,29,224922,0,P1830,STUDY0008,SESS1314,0,"{""Q0"":[""material""]}",category_organization_semblocked,schnitzel
ROW35887,5144,survey-multi-select,30,230071,0,P1830,STUDY0008,SESS1314,0,"{""Q0"":[""shape"",""color""]}",category_organization_semblocked,tie (object)
ROW35888,3133,survey-multi-select,31,233207,0,P1830,STUDY0008,SESS1314,0,"{""Q0"":[""none of these""]}",category_organization_semblocked,lavender
ROW35889,1279,html-button-response,32,234489,0,P1830,STUDY0008,SESS1314,0,0,,
ROW35890,2175,instructions,33,236666,0,P1830,STUDY0008,SESS1314,0,,,
ROW35891,3833,instructions,0,3837,0,P0524,STUDY0008,SESS1322,0,,,
ROW35892,7083,html-button-response,1,10928,0,P0524,STUDY0008,SESS1322,0,0,precautions_survey,
ROW35893,25335,html-button-response,2,36265,0,P0524,STUDY0008,SESS1322,0,0,vocabulary_classification_criteria,
ROW35894,5799,html-button-response,3,42067,0,P0524,STUDY0008,SESS1322,0,0,lavender_instruction,
ROW35895,5853,html-button-response,4,47922,0,P0524,STUDY0008,SESS1322,0,0,category_section_intro,
ROW35896,8732,survey-multi-select,5,56667,0,P0524,STUDY0008,SESS1322,0,"{""Q0"":[""shape""]}",category_organization_semblocked,airplane
ROW35897,5954,html-button-response,6,62624,0,P0524,STUDY0008,SESS1322,0,0,category_section_intro,
ROW35898,6310,survey-multi-select,7,68939,0,P0524,STUDY0008,SESS1322,0,"{""Q0"":[""shape"",""color""]}",category_organization_semblocked,bell
ROW35899,5968,survey-multi-select,8,74912,0,P0524,STUDY0008,SESS1322,0,"{""Q0"":[""shape"",""color"",""material""]}",category_organization_semblocked,doll
ROW35900,2571,html-button-response,9,77485,0,P0524,STUDY0008,SESS1322,0,0,category_section_intro,
ROW35901,4234,survey-multi-select,10,81723,0,P0524,STUDY0008,SESS1322,0,"{""Q0"":[""shape"",""color""]}",category_organization_semblocked,deer
ROW35902,5207,survey-multi-select,11,86934,0,P0524,STUDY0008,SESS1322,0,"{""Q0"":[""none of these""]}",category_organization_semblocked,fly (animal)
ROW35903,36097,html-button-response,2,84625,0,P1679,STUDY0008,SESS1312,0,0,vocabulary_classification_criteria,
ROW35904,3935,instructions,0,3940,0,P1679,STUDY0008,SESS1312,0,,,
ROW35905,44585,html-button-response,1,48527,0,P1679,STUDY0008,SESS1312,0,0,precautions_survey,
ROW35906,7657,html-button-response,3,92284,0,P1679,STUDY0008,SESS1312,0,0,lavender_instruction,
ROW35907,4468,html-button-response,4,96753,0,P1679,STUDY0008,SESS1312,0,0,category_section_intro,
ROW35908,6244,survey-multi-select,5,103001,0,P1679,STUDY0008,SESS1312,0,"{""Q0"":[""color"",""material""]}",category_organization_semblocked,crayon
ROW35909,2451,html-button-response,6,105453,0,P1679,STUDY0008,SESS1312,0,0,category_section_intro,
ROW35910,7649,survey-multi-select,7,113104,0,P1679,STUDY0008,SESS1312,0,"{""Q0"":[""color""]}",category_organization_semblocked,calf
ROW35911,10002,survey-multi-select,8,123109,0,P1679,STUDY0008,SESS1312,0,"{""Q0"":[""shape"",""color""]}",category_organization_semblocked,panda
ROW35912,6620,survey-multi-select,10,131944,0,P1679,STUDY0008,SESS1312,0,"{""Q0"":[""shape"",""material""]}",category_organization_semblocked,house
ROW35913,1462,html-button-response,11,133406,0,P1679,STUDY0008,SESS1312,0,0,category_section_intro,
ROW35914,2211,html-button-response,9,125321,0,P1679,STUDY0008,SESS1312,0,0,category_section_intro,
ROW35915,4505,survey-multi-select,13,144709,0,P1679,STUDY0008,SESS1312,0,"{""Q0"":[""color""]}",category_organization_semblocked,pizza
ROW35916,6793,survey-multi-select,12,140202,0,P1679,STUDY0008,SESS1312,0,"{""Q0"":[""shape"",""color""]}",category_organization_semblocked,egg
ROW35917,5586,survey-multi-select,14,150297,0,P1679,STUDY0008,SESS1312,0,"{""Q0"":[""shape"",""color""]}",category_organization_semblocked,plantain
ROW35918,3553,survey-multi-select,15,153852,0,P1679,STUDY0008,SESS1312,0,"{""Q0"":[""shape"",""color""]}",category_organization_semblocked,pork
ROW35919,937,html-button-response,16,154789,0,P1679,STUDY0008,SESS1312,0,0,category_section_intro,
ROW35920,6126,survey-multi-select,17,160917,0,P1679,STUDY0008,SESS1312,0,"{""Q0"":[""shape"",""material""]}",category_organization_semblocked,hanger
ROW35921,8075,survey-multi-select,18,168994,0,P1679,STUDY0008,SESS1312,0,"{""Q0"":[""shape""]}",category_organization_semblocked,jar
ROW35922,3080,survey-multi-select,19,172077,0,P1679,STUDY0008,SESS1312,0,"{""Q0"":[""color""]}",category_organization_semblocked,medicine
ROW35923,3440,survey-multi-select,20,175519,0,P1679,STUDY0008,SESS1312,0,"{""Q0"":[""material""]}",category_organization_semblocked,pacifier
ROW35924,4318,survey-multi-select,21,179839,0,P1679,STUDY0008,SESS1312,0,"{""Q0"":[""shape"",""color""]}",category_organization_semblocked,picture
ROW35925,1867,html-button-response,22,181707,0,P1679,STUDY0008,SESS1312,0,0,category_section_intro,
ROW35926,4978,survey-multi-select,23,186687,0,P1679,STUDY0008,SESS1312,0,"{""Q0"":[""color""]}",category_organization_semblocked,ground
ROW35927,5112,survey-multi-select,24,191801,0,P1679,STUDY0008,SESS1312,0,"{""Q0"":[""shape"",""color""]}",category_organization_semblocked,moon
ROW35928,2032,html-button-response,25,193834,0,P1679,STUDY0008,SESS1312,0,0,category_section_intro,
ROW35929,6141,survey-multi-select,26,199977,0,P1679,STUDY0008,SESS1312,0,"{""Q0"":[""shape""]}",category_organization_semblocked,cigarette
ROW35930,5135,survey-multi-select,27,205114,0,P1679,STUDY0008,SESS1312,0,"{""Q0"":[""color""]}",category_organization_semblocked,ginger
ROW35931,3479,survey-multi-select,28,208595,0,P1679,STUDY0008,SESS1312,0,"{""Q0"":[""none of these""]}",category_organization_semblocked,ox
ROW35932,4101,survey-multi-select,29,212697,0,P1679,STUDY0008,SESS1312,0,"{""Q0"":[""material""]}",category_organization_semblocked,plaza
ROW35933,5796,survey-multi-select,30,218495,0,P1679,STUDY0008,SESS1312,0,"{""Q0"":[""color""]}",category_organization_semblocked,rat
ROW35934,2765,survey-multi-select,31,221262,0,P1679,STUDY0008,SESS1312,0,"{""Q0"":[""none of these""]}",category_organization_semblocked,lavender
ROW35935,1259,html-button-response,32,222522,0,P1679,STUDY0008,SESS1312,0,0,,
ROW35936,12307,instructions,33,234830,0,P1679,STUDY0008,SESS1312,0,,,
ROW35937,5917,instructions,0,5921,0,P1640,STUDY0008,SESS1307,0,,,
ROW35939,12422,html-button-response,2,25068,0,P1640,STUDY0008,SESS1307,0,0,vocabulary_classification_criteria,
ROW35941,5174,html-button-response,4,36167,0,P1640,STUDY0008,SESS1307,0,0,category_section_intro,
ROW35938,6720,html-button-response,1,12644,0,P1640,STUDY0008,SESS1307,0,0,precautions_survey,
ROW35940,5922,html-button-response,3,30992,0,P1640,STUDY0008,SESS1307,0,0,lavender_instruction,
ROW35942,11176,survey-multi-select,5,47352,0,P1640,STUDY0008,SESS1307,0,"{""Q0"":[""none of these""]}",category_organization_semblocked,car
ROW35943,3789,survey-multi-select,6,51145,0,P1640,STUDY0008,SESS1307,0,"{""Q0"":[""shape""]}",category_organization_semblocked,cart
ROW35944,7238,html-button-response,7,58385,0,P1640,STUDY0008,SESS1307,0,0,category_section_intro,
ROW35945,4756,survey-multi-select,8,63143,0,P1640,STUDY0008,SESS1307,0,"{""Q0"":[""shape"",""color"",""material""]}",category_organization_semblocked,bubbles
ROW35946,3848,html-button-response,10,71039,0,P1640,STUDY0008,SESS1307,0,0,category_section_intro,
ROW35947,4042,survey-multi-select,9,67190,0,P1640,STUDY0008,SESS1307,0,"{""Q0"":[""shape"",""material""]}",category_organization_semblocked,drum (object)
ROW35948,4098,survey-multi-select,11,75140,0,P1640,STUDY0008,SESS1307,0,"{""Q0"":[""material""]}",category_organization_semblocked,kitty
ROW35949,4281,survey-multi-select,12,79424,0,P1640,STUDY0008,SESS1307,0,"{""Q0"":[""none of these""]}",category_organization_semblocked,parrot
ROW35950,72946,survey-multi-select,13,152374,0,P1640,STUDY0008,SESS1307,0,"{""Q0"":[""material""]}",category_organization_semblocked,stork
ROW35951,56925,survey-multi-select,14,209302,0,P1640,STUDY0008,SESS1307,0,"{""Q0"":[""shape""]}",category_organization_semblocked,teddybear
ROW35952,45931,html-button-response,15,255236,0,P1640,STUDY0008,SESS1307,0,0,category_section_intro,
ROW35953,3367,survey-multi-select,16,258606,0,P1640,STUDY0008,SESS1307,0,"{""Q0"":[""color"",""material""]}",category_organization_semblocked,coffee
ROW35954,3366,survey-multi-select,17,261976,0,P1640,STUDY0008,SESS1307,0,"{""Q0"":[""shape"",""color""]}",category_organization_semblocked,pineapple
ROW35955,14019,survey-multi-select,18,275999,0,P1640,STUDY0008,SESS1307,0,"{""Q0"":[""shape"",""color""]}",category_organization_semblocked,plum
ROW35956,3256,survey-multi-select,19,279259,0,P1640,STUDY0008,SESS1307,0,"{""Q0"":[""color"",""material""]}",category_organization_semblocked,popcorn
ROW35957,3255,survey-multi-select,20,282520,0,P1640,STUDY0008,SESS1307,0,"{""Q0"":[""shape"",""material""]}",category_organization_semblocked,popsicle
ROW35958,781,html-button-response,21,283303,0,P1640,STUDY0008,SESS1307,0,0,category_section_intro,
ROW35959,2517,survey-multi-select,22,285823,0,P1640,STUDY0008,SESS1307,0,"{""Q0"":[""shape""]}",category_organization_semblocked,ear
ROW35960,3107,survey-multi-select,23,288936,0,P1640,STUDY0008,SESS1307,0,"{""Q0"":[""shape"",""material""]}",category_organization_semblocked,gut
ROW35961,4460,survey-multi-select,25,294151,0,P1640,STUDY0008,SESS1307,0,"{""Q0"":[""material""]}",category_organization_semblocked,blanket
ROW35962,749,html-button-response,24,289688,0,P1640,STUDY0008,SESS1307,0,0,category_section_intro,
ROW35963,2198,survey-multi-select,26,296352,0,P1640,STUDY0008,SESS1307,0,"{""Q0"":[""shape"",""material""]}",category_organization_semblocked,fan
ROW35964,1784,html-button-response,28,301407,0,P1640,STUDY0008,SESS1307,0,0,category_section_intro,
ROW35965,3266,survey-multi-select,27,299622,0,P1640,STUDY0008,SESS1307,0,"{""Q0"":[""color""]}",category_organization_semblocked,paint (object)
ROW35966,4427,survey-multi-select,29,305838,0,P1640,STUDY0008,SESS1307,0,"{""Q0"":[""none of these""]}",category_organization_semblocked,wind
ROW35967,1170,html-button-response,30,307010,0,P1640,STUDY0008,SESS1307,0,0,category_section_intro,
ROW35968,1292,survey-multi-select,32,311558,0,P1640,STUDY0008,SESS1307,0,"{""Q0"":[""none of these""]}",category_organization_semblocked,lavender
ROW35969,3247,survey-multi-select,31,310262,0,P1640,STUDY0008,SESS1307,0,"{""Q0"":[""none of these""]}",category_organization_semblocked,party
ROW35970,1133,html-button-response,33,312693,0,P1640,STUDY0008,SESS1307,0,0,,
ROW35971,1907,instructions,34,314600,0,P1640,STUDY0008,SESS1307,0,,,
ROW35972,11239,html-button-response,2,119791,0,P0958,STUDY0008,SESS1289,0,0,vocabulary_classification_criteria,
ROW35973,11110,survey-multi-select,5,230180,0,P0958,STUDY0008,SESS1289,0,"{""Q0"":[""shape""]}",category_organization_semblocked,bubbles
ROW35974,2096,html-button-response,1,108551,0,P0958,STUDY0008,SESS1289,0,0,precautions_survey,
ROW35975,94844,html-button-response,4,219068,0,P0958,STUDY0008,SESS1289,0,0,category_section_intro,
ROW35976,4431,html-button-response,3,124223,0,P0958,STUDY0008,SESS1289,0,0,lavender_instruction,
ROW35977,106453,instructions,0,106454,0,P0958,STUDY0008,SESS1289,0,,,
ROW35978,7944,survey-multi-select,6,238125,0,P0958,STUDY0008,SESS1289,0,"{""Q0"":[""none of these""]}",category_organization_semblocked,puzzle
ROW35979,2535,html-button-response,7,240660,0,P0958,STUDY0008,SESS1289,0,0,category_section_intro,
ROW35980,6711,survey-multi-select,8,247373,0,P0958,STUDY0008,SESS1289,0,"{""Q0"":[""none of these""]}",category_organization_semblocked,bird
ROW35981,3606,survey-multi-select,9,250981,0,P0958,STUDY0008,SESS1289,0,"{""Q0"":[""none of these""]}",category_organization_semblocked,cow
ROW35982,2615,survey-multi-select,10,253597,0,P0958,STUDY0008,SESS1289,0,"{""Q0"":[""none of these""]}",category_organization_semblocked,dinosaur
ROW35983,2207,survey-multi-select,11,255806,0,P0958,STUDY0008,SESS1289,0,"{""Q0"":[""none of these""]}",category_organization_semblocked,pig
ROW35984,1846,html-button-response,12,257652,0,P0958,STUDY0008,SESS1289,0,0,category_section_intro,
ROW35985,11375,survey-multi-select,13,269029,0,P0958,STUDY0008,SESS1289,0,"{""Q0"":[""shape""]}",category_organization_semblocked,closet
ROW35986,5176,survey-multi-select,14,274206,0,P0958,STUDY0008,SESS1289,0,"{""Q0"":[""none of these""]}",category_organization_semblocked,coffee table
ROW35987,2767,survey-multi-select,15,276974,0,P0958,STUDY0008,SESS1289,0,"{""Q0"":[""none of these""]}",category_organization_semblocked,couch
ROW35988,4351,survey-multi-select,16,281326,0,P0958,STUDY0008,SESS1289,0,"{""Q0"":[""none of these""]}",category_organization_semblocked,dryer
ROW35989,1983,html-button-response,17,283310,0,P0958,STUDY0008,SESS1289,0,0,category_section_intro,
ROW35990,5319,survey-multi-select,18,288630,0,P0958,STUDY0008,SESS1289,0,"{""Q0"":[""shape""]}",category_organization_semblocked,muffin
ROW35991,3463,survey-multi-select,19,292095,0,P0958,STUDY0008,SESS1289,0,"{""Q0"":[""shape""]}",category_organization_semblocked,plum
ROW35992,1417,html-button-response,20,293512,0,P0958,STUDY0008,SESS1289,0,0,category_section_intro,
ROW35993,4774,survey-multi-select,21,298287,0,P0958,STUDY0008,SESS1289,0,"{""Q0"":[""none of these""]}",category_organization_semblocked,arm
ROW35994,1727,html-button-response,23,304951,0,P0958,STUDY0008,SESS1289,0,0,category_section_intro,
ROW35995,4935,survey-multi-select,22,303223,0,P0958,STUDY0008,SESS1289,0,"{""Q0"":[""shape""]}",category_organization_semblocked,breast
ROW35996,4016,survey-multi-select,24,308967,0,P0958,STUDY0008,SESS1289,0,"{""Q0"":[""shape""]}",category_organization_semblocked,bottle
ROW35997,6423,survey-multi-select,25,315392,0,P0958,STUDY0008,SESS1289,0,"{""Q0"":[""material""]}",category_organization_semblocked,tape
ROW35998,4511,survey-multi-select,26,319904,0,P0958,STUDY0008,SESS1289,0,"{""Q0"":[""none of these""]}",category_organization_semblocked,trash can
ROW35999,1311,html-button-response,27,321215,0,P0958,STUDY0008,SESS1289,0,0,category_section_intro,
ROW36000,6703,survey-multi-select,28,327920,0,P0958,STUDY0008,SESS1289,0,"{""Q0"":[""color"",""material""]}",category_organization_semblocked,light
ROW36001,1248,html-button-response,29,329169,0,P0958,STUDY0008,SESS1289,0,0,category_section_intro,
ROW36002,11310,survey-multi-select,30,340480,0,P0958,STUDY0008,SESS1289,0,"{""Q0"":[""none of these""]}",category_organization_semblocked,beach
ROW36003,5881,survey-multi-select,31,346362,0,P0958,STUDY0008,SESS1289,0,"{""Q0"":[""none of these""]}",category_organization_semblocked,passion fruit
ROW36004,2966,survey-multi-select,32,349329,0,P0958,STUDY0008,SESS1289,0,"{""Q0"":[""none of these""]}",category_organization_semblocked,lavender
ROW36005,1392,html-button-response,33,350721,0,P0958,STUDY0008,SESS1289,0,0,,
ROW36006,3247,instructions,34,353968,0,P0958,STUDY0008,SESS1289,0,,,
ROW36007,5583,instructions,0,5585,0,P1839,STUDY0008,SESS1326,0,,,
ROW36008,3956,html-button-response,1,9542,0,P1839,STUDY0008,SESS1326,0,0,precautions_survey,
ROW36009,4993,html-button-response,2,14536,0,P1839,STUDY0008,SESS1326,0,0,vocabulary_classification_criteria,
ROW36010,5689,html-button-response,3,20226,0,P1839,STUDY0008,SESS1326,0,0,lavender_instruction,
ROW36011,6072,html-button-response,4,26298,0,P1839,STUDY0008,SESS1326,0,0,category_section_intro,
ROW36012,11078,survey-multi-select,5,37378,0,P1839,STUDY0008,SESS1326,0,"{""Q0"":[""none of these""]}",category_organization_semblocked,skate (object)
ROW36013,5704,survey-multi-select,6,43084,0,P1839,STUDY0008,SESS1326,0,"{""Q0"":[""none of these""]}",category_organization_semblocked,trolley
ROW36014,3036,html-button-response,7,46121,0,P1839,STUDY0008,SESS1326,0,0,category_section_intro,
ROW36015,3540,survey-multi-select,8,49662,0,P1839,STUDY0008,SESS1326,0,"{""Q0"":[""none of these""]}",category_organization_semblocked,puppet
ROW36016,2045,html-button-response,9,51709,0,P1839,STUDY0008,SESS1326,0,0,category_section_intro,
ROW36017,8644,survey-multi-select,10,60354,0,P1839,STUDY0008,SESS1326,0,"{""Q0"":[""shape""]}",category_organization_semblocked,dragonfly
ROW36018,3425,survey-multi-select,11,63780,0,P1839,STUDY0008,SESS1326,0,"{""Q0"":[""shape""]}",category_organization_semblocked,eagle
ROW36019,1561,html-button-response,13,72568,0,P1839,STUDY0008,SESS1326,0,0,category_section_intro,
ROW36020,7225,survey-multi-select,12,71006,0,P1839,STUDY0008,SESS1326,0,"{""Q0"":[""shape""]}",category_organization_semblocked,mouse
ROW36021,2489,survey-multi-select,15,81136,0,P1839,STUDY0008,SESS1326,0,"{""Q0"":[""none of these""]}",category_organization_semblocked,sleeve
ROW36022,6077,survey-multi-select,14,78646,0,P1839,STUDY0008,SESS1326,0,"{""Q0"":[""none of these""]}",category_organization_semblocked,earring
ROW36023,1239,html-button-response,16,82376,0,P1839,STUDY0008,SESS1326,0,0,category_section_intro,
ROW36024,4845,survey-multi-select,17,87222,0,P1839,STUDY0008,SESS1326,0,"{""Q0"":[""shape""]}",category_organization_semblocked,bed
ROW36025,1443,html-button-response,20,95769,0,P1839,STUDY0008,SESS1326,0,0,category_section_intro,
ROW36026,5522,survey-multi-select,21,101292,0,P1839,STUDY0008,SESS1326,0,"{""Q0"":[""shape"",""color""]}",category_organization_semblocked,lettuce
ROW36027,4635,survey-multi-select,18,91858,0,P1839,STUDY0008,SESS1326,0,"{""Q0"":[""shape""]}",category_organization_semblocked,elevator
ROW36028,2465,survey-multi-select,19,94325,0,P1839,STUDY0008,SESS1326,0,"{""Q0"":[""shape""]}",category_organization_semblocked,tv
ROW36029,3159,survey-multi-select,22,104452,0,P1839,STUDY0008,SESS1326,0,"{""Q0"":[""shape""]}",category_organization_semblocked,scallion
ROW36030,804,html-button-response,23,105256,0,P1839,STUDY0008,SESS1326,0,0,category_section_intro,
ROW36031,3130,survey-multi-select,24,108387,0,P1839,STUDY0008,SESS1326,0,"{""Q0"":[""shape""]}",category_organization_semblocked,leg
ROW36032,849,html-button-response,25,109237,0,P1839,STUDY0008,SESS1326,0,0,category_section_intro,
ROW36033,5008,survey-multi-select,26,114247,0,P1839,STUDY0008,SESS1326,0,"{""Q0"":[""shape"",""material""]}",category_organization_semblocked,wood
ROW36034,702,html-button-response,27,114949,0,P1839,STUDY0008,SESS1326,0,0,category_section_intro,
ROW36035,3331,survey-multi-select,28,118281,0,P1839,STUDY0008,SESS1326,0,"{""Q0"":[""none of these""]}",category_organization_semblocked,accident
ROW36036,710,html-button-response,29,118991,0,P1839,STUDY0008,SESS1326,0,0,category_section_intro,
ROW36037,6367,survey-multi-select,30,125358,0,P1839,STUDY0008,SESS1326,0,"{""Q0"":[""none of these""]}",category_organization_semblocked,baby food
ROW36038,3700,survey-multi-select,31,129059,0,P1839,STUDY0008,SESS1326,0,"{""Q0"":[""shape""]}",category_organization_semblocked,hill
ROW36039,5751,survey-multi-select,33,137720,0,P1839,STUDY0008,SESS1326,0,"{""Q0"":[""none of these""]}",category_organization_semblocked,tie (action)
ROW36040,756,html-button-response,35,140475,0,P1839,STUDY0008,SESS1326,0,0,,
ROW36041,2908,survey-multi-select,32,131968,0,P1839,STUDY0008,SESS1326,0,"{""Q0"":[""none of these""]}",category_organization_semblocked,market
ROW36042,1997,survey-multi-select,34,139719,0,P1839,STUDY0008,SESS1326,0,"{""Q0"":[""none of these""]}",category_organization_semblocked,lavender
ROW36043,2670,instructions,36,143145,0,P1839,STUDY0008,SESS1326,0,,,
ROW36044,13584,html-button-response,4,68866,0,P1595,STUDY0008,SESS1306,0,0,category_section_intro,
ROW36045,6766,instructions,0,6769,0,P1595,STUDY0008,SESS1306,0,,,
ROW36046,6481,html-button-response,3,55281,0,P1595,STUDY0008,SESS1306,0,0,lavender_instruction,
ROW36047,13745,html-button-response,1,20517,0,P1595,STUDY0008,SESS1306,0,0,precautions_survey,
ROW36048,28280,html-button-response,2,48799,0,P1595,STUDY0008,SESS1306,0,0,vocabulary_classification_criteria,
ROW36049,17388,survey-multi-select,5,86258,0,P1595,STUDY0008,SESS1306,0,"{""Q0"":[""shape""]}",category_organization_semblocked,train
ROW36050,9613,html-button-response,6,95873,0,P1595,STUDY0008,SESS1306,0,0,category_section_intro,
ROW36051,16737,survey-multi-select,7,112612,0,P1595,STUDY0008,SESS1306,0,"{""Q0"":[""shape"",""color"",""material""]}",category_organization_semblocked,cook
ROW36052,6298,survey-multi-select,8,118913,0,P1595,STUDY0008,SESS1306,0,"{""Q0"":[""shape""]}",category_organization_semblocked,mold
ROW36053,9263,survey-multi-select,9,128179,0,P1595,STUDY0008,SESS1306,0,"{""Q0"":[""none of these""]}",category_organization_semblocked,music
ROW36054,2974,html-button-response,10,131154,0,P1595,STUDY0008,SESS1306,0,0,category_section_intro,
ROW36055,19446,survey-multi-select,11,150602,0,P1595,STUDY0008,SESS1306,0,"{""Q0"":[""none of these""]}",category_organization_semblocked,bee
ROW36056,8874,survey-multi-select,12,159478,0,P1595,STUDY0008,SESS1306,0,"{""Q0"":[""shape""]}",category_organization_semblocked,spider
ROW36057,1876,html-button-response,13,161356,0,P1595,STUDY0008,SESS1306,0,0,category_section_intro,
ROW36058,11144,survey-multi-select,14,172502,0,P1595,STUDY0008,SESS1306,0,"{""Q0"":[""shape"",""material""]}",category_organization_semblocked,jacket
ROW36059,2107,html-button-response,15,174611,0,P1595,STUDY0008,SESS1306,0,0,category_section_intro,
ROW36060,13307,survey-multi-select,16,187920,0,P1595,STUDY0008,SESS1306,0,"{""Q0"":[""shape""]}",category_organization_semblocked,chickpea
ROW36061,9604,survey-multi-select,17,197526,0,P1595,STUDY0008,SESS1306,0,"{""Q0"":[""material""]}",category_organization_semblocked,compote
ROW36062,1700,html-button-response,18,199227,0,P1595,STUDY0008,SESS1306,0,0,category_section_intro,
ROW36063,7723,survey-multi-select,19,206952,0,P1595,STUDY0008,SESS1306,0,"{""Q0"":[""shape""]}",category_organization_semblocked,knee
ROW36064,1670,html-button-response,20,208624,0,P1595,STUDY0008,SESS1306,0,0,category_section_intro,
ROW36065,9099,survey-multi-select,21,217726,0,P1595,STUDY0008,SESS1306,0,"{""Q0"":[""shape""]}",category_organization_semblocked,broom
ROW36066,6124,survey-multi-select,22,223852,0,P1595,STUDY0008,SESS1306,0,"{""Q0"":[""shape""]}",category_organization_semblocked,chopstick
ROW36067,10671,survey-multi-select,23,234525,0,P1595,STUDY0008,SESS1306,0,"{""Q0"":[""color"",""material""]}",category_organization_semblocked,straw
ROW36068,10374,survey-multi-select,24,244901,0,P1595,STUDY0008,SESS1306,0,"{""Q0"":[""material""]}",category_organization_semblocked,tape (object)
ROW36069,1553,html-button-response,26,260397,0,P1595,STUDY0008,SESS1306,0,0,category_section_intro,
ROW36070,13938,survey-multi-select,25,258842,0,P1595,STUDY0008,SESS1306,0,"{""Q0"":[""color""]}",category_organization_semblocked,video
ROW36071,13568,survey-multi-select,27,273967,0,P1595,STUDY0008,SESS1306,0,"{""Q0"":[""shape"",""material""]}",category_organization_semblocked,bush
ROW36072,12669,survey-multi-select,28,286638,0,P1595,STUDY0008,SESS1306,0,"{""Q0"":[""shape""]}",category_organization_semblocked,pool
ROW36073,6493,survey-multi-select,29,293133,0,P1595,STUDY0008,SESS1306,0,"{""Q0"":[""shape"",""material""]}",category_organization_semblocked,rock (object)
ROW36074,7304,survey-multi-select,30,300439,0,P1595,STUDY0008,SESS1306,0,"{""Q0"":[""shape""]}",category_organization_semblocked,waves
ROW36075,1716,html-button-response,31,302156,0,P1595,STUDY0008,SESS1306,0,0,category_section_intro,
ROW36076,7014,survey-multi-select,32,309172,0,P1595,STUDY0008,SESS1306,0,"{""Q0"":[""shape""]}",category_organization_semblocked,lizard
ROW36077,3524,survey-multi-select,33,312698,0,P1595,STUDY0008,SESS1306,0,"{""Q0"":[""none of these""]}",category_organization_semblocked,lavender
ROW36078,1665,html-button-response,34,314364,0,P1595,STUDY0008,SESS1306,0,0,,
ROW36079,4207,instructions,35,318572,0,P1595,STUDY0008,SESS1306,0,,,
ROW36080,11625,instructions,0,11631,0,P1507,STUDY0008,SESS1293,0,,,
ROW36081,18259,html-button-response,1,29895,0,P1507,STUDY0008,SESS1293,0,0,precautions_survey,
ROW36082,26700,html-button-response,2,56597,0,P1507,STUDY0008,SESS1293,0,0,vocabulary_classification_criteria,
ROW36083,7622,html-button-response,3,64221,0,P1507,STUDY0008,SESS1293,0,0,lavender_instruction,
ROW36084,14459,html-button-response,4,78683,0,P1507,STUDY0008,SESS1293,0,0,category_section_intro,
ROW36085,10888,survey-multi-select,5,89579,0,P1507,STUDY0008,SESS1293,0,"{""Q0"":[""material""]}",category_organization_semblocked,notebook
ROW36086,19568,survey-multi-select,6,109152,0,P1507,STUDY0008,SESS1293,0,"{""Q0"":[""shape"",""material""]}",category_organization_semblocked,racket
ROW36087,14799,survey-multi-select,8,129580,0,P1507,STUDY0008,SESS1293,0,"{""Q0"":[""none of these""]}",category_organization_semblocked,duck
ROW36088,4665,html-button-response,10,146084,0,P1507,STUDY0008,SESS1293,0,0,category_section_intro,
ROW36089,11827,survey-multi-select,9,141415,0,P1507,STUDY0008,SESS1293,0,"{""Q0"":[""material""]}",category_organization_semblocked,mouse
ROW36090,9129,survey-multi-select,11,155218,0,P1507,STUDY0008,SESS1293,0,"{""Q0"":[""material""]}",category_organization_semblocked,bib
ROW36091,5621,html-button-response,7,114776,0,P1507,STUDY0008,SESS1293,0,0,category_section_intro,
ROW36092,23770,survey-multi-select,12,178992,0,P1507,STUDY0008,SESS1293,0,"{""Q0"":[""color"",""material""]}",category_organization_semblocked,dress shoe
ROW36093,6861,survey-multi-select,13,185857,0,P1507,STUDY0008,SESS1293,0,"{""Q0"":[""material""]}",category_organization_semblocked,tights
ROW36094,6796,html-button-response,14,192656,0,P1507,STUDY0008,SESS1293,0,0,category_section_intro,
ROW36095,14227,survey-multi-select,15,206887,0,P1507,STUDY0008,SESS1293,0,"{""Q0"":[""shape"",""color""]}",category_organization_semblocked,candy
ROW36096,5587,survey-multi-select,17,218276,0,P1507,STUDY0008,SESS1293,0,"{""Q0"":[""shape"",""color""]}",category_organization_semblocked,fruit
ROW36097,5795,survey-multi-select,16,212686,0,P1507,STUDY0008,SESS1293,0,"{""Q0"":[""shape"",""color""]}",category_organization_semblocked,cheerios
ROW36098,5032,survey-multi-select,18,223312,0,P1507,STUDY0008,SESS1293,0,"{""Q0"":[""shape"",""color""]}",category_organization_semblocked,pretzel
ROW36099,3876,html-button-response,20,235334,0,P1507,STUDY0008,SESS1293,0,0,category_section_intro,
ROW36100,8140,survey-multi-select,19,231456,0,P1507,STUDY0008,SESS1293,0,"{""Q0"":[""color""]}",category_organization_semblocked,sugar
ROW36101,5888,survey-multi-select,21,241226,0,P1507,STUDY0008,SESS1293,0,"{""Q0"":[""shape""]}",category_organization_semblocked,belly button
ROW36102,4722,html-button-response,24,264478,0,P1507,STUDY0008,SESS1293,0,0,category_section_intro,
ROW36103,3950,html-button-response,22,245180,0,P1507,STUDY0008,SESS1293,0,0,category_section_intro,
ROW36104,14568,survey-multi-select,23,259754,0,P1507,STUDY0008,SESS1293,0,"{""Q0"":[""shape"",""color""]}",category_organization_semblocked,soap
ROW36105,54347,survey-multi-select,25,318829,0,P1507,STUDY0008,SESS1293,0,"{""Q0"":[""shape"",""color"",""material""]}",category_organization_semblocked,bush
ROW36106,5938,survey-multi-select,26,324770,0,P1507,STUDY0008,SESS1293,0,"{""Q0"":[""shape"",""color""]}",category_organization_semblocked,lake
ROW36107,7206,survey-multi-select,27,331980,0,P1507,STUDY0008,SESS1293,0,"{""Q0"":[""color"",""material""]}",category_organization_semblocked,lawn mower
ROW36108,2688,html-button-response,29,340088,0,P1507,STUDY0008,SESS1293,0,0,category_section_intro,
ROW36109,11902,survey-multi-select,30,351998,0,P1507,STUDY0008,SESS1293,0,"{""Q0"":[""shape"",""color""]}",category_organization_semblocked,cigarette
ROW36110,5414,survey-multi-select,28,337398,0,P1507,STUDY0008,SESS1293,0,"{""Q0"":[""shape"",""color"",""material""]}",category_organization_semblocked,tree
ROW36111,6272,survey-multi-select,31,358274,0,P1507,STUDY0008,SESS1293,0,"{""Q0"":[""shape"",""color"",""material""]}",category_organization_semblocked,football
ROW36112,1682,html-button-response,33,363774,0,P1507,STUDY0008,SESS1293,0,0,,
ROW36114,3810,survey-multi-select,32,362090,0,P1507,STUDY0008,SESS1293,0,"{""Q0"":[""none of these""]}",category_organization_semblocked,lavender
ROW36113,9012,instructions,34,372788,0,P1507,STUDY0008,SESS1293,0,,,
ROW36115,5503,instructions,0,5512,0,P1852,STUDY0008,SESS1315,0,,,
ROW36116,105522,html-button-response,3,121738,0,P1852,STUDY0008,SESS1315,0,0,lavender_instruction,
ROW36117,4423,html-button-response,1,9938,0,P1852,STUDY0008,SESS1315,0,0,precautions_survey,
ROW36118,6275,html-button-response,2,16214,0,P1852,STUDY0008,SESS1315,0,0,vocabulary_classification_criteria,
ROW36119,9312,survey-multi-select,5,136254,0,P1852,STUDY0008,SESS1315,0,"{""Q0"":[""none of these""]}",category_organization_semblocked,firetruck
ROW36120,5191,html-button-response,4,126931,0,P1852,STUDY0008,SESS1315,0,0,category_section_intro,
ROW36121,7808,html-button-response,6,144065,0,P1852,STUDY0008,SESS1315,0,0,category_section_intro,
ROW36122,10641,survey-multi-select,7,154708,0,P1852,STUDY0008,SESS1315,0,"{""Q0"":[""none of these""]}",category_organization_semblocked,gun
ROW36123,6869,html-button-response,1,14537,0,P1892,STUDY0008,SESS1327,0,0,precautions_survey,
ROW36124,7406,html-button-response,2,21944,0,P1892,STUDY0008,SESS1327,0,0,vocabulary_classification_criteria,
ROW36125,7666,instructions,0,7668,0,P1892,STUDY0008,SESS1327,0,,,
ROW36126,4765,html-button-response,3,26709,0,P1892,STUDY0008,SESS1327,0,0,lavender_instruction,
ROW36127,5926,html-button-response,4,32636,0,P1892,STUDY0008,SESS1327,0,0,category_section_intro,
ROW36128,12202,survey-multi-select,5,44840,0,P1892,STUDY0008,SESS1327,0,"{""Q0"":[""shape"",""color""]}",category_organization_semblocked,jeep
ROW36129,24791,html-button-response,8,179501,0,P1852,STUDY0008,SESS1315,0,0,category_section_intro,
ROW36130,5662,survey-multi-select,9,185167,0,P1852,STUDY0008,SESS1315,0,"{""Q0"":[""none of these""]}",category_organization_semblocked,elephant
ROW36131,2829,survey-multi-select,10,187998,0,P1852,STUDY0008,SESS1315,0,"{""Q0"":[""none of these""]}",category_organization_semblocked,lion
ROW36133,3812,survey-multi-select,12,193442,0,P1852,STUDY0008,SESS1315,0,"{""Q0"":[""material""]}",category_organization_semblocked,clothes
ROW36134,8593,survey-multi-select,13,202039,0,P1852,STUDY0008,SESS1315,0,"{""Q0"":[""shape"",""material""]}",category_organization_semblocked,raincoat
ROW36132,1626,html-button-response,11,189627,0,P1852,STUDY0008,SESS1315,0,0,category_section_intro,
ROW36135,4384,survey-multi-select,6,49225,0,P1892,STUDY0008,SESS1327,0,"{""Q0"":[""shape"",""material""]}",category_organization_semblocked,sled
ROW36136,5684,html-button-response,7,54909,0,P1892,STUDY0008,SESS1327,0,0,category_section_intro,
ROW36137,4374,survey-multi-select,8,59284,0,P1892,STUDY0008,SESS1327,0,"{""Q0"":[""shape"",""color"",""material""]}",category_organization_semblocked,cap
ROW36138,4957,survey-multi-select,14,207001,0,P1852,STUDY0008,SESS1315,0,"{""Q0"":[""shape"",""material""]}",category_organization_semblocked,shirt
ROW36139,2472,survey-multi-select,15,209477,0,P1852,STUDY0008,SESS1315,0,"{""Q0"":[""shape"",""material""]}",category_organization_semblocked,t-shirt
ROW36140,28825,html-button-response,16,238304,0,P1852,STUDY0008,SESS1315,0,0,category_section_intro,
ROW36141,5824,survey-multi-select,17,244134,0,P1852,STUDY0008,SESS1315,0,"{""Q0"":[""none of these""]}",category_organization_semblocked,berry
ROW36142,3700,survey-multi-select,9,62985,0,P1892,STUDY0008,SESS1327,0,"{""Q0"":[""shape"",""material""]}",category_organization_semblocked,mask
ROW36143,4055,survey-multi-select,10,67041,0,P1892,STUDY0008,SESS1327,0,"{""Q0"":[""shape"",""material""]}",category_organization_semblocked,tights
ROW36144,3810,survey-multi-select,11,70852,0,P1892,STUDY0008,SESS1327,0,"{""Q0"":[""shape"",""material""]}",category_organization_semblocked,tracksuit
ROW36145,4365,survey-multi-select,18,248501,0,P1852,STUDY0008,SESS1315,0,"{""Q0"":[""material""]}",category_organization_semblocked,pudding
ROW36146,4120,survey-multi-select,19,252624,0,P1852,STUDY0008,SESS1315,0,"{""Q0"":[""none of these""]}",category_organization_semblocked,soy sauce
ROW36147,4783,survey-multi-select,13,78489,0,P1892,STUDY0008,SESS1327,0,"{""Q0"":[""shape"",""material""]}",category_organization_semblocked,oven
ROW36148,2853,html-button-response,12,73705,0,P1892,STUDY0008,SESS1327,0,0,category_section_intro,
ROW36149,3485,html-button-response,14,81975,0,P1892,STUDY0008,SESS1327,0,0,category_section_intro,
ROW36150,1289,html-button-response,20,253915,0,P1852,STUDY0008,SESS1315,0,0,category_section_intro,
ROW36151,4673,survey-multi-select,21,258591,0,P1852,STUDY0008,SESS1315,0,"{""Q0"":[""none of these""]}",category_organization_semblocked,eyebrow
ROW36152,4615,survey-multi-select,22,263210,0,P1852,STUDY0008,SESS1315,0,"{""Q0"":[""shape""]}",category_organization_semblocked,lip
ROW36153,1238,html-button-response,23,264449,0,P1852,STUDY0008,SESS1315,0,0,category_section_intro,
ROW36154,3772,survey-multi-select,15,85748,0,P1892,STUDY0008,SESS1327,0,"{""Q0"":[""shape"",""color"",""material""]}",category_organization_semblocked,honey
ROW36156,4896,survey-multi-select,24,269348,0,P1852,STUDY0008,SESS1315,0,"{""Q0"":[""none of these""]}",category_organization_semblocked,camera
ROW36155,3255,survey-multi-select,16,89004,0,P1892,STUDY0008,SESS1327,0,"{""Q0"":[""shape"",""color"",""material""]}",category_organization_semblocked,jam
ROW36157,2810,survey-multi-select,17,91815,0,P1892,STUDY0008,SESS1327,0,"{""Q0"":[""shape"",""color"",""material""]}",category_organization_semblocked,soy milk
ROW36158,2951,survey-multi-select,18,94767,0,P1892,STUDY0008,SESS1327,0,"{""Q0"":[""shape"",""color"",""material""]}",category_organization_semblocked,soy sauce
ROW36159,1022,html-button-response,19,95790,0,P1892,STUDY0008,SESS1327,0,0,category_section_intro,
ROW36160,2426,survey-multi-select,20,98217,0,P1892,STUDY0008,SESS1327,0,"{""Q0"":[""shape"",""material""]}",category_organization_semblocked,heart
ROW36161,3367,survey-multi-select,25,272718,0,P1852,STUDY0008,SESS1315,0,"{""Q0"":[""material""]}",category_organization_semblocked,medicine
ROW36162,4042,survey-multi-select,26,276762,0,P1852,STUDY0008,SESS1315,0,"{""Q0"":[""shape"",""material""]}",category_organization_semblocked,pill
ROW36163,3555,html-button-response,27,280319,0,P1852,STUDY0008,SESS1315,0,0,category_section_intro,
ROW36164,3641,survey-multi-select,28,283962,0,P1852,STUDY0008,SESS1315,0,"{""Q0"":[""shape""]}",category_organization_semblocked,bridge
ROW36165,1291,html-button-response,21,99508,0,P1892,STUDY0008,SESS1327,0,0,category_section_intro,
ROW36166,2714,survey-multi-select,29,286680,0,P1852,STUDY0008,SESS1315,0,"{""Q0"":[""shape""]}",category_organization_semblocked,shovel
ROW36167,4127,survey-multi-select,30,290810,0,P1852,STUDY0008,SESS1315,0,"{""Q0"":[""shape"",""color"",""material""]}",category_organization_semblocked,snowman
ROW36168,2516,survey-multi-select,22,102025,0,P1892,STUDY0008,SESS1327,0,"{""Q0"":[""shape"",""material""]}",category_organization_semblocked,teapot
ROW36169,3447,survey-multi-select,23,105473,0,P1892,STUDY0008,SESS1327,0,"{""Q0"":[""shape"",""material""]}",category_organization_semblocked,voice recorder
ROW36170,4076,html-button-response,24,109550,0,P1892,STUDY0008,SESS1327,0,0,category_section_intro,
ROW36171,2790,survey-multi-select,25,112341,0,P1892,STUDY0008,SESS1327,0,"{""Q0"":[""shape"",""material""]}",category_organization_semblocked,bookshelf
ROW36172,1930,survey-multi-select,26,114272,0,P1892,STUDY0008,SESS1327,0,"{""Q0"":[""shape"",""material""]}",category_organization_semblocked,cradle
ROW36173,2400,html-button-response,31,293211,0,P1852,STUDY0008,SESS1315,0,0,category_section_intro,
ROW36174,2435,survey-multi-select,33,303816,0,P1852,STUDY0008,SESS1315,0,"{""Q0"":[""none of these""]}",category_organization_semblocked,lavender
ROW36175,8164,survey-multi-select,32,301378,0,P1852,STUDY0008,SESS1315,0,"{""Q0"":[""color""]}",category_organization_semblocked,avocado
ROW36176,1231,html-button-response,34,305049,0,P1852,STUDY0008,SESS1315,0,0,,
ROW36177,1831,survey-multi-select,27,116104,0,P1892,STUDY0008,SESS1327,0,"{""Q0"":[""shape"",""material""]}",category_organization_semblocked,eraser
ROW36178,3037,survey-multi-select,28,119142,0,P1892,STUDY0008,SESS1327,0,"{""Q0"":[""shape"",""color"",""material""]}",category_organization_semblocked,lemonade
ROW36179,4223,survey-multi-select,29,123366,0,P1892,STUDY0008,SESS1327,0,"{""Q0"":[""shape"",""material""]}",category_organization_semblocked,store
ROW36180,1631,survey-multi-select,31,127157,0,P1892,STUDY0008,SESS1327,0,"{""Q0"":[""none of these""]}",category_organization_semblocked,lavender
ROW36181,2158,survey-multi-select,30,125525,0,P1892,STUDY0008,SESS1327,0,"{""Q0"":[""shape"",""material""]}",category_organization_semblocked,store
ROW36182,2524,instructions,35,307574,0,P1852,STUDY0008,SESS1315,0,,,
ROW36183,846,html-button-response,32,128004,0,P1892,STUDY0008,SESS1327,0,0,,
ROW36184,1972,instructions,33,129976,0,P1892,STUDY0008,SESS1327,0,,,
ROW36185,7210,instructions,0,7212,0,P0443,STUDY0008,SESS1305,0,,,
ROW36186,24950,html-button-response,1,32163,0,P0443,STUDY0008,SESS1305,0,0,precautions_survey,
ROW36187,41303,html-button-response,2,73467,0,P0443,STUDY0008,SESS1305,0,0,vocabulary_classification_criteria,
ROW36188,8687,html-button-response,4,88851,0,P0443,STUDY0008,SESS1305,0,0,category_section_intro,
ROW36189,6695,html-button-response,3,80163,0,P0443,STUDY0008,SESS1305,0,0,lavender_instruction,
ROW36190,11038,survey-multi-select,5,99891,0,P0443,STUDY0008,SESS1305,0,"{""Q0"":[""shape""]}",category_organization_semblocked,kayak
ROW36191,9718,survey-multi-select,6,109611,0,P0443,STUDY0008,SESS1305,0,"{""Q0"":[""shape""]}",category_organization_semblocked,tricycle
ROW36192,19215,html-button-response,7,128827,0,P0443,STUDY0008,SESS1305,0,0,category_section_intro,
ROW36193,21175,survey-multi-select,8,150003,0,P0443,STUDY0008,SESS1305,0,"{""Q0"":[""none of these""]}",category_organization_semblocked,swallow (animal)
ROW36194,6191,html-button-response,9,156195,0,P0443,STUDY0008,SESS1305,0,0,category_section_intro,
ROW36195,19535,survey-multi-select,11,186571,0,P0443,STUDY0008,SESS1305,0,"{""Q0"":[""material""]}",category_organization_semblocked,snowsuit
ROW36196,10839,survey-multi-select,10,167035,0,P0443,STUDY0008,SESS1305,0,"{""Q0"":[""shape""]}",category_organization_semblocked,earring
ROW36197,17655,html-button-response,12,204227,0,P0443,STUDY0008,SESS1305,0,0,category_section_intro,
ROW36198,6647,survey-multi-select,13,210875,0,P0443,STUDY0008,SESS1305,0,"{""Q0"":[""shape""]}",category_organization_semblocked,crib
ROW36199,6559,survey-multi-select,14,217435,0,P0443,STUDY0008,SESS1305,0,"{""Q0"":[""material""]}",category_organization_semblocked,gas
ROW36200,15591,html-button-response,15,233027,0,P0443,STUDY0008,SESS1305,0,0,category_section_intro,
ROW36201,16375,survey-multi-select,16,249403,0,P0443,STUDY0008,SESS1305,0,"{""Q0"":[""shape"",""color"",""material""]}",category_organization_semblocked,pear
ROW36202,10671,survey-multi-select,17,260075,0,P0443,STUDY0008,SESS1305,0,"{""Q0"":[""shape"",""color"",""material""]}",category_organization_semblocked,scallion
ROW36203,5503,survey-multi-select,19,271498,0,P0443,STUDY0008,SESS1305,0,"{""Q0"":[""shape""]}",category_organization_semblocked,ankle
ROW36204,5919,html-button-response,18,265994,0,P0443,STUDY0008,SESS1305,0,0,category_section_intro,
ROW36205,4239,html-button-response,20,275738,0,P0443,STUDY0008,SESS1305,0,0,category_section_intro,
ROW36206,5767,survey-multi-select,21,281506,0,P0443,STUDY0008,SESS1305,0,"{""Q0"":[""shape""]}",category_organization_semblocked,chopstick
ROW36207,7191,survey-multi-select,22,288698,0,P0443,STUDY0008,SESS1305,0,"{""Q0"":[""shape""]}",category_organization_semblocked,chopstick
ROW36208,6231,survey-multi-select,23,294930,0,P0443,STUDY0008,SESS1305,0,"{""Q0"":[""color"",""material""]}",category_organization_semblocked,cotton
ROW36209,4935,survey-multi-select,24,299866,0,P0443,STUDY0008,SESS1305,0,"{""Q0"":[""shape""]}",category_organization_semblocked,key
ROW36210,5559,survey-multi-select,25,305426,0,P0443,STUDY0008,SESS1305,0,"{""Q0"":[""shape"",""material""]}",category_organization_semblocked,pill
ROW36211,8247,survey-multi-select,27,316362,0,P0443,STUDY0008,SESS1305,0,"{""Q0"":[""none of these""]}",category_organization_semblocked,accident
ROW36212,2687,html-button-response,26,308114,0,P0443,STUDY0008,SESS1305,0,0,category_section_intro,
ROW36214,4455,survey-multi-select,29,327395,0,P0443,STUDY0008,SESS1305,0,"{""Q0"":[""shape""]}",category_organization_semblocked,sprinkler
ROW36213,6575,survey-multi-select,28,322938,0,P0443,STUDY0008,SESS1305,0,"{""Q0"":[""color"",""material""]}",category_organization_semblocked,rain
ROW36215,2503,html-button-response,30,329898,0,P0443,STUDY0008,SESS1305,0,0,category_section_intro,
ROW36216,8495,survey-multi-select,31,338394,0,P0443,STUDY0008,SESS1305,0,"{""Q0"":[""shape"",""material""]}",category_organization_semblocked,hill
ROW36217,10319,survey-multi-select,32,348714,0,P0443,STUDY0008,SESS1305,0,"{""Q0"":[""shape""]}",category_organization_semblocked,pelican
ROW36218,4343,survey-multi-select,33,353058,0,P0443,STUDY0008,SESS1305,0,"{""Q0"":[""none of these""]}",category_organization_semblocked,lavender
ROW36219,3487,html-button-response,34,356546,0,P0443,STUDY0008,SESS1305,0,0,,
ROW36220,5943,instructions,35,362490,0,P0443,STUDY0008,SESS1305,0,,,
ROW36221,8406,instructions,0,8407,0,P1360,STUDY0008,SESS1309,0,,,
ROW36222,15414,html-button-response,1,23822,0,P1360,STUDY0008,SESS1309,0,0,precautions_survey,
ROW36223,11033,html-button-response,3,62541,0,P1360,STUDY0008,SESS1309,0,0,lavender_instruction,
ROW36224,27685,html-button-response,2,51508,0,P1360,STUDY0008,SESS1309,0,0,vocabulary_classification_criteria,
ROW36225,10212,html-button-response,4,72754,0,P1360,STUDY0008,SESS1309,0,0,category_section_intro,
ROW36226,22780,survey-multi-select,5,95536,0,P1360,STUDY0008,SESS1309,0,"{""Q0"":[""shape"",""color""]}",category_organization_semblocked,crane
ROW36227,7834,html-button-response,6,103369,0,P1360,STUDY0008,SESS1309,0,0,category_section_intro,
ROW36228,10695,survey-multi-select,7,114063,0,P1360,STUDY0008,SESS1309,0,"{""Q0"":[""shape"",""material""]}",category_organization_semblocked,rake (object)
ROW36229,5465,html-button-response,8,119528,0,P1360,STUDY0008,SESS1309,0,0,category_section_intro,
ROW36230,7504,html-button-response,11,143737,0,P1360,STUDY0008,SESS1309,0,0,category_section_intro,
ROW36231,7221,survey-multi-select,10,136232,0,P1360,STUDY0008,SESS1309,0,"{""Q0"":[""shape""]}",category_organization_semblocked,snail
ROW36232,9480,survey-multi-select,9,129009,0,P1360,STUDY0008,SESS1309,0,"{""Q0"":[""shape"",""color""]}",category_organization_semblocked,cockroach
ROW36233,9878,survey-multi-select,12,153615,0,P1360,STUDY0008,SESS1309,0,"{""Q0"":[""color"",""material""]}",category_organization_semblocked,clothing
ROW36234,11854,survey-multi-select,13,165470,0,P1360,STUDY0008,SESS1309,0,"{""Q0"":[""shape"",""color"",""material""]}",category_organization_semblocked,diaper
ROW36235,1135,html-button-response,14,166605,0,P1360,STUDY0008,SESS1309,0,0,category_section_intro,
ROW36236,6664,survey-multi-select,15,173270,0,P1360,STUDY0008,SESS1309,0,"{""Q0"":[""shape"",""color"",""material""]}",category_organization_semblocked,chair
ROW36237,9714,survey-multi-select,16,182985,0,P1360,STUDY0008,SESS1309,0,"{""Q0"":[""shape"",""color"",""material""]}",category_organization_semblocked,couch
ROW36238,22792,survey-multi-select,17,205778,0,P1360,STUDY0008,SESS1309,0,"{""Q0"":[""color""]}",category_organization_semblocked,washing machine
ROW36239,7585,html-button-response,18,213364,0,P1360,STUDY0008,SESS1309,0,0,category_section_intro,
ROW36240,9203,survey-multi-select,20,234011,0,P1360,STUDY0008,SESS1309,0,"{""Q0"":[""color""]}",category_organization_semblocked,jelly
ROW36241,11443,survey-multi-select,19,224807,0,P1360,STUDY0008,SESS1309,0,"{""Q0"":[""color""]}",category_organization_semblocked,butter
ROW36242,18110,survey-multi-select,21,252122,0,P1360,STUDY0008,SESS1309,0,"{""Q0"":[""color""]}",category_organization_semblocked,plum
ROW36243,5758,survey-multi-select,23,259023,0,P1360,STUDY0008,SESS1309,0,"{""Q0"":[""shape"",""color""]}",category_organization_semblocked,eye
ROW36244,1142,html-button-response,22,253264,0,P1360,STUDY0008,SESS1309,0,0,category_section_intro,
ROW36245,7972,survey-multi-select,24,266996,0,P1360,STUDY0008,SESS1309,0,"{""Q0"":[""shape""]}",category_organization_semblocked,neck
ROW36246,9271,survey-multi-select,25,276267,0,P1360,STUDY0008,SESS1309,0,"{""Q0"":[""none of these""]}",category_organization_semblocked,palm
ROW36247,16495,survey-multi-select,26,292763,0,P1360,STUDY0008,SESS1309,0,"{""Q0"":[""color""]}",category_organization_semblocked,tooth
ROW36248,1342,html-button-response,27,294105,0,P1360,STUDY0008,SESS1309,0,0,category_section_intro,
ROW36249,6585,survey-multi-select,28,300691,0,P1360,STUDY0008,SESS1309,0,"{""Q0"":[""material""]}",category_organization_semblocked,pacifier
ROW36250,22176,survey-multi-select,29,322868,0,P1360,STUDY0008,SESS1309,0,"{""Q0"":[""none of these""]}",category_organization_semblocked,watch (object)
ROW36251,1313,html-button-response,30,324181,0,P1360,STUDY0008,SESS1309,0,0,category_section_intro,
ROW36252,4664,survey-multi-select,31,328845,0,P1360,STUDY0008,SESS1309,0,"{""Q0"":[""color""]}",category_organization_semblocked,smoke
ROW36253,8154,html-button-response,32,337000,0,P1360,STUDY0008,SESS1309,0,0,category_section_intro,
ROW36254,5881,html-button-response,1,11771,0,P1717,STUDY0008,SESS1329,0,0,precautions_survey,
ROW36255,5887,instructions,0,5890,0,P1717,STUDY0008,SESS1329,0,,,
ROW36256,2243,html-button-response,35,357196,0,P1360,STUDY0008,SESS1309,0,0,,
ROW36257,3865,survey-multi-select,34,354952,0,P1360,STUDY0008,SESS1309,0,"{""Q0"":[""none of these""]}",category_organization_semblocked,lavender
ROW36258,14086,survey-multi-select,33,351086,0,P1360,STUDY0008,SESS1309,0,"{""Q0"":[""none of these""]}",category_organization_semblocked,pita
ROW36259,15557,html-button-response,2,27329,0,P1717,STUDY0008,SESS1329,0,0,vocabulary_classification_criteria,
ROW36260,3573,html-button-response,4,38147,0,P1717,STUDY0008,SESS1329,0,0,category_section_intro,
ROW36261,7243,html-button-response,3,34573,0,P1717,STUDY0008,SESS1329,0,0,lavender_instruction,
ROW36262,6408,survey-multi-select,5,44557,0,P1717,STUDY0008,SESS1329,0,"{""Q0"":[""none of these""]}",category_organization_semblocked,helicopter
ROW36263,4457,instructions,36,361653,0,P1360,STUDY0008,SESS1309,0,,,
ROW36264,1417,html-button-response,6,45975,0,P1717,STUDY0008,SESS1329,0,0,category_section_intro,
ROW36265,4485,survey-multi-select,7,50461,0,P1717,STUDY0008,SESS1329,0,"{""Q0"":[""shape""]}",category_organization_semblocked,ball
ROW36266,3989,survey-multi-select,8,54451,0,P1717,STUDY0008,SESS1329,0,"{""Q0"":[""none of these""]}",category_organization_semblocked,whistle (object)
ROW36267,1505,html-button-response,9,55957,0,P1717,STUDY0008,SESS1329,0,0,category_section_intro,
ROW36268,5559,survey-multi-select,10,61517,0,P1717,STUDY0008,SESS1329,0,"{""Q0"":[""none of these""]}",category_organization_semblocked,bunny
ROW36269,4273,survey-multi-select,11,65791,0,P1717,STUDY0008,SESS1329,0,"{""Q0"":[""none of these""]}",category_organization_semblocked,calf
ROW36270,2229,survey-multi-select,12,68021,0,P1717,STUDY0008,SESS1329,0,"{""Q0"":[""none of these""]}",category_organization_semblocked,cockroach
ROW36271,2523,survey-multi-select,13,70545,0,P1717,STUDY0008,SESS1329,0,"{""Q0"":[""none of these""]}",category_organization_semblocked,stork
ROW36272,1497,html-button-response,16,76841,0,P1717,STUDY0008,SESS1329,0,0,category_section_intro,
ROW36273,3595,survey-multi-select,15,75343,0,P1717,STUDY0008,SESS1329,0,"{""Q0"":[""material""]}",category_organization_semblocked,tights
ROW36274,1201,html-button-response,14,71747,0,P1717,STUDY0008,SESS1329,0,0,category_section_intro,
ROW36275,3131,survey-multi-select,17,79973,0,P1717,STUDY0008,SESS1329,0,"{""Q0"":[""shape""]}",category_organization_semblocked,bed
ROW36276,1233,html-button-response,18,81207,0,P1717,STUDY0008,SESS1329,0,0,category_section_intro,
ROW36277,4357,survey-multi-select,19,85565,0,P1717,STUDY0008,SESS1329,0,"{""Q0"":[""material""]}",category_organization_semblocked,muffin
ROW36278,3891,survey-multi-select,20,89457,0,P1717,STUDY0008,SESS1329,0,"{""Q0"":[""none of these""]}",category_organization_semblocked,onion
ROW36279,1169,html-button-response,21,90627,0,P1717,STUDY0008,SESS1329,0,0,category_section_intro,
ROW36280,3869,survey-multi-select,22,94497,0,P1717,STUDY0008,SESS1329,0,"{""Q0"":[""shape""]}",category_organization_semblocked,battery
ROW36281,3275,survey-multi-select,23,97773,0,P1717,STUDY0008,SESS1329,0,"{""Q0"":[""shape""]}",category_organization_semblocked,candle
ROW36282,3827,survey-multi-select,24,101601,0,P1717,STUDY0008,SESS1329,0,"{""Q0"":[""shape""]}",category_organization_semblocked,dustpan
ROW36283,2523,survey-multi-select,25,104125,0,P1717,STUDY0008,SESS1329,0,"{""Q0"":[""shape""]}",category_organization_semblocked,fork
ROW36284,1329,html-button-response,29,115805,0,P1717,STUDY0008,SESS1329,0,0,category_section_intro,
ROW36285,3819,survey-multi-select,26,107945,0,P1717,STUDY0008,SESS1329,0,"{""Q0"":[""material""]}",category_organization_semblocked,glass
ROW36286,3051,survey-multi-select,28,114475,0,P1717,STUDY0008,SESS1329,0,"{""Q0"":[""shape""]}",category_organization_semblocked,lighter
ROW36287,3477,survey-multi-select,27,111423,0,P1717,STUDY0008,SESS1329,0,"{""Q0"":[""shape""]}",category_organization_semblocked,knife
ROW36288,3731,survey-multi-select,30,119537,0,P1717,STUDY0008,SESS1329,0,"{""Q0"":[""shape""]}",category_organization_semblocked,hole
ROW36289,1361,html-button-response,31,120899,0,P1717,STUDY0008,SESS1329,0,0,category_section_intro,
ROW36291,3869,survey-multi-select,33,129031,0,P1717,STUDY0008,SESS1329,0,"{""Q0"":[""none of these""]}",category_organization_semblocked,lavender
ROW36290,4261,survey-multi-select,32,125161,0,P1717,STUDY0008,SESS1329,0,"{""Q0"":[""none of these""]}",category_organization_semblocked,vanilla
ROW36292,1297,html-button-response,34,130329,0,P1717,STUDY0008,SESS1329,0,0,,
ROW36293,1562,instructions,35,131891,0,P1717,STUDY0008,SESS1329,0,,,
ROW36294,5874,instructions,0,5875,0,P0339,STUDY0008,SESS1317,0,,,
ROW36295,10510,html-button-response,1,16386,0,P0339,STUDY0008,SESS1317,0,0,precautions_survey,
ROW36296,18096,html-button-response,2,34482,0,P0339,STUDY0008,SESS1317,0,0,vocabulary_classification_criteria,
ROW36297,7513,html-button-response,3,41997,0,P0339,STUDY0008,SESS1317,0,0,lavender_instruction,
ROW36298,8910,survey-multi-select,5,56629,0,P0339,STUDY0008,SESS1317,0,"{""Q0"":[""shape"",""material""]}",category_organization_semblocked,cart
ROW36299,5720,html-button-response,4,47717,0,P0339,STUDY0008,SESS1317,0,0,category_section_intro,
ROW36300,4548,html-button-response,6,61177,0,P0339,STUDY0008,SESS1317,0,0,category_section_intro,
ROW36302,8814,survey-multi-select,9,88569,0,P0339,STUDY0008,SESS1317,0,"{""Q0"":[""color"",""material""]}",category_organization_semblocked,seal (animal)
ROW36301,14605,survey-multi-select,7,75784,0,P0339,STUDY0008,SESS1317,0,"{""Q0"":[""shape"",""color"",""material""]}",category_organization_semblocked,trumpet
ROW36303,3970,html-button-response,8,79754,0,P0339,STUDY0008,SESS1317,0,0,category_section_intro,
ROW36304,4047,html-button-response,11,107654,0,P0339,STUDY0008,SESS1317,0,0,category_section_intro,
ROW36305,15036,survey-multi-select,10,103606,0,P0339,STUDY0008,SESS1317,0,"{""Q0"":[""color"",""material""]}",category_organization_semblocked,tiger
ROW36306,15474,survey-multi-select,12,123129,0,P0339,STUDY0008,SESS1317,0,"{""Q0"":[""shape"",""color"",""material""]}",category_organization_semblocked,button
ROW36307,8309,survey-multi-select,16,167594,0,P0339,STUDY0008,SESS1317,0,"{""Q0"":[""shape"",""material""]}",category_organization_semblocked,microwave
ROW36308,15971,survey-multi-select,15,159284,0,P0339,STUDY0008,SESS1317,0,"{""Q0"":[""shape""]}",category_organization_semblocked,curtain
ROW36309,5572,html-button-response,13,128702,0,P0339,STUDY0008,SESS1317,0,0,category_section_intro,
ROW36310,14610,survey-multi-select,14,143312,0,P0339,STUDY0008,SESS1317,0,"{""Q0"":[""none of these""]}",category_organization_semblocked,bath
ROW36311,2798,html-button-response,17,170392,0,P0339,STUDY0008,SESS1317,0,0,category_section_intro,
ROW36312,15559,survey-multi-select,18,185952,0,P0339,STUDY0008,SESS1317,0,"{""Q0"":[""shape"",""color"",""material""]}",category_organization_semblocked,dessert
ROW36313,9924,survey-multi-select,19,195877,0,P0339,STUDY0008,SESS1317,0,"{""Q0"":[""shape"",""color""]}",category_organization_semblocked,macaroni
ROW36314,14380,survey-multi-select,20,210259,0,P0339,STUDY0008,SESS1317,0,"{""Q0"":[""color""]}",category_organization_semblocked,water (beverage)
ROW36315,5456,html-button-response,21,215715,0,P0339,STUDY0008,SESS1317,0,0,category_section_intro,
ROW36316,7454,survey-multi-select,22,223170,0,P0339,STUDY0008,SESS1317,0,"{""Q0"":[""shape""]}",category_organization_semblocked,tail
ROW36317,6954,survey-multi-select,23,230125,0,P0339,STUDY0008,SESS1317,0,"{""Q0"":[""shape""]}",category_organization_semblocked,waist
ROW36318,4064,html-button-response,24,234190,0,P0339,STUDY0008,SESS1317,0,0,category_section_intro,
ROW36320,5814,survey-multi-select,26,245412,0,P0339,STUDY0008,SESS1317,0,"{""Q0"":[""material""]}",category_organization_semblocked,cloth
ROW36321,2658,html-button-response,29,267147,0,P0339,STUDY0008,SESS1317,0,0,category_section_intro,
ROW36319,5406,survey-multi-select,25,239597,0,P0339,STUDY0008,SESS1317,0,"{""Q0"":[""shape"",""material""]}",category_organization_semblocked,broom
ROW36322,12363,survey-multi-select,28,264488,0,P0339,STUDY0008,SESS1317,0,"{""Q0"":[""none of these""]}",category_organization_semblocked,thing
ROW36323,6711,survey-multi-select,27,252124,0,P0339,STUDY0008,SESS1317,0,"{""Q0"":[""shape"",""color""]}",category_organization_semblocked,penny
ROW36324,10681,survey-multi-select,30,277829,0,P0339,STUDY0008,SESS1317,0,"{""Q0"":[""color""]}",category_organization_semblocked,accident
ROW36325,6314,survey-multi-select,31,284144,0,P0339,STUDY0008,SESS1317,0,"{""Q0"":[""shape"",""color""]}",category_organization_semblocked,river
ROW36326,10736,survey-multi-select,33,297671,0,P0339,STUDY0008,SESS1317,0,"{""Q0"":[""shape"",""color""]}",category_organization_semblocked,pelican
ROW36327,2790,html-button-response,32,286934,0,P0339,STUDY0008,SESS1317,0,0,category_section_intro,
ROW36328,3948,survey-multi-select,34,301620,0,P0339,STUDY0008,SESS1317,0,"{""Q0"":[""none of these""]}",category_organization_semblocked,lavender
ROW36329,2188,html-button-response,35,303809,0,P0339,STUDY0008,SESS1317,0,0,,
ROW36330,4314,instructions,36,308123,0,P0339,STUDY0008,SESS1317,0,,,
ROW36331,40609,instructions,0,40611,0,P0885,STUDY0008,SESS1303,0,,,
ROW36332,27034,html-button-response,1,67646,0,P0885,STUDY0008,SESS1303,0,0,precautions_survey,
ROW36333,107113,html-button-response,2,174760,0,P0885,STUDY0008,SESS1303,0,0,vocabulary_classification_criteria,
ROW36334,8469,html-button-response,4,203338,0,P0885,STUDY0008,SESS1303,0,0,category_section_intro,
ROW36335,20107,html-button-response,3,194868,0,P0885,STUDY0008,SESS1303,0,0,lavender_instruction,
ROW36336,8659,survey-multi-select,5,212000,0,P0885,STUDY0008,SESS1303,0,"{""Q0"":[""material""]}",category_organization_semblocked,clay
ROW36337,3634,survey-multi-select,6,215636,0,P0885,STUDY0008,SESS1303,0,"{""Q0"":[""shape""]}",category_organization_semblocked,doll
ROW36338,2789,html-button-response,7,218426,0,P0885,STUDY0008,SESS1303,0,0,category_section_intro,
ROW36339,6922,survey-multi-select,8,225350,0,P0885,STUDY0008,SESS1303,0,"{""Q0"":[""shape""]}",category_organization_semblocked,mitten
ROW36340,3244,survey-multi-select,10,236440,0,P0885,STUDY0008,SESS1303,0,"{""Q0"":[""shape""]}",category_organization_semblocked,door
ROW36341,2268,survey-multi-select,11,238710,0,P0885,STUDY0008,SESS1303,0,"{""Q0"":[""shape""]}",category_organization_semblocked,table
ROW36342,7843,html-button-response,9,233194,0,P0885,STUDY0008,SESS1303,0,0,category_section_intro,
ROW36343,1739,html-button-response,12,240450,0,P0885,STUDY0008,SESS1303,0,0,category_section_intro,
ROW36344,5213,survey-multi-select,13,245664,0,P0885,STUDY0008,SESS1303,0,"{""Q0"":[""color"",""material""]}",category_organization_semblocked,bread
ROW36345,3282,survey-multi-select,14,248948,0,P0885,STUDY0008,SESS1303,0,"{""Q0"":[""shape"",""color""]}",category_organization_semblocked,carrot
ROW36346,3338,survey-multi-select,15,252288,0,P0885,STUDY0008,SESS1303,0,"{""Q0"":[""shape""]}",category_organization_semblocked,hamburger
ROW36347,5092,survey-multi-select,16,257382,0,P0885,STUDY0008,SESS1303,0,"{""Q0"":[""shape"",""material""]}",category_organization_semblocked,lettuce
ROW36348,6228,survey-multi-select,17,263612,0,P0885,STUDY0008,SESS1303,0,"{""Q0"":[""shape"",""color""]}",category_organization_semblocked,mango
ROW36349,2167,survey-multi-select,18,265780,0,P0885,STUDY0008,SESS1303,0,"{""Q0"":[""shape""]}",category_organization_semblocked,noodles
ROW36350,4098,survey-multi-select,19,269880,0,P0885,STUDY0008,SESS1303,0,"{""Q0"":[""shape""]}",category_organization_semblocked,pineapple
ROW36351,2097,html-button-response,20,271978,0,P0885,STUDY0008,SESS1303,0,0,category_section_intro,
ROW36352,5123,survey-multi-select,21,277102,0,P0885,STUDY0008,SESS1303,0,"{""Q0"":[""shape"",""material""]}",category_organization_semblocked,can (object)
ROW36354,3120,survey-multi-select,23,284850,0,P0885,STUDY0008,SESS1303,0,"{""Q0"":[""shape"",""material""]}",category_organization_semblocked,fork
ROW36353,4624,survey-multi-select,22,281728,0,P0885,STUDY0008,SESS1303,0,"{""Q0"":[""shape"",""material""]}",category_organization_semblocked,cushion
ROW36355,4569,survey-multi-select,24,289420,0,P0885,STUDY0008,SESS1303,0,"{""Q0"":[""none of these""]}",category_organization_semblocked,garbage
ROW36356,15723,html-button-response,25,305144,0,P0885,STUDY0008,SESS1303,0,0,category_section_intro,
ROW36357,101662,survey-multi-select,26,406808,0,P0885,STUDY0008,SESS1303,0,"{""Q0"":[""none of these""]}",category_organization_semblocked,thunder
ROW36358,1579,html-button-response,27,408388,0,P0885,STUDY0008,SESS1303,0,0,category_section_intro,
ROW36359,2167,survey-multi-select,28,410556,0,P0885,STUDY0008,SESS1303,0,"{""Q0"":[""none of these""]}",category_organization_semblocked,and
ROW36360,3126,survey-multi-select,29,413684,0,P0885,STUDY0008,SESS1303,0,"{""Q0"":[""none of these""]}",category_organization_semblocked,nursery
ROW36361,3475,survey-multi-select,30,417160,0,P0885,STUDY0008,SESS1303,0,"{""Q0"":[""material""]}",category_organization_semblocked,pita
ROW36362,1950,survey-multi-select,31,419112,0,P0885,STUDY0008,SESS1303,0,"{""Q0"":[""none of these""]}",category_organization_semblocked,lavender
ROW36363,989,html-button-response,32,420102,0,P0885,STUDY0008,SESS1303,0,0,,
ROW36364,16408,instructions,33,436510,0,P0885,STUDY0008,SESS1303,0,,,
ROW36365,23238,instructions,0,23246,0,P1655,STUDY0008,SESS1330,0,,,
ROW36366,7847,survey-multi-select,5,49791,0,P1655,STUDY0008,SESS1330,0,"{""Q0"":[""shape""]}",category_organization_semblocked,kite
ROW36367,5364,html-button-response,3,39476,0,P1655,STUDY0008,SESS1330,0,0,lavender_instruction,
ROW36368,2457,html-button-response,4,41936,0,P1655,STUDY0008,SESS1330,0,0,category_section_intro,
ROW36369,4476,html-button-response,1,27726,0,P1655,STUDY0008,SESS1330,0,0,precautions_survey,
ROW36370,6382,html-button-response,2,34110,0,P1655,STUDY0008,SESS1330,0,0,vocabulary_classification_criteria,
ROW36371,4215,html-button-response,6,54009,0,P1655,STUDY0008,SESS1330,0,0,category_section_intro,
ROW36372,6697,survey-multi-select,7,60710,0,P1655,STUDY0008,SESS1330,0,"{""Q0"":[""none of these""]}",category_organization_semblocked,calf
ROW36373,6609,survey-multi-select,8,67326,0,P1655,STUDY0008,SESS1330,0,"{""Q0"":[""none of these""]}",category_organization_semblocked,dog
ROW36374,4512,survey-multi-select,9,71842,0,P1655,STUDY0008,SESS1330,0,"{""Q0"":[""none of these""]}",category_organization_semblocked,frog
ROW36375,6573,survey-multi-select,10,78418,0,P1655,STUDY0008,SESS1330,0,"{""Q0"":[""color""]}",category_organization_semblocked,turkey
ROW36376,1272,html-button-response,11,79692,0,P1655,STUDY0008,SESS1330,0,0,category_section_intro,
ROW36377,4905,survey-multi-select,12,84601,0,P1655,STUDY0008,SESS1330,0,"{""Q0"":[""color"",""material""]}",category_organization_semblocked,boots
ROW36378,6134,survey-multi-select,13,90741,0,P1655,STUDY0008,SESS1330,0,"{""Q0"":[""color"",""material""]}",category_organization_semblocked,shoe
ROW36379,3048,html-button-response,14,93791,0,P1655,STUDY0008,SESS1330,0,0,category_section_intro,
ROW36381,5355,survey-multi-select,16,105257,0,P1655,STUDY0008,SESS1330,0,"{""Q0"":[""material""]}",category_organization_semblocked,porch
ROW36382,2048,html-button-response,17,107307,0,P1655,STUDY0008,SESS1330,0,0,category_section_intro,
ROW36380,6103,survey-multi-select,15,99898,0,P1655,STUDY0008,SESS1330,0,"{""Q0"":[""shape""]}",category_organization_semblocked,mirror
ROW36383,7496,survey-multi-select,18,114807,0,P1655,STUDY0008,SESS1330,0,"{""Q0"":[""shape""]}",category_organization_semblocked,bun
ROW36384,5662,survey-multi-select,19,120472,0,P1655,STUDY0008,SESS1330,0,"{""Q0"":[""shape"",""color"",""material""]}",category_organization_semblocked,cheese
ROW36385,4762,survey-multi-select,20,125238,0,P1655,STUDY0008,SESS1330,0,"{""Q0"":[""shape"",""color"",""material""]}",category_organization_semblocked,popsicle
ROW36386,1366,html-button-response,21,126605,0,P1655,STUDY0008,SESS1330,0,0,category_section_intro,
ROW36387,5079,survey-multi-select,22,131689,0,P1655,STUDY0008,SESS1330,0,"{""Q0"":[""shape""]}",category_organization_semblocked,tail
ROW36388,5296,survey-multi-select,23,136989,0,P1655,STUDY0008,SESS1330,0,"{""Q0"":[""shape""]}",category_organization_semblocked,vagina
ROW36389,1680,html-button-response,24,138670,0,P1655,STUDY0008,SESS1330,0,0,category_section_intro,
ROW36390,6513,survey-multi-select,26,156204,0,P1655,STUDY0008,SESS1330,0,"{""Q0"":[""shape"",""color"",""material""]}",category_organization_semblocked,napkin
ROW36391,5623,survey-multi-select,27,161831,0,P1655,STUDY0008,SESS1330,0,"{""Q0"":[""none of these""]}",category_organization_semblocked,neighborhood
ROW36392,11014,survey-multi-select,25,149688,0,P1655,STUDY0008,SESS1330,0,"{""Q0"":[""shape"",""color"",""material""]}",category_organization_semblocked,light (object)
ROW36393,10455,survey-multi-select,29,175029,0,P1655,STUDY0008,SESS1330,0,"{""Q0"":[""color"",""material""]}",category_organization_semblocked,rain
ROW36394,2738,html-button-response,28,164571,0,P1655,STUDY0008,SESS1330,0,0,category_section_intro,
ROW36395,1968,html-button-response,30,177000,0,P1655,STUDY0008,SESS1330,0,0,category_section_intro,
ROW36396,3434,survey-multi-select,32,187185,0,P1655,STUDY0008,SESS1330,0,"{""Q0"":[""none of these""]}",category_organization_semblocked,time
ROW36397,2731,survey-multi-select,33,189919,0,P1655,STUDY0008,SESS1330,0,"{""Q0"":[""none of these""]}",category_organization_semblocked,lavender
ROW36398,6743,survey-multi-select,31,183746,0,P1655,STUDY0008,SESS1330,0,"{""Q0"":[""shape"",""color"",""material""]}",category_organization_semblocked,firewood
ROW36399,1382,html-button-response,34,191303,0,P1655,STUDY0008,SESS1330,0,0,,
ROW36400,1949,instructions,35,193252,0,P1655,STUDY0008,SESS1330,0,,,
ROW36401,6531,html-button-response,3,55921,0,P0114,STUDY0008,SESS1328,0,0,lavender_instruction,
ROW36402,9721,html-button-response,4,65645,0,P0114,STUDY0008,SESS1328,0,0,category_section_intro,
ROW36403,10466,survey-multi-select,5,76122,0,P0114,STUDY0008,SESS1328,0,"{""Q0"":[""shape"",""color""]}",category_organization_semblocked,game
ROW36404,15444,html-button-response,1,25385,0,P0114,STUDY0008,SESS1328,0,0,precautions_survey,
ROW36405,9931,instructions,0,9936,0,P0114,STUDY0008,SESS1328,0,,,
ROW36406,24000,html-button-response,2,49388,0,P0114,STUDY0008,SESS1328,0,0,vocabulary_classification_criteria,
ROW36407,2793,html-button-response,6,78918,0,P0114,STUDY0008,SESS1328,0,0,category_section_intro,
ROW36408,2128,html-button-response,8,92356,0,P0114,STUDY0008,SESS1328,0,0,category_section_intro,
ROW36409,5785,survey-multi-select,9,98148,0,P0114,STUDY0008,SESS1328,0,"{""Q0"":[""material""]}",category_organization_semblocked,slipper
ROW36410,11301,survey-multi-select,7,90226,0,P0114,STUDY0008,SESS1328,0,"{""Q0"":[""color""]}",category_organization_semblocked,elephant
ROW36411,2447,html-button-response,10,100598,0,P0114,STUDY0008,SESS1328,0,0,category_section_intro,
ROW36412,13124,survey-multi-select,11,113728,0,P0114,STUDY0008,SESS1328,0,"{""Q0"":[""none of these""]}",category_organization_semblocked,living room
ROW36413,7720,survey-multi-select,12,121454,0,P0114,STUDY0008,SESS1328,0,"{""Q0"":[""shape""]}",category_organization_semblocked,radiator
ROW36414,3006,html-button-response,13,124463,0,P0114,STUDY0008,SESS1328,0,0,category_section_intro,
ROW36415,17561,survey-multi-select,15,147720,0,P0114,STUDY0008,SESS1328,0,"{""Q0"":[""color""]}",category_organization_semblocked,coke
ROW36416,8274,survey-multi-select,17,164235,0,P0114,STUDY0008,SESS1328,0,"{""Q0"":[""none of these""]}",category_organization_semblocked,pork
ROW36417,8229,survey-multi-select,16,155955,0,P0114,STUDY0008,SESS1328,0,"{""Q0"":[""color""]}",category_organization_semblocked,corn
ROW36418,5685,survey-multi-select,14,130153,0,P0114,STUDY0008,SESS1328,0,"{""Q0"":[""color""]}",category_organization_semblocked,cheese
ROW36419,4592,survey-multi-select,19,170781,0,P0114,STUDY0008,SESS1328,0,"{""Q0"":[""none of these""]}",category_organization_semblocked,belly button
ROW36420,1947,html-button-response,18,166184,0,P0114,STUDY0008,SESS1328,0,0,category_section_intro,
ROW36421,9645,survey-multi-select,20,180433,0,P0114,STUDY0008,SESS1328,0,"{""Q0"":[""shape"",""color""]}",category_organization_semblocked,fingernail
ROW36422,5964,survey-multi-select,21,186402,0,P0114,STUDY0008,SESS1328,0,"{""Q0"":[""shape"",""color""]}",category_organization_semblocked,tongue
ROW36423,6503,survey-multi-select,23,195491,0,P0114,STUDY0008,SESS1328,0,"{""Q0"":[""shape"",""color"",""material""]}",category_organization_semblocked,snowman
ROW36424,2577,html-button-response,22,188982,0,P0114,STUDY0008,SESS1328,0,0,category_section_intro,
ROW36425,2771,html-button-response,25,203683,0,P0114,STUDY0008,SESS1328,0,0,category_section_intro,
ROW36426,5413,survey-multi-select,24,200909,0,P0114,STUDY0008,SESS1328,0,"{""Q0"":[""shape"",""material""]}",category_organization_semblocked,umbrella
ROW36427,5428,survey-multi-select,26,209116,0,P0114,STUDY0008,SESS1328,0,"{""Q0"":[""none of these""]}",category_organization_semblocked,and
ROW36428,7037,survey-multi-select,27,216156,0,P0114,STUDY0008,SESS1328,0,"{""Q0"":[""none of these""]}",category_organization_semblocked,bookshelf
ROW36429,6278,survey-multi-select,29,227877,0,P0114,STUDY0008,SESS1328,0,"{""Q0"":[""color"",""material""]}",category_organization_semblocked,mayonnaise
ROW36430,5431,survey-multi-select,28,221593,0,P0114,STUDY0008,SESS1328,0,"{""Q0"":[""shape""]}",category_organization_semblocked,cot
ROW36431,6320,survey-multi-select,30,234203,0,P0114,STUDY0008,SESS1328,0,"{""Q0"":[""none of these""]}",category_organization_semblocked,salad
ROW36433,4445,survey-multi-select,31,238653,0,P0114,STUDY0008,SESS1328,0,"{""Q0"":[""material""]}",category_organization_semblocked,schnitzel
ROW36432,3156,survey-multi-select,32,241815,0,P0114,STUDY0008,SESS1328,0,"{""Q0"":[""none of these""]}",category_organization_semblocked,lavender
ROW36434,1803,html-button-response,33,243621,0,P0114,STUDY0008,SESS1328,0,0,,
ROW36435,4588,instructions,34,248210,0,P0114,STUDY0008,SESS1328,0,,,
ROW36436,3532,instructions,0,3534,0,P1858,STUDY0008,SESS1339,0,,,
ROW36437,8355,html-button-response,2,13589,0,P1858,STUDY0008,SESS1339,0,0,vocabulary_classification_criteria,
ROW36438,1696,html-button-response,1,5232,0,P1858,STUDY0008,SESS1339,0,0,precautions_survey,
ROW36439,3877,html-button-response,4,23240,0,P1858,STUDY0008,SESS1339,0,0,category_section_intro,
ROW36440,5772,html-button-response,3,19362,0,P1858,STUDY0008,SESS1339,0,0,lavender_instruction,
ROW36441,13179,survey-multi-select,5,36429,0,P1858,STUDY0008,SESS1339,0,"{""Q0"":[""none of these""]}",category_organization_semblocked,airplane
ROW36442,1972,html-button-response,6,38402,0,P1858,STUDY0008,SESS1339,0,0,category_section_intro,
ROW36443,5628,survey-multi-select,7,44031,0,P1858,STUDY0008,SESS1339,0,"{""Q0"":[""shape""]}",category_organization_semblocked,animal
ROW36444,5465,survey-multi-select,8,49499,0,P1858,STUDY0008,SESS1339,0,"{""Q0"":[""none of these""]}",category_organization_semblocked,cat
ROW36445,3823,survey-multi-select,9,53326,0,P1858,STUDY0008,SESS1339,0,"{""Q0"":[""shape"",""material""]}",category_organization_semblocked,teddybear
ROW36446,2656,survey-multi-select,10,55986,0,P1858,STUDY0008,SESS1339,0,"{""Q0"":[""shape""]}",category_organization_semblocked,whale
ROW36447,2181,html-button-response,11,58168,0,P1858,STUDY0008,SESS1339,0,0,category_section_intro,
ROW36448,3496,survey-multi-select,12,61666,0,P1858,STUDY0008,SESS1339,0,"{""Q0"":[""shape"",""color"",""material""]}",category_organization_semblocked,clothing
ROW36449,1703,html-button-response,13,63371,0,P1858,STUDY0008,SESS1339,0,0,category_section_intro,
ROW36450,5752,survey-multi-select,16,74781,0,P1858,STUDY0008,SESS1339,0,"{""Q0"":[""none of these""]}",category_organization_semblocked,pasta
ROW36451,3400,survey-multi-select,14,66772,0,P1858,STUDY0008,SESS1339,0,"{""Q0"":[""shape"",""color"",""material""]}",category_organization_semblocked,sink
ROW36452,2255,html-button-response,15,69028,0,P1858,STUDY0008,SESS1339,0,0,category_section_intro,
ROW36453,4061,survey-multi-select,17,78846,0,P1858,STUDY0008,SESS1339,0,"{""Q0"":[""shape""]}",category_organization_semblocked,pear
ROW36454,2735,survey-multi-select,18,81583,0,P1858,STUDY0008,SESS1339,0,"{""Q0"":[""none of these""]}",category_organization_semblocked,quesadilla
ROW36455,7250,survey-multi-select,20,89818,0,P1858,STUDY0008,SESS1339,0,"{""Q0"":[""none of these""]}",category_organization_semblocked,fingernail
ROW36456,981,html-button-response,19,82566,0,P1858,STUDY0008,SESS1339,0,0,category_section_intro,
ROW36457,1580,html-button-response,21,91399,0,P1858,STUDY0008,SESS1339,0,0,category_section_intro,
ROW36458,3849,survey-multi-select,22,95251,0,P1858,STUDY0008,SESS1339,0,"{""Q0"":[""shape""]}",category_organization_semblocked,fan
ROW36459,3806,survey-multi-select,23,99059,0,P1858,STUDY0008,SESS1339,0,"{""Q0"":[""shape"",""material""]}",category_organization_semblocked,telephone
ROW36460,2556,survey-multi-select,24,101617,0,P1858,STUDY0008,SESS1339,0,"{""Q0"":[""shape"",""material""]}",category_organization_semblocked,toothbrush
ROW36461,2808,survey-multi-select,25,104427,0,P1858,STUDY0008,SESS1339,0,"{""Q0"":[""shape"",""color""]}",category_organization_semblocked,wallet
ROW36463,3454,survey-multi-select,27,109034,0,P1858,STUDY0008,SESS1339,0,"{""Q0"":[""color"",""material""]}",category_organization_semblocked,flower pot
ROW36462,1150,html-button-response,26,105578,0,P1858,STUDY0008,SESS1339,0,0,category_section_intro,
ROW36464,3910,survey-multi-select,28,112946,0,P1858,STUDY0008,SESS1339,0,"{""Q0"":[""shape"",""material""]}",category_organization_semblocked,rock (object)
ROW36465,4630,survey-multi-select,29,117579,0,P1858,STUDY0008,SESS1339,0,"{""Q0"":[""color""]}",category_organization_semblocked,sandbox
ROW36466,3125,survey-multi-select,30,120706,0,P1858,STUDY0008,SESS1339,0,"{""Q0"":[""none of these""]}",category_organization_semblocked,traffic
ROW36467,1216,html-button-response,31,121923,0,P1858,STUDY0008,SESS1339,0,0,category_section_intro,
ROW36468,4095,survey-multi-select,32,126020,0,P1858,STUDY0008,SESS1339,0,"{""Q0"":[""none of these""]}",category_organization_semblocked,pelican
ROW36469,7850,survey-multi-select,33,133874,0,P1858,STUDY0008,SESS1339,0,"{""Q0"":[""none of these""]}",category_organization_semblocked,lavender
ROW36470,1412,html-button-response,34,135287,0,P1858,STUDY0008,SESS1339,0,0,,
ROW36471,4821,instructions,35,140109,0,P1858,STUDY0008,SESS1339,0,,,
ROW36472,4530,instructions,0,4532,0,P0962,STUDY0008,SESS1333,0,,,
ROW36473,34790,html-button-response,1,39324,0,P0962,STUDY0008,SESS1333,0,0,precautions_survey,
ROW36474,74113,html-button-response,2,113397,0,P0962,STUDY0008,SESS1333,0,0,vocabulary_classification_criteria,
ROW36475,9857,survey-multi-select,5,132513,0,P0962,STUDY0008,SESS1333,0,"{""Q0"":[""none of these""]}",category_organization_semblocked,card
ROW36476,5698,html-button-response,4,122653,0,P0962,STUDY0008,SESS1333,0,0,category_section_intro,
ROW36477,3558,html-button-response,3,116955,0,P0962,STUDY0008,SESS1333,0,0,lavender_instruction,
ROW36478,3408,html-button-response,6,135922,0,P0962,STUDY0008,SESS1333,0,0,category_section_intro,
ROW36479,7428,survey-multi-select,7,143352,0,P0962,STUDY0008,SESS1333,0,"{""Q0"":[""none of these""]}",category_organization_semblocked,mosquito
ROW36480,2502,survey-multi-select,8,145856,0,P0962,STUDY0008,SESS1333,0,"{""Q0"":[""color""]}",category_organization_semblocked,peacock
ROW36481,1790,html-button-response,10,153162,0,P0962,STUDY0008,SESS1333,0,0,category_section_intro,
ROW36482,5287,survey-multi-select,11,158450,0,P0962,STUDY0008,SESS1333,0,"{""Q0"":[""shape""]}",category_organization_semblocked,ribbon
ROW36483,5514,survey-multi-select,9,151372,0,P0962,STUDY0008,SESS1333,0,"{""Q0"":[""none of these""]}",category_organization_semblocked,seal (animal)
ROW36484,10330,instructions,0,10331,0,P1177,STUDY0008,SESS1334,0,,,
ROW36485,5888,html-button-response,4,51660,0,P1177,STUDY0008,SESS1334,0,0,category_section_intro,
ROW36486,11716,survey-multi-select,5,63379,0,P1177,STUDY0008,SESS1334,0,"{""Q0"":[""shape"",""material""]}",category_organization_semblocked,balloon
ROW36487,10687,html-button-response,1,21019,0,P1177,STUDY0008,SESS1334,0,0,precautions_survey,
ROW36488,9095,html-button-response,3,45771,0,P1177,STUDY0008,SESS1334,0,0,lavender_instruction,
ROW36489,15655,html-button-response,2,36675,0,P1177,STUDY0008,SESS1334,0,0,vocabulary_classification_criteria,
ROW36490,6222,survey-multi-select,10,89818,0,P1177,STUDY0008,SESS1334,0,"{""Q0"":[""shape"",""color""]}",category_organization_semblocked,elephant
ROW36491,3358,survey-multi-select,11,93178,0,P1177,STUDY0008,SESS1334,0,"{""Q0"":[""shape""]}",category_organization_semblocked,puppy
ROW36492,5185,html-button-response,9,83596,0,P1177,STUDY0008,SESS1334,0,0,category_section_intro,
ROW36493,4758,survey-multi-select,6,68138,0,P1177,STUDY0008,SESS1334,0,"{""Q0"":[""color"",""material""]}",category_organization_semblocked,glue (object)
ROW36494,5248,survey-multi-select,7,73387,0,P1177,STUDY0008,SESS1334,0,"{""Q0"":[""shape""]}",category_organization_semblocked,pen
ROW36495,5022,survey-multi-select,8,78410,0,P1177,STUDY0008,SESS1334,0,"{""Q0"":[""shape"",""material""]}",category_organization_semblocked,rake (object)
ROW36496,5039,survey-multi-select,13,101915,0,P1177,STUDY0008,SESS1334,0,"{""Q0"":[""shape"",""material""]}",category_organization_semblocked,belt
ROW36497,3015,survey-multi-select,14,104930,0,P1177,STUDY0008,SESS1334,0,"{""Q0"":[""shape"",""material""]}",category_organization_semblocked,ribbon
ROW36498,3697,html-button-response,12,96875,0,P1177,STUDY0008,SESS1334,0,0,category_section_intro,
ROW36499,2463,html-button-response,15,107394,0,P1177,STUDY0008,SESS1334,0,0,category_section_intro,
ROW36500,5463,survey-multi-select,16,112858,0,P1177,STUDY0008,SESS1334,0,"{""Q0"":[""shape"",""material""]}",category_organization_semblocked,table
ROW36501,1599,html-button-response,17,114458,0,P1177,STUDY0008,SESS1334,0,0,category_section_intro,
ROW36502,3895,survey-multi-select,20,134290,0,P1177,STUDY0008,SESS1334,0,"{""Q0"":[""shape"",""material""]}",category_organization_semblocked,meatball
ROW36503,8558,survey-multi-select,18,123018,0,P1177,STUDY0008,SESS1334,0,"{""Q0"":[""shape"",""material""]}",category_organization_semblocked,atole
ROW36504,7375,survey-multi-select,19,130394,0,P1177,STUDY0008,SESS1334,0,"{""Q0"":[""none of these""]}",category_organization_semblocked,food
ROW36505,2078,survey-multi-select,23,143898,0,P1177,STUDY0008,SESS1334,0,"{""Q0"":[""shape"",""material""]}",category_organization_semblocked,pie
ROW36506,3151,survey-multi-select,22,141819,0,P1177,STUDY0008,SESS1334,0,"{""Q0"":[""shape"",""material""]}",category_organization_semblocked,pie
ROW36507,4375,survey-multi-select,21,138666,0,P1177,STUDY0008,SESS1334,0,"{""Q0"":[""shape"",""color""]}",category_organization_semblocked,mushroom
ROW36508,2969,survey-multi-select,24,146867,0,P1177,STUDY0008,SESS1334,0,"{""Q0"":[""material""]}",category_organization_semblocked,smoothie
ROW36509,2735,survey-multi-select,28,168105,0,P1177,STUDY0008,SESS1334,0,"{""Q0"":[""material""]}",category_organization_semblocked,tissue
ROW36510,12550,survey-multi-select,25,159418,0,P1177,STUDY0008,SESS1334,0,"{""Q0"":[""shape"",""color"",""material""]}",category_organization_semblocked,watermelon
ROW36511,1776,html-button-response,26,161194,0,P1177,STUDY0008,SESS1334,0,0,category_section_intro,
ROW36512,4174,survey-multi-select,27,165369,0,P1177,STUDY0008,SESS1334,0,"{""Q0"":[""shape""]}",category_organization_semblocked,jar
ROW36513,3272,html-button-response,29,171378,0,P1177,STUDY0008,SESS1334,0,0,category_section_intro,
ROW36514,3936,survey-multi-select,30,175315,0,P1177,STUDY0008,SESS1334,0,"{""Q0"":[""color"",""material""]}",category_organization_semblocked,orange juice
ROW36515,1087,html-button-response,32,179634,0,P1177,STUDY0008,SESS1334,0,0,,
ROW36516,3231,survey-multi-select,31,178546,0,P1177,STUDY0008,SESS1334,0,"{""Q0"":[""none of these""]}",category_organization_semblocked,lavender
ROW36517,3848,instructions,33,183482,0,P1177,STUDY0008,SESS1334,0,,,
ROW36518,8931,html-button-response,1,12531,0,P1549,STUDY0008,SESS1341,0,0,precautions_survey,
ROW36519,3597,instructions,0,3599,0,P1549,STUDY0008,SESS1341,0,,,
ROW36520,10010,survey-multi-select,5,44211,0,P1549,STUDY0008,SESS1341,0,"{""Q0"":[""shape"",""color"",""material""]}",category_organization_semblocked,goal
ROW36521,4447,html-button-response,4,34199,0,P1549,STUDY0008,SESS1341,0,0,category_section_intro,
ROW36522,12265,html-button-response,2,24796,0,P1549,STUDY0008,SESS1341,0,0,vocabulary_classification_criteria,
ROW36523,4954,html-button-response,3,29751,0,P1549,STUDY0008,SESS1341,0,0,lavender_instruction,
ROW36524,3111,html-button-response,7,54435,0,P1549,STUDY0008,SESS1341,0,0,category_section_intro,
ROW36525,7110,survey-multi-select,6,51323,0,P1549,STUDY0008,SESS1341,0,"{""Q0"":[""material""]}",category_organization_semblocked,puppet
ROW36526,4573,survey-multi-select,8,59009,0,P1549,STUDY0008,SESS1341,0,"{""Q0"":[""shape""]}",category_organization_semblocked,swallow (animal)
ROW36527,1341,html-button-response,9,60350,0,P1549,STUDY0008,SESS1341,0,0,category_section_intro,
ROW36528,6164,survey-multi-select,10,66515,0,P1549,STUDY0008,SESS1341,0,"{""Q0"":[""shape"",""material""]}",category_organization_semblocked,beads
ROW36529,5424,survey-multi-select,11,71940,0,P1549,STUDY0008,SESS1341,0,"{""Q0"":[""material""]}",category_organization_semblocked,hair clip
ROW36530,4802,survey-multi-select,12,76743,0,P1549,STUDY0008,SESS1341,0,"{""Q0"":[""shape"",""color"",""material""]}",category_organization_semblocked,slipper
ROW36531,1311,html-button-response,13,78055,0,P1549,STUDY0008,SESS1341,0,0,category_section_intro,
ROW36532,5259,survey-multi-select,14,83315,0,P1549,STUDY0008,SESS1341,0,"{""Q0"":[""shape"",""material""]}",category_organization_semblocked,faucet
ROW36533,4436,survey-multi-select,15,87752,0,P1549,STUDY0008,SESS1341,0,"{""Q0"":[""shape"",""material""]}",category_organization_semblocked,hair dryer
ROW36534,6174,survey-multi-select,16,93927,0,P1549,STUDY0008,SESS1341,0,"{""Q0"":[""shape""]}",category_organization_semblocked,microwave
ROW36535,7478,survey-multi-select,17,101407,0,P1549,STUDY0008,SESS1341,0,"{""Q0"":[""none of these""]}",category_organization_semblocked,potty
ROW36536,6232,survey-multi-select,18,107640,0,P1549,STUDY0008,SESS1341,0,"{""Q0"":[""material""]}",category_organization_semblocked,wardrobe
ROW36537,1116,html-button-response,19,108757,0,P1549,STUDY0008,SESS1341,0,0,category_section_intro,
ROW36538,2940,survey-multi-select,20,111697,0,P1549,STUDY0008,SESS1341,0,"{""Q0"":[""color""]}",category_organization_semblocked,coffee
ROW36539,5897,survey-multi-select,21,117595,0,P1549,STUDY0008,SESS1341,0,"{""Q0"":[""color"",""material""]}",category_organization_semblocked,gum
ROW36540,4923,survey-multi-select,22,122519,0,P1549,STUDY0008,SESS1341,0,"{""Q0"":[""shape"",""color""]}",category_organization_semblocked,sausage
ROW36541,2374,html-button-response,23,124893,0,P1549,STUDY0008,SESS1341,0,0,category_section_intro,
ROW36542,4807,survey-multi-select,24,129700,0,P1549,STUDY0008,SESS1341,0,"{""Q0"":[""shape"",""material""]}",category_organization_semblocked,cushion
ROW36543,4487,survey-multi-select,25,134188,0,P1549,STUDY0008,SESS1341,0,"{""Q0"":[""shape"",""material""]}",category_organization_semblocked,dish
ROW36544,4445,survey-multi-select,26,138635,0,P1549,STUDY0008,SESS1341,0,"{""Q0"":[""shape"",""material""]}",category_organization_semblocked,sponge
ROW36545,6455,survey-multi-select,28,146195,0,P1549,STUDY0008,SESS1341,0,"{""Q0"":[""shape""]}",category_organization_semblocked,fireplace
ROW36546,1103,html-button-response,27,139738,0,P1549,STUDY0008,SESS1341,0,0,category_section_intro,
ROW36547,3503,survey-multi-select,29,149699,0,P1549,STUDY0008,SESS1341,0,"{""Q0"":[""shape""]}",category_organization_semblocked,sidewalk
ROW36548,1282,html-button-response,30,150981,0,P1549,STUDY0008,SESS1341,0,0,category_section_intro,
ROW36549,6539,survey-multi-select,31,157521,0,P1549,STUDY0008,SESS1341,0,"{""Q0"":[""color"",""material""]}",category_organization_semblocked,rug
ROW36550,2975,survey-multi-select,32,160497,0,P1549,STUDY0008,SESS1341,0,"{""Q0"":[""none of these""]}",category_organization_semblocked,lavender
ROW36551,1614,instructions,34,163409,0,P1549,STUDY0008,SESS1341,0,,,
ROW36552,1297,html-button-response,33,161794,0,P1549,STUDY0008,SESS1341,0,0,,
ROW36553,6777,instructions,0,6779,0,P0093,STUDY0008,SESS1336,0,,,
ROW36554,6871,html-button-response,3,46659,0,P0093,STUDY0008,SESS1336,0,0,lavender_instruction,
ROW36555,7527,html-button-response,4,54187,0,P0093,STUDY0008,SESS1336,0,0,category_section_intro,
ROW36556,12040,html-button-response,1,18821,0,P0093,STUDY0008,SESS1336,0,0,precautions_survey,
ROW36557,20965,html-button-response,2,39787,0,P0093,STUDY0008,SESS1336,0,0,vocabulary_classification_criteria,
ROW36558,12056,survey-multi-select,5,66245,0,P0093,STUDY0008,SESS1336,0,"{""Q0"":[""shape""]}",category_organization_semblocked,locomotive
ROW36559,5924,survey-multi-select,6,72172,0,P0093,STUDY0008,SESS1336,0,"{""Q0"":[""shape""]}",category_organization_semblocked,sled
ROW36560,6566,survey-multi-select,9,86270,0,P0093,STUDY0008,SESS1336,0,"{""Q0"":[""shape"",""material""]}",category_organization_semblocked,crayon
ROW36561,2635,html-button-response,10,88905,0,P0093,STUDY0008,SESS1336,0,0,category_section_intro,
ROW36562,3033,html-button-response,8,79702,0,P0093,STUDY0008,SESS1336,0,0,category_section_intro,
ROW36563,4494,survey-multi-select,7,76668,0,P0093,STUDY0008,SESS1336,0,"{""Q0"":[""shape""]}",category_organization_semblocked,tricycle
ROW36564,8961,survey-multi-select,11,97867,0,P0093,STUDY0008,SESS1336,0,"{""Q0"":[""shape"",""color""]}",category_organization_semblocked,alligator
ROW36565,3936,survey-multi-select,12,101805,0,P0093,STUDY0008,SESS1336,0,"{""Q0"":[""shape""]}",category_organization_semblocked,dinosaur
ROW36566,4899,survey-multi-select,13,106705,0,P0093,STUDY0008,SESS1336,0,"{""Q0"":[""shape""]}",category_organization_semblocked,hedgehog
ROW36567,3025,survey-multi-select,14,109732,0,P0093,STUDY0008,SESS1336,0,"{""Q0"":[""shape""]}",category_organization_semblocked,kangaroo
ROW36568,1130,html-button-response,16,116585,0,P0093,STUDY0008,SESS1336,0,0,category_section_intro,
ROW36569,5721,survey-multi-select,15,115455,0,P0093,STUDY0008,SESS1336,0,"{""Q0"":[""shape"",""color""]}",category_organization_semblocked,swallow (animal)
ROW36570,6475,survey-multi-select,17,123061,0,P0093,STUDY0008,SESS1336,0,"{""Q0"":[""shape"",""color"",""material""]}",category_organization_semblocked,clothes
ROW36571,3908,survey-multi-select,18,126971,0,P0093,STUDY0008,SESS1336,0,"{""Q0"":[""shape"",""color"",""material""]}",category_organization_semblocked,sweater
ROW36572,1280,html-button-response,19,128252,0,P0093,STUDY0008,SESS1336,0,0,category_section_intro,
ROW36573,4001,survey-multi-select,21,149367,0,P0093,STUDY0008,SESS1336,0,"{""Q0"":[""shape""]}",category_organization_semblocked,hair dryer
ROW36574,17111,survey-multi-select,20,145365,0,P0093,STUDY0008,SESS1336,0,"{""Q0"":[""shape"",""color"",""material""]}",category_organization_semblocked,drawer
ROW36575,8741,survey-multi-select,22,158109,0,P0093,STUDY0008,SESS1336,0,"{""Q0"":[""shape"",""material""]}",category_organization_semblocked,window
ROW36576,1992,html-button-response,23,160102,0,P0093,STUDY0008,SESS1336,0,0,category_section_intro,
ROW36577,4146,survey-multi-select,26,169934,0,P0093,STUDY0008,SESS1336,0,"{""Q0"":[""shape"",""material""]}",category_organization_semblocked,blanket
ROW36578,4488,survey-multi-select,24,164592,0,P0093,STUDY0008,SESS1336,0,"{""Q0"":[""material""]}",category_organization_semblocked,vinegar
ROW36579,1194,html-button-response,25,165787,0,P0093,STUDY0008,SESS1336,0,0,category_section_intro,
ROW36580,1369,html-button-response,29,180626,0,P0093,STUDY0008,SESS1336,0,0,category_section_intro,
ROW36581,3718,survey-multi-select,28,179256,0,P0093,STUDY0008,SESS1336,0,"{""Q0"":[""shape"",""material""]}",category_organization_semblocked,soap
ROW36582,5602,survey-multi-select,27,175538,0,P0093,STUDY0008,SESS1336,0,"{""Q0"":[""shape""]}",category_organization_semblocked,light (object)
ROW36583,3057,survey-multi-select,31,186998,0,P0093,STUDY0008,SESS1336,0,"{""Q0"":[""shape""]}",category_organization_semblocked,tower
ROW36584,3312,survey-multi-select,30,183940,0,P0093,STUDY0008,SESS1336,0,"{""Q0"":[""shape""]}",category_organization_semblocked,sailboat
ROW36585,1355,html-button-response,33,190622,0,P0093,STUDY0008,SESS1336,0,0,,
ROW36586,2267,survey-multi-select,32,189267,0,P0093,STUDY0008,SESS1336,0,"{""Q0"":[""none of these""]}",category_organization_semblocked,lavender
ROW36587,3118,instructions,34,193741,0,P0093,STUDY0008,SESS1336,0,,,
ROW36588,7575,instructions,0,7579,0,P1876,STUDY0008,SESS1338,0,,,
ROW36589,2619,html-button-response,1,10201,0,P1876,STUDY0008,SESS1338,0,0,precautions_survey,
ROW36590,28779,html-button-response,2,38982,0,P1876,STUDY0008,SESS1338,0,0,vocabulary_classification_criteria,
ROW36591,7312,html-button-response,3,46296,0,P1876,STUDY0008,SESS1338,0,0,lavender_instruction,
ROW36592,11252,html-button-response,4,57550,0,P1876,STUDY0008,SESS1338,0,0,category_section_intro,
ROW36593,9186,survey-multi-select,5,66860,0,P1876,STUDY0008,SESS1338,0,"{""Q0"":[""shape""]}",category_organization_semblocked,cassava
ROW36594,4763,survey-multi-select,6,71627,0,P1876,STUDY0008,SESS1338,0,"{""Q0"":[""shape""]}",category_organization_semblocked,lollipop
ROW36595,5385,survey-multi-select,7,77016,0,P1876,STUDY0008,SESS1338,0,"{""Q0"":[""color""]}",category_organization_semblocked,milk
ROW36596,3917,survey-multi-select,9,88900,0,P1876,STUDY0008,SESS1338,0,"{""Q0"":[""material""]}",category_organization_semblocked,peanut
ROW36597,7960,survey-multi-select,8,84979,0,P1876,STUDY0008,SESS1338,0,"{""Q0"":[""shape""]}",category_organization_semblocked,papaya
ROW36598,5206,survey-multi-select,10,94110,0,P1876,STUDY0008,SESS1338,0,"{""Q0"":[""material""]}",category_organization_semblocked,sauce
ROW36599,5237,survey-multi-select,11,99352,0,P1876,STUDY0008,SESS1338,0,"{""Q0"":[""shape"",""color""]}",category_organization_semblocked,tarhana
ROW36600,3380,survey-multi-select,12,102735,0,P1876,STUDY0008,SESS1338,0,"{""Q0"":[""shape""]}",category_organization_semblocked,tuna
ROW36601,15330,html-button-response,13,118068,0,P1876,STUDY0008,SESS1338,0,0,category_section_intro,
ROW36602,6776,survey-multi-select,14,124850,0,P1876,STUDY0008,SESS1338,0,"{""Q0"":[""shape""]}",category_organization_semblocked,belly button
ROW36603,5257,survey-multi-select,15,130111,0,P1876,STUDY0008,SESS1338,0,"{""Q0"":[""shape""]}",category_organization_semblocked,hip
ROW36604,5982,survey-multi-select,16,136097,0,P1876,STUDY0008,SESS1338,0,"{""Q0"":[""color"",""material""]}",category_organization_semblocked,tooth
ROW36605,2950,html-button-response,17,139048,0,P1876,STUDY0008,SESS1338,0,0,category_section_intro,
ROW36606,4909,survey-multi-select,18,143962,0,P1876,STUDY0008,SESS1338,0,"{""Q0"":[""material""]}",category_organization_semblocked,mop (object)
ROW36607,4345,survey-multi-select,19,148309,0,P1876,STUDY0008,SESS1338,0,"{""Q0"":[""material""]}",category_organization_semblocked,napkin
ROW36608,3304,survey-multi-select,20,151617,0,P1876,STUDY0008,SESS1338,0,"{""Q0"":[""material""]}",category_organization_semblocked,rope
ROW36609,3800,survey-multi-select,21,155421,0,P1876,STUDY0008,SESS1338,0,"{""Q0"":[""material""]}",category_organization_semblocked,teapot
ROW36610,3669,survey-multi-select,22,159095,0,P1876,STUDY0008,SESS1338,0,"{""Q0"":[""material""]}",category_organization_semblocked,thing
ROW36611,2021,html-button-response,23,161117,0,P1876,STUDY0008,SESS1338,0,0,category_section_intro,
ROW36612,4913,survey-multi-select,24,166034,0,P1876,STUDY0008,SESS1338,0,"{""Q0"":[""material""]}",category_organization_semblocked,pipe
ROW36613,7217,survey-multi-select,26,176600,0,P1876,STUDY0008,SESS1338,0,"{""Q0"":[""shape""]}",category_organization_semblocked,wind
ROW36614,3342,survey-multi-select,25,169379,0,P1876,STUDY0008,SESS1338,0,"{""Q0"":[""material""]}",category_organization_semblocked,snow
ROW36615,2040,html-button-response,27,178641,0,P1876,STUDY0008,SESS1338,0,0,category_section_intro,
ROW36616,4106,survey-multi-select,29,187902,0,P1876,STUDY0008,SESS1338,0,"{""Q0"":[""none of these""]}",category_organization_semblocked,lavender
ROW36617,5148,survey-multi-select,28,183793,0,P1876,STUDY0008,SESS1338,0,"{""Q0"":[""shape""]}",category_organization_semblocked,llama
ROW36618,1841,html-button-response,30,189745,0,P1876,STUDY0008,SESS1338,0,0,,
ROW36619,3503,instructions,31,193249,0,P1876,STUDY0008,SESS1338,0,,,
ROW36620,7652,instructions,0,7654,0,P1889,STUDY0008,SESS1335,0,,,
ROW36621,8199,html-button-response,1,15855,0,P1889,STUDY0008,SESS1335,0,0,precautions_survey,
ROW36622,12356,html-button-response,4,46760,0,P1889,STUDY0008,SESS1335,0,0,category_section_intro,
ROW36623,11930,html-button-response,2,27787,0,P1889,STUDY0008,SESS1335,0,0,vocabulary_classification_criteria,
ROW36624,7952,survey-multi-select,5,54717,0,P1889,STUDY0008,SESS1335,0,"{""Q0"":[""shape"",""material""]}",category_organization_semblocked,bubbles
ROW36625,6613,html-button-response,3,34402,0,P1889,STUDY0008,SESS1335,0,0,lavender_instruction,
ROW36626,6195,html-button-response,6,60913,0,P1889,STUDY0008,SESS1335,0,0,category_section_intro,
ROW36627,6428,html-button-response,8,77147,0,P1889,STUDY0008,SESS1335,0,0,category_section_intro,
ROW36628,9801,survey-multi-select,7,70717,0,P1889,STUDY0008,SESS1335,0,"{""Q0"":[""none of these""]}",category_organization_semblocked,piglet
ROW36629,5004,survey-multi-select,10,99044,0,P1889,STUDY0008,SESS1335,0,"{""Q0"":[""shape""]}",category_organization_semblocked,drawer
ROW36630,3310,survey-multi-select,11,102356,0,P1889,STUDY0008,SESS1335,0,"{""Q0"":[""shape""]}",category_organization_semblocked,rocking chair
ROW36631,16888,survey-multi-select,9,94037,0,P1889,STUDY0008,SESS1335,0,"{""Q0"":[""none of these""]}",category_organization_semblocked,bench
ROW36632,2878,survey-multi-select,12,105237,0,P1889,STUDY0008,SESS1335,0,"{""Q0"":[""shape""]}",category_organization_semblocked,table
ROW36633,5857,html-button-response,13,111096,0,P1889,STUDY0008,SESS1335,0,0,category_section_intro,
ROW36634,8482,survey-multi-select,14,119580,0,P1889,STUDY0008,SESS1335,0,"{""Q0"":[""shape"",""color"",""material""]}",category_organization_semblocked,apricot
ROW36635,8508,survey-multi-select,15,128091,0,P1889,STUDY0008,SESS1335,0,"{""Q0"":[""shape"",""material""]}",category_organization_semblocked,biscuit
ROW36636,4972,survey-multi-select,18,146061,0,P1889,STUDY0008,SESS1335,0,"{""Q0"":[""material""]}",category_organization_semblocked,soy sauce
ROW36637,6640,survey-multi-select,17,141086,0,P1889,STUDY0008,SESS1335,0,"{""Q0"":[""shape"",""material""]}",category_organization_semblocked,pastry
ROW36638,3889,html-button-response,19,149951,0,P1889,STUDY0008,SESS1335,0,0,category_section_intro,
ROW36639,6536,survey-multi-select,20,156490,0,P1889,STUDY0008,SESS1335,0,"{""Q0"":[""shape""]}",category_organization_semblocked,back
ROW36640,6351,survey-multi-select,16,134444,0,P1889,STUDY0008,SESS1335,0,"{""Q0"":[""shape"",""color"",""material""]}",category_organization_semblocked,orange (food)
ROW36641,2981,survey-multi-select,21,159473,0,P1889,STUDY0008,SESS1335,0,"{""Q0"":[""shape""]}",category_organization_semblocked,gut
ROW36642,3191,html-button-response,22,162666,0,P1889,STUDY0008,SESS1335,0,0,category_section_intro,
ROW36643,7923,survey-multi-select,23,170591,0,P1889,STUDY0008,SESS1335,0,"{""Q0"":[""shape"",""material""]}",category_organization_semblocked,pacifier
ROW36644,4587,survey-multi-select,24,175181,0,P1889,STUDY0008,SESS1335,0,"{""Q0"":[""shape""]}",category_organization_semblocked,vacuum cleaner
ROW36645,6872,survey-multi-select,25,182056,0,P1889,STUDY0008,SESS1335,0,"{""Q0"":[""shape""]}",category_organization_semblocked,watch (object)
ROW36646,24740,instructions,0,24740,0,P1846,STUDY0008,SESS1288,0,,,
ROW36647,7851,html-button-response,1,32593,0,P1846,STUDY0008,SESS1288,0,0,precautions_survey,
ROW36648,19113,html-button-response,2,51706,0,P1846,STUDY0008,SESS1288,0,0,vocabulary_classification_criteria,
ROW36649,321178,html-button-response,3,372869,0,P1846,STUDY0008,SESS1288,0,0,lavender_instruction,
ROW36650,200026,html-button-response,4,572885,0,P1846,STUDY0008,SESS1288,0,0,category_section_intro,
ROW36651,6746,survey-multi-select,5,579637,0,P1846,STUDY0008,SESS1288,0,"{""Q0"":[""shape""]}",category_organization_semblocked,ship
ROW36652,3662,html-button-response,6,583300,0,P1846,STUDY0008,SESS1288,0,0,category_section_intro,
ROW36653,4617,survey-multi-select,7,587918,0,P1846,STUDY0008,SESS1288,0,"{""Q0"":[""color""]}",category_organization_semblocked,painting
ROW36654,4914,survey-multi-select,8,592835,0,P1846,STUDY0008,SESS1288,0,"{""Q0"":[""shape"",""color"",""material""]}",category_organization_semblocked,pen/pencil
ROW36655,3004,html-button-response,9,595840,0,P1846,STUDY0008,SESS1288,0,0,category_section_intro,
ROW36656,3465,survey-multi-select,11,603318,0,P1846,STUDY0008,SESS1288,0,"{""Q0"":[""shape"",""color""]}",category_organization_semblocked,crow
ROW36657,4009,survey-multi-select,10,599851,0,P1846,STUDY0008,SESS1288,0,"{""Q0"":[""shape"",""color""]}",category_organization_semblocked,crocodile
ROW36658,5582,survey-multi-select,13,611435,0,P1846,STUDY0008,SESS1288,0,"{""Q0"":[""shape"",""color"",""material""]}",category_organization_semblocked,bathroom
ROW36659,2532,html-button-response,12,605851,0,P1846,STUDY0008,SESS1288,0,0,category_section_intro,
ROW36660,1433,html-button-response,14,612869,0,P1846,STUDY0008,SESS1288,0,0,category_section_intro,
ROW36661,3580,survey-multi-select,15,616451,0,P1846,STUDY0008,SESS1288,0,"{""Q0"":[""shape"",""color""]}",category_organization_semblocked,pork
ROW36662,1031,html-button-response,17,622018,0,P1846,STUDY0008,SESS1288,0,0,category_section_intro,
ROW36663,4533,survey-multi-select,16,620985,0,P1846,STUDY0008,SESS1288,0,"{""Q0"":[""color""]}",category_organization_semblocked,sour cream
ROW36664,5298,survey-multi-select,18,627317,0,P1846,STUDY0008,SESS1288,0,"{""Q0"":[""shape"",""color""]}",category_organization_semblocked,brain
ROW36665,4565,survey-multi-select,19,631884,0,P1846,STUDY0008,SESS1288,0,"{""Q0"":[""shape""]}",category_organization_semblocked,chin
ROW36666,2332,html-button-response,20,634218,0,P1846,STUDY0008,SESS1288,0,0,category_section_intro,
ROW36667,5705,survey-multi-select,21,639924,0,P1846,STUDY0008,SESS1288,0,"{""Q0"":[""shape"",""color"",""material""]}",category_organization_semblocked,bandaid
ROW36668,2979,survey-multi-select,23,646033,0,P1846,STUDY0008,SESS1288,0,"{""Q0"":[""shape"",""color"",""material""]}",category_organization_semblocked,rag
ROW36669,3127,survey-multi-select,22,643052,0,P1846,STUDY0008,SESS1288,0,"{""Q0"":[""shape"",""color"",""material""]}",category_organization_semblocked,coin
ROW36670,4182,survey-multi-select,24,650217,0,P1846,STUDY0008,SESS1288,0,"{""Q0"":[""shape"",""color"",""material""]}",category_organization_semblocked,towel
ROW36671,6085,survey-multi-select,25,656303,0,P1846,STUDY0008,SESS1288,0,"{""Q0"":[""material""]}",category_organization_semblocked,trash
ROW36672,3300,survey-multi-select,28,662918,0,P1846,STUDY0008,SESS1288,0,"{""Q0"":[""shape"",""color"",""material""]}",category_organization_semblocked,doorbell
ROW36673,1230,html-button-response,27,659616,0,P1846,STUDY0008,SESS1288,0,0,category_section_intro,
ROW36674,2080,survey-multi-select,26,658385,0,P1846,STUDY0008,SESS1288,0,"{""Q0"":[""material""]}",category_organization_semblocked,trash
ROW36675,3648,html-button-response,29,666567,0,P1846,STUDY0008,SESS1288,0,0,category_section_intro,
ROW36676,3266,survey-multi-select,30,669834,0,P1846,STUDY0008,SESS1288,0,"{""Q0"":[""shape"",""color""]}",category_organization_semblocked,seagull
ROW36677,4316,survey-multi-select,31,674152,0,P1846,STUDY0008,SESS1288,0,"{""Q0"":[""shape""]}",category_organization_semblocked,tram
ROW36678,2480,survey-multi-select,32,676634,0,P1846,STUDY0008,SESS1288,0,"{""Q0"":[""none of these""]}",category_organization_semblocked,wombat
ROW36679,4368,survey-multi-select,33,681003,0,P1846,STUDY0008,SESS1288,0,"{""Q0"":[""color""]}",category_organization_semblocked,lavender
ROW36680,3988,instructions,35,687352,0,P1846,STUDY0008,SESS1288,0,,,
ROW36681,2361,html-button-response,34,683365,0,P1846,STUDY0008,SESS1288,0,0,,
ROW36682,9243,instructions,0,9248,0,P0980,STUDY0008,SESS1332,0,,,
ROW36683,11088,html-button-response,1,20339,0,P0980,STUDY0008,SESS1332,0,0,precautions_survey,
ROW36684,16853,html-button-response,2,37193,0,P0980,STUDY0008,SESS1332,0,0,vocabulary_classification_criteria,
ROW36685,20117,html-button-response,3,57312,0,P0980,STUDY0008,SESS1332,0,0,lavender_instruction,
ROW36686,18683,html-button-response,4,75995,0,P0980,STUDY0008,SESS1332,0,0,category_section_intro,
ROW36687,29675,survey-multi-select,5,105674,0,P0980,STUDY0008,SESS1332,0,"{""Q0"":[""shape"",""color"",""material""]}",category_organization_semblocked,locomotive
ROW36688,5609,survey-multi-select,6,111286,0,P0980,STUDY0008,SESS1332,0,"{""Q0"":[""shape"",""color"",""material""]}",category_organization_semblocked,train
ROW36689,7221,survey-multi-select,7,118510,0,P0980,STUDY0008,SESS1332,0,"{""Q0"":[""shape"",""color"",""material""]}",category_organization_semblocked,trolley
ROW36690,32559,html-button-response,8,151070,0,P0980,STUDY0008,SESS1332,0,0,category_section_intro,
ROW36691,79394,survey-multi-select,9,230466,0,P0980,STUDY0008,SESS1332,0,"{""Q0"":[""shape"",""color"",""material""]}",category_organization_semblocked,robot
ROW36692,4452,survey-multi-select,10,234920,0,P0980,STUDY0008,SESS1332,0,"{""Q0"":[""shape"",""color"",""material""]}",category_organization_semblocked,sticker
ROW36693,2769,html-button-response,11,237690,0,P0980,STUDY0008,SESS1332,0,0,category_section_intro,
ROW36694,5884,survey-multi-select,12,243577,0,P0980,STUDY0008,SESS1332,0,"{""Q0"":[""shape"",""color"",""material""]}",category_organization_semblocked,beads
ROW36695,4591,html-button-response,13,248169,0,P0980,STUDY0008,SESS1332,0,0,category_section_intro,
ROW36696,8284,survey-multi-select,14,256455,0,P0980,STUDY0008,SESS1332,0,"{""Q0"":[""shape"",""color"",""material""]}",category_organization_semblocked,oven
ROW36697,8245,survey-multi-select,15,264701,0,P0980,STUDY0008,SESS1332,0,"{""Q0"":[""shape"",""color""]}",category_organization_semblocked,puddle
ROW36698,1916,html-button-response,16,266619,0,P0980,STUDY0008,SESS1332,0,0,category_section_intro,
ROW36699,7204,survey-multi-select,17,273825,0,P0980,STUDY0008,SESS1332,0,"{""Q0"":[""color""]}",category_organization_semblocked,applesauce
ROW36700,7818,survey-multi-select,18,281645,0,P0980,STUDY0008,SESS1332,0,"{""Q0"":[""color"",""material""]}",category_organization_semblocked,hot dog
ROW36701,4726,survey-multi-select,19,286373,0,P0980,STUDY0008,SESS1332,0,"{""Q0"":[""color"",""material""]}",category_organization_semblocked,juice
ROW36702,7687,survey-multi-select,20,294063,0,P0980,STUDY0008,SESS1332,0,"{""Q0"":[""shape"",""color"",""material""]}",category_organization_semblocked,meat
ROW36703,5386,survey-multi-select,21,299451,0,P0980,STUDY0008,SESS1332,0,"{""Q0"":[""shape"",""color"",""material""]}",category_organization_semblocked,taco
ROW36704,55072,survey-multi-select,22,354527,0,P0980,STUDY0008,SESS1332,0,"{""Q0"":[""color"",""material""]}",category_organization_semblocked,tarhana
ROW36705,4250,survey-multi-select,23,358779,0,P0980,STUDY0008,SESS1332,0,"{""Q0"":[""shape"",""color""]}",category_organization_semblocked,tomato
ROW36706,1740,html-button-response,24,360521,0,P0980,STUDY0008,SESS1332,0,0,category_section_intro,
ROW36707,8839,survey-multi-select,25,369361,0,P0980,STUDY0008,SESS1332,0,"{""Q0"":[""shape"",""color"",""material""]}",category_organization_semblocked,light (object)
ROW36708,3832,survey-multi-select,26,373196,0,P0980,STUDY0008,SESS1332,0,"{""Q0"":[""shape"",""color""]}",category_organization_semblocked,soap
ROW36709,3880,survey-multi-select,27,377078,0,P0980,STUDY0008,SESS1332,0,"{""Q0"":[""shape"",""color"",""material""]}",category_organization_semblocked,voice recorder
ROW36710,1747,html-button-response,28,378826,0,P0980,STUDY0008,SESS1332,0,0,category_section_intro,
ROW36711,27674,instructions,0,27683,0,P1174,STUDY0008,SESS1343,0,,,
ROW36712,15222,html-button-response,1,42907,0,P1174,STUDY0008,SESS1343,0,0,precautions_survey,
ROW36713,7150,survey-multi-select,5,94020,0,P1174,STUDY0008,SESS1343,0,"{""Q0"":[""shape""]}",category_organization_semblocked,boat
ROW36714,13631,html-button-response,3,75843,0,P1174,STUDY0008,SESS1343,0,0,lavender_instruction,
ROW36715,11023,html-button-response,4,86867,0,P1174,STUDY0008,SESS1343,0,0,category_section_intro,
ROW36716,19303,html-button-response,2,62212,0,P1174,STUDY0008,SESS1343,0,0,vocabulary_classification_criteria,
ROW36717,7815,survey-multi-select,8,112220,0,P1174,STUDY0008,SESS1343,0,"{""Q0"":[""none of these""]}",category_organization_semblocked,microphone
ROW36718,2406,html-button-response,9,114627,0,P1174,STUDY0008,SESS1343,0,0,category_section_intro,
ROW36719,5629,survey-multi-select,6,99651,0,P1174,STUDY0008,SESS1343,0,"{""Q0"":[""material""]}",category_organization_semblocked,tractor
ROW36720,4751,html-button-response,7,104404,0,P1174,STUDY0008,SESS1343,0,0,category_section_intro,
ROW36721,6215,survey-multi-select,10,120843,0,P1174,STUDY0008,SESS1343,0,"{""Q0"":[""shape""]}",category_organization_semblocked,bear
ROW36722,2398,survey-multi-select,11,123243,0,P1174,STUDY0008,SESS1343,0,"{""Q0"":[""shape""]}",category_organization_semblocked,cow
ROW36723,4694,survey-multi-select,12,127939,0,P1174,STUDY0008,SESS1343,0,"{""Q0"":[""shape"",""color""]}",category_organization_semblocked,gorilla
ROW36724,1447,html-button-response,14,134396,0,P1174,STUDY0008,SESS1343,0,0,category_section_intro,
ROW36725,5007,survey-multi-select,13,132947,0,P1174,STUDY0008,SESS1343,0,"{""Q0"":[""none of these""]}",category_organization_semblocked,pigeon
ROW36726,4879,survey-multi-select,15,139276,0,P1174,STUDY0008,SESS1343,0,"{""Q0"":[""color""]}",category_organization_semblocked,coat
ROW36727,1159,html-button-response,16,140435,0,P1174,STUDY0008,SESS1343,0,0,category_section_intro,
ROW36728,3639,survey-multi-select,17,144075,0,P1174,STUDY0008,SESS1343,0,"{""Q0"":[""none of these""]}",category_organization_semblocked,drawer
ROW36729,7622,survey-multi-select,22,165299,0,P1174,STUDY0008,SESS1343,0,"{""Q0"":[""shape""]}",category_organization_semblocked,sweet potato
ROW36730,4990,survey-multi-select,21,157675,0,P1174,STUDY0008,SESS1343,0,"{""Q0"":[""color""]}",category_organization_semblocked,steak
ROW36731,2918,survey-multi-select,19,148411,0,P1174,STUDY0008,SESS1343,0,"{""Q0"":[""shape""]}",category_organization_semblocked,donut
ROW36732,4269,survey-multi-select,20,152683,0,P1174,STUDY0008,SESS1343,0,"{""Q0"":[""shape""]}",category_organization_semblocked,pasta
ROW36733,1415,html-button-response,18,145491,0,P1174,STUDY0008,SESS1343,0,0,category_section_intro,
ROW36734,999,html-button-response,23,166299,0,P1174,STUDY0008,SESS1343,0,0,category_section_intro,
ROW36736,2166,survey-multi-select,28,180459,0,P1174,STUDY0008,SESS1343,0,"{""Q0"":[""none of these""]}",category_organization_semblocked,dustpan
ROW36735,5230,survey-multi-select,27,178291,0,P1174,STUDY0008,SESS1343,0,"{""Q0"":[""none of these""]}",category_organization_semblocked,bandaid
ROW36738,3095,survey-multi-select,24,169395,0,P1174,STUDY0008,SESS1343,0,"{""Q0"":[""shape""]}",category_organization_semblocked,back
ROW36737,2638,survey-multi-select,25,172035,0,P1174,STUDY0008,SESS1343,0,"{""Q0"":[""shape""]}",category_organization_semblocked,head
ROW36739,1023,html-button-response,26,173059,0,P1174,STUDY0008,SESS1343,0,0,category_section_intro,
ROW36740,1694,survey-multi-select,29,182154,0,P1174,STUDY0008,SESS1343,0,"{""Q0"":[""none of these""]}",category_organization_semblocked,thing
ROW36741,3958,survey-multi-select,31,187139,0,P1174,STUDY0008,SESS1343,0,"{""Q0"":[""material""]}",category_organization_semblocked,dust
ROW36742,1024,html-button-response,30,183179,0,P1174,STUDY0008,SESS1343,0,0,category_section_intro,
ROW36743,1031,html-button-response,32,188171,0,P1174,STUDY0008,SESS1343,0,0,category_section_intro,
ROW36744,4271,survey-multi-select,33,192443,0,P1174,STUDY0008,SESS1343,0,"{""Q0"":[""color""]}",category_organization_semblocked,orange juice
ROW36745,8166,survey-multi-select,34,200611,0,P1174,STUDY0008,SESS1343,0,"{""Q0"":[""none of these""]}",category_organization_semblocked,lavender
ROW36746,1103,html-button-response,35,201715,0,P1174,STUDY0008,SESS1343,0,0,,
ROW36747,32960,instructions,36,234675,0,P1174,STUDY0008,SESS1343,0,,,
ROW36748,1616,instructions,0,1618,0,P0335,STUDY0008,SESS1346,0,,,
ROW36749,1027,html-button-response,1,2646,0,P0335,STUDY0008,SESS1346,0,0,precautions_survey,
ROW36750,1107,html-button-response,2,3754,0,P0335,STUDY0008,SESS1346,0,0,vocabulary_classification_criteria,
ROW36751,3362,html-button-response,3,7117,0,P0335,STUDY0008,SESS1346,0,0,lavender_instruction,
ROW36752,2274,html-button-response,4,9392,0,P0335,STUDY0008,SESS1346,0,0,category_section_intro,
ROW36753,6143,survey-multi-select,5,15538,0,P0335,STUDY0008,SESS1346,0,"{""Q0"":[""shape"",""color""]}",category_organization_semblocked,ambulance
ROW36754,1269,html-button-response,6,16808,0,P0335,STUDY0008,SESS1346,0,0,category_section_intro,
ROW36755,4686,survey-multi-select,7,21496,0,P0335,STUDY0008,SESS1346,0,"{""Q0"":[""shape"",""color"",""material""]}",category_organization_semblocked,bug
ROW36756,3140,survey-multi-select,8,24638,0,P0335,STUDY0008,SESS1346,0,"{""Q0"":[""shape"",""color""]}",category_organization_semblocked,penguin
ROW36757,1002,html-button-response,9,25641,0,P0335,STUDY0008,SESS1346,0,0,category_section_intro,
ROW36758,5537,survey-multi-select,10,31180,0,P0335,STUDY0008,SESS1346,0,"{""Q0"":[""shape"",""material""]}",category_organization_semblocked,diaper
ROW36759,4402,survey-multi-select,11,35584,0,P0335,STUDY0008,SESS1346,0,"{""Q0"":[""shape"",""material""]}",category_organization_semblocked,headband
ROW36760,996,html-button-response,12,36581,0,P0335,STUDY0008,SESS1346,0,0,category_section_intro,
ROW36761,3688,survey-multi-select,13,40270,0,P0335,STUDY0008,SESS1346,0,"{""Q0"":[""shape"",""color"",""material""]}",category_organization_semblocked,furniture
ROW36762,4781,survey-multi-select,14,45052,0,P0335,STUDY0008,SESS1346,0,"{""Q0"":[""shape"",""material""]}",category_organization_semblocked,rocking chair
ROW36763,1288,html-button-response,15,46342,0,P0335,STUDY0008,SESS1346,0,0,category_section_intro,
ROW36764,5244,survey-multi-select,16,51587,0,P0335,STUDY0008,SESS1346,0,"{""Q0"":[""shape"",""color"",""material""]}",category_organization_semblocked,cabbage
ROW36765,3641,survey-multi-select,17,55229,0,P0335,STUDY0008,SESS1346,0,"{""Q0"":[""shape"",""color"",""material""]}",category_organization_semblocked,cutlet
ROW36766,3180,survey-multi-select,18,58412,0,P0335,STUDY0008,SESS1346,0,"{""Q0"":[""shape"",""material""]}",category_organization_semblocked,plantain
ROW36767,2886,survey-multi-select,19,61299,0,P0335,STUDY0008,SESS1346,0,"{""Q0"":[""shape"",""color"",""material""]}",category_organization_semblocked,raspberry
ROW36768,3252,survey-multi-select,20,64553,0,P0335,STUDY0008,SESS1346,0,"{""Q0"":[""shape"",""material""]}",category_organization_semblocked,sandwich
ROW36769,4383,survey-multi-select,21,68937,0,P0335,STUDY0008,SESS1346,0,"{""Q0"":[""material""]}",category_organization_semblocked,scallion
ROW36770,2206,html-button-response,22,71144,0,P0335,STUDY0008,SESS1346,0,0,category_section_intro,
ROW36771,3459,survey-multi-select,23,74605,0,P0335,STUDY0008,SESS1346,0,"{""Q0"":[""color"",""material""]}",category_organization_semblocked,matches
ROW36772,3830,survey-multi-select,24,78436,0,P0335,STUDY0008,SESS1346,0,"{""Q0"":[""shape"",""material""]}",category_organization_semblocked,napkin
ROW36773,2280,survey-multi-select,25,80717,0,P0335,STUDY0008,SESS1346,0,"{""Q0"":[""shape"",""material""]}",category_organization_semblocked,towel
ROW36774,981,html-button-response,26,81700,0,P0335,STUDY0008,SESS1346,0,0,category_section_intro,
ROW36775,3525,survey-multi-select,27,85226,0,P0335,STUDY0008,SESS1346,0,"{""Q0"":[""material""]}",category_organization_semblocked,avocado
ROW36776,4934,survey-multi-select,28,90162,0,P0335,STUDY0008,SESS1346,0,"{""Q0"":[""color"",""material""]}",category_organization_semblocked,panther
ROW36777,3088,survey-multi-select,29,93251,0,P0335,STUDY0008,SESS1346,0,"{""Q0"":[""color"",""material""]}",category_organization_semblocked,shutter
ROW36778,4138,survey-multi-select,30,97391,0,P0335,STUDY0008,SESS1346,0,"{""Q0"":[""none of these""]}",category_organization_semblocked,yum yum
ROW36779,1942,survey-multi-select,31,99334,0,P0335,STUDY0008,SESS1346,0,"{""Q0"":[""none of these""]}",category_organization_semblocked,lavender
ROW36780,1022,html-button-response,32,100357,0,P0335,STUDY0008,SESS1346,0,0,,
ROW36781,1413,instructions,33,101770,0,P0335,STUDY0008,SESS1346,0,,,
ROW36782,6234,instructions,0,6236,0,P1883,STUDY0008,SESS1344,0,,,
ROW36783,24643,html-button-response,3,60386,0,P1883,STUDY0008,SESS1344,0,0,lavender_instruction,
ROW36784,21591,html-button-response,2,35742,0,P1883,STUDY0008,SESS1344,0,0,vocabulary_classification_criteria,
ROW36785,9613,html-button-response,4,70000,0,P1883,STUDY0008,SESS1344,0,0,category_section_intro,
ROW36786,7913,html-button-response,1,14150,0,P1883,STUDY0008,SESS1344,0,0,precautions_survey,
ROW36787,9856,survey-multi-select,5,79858,0,P1883,STUDY0008,SESS1344,0,"{""Q0"":[""material""]}",category_organization_semblocked,notebook
ROW36788,6433,survey-multi-select,6,86293,0,P1883,STUDY0008,SESS1344,0,"{""Q0"":[""material""]}",category_organization_semblocked,puzzle
ROW36789,7962,html-button-response,7,94257,0,P1883,STUDY0008,SESS1344,0,0,category_section_intro,
ROW36790,8540,survey-multi-select,8,102799,0,P1883,STUDY0008,SESS1344,0,"{""Q0"":[""shape""]}",category_organization_semblocked,bee
ROW36791,4420,survey-multi-select,11,125606,0,P1883,STUDY0008,SESS1344,0,"{""Q0"":[""shape""]}",category_organization_semblocked,parking lot
ROW36792,13304,survey-multi-select,9,116105,0,P1883,STUDY0008,SESS1344,0,"{""Q0"":[""shape""]}",category_organization_semblocked,kitty
ROW36793,5075,html-button-response,10,121182,0,P1883,STUDY0008,SESS1344,0,0,category_section_intro,
ROW36794,5549,survey-multi-select,12,131157,0,P1883,STUDY0008,SESS1344,0,"{""Q0"":[""color""]}",category_organization_semblocked,puddle
ROW36795,3209,html-button-response,13,134367,0,P1883,STUDY0008,SESS1344,0,0,category_section_intro,
ROW36796,3693,survey-multi-select,15,142997,0,P1883,STUDY0008,SESS1344,0,"{""Q0"":[""shape"",""color""]}",category_organization_semblocked,olive
ROW36797,4933,survey-multi-select,14,139302,0,P1883,STUDY0008,SESS1344,0,"{""Q0"":[""shape"",""color""]}",category_organization_semblocked,eggplant
ROW36798,7102,survey-multi-select,16,150101,0,P1883,STUDY0008,SESS1344,0,"{""Q0"":[""none of these""]}",category_organization_semblocked,pastry
ROW36799,4033,survey-multi-select,17,154135,0,P1883,STUDY0008,SESS1344,0,"{""Q0"":[""shape"",""color""]}",category_organization_semblocked,peach
ROW36800,5219,survey-multi-select,18,159355,0,P1883,STUDY0008,SESS1344,0,"{""Q0"":[""shape"",""color""]}",category_organization_semblocked,peas
ROW36801,6313,survey-multi-select,20,172361,0,P1883,STUDY0008,SESS1344,0,"{""Q0"":[""shape""]}",category_organization_semblocked,rice cake
ROW36802,6689,survey-multi-select,19,166046,0,P1883,STUDY0008,SESS1344,0,"{""Q0"":[""color""]}",category_organization_semblocked,pineapple
ROW36803,4876,survey-multi-select,23,186476,0,P1883,STUDY0008,SESS1344,0,"{""Q0"":[""shape""]}",category_organization_semblocked,taco
ROW36804,4466,survey-multi-select,22,181599,0,P1883,STUDY0008,SESS1344,0,"{""Q0"":[""color""]}",category_organization_semblocked,spinach
ROW36805,4768,survey-multi-select,21,177131,0,P1883,STUDY0008,SESS1344,0,"{""Q0"":[""shape""]}",category_organization_semblocked,samosa
ROW36806,2662,html-button-response,24,189139,0,P1883,STUDY0008,SESS1344,0,0,category_section_intro,
ROW36807,7718,survey-multi-select,25,196859,0,P1883,STUDY0008,SESS1344,0,"{""Q0"":[""material""]}",category_organization_semblocked,scissors
ROW36808,3297,html-button-response,26,200156,0,P1883,STUDY0008,SESS1344,0,0,category_section_intro,
ROW36809,5331,survey-multi-select,27,205489,0,P1883,STUDY0008,SESS1344,0,"{""Q0"":[""color""]}",category_organization_semblocked,clementine
ROW36810,4623,survey-multi-select,28,210116,0,P1883,STUDY0008,SESS1344,0,"{""Q0"":[""color""]}",category_organization_semblocked,lizard
ROW36811,5111,survey-multi-select,29,215229,0,P1883,STUDY0008,SESS1344,0,"{""Q0"":[""shape"",""material""]}",category_organization_semblocked,tie (object)
ROW36812,2769,survey-multi-select,30,217999,0,P1883,STUDY0008,SESS1344,0,"{""Q0"":[""none of these""]}",category_organization_semblocked,lavender
ROW36813,1784,html-button-response,31,219784,0,P1883,STUDY0008,SESS1344,0,0,,
ROW36814,6384,instructions,32,226169,0,P1883,STUDY0008,SESS1344,0,,,
ROW36815,4738,instructions,0,4740,0,P1109,STUDY0008,SESS1345,0,,,
ROW36816,10084,html-button-response,1,14825,0,P1109,STUDY0008,SESS1345,0,0,precautions_survey,
ROW36817,15206,html-button-response,2,30032,0,P1109,STUDY0008,SESS1345,0,0,vocabulary_classification_criteria,
ROW36818,5193,html-button-response,3,35225,0,P1109,STUDY0008,SESS1345,0,0,lavender_instruction,
ROW36819,5295,html-button-response,4,40520,0,P1109,STUDY0008,SESS1345,0,0,category_section_intro,
ROW36820,6571,survey-multi-select,5,47093,0,P1109,STUDY0008,SESS1345,0,"{""Q0"":[""shape"",""color""]}",category_organization_semblocked,police car
ROW36821,6071,survey-multi-select,6,53165,0,P1109,STUDY0008,SESS1345,0,"{""Q0"":[""shape"",""material""]}",category_organization_semblocked,skate (object)
ROW36822,13435,survey-multi-select,8,68873,0,P1109,STUDY0008,SESS1345,0,"{""Q0"":[""shape"",""color"",""material""]}",category_organization_semblocked,game
ROW36823,2272,html-button-response,7,55437,0,P1109,STUDY0008,SESS1345,0,0,category_section_intro,
ROW36824,3060,html-button-response,9,71934,0,P1109,STUDY0008,SESS1345,0,0,category_section_intro,
ROW36825,6352,survey-multi-select,10,78286,0,P1109,STUDY0008,SESS1345,0,"{""Q0"":[""shape"",""color""]}",category_organization_semblocked,dragonfly
ROW36826,3715,html-button-response,11,82001,0,P1109,STUDY0008,SESS1345,0,0,category_section_intro,
ROW36827,9669,survey-multi-select,12,91670,0,P1109,STUDY0008,SESS1345,0,"{""Q0"":[""color"",""material""]}",category_organization_semblocked,glove
ROW36828,5253,html-button-response,13,96925,0,P1109,STUDY0008,SESS1345,0,0,category_section_intro,
ROW36829,5716,survey-multi-select,14,102641,0,P1109,STUDY0008,SESS1345,0,"{""Q0"":[""color"",""material""]}",category_organization_semblocked,bench
ROW36830,5445,survey-multi-select,15,108087,0,P1109,STUDY0008,SESS1345,0,"{""Q0"":[""shape"",""color"",""material""]}",category_organization_semblocked,tablecloth
ROW36831,1631,html-button-response,16,109718,0,P1109,STUDY0008,SESS1345,0,0,category_section_intro,
ROW36832,9497,survey-multi-select,17,119216,0,P1109,STUDY0008,SESS1345,0,"{""Q0"":[""shape""]}",category_organization_semblocked,ice
ROW36833,11975,survey-multi-select,18,131192,0,P1109,STUDY0008,SESS1345,0,"{""Q0"":[""shape"",""color""]}",category_organization_semblocked,peach
ROW36834,4643,html-button-response,20,141345,0,P1109,STUDY0008,SESS1345,0,0,category_section_intro,
ROW36835,5508,survey-multi-select,19,136701,0,P1109,STUDY0008,SESS1345,0,"{""Q0"":[""color""]}",category_organization_semblocked,pepper
ROW36836,4042,survey-multi-select,21,145388,0,P1109,STUDY0008,SESS1345,0,"{""Q0"":[""shape""]}",category_organization_semblocked,buttocks
ROW36837,4995,survey-multi-select,22,150384,0,P1109,STUDY0008,SESS1345,0,"{""Q0"":[""shape""]}",category_organization_semblocked,gut
ROW36838,1940,survey-multi-select,23,152324,0,P1109,STUDY0008,SESS1345,0,"{""Q0"":[""shape""]}",category_organization_semblocked,nose
ROW36839,1170,html-button-response,24,153495,0,P1109,STUDY0008,SESS1345,0,0,category_section_intro,
ROW36840,7893,survey-multi-select,25,161388,0,P1109,STUDY0008,SESS1345,0,"{""Q0"":[""color""]}",category_organization_semblocked,medicine
ROW36841,7155,survey-multi-select,27,171495,0,P1109,STUDY0008,SESS1345,0,"{""Q0"":[""shape"",""color""]}",category_organization_semblocked,grass
ROW36842,2951,html-button-response,26,164340,0,P1109,STUDY0008,SESS1345,0,0,category_section_intro,
ROW36843,2158,survey-multi-select,29,180008,0,P1109,STUDY0008,SESS1345,0,"{""Q0"":[""color""]}",category_organization_semblocked,sky
ROW36844,6353,survey-multi-select,28,177849,0,P1109,STUDY0008,SESS1345,0,"{""Q0"":[""shape"",""color""]}",category_organization_semblocked,seesaw
ROW36845,6142,survey-multi-select,30,186150,0,P1109,STUDY0008,SESS1345,0,"{""Q0"":[""color"",""material""]}",category_organization_semblocked,snow
ROW36846,1412,html-button-response,31,187563,0,P1109,STUDY0008,SESS1345,0,0,category_section_intro,
ROW36847,4955,survey-multi-select,32,192519,0,P1109,STUDY0008,SESS1345,0,"{""Q0"":[""shape"",""color"",""material""]}",category_organization_semblocked,bookshelf
ROW36848,8474,survey-multi-select,34,207923,0,P1109,STUDY0008,SESS1345,0,"{""Q0"":[""color""]}",category_organization_semblocked,lavender
ROW36849,6928,survey-multi-select,33,199448,0,P1109,STUDY0008,SESS1345,0,"{""Q0"":[""shape""]}",category_organization_semblocked,tie (action)
ROW36850,1823,html-button-response,35,209746,0,P1109,STUDY0008,SESS1345,0,0,,
ROW36851,2560,instructions,36,212306,0,P1109,STUDY0008,SESS1345,0,,,
ROW36852,7690,html-button-response,1,13020,0,P0727,STUDY0008,SESS1347,0,0,precautions_survey,
ROW36853,5327,instructions,0,5328,0,P0727,STUDY0008,SESS1347,0,,,
ROW36854,14553,html-button-response,2,27574,0,P0727,STUDY0008,SESS1347,0,0,vocabulary_classification_criteria,
ROW36855,4303,html-button-response,3,31878,0,P0727,STUDY0008,SESS1347,0,0,lavender_instruction,
ROW36856,3116,html-button-response,4,34996,0,P0727,STUDY0008,SESS1347,0,0,category_section_intro,
ROW36857,7136,survey-multi-select,5,42136,0,P0727,STUDY0008,SESS1347,0,"{""Q0"":[""shape""]}",category_organization_semblocked,kayak
ROW36858,1383,html-button-response,2,7437,0,P1373,STUDY0008,SESS1348,0,0,vocabulary_classification_criteria,
ROW36859,952,html-button-response,4,58205,0,P1373,STUDY0008,SESS1348,0,0,category_section_intro,
ROW36860,2501,survey-multi-select,5,60709,0,P1373,STUDY0008,SESS1348,0,"{""Q0"":[""shape""]}",category_organization_semblocked,helicopter
ROW36861,4616,instructions,0,4622,0,P1373,STUDY0008,SESS1348,0,,,
ROW36862,1430,html-button-response,1,6053,0,P1373,STUDY0008,SESS1348,0,0,precautions_survey,
ROW36863,49815,html-button-response,3,57253,0,P1373,STUDY0008,SESS1348,0,0,lavender_instruction,
ROW36864,4046,survey-multi-select,11,75621,0,P1373,STUDY0008,SESS1348,0,"{""Q0"":[""shape"",""color""]}",category_organization_semblocked,lion
ROW36865,3646,survey-multi-select,9,69229,0,P1373,STUDY0008,SESS1348,0,"{""Q0"":[""shape"",""color""]}",category_organization_semblocked,bunny
ROW36866,951,html-button-response,6,61662,0,P1373,STUDY0008,SESS1348,0,0,category_section_intro,
ROW36867,2342,survey-multi-select,10,71573,0,P1373,STUDY0008,SESS1348,0,"{""Q0"":[""shape""]}",category_organization_semblocked,donkey
ROW36868,3079,survey-multi-select,7,64742,0,P1373,STUDY0008,SESS1348,0,"{""Q0"":[""shape""]}",category_organization_semblocked,clown
ROW36869,839,html-button-response,8,65582,0,P1373,STUDY0008,SESS1348,0,0,category_section_intro,
ROW36870,1087,html-button-response,12,76710,0,P1373,STUDY0008,SESS1348,0,0,category_section_intro,
ROW36871,6166,survey-multi-select,14,88893,0,P1373,STUDY0008,SESS1348,0,"{""Q0"":[""none of these""]}",category_organization_semblocked,high chair
ROW36872,34942,survey-multi-select,17,127237,0,P1373,STUDY0008,SESS1348,0,"{""Q0"":[""shape"",""color""]}",category_organization_semblocked,cookie
ROW36873,2448,survey-multi-select,16,92293,0,P1373,STUDY0008,SESS1348,0,"{""Q0"":[""shape""]}",category_organization_semblocked,bun
ROW36874,6014,survey-multi-select,13,82725,0,P1373,STUDY0008,SESS1348,0,"{""Q0"":[""color""]}",category_organization_semblocked,carpet
ROW36875,950,html-button-response,15,89845,0,P1373,STUDY0008,SESS1348,0,0,category_section_intro,
ROW36876,10863,survey-multi-select,18,138102,0,P1373,STUDY0008,SESS1348,0,"{""Q0"":[""shape""]}",category_organization_semblocked,sweets
ROW36877,2623,survey-multi-select,22,147750,0,P1373,STUDY0008,SESS1348,0,"{""Q0"":[""shape""]}",category_organization_semblocked,mop (object)
ROW36878,3054,survey-multi-select,20,142013,0,P1373,STUDY0008,SESS1348,0,"{""Q0"":[""shape""]}",category_organization_semblocked,basket
ROW36879,855,html-button-response,19,138958,0,P1373,STUDY0008,SESS1348,0,0,category_section_intro,
ROW36880,3111,survey-multi-select,21,145126,0,P1373,STUDY0008,SESS1348,0,"{""Q0"":[""shape""]}",category_organization_semblocked,can (object)
ROW36881,1534,html-button-response,23,149285,0,P1373,STUDY0008,SESS1348,0,0,category_section_intro,
ROW36882,4871,survey-multi-select,24,154157,0,P1373,STUDY0008,SESS1348,0,"{""Q0"":[""none of these""]}",category_organization_semblocked,doorbell
ROW36883,3927,survey-multi-select,25,158085,0,P1373,STUDY0008,SESS1348,0,"{""Q0"":[""material""]}",category_organization_semblocked,rain
ROW36884,3094,survey-multi-select,29,166357,0,P1373,STUDY0008,SESS1348,0,"{""Q0"":[""none of these""]}",category_organization_semblocked,lizard
ROW36885,968,html-button-response,27,161070,0,P1373,STUDY0008,SESS1348,0,0,category_section_intro,
ROW36886,2014,survey-multi-select,26,160101,0,P1373,STUDY0008,SESS1348,0,"{""Q0"":[""material""]}",category_organization_semblocked,sandbox
ROW36887,2190,survey-multi-select,28,163261,0,P1373,STUDY0008,SESS1348,0,"{""Q0"":[""none of these""]}",category_organization_semblocked,country
ROW36888,1920,survey-multi-select,30,168278,0,P1373,STUDY0008,SESS1348,0,"{""Q0"":[""none of these""]}",category_organization_semblocked,nursery
ROW36889,3838,survey-multi-select,31,172118,0,P1373,STUDY0008,SESS1348,0,"{""Q0"":[""shape""]}",category_organization_semblocked,screwdriver
ROW36890,1231,html-button-response,33,182374,0,P1373,STUDY0008,SESS1348,0,0,,
ROW36891,9022,survey-multi-select,32,181142,0,P1373,STUDY0008,SESS1348,0,"{""Q0"":[""none of these""]}",category_organization_semblocked,lavender
ROW36892,1359,instructions,34,183733,0,P1373,STUDY0008,SESS1348,0,,,
ROW36893,7541,html-button-response,4,87997,0,P1598,STUDY0008,SESS1340,0,0,category_section_intro,
ROW36894,11358,html-button-response,3,80454,0,P1598,STUDY0008,SESS1340,0,0,lavender_instruction,
ROW36895,33927,html-button-response,2,69094,0,P1598,STUDY0008,SESS1340,0,0,vocabulary_classification_criteria,
ROW36896,14200,html-button-response,1,35165,0,P1598,STUDY0008,SESS1340,0,0,precautions_survey,
ROW36897,8006,survey-multi-select,5,96009,0,P1598,STUDY0008,SESS1340,0,"{""Q0"":[""shape""]}",category_organization_semblocked,bicycle
ROW36898,20958,instructions,0,20962,0,P1598,STUDY0008,SESS1340,0,,,
ROW36899,18124,survey-multi-select,7,120306,0,P1598,STUDY0008,SESS1340,0,"{""Q0"":[""shape""]}",category_organization_semblocked,card
ROW36901,8779,survey-multi-select,8,129089,0,P1598,STUDY0008,SESS1340,0,"{""Q0"":[""shape""]}",category_organization_semblocked,drum (object)
ROW36900,6168,html-button-response,6,102179,0,P1598,STUDY0008,SESS1340,0,0,category_section_intro,
ROW36902,16745,survey-multi-select,9,145838,0,P1598,STUDY0008,SESS1340,0,"{""Q0"":[""shape"",""color""]}",category_organization_semblocked,present
ROW36903,3257,html-button-response,10,149096,0,P1598,STUDY0008,SESS1340,0,0,category_section_intro,
ROW36904,11400,survey-multi-select,11,160500,0,P1598,STUDY0008,SESS1340,0,"{""Q0"":[""shape""]}",category_organization_semblocked,stork
ROW36905,2610,html-button-response,12,163112,0,P1598,STUDY0008,SESS1340,0,0,category_section_intro,
ROW36906,7972,survey-multi-select,13,171086,0,P1598,STUDY0008,SESS1340,0,"{""Q0"":[""color""]}",category_organization_semblocked,high chair
ROW36907,2681,html-button-response,15,182256,0,P1598,STUDY0008,SESS1340,0,0,category_section_intro,
ROW36908,8485,survey-multi-select,14,179573,0,P1598,STUDY0008,SESS1340,0,"{""Q0"":[""color""]}",category_organization_semblocked,stove
ROW36909,10383,survey-multi-select,16,192640,0,P1598,STUDY0008,SESS1340,0,"{""Q0"":[""shape""]}",category_organization_semblocked,cereal
ROW36910,5430,survey-multi-select,17,198073,0,P1598,STUDY0008,SESS1340,0,"{""Q0"":[""shape""]}",category_organization_semblocked,sandwich
ROW36911,2365,html-button-response,19,206512,0,P1598,STUDY0008,SESS1340,0,0,category_section_intro,
ROW36912,2288,html-button-response,21,214579,0,P1598,STUDY0008,SESS1340,0,0,category_section_intro,
ROW36913,5775,survey-multi-select,20,212289,0,P1598,STUDY0008,SESS1340,0,"{""Q0"":[""color""]}",category_organization_semblocked,lip
ROW36914,6070,survey-multi-select,18,204145,0,P1598,STUDY0008,SESS1340,0,"{""Q0"":[""color""]}",category_organization_semblocked,sour cream
ROW36915,9501,survey-multi-select,23,232009,0,P1598,STUDY0008,SESS1340,0,"{""Q0"":[""color""]}",category_organization_semblocked,toothpaste
ROW36916,7923,survey-multi-select,22,222505,0,P1598,STUDY0008,SESS1340,0,"{""Q0"":[""color"",""material""]}",category_organization_semblocked,tissue
ROW36917,2419,html-button-response,24,234429,0,P1598,STUDY0008,SESS1340,0,0,category_section_intro,
ROW36918,6186,survey-multi-select,25,240618,0,P1598,STUDY0008,SESS1340,0,"{""Q0"":[""material""]}",category_organization_semblocked,boulder
ROW36919,10788,survey-multi-select,26,251408,0,P1598,STUDY0008,SESS1340,0,"{""Q0"":[""color""]}",category_organization_semblocked,snow
ROW36920,9845,survey-multi-select,27,261255,0,P1598,STUDY0008,SESS1340,0,"{""Q0"":[""shape""]}",category_organization_semblocked,trampoline
ROW36921,2247,html-button-response,28,263503,0,P1598,STUDY0008,SESS1340,0,0,category_section_intro,
ROW36922,13883,survey-multi-select,29,277389,0,P1598,STUDY0008,SESS1340,0,"{""Q0"":[""color"",""material""]}",category_organization_semblocked,onesie
ROW36923,7353,survey-multi-select,31,289106,0,P1598,STUDY0008,SESS1340,0,"{""Q0"":[""color""]}",category_organization_semblocked,plaza
ROW36924,4357,survey-multi-select,30,281748,0,P1598,STUDY0008,SESS1340,0,"{""Q0"":[""shape""]}",category_organization_semblocked,pine cone
ROW36925,11654,survey-multi-select,32,300763,0,P1598,STUDY0008,SESS1340,0,"{""Q0"":[""none of these""]}",category_organization_semblocked,suburb
ROW36926,1772,html-button-response,34,307113,0,P1598,STUDY0008,SESS1340,0,0,,
ROW36927,4575,survey-multi-select,33,305340,0,P1598,STUDY0008,SESS1340,0,"{""Q0"":[""none of these""]}",category_organization_semblocked,lavender
ROW36928,2607,instructions,35,309722,0,P1598,STUDY0008,SESS1340,0,,,
ROW36929,3643,html-button-response,1,6507,0,P1780,STUDY0008,SESS1353,0,0,precautions_survey,
ROW36930,3921,html-button-response,4,21794,0,P1780,STUDY0008,SESS1353,0,0,category_section_intro,
ROW36931,2853,instructions,0,2857,0,P1780,STUDY0008,SESS1353,0,,,
ROW36932,7123,survey-multi-select,5,29078,0,P1780,STUDY0008,SESS1353,0,"{""Q0"":[""shape""]}",category_organization_semblocked,motorcycle
ROW36933,6753,html-button-response,2,13262,0,P1780,STUDY0008,SESS1353,0,0,vocabulary_classification_criteria,
ROW36934,4490,html-button-response,3,17753,0,P1780,STUDY0008,SESS1353,0,0,lavender_instruction,
ROW36935,2342,html-button-response,6,31422,0,P1780,STUDY0008,SESS1353,0,0,category_section_intro,
ROW36936,7711,survey-multi-select,7,39136,0,P1780,STUDY0008,SESS1353,0,"{""Q0"":[""shape""]}",category_organization_semblocked,guitar
ROW36937,2134,html-button-response,8,41272,0,P1780,STUDY0008,SESS1353,0,0,category_section_intro,
ROW36938,8457,survey-multi-select,9,49851,0,P1780,STUDY0008,SESS1353,0,"{""Q0"":[""shape"",""color""]}",category_organization_semblocked,duck
ROW36939,4541,survey-multi-select,10,54396,0,P1780,STUDY0008,SESS1353,0,"{""Q0"":[""shape"",""color""]}",category_organization_semblocked,panda
ROW36940,2393,html-button-response,11,56791,0,P1780,STUDY0008,SESS1353,0,0,category_section_intro,
ROW36941,1830,html-button-response,14,71019,0,P1780,STUDY0008,SESS1353,0,0,category_section_intro,
ROW36942,8217,survey-multi-select,13,69187,0,P1780,STUDY0008,SESS1353,0,"{""Q0"":[""shape"",""material""]}",category_organization_semblocked,headband
ROW36943,4173,survey-multi-select,12,60967,0,P1780,STUDY0008,SESS1353,0,"{""Q0"":[""material""]}",category_organization_semblocked,clothes
ROW36944,4566,survey-multi-select,15,75588,0,P1780,STUDY0008,SESS1353,0,"{""Q0"":[""color""]}",category_organization_semblocked,apricot
ROW36945,4266,survey-multi-select,16,79857,0,P1780,STUDY0008,SESS1353,0,"{""Q0"":[""shape""]}",category_organization_semblocked,croquette
ROW36946,3373,survey-multi-select,17,83233,0,P1780,STUDY0008,SESS1353,0,"{""Q0"":[""color""]}",category_organization_semblocked,lettuce
ROW36947,1350,html-button-response,18,84585,0,P1780,STUDY0008,SESS1353,0,0,category_section_intro,
ROW36948,3917,survey-multi-select,19,88505,0,P1780,STUDY0008,SESS1353,0,"{""Q0"":[""material""]}",category_organization_semblocked,candle
ROW36949,3258,survey-multi-select,20,91766,0,P1780,STUDY0008,SESS1353,0,"{""Q0"":[""shape""]}",category_organization_semblocked,knife
ROW36950,1495,html-button-response,21,93262,0,P1780,STUDY0008,SESS1353,0,0,category_section_intro,
ROW36951,7664,survey-multi-select,22,100930,0,P1780,STUDY0008,SESS1353,0,"{""Q0"":[""color""]}",category_organization_semblocked,frost
ROW36952,1505,html-button-response,26,116189,0,P1780,STUDY0008,SESS1353,0,0,category_section_intro,
ROW36953,3361,survey-multi-select,23,104293,0,P1780,STUDY0008,SESS1353,0,"{""Q0"":[""color""]}",category_organization_semblocked,ground
ROW36954,5285,survey-multi-select,24,109581,0,P1780,STUDY0008,SESS1353,0,"{""Q0"":[""shape""]}",category_organization_semblocked,hose
ROW36955,5098,survey-multi-select,25,114683,0,P1780,STUDY0008,SESS1353,0,"{""Q0"":[""color""]}",category_organization_semblocked,water (not beverage)
ROW36956,3835,survey-multi-select,28,123764,0,P1780,STUDY0008,SESS1353,0,"{""Q0"":[""color""]}",category_organization_semblocked,eraser
ROW36957,3734,survey-multi-select,27,119926,0,P1780,STUDY0008,SESS1353,0,"{""Q0"":[""color""]}",category_organization_semblocked,avocado
ROW36958,5208,survey-multi-select,29,128975,0,P1780,STUDY0008,SESS1353,0,"{""Q0"":[""none of these""]}",category_organization_semblocked,nursery
ROW36959,4347,survey-multi-select,30,133325,0,P1780,STUDY0008,SESS1353,0,"{""Q0"":[""shape""]}",category_organization_semblocked,reindeer
ROW36960,4189,survey-multi-select,31,137519,0,P1780,STUDY0008,SESS1353,0,"{""Q0"":[""none of these""]}",category_organization_semblocked,wombat
ROW36961,3118,survey-multi-select,32,140638,0,P1780,STUDY0008,SESS1353,0,"{""Q0"":[""none of these""]}",category_organization_semblocked,lavender
ROW36962,1936,instructions,34,143968,0,P1780,STUDY0008,SESS1353,0,,,
ROW36963,1391,html-button-response,33,142031,0,P1780,STUDY0008,SESS1353,0,0,,
ROW36964,4843,html-button-response,1,8681,0,P0854,STUDY0008,SESS1352,0,0,precautions_survey,
ROW36966,4732,html-button-response,3,18407,0,P0854,STUDY0008,SESS1352,0,0,lavender_instruction,
ROW36965,3835,instructions,0,3836,0,P0854,STUDY0008,SESS1352,0,,,
ROW36967,4994,html-button-response,2,13675,0,P0854,STUDY0008,SESS1352,0,0,vocabulary_classification_criteria,
ROW36968,2653,html-button-response,4,21061,0,P0854,STUDY0008,SESS1352,0,0,category_section_intro,
ROW36969,6122,survey-multi-select,5,27186,0,P0854,STUDY0008,SESS1352,0,"{""Q0"":[""material""]}",category_organization_semblocked,board game
ROW36970,4916,html-button-response,6,32102,0,P0854,STUDY0008,SESS1352,0,0,category_section_intro,
ROW36971,3893,html-button-response,10,49373,0,P0854,STUDY0008,SESS1352,0,0,category_section_intro,
ROW36972,6715,survey-multi-select,7,38819,0,P0854,STUDY0008,SESS1352,0,"{""Q0"":[""shape"",""color""]}",category_organization_semblocked,fish (animal)
ROW36973,3455,survey-multi-select,8,42276,0,P0854,STUDY0008,SESS1352,0,"{""Q0"":[""color""]}",category_organization_semblocked,kitty
ROW36974,3202,survey-multi-select,9,45479,0,P0854,STUDY0008,SESS1352,0,"{""Q0"":[""color""]}",category_organization_semblocked,tiger
ROW36975,5378,survey-multi-select,11,54753,0,P0854,STUDY0008,SESS1352,0,"{""Q0"":[""shape"",""color"",""material""]}",category_organization_semblocked,dress (object)
ROW36976,6446,html-button-response,4,51635,0,P1181,STUDY0008,SESS1351,0,0,category_section_intro,
ROW36977,16710,html-button-response,3,45187,0,P1181,STUDY0008,SESS1351,0,0,lavender_instruction,
ROW36978,3512,instructions,0,3514,0,P1181,STUDY0008,SESS1351,0,,,
ROW36979,15567,html-button-response,2,28475,0,P1181,STUDY0008,SESS1351,0,0,vocabulary_classification_criteria,
ROW36980,9392,html-button-response,1,12907,0,P1181,STUDY0008,SESS1351,0,0,precautions_survey,
ROW36981,8274,survey-multi-select,5,59913,0,P1181,STUDY0008,SESS1351,0,"{""Q0"":[""material""]}",category_organization_semblocked,notebook
ROW36982,4440,survey-multi-select,6,64355,0,P1181,STUDY0008,SESS1351,0,"{""Q0"":[""color""]}",category_organization_semblocked,painting
ROW36983,3775,html-button-response,7,68131,0,P1181,STUDY0008,SESS1351,0,0,category_section_intro,
ROW36984,5741,survey-multi-select,8,73874,0,P1181,STUDY0008,SESS1351,0,"{""Q0"":[""none of these""]}",category_organization_semblocked,chicken
ROW36985,6335,survey-multi-select,9,80211,0,P1181,STUDY0008,SESS1351,0,"{""Q0"":[""none of these""]}",category_organization_semblocked,fish (animal)
ROW36986,2327,html-button-response,10,82539,0,P1181,STUDY0008,SESS1351,0,0,category_section_intro,
ROW36987,4653,survey-multi-select,11,87194,0,P1181,STUDY0008,SESS1351,0,"{""Q0"":[""material""]}",category_organization_semblocked,pajamas
ROW36988,4238,survey-multi-select,12,91434,0,P1181,STUDY0008,SESS1351,0,"{""Q0"":[""material""]}",category_organization_semblocked,t-shirt
ROW36989,4976,survey-multi-select,13,96411,0,P1181,STUDY0008,SESS1351,0,"{""Q0"":[""material""]}",category_organization_semblocked,underpants
ROW36990,14398,survey-multi-select,15,112819,0,P1181,STUDY0008,SESS1351,0,"{""Q0"":[""none of these""]}",category_organization_semblocked,mushroom
ROW36991,2006,html-button-response,14,98419,0,P1181,STUDY0008,SESS1351,0,0,category_section_intro,
ROW36992,3295,survey-multi-select,17,118987,0,P1181,STUDY0008,SESS1351,0,"{""Q0"":[""none of these""]}",category_organization_semblocked,vegetable
ROW36993,2868,survey-multi-select,16,115690,0,P1181,STUDY0008,SESS1351,0,"{""Q0"":[""none of these""]}",category_organization_semblocked,pomegranate
ROW36994,3767,html-button-response,18,122755,0,P1181,STUDY0008,SESS1351,0,0,category_section_intro,
ROW36995,6422,survey-multi-select,19,129179,0,P1181,STUDY0008,SESS1351,0,"{""Q0"":[""none of these""]}",category_organization_semblocked,knee
ROW36996,1685,survey-multi-select,20,130866,0,P1181,STUDY0008,SESS1351,0,"{""Q0"":[""none of these""]}",category_organization_semblocked,waist
ROW36997,1032,html-button-response,21,131899,0,P1181,STUDY0008,SESS1351,0,0,category_section_intro,
ROW36998,7478,survey-multi-select,22,139379,0,P1181,STUDY0008,SESS1351,0,"{""Q0"":[""material""]}",category_organization_semblocked,coin
ROW36999,4701,survey-multi-select,23,144082,0,P1181,STUDY0008,SESS1351,0,"{""Q0"":[""material""]}",category_organization_semblocked,knife
ROW37000,2903,survey-multi-select,24,146986,0,P1181,STUDY0008,SESS1351,0,"{""Q0"":[""shape""]}",category_organization_semblocked,pan
ROW37001,1997,survey-multi-select,25,148985,0,P1181,STUDY0008,SESS1351,0,"{""Q0"":[""material""]}",category_organization_semblocked,rag
ROW37002,7062,survey-multi-select,27,157354,0,P1181,STUDY0008,SESS1351,0,"{""Q0"":[""shape""]}",category_organization_semblocked,carousel
ROW37003,1304,html-button-response,26,150290,0,P1181,STUDY0008,SESS1351,0,0,category_section_intro,
ROW37004,4199,html-button-response,28,161554,0,P1181,STUDY0008,SESS1351,0,0,category_section_intro,
ROW37005,7685,survey-multi-select,29,169241,0,P1181,STUDY0008,SESS1351,0,"{""Q0"":[""none of these""]}",category_organization_semblocked,alphabet
ROW37006,5672,survey-multi-select,30,174914,0,P1181,STUDY0008,SESS1351,0,"{""Q0"":[""none of these""]}",category_organization_semblocked,broccoli
ROW37007,5245,survey-multi-select,31,180162,0,P1181,STUDY0008,SESS1351,0,"{""Q0"":[""shape""]}",category_organization_semblocked,tower
ROW37008,3126,survey-multi-select,32,183290,0,P1181,STUDY0008,SESS1351,0,"{""Q0"":[""none of these""]}",category_organization_semblocked,lavender
ROW37009,840,html-button-response,33,184131,0,P1181,STUDY0008,SESS1351,0,0,,
ROW37010,2439,instructions,34,186571,0,P1181,STUDY0008,SESS1351,0,,,
ROW37011,2920,instructions,0,2921,0,P1497,STUDY0008,SESS1354,0,,,
ROW37012,14493,html-button-response,2,26651,0,P1497,STUDY0008,SESS1354,0,0,vocabulary_classification_criteria,
ROW37013,9235,html-button-response,1,12157,0,P1497,STUDY0008,SESS1354,0,0,precautions_survey,
ROW37014,9298,html-button-response,4,44108,0,P1497,STUDY0008,SESS1354,0,0,category_section_intro,
ROW37015,8157,html-button-response,3,34809,0,P1497,STUDY0008,SESS1354,0,0,lavender_instruction,
ROW37016,10283,survey-multi-select,5,54393,0,P1497,STUDY0008,SESS1354,0,"{""Q0"":[""shape"",""color""]}",category_organization_semblocked,goose
ROW37017,7515,survey-multi-select,6,61908,0,P1497,STUDY0008,SESS1354,0,"{""Q0"":[""shape"",""color""]}",category_organization_semblocked,turkey
ROW37018,4317,html-button-response,7,66226,0,P1497,STUDY0008,SESS1354,0,0,category_section_intro,
ROW37019,3930,survey-multi-select,9,79070,0,P1497,STUDY0008,SESS1354,0,"{""Q0"":[""shape"",""color"",""material""]}",category_organization_semblocked,clothing
ROW37020,8911,survey-multi-select,8,75139,0,P1497,STUDY0008,SESS1354,0,"{""Q0"":[""shape"",""color"",""material""]}",category_organization_semblocked,blouse
ROW37021,3573,survey-multi-select,10,82644,0,P1497,STUDY0008,SESS1354,0,"{""Q0"":[""shape"",""color"",""material""]}",category_organization_semblocked,clothing
ROW37022,4059,survey-multi-select,11,86704,0,P1497,STUDY0008,SESS1354,0,"{""Q0"":[""shape"",""color"",""material""]}",category_organization_semblocked,t-shirt
ROW37023,3257,html-button-response,12,89962,0,P1497,STUDY0008,SESS1354,0,0,category_section_intro,
ROW37024,7169,survey-multi-select,13,97131,0,P1497,STUDY0008,SESS1354,0,"{""Q0"":[""shape"",""color"",""material""]}",category_organization_semblocked,balcony
ROW37025,4613,survey-multi-select,14,101745,0,P1497,STUDY0008,SESS1354,0,"{""Q0"":[""shape"",""color"",""material""]}",category_organization_semblocked,carpet
ROW37026,3130,survey-multi-select,15,104875,0,P1497,STUDY0008,SESS1354,0,"{""Q0"":[""shape"",""color"",""material""]}",category_organization_semblocked,carpet
ROW37027,2789,survey-multi-select,16,107665,0,P1497,STUDY0008,SESS1354,0,"{""Q0"":[""shape"",""color"",""material""]}",category_organization_semblocked,tablecloth
ROW37028,1299,html-button-response,17,108965,0,P1497,STUDY0008,SESS1354,0,0,category_section_intro,
ROW37029,20089,survey-multi-select,18,129055,0,P1497,STUDY0008,SESS1354,0,"{""Q0"":[""shape"",""color"",""material""]}",category_organization_semblocked,bun
ROW37030,9736,survey-multi-select,19,138792,0,P1497,STUDY0008,SESS1354,0,"{""Q0"":[""shape"",""color"",""material""]}",category_organization_semblocked,nugget
ROW37031,1097,html-button-response,20,139890,0,P1497,STUDY0008,SESS1354,0,0,category_section_intro,
ROW37032,5167,survey-multi-select,21,145059,0,P1497,STUDY0008,SESS1354,0,"{""Q0"":[""shape"",""color"",""material""]}",category_organization_semblocked,key
ROW37033,6379,survey-multi-select,22,151439,0,P1497,STUDY0008,SESS1354,0,"{""Q0"":[""shape"",""color"",""material""]}",category_organization_semblocked,piano
ROW37034,5513,survey-multi-select,23,156953,0,P1497,STUDY0008,SESS1354,0,"{""Q0"":[""shape"",""color"",""material""]}",category_organization_semblocked,pill
ROW37035,7371,survey-multi-select,24,164325,0,P1497,STUDY0008,SESS1354,0,"{""Q0"":[""shape"",""color"",""material""]}",category_organization_semblocked,tape (object)
ROW37036,5459,survey-multi-select,25,169785,0,P1497,STUDY0008,SESS1354,0,"{""Q0"":[""shape"",""color"",""material""]}",category_organization_semblocked,vacuum cleaner
ROW37037,951,html-button-response,26,170737,0,P1497,STUDY0008,SESS1354,0,0,category_section_intro,
ROW37038,4451,survey-multi-select,27,175188,0,P1497,STUDY0008,SESS1354,0,"{""Q0"":[""shape"",""color"",""material""]}",category_organization_semblocked,street
ROW37039,3720,survey-multi-select,28,178909,0,P1497,STUDY0008,SESS1354,0,"{""Q0"":[""shape"",""color"",""material""]}",category_organization_semblocked,street
ROW37040,933,html-button-response,29,179842,0,P1497,STUDY0008,SESS1354,0,0,category_section_intro,
ROW37041,5625,survey-multi-select,30,185468,0,P1497,STUDY0008,SESS1354,0,"{""Q0"":[""shape"",""color"",""material""]}",category_organization_semblocked,grill (object)
ROW37042,2553,survey-multi-select,31,188022,0,P1497,STUDY0008,SESS1354,0,"{""Q0"":[""none of these""]}",category_organization_semblocked,lavender
ROW37043,835,html-button-response,32,188858,0,P1497,STUDY0008,SESS1354,0,0,,
ROW37044,2695,instructions,33,191553,0,P1497,STUDY0008,SESS1354,0,,,
ROW37045,11932,instructions,0,11944,0,P1757,STUDY0008,SESS1331,0,,,
ROW37046,42882,survey-multi-select,5,196291,0,P1757,STUDY0008,SESS1331,0,"{""Q0"":[""shape"",""material""]}",category_organization_semblocked,bell
ROW37047,13712,html-button-response,4,153392,0,P1757,STUDY0008,SESS1331,0,0,category_section_intro,
ROW37048,21377,html-button-response,2,120487,0,P1757,STUDY0008,SESS1331,0,0,vocabulary_classification_criteria,
ROW37049,19182,html-button-response,3,139676,0,P1757,STUDY0008,SESS1331,0,0,lavender_instruction,
ROW37050,87156,html-button-response,1,99104,0,P1757,STUDY0008,SESS1331,0,0,precautions_survey,
ROW37051,9037,html-button-response,7,235205,0,P1757,STUDY0008,SESS1331,0,0,category_section_intro,
ROW37054,19323,survey-multi-select,10,282723,0,P1757,STUDY0008,SESS1331,0,"{""Q0"":[""shape"",""material""]}",category_organization_semblocked,button
ROW37052,29869,survey-multi-select,6,226166,0,P1757,STUDY0008,SESS1331,0,"{""Q0"":[""shape"",""material""]}",category_organization_semblocked,card
ROW37053,21741,survey-multi-select,11,304468,0,P1757,STUDY0008,SESS1331,0,"{""Q0"":[""shape"",""material""]}",category_organization_semblocked,sweater
ROW37055,4021,html-button-response,9,263394,0,P1757,STUDY0008,SESS1331,0,0,category_section_intro,
ROW37056,24162,survey-multi-select,8,259370,0,P1757,STUDY0008,SESS1331,0,"{""Q0"":[""shape""]}",category_organization_semblocked,deer
ROW37057,21778,survey-multi-select,14,340833,0,P1757,STUDY0008,SESS1331,0,"{""Q0"":[""shape"",""material""]}",category_organization_semblocked,bread
ROW37059,10943,survey-multi-select,13,319050,0,P1757,STUDY0008,SESS1331,0,"{""Q0"":[""shape"",""color""]}",category_organization_semblocked,banana
ROW37061,20052,survey-multi-select,16,380569,0,P1757,STUDY0008,SESS1331,0,"{""Q0"":[""shape"",""material""]}",category_organization_semblocked,croissant
ROW37060,35751,survey-multi-select,17,416325,0,P1757,STUDY0008,SESS1331,0,"{""Q0"":[""shape"",""color"",""material""]}",category_organization_semblocked,raspberry
ROW37058,19671,survey-multi-select,15,360508,0,P1757,STUDY0008,SESS1331,0,"{""Q0"":[""shape"",""material""]}",category_organization_semblocked,cheerios
ROW37062,3630,html-button-response,12,308100,0,P1757,STUDY0008,SESS1331,0,0,category_section_intro,
ROW37064,3527,html-button-response,18,419856,0,P1757,STUDY0008,SESS1331,0,0,category_section_intro,
ROW37065,5892,survey-multi-select,19,425755,0,P1757,STUDY0008,SESS1331,0,"{""Q0"":[""shape""]}",category_organization_semblocked,ear
ROW37063,20166,survey-multi-select,20,445928,0,P1757,STUDY0008,SESS1331,0,"{""Q0"":[""shape""]}",category_organization_semblocked,eyelash
ROW37066,22208,survey-multi-select,21,468140,0,P1757,STUDY0008,SESS1331,0,"{""Q0"":[""shape""]}",category_organization_semblocked,knee
ROW37067,24729,survey-multi-select,23,496300,0,P1757,STUDY0008,SESS1331,0,"{""Q0"":[""shape"",""material""]}",category_organization_semblocked,battery
ROW37068,3417,html-button-response,22,471559,0,P1757,STUDY0008,SESS1331,0,0,category_section_intro,
ROW37070,10107,survey-multi-select,27,553657,0,P1757,STUDY0008,SESS1331,0,"{""Q0"":[""shape""]}",category_organization_semblocked,earth
ROW37071,2379,html-button-response,26,543546,0,P1757,STUDY0008,SESS1331,0,0,category_section_intro,
ROW37069,20684,survey-multi-select,24,516987,0,P1757,STUDY0008,SESS1331,0,"{""Q0"":[""shape"",""material""]}",category_organization_semblocked,pacifier
ROW37073,2384,html-button-response,28,556044,0,P1757,STUDY0008,SESS1331,0,0,category_section_intro,
ROW37074,24174,survey-multi-select,25,541165,0,P1757,STUDY0008,SESS1331,0,"{""Q0"":[""none of these""]}",category_organization_semblocked,photo
ROW37072,18408,survey-multi-select,29,574456,0,P1757,STUDY0008,SESS1331,0,"{""Q0"":[""shape"",""material""]}",category_organization_semblocked,can
ROW37075,21801,survey-multi-select,30,596262,0,P1757,STUDY0008,SESS1331,0,"{""Q0"":[""shape""]}",category_organization_semblocked,plaza
ROW37076,59925,survey-multi-select,31,656197,0,P1757,STUDY0008,SESS1331,0,"{""Q0"":[""shape"",""material""]}",category_organization_semblocked,sailboat
ROW37077,2162,html-button-response,33,671533,0,P1757,STUDY0008,SESS1331,0,0,,
ROW37078,13167,survey-multi-select,32,669368,0,P1757,STUDY0008,SESS1331,0,"{""Q0"":[""shape"",""material""]}",category_organization_semblocked,lavender
ROW37079,2867,instructions,34,674401,0,P1757,STUDY0008,SESS1331,0,,,
ROW37080,14609,instructions,0,14618,0,P1567,STUDY0008,SESS1356,0,,,
ROW37081,19098,html-button-response,1,33726,0,P1567,STUDY0008,SESS1356,0,0,precautions_survey,
ROW37082,1604,html-button-response,2,35332,0,P1567,STUDY0008,SESS1356,0,0,vocabulary_classification_criteria,
ROW37083,3525,html-button-response,3,38861,0,P1567,STUDY0008,SESS1356,0,0,lavender_instruction,
ROW37084,26646,html-button-response,4,65510,0,P1567,STUDY0008,SESS1356,0,0,category_section_intro,
ROW37085,7149,survey-multi-select,5,72677,0,P1567,STUDY0008,SESS1356,0,"{""Q0"":[""none of these""]}",category_organization_semblocked,chicken
ROW37086,4663,survey-multi-select,6,77352,0,P1567,STUDY0008,SESS1356,0,"{""Q0"":[""none of these""]}",category_organization_semblocked,sheep
ROW37087,4459,html-button-response,7,81814,0,P1567,STUDY0008,SESS1356,0,0,category_section_intro,
ROW37088,5151,survey-multi-select,8,86972,0,P1567,STUDY0008,SESS1356,0,"{""Q0"":[""shape""]}",category_organization_semblocked,bib
ROW37089,3788,survey-multi-select,9,90765,0,P1567,STUDY0008,SESS1356,0,"{""Q0"":[""none of these""]}",category_organization_semblocked,swimsuit
ROW37090,4096,html-button-response,10,94864,0,P1567,STUDY0008,SESS1356,0,0,category_section_intro,
ROW37091,5686,survey-multi-select,11,100556,0,P1567,STUDY0008,SESS1356,0,"{""Q0"":[""shape"",""material""]}",category_organization_semblocked,carpet
ROW37092,3358,survey-multi-select,12,103918,0,P1567,STUDY0008,SESS1356,0,"{""Q0"":[""none of these""]}",category_organization_semblocked,dining room
ROW37093,4820,survey-multi-select,13,108741,0,P1567,STUDY0008,SESS1356,0,"{""Q0"":[""shape"",""material""]}",category_organization_semblocked,puddle
ROW37094,4680,survey-multi-select,14,113427,0,P1567,STUDY0008,SESS1356,0,"{""Q0"":[""shape"",""material""]}",category_organization_semblocked,stove
ROW37095,7318,survey-multi-select,15,120754,0,P1567,STUDY0008,SESS1356,0,"{""Q0"":[""shape""]}",category_organization_semblocked,window
ROW37096,1948,html-button-response,16,122705,0,P1567,STUDY0008,SESS1356,0,0,category_section_intro,
ROW37097,4024,survey-multi-select,17,126733,0,P1567,STUDY0008,SESS1356,0,"{""Q0"":[""shape"",""material""]}",category_organization_semblocked,popsicle
ROW37098,1629,html-button-response,18,128366,0,P1567,STUDY0008,SESS1356,0,0,category_section_intro,
ROW37099,5396,survey-multi-select,19,133766,0,P1567,STUDY0008,SESS1356,0,"{""Q0"":[""shape"",""material""]}",category_organization_semblocked,battery
ROW37100,3033,survey-multi-select,20,136805,0,P1567,STUDY0008,SESS1356,0,"{""Q0"":[""shape"",""material""]}",category_organization_semblocked,glasses
ROW37101,3915,survey-multi-select,21,140723,0,P1567,STUDY0008,SESS1356,0,"{""Q0"":[""shape"",""material""]}",category_organization_semblocked,hammer
ROW37102,7842,survey-multi-select,22,148569,0,P1567,STUDY0008,SESS1356,0,"{""Q0"":[""shape""]}",category_organization_semblocked,pan
ROW37103,5438,survey-multi-select,23,154011,0,P1567,STUDY0008,SESS1356,0,"{""Q0"":[""shape"",""material""]}",category_organization_semblocked,towel
ROW37104,1246,html-button-response,24,155260,0,P1567,STUDY0008,SESS1356,0,0,category_section_intro,
ROW37105,4136,survey-multi-select,25,159404,0,P1567,STUDY0008,SESS1356,0,"{""Q0"":[""material""]}",category_organization_semblocked,dust
ROW37106,2316,survey-multi-select,26,161725,0,P1567,STUDY0008,SESS1356,0,"{""Q0"":[""shape"",""color""]}",category_organization_semblocked,flower
ROW37107,3552,survey-multi-select,27,165281,0,P1567,STUDY0008,SESS1356,0,"{""Q0"":[""shape"",""material""]}",category_organization_semblocked,rock (object)
ROW37109,1350,html-button-response,29,172762,0,P1567,STUDY0008,SESS1356,0,0,category_section_intro,
ROW37108,6118,survey-multi-select,28,171410,0,P1567,STUDY0008,SESS1356,0,"{""Q0"":[""shape"",""material""]}",category_organization_semblocked,water (not beverage)
ROW37110,3462,survey-multi-select,30,176230,0,P1567,STUDY0008,SESS1356,0,"{""Q0"":[""shape""]}",category_organization_semblocked,onesie
ROW37112,1058,html-button-response,32,179074,0,P1567,STUDY0008,SESS1356,0,0,,
ROW37111,1774,survey-multi-select,31,178013,0,P1567,STUDY0008,SESS1356,0,"{""Q0"":[""none of these""]}",category_organization_semblocked,lavender
ROW37113,1776,instructions,33,180851,0,P1567,STUDY0008,SESS1356,0,,,
ROW37114,47107,html-button-response,1,71465,0,P1609,STUDY0008,SESS1342,0,0,precautions_survey,
ROW37115,8085,html-button-response,3,107623,0,P1609,STUDY0008,SESS1342,0,0,lavender_instruction,
ROW37116,24354,instructions,0,24357,0,P1609,STUDY0008,SESS1342,0,,,
ROW37117,28071,html-button-response,2,99537,0,P1609,STUDY0008,SESS1342,0,0,vocabulary_classification_criteria,
ROW37118,34125,survey-multi-select,5,175847,0,P1609,STUDY0008,SESS1342,0,"{""Q0"":[""none of these""]}",category_organization_semblocked,ship
ROW37119,34094,html-button-response,4,141718,0,P1609,STUDY0008,SESS1342,0,0,category_section_intro,
ROW37120,23966,survey-multi-select,7,215095,0,P1609,STUDY0008,SESS1342,0,"{""Q0"":[""shape""]}",category_organization_semblocked,bubbles
ROW37121,15279,html-button-response,6,191127,0,P1609,STUDY0008,SESS1342,0,0,category_section_intro,
ROW37122,17911,html-button-response,9,254776,0,P1609,STUDY0008,SESS1342,0,0,category_section_intro,
ROW37123,21767,survey-multi-select,8,236864,0,P1609,STUDY0008,SESS1342,0,"{""Q0"":[""none of these""]}",category_organization_semblocked,spade
ROW37124,19832,survey-multi-select,10,274610,0,P1609,STUDY0008,SESS1342,0,"{""Q0"":[""shape""]}",category_organization_semblocked,goose
ROW37125,18455,survey-multi-select,11,293067,0,P1609,STUDY0008,SESS1342,0,"{""Q0"":[""shape""]}",category_organization_semblocked,piglet
ROW37126,35185,survey-multi-select,13,337146,0,P1609,STUDY0008,SESS1342,0,"{""Q0"":[""none of these""]}",category_organization_semblocked,cutlet
ROW37127,8890,html-button-response,12,301958,0,P1609,STUDY0008,SESS1342,0,0,category_section_intro,
ROW37128,14529,survey-multi-select,15,371790,0,P1609,STUDY0008,SESS1342,0,"{""Q0"":[""shape""]}",category_organization_semblocked,pear
ROW37129,20111,survey-multi-select,14,357259,0,P1609,STUDY0008,SESS1342,0,"{""Q0"":[""shape""]}",category_organization_semblocked,nugget
ROW37130,13876,html-button-response,17,406851,0,P1609,STUDY0008,SESS1342,0,0,category_section_intro,
ROW37131,21183,survey-multi-select,16,392974,0,P1609,STUDY0008,SESS1342,0,"{""Q0"":[""none of these""]}",category_organization_semblocked,raisin
ROW37132,17171,survey-multi-select,19,443811,0,P1609,STUDY0008,SESS1342,0,"{""Q0"":[""shape""]}",category_organization_semblocked,foot
ROW37133,19786,survey-multi-select,18,426639,0,P1609,STUDY0008,SESS1342,0,"{""Q0"":[""none of these""]}",category_organization_semblocked,beard
ROW37134,18447,survey-multi-select,20,462260,0,P1609,STUDY0008,SESS1342,0,"{""Q0"":[""none of these""]}",category_organization_semblocked,mustache
ROW37135,17618,survey-multi-select,21,479881,0,P1609,STUDY0008,SESS1342,0,"{""Q0"":[""shape""]}",category_organization_semblocked,tongue
ROW37136,13199,html-button-response,22,493081,0,P1609,STUDY0008,SESS1342,0,0,category_section_intro,
ROW37137,4301,survey-multi-select,23,497384,0,P1609,STUDY0008,SESS1342,0,"{""Q0"":[""shape""]}",category_organization_semblocked,bucket
ROW37138,5042,survey-multi-select,24,502428,0,P1609,STUDY0008,SESS1342,0,"{""Q0"":[""shape""]}",category_organization_semblocked,comb (object)
ROW37139,6584,survey-multi-select,25,509013,0,P1609,STUDY0008,SESS1342,0,"{""Q0"":[""material""]}",category_organization_semblocked,garbage
ROW37140,3424,html-button-response,26,512438,0,P1609,STUDY0008,SESS1342,0,0,category_section_intro,
ROW37141,30979,survey-multi-select,27,543418,0,P1609,STUDY0008,SESS1342,0,"{""Q0"":[""material""]}",category_organization_semblocked,boulder
ROW37142,32805,survey-multi-select,28,576225,0,P1609,STUDY0008,SESS1342,0,"{""Q0"":[""shape""]}",category_organization_semblocked,icicle
ROW37143,2028,html-button-response,29,578254,0,P1609,STUDY0008,SESS1342,0,0,category_section_intro,
ROW37144,14738,survey-multi-select,30,592994,0,P1609,STUDY0008,SESS1342,0,"{""Q0"":[""shape""]}",category_organization_semblocked,clementine
ROW37145,13596,survey-multi-select,32,624405,0,P1609,STUDY0008,SESS1342,0,"{""Q0"":[""color""]}",category_organization_semblocked,lavender
ROW37146,17810,survey-multi-select,31,610806,0,P1609,STUDY0008,SESS1342,0,"{""Q0"":[""none of these""]}",category_organization_semblocked,eraser
ROW37147,2096,html-button-response,33,626502,0,P1609,STUDY0008,SESS1342,0,0,,
ROW37148,6252,instructions,34,632754,0,P1609,STUDY0008,SESS1342,0,,,
ROW37149,84781,instructions,0,84798,0,P1643,STUDY0008,SESS1350,0,,,
ROW37151,3949,html-button-response,4,112352,0,P1643,STUDY0008,SESS1350,0,0,category_section_intro,
ROW37152,8651,html-button-response,1,93458,0,P1643,STUDY0008,SESS1350,0,0,precautions_survey,
ROW37150,10838,html-button-response,2,104301,0,P1643,STUDY0008,SESS1350,0,0,vocabulary_classification_criteria,
ROW37153,4087,html-button-response,3,108396,0,P1643,STUDY0008,SESS1350,0,0,lavender_instruction,
ROW37154,7034,survey-multi-select,5,119402,0,P1643,STUDY0008,SESS1350,0,"{""Q0"":[""shape"",""material""]}",category_organization_semblocked,clay
ROW37155,1468,html-button-response,7,124632,0,P1643,STUDY0008,SESS1350,0,0,category_section_intro,
ROW37156,3742,survey-multi-select,6,123157,0,P1643,STUDY0008,SESS1350,0,"{""Q0"":[""shape"",""color"",""material""]}",category_organization_semblocked,gun
ROW37157,878,html-button-response,9,129306,0,P1643,STUDY0008,SESS1350,0,0,category_section_intro,
ROW37158,3783,survey-multi-select,8,128424,0,P1643,STUDY0008,SESS1350,0,"{""Q0"":[""shape"",""color""]}",category_organization_semblocked,pigeon
ROW37159,2537,survey-multi-select,10,131849,0,P1643,STUDY0008,SESS1350,0,"{""Q0"":[""shape"",""material""]}",category_organization_semblocked,kitchen
ROW37160,1927,survey-multi-select,11,133787,0,P1643,STUDY0008,SESS1350,0,"{""Q0"":[""shape"",""color""]}",category_organization_semblocked,table
ROW37161,2686,survey-multi-select,13,137452,0,P1643,STUDY0008,SESS1350,0,"{""Q0"":[""shape"",""color""]}",category_organization_semblocked,butter
ROW37162,967,html-button-response,12,134758,0,P1643,STUDY0008,SESS1350,0,0,category_section_intro,
ROW37163,1624,survey-multi-select,14,139084,0,P1643,STUDY0008,SESS1350,0,"{""Q0"":[""color""]}",category_organization_semblocked,chickpea
ROW37164,1480,survey-multi-select,17,202637,0,P1643,STUDY0008,SESS1350,0,"{""Q0"":[""color""]}",category_organization_semblocked,honey
ROW37165,2425,survey-multi-select,15,141518,0,P1643,STUDY0008,SESS1350,0,"{""Q0"":[""shape"",""color""]}",category_organization_semblocked,cocoa
ROW37166,59623,survey-multi-select,16,201149,0,P1643,STUDY0008,SESS1350,0,"{""Q0"":[""color""]}",category_organization_semblocked,honey
ROW37167,2755,survey-multi-select,18,205401,0,P1643,STUDY0008,SESS1350,0,"{""Q0"":[""shape""]}",category_organization_semblocked,noodles
ROW37168,1787,survey-multi-select,19,207196,0,P1643,STUDY0008,SESS1350,0,"{""Q0"":[""shape"",""color""]}",category_organization_semblocked,taco
ROW37169,1984,survey-multi-select,21,210185,0,P1643,STUDY0008,SESS1350,0,"{""Q0"":[""color""]}",category_organization_semblocked,hair
ROW37170,990,html-button-response,20,208192,0,P1643,STUDY0008,SESS1350,0,0,category_section_intro,
ROW37171,1629,survey-multi-select,22,211822,0,P1643,STUDY0008,SESS1350,0,"{""Q0"":[""shape""]}",category_organization_semblocked,neck
ROW37172,1170,survey-multi-select,23,213002,0,P1643,STUDY0008,SESS1350,0,"{""Q0"":[""color""]}",category_organization_semblocked,neck
ROW37173,6077,survey-multi-select,24,219089,0,P1643,STUDY0008,SESS1350,0,"{""Q0"":[""shape"",""material""]}",category_organization_semblocked,vagina
ROW37174,838,html-button-response,25,219932,0,P1643,STUDY0008,SESS1350,0,0,category_section_intro,
ROW37175,2682,survey-multi-select,26,222625,0,P1643,STUDY0008,SESS1350,0,"{""Q0"":[""shape""]}",category_organization_semblocked,box
ROW37176,1361,survey-multi-select,28,225456,0,P1643,STUDY0008,SESS1350,0,"{""Q0"":[""color""]}",category_organization_semblocked,tape (object)
ROW37177,1446,survey-multi-select,27,224083,0,P1643,STUDY0008,SESS1350,0,"{""Q0"":[""shape""]}",category_organization_semblocked,spoon
ROW37178,861,html-button-response,29,226322,0,P1643,STUDY0008,SESS1350,0,0,category_section_intro,
ROW37179,1888,survey-multi-select,30,228219,0,P1643,STUDY0008,SESS1350,0,"{""Q0"":[""color""]}",category_organization_semblocked,backyard
ROW37180,1991,survey-multi-select,31,230219,0,P1643,STUDY0008,SESS1350,0,"{""Q0"":[""none of these""]}",category_organization_semblocked,lavender
ROW37181,3577,html-button-response,32,233802,0,P1643,STUDY0008,SESS1350,0,0,,
ROW37182,1506,instructions,33,235311,0,P1643,STUDY0008,SESS1350,0,,,
ROW37183,7177,instructions,0,7180,0,P1493,STUDY0008,SESS1355,0,,,
ROW37184,8768,html-button-response,1,15949,0,P1493,STUDY0008,SESS1355,0,0,precautions_survey,
ROW37185,6174,html-button-response,3,33721,0,P1493,STUDY0008,SESS1355,0,0,lavender_instruction,
ROW37186,11596,html-button-response,2,27546,0,P1493,STUDY0008,SESS1355,0,0,vocabulary_classification_criteria,
ROW37187,8264,html-button-response,4,41986,0,P1493,STUDY0008,SESS1355,0,0,category_section_intro,
ROW37188,28755,survey-multi-select,5,70743,0,P1493,STUDY0008,SESS1355,0,"{""Q0"":[""shape""]}",category_organization_semblocked,card
ROW37189,18234,survey-multi-select,6,88978,0,P1493,STUDY0008,SESS1355,0,"{""Q0"":[""none of these""]}",category_organization_semblocked,drum
ROW37190,6354,survey-multi-select,7,95334,0,P1493,STUDY0008,SESS1355,0,"{""Q0"":[""none of these""]}",category_organization_semblocked,gun
ROW37191,6295,survey-multi-select,8,101630,0,P1493,STUDY0008,SESS1355,0,"{""Q0"":[""color""]}",category_organization_semblocked,marker
ROW37192,6344,survey-multi-select,9,107975,0,P1493,STUDY0008,SESS1355,0,"{""Q0"":[""color""]}",category_organization_semblocked,pen
ROW37193,8156,survey-multi-select,10,116133,0,P1493,STUDY0008,SESS1355,0,"{""Q0"":[""color""]}",category_organization_semblocked,pen/pencil
ROW37194,5699,html-button-response,11,121832,0,P1493,STUDY0008,SESS1355,0,0,category_section_intro,
ROW37195,13272,survey-multi-select,12,135105,0,P1493,STUDY0008,SESS1355,0,"{""Q0"":[""none of these""]}",category_organization_semblocked,seal (animal)
ROW37196,3444,html-button-response,13,138550,0,P1493,STUDY0008,SESS1355,0,0,category_section_intro,
ROW37197,6551,survey-multi-select,15,154722,0,P1493,STUDY0008,SESS1355,0,"{""Q0"":[""shape"",""color"",""material""]}",category_organization_semblocked,pocket
ROW37198,9619,survey-multi-select,14,148170,0,P1493,STUDY0008,SESS1355,0,"{""Q0"":[""color"",""material""]}",category_organization_semblocked,handkerchief
ROW37199,2959,html-button-response,16,157682,0,P1493,STUDY0008,SESS1355,0,0,category_section_intro,
ROW37200,10030,survey-multi-select,17,167714,0,P1493,STUDY0008,SESS1355,0,"{""Q0"":[""shape"",""color"",""material""]}",category_organization_semblocked,bathtub
ROW37201,5987,survey-multi-select,18,173702,0,P1493,STUDY0008,SESS1355,0,"{""Q0"":[""shape"",""color"",""material""]}",category_organization_semblocked,bench
ROW37202,6286,survey-multi-select,19,179989,0,P1493,STUDY0008,SESS1355,0,"{""Q0"":[""shape"",""color"",""material""]}",category_organization_semblocked,mirror
ROW37203,8944,survey-multi-select,21,192107,0,P1493,STUDY0008,SESS1355,0,"{""Q0"":[""shape"",""color""]}",category_organization_semblocked,beans
ROW37204,3172,html-button-response,20,183162,0,P1493,STUDY0008,SESS1355,0,0,category_section_intro,
ROW37205,1996,html-button-response,22,194104,0,P1493,STUDY0008,SESS1355,0,0,category_section_intro,
ROW37206,8517,survey-multi-select,23,202622,0,P1493,STUDY0008,SESS1355,0,"{""Q0"":[""shape""]}",category_organization_semblocked,waist
ROW37207,2086,html-button-response,24,204709,0,P1493,STUDY0008,SESS1355,0,0,category_section_intro,
ROW37208,12309,survey-multi-select,25,217019,0,P1493,STUDY0008,SESS1355,0,"{""Q0"":[""shape"",""color"",""material""]}",category_organization_semblocked,plug
ROW37209,2409,html-button-response,28,235034,0,P1493,STUDY0008,SESS1355,0,0,category_section_intro,
ROW37210,8656,survey-multi-select,26,225676,0,P1493,STUDY0008,SESS1355,0,"{""Q0"":[""shape"",""color"",""material""]}",category_organization_semblocked,pot
ROW37211,6947,survey-multi-select,27,232624,0,P1493,STUDY0008,SESS1355,0,"{""Q0"":[""none of these""]}",category_organization_semblocked,syrup
ROW37212,8206,survey-multi-select,29,243241,0,P1493,STUDY0008,SESS1355,0,"{""Q0"":[""shape"",""color"",""material""]}",category_organization_semblocked,hose
ROW37213,8482,survey-multi-select,30,251725,0,P1493,STUDY0008,SESS1355,0,"{""Q0"":[""shape"",""material""]}",category_organization_semblocked,tunnel
ROW37214,2736,html-button-response,31,254462,0,P1493,STUDY0008,SESS1355,0,0,category_section_intro,
ROW37215,6906,survey-multi-select,32,261369,0,P1493,STUDY0008,SESS1355,0,"{""Q0"":[""shape""]}",category_organization_semblocked,suburb
ROW37216,3417,survey-multi-select,33,264787,0,P1493,STUDY0008,SESS1355,0,"{""Q0"":[""none of these""]}",category_organization_semblocked,lavender
ROW37217,3112,instructions,35,269644,0,P1493,STUDY0008,SESS1355,0,,,
ROW37218,1743,html-button-response,34,266532,0,P1493,STUDY0008,SESS1355,0,0,,
ROW37219,122627,instructions,0,122645,0,P0555,STUDY0008,SESS1357,0,,,
ROW37220,9861,html-button-response,1,132519,0,P0555,STUDY0008,SESS1357,0,0,precautions_survey,
ROW37221,6616,html-button-response,3,152256,0,P0555,STUDY0008,SESS1357,0,0,lavender_instruction,
ROW37222,13108,html-button-response,2,145632,0,P0555,STUDY0008,SESS1357,0,0,vocabulary_classification_criteria,
ROW37223,7869,html-button-response,4,160133,0,P0555,STUDY0008,SESS1357,0,0,category_section_intro,
ROW37224,12674,survey-multi-select,5,172844,0,P0555,STUDY0008,SESS1357,0,"{""Q0"":[""shape""]}",category_organization_semblocked,bat (object)
ROW37225,5112,survey-multi-select,6,177970,0,P0555,STUDY0008,SESS1357,0,"{""Q0"":[""material""]}",category_organization_semblocked,glue (object)
ROW37226,2558,html-button-response,7,180534,0,P0555,STUDY0008,SESS1357,0,0,category_section_intro,
ROW37227,8483,survey-multi-select,8,189036,0,P0555,STUDY0008,SESS1357,0,"{""Q0"":[""none of these""]}",category_organization_semblocked,alligator
ROW37228,3618,survey-multi-select,9,192667,0,P0555,STUDY0008,SESS1357,0,"{""Q0"":[""shape""]}",category_organization_semblocked,clam
ROW37229,2190,html-button-response,11,204397,0,P0555,STUDY0008,SESS1357,0,0,category_section_intro,
ROW37230,9521,survey-multi-select,10,202202,0,P0555,STUDY0008,SESS1357,0,"{""Q0"":[""none of these""]}",category_organization_semblocked,swallow (animal)
ROW37231,6293,survey-multi-select,12,210702,0,P0555,STUDY0008,SESS1357,0,"{""Q0"":[""shape""]}",category_organization_semblocked,sleeve
ROW37232,2106,html-button-response,13,212813,0,P0555,STUDY0008,SESS1357,0,0,category_section_intro,
ROW37233,12837,survey-multi-select,14,225661,0,P0555,STUDY0008,SESS1357,0,"{""Q0"":[""shape""]}",category_organization_semblocked,play pen
ROW37234,1895,html-button-response,15,227562,0,P0555,STUDY0008,SESS1357,0,0,category_section_intro,
ROW37235,7781,survey-multi-select,16,235358,0,P0555,STUDY0008,SESS1357,0,"{""Q0"":[""material""]}",category_organization_semblocked,hamburger
ROW37236,10355,survey-multi-select,17,245723,0,P0555,STUDY0008,SESS1357,0,"{""Q0"":[""material""]}",category_organization_semblocked,kefir
ROW37237,3804,survey-multi-select,18,249540,0,P0555,STUDY0008,SESS1357,0,"{""Q0"":[""shape""]}",category_organization_semblocked,sprouts
ROW37238,2923,survey-multi-select,19,252476,0,P0555,STUDY0008,SESS1357,0,"{""Q0"":[""material""]}",category_organization_semblocked,vitamin
ROW37239,1620,html-button-response,20,254100,0,P0555,STUDY0008,SESS1357,0,0,category_section_intro,
ROW37240,2986,survey-multi-select,21,257096,0,P0555,STUDY0008,SESS1357,0,"{""Q0"":[""material""]}",category_organization_semblocked,cotton
ROW37241,1686,html-button-response,22,258786,0,P0555,STUDY0008,SESS1357,0,0,category_section_intro,
ROW37242,4865,survey-multi-select,23,263663,0,P0555,STUDY0008,SESS1357,0,"{""Q0"":[""shape""]}",category_organization_semblocked,flower
ROW37243,7026,survey-multi-select,24,270702,0,P0555,STUDY0008,SESS1357,0,"{""Q0"":[""material""]}",category_organization_semblocked,lake
ROW37244,1877,html-button-response,25,272583,0,P0555,STUDY0008,SESS1357,0,0,category_section_intro,
ROW37245,5580,survey-multi-select,27,283828,0,P0555,STUDY0008,SESS1357,0,"{""Q0"":[""none of these""]}",category_organization_semblocked,coconut
ROW37246,5640,survey-multi-select,26,278236,0,P0555,STUDY0008,SESS1357,0,"{""Q0"":[""none of these""]}",category_organization_semblocked,coat hanger
ROW37247,3513,survey-multi-select,28,287355,0,P0555,STUDY0008,SESS1357,0,"{""Q0"":[""none of these""]}",category_organization_semblocked,grill (object)
ROW37248,3138,survey-multi-select,29,290504,0,P0555,STUDY0008,SESS1357,0,"{""Q0"":[""material""]}",category_organization_semblocked,lotion
ROW37249,10057,survey-multi-select,30,300572,0,P0555,STUDY0008,SESS1357,0,"{""Q0"":[""material""]}",category_organization_semblocked,orange juice
ROW37250,3273,survey-multi-select,31,303856,0,P0555,STUDY0008,SESS1357,0,"{""Q0"":[""material""]}",category_organization_semblocked,ox
ROW37251,1387,html-button-response,33,307743,0,P0555,STUDY0008,SESS1357,0,0,,
ROW37252,2484,survey-multi-select,32,306351,0,P0555,STUDY0008,SESS1357,0,"{""Q0"":[""none of these""]}",category_organization_semblocked,lavender
ROW37253,2769,instructions,34,310514,0,P0555,STUDY0008,SESS1357,0,,,
ROW37254,33290,instructions,0,33292,0,P1281,STUDY0008,SESS1349,0,,,
ROW37255,7330,html-button-response,1,40625,0,P1281,STUDY0008,SESS1349,0,0,precautions_survey,
ROW37256,22600,html-button-response,2,63226,0,P1281,STUDY0008,SESS1349,0,0,vocabulary_classification_criteria,
ROW37257,8583,html-button-response,3,71811,0,P1281,STUDY0008,SESS1349,0,0,lavender_instruction,
ROW37258,11730,survey-multi-select,5,94580,0,P1281,STUDY0008,SESS1349,0,"{""Q0"":[""shape"",""color"",""material""]}",category_organization_semblocked,painting
ROW37259,11035,html-button-response,4,82847,0,P1281,STUDY0008,SESS1349,0,0,category_section_intro,
ROW37260,5622,survey-multi-select,6,100204,0,P1281,STUDY0008,SESS1349,0,"{""Q0"":[""shape"",""material""]}",category_organization_semblocked,rake (object)
ROW37261,3280,survey-multi-select,7,103485,0,P1281,STUDY0008,SESS1349,0,"{""Q0"":[""shape""]}",category_organization_semblocked,wheel
ROW37262,3133,html-button-response,8,106619,0,P1281,STUDY0008,SESS1349,0,0,category_section_intro,
ROW37263,4790,survey-multi-select,9,111412,0,P1281,STUDY0008,SESS1349,0,"{""Q0"":[""shape"",""color""]}",category_organization_semblocked,gorilla
ROW37265,1813,html-button-response,11,118436,0,P1281,STUDY0008,SESS1349,0,0,category_section_intro,
ROW37264,5209,survey-multi-select,10,116623,0,P1281,STUDY0008,SESS1349,0,"{""Q0"":[""shape"",""color""]}",category_organization_semblocked,tiger
ROW37266,4420,survey-multi-select,12,122858,0,P1281,STUDY0008,SESS1349,0,"{""Q0"":[""shape""]}",category_organization_semblocked,blouse
ROW37267,2669,survey-multi-select,13,125529,0,P1281,STUDY0008,SESS1349,0,"{""Q0"":[""shape""]}",category_organization_semblocked,shorts
ROW37268,2007,html-button-response,14,127537,0,P1281,STUDY0008,SESS1349,0,0,category_section_intro,
ROW37269,2458,survey-multi-select,15,129996,0,P1281,STUDY0008,SESS1349,0,"{""Q0"":[""shape""]}",category_organization_semblocked,chair
ROW37270,3575,survey-multi-select,16,133573,0,P1281,STUDY0008,SESS1349,0,"{""Q0"":[""shape""]}",category_organization_semblocked,rocking chair
ROW37271,15937,survey-multi-select,18,150605,0,P1281,STUDY0008,SESS1349,0,"{""Q0"":[""shape"",""material""]}",category_organization_semblocked,ice
ROW37272,1093,html-button-response,17,134666,0,P1281,STUDY0008,SESS1349,0,0,category_section_intro,
ROW37273,19020,survey-multi-select,19,169626,0,P1281,STUDY0008,SESS1349,0,"{""Q0"":[""material""]}",category_organization_semblocked,tarhana
ROW37274,1086,html-button-response,20,170714,0,P1281,STUDY0008,SESS1349,0,0,category_section_intro,
ROW37275,3815,survey-multi-select,21,174531,0,P1281,STUDY0008,SESS1349,0,"{""Q0"":[""shape"",""material""]}",category_organization_semblocked,keys
ROW37276,2571,survey-multi-select,23,180894,0,P1281,STUDY0008,SESS1349,0,"{""Q0"":[""shape""]}",category_organization_semblocked,telephone
ROW37277,3789,survey-multi-select,22,178322,0,P1281,STUDY0008,SESS1349,0,"{""Q0"":[""color"",""material""]}",category_organization_semblocked,syrup
ROW37278,1259,html-button-response,24,182155,0,P1281,STUDY0008,SESS1349,0,0,category_section_intro,
ROW37279,6251,survey-multi-select,25,188407,0,P1281,STUDY0008,SESS1349,0,"{""Q0"":[""shape"",""material""]}",category_organization_semblocked,ladder
ROW37280,3605,survey-multi-select,26,192013,0,P1281,STUDY0008,SESS1349,0,"{""Q0"":[""color"",""material""]}",category_organization_semblocked,sea
ROW37281,2809,survey-multi-select,27,194825,0,P1281,STUDY0008,SESS1349,0,"{""Q0"":[""shape""]}",category_organization_semblocked,shovel
ROW37283,2586,survey-multi-select,29,200432,0,P1281,STUDY0008,SESS1349,0,"{""Q0"":[""shape"",""material""]}",category_organization_semblocked,traffic light
ROW37282,3019,survey-multi-select,28,197845,0,P1281,STUDY0008,SESS1349,0,"{""Q0"":[""shape""]}",category_organization_semblocked,traffic
ROW37284,2577,survey-multi-select,30,203011,0,P1281,STUDY0008,SESS1349,0,"{""Q0"":[""shape"",""material""]}",category_organization_semblocked,traffic light
ROW37285,2217,survey-multi-select,31,205231,0,P1281,STUDY0008,SESS1349,0,"{""Q0"":[""none of these""]}",category_organization_semblocked,lavender
ROW37286,846,html-button-response,32,206077,0,P1281,STUDY0008,SESS1349,0,0,,
ROW37287,1297,instructions,33,207375,0,P1281,STUDY0008,SESS1349,0,,,
ROW37288,9016,instructions,0,9017,0,P1560,STUDY0008,SESS1337,0,,,
ROW37289,17155,html-button-response,1,26172,0,P1560,STUDY0008,SESS1337,0,0,precautions_survey,
ROW37290,27222,html-button-response,2,53395,0,P1560,STUDY0008,SESS1337,0,0,vocabulary_classification_criteria,
ROW37291,13088,html-button-response,4,71105,0,P1560,STUDY0008,SESS1337,0,0,category_section_intro,
ROW37292,4621,html-button-response,3,58016,0,P1560,STUDY0008,SESS1337,0,0,lavender_instruction,
ROW37293,18766,survey-multi-select,5,89873,0,P1560,STUDY0008,SESS1337,0,"{""Q0"":[""none of these""]}",category_organization_semblocked,album
ROW37294,3861,html-button-response,6,93735,0,P1560,STUDY0008,SESS1337,0,0,category_section_intro,
ROW37295,4325,survey-multi-select,11,143384,0,P1560,STUDY0008,SESS1337,0,"{""Q0"":[""none of these""]}",category_organization_semblocked,whale
ROW37296,17251,survey-multi-select,9,129642,0,P1560,STUDY0008,SESS1337,0,"{""Q0"":[""none of these""]}",category_organization_semblocked,giraffe
ROW37297,11253,survey-multi-select,7,104990,0,P1560,STUDY0008,SESS1337,0,"{""Q0"":[""none of these""]}",category_organization_semblocked,butterfly
ROW37298,9415,survey-multi-select,10,139058,0,P1560,STUDY0008,SESS1337,0,"{""Q0"":[""none of these""]}",category_organization_semblocked,swallow (animal)
ROW37299,7399,survey-multi-select,8,112389,0,P1560,STUDY0008,SESS1337,0,"{""Q0"":[""none of these""]}",category_organization_semblocked,fox
ROW37300,2494,html-button-response,12,145878,0,P1560,STUDY0008,SESS1337,0,0,category_section_intro,
ROW37301,7203,html-button-response,14,163188,0,P1560,STUDY0008,SESS1337,0,0,category_section_intro,
ROW37302,10105,survey-multi-select,13,155984,0,P1560,STUDY0008,SESS1337,0,"{""Q0"":[""none of these""]}",category_organization_semblocked,earring
ROW37303,9023,survey-multi-select,15,172212,0,P1560,STUDY0008,SESS1337,0,"{""Q0"":[""none of these""]}",category_organization_semblocked,furniture
ROW37304,6795,survey-multi-select,16,179008,0,P1560,STUDY0008,SESS1337,0,"{""Q0"":[""none of these""]}",category_organization_semblocked,garage
ROW37305,5771,survey-multi-select,17,184780,0,P1560,STUDY0008,SESS1337,0,"{""Q0"":[""none of these""]}",category_organization_semblocked,table
ROW37306,1376,html-button-response,18,186157,0,P1560,STUDY0008,SESS1337,0,0,category_section_intro,
ROW37307,1993,survey-multi-select,20,225379,0,P1560,STUDY0008,SESS1337,0,"{""Q0"":[""none of these""]}",category_organization_semblocked,cabbage
ROW37308,37227,survey-multi-select,19,223385,0,P1560,STUDY0008,SESS1337,0,"{""Q0"":[""none of these""]}",category_organization_semblocked,banana
ROW37309,2767,survey-multi-select,21,228147,0,P1560,STUDY0008,SESS1337,0,"{""Q0"":[""none of these""]}",category_organization_semblocked,soy sauce
ROW37310,1290,html-button-response,22,229437,0,P1560,STUDY0008,SESS1337,0,0,category_section_intro,
ROW37311,5343,survey-multi-select,23,234781,0,P1560,STUDY0008,SESS1337,0,"{""Q0"":[""none of these""]}",category_organization_semblocked,hanger
ROW37312,3329,survey-multi-select,24,238111,0,P1560,STUDY0008,SESS1337,0,"{""Q0"":[""none of these""]}",category_organization_semblocked,sheet
ROW37313,7297,survey-multi-select,25,245409,0,P1560,STUDY0008,SESS1337,0,"{""Q0"":[""none of these""]}",category_organization_semblocked,terrace
ROW37314,8878,html-button-response,26,254288,0,P1560,STUDY0008,SESS1337,0,0,category_section_intro,
ROW37315,8007,survey-multi-select,27,262296,0,P1560,STUDY0008,SESS1337,0,"{""Q0"":[""none of these""]}",category_organization_semblocked,sea
ROW37316,1408,html-button-response,28,263704,0,P1560,STUDY0008,SESS1337,0,0,category_section_intro,
ROW37317,2495,survey-multi-select,29,266200,0,P1560,STUDY0008,SESS1337,0,"{""Q0"":[""none of these""]}",category_organization_semblocked,ginger
ROW37318,1821,survey-multi-select,31,270164,0,P1560,STUDY0008,SESS1337,0,"{""Q0"":[""none of these""]}",category_organization_semblocked,mayonnaise
ROW37319,2141,survey-multi-select,30,268342,0,P1560,STUDY0008,SESS1337,0,"{""Q0"":[""none of these""]}",category_organization_semblocked,grill (object)
ROW37320,1985,survey-multi-select,32,272150,0,P1560,STUDY0008,SESS1337,0,"{""Q0"":[""none of these""]}",category_organization_semblocked,lavender
ROW37321,1198,html-button-response,33,273348,0,P1560,STUDY0008,SESS1337,0,0,,
ROW37322,10878,instructions,34,284226,0,P1560,STUDY0008,SESS1337,0,,,
ROW37323,12585,html-button-response,2,23277,0,P0418,STUDY0008,SESS1358,0,0,vocabulary_classification_criteria,
ROW37324,7777,instructions,0,7800,0,P0418,STUDY0008,SESS1358,0,,,
ROW37325,9315,survey-multi-select,5,47319,0,P0418,STUDY0008,SESS1358,0,"{""Q0"":[""shape"",""material""]}",category_organization_semblocked,ship
ROW37326,2882,html-button-response,1,10691,0,P0418,STUDY0008,SESS1358,0,0,precautions_survey,
ROW37327,5779,html-button-response,3,29079,0,P0418,STUDY0008,SESS1358,0,0,lavender_instruction,
ROW37328,8893,html-button-response,4,37973,0,P0418,STUDY0008,SESS1358,0,0,category_section_intro,
ROW37329,4722,html-button-response,6,52043,0,P0418,STUDY0008,SESS1358,0,0,category_section_intro,
ROW37330,8010,survey-multi-select,7,60056,0,P0418,STUDY0008,SESS1358,0,"{""Q0"":[""material""]}",category_organization_semblocked,sticker
ROW37331,10482,survey-multi-select,11,85262,0,P0418,STUDY0008,SESS1358,0,"{""Q0"":[""shape"",""material""]}",category_organization_semblocked,sandal
ROW37332,5170,html-button-response,8,65227,0,P0418,STUDY0008,SESS1358,0,0,category_section_intro,
ROW37333,6653,survey-multi-select,9,71883,0,P0418,STUDY0008,SESS1358,0,"{""Q0"":[""none of these""]}",category_organization_semblocked,chicken (animal)
ROW37334,2892,html-button-response,10,74777,0,P0418,STUDY0008,SESS1358,0,0,category_section_intro,
ROW37335,5949,survey-multi-select,12,91214,0,P0418,STUDY0008,SESS1358,0,"{""Q0"":[""none of these""]}",category_organization_semblocked,sunglasses
ROW37336,3047,html-button-response,13,94263,0,P0418,STUDY0008,SESS1358,0,0,category_section_intro,
ROW37337,6992,survey-multi-select,14,101258,0,P0418,STUDY0008,SESS1358,0,"{""Q0"":[""shape"",""material""]}",category_organization_semblocked,couch
ROW37338,5066,survey-multi-select,16,108475,0,P0418,STUDY0008,SESS1358,0,"{""Q0"":[""none of these""]}",category_organization_semblocked,candy
ROW37339,2148,html-button-response,15,103407,0,P0418,STUDY0008,SESS1358,0,0,category_section_intro,
ROW37340,6995,survey-multi-select,17,115473,0,P0418,STUDY0008,SESS1358,0,"{""Q0"":[""shape"",""color""]}",category_organization_semblocked,cucumber
ROW37341,4532,survey-multi-select,19,124306,0,P0418,STUDY0008,SESS1358,0,"{""Q0"":[""none of these""]}",category_organization_semblocked,peanut butter
ROW37342,4297,survey-multi-select,18,119772,0,P0418,STUDY0008,SESS1358,0,"{""Q0"":[""none of these""]}",category_organization_semblocked,milk
ROW37343,5829,survey-multi-select,20,130138,0,P0418,STUDY0008,SESS1358,0,"{""Q0"":[""none of these""]}",category_organization_semblocked,water (beverage)
ROW37345,6016,survey-multi-select,22,137581,0,P0418,STUDY0008,SESS1358,0,"{""Q0"":[""color""]}",category_organization_semblocked,face
ROW37346,5115,survey-multi-select,23,142701,0,P0418,STUDY0008,SESS1358,0,"{""Q0"":[""none of these""]}",category_organization_semblocked,hip
ROW37344,1424,html-button-response,21,131564,0,P0418,STUDY0008,SESS1358,0,0,category_section_intro,
ROW37347,4168,survey-multi-select,25,154695,0,P0418,STUDY0008,SESS1358,0,"{""Q0"":[""none of these""]}",category_organization_semblocked,toe
ROW37348,7820,survey-multi-select,24,150524,0,P0418,STUDY0008,SESS1358,0,"{""Q0"":[""material""]}",category_organization_semblocked,nail (body part)
ROW37349,2088,html-button-response,28,167162,0,P0418,STUDY0008,SESS1358,0,0,category_section_intro,
ROW37350,2831,html-button-response,26,157528,0,P0418,STUDY0008,SESS1358,0,0,category_section_intro,
ROW37351,7543,survey-multi-select,27,165073,0,P0418,STUDY0008,SESS1358,0,"{""Q0"":[""material""]}",category_organization_semblocked,sponge
ROW37352,5209,survey-multi-select,29,172373,0,P0418,STUDY0008,SESS1358,0,"{""Q0"":[""none of these""]}",category_organization_semblocked,accident
ROW37353,4838,survey-multi-select,30,177213,0,P0418,STUDY0008,SESS1358,0,"{""Q0"":[""none of these""]}",category_organization_semblocked,park
ROW37354,7422,survey-multi-select,31,184638,0,P0418,STUDY0008,SESS1358,0,"{""Q0"":[""shape"",""material""]}",category_organization_semblocked,trampoline
ROW37355,1970,html-button-response,32,186609,0,P0418,STUDY0008,SESS1358,0,0,category_section_intro,
ROW37356,7738,survey-multi-select,34,198473,0,P0418,STUDY0008,SESS1358,0,"{""Q0"":[""color""]}",category_organization_semblocked,lavender
ROW37357,2240,html-button-response,35,200714,0,P0418,STUDY0008,SESS1358,0,0,,
ROW37358,4120,survey-multi-select,33,190732,0,P0418,STUDY0008,SESS1358,0,"{""Q0"":[""none of these""]}",category_organization_semblocked,alphabet
ROW37359,3116,instructions,36,203831,0,P0418,STUDY0008,SESS1358,0,,,
ROW37360,11645,instructions,0,11647,0,P1890,STUDY0008,SESS1359,0,,,
ROW37361,1354,html-button-response,1,13002,0,P1890,STUDY0008,SESS1359,0,0,precautions_survey,
ROW37362,2383,html-button-response,3,17238,0,P1890,STUDY0008,SESS1359,0,0,lavender_instruction,
ROW37363,6655,survey-multi-select,5,32463,0,P1890,STUDY0008,SESS1359,0,"{""Q0"":[""shape"",""color""]}",category_organization_semblocked,ambulance
ROW37364,8567,html-button-response,4,25806,0,P1890,STUDY0008,SESS1359,0,0,category_section_intro,
ROW37365,1851,html-button-response,2,14854,0,P1890,STUDY0008,SESS1359,0,0,vocabulary_classification_criteria,
ROW37366,16063,html-button-response,6,48527,0,P1890,STUDY0008,SESS1359,0,0,category_section_intro,
ROW37367,30951,survey-multi-select,7,79479,0,P1890,STUDY0008,SESS1359,0,"{""Q0"":[""shape"",""color""]}",category_organization_semblocked,chicken (animal)
ROW37368,4126,html-button-response,8,83606,0,P1890,STUDY0008,SESS1359,0,0,category_section_intro,
ROW37369,3683,survey-multi-select,9,87290,0,P1890,STUDY0008,SESS1359,0,"{""Q0"":[""shape"",""material""]}",category_organization_semblocked,sunglasses
ROW37370,4610,survey-multi-select,10,91902,0,P1890,STUDY0008,SESS1359,0,"{""Q0"":[""shape"",""color"",""material""]}",category_organization_semblocked,vest
ROW37371,2827,html-button-response,11,94731,0,P1890,STUDY0008,SESS1359,0,0,category_section_intro,
ROW37372,5326,survey-multi-select,12,100058,0,P1890,STUDY0008,SESS1359,0,"{""Q0"":[""shape"",""material""]}",category_organization_semblocked,play pen
ROW37373,1263,html-button-response,13,101322,0,P1890,STUDY0008,SESS1359,0,0,category_section_intro,
ROW37374,3911,survey-multi-select,14,105234,0,P1890,STUDY0008,SESS1359,0,"{""Q0"":[""color""]}",category_organization_semblocked,ham
ROW37375,6431,survey-multi-select,15,111666,0,P1890,STUDY0008,SESS1359,0,"{""Q0"":[""shape"",""color"",""material""]}",category_organization_semblocked,jello
ROW37376,3395,survey-multi-select,16,115062,0,P1890,STUDY0008,SESS1359,0,"{""Q0"":[""shape"",""color"",""material""]}",category_organization_semblocked,pretzel
ROW37377,5055,survey-multi-select,17,120118,0,P1890,STUDY0008,SESS1359,0,"{""Q0"":[""material""]}",category_organization_semblocked,rice cake
ROW37378,2751,survey-multi-select,18,122870,0,P1890,STUDY0008,SESS1359,0,"{""Q0"":[""shape"",""color""]}",category_organization_semblocked,salami
ROW37379,4550,survey-multi-select,19,127422,0,P1890,STUDY0008,SESS1359,0,"{""Q0"":[""none of these""]}",category_organization_semblocked,samosa
ROW37380,2404,html-button-response,20,129827,0,P1890,STUDY0008,SESS1359,0,0,category_section_intro,
ROW37381,3011,survey-multi-select,21,132839,0,P1890,STUDY0008,SESS1359,0,"{""Q0"":[""shape""]}",category_organization_semblocked,back
ROW37382,2722,survey-multi-select,22,135562,0,P1890,STUDY0008,SESS1359,0,"{""Q0"":[""shape""]}",category_organization_semblocked,face
ROW37383,4298,survey-multi-select,24,140678,0,P1890,STUDY0008,SESS1359,0,"{""Q0"":[""shape"",""color"",""material""]}",category_organization_semblocked,bowl
ROW37384,3575,survey-multi-select,25,144254,0,P1890,STUDY0008,SESS1359,0,"{""Q0"":[""shape"",""material""]}",category_organization_semblocked,camera
ROW37385,815,html-button-response,23,136378,0,P1890,STUDY0008,SESS1359,0,0,category_section_intro,
ROW37386,7039,survey-multi-select,27,152398,0,P1890,STUDY0008,SESS1359,0,"{""Q0"":[""shape"",""material""]}",category_organization_semblocked,sprinkler
ROW37387,1103,html-button-response,26,145358,0,P1890,STUDY0008,SESS1359,0,0,category_section_intro,
ROW37388,3751,survey-multi-select,29,156934,0,P1890,STUDY0008,SESS1359,0,"{""Q0"":[""shape"",""color""]}",category_organization_semblocked,broccoli
ROW37389,3442,survey-multi-select,30,160378,0,P1890,STUDY0008,SESS1359,0,"{""Q0"":[""shape""]}",category_organization_semblocked,hill
ROW37390,783,html-button-response,28,153182,0,P1890,STUDY0008,SESS1359,0,0,category_section_intro,
ROW37391,3642,survey-multi-select,31,164023,0,P1890,STUDY0008,SESS1359,0,"{""Q0"":[""none of these""]}",category_organization_semblocked,suburb
ROW37392,3489,survey-multi-select,32,167514,0,P1890,STUDY0008,SESS1359,0,"{""Q0"":[""none of these""]}",category_organization_semblocked,time
ROW37393,2835,survey-multi-select,33,170350,0,P1890,STUDY0008,SESS1359,0,"{""Q0"":[""color""]}",category_organization_semblocked,lavender
ROW37394,1435,html-button-response,34,171786,0,P1890,STUDY0008,SESS1359,0,0,,
ROW37395,6472,instructions,35,178258,0,P1890,STUDY0008,SESS1359,0,,,
ROW37396,3103,instructions,0,3104,0,P1681,STUDY0008,SESS1361,0,,,
ROW37397,7769,survey-multi-select,5,27450,0,P1681,STUDY0008,SESS1361,0,"{""Q0"":[""shape""]}",category_organization_semblocked,minibus
ROW37398,4379,html-button-response,4,19679,0,P1681,STUDY0008,SESS1361,0,0,category_section_intro,
ROW37399,1072,html-button-response,1,4178,0,P1681,STUDY0008,SESS1361,0,0,precautions_survey,
ROW37400,3055,html-button-response,3,15300,0,P1681,STUDY0008,SESS1361,0,0,lavender_instruction,
ROW37401,8065,html-button-response,2,12244,0,P1681,STUDY0008,SESS1361,0,0,vocabulary_classification_criteria,
ROW37402,4061,html-button-response,6,31512,0,P1681,STUDY0008,SESS1361,0,0,category_section_intro,
ROW37403,5347,survey-multi-select,7,36860,0,P1681,STUDY0008,SESS1361,0,"{""Q0"":[""none of these""]}",category_organization_semblocked,owl
ROW37404,4437,survey-multi-select,10,51900,0,P1681,STUDY0008,SESS1361,0,"{""Q0"":[""color"",""material""]}",category_organization_semblocked,gloves
ROW37405,5531,html-button-response,9,47461,0,P1681,STUDY0008,SESS1361,0,0,category_section_intro,
ROW37406,5068,survey-multi-select,8,41929,0,P1681,STUDY0008,SESS1361,0,"{""Q0"":[""none of these""]}",category_organization_semblocked,turkey
ROW37407,2580,survey-multi-select,11,54481,0,P1681,STUDY0008,SESS1361,0,"{""Q0"":[""color"",""material""]}",category_organization_semblocked,mask
ROW37408,4800,survey-multi-select,13,62115,0,P1681,STUDY0008,SESS1361,0,"{""Q0"":[""color"",""material""]}",category_organization_semblocked,zipper
ROW37409,2831,survey-multi-select,12,57314,0,P1681,STUDY0008,SESS1361,0,"{""Q0"":[""color"",""material""]}",category_organization_semblocked,tracksuit
ROW37410,1211,html-button-response,14,63327,0,P1681,STUDY0008,SESS1361,0,0,category_section_intro,
ROW37411,4214,survey-multi-select,15,67541,0,P1681,STUDY0008,SESS1361,0,"{""Q0"":[""shape""]}",category_organization_semblocked,tv
ROW37412,6143,survey-multi-select,17,74554,0,P1681,STUDY0008,SESS1361,0,"{""Q0"":[""shape"",""color""]}",category_organization_semblocked,cake
ROW37413,868,html-button-response,16,68410,0,P1681,STUDY0008,SESS1361,0,0,category_section_intro,
ROW37414,2284,survey-multi-select,18,76840,0,P1681,STUDY0008,SESS1361,0,"{""Q0"":[""shape"",""color""]}",category_organization_semblocked,grapes
ROW37415,3232,survey-multi-select,19,80073,0,P1681,STUDY0008,SESS1361,0,"{""Q0"":[""shape""]}",category_organization_semblocked,green beans
ROW37416,4187,survey-multi-select,20,84261,0,P1681,STUDY0008,SESS1361,0,"{""Q0"":[""color"",""material""]}",category_organization_semblocked,puree
ROW37417,3798,survey-multi-select,21,88061,0,P1681,STUDY0008,SESS1361,0,"{""Q0"":[""shape"",""color""]}",category_organization_semblocked,strawberry
ROW37418,875,html-button-response,22,88937,0,P1681,STUDY0008,SESS1361,0,0,category_section_intro,
ROW37419,4247,survey-multi-select,23,93186,0,P1681,STUDY0008,SESS1361,0,"{""Q0"":[""none of these""]}",category_organization_semblocked,hip
ROW37420,836,html-button-response,24,94022,0,P1681,STUDY0008,SESS1361,0,0,category_section_intro,
ROW37421,4220,survey-multi-select,26,102537,0,P1681,STUDY0008,SESS1361,0,"{""Q0"":[""color"",""material""]}",category_organization_semblocked,shampoo
ROW37422,3457,survey-multi-select,27,105995,0,P1681,STUDY0008,SESS1361,0,"{""Q0"":[""shape"",""color"",""material""]}",category_organization_semblocked,sponge
ROW37423,2759,survey-multi-select,28,108754,0,P1681,STUDY0008,SESS1361,0,"{""Q0"":[""shape"",""color"",""material""]}",category_organization_semblocked,teapot
ROW37424,1961,html-button-response,29,110717,0,P1681,STUDY0008,SESS1361,0,0,category_section_intro,
ROW37425,4293,survey-multi-select,25,98316,0,P1681,STUDY0008,SESS1361,0,"{""Q0"":[""color"",""material""]}",category_organization_semblocked,rag
ROW37426,5334,survey-multi-select,30,116052,0,P1681,STUDY0008,SESS1361,0,"{""Q0"":[""shape"",""color"",""material""]}",category_organization_semblocked,flower pot
ROW37427,1935,instructions,34,123126,0,P1681,STUDY0008,SESS1361,0,,,
ROW37428,955,html-button-response,33,121190,0,P1681,STUDY0008,SESS1361,0,0,,
ROW37429,2567,survey-multi-select,31,118620,0,P1681,STUDY0008,SESS1361,0,"{""Q0"":[""shape"",""color"",""material""]}",category_organization_semblocked,seesaw
ROW37430,1613,survey-multi-select,32,120234,0,P1681,STUDY0008,SESS1361,0,"{""Q0"":[""none of these""]}",category_organization_semblocked,lavender
ROW37431,4492,instructions,0,4497,0,P1596,STUDY0008,SESS1362,0,,,
ROW37432,2851,html-button-response,2,8277,0,P1596,STUDY0008,SESS1362,0,0,vocabulary_classification_criteria,
ROW37433,926,html-button-response,1,5424,0,P1596,STUDY0008,SESS1362,0,0,precautions_survey,
ROW37434,7063,survey-multi-select,5,23546,0,P1596,STUDY0008,SESS1362,0,"{""Q0"":[""shape"",""material""]}",category_organization_semblocked,sled
ROW37435,2499,html-button-response,4,16477,0,P1596,STUDY0008,SESS1362,0,0,category_section_intro,
ROW37436,5699,html-button-response,3,13977,0,P1596,STUDY0008,SESS1362,0,0,lavender_instruction,
ROW37437,7130,html-button-response,6,30678,0,P1596,STUDY0008,SESS1362,0,0,category_section_intro,
ROW37438,5295,survey-multi-select,7,35978,0,P1596,STUDY0008,SESS1362,0,"{""Q0"":[""shape"",""color"",""material""]}",category_organization_semblocked,crayon
ROW37439,3682,survey-multi-select,8,39663,0,P1596,STUDY0008,SESS1362,0,"{""Q0"":[""shape"",""material""]}",category_organization_semblocked,drum
ROW37440,12515,html-button-response,9,52180,0,P1596,STUDY0008,SESS1362,0,0,category_section_intro,
ROW37441,2882,survey-multi-select,10,55064,0,P1596,STUDY0008,SESS1362,0,"{""Q0"":[""shape"",""color""]}",category_organization_semblocked,cow
ROW37442,2444,survey-multi-select,11,57513,0,P1596,STUDY0008,SESS1362,0,"{""Q0"":[""shape"",""color""]}",category_organization_semblocked,koala
ROW37443,1751,html-button-response,12,59265,0,P1596,STUDY0008,SESS1362,0,0,category_section_intro,
ROW37444,5080,survey-multi-select,13,64348,0,P1596,STUDY0008,SESS1362,0,"{""Q0"":[""shape"",""color"",""material""]}",category_organization_semblocked,ribbon
ROW37445,1616,html-button-response,14,65965,0,P1596,STUDY0008,SESS1362,0,0,category_section_intro,
ROW37446,4247,survey-multi-select,15,70217,0,P1596,STUDY0008,SESS1362,0,"{""Q0"":[""shape"",""material""]}",category_organization_semblocked,porch
ROW37447,1130,html-button-response,16,71349,0,P1596,STUDY0008,SESS1362,0,0,category_section_intro,
ROW37448,4730,survey-multi-select,17,76082,0,P1596,STUDY0008,SESS1362,0,"{""Q0"":[""shape"",""color"",""material""]}",category_organization_semblocked,cocoa
ROW37449,2983,survey-multi-select,18,79067,0,P1596,STUDY0008,SESS1362,0,"{""Q0"":[""shape"",""color"",""material""]}",category_organization_semblocked,crab
ROW37450,3297,survey-multi-select,19,82368,0,P1596,STUDY0008,SESS1362,0,"{""Q0"":[""shape"",""color""]}",category_organization_semblocked,pepper
ROW37451,4145,survey-multi-select,21,94118,0,P1596,STUDY0008,SESS1362,0,"{""Q0"":[""shape"",""material""]}",category_organization_semblocked,leg
ROW37452,7600,html-button-response,20,89970,0,P1596,STUDY0008,SESS1362,0,0,category_section_intro,
ROW37453,2433,survey-multi-select,23,98519,0,P1596,STUDY0008,SESS1362,0,"{""Q0"":[""shape"",""material""]}",category_organization_semblocked,cup
ROW37454,1964,html-button-response,22,96083,0,P1596,STUDY0008,SESS1362,0,0,category_section_intro,
ROW37455,2464,survey-multi-select,24,100986,0,P1596,STUDY0008,SESS1362,0,"{""Q0"":[""material""]}",category_organization_semblocked,garbage
ROW37456,2749,survey-multi-select,25,103736,0,P1596,STUDY0008,SESS1362,0,"{""Q0"":[""shape"",""material""]}",category_organization_semblocked,knife
ROW37457,3146,survey-multi-select,26,106886,0,P1596,STUDY0008,SESS1362,0,"{""Q0"":[""shape"",""color"",""material""]}",category_organization_semblocked,plant
ROW37458,2430,survey-multi-select,27,109320,0,P1596,STUDY0008,SESS1362,0,"{""Q0"":[""shape""]}",category_organization_semblocked,radio
ROW37460,2464,html-button-response,30,118252,0,P1596,STUDY0008,SESS1362,0,0,category_section_intro,
ROW37461,6500,survey-multi-select,31,124753,0,P1596,STUDY0008,SESS1362,0,"{""Q0"":[""shape""]}",category_organization_semblocked,letter
ROW37459,2980,survey-multi-select,28,112304,0,P1596,STUDY0008,SESS1362,0,"{""Q0"":[""shape"",""material""]}",category_organization_semblocked,shampoo
ROW37462,3480,survey-multi-select,29,115787,0,P1596,STUDY0008,SESS1362,0,"{""Q0"":[""shape"",""material""]}",category_organization_semblocked,terrace
ROW37463,2366,survey-multi-select,32,127122,0,P1596,STUDY0008,SESS1362,0,"{""Q0"":[""color""]}",category_organization_semblocked,reindeer
ROW37464,931,html-button-response,34,130506,0,P1596,STUDY0008,SESS1362,0,0,,
ROW37465,2446,survey-multi-select,33,129571,0,P1596,STUDY0008,SESS1362,0,"{""Q0"":[""none of these""]}",category_organization_semblocked,lavender
ROW37466,2615,instructions,35,133122,0,P1596,STUDY0008,SESS1362,0,,,
ROW37467,9896,instructions,0,9899,0,P0637,STUDY0008,SESS1360,0,,,
ROW37468,25618,html-button-response,2,36784,0,P0637,STUDY0008,SESS1360,0,0,vocabulary_classification_criteria,
ROW37469,1262,html-button-response,1,11164,0,P0637,STUDY0008,SESS1360,0,0,precautions_survey,
ROW37470,21357,html-button-response,3,58143,0,P0637,STUDY0008,SESS1360,0,0,lavender_instruction,
ROW37471,13097,survey-multi-select,5,74057,0,P0637,STUDY0008,SESS1360,0,"{""Q0"":[""shape""]}",category_organization_semblocked,cart
ROW37472,2807,html-button-response,4,60952,0,P0637,STUDY0008,SESS1360,0,0,category_section_intro,
ROW37473,2306,html-button-response,6,76364,0,P0637,STUDY0008,SESS1360,0,0,category_section_intro,
ROW37474,7078,survey-multi-select,8,94050,0,P0637,STUDY0008,SESS1360,0,"{""Q0"":[""shape""]}",category_organization_semblocked,sparrow
ROW37475,10600,survey-multi-select,7,86968,0,P0637,STUDY0008,SESS1360,0,"{""Q0"":[""shape""]}",category_organization_semblocked,owl
ROW37476,10241,survey-multi-select,9,104295,0,P0637,STUDY0008,SESS1360,0,"{""Q0"":[""color""]}",category_organization_semblocked,turtle
ROW37477,5506,survey-multi-select,11,115865,0,P0637,STUDY0008,SESS1360,0,"{""Q0"":[""material""]}",category_organization_semblocked,carpet
ROW37478,6059,html-button-response,10,110355,0,P0637,STUDY0008,SESS1360,0,0,category_section_intro,
ROW37479,7491,survey-multi-select,12,123359,0,P0637,STUDY0008,SESS1360,0,"{""Q0"":[""shape""]}",category_organization_semblocked,corridor
ROW37480,4000,html-button-response,13,127360,0,P0637,STUDY0008,SESS1360,0,0,category_section_intro,
ROW37481,23104,survey-multi-select,14,150467,0,P0637,STUDY0008,SESS1360,0,"{""Q0"":[""shape"",""color""]}",category_organization_semblocked,kiwi
ROW37482,5763,survey-multi-select,15,156233,0,P0637,STUDY0008,SESS1360,0,"{""Q0"":[""color""]}",category_organization_semblocked,mango
ROW37483,22718,survey-multi-select,16,178954,0,P0637,STUDY0008,SESS1360,0,"{""Q0"":[""shape""]}",category_organization_semblocked,peas
ROW37484,3122,survey-multi-select,17,182079,0,P0637,STUDY0008,SESS1360,0,"{""Q0"":[""color""]}",category_organization_semblocked,raspberry
ROW37485,5013,survey-multi-select,19,200318,0,P0637,STUDY0008,SESS1360,0,"{""Q0"":[""shape""]}",category_organization_semblocked,spaghetti
ROW37486,13219,survey-multi-select,18,195301,0,P0637,STUDY0008,SESS1360,0,"{""Q0"":[""material""]}",category_organization_semblocked,scallion
ROW37487,14524,html-button-response,20,214844,0,P0637,STUDY0008,SESS1360,0,0,category_section_intro,
ROW37488,10678,survey-multi-select,21,225524,0,P0637,STUDY0008,SESS1360,0,"{""Q0"":[""color""]}",category_organization_semblocked,paint (object)
ROW37489,2289,survey-multi-select,22,227816,0,P0637,STUDY0008,SESS1360,0,"{""Q0"":[""shape""]}",category_organization_semblocked,plant
ROW37490,5508,survey-multi-select,23,233327,0,P0637,STUDY0008,SESS1360,0,"{""Q0"":[""shape"",""material""]}",category_organization_semblocked,pot
ROW37491,968,html-button-response,25,240116,0,P0637,STUDY0008,SESS1360,0,0,category_section_intro,
ROW37492,5818,survey-multi-select,24,239147,0,P0637,STUDY0008,SESS1360,0,"{""Q0"":[""material""]}",category_organization_semblocked,toothpaste
ROW37493,10885,survey-multi-select,26,251004,0,P0637,STUDY0008,SESS1360,0,"{""Q0"":[""shape""]}",category_organization_semblocked,smoke
ROW37494,2943,html-button-response,27,253948,0,P0637,STUDY0008,SESS1360,0,0,category_section_intro,
ROW37495,12505,survey-multi-select,28,266457,0,P0637,STUDY0008,SESS1360,0,"{""Q0"":[""color"",""material""]}",category_organization_semblocked,rug
ROW37496,4700,survey-multi-select,29,271159,0,P0637,STUDY0008,SESS1360,0,"{""Q0"":[""shape""]}",category_organization_semblocked,suit
ROW37497,7195,survey-multi-select,30,278357,0,P0637,STUDY0008,SESS1360,0,"{""Q0"":[""shape"",""color""]}",category_organization_semblocked,tie (object)
ROW37498,2460,survey-multi-select,31,280821,0,P0637,STUDY0008,SESS1360,0,"{""Q0"":[""none of these""]}",category_organization_semblocked,lavender
ROW37499,1055,html-button-response,32,281877,0,P0637,STUDY0008,SESS1360,0,0,,
ROW37500,2134,instructions,33,284012,0,P0637,STUDY0008,SESS1360,0,,,
ROW37501,9826,instructions,0,9835,0,P1388,STUDY0008,SESS1364,0,,,
ROW37502,14106,html-button-response,1,23945,0,P1388,STUDY0008,SESS1364,0,0,precautions_survey,
ROW37503,21902,html-button-response,2,45850,0,P1388,STUDY0008,SESS1364,0,0,vocabulary_classification_criteria,
ROW37504,7005,html-button-response,4,63668,0,P1388,STUDY0008,SESS1364,0,0,category_section_intro,
ROW37505,10808,html-button-response,3,56660,0,P1388,STUDY0008,SESS1364,0,0,lavender_instruction,
ROW37506,12473,survey-multi-select,5,76148,0,P1388,STUDY0008,SESS1364,0,"{""Q0"":[""shape""]}",category_organization_semblocked,ship
ROW37507,9473,survey-multi-select,7,92758,0,P1388,STUDY0008,SESS1364,0,"{""Q0"":[""shape"",""color""]}",category_organization_semblocked,bell
ROW37508,7128,html-button-response,6,83279,0,P1388,STUDY0008,SESS1364,0,0,category_section_intro,
ROW37509,7900,survey-multi-select,8,100665,0,P1388,STUDY0008,SESS1364,0,"{""Q0"":[""material""]}",category_organization_semblocked,board game
ROW37510,5663,survey-multi-select,9,106333,0,P1388,STUDY0008,SESS1364,0,"{""Q0"":[""color""]}",category_organization_semblocked,marker
ROW37511,7515,survey-multi-select,10,113852,0,P1388,STUDY0008,SESS1364,0,"{""Q0"":[""shape"",""color"",""material""]}",category_organization_semblocked,toy (object)
ROW37512,2717,html-button-response,11,116571,0,P1388,STUDY0008,SESS1364,0,0,category_section_intro,
ROW37513,5790,survey-multi-select,12,122366,0,P1388,STUDY0008,SESS1364,0,"{""Q0"":[""shape"",""color""]}",category_organization_semblocked,lion
ROW37514,1925,html-button-response,13,124293,0,P1388,STUDY0008,SESS1364,0,0,category_section_intro,
ROW37515,6127,survey-multi-select,14,130425,0,P1388,STUDY0008,SESS1364,0,"{""Q0"":[""material""]}",category_organization_semblocked,handkerchief
ROW37516,4729,survey-multi-select,15,135159,0,P1388,STUDY0008,SESS1364,0,"{""Q0"":[""material""]}",category_organization_semblocked,scarf
ROW37517,15473,survey-multi-select,16,150638,0,P1388,STUDY0008,SESS1364,0,"{""Q0"":[""shape"",""material""]}",category_organization_semblocked,sock
ROW37518,2754,html-button-response,17,153395,0,P1388,STUDY0008,SESS1364,0,0,category_section_intro,
ROW37519,4584,survey-multi-select,18,157983,0,P1388,STUDY0008,SESS1364,0,"{""Q0"":[""shape""]}",category_organization_semblocked,window
ROW37520,5953,survey-multi-select,20,165667,0,P1388,STUDY0008,SESS1364,0,"{""Q0"":[""shape"",""color""]}",category_organization_semblocked,berry
ROW37521,1724,html-button-response,19,159709,0,P1388,STUDY0008,SESS1364,0,0,category_section_intro,
ROW37522,5375,survey-multi-select,21,171046,0,P1388,STUDY0008,SESS1364,0,"{""Q0"":[""shape"",""color""]}",category_organization_semblocked,fruit
ROW37523,4506,survey-multi-select,22,175557,0,P1388,STUDY0008,SESS1364,0,"{""Q0"":[""color""]}",category_organization_semblocked,rice
ROW37524,12020,survey-multi-select,23,187582,0,P1388,STUDY0008,SESS1364,0,"{""Q0"":[""color"",""material""]}",category_organization_semblocked,smoothie
ROW37525,2745,html-button-response,24,190328,0,P1388,STUDY0008,SESS1364,0,0,category_section_intro,
ROW37526,3630,survey-multi-select,25,193962,0,P1388,STUDY0008,SESS1364,0,"{""Q0"":[""shape""]}",category_organization_semblocked,battery
ROW37527,4430,survey-multi-select,26,198397,0,P1388,STUDY0008,SESS1364,0,"{""Q0"":[""shape""]}",category_organization_semblocked,camera
ROW37528,4102,survey-multi-select,27,202503,0,P1388,STUDY0008,SESS1364,0,"{""Q0"":[""shape""]}",category_organization_semblocked,plug
ROW37529,1280,html-button-response,28,203785,0,P1388,STUDY0008,SESS1364,0,0,category_section_intro,
ROW37530,6087,survey-multi-select,29,209876,0,P1388,STUDY0008,SESS1364,0,"{""Q0"":[""color"",""material""]}",category_organization_semblocked,wall
ROW37531,2600,html-button-response,30,212479,0,P1388,STUDY0008,SESS1364,0,0,category_section_intro,
ROW37532,8286,survey-multi-select,31,220768,0,P1388,STUDY0008,SESS1364,0,"{""Q0"":[""shape""]}",category_organization_semblocked,avocado
ROW37533,4565,survey-multi-select,32,225338,0,P1388,STUDY0008,SESS1364,0,"{""Q0"":[""none of these""]}",category_organization_semblocked,persimmon
ROW37534,3659,survey-multi-select,33,229001,0,P1388,STUDY0008,SESS1364,0,"{""Q0"":[""none of these""]}",category_organization_semblocked,lavender
ROW37535,1645,html-button-response,34,230649,0,P1388,STUDY0008,SESS1364,0,0,,
ROW37536,5897,instructions,35,236547,0,P1388,STUDY0008,SESS1364,0,,,
ROW37537,277933,instructions,0,277937,0,P1820,STUDY0008,SESS1363,0,,,
ROW37538,5097,html-button-response,2,290458,0,P1820,STUDY0008,SESS1363,0,0,vocabulary_classification_criteria,
ROW37539,7419,html-button-response,1,285360,0,P1820,STUDY0008,SESS1363,0,0,precautions_survey,
ROW37540,61072,html-button-response,3,351202,0,P1820,STUDY0008,SESS1363,0,0,lavender_instruction,
ROW37541,5019,html-button-response,4,356222,0,P1820,STUDY0008,SESS1363,0,0,category_section_intro,
ROW37542,9627,survey-multi-select,5,365857,0,P1820,STUDY0008,SESS1363,0,"{""Q0"":[""material""]}",category_organization_semblocked,pencil
ROW37543,5527,survey-multi-select,6,371387,0,P1820,STUDY0008,SESS1363,0,"{""Q0"":[""shape""]}",category_organization_semblocked,play dough
ROW37544,6755,html-button-response,7,378144,0,P1820,STUDY0008,SESS1363,0,0,category_section_intro,
ROW37545,10532,survey-multi-select,8,388679,0,P1820,STUDY0008,SESS1363,0,"{""Q0"":[""none of these""]}",category_organization_semblocked,camel
ROW37546,7067,survey-multi-select,9,395750,0,P1820,STUDY0008,SESS1363,0,"{""Q0"":[""color""]}",category_organization_semblocked,caterpillar
ROW37547,3898,survey-multi-select,10,399650,0,P1820,STUDY0008,SESS1363,0,"{""Q0"":[""color""]}",category_organization_semblocked,ladybug
ROW37548,1169,html-button-response,11,400821,0,P1820,STUDY0008,SESS1363,0,0,category_section_intro,
ROW37549,5149,survey-multi-select,12,405973,0,P1820,STUDY0008,SESS1363,0,"{""Q0"":[""material""]}",category_organization_semblocked,sandal
ROW37550,3552,survey-multi-select,13,409528,0,P1820,STUDY0008,SESS1363,0,"{""Q0"":[""material""]}",category_organization_semblocked,sock
ROW37551,983,html-button-response,14,410513,0,P1820,STUDY0008,SESS1363,0,0,category_section_intro,
ROW37552,4301,survey-multi-select,15,414816,0,P1820,STUDY0008,SESS1363,0,"{""Q0"":[""none of these""]}",category_organization_semblocked,cutlet
ROW37553,4374,survey-multi-select,16,419193,0,P1820,STUDY0008,SESS1363,0,"{""Q0"":[""color""]}",category_organization_semblocked,orange (food)
ROW37554,5857,survey-multi-select,17,425053,0,P1820,STUDY0008,SESS1363,0,"{""Q0"":[""shape""]}",category_organization_semblocked,peach
ROW37555,3893,survey-multi-select,18,428948,0,P1820,STUDY0008,SESS1363,0,"{""Q0"":[""none of these""]}",category_organization_semblocked,push
ROW37556,951,html-button-response,19,429900,0,P1820,STUDY0008,SESS1363,0,0,category_section_intro,
ROW37557,3944,survey-multi-select,20,433847,0,P1820,STUDY0008,SESS1363,0,"{""Q0"":[""none of these""]}",category_organization_semblocked,neck
ROW37558,1311,html-button-response,21,435160,0,P1820,STUDY0008,SESS1363,0,0,category_section_intro,
ROW37559,4481,survey-multi-select,22,439643,0,P1820,STUDY0008,SESS1363,0,"{""Q0"":[""material""]}",category_organization_semblocked,matches
ROW37560,4000,survey-multi-select,23,443646,0,P1820,STUDY0008,SESS1363,0,"{""Q0"":[""color""]}",category_organization_semblocked,purse
ROW37561,3200,survey-multi-select,24,446849,0,P1820,STUDY0008,SESS1363,0,"{""Q0"":[""shape""]}",category_organization_semblocked,straw
ROW37562,892,html-button-response,25,447743,0,P1820,STUDY0008,SESS1363,0,0,category_section_intro,
ROW37563,6666,survey-multi-select,26,454412,0,P1820,STUDY0008,SESS1363,0,"{""Q0"":[""material""]}",category_organization_semblocked,water (not beverage)
ROW37564,1279,html-button-response,27,455692,0,P1820,STUDY0008,SESS1363,0,0,category_section_intro,
ROW37565,5014,survey-multi-select,28,460709,0,P1820,STUDY0008,SESS1363,0,"{""Q0"":[""none of these""]}",category_organization_semblocked,blender
ROW37566,2732,survey-multi-select,29,463444,0,P1820,STUDY0008,SESS1363,0,"{""Q0"":[""color""]}",category_organization_semblocked,ginger
ROW37567,3418,survey-multi-select,30,466864,0,P1820,STUDY0008,SESS1363,0,"{""Q0"":[""none of these""]}",category_organization_semblocked,llama
ROW37568,3271,survey-multi-select,31,470138,0,P1820,STUDY0008,SESS1363,0,"{""Q0"":[""color""]}",category_organization_semblocked,vanilla
ROW37569,1192,html-button-response,33,475503,0,P1820,STUDY0008,SESS1363,0,0,,
ROW37570,4168,survey-multi-select,32,474308,0,P1820,STUDY0008,SESS1363,0,"{""Q0"":[""none of these""]}",category_organization_semblocked,lavender
ROW37571,5212,instructions,34,480715,0,P1820,STUDY0008,SESS1363,0,,,
ROW37572,3243,instructions,0,3244,0,P1058,STUDY0008,SESS1366,0,,,
ROW37573,9160,html-button-response,2,18745,0,P1058,STUDY0008,SESS1366,0,0,vocabulary_classification_criteria,
ROW37574,6338,html-button-response,1,9584,0,P1058,STUDY0008,SESS1366,0,0,precautions_survey,
ROW37575,6563,survey-multi-select,5,31335,0,P1058,STUDY0008,SESS1366,0,"{""Q0"":[""shape""]}",category_organization_semblocked,skate (object)
ROW37576,3488,html-button-response,3,22234,0,P1058,STUDY0008,SESS1366,0,0,lavender_instruction,
ROW37577,2536,html-button-response,4,24771,0,P1058,STUDY0008,SESS1366,0,0,category_section_intro,
ROW37578,1977,html-button-response,6,33313,0,P1058,STUDY0008,SESS1366,0,0,category_section_intro,
ROW37579,4773,survey-multi-select,7,38088,0,P1058,STUDY0008,SESS1366,0,"{""Q0"":[""shape"",""color"",""material""]}",category_organization_semblocked,pen
ROW37580,4167,survey-multi-select,8,42256,0,P1058,STUDY0008,SESS1366,0,"{""Q0"":[""shape""]}",category_organization_semblocked,top
ROW37581,1377,html-button-response,9,43633,0,P1058,STUDY0008,SESS1366,0,0,category_section_intro,
ROW37582,4123,survey-multi-select,10,47757,0,P1058,STUDY0008,SESS1366,0,"{""Q0"":[""shape"",""color""]}",category_organization_semblocked,beetle
ROW37583,2712,survey-multi-select,11,50469,0,P1058,STUDY0008,SESS1366,0,"{""Q0"":[""shape"",""color""]}",category_organization_semblocked,bull
ROW37584,2278,survey-multi-select,12,52748,0,P1058,STUDY0008,SESS1366,0,"{""Q0"":[""shape"",""color""]}",category_organization_semblocked,piglet
ROW37585,1421,html-button-response,13,54171,0,P1058,STUDY0008,SESS1366,0,0,category_section_intro,
ROW37586,4580,survey-multi-select,14,58752,0,P1058,STUDY0008,SESS1366,0,"{""Q0"":[""shape"",""color"",""material""]}",category_organization_semblocked,sock
ROW37587,1122,html-button-response,15,59875,0,P1058,STUDY0008,SESS1366,0,0,category_section_intro,
ROW37588,2930,survey-multi-select,16,62806,0,P1058,STUDY0008,SESS1366,0,"{""Q0"":[""shape"",""material""]}",category_organization_semblocked,air conditioner
ROW37589,3026,survey-multi-select,17,65833,0,P1058,STUDY0008,SESS1366,0,"{""Q0"":[""shape"",""color"",""material""]}",category_organization_semblocked,door
ROW37590,1209,html-button-response,18,67042,0,P1058,STUDY0008,SESS1366,0,0,category_section_intro,
ROW37591,3946,survey-multi-select,19,70989,0,P1058,STUDY0008,SESS1366,0,"{""Q0"":[""shape"",""color""]}",category_organization_semblocked,donut
ROW37592,3744,survey-multi-select,20,74734,0,P1058,STUDY0008,SESS1366,0,"{""Q0"":[""shape"",""color""]}",category_organization_semblocked,lollipop
ROW37593,1844,html-button-response,24,82284,0,P1058,STUDY0008,SESS1366,0,0,category_section_intro,
ROW37594,2128,survey-multi-select,21,76863,0,P1058,STUDY0008,SESS1366,0,"{""Q0"":[""shape"",""color""]}",category_organization_semblocked,potato
ROW37595,1105,html-button-response,22,77969,0,P1058,STUDY0008,SESS1366,0,0,category_section_intro,
ROW37596,2470,survey-multi-select,23,80440,0,P1058,STUDY0008,SESS1366,0,"{""Q0"":[""shape"",""color""]}",category_organization_semblocked,eyebrow
ROW37597,933,html-button-response,27,90324,0,P1058,STUDY0008,SESS1366,0,0,category_section_intro,
ROW37598,2623,survey-multi-select,25,84909,0,P1058,STUDY0008,SESS1366,0,"{""Q0"":[""shape"",""color"",""material""]}",category_organization_semblocked,bucket
ROW37599,4481,survey-multi-select,26,89391,0,P1058,STUDY0008,SESS1366,0,"{""Q0"":[""shape"",""color""]}",category_organization_semblocked,toothbrush
ROW37600,2383,survey-multi-select,28,92708,0,P1058,STUDY0008,SESS1366,0,"{""Q0"":[""shape"",""color""]}",category_organization_semblocked,flower
ROW37601,3915,survey-multi-select,29,96624,0,P1058,STUDY0008,SESS1366,0,"{""Q0"":[""shape"",""material""]}",category_organization_semblocked,slide (object)
ROW37602,4428,survey-multi-select,30,101053,0,P1058,STUDY0008,SESS1366,0,"{""Q0"":[""color"",""material""]}",category_organization_semblocked,soil
ROW37603,2212,survey-multi-select,31,103266,0,P1058,STUDY0008,SESS1366,0,"{""Q0"":[""color"",""material""]}",category_organization_semblocked,soil
ROW37604,1287,html-button-response,32,104553,0,P1058,STUDY0008,SESS1366,0,0,category_section_intro,
ROW37605,4696,survey-multi-select,33,109249,0,P1058,STUDY0008,SESS1366,0,"{""Q0"":[""none of these""]}",category_organization_semblocked,yum yum
ROW37606,4816,html-button-response,35,116980,0,P1058,STUDY0008,SESS1366,0,0,,
ROW37607,1998,instructions,36,118978,0,P1058,STUDY0008,SESS1366,0,,,
ROW37608,2912,survey-multi-select,34,112163,0,P1058,STUDY0008,SESS1366,0,"{""Q0"":[""none of these""]}",category_organization_semblocked,lavender
ROW37609,2868,instructions,0,2869,0,P1701,STUDY0008,SESS1365,0,,,
ROW37610,10370,html-button-response,2,18314,0,P1701,STUDY0008,SESS1365,0,0,vocabulary_classification_criteria,
ROW37611,4221,html-button-response,4,26894,0,P1701,STUDY0008,SESS1365,0,0,category_section_intro,
ROW37612,5072,html-button-response,1,7943,0,P1701,STUDY0008,SESS1365,0,0,precautions_survey,
ROW37613,4357,html-button-response,3,22672,0,P1701,STUDY0008,SESS1365,0,0,lavender_instruction,
ROW37614,3530,survey-multi-select,6,38134,0,P1701,STUDY0008,SESS1365,0,"{""Q0"":[""shape""]}",category_organization_semblocked,wheel
ROW37615,3409,html-button-response,7,41544,0,P1701,STUDY0008,SESS1365,0,0,category_section_intro,
ROW37616,7501,survey-multi-select,9,55996,0,P1701,STUDY0008,SESS1365,0,"{""Q0"":[""none of these""]}",category_organization_semblocked,zipper
ROW37617,2383,html-button-response,10,58380,0,P1701,STUDY0008,SESS1365,0,0,category_section_intro,
ROW37618,6942,survey-multi-select,8,48487,0,P1701,STUDY0008,SESS1365,0,"{""Q0"":[""material""]}",category_organization_semblocked,bib
ROW37619,4694,survey-multi-select,11,63075,0,P1701,STUDY0008,SESS1365,0,"{""Q0"":[""none of these""]}",category_organization_semblocked,washing machine
ROW37620,1752,html-button-response,12,64828,0,P1701,STUDY0008,SESS1365,0,0,category_section_intro,
ROW37621,4646,survey-multi-select,15,81228,0,P1701,STUDY0008,SESS1365,0,"{""Q0"":[""none of these""]}",category_organization_semblocked,grapes
ROW37622,4762,survey-multi-select,14,76581,0,P1701,STUDY0008,SESS1365,0,"{""Q0"":[""none of these""]}",category_organization_semblocked,french fries
ROW37623,6988,survey-multi-select,13,71817,0,P1701,STUDY0008,SESS1365,0,"{""Q0"":[""none of these""]}",category_organization_semblocked,butter
ROW37624,6138,survey-multi-select,16,87368,0,P1701,STUDY0008,SESS1365,0,"{""Q0"":[""material""]}",category_organization_semblocked,jello
ROW37625,3387,survey-multi-select,17,90756,0,P1701,STUDY0008,SESS1365,0,"{""Q0"":[""none of these""]}",category_organization_semblocked,pumpkin
ROW37626,8161,survey-multi-select,18,98919,0,P1701,STUDY0008,SESS1365,0,"{""Q0"":[""material""]}",category_organization_semblocked,sweets
ROW37627,2758,survey-multi-select,19,101678,0,P1701,STUDY0008,SESS1365,0,"{""Q0"":[""none of these""]}",category_organization_semblocked,taco
ROW37628,1500,html-button-response,20,103179,0,P1701,STUDY0008,SESS1365,0,0,category_section_intro,
ROW37629,5325,survey-multi-select,21,108505,0,P1701,STUDY0008,SESS1365,0,"{""Q0"":[""material""]}",category_organization_semblocked,terrace
ROW37630,1383,html-button-response,22,109889,0,P1701,STUDY0008,SESS1365,0,0,category_section_intro,
ROW37631,2758,survey-multi-select,24,116483,0,P1701,STUDY0008,SESS1365,0,"{""Q0"":[""none of these""]}",category_organization_semblocked,river
ROW37632,3833,survey-multi-select,23,113723,0,P1701,STUDY0008,SESS1365,0,"{""Q0"":[""none of these""]}",category_organization_semblocked,moon
ROW37633,4578,survey-multi-select,25,121063,0,P1701,STUDY0008,SESS1365,0,"{""Q0"":[""none of these""]}",category_organization_semblocked,sky
ROW37634,3417,survey-multi-select,26,124481,0,P1701,STUDY0008,SESS1365,0,"{""Q0"":[""none of these""]}",category_organization_semblocked,smoke
ROW37635,2070,survey-multi-select,27,126553,0,P1701,STUDY0008,SESS1365,0,"{""Q0"":[""none of these""]}",category_organization_semblocked,traffic
ROW37636,4172,survey-multi-select,29,132265,0,P1701,STUDY0008,SESS1365,0,"{""Q0"":[""material""]}",category_organization_semblocked,birch
ROW37637,1538,html-button-response,28,128092,0,P1701,STUDY0008,SESS1365,0,0,category_section_intro,
ROW37638,2817,survey-multi-select,30,135083,0,P1701,STUDY0008,SESS1365,0,"{""Q0"":[""none of these""]}",category_organization_semblocked,laundry
ROW37639,2884,survey-multi-select,31,137968,0,P1701,STUDY0008,SESS1365,0,"{""Q0"":[""none of these""]}",category_organization_semblocked,lavender
ROW37640,1761,html-button-response,32,139730,0,P1701,STUDY0008,SESS1365,0,0,,
ROW37641,1839,instructions,33,141569,0,P1701,STUDY0008,SESS1365,0,,,
ROW37642,7966,instructions,0,7967,0,P1842,STUDY0008,SESS1367,0,,,
ROW37643,10661,html-button-response,2,23248,0,P1842,STUDY0008,SESS1367,0,0,vocabulary_classification_criteria,
ROW37644,6409,html-button-response,4,35499,0,P1842,STUDY0008,SESS1367,0,0,category_section_intro,
ROW37645,4615,html-button-response,1,12585,0,P1842,STUDY0008,SESS1367,0,0,precautions_survey,
ROW37646,5837,html-button-response,3,29088,0,P1842,STUDY0008,SESS1367,0,0,lavender_instruction,
ROW37647,20552,survey-multi-select,5,56060,0,P1842,STUDY0008,SESS1367,0,"{""Q0"":[""shape"",""material""]}",category_organization_semblocked,balloon
ROW37648,16894,survey-multi-select,6,72958,0,P1842,STUDY0008,SESS1367,0,"{""Q0"":[""shape""]}",category_organization_semblocked,doll
ROW37649,3632,html-button-response,7,76592,0,P1842,STUDY0008,SESS1367,0,0,category_section_intro,
ROW37650,9757,survey-multi-select,8,86353,0,P1842,STUDY0008,SESS1367,0,"{""Q0"":[""shape"",""color"",""material""]}",category_organization_semblocked,chicken (animal)
ROW37651,6094,survey-multi-select,11,102860,0,P1842,STUDY0008,SESS1367,0,"{""Q0"":[""shape"",""color"",""material""]}",category_organization_semblocked,moose
ROW37652,5003,survey-multi-select,10,96762,0,P1842,STUDY0008,SESS1367,0,"{""Q0"":[""shape"",""color"",""material""]}",category_organization_semblocked,lamb
ROW37653,5401,survey-multi-select,9,91756,0,P1842,STUDY0008,SESS1367,0,"{""Q0"":[""shape"",""color"",""material""]}",category_organization_semblocked,goat
ROW37654,4715,html-button-response,12,107577,0,P1842,STUDY0008,SESS1367,0,0,category_section_intro,
ROW37655,6856,survey-multi-select,14,123025,0,P1842,STUDY0008,SESS1367,0,"{""Q0"":[""shape"",""color"",""material""]}",category_organization_semblocked,kitchen
ROW37656,8586,survey-multi-select,13,116166,0,P1842,STUDY0008,SESS1367,0,"{""Q0"":[""color"",""material""]}",category_organization_semblocked,floor
ROW37657,5384,survey-multi-select,15,128411,0,P1842,STUDY0008,SESS1367,0,"{""Q0"":[""shape"",""color"",""material""]}",category_organization_semblocked,shower
ROW37658,6907,survey-multi-select,17,140600,0,P1842,STUDY0008,SESS1367,0,"{""Q0"":[""color""]}",category_organization_semblocked,soup
ROW37659,5277,html-button-response,16,133690,0,P1842,STUDY0008,SESS1367,0,0,category_section_intro,
ROW37660,1610,html-button-response,18,142213,0,P1842,STUDY0008,SESS1367,0,0,category_section_intro,
ROW37661,4332,survey-multi-select,19,146548,0,P1842,STUDY0008,SESS1367,0,"{""Q0"":[""shape""]}",category_organization_semblocked,hand
ROW37662,1741,html-button-response,20,148292,0,P1842,STUDY0008,SESS1367,0,0,category_section_intro,
ROW37663,4493,survey-multi-select,21,152789,0,P1842,STUDY0008,SESS1367,0,"{""Q0"":[""shape"",""material""]}",category_organization_semblocked,cd
ROW37664,7312,survey-multi-select,22,160104,0,P1842,STUDY0008,SESS1367,0,"{""Q0"":[""color"",""material""]}",category_organization_semblocked,garbage
ROW37665,9356,survey-multi-select,23,169463,0,P1842,STUDY0008,SESS1367,0,"{""Q0"":[""shape"",""color"",""material""]}",category_organization_semblocked,light (object)
ROW37666,5576,survey-multi-select,24,175042,0,P1842,STUDY0008,SESS1367,0,"{""Q0"":[""shape"",""color"",""material""]}",category_organization_semblocked,pillow
ROW37667,1425,html-button-response,25,176470,0,P1842,STUDY0008,SESS1367,0,0,category_section_intro,
ROW37668,7240,survey-multi-select,26,183713,0,P1842,STUDY0008,SESS1367,0,"{""Q0"":[""shape""]}",category_organization_semblocked,mountain
ROW37669,5146,survey-multi-select,27,188863,0,P1842,STUDY0008,SESS1367,0,"{""Q0"":[""material""]}",category_organization_semblocked,watering can
ROW37670,3352,html-button-response,28,192216,0,P1842,STUDY0008,SESS1367,0,0,category_section_intro,
ROW37671,4637,survey-multi-select,29,196856,0,P1842,STUDY0008,SESS1367,0,"{""Q0"":[""none of these""]}",category_organization_semblocked,and
ROW37672,6807,survey-multi-select,30,203667,0,P1842,STUDY0008,SESS1367,0,"{""Q0"":[""color""]}",category_organization_semblocked,avocado
ROW37673,6112,survey-multi-select,31,209781,0,P1842,STUDY0008,SESS1367,0,"{""Q0"":[""color"",""material""]}",category_organization_semblocked,firewood
ROW37674,3588,survey-multi-select,32,213372,0,P1842,STUDY0008,SESS1367,0,"{""Q0"":[""none of these""]}",category_organization_semblocked,lavender
ROW37675,1724,html-button-response,33,215097,0,P1842,STUDY0008,SESS1367,0,0,,
ROW37676,4204,instructions,34,219303,0,P1842,STUDY0008,SESS1367,0,,,
ROW37677,10214,instructions,0,10220,0,P1902,STUDY0008,SESS1368,0,,,
ROW37678,4743,html-button-response,1,14966,0,P1902,STUDY0008,SESS1368,0,0,precautions_survey,
ROW37679,6129,html-button-response,2,21098,0,P1902,STUDY0008,SESS1368,0,0,vocabulary_classification_criteria,
ROW37680,5482,html-button-response,3,26582,0,P1902,STUDY0008,SESS1368,0,0,lavender_instruction,
ROW37681,11754,html-button-response,4,38339,0,P1902,STUDY0008,SESS1368,0,0,category_section_intro,
ROW37682,4274,survey-multi-select,5,42619,0,P1902,STUDY0008,SESS1368,0,"{""Q0"":[""color""]}",category_organization_semblocked,bus
ROW37683,3572,html-button-response,6,46194,0,P1902,STUDY0008,SESS1368,0,0,category_section_intro,
ROW37684,4387,survey-multi-select,7,50586,0,P1902,STUDY0008,SESS1368,0,"{""Q0"":[""none of these""]}",category_organization_semblocked,bird
ROW37685,5953,html-button-response,9,61421,0,P1902,STUDY0008,SESS1368,0,0,category_section_intro,
ROW37686,4874,survey-multi-select,8,55465,0,P1902,STUDY0008,SESS1368,0,"{""Q0"":[""color""]}",category_organization_semblocked,zebra
ROW37687,4538,survey-multi-select,10,65963,0,P1902,STUDY0008,SESS1368,0,"{""Q0"":[""material""]}",category_organization_semblocked,jacket
ROW37688,3539,survey-multi-select,11,69505,0,P1902,STUDY0008,SESS1368,0,"{""Q0"":[""material""]}",category_organization_semblocked,snowsuit
ROW37689,2999,html-button-response,12,72506,0,P1902,STUDY0008,SESS1368,0,0,category_section_intro,
ROW37690,4671,survey-multi-select,13,77184,0,P1902,STUDY0008,SESS1368,0,"{""Q0"":[""shape"",""color"",""material""]}",category_organization_semblocked,chair
ROW37691,3092,html-button-response,14,80277,0,P1902,STUDY0008,SESS1368,0,0,category_section_intro,
ROW37692,4579,survey-multi-select,15,84861,0,P1902,STUDY0008,SESS1368,0,"{""Q0"":[""none of these""]}",category_organization_semblocked,cabbage
ROW37693,4216,survey-multi-select,16,89081,0,P1902,STUDY0008,SESS1368,0,"{""Q0"":[""shape""]}",category_organization_semblocked,cucumber
ROW37694,5276,survey-multi-select,17,94362,0,P1902,STUDY0008,SESS1368,0,"{""Q0"":[""color"",""material""]}",category_organization_semblocked,jam
ROW37695,3576,survey-multi-select,18,97943,0,P1902,STUDY0008,SESS1368,0,"{""Q0"":[""shape"",""color""]}",category_organization_semblocked,macaroni
ROW37696,3696,survey-multi-select,20,109538,0,P1902,STUDY0008,SESS1368,0,"{""Q0"":[""color"",""material""]}",category_organization_semblocked,sweets
ROW37697,7890,survey-multi-select,19,105838,0,P1902,STUDY0008,SESS1368,0,"{""Q0"":[""shape""]}",category_organization_semblocked,pizza
ROW37698,1528,html-button-response,21,111067,0,P1902,STUDY0008,SESS1368,0,0,category_section_intro,
ROW37699,4180,survey-multi-select,22,115251,0,P1902,STUDY0008,SESS1368,0,"{""Q0"":[""shape"",""material""]}",category_organization_semblocked,basin
ROW37700,1865,html-button-response,23,117118,0,P1902,STUDY0008,SESS1368,0,0,category_section_intro,
ROW37701,6096,survey-multi-select,24,123218,0,P1902,STUDY0008,SESS1368,0,"{""Q0"":[""shape"",""material""]}",category_organization_semblocked,fireplace
ROW37702,2852,survey-multi-select,25,126074,0,P1902,STUDY0008,SESS1368,0,"{""Q0"":[""color""]}",category_organization_semblocked,light
ROW37703,6046,survey-multi-select,27,136826,0,P1902,STUDY0008,SESS1368,0,"{""Q0"":[""none of these""]}",category_organization_semblocked,swing (object)
ROW37704,4696,survey-multi-select,26,130776,0,P1902,STUDY0008,SESS1368,0,"{""Q0"":[""color"",""material""]}",category_organization_semblocked,mud
ROW37705,2899,html-button-response,28,139727,0,P1902,STUDY0008,SESS1368,0,0,category_section_intro,
ROW37706,3639,survey-multi-select,29,143371,0,P1902,STUDY0008,SESS1368,0,"{""Q0"":[""shape"",""material""]}",category_organization_semblocked,bookshelf
ROW37707,5072,survey-multi-select,30,148448,0,P1902,STUDY0008,SESS1368,0,"{""Q0"":[""shape"",""color"",""material""]}",category_organization_semblocked,football
ROW37708,4672,survey-multi-select,31,153124,0,P1902,STUDY0008,SESS1368,0,"{""Q0"":[""material""]}",category_organization_semblocked,pita
ROW37709,2507,survey-multi-select,32,155635,0,P1902,STUDY0008,SESS1368,0,"{""Q0"":[""none of these""]}",category_organization_semblocked,lavender
ROW37710,1226,html-button-response,33,156863,0,P1902,STUDY0008,SESS1368,0,0,,
ROW37711,1605,instructions,34,158469,0,P1902,STUDY0008,SESS1368,0,,,
ROW37712,34688,html-button-response,2,60964,0,P1840,STUDY0008,SESS1369,0,0,vocabulary_classification_criteria,
ROW37713,16658,instructions,0,16659,0,P1840,STUDY0008,SESS1369,0,,,
ROW37714,9607,html-button-response,1,26273,0,P1840,STUDY0008,SESS1369,0,0,precautions_survey,
ROW37715,16038,html-button-response,3,77004,0,P1840,STUDY0008,SESS1369,0,0,lavender_instruction,
ROW37716,16110,html-button-response,4,93115,0,P1840,STUDY0008,SESS1369,0,0,category_section_intro,
ROW37717,29541,survey-multi-select,5,122661,0,P1840,STUDY0008,SESS1369,0,"{""Q0"":[""shape"",""color"",""material""]}",category_organization_semblocked,puzzle
ROW37718,14474,survey-multi-select,7,143319,0,P1840,STUDY0008,SESS1369,0,"{""Q0"":[""shape"",""color"",""material""]}",category_organization_semblocked,bear
ROW37719,6182,html-button-response,6,128844,0,P1840,STUDY0008,SESS1369,0,0,category_section_intro,
ROW37720,15482,survey-multi-select,8,158803,0,P1840,STUDY0008,SESS1369,0,"{""Q0"":[""shape"",""color"",""material""]}",category_organization_semblocked,clam
ROW37721,7442,survey-multi-select,11,182604,0,P1840,STUDY0008,SESS1369,0,"{""Q0"":[""shape"",""color"",""material""]}",category_organization_semblocked,turkey
ROW37722,7807,survey-multi-select,9,166611,0,P1840,STUDY0008,SESS1369,0,"{""Q0"":[""shape"",""color""]}",category_organization_semblocked,horse
ROW37723,8546,survey-multi-select,10,175158,0,P1840,STUDY0008,SESS1369,0,"{""Q0"":[""shape"",""color"",""material""]}",category_organization_semblocked,penguin
ROW37724,5896,html-button-response,12,188501,0,P1840,STUDY0008,SESS1369,0,0,category_section_intro,
ROW37725,6515,survey-multi-select,13,195017,0,P1840,STUDY0008,SESS1369,0,"{""Q0"":[""color"",""material""]}",category_organization_semblocked,coat
ROW37726,5625,survey-multi-select,14,200644,0,P1840,STUDY0008,SESS1369,0,"{""Q0"":[""color"",""material""]}",category_organization_semblocked,pocket
ROW37727,5146,survey-multi-select,17,218707,0,P1840,STUDY0008,SESS1369,0,"{""Q0"":[""shape"",""color""]}",category_organization_semblocked,tangerine
ROW37728,4395,html-button-response,15,205040,0,P1840,STUDY0008,SESS1369,0,0,category_section_intro,
ROW37729,8519,survey-multi-select,16,213560,0,P1840,STUDY0008,SESS1369,0,"{""Q0"":[""shape"",""color""]}",category_organization_semblocked,atole
ROW37730,7961,survey-multi-select,20,240340,0,P1840,STUDY0008,SESS1369,0,"{""Q0"":[""shape"",""color""]}",category_organization_semblocked,bucket
ROW37731,5038,html-button-response,23,257004,0,P1840,STUDY0008,SESS1369,0,0,category_section_intro,
ROW37732,4914,html-button-response,18,223623,0,P1840,STUDY0008,SESS1369,0,0,category_section_intro,
ROW37733,8744,survey-multi-select,19,232375,0,P1840,STUDY0008,SESS1369,0,"{""Q0"":[""shape"",""color"",""material""]}",category_organization_semblocked,brush (object)
ROW37734,5770,survey-multi-select,21,246112,0,P1840,STUDY0008,SESS1369,0,"{""Q0"":[""shape"",""color""]}",category_organization_semblocked,dustpan
ROW37735,5851,survey-multi-select,22,251964,0,P1840,STUDY0008,SESS1369,0,"{""Q0"":[""shape"",""color""]}",category_organization_semblocked,toothbrush
ROW37736,6116,survey-multi-select,24,263121,0,P1840,STUDY0008,SESS1369,0,"{""Q0"":[""shape"",""color""]}",category_organization_semblocked,hose
ROW37737,6601,survey-multi-select,25,269724,0,P1840,STUDY0008,SESS1369,0,"{""Q0"":[""color""]}",category_organization_semblocked,light
ROW37738,5674,survey-multi-select,26,275399,0,P1840,STUDY0008,SESS1369,0,"{""Q0"":[""shape"",""color""]}",category_organization_semblocked,shovel
ROW37739,9040,survey-multi-select,27,284441,0,P1840,STUDY0008,SESS1369,0,"{""Q0"":[""shape"",""color""]}",category_organization_semblocked,wall
ROW37740,3041,html-button-response,28,287483,0,P1840,STUDY0008,SESS1369,0,0,category_section_intro,
ROW37741,8798,survey-multi-select,29,296283,0,P1840,STUDY0008,SESS1369,0,"{""Q0"":[""material""]}",category_organization_semblocked,laundry
ROW37742,7237,survey-multi-select,30,303523,0,P1840,STUDY0008,SESS1369,0,"{""Q0"":[""color"",""material""]}",category_organization_semblocked,toilet paper
ROW37743,27183,survey-multi-select,31,330708,0,P1840,STUDY0008,SESS1369,0,"{""Q0"":[""none of these""]}",category_organization_semblocked,lavender
ROW37744,2343,html-button-response,32,333051,0,P1840,STUDY0008,SESS1369,0,0,,
ROW37745,6115,instructions,33,339167,0,P1840,STUDY0008,SESS1369,0,,,
ROW37746,4055,instructions,0,4063,0,P1256,STUDY0008,SESS1370,0,,,
ROW37747,5827,html-button-response,3,22725,0,P1256,STUDY0008,SESS1370,0,0,lavender_instruction,
ROW37748,3050,html-button-response,4,25781,0,P1256,STUDY0008,SESS1370,0,0,category_section_intro,
ROW37749,6037,html-button-response,2,16894,0,P1256,STUDY0008,SESS1370,0,0,vocabulary_classification_criteria,
ROW37750,6773,html-button-response,1,10848,0,P1256,STUDY0008,SESS1370,0,0,precautions_survey,
ROW37751,5304,survey-multi-select,5,31126,0,P1256,STUDY0008,SESS1370,0,"{""Q0"":[""color""]}",category_organization_semblocked,car
ROW37752,7329,survey-multi-select,6,38470,0,P1256,STUDY0008,SESS1370,0,"{""Q0"":[""color""]}",category_organization_semblocked,car
ROW37753,2723,html-button-response,7,41211,0,P1256,STUDY0008,SESS1370,0,0,category_section_intro,
ROW37754,4246,survey-multi-select,10,50933,0,P1256,STUDY0008,SESS1370,0,"{""Q0"":[""none of these""]}",category_organization_semblocked,crocodile
ROW37755,4219,survey-multi-select,8,45442,0,P1256,STUDY0008,SESS1370,0,"{""Q0"":[""shape""]}",category_organization_semblocked,book
ROW37756,1217,html-button-response,9,46674,0,P1256,STUDY0008,SESS1370,0,0,category_section_intro,
ROW37757,4274,survey-multi-select,11,55237,0,P1256,STUDY0008,SESS1370,0,"{""Q0"":[""none of these""]}",category_organization_semblocked,mosquito
ROW37758,2046,html-button-response,12,57300,0,P1256,STUDY0008,SESS1370,0,0,category_section_intro,
ROW37759,7361,survey-multi-select,13,64677,0,P1256,STUDY0008,SESS1370,0,"{""Q0"":[""none of these""]}",category_organization_semblocked,headband
ROW37760,2950,html-button-response,14,67642,0,P1256,STUDY0008,SESS1370,0,0,category_section_intro,
ROW37761,4297,survey-multi-select,15,71949,0,P1256,STUDY0008,SESS1370,0,"{""Q0"":[""shape""]}",category_organization_semblocked,window
ROW37762,2215,html-button-response,16,74178,0,P1256,STUDY0008,SESS1370,0,0,category_section_intro,
ROW37763,4361,survey-multi-select,17,78553,0,P1256,STUDY0008,SESS1370,0,"{""Q0"":[""color""]}",category_organization_semblocked,butter
ROW37764,3542,survey-multi-select,18,82117,0,P1256,STUDY0008,SESS1370,0,"{""Q0"":[""shape""]}",category_organization_semblocked,chips
ROW37765,3716,survey-multi-select,19,85854,0,P1256,STUDY0008,SESS1370,0,"{""Q0"":[""color""]}",category_organization_semblocked,lemon
ROW37766,3839,survey-multi-select,23,99714,0,P1256,STUDY0008,SESS1370,0,"{""Q0"":[""shape""]}",category_organization_semblocked,mouth
ROW37767,3892,survey-multi-select,20,89765,0,P1256,STUDY0008,SESS1370,0,"{""Q0"":[""none of these""]}",category_organization_semblocked,olive
ROW37768,2279,html-button-response,21,92061,0,P1256,STUDY0008,SESS1370,0,0,category_section_intro,
ROW37769,3775,survey-multi-select,22,95855,0,P1256,STUDY0008,SESS1370,0,"{""Q0"":[""shape""]}",category_organization_semblocked,buttocks
ROW37770,3222,html-button-response,24,102947,0,P1256,STUDY0008,SESS1370,0,0,category_section_intro,
ROW37771,3659,survey-multi-select,25,106626,0,P1256,STUDY0008,SESS1370,0,"{""Q0"":[""shape""]}",category_organization_semblocked,cup
ROW37772,3483,survey-multi-select,26,110132,0,P1256,STUDY0008,SESS1370,0,"{""Q0"":[""none of these""]}",category_organization_semblocked,video
ROW37773,1730,html-button-response,27,111875,0,P1256,STUDY0008,SESS1370,0,0,category_section_intro,
ROW37774,3124,survey-multi-select,28,115017,0,P1256,STUDY0008,SESS1370,0,"{""Q0"":[""shape""]}",category_organization_semblocked,ladder
ROW37775,1221,html-button-response,29,116250,0,P1256,STUDY0008,SESS1370,0,0,category_section_intro,
ROW37776,4364,survey-multi-select,30,120624,0,P1256,STUDY0008,SESS1370,0,"{""Q0"":[""none of these""]}",category_organization_semblocked,clementine
ROW37777,3111,survey-multi-select,31,123753,0,P1256,STUDY0008,SESS1370,0,"{""Q0"":[""shape""]}",category_organization_semblocked,guinea pig
ROW37778,2928,survey-multi-select,32,126696,0,P1256,STUDY0008,SESS1370,0,"{""Q0"":[""shape""]}",category_organization_semblocked,sailboat
ROW37779,2335,survey-multi-select,34,132341,0,P1256,STUDY0008,SESS1370,0,"{""Q0"":[""none of these""]}",category_organization_semblocked,lavender
ROW37780,3275,survey-multi-select,33,129988,0,P1256,STUDY0008,SESS1370,0,"{""Q0"":[""material""]}",category_organization_semblocked,shawl
ROW37781,1235,html-button-response,35,133591,0,P1256,STUDY0008,SESS1370,0,0,,
ROW37782,2629,instructions,36,136225,0,P1256,STUDY0008,SESS1370,0,,,
ROW37783,35567,instructions,0,35578,0,P0746,STUDY0008,SESS1371,0,,,
ROW37784,3987,html-button-response,1,39568,0,P0746,STUDY0008,SESS1371,0,0,precautions_survey,
ROW37785,9180,html-button-response,2,48750,0,P0746,STUDY0008,SESS1371,0,0,vocabulary_classification_criteria,
ROW37786,3732,html-button-response,3,52483,0,P0746,STUDY0008,SESS1371,0,0,lavender_instruction,
ROW37788,2596,html-button-response,4,55082,0,P0746,STUDY0008,SESS1371,0,0,category_section_intro,
ROW37787,6931,survey-multi-select,5,62018,0,P0746,STUDY0008,SESS1371,0,"{""Q0"":[""shape""]}",category_organization_semblocked,microphone
