_id,rt,trial_type,trial_index,time_elapsed,internal_node_id,subject,study_id,session_id,response_format,word_order,condition_code,__v,response,block,theword,semantic_category
ROW37789,55155,instructions,0,55157,0,,,,multi_select,semantic_blocked,ms_blocked,0,,,,
ROW37790,10402,html-button-response,1,65569,0,,,,multi_select,semantic_blocked,ms_blocked,0,0,condition_banner,,
ROW37791,1147,html-button-response,2,66717,0,,,,multi_select,semantic_blocked,ms_blocked,0,0,precautions_survey,,
ROW37792,747,html-button-response,3,67466,0,,,,multi_select,semantic_blocked,ms_blocked,0,0,vocabulary_classification_criteria,,
ROW37795,1652,survey-multi-select,6,71275,0,,,,multi_select,semantic_blocked,ms_blocked,0,"{""Q0"":[""none of these""]}",category_organization_2x2,cook,toys
ROW37796,1288,survey-multi-select,7,72567,0,,,,multi_select,semantic_blocked,ms_blocked,0,"{""Q0"":[""none of these""]}",category_organization_2x2,music,toys
ROW37797,765,html-button-response,8,73333,0,,,,multi_select,semantic_blocked,ms_blocked,0,0,category_section_intro,,animals
ROW37798,1481,survey-multi-select,9,74816,0,,,,multi_select,semantic_blocked,ms_blocked,0,"{""Q0"":[""none of these""]}",category_organization_2x2,chicken (animal),animals
ROW37793,982,html-button-response,4,68449,0,,,,multi_select,semantic_blocked,ms_blocked,0,0,lavender_instruction,,
ROW37799,1364,survey-multi-select,10,76183,0,,,,multi_select,semantic_blocked,ms_blocked,0,"{""Q0"":[""none of these""]}",category_organization_2x2,deer,animals
ROW37794,1166,html-button-response,5,69616,0,,,,multi_select,semantic_blocked,ms_blocked,0,0,category_section_intro,,toys
ROW37800,1332,survey-multi-select,11,77517,0,,,,multi_select,semantic_blocked,ms_blocked,0,"{""Q0"":[""none of these""]}",category_organization_2x2,dragon,animals
ROW37801,1231,survey-multi-select,12,78750,0,,,,multi_select,semantic_blocked,ms_blocked,0,"{""Q0"":[""none of these""]}",category_organization_2x2,fox,animals
ROW37802,832,html-button-response,13,79583,0,,,,multi_select,semantic_blocked,ms_blocked,0,0,category_section_intro,,clothing
ROW37803,1197,survey-multi-select,14,80782,0,,,,multi_select,semantic_blocked,ms_blocked,0,"{""Q0"":[""none of these""]}",category_organization_2x2,coat,clothing
ROW37804,1315,survey-multi-select,15,82099,0,,,,multi_select,semantic_blocked,ms_blocked,0,"{""Q0"":[""none of these""]}",category_organization_2x2,mask,clothing
ROW37805,1298,survey-multi-select,16,83399,0,,,,multi_select,semantic_blocked,ms_blocked,0,"{""Q0"":[""none of these""]}",category_organization_2x2,overalls,clothing
ROW37806,783,html-button-response,17,84183,0,,,,multi_select,semantic_blocked,ms_blocked,0,0,category_section_intro,,furniture_rooms
ROW37807,1232,survey-multi-select,18,85417,0,,,,multi_select,semantic_blocked,ms_blocked,0,"{""Q0"":[""none of these""]}",category_organization_2x2,living room,furniture_rooms
ROW37808,765,html-button-response,19,86182,0,,,,multi_select,semantic_blocked,ms_blocked,0,0,category_section_intro,,food_drink
ROW37809,1332,survey-multi-select,20,87516,0,,,,multi_select,semantic_blocked,ms_blocked,0,"{""Q0"":[""none of these""]}",category_organization_2x2,grapes,food_drink
ROW37810,1265,survey-multi-select,21,88783,0,,,,multi_select,semantic_blocked,ms_blocked,0,"{""Q0"":[""none of these""]}",category_organization_2x2,shrimp,food_drink
ROW37811,783,html-button-response,22,89566,0,,,,multi_select,semantic_blocked,ms_blocked,0,0,category_section_intro,,body_parts
ROW37812,1331,survey-multi-select,23,90899,0,,,,multi_select,semantic_blocked,ms_blocked,0,"{""Q0"":[""none of these""]}",category_organization_2x2,leg,body_parts
ROW37813,783,html-button-response,25,93783,0,,,,multi_select,semantic_blocked,ms_blocked,0,0,category_section_intro,,household
ROW37814,2098,survey-multi-select,24,93000,0,,,,multi_select,semantic_blocked,ms_blocked,0,"{""Q0"":[""none of these""]}",category_organization_2x2,tummy,body_parts
ROW37815,1866,survey-multi-select,26,95651,0,,,,multi_select,semantic_blocked,ms_blocked,0,"{""Q0"":[""none of these""]}",category_organization_2x2,basin,household
ROW37816,846,html-button-response,28,97849,0,,,,multi_select,semantic_blocked,ms_blocked,0,0,category_section_intro,,outside
ROW37817,1349,survey-multi-select,27,97002,0,,,,multi_select,semantic_blocked,ms_blocked,0,"{""Q0"":[""none of these""]}",category_organization_2x2,glasses,household
ROW37818,1285,survey-multi-select,29,99136,0,,,,multi_select,semantic_blocked,ms_blocked,0,"{""Q0"":[""none of these""]}",category_organization_2x2,backyard,outside
ROW37819,796,html-button-response,30,99934,0,,,,multi_select,semantic_blocked,ms_blocked,0,0,category_section_intro,,other
ROW37820,1336,survey-multi-select,31,101272,0,,,,multi_select,semantic_blocked,ms_blocked,0,"{""Q0"":[""none of these""]}",category_organization_2x2,machete,other
ROW37821,1085,html-button-response,35,106502,0,,,,multi_select,semantic_blocked,ms_blocked,0,0,,,
ROW37822,2049,instructions,36,108552,0,,,,multi_select,semantic_blocked,ms_blocked,0,,,,
ROW37823,1325,survey-multi-select,32,102599,0,,,,multi_select,semantic_blocked,ms_blocked,0,"{""Q0"":[""none of these""]}",category_organization_2x2,sardine,other
ROW37824,1481,survey-multi-select,33,104083,0,,,,multi_select,semantic_blocked,ms_blocked,0,"{""Q0"":[""none of these""]}",category_organization_2x2,tie (action),other
ROW37825,1331,survey-multi-select,34,105416,0,,,,multi_select,semantic_blocked,ms_blocked,0,"{""Q0"":[""none of these""]}",category_organization_2x2,lavender,attention_check
ROW37827,2148,html-button-response,1,3165,0,P0757,STUDY0009,SESS0002,multi_select,semantic_blocked,ms_blocked,0,0,condition_banner,,
ROW37826,1015,instructions,0,1015,0,P0757,STUDY0009,SESS0002,multi_select,semantic_blocked,ms_blocked,0,,,,
ROW37828,797,html-button-response,2,3963,0,P0757,STUDY0009,SESS0002,multi_select,semantic_blocked,ms_blocked,0,0,precautions_survey,,
ROW37829,748,html-button-response,3,4713,0,P0757,STUDY0009,SESS0002,multi_select,semantic_blocked,ms_blocked,0,0,vocabulary_classification_criteria,,
ROW37830,1116,html-button-response,5,6629,0,P0757,STUDY0009,SESS0002,multi_select,semantic_blocked,ms_blocked,0,0,category_section_intro,,vehicles
ROW37831,799,html-button-response,4,5513,0,P0757,STUDY0009,SESS0002,multi_select,semantic_blocked,ms_blocked,0,0,lavender_instruction,,
ROW37832,1570,survey-multi-select,6,8204,0,P0757,STUDY0009,SESS0002,multi_select,semantic_blocked,ms_blocked,0,"{""Q0"":[""none of these""]}",category_organization_2x2,ship,vehicles
ROW37833,708,html-button-response,7,8914,0,P0757,STUDY0009,SESS0002,multi_select,semantic_blocked,ms_blocked,0,0,category_section_intro,,toys
ROW37834,1029,survey-multi-select,8,9946,0,P0757,STUDY0009,SESS0002,multi_select,semantic_blocked,ms_blocked,0,"{""Q0"":[""none of these""]}",category_organization_2x2,painting,toys
ROW37835,965,survey-multi-select,9,10913,0,P0757,STUDY0009,SESS0002,multi_select,semantic_blocked,ms_blocked,0,"{""Q0"":[""none of these""]}",category_organization_2x2,pen/pencil,toys
ROW37836,1449,html-button-response,10,12363,0,P0757,STUDY0009,SESS0002,multi_select,semantic_blocked,ms_blocked,0,0,category_section_intro,,animals
ROW37837,999,survey-multi-select,11,13363,0,P0757,STUDY0009,SESS0002,multi_select,semantic_blocked,ms_blocked,0,"{""Q0"":[""none of these""]}",category_organization_2x2,crocodile,animals
ROW37838,880,survey-multi-select,12,14246,0,P0757,STUDY0009,SESS0002,multi_select,semantic_blocked,ms_blocked,0,"{""Q0"":[""none of these""]}",category_organization_2x2,crow,animals
ROW37839,667,html-button-response,13,14913,0,P0757,STUDY0009,SESS0002,multi_select,semantic_blocked,ms_blocked,0,0,category_section_intro,,furniture_rooms
ROW37840,1099,survey-multi-select,14,16014,0,P0757,STUDY0009,SESS0002,multi_select,semantic_blocked,ms_blocked,0,"{""Q0"":[""none of these""]}",category_organization_2x2,bathroom,furniture_rooms
ROW37841,647,html-button-response,15,16663,0,P0757,STUDY0009,SESS0002,multi_select,semantic_blocked,ms_blocked,0,0,category_section_intro,,food_drink
ROW37842,932,survey-multi-select,16,17596,0,P0757,STUDY0009,SESS0002,multi_select,semantic_blocked,ms_blocked,0,"{""Q0"":[""none of these""]}",category_organization_2x2,pork,food_drink
ROW37843,848,survey-multi-select,17,18446,0,P0757,STUDY0009,SESS0002,multi_select,semantic_blocked,ms_blocked,0,"{""Q0"":[""none of these""]}",category_organization_2x2,sour cream,food_drink
ROW37844,701,html-button-response,18,19149,0,P0757,STUDY0009,SESS0002,multi_select,semantic_blocked,ms_blocked,0,0,category_section_intro,,body_parts
ROW37845,895,survey-multi-select,19,20047,0,P0757,STUDY0009,SESS0002,multi_select,semantic_blocked,ms_blocked,0,"{""Q0"":[""none of these""]}",category_organization_2x2,brain,body_parts
ROW37846,862,survey-multi-select,20,20913,0,P0757,STUDY0009,SESS0002,multi_select,semantic_blocked,ms_blocked,0,"{""Q0"":[""none of these""]}",category_organization_2x2,chin,body_parts
ROW37847,683,html-button-response,21,21597,0,P0757,STUDY0009,SESS0002,multi_select,semantic_blocked,ms_blocked,0,0,category_section_intro,,household
ROW37848,896,survey-multi-select,22,22496,0,P0757,STUDY0009,SESS0002,multi_select,semantic_blocked,ms_blocked,0,"{""Q0"":[""none of these""]}",category_organization_2x2,bandaid,household
ROW37849,897,survey-multi-select,23,23396,0,P0757,STUDY0009,SESS0002,multi_select,semantic_blocked,ms_blocked,0,"{""Q0"":[""none of these""]}",category_organization_2x2,coin,household
ROW37850,1015,survey-multi-select,24,24413,0,P0757,STUDY0009,SESS0002,multi_select,semantic_blocked,ms_blocked,0,"{""Q0"":[""none of these""]}",category_organization_2x2,rag,household
ROW37851,864,survey-multi-select,25,25279,0,P0757,STUDY0009,SESS0002,multi_select,semantic_blocked,ms_blocked,0,"{""Q0"":[""none of these""]}",category_organization_2x2,towel,household
ROW37852,919,survey-multi-select,26,26201,0,P0757,STUDY0009,SESS0002,multi_select,semantic_blocked,ms_blocked,0,"{""Q0"":[""none of these""]}",category_organization_2x2,trash,household
ROW37853,879,survey-multi-select,27,27082,0,P0757,STUDY0009,SESS0002,multi_select,semantic_blocked,ms_blocked,0,"{""Q0"":[""none of these""]}",category_organization_2x2,trash,household
ROW37854,647,html-button-response,28,27730,0,P0757,STUDY0009,SESS0002,multi_select,semantic_blocked,ms_blocked,0,0,category_section_intro,,outside
ROW37855,997,survey-multi-select,29,28729,0,P0757,STUDY0009,SESS0002,multi_select,semantic_blocked,ms_blocked,0,"{""Q0"":[""none of these""]}",category_organization_2x2,doorbell,outside
ROW37856,699,html-button-response,30,29429,0,P0757,STUDY0009,SESS0002,multi_select,semantic_blocked,ms_blocked,0,0,category_section_intro,,other
ROW37857,1600,survey-multi-select,31,31032,0,P0757,STUDY0009,SESS0002,multi_select,semantic_blocked,ms_blocked,0,"{""Q0"":[""none of these""]}",category_organization_2x2,seagull,other
ROW37858,929,survey-multi-select,32,31963,0,P0757,STUDY0009,SESS0002,multi_select,semantic_blocked,ms_blocked,0,"{""Q0"":[""none of these""]}",category_organization_2x2,tram,other
ROW37859,947,survey-multi-select,33,32913,0,P0757,STUDY0009,SESS0002,multi_select,semantic_blocked,ms_blocked,0,"{""Q0"":[""none of these""]}",category_organization_2x2,wombat,other
ROW37860,1014,survey-multi-select,34,33930,0,P0757,STUDY0009,SESS0002,multi_select,semantic_blocked,ms_blocked,0,"{""Q0"":[""none of these""]}",category_organization_2x2,lavender,attention_check
ROW37861,532,html-button-response,35,34462,0,P0757,STUDY0009,SESS0002,multi_select,semantic_blocked,ms_blocked,0,0,,,
ROW37862,1135,instructions,36,35597,0,P0757,STUDY0009,SESS0002,multi_select,semantic_blocked,ms_blocked,0,,,,
ROW37863,1162,instructions,0,1165,0,P1712,STUDY0009,SESS1372,multi_select,random,ms_random,0,,,,
ROW37864,2571,html-button-response,3,5285,0,P1712,STUDY0009,SESS1372,multi_select,random,ms_random,0,0,lavender_instruction,,
ROW37865,786,html-button-response,1,1954,0,P1712,STUDY0009,SESS1372,multi_select,random,ms_random,0,0,precautions_survey,,
ROW37866,757,html-button-response,2,2712,0,P1712,STUDY0009,SESS1372,multi_select,random,ms_random,0,0,vocabulary_classification_criteria,,
ROW37867,5668,survey-multi-select,4,10976,0,P1712,STUDY0009,SESS1372,multi_select,random,ms_random,0,"{""Q0"":[""material""]}",category_organization_2x2,basket,household
ROW37868,10804,survey-multi-select,5,21785,0,P1712,STUDY0009,SESS1372,multi_select,random,ms_random,0,"{""Q0"":[""none of these""]}",category_organization_2x2,police car,vehicles
ROW37869,2602,survey-multi-select,7,29000,0,P1712,STUDY0009,SESS1372,multi_select,random,ms_random,0,"{""Q0"":[""none of these""]}",category_organization_2x2,hot dog,food_drink
ROW37870,4606,survey-multi-select,6,26393,0,P1712,STUDY0009,SESS1372,multi_select,random,ms_random,0,"{""Q0"":[""material""]}",category_organization_2x2,nail (object),household
ROW37871,3389,survey-multi-select,8,32392,0,P1712,STUDY0009,SESS1372,multi_select,random,ms_random,0,"{""Q0"":[""shape""]}",category_organization_2x2,drain (object),other
ROW37872,3002,survey-multi-select,9,35397,0,P1712,STUDY0009,SESS1372,multi_select,random,ms_random,0,"{""Q0"":[""none of these""]}",category_organization_2x2,seagull,other
ROW37873,3067,survey-multi-select,10,38466,0,P1712,STUDY0009,SESS1372,multi_select,random,ms_random,0,"{""Q0"":[""material""]}",category_organization_2x2,penny,household
ROW37874,5988,survey-multi-select,11,44458,0,P1712,STUDY0009,SESS1372,multi_select,random,ms_random,0,"{""Q0"":[""none of these""]}",category_organization_2x2,dryer,furniture_rooms
ROW37875,2071,survey-multi-select,12,46532,0,P1712,STUDY0009,SESS1372,multi_select,random,ms_random,0,"{""Q0"":[""none of these""]}",category_organization_2x2,street,outside
ROW37876,1897,survey-multi-select,15,52040,0,P1712,STUDY0009,SESS1372,multi_select,random,ms_random,0,"{""Q0"":[""none of these""]}",category_organization_2x2,gloves,clothing
ROW37877,1391,survey-multi-select,13,47925,0,P1712,STUDY0009,SESS1372,multi_select,random,ms_random,0,"{""Q0"":[""none of these""]}",category_organization_2x2,flag,outside
ROW37878,2212,survey-multi-select,14,50140,0,P1712,STUDY0009,SESS1372,multi_select,random,ms_random,0,"{""Q0"":[""material""]}",category_organization_2x2,pillow,household
ROW37879,1606,survey-multi-select,16,53650,0,P1712,STUDY0009,SESS1372,multi_select,random,ms_random,0,"{""Q0"":[""none of these""]}",category_organization_2x2,owl,animals
ROW37880,2541,survey-multi-select,17,56195,0,P1712,STUDY0009,SESS1372,multi_select,random,ms_random,0,"{""Q0"":[""none of these""]}",category_organization_2x2,lizard,other
ROW37881,2088,survey-multi-select,18,58286,0,P1712,STUDY0009,SESS1372,multi_select,random,ms_random,0,"{""Q0"":[""none of these""]}",category_organization_2x2,mitten,clothing
ROW37882,2595,survey-multi-select,19,60883,0,P1712,STUDY0009,SESS1372,multi_select,random,ms_random,0,"{""Q0"":[""material""]}",category_organization_2x2,straw,household
ROW37883,2466,survey-multi-select,20,63352,0,P1712,STUDY0009,SESS1372,multi_select,random,ms_random,0,"{""Q0"":[""material""]}",category_organization_2x2,ham,food_drink
ROW37884,5929,survey-multi-select,21,69283,0,P1712,STUDY0009,SESS1372,multi_select,random,ms_random,0,"{""Q0"":[""none of these""]}",category_organization_2x2,tram,other
ROW37885,1794,survey-multi-select,22,71079,0,P1712,STUDY0009,SESS1372,multi_select,random,ms_random,0,"{""Q0"":[""none of these""]}",category_organization_2x2,lavender,attention_check
ROW37886,1925,survey-multi-select,23,73005,0,P1712,STUDY0009,SESS1372,multi_select,random,ms_random,0,"{""Q0"":[""none of these""]}",category_organization_2x2,firetruck,vehicles
ROW37887,2110,survey-multi-select,24,75119,0,P1712,STUDY0009,SESS1372,multi_select,random,ms_random,0,"{""Q0"":[""material"",""none of these""]}",category_organization_2x2,doorbell,outside
ROW37888,690,html-button-response,25,75811,0,P1712,STUDY0009,SESS1372,multi_select,random,ms_random,0,0,,,
ROW37889,1323,instructions,26,77134,0,P1712,STUDY0009,SESS1372,multi_select,random,ms_random,0,,,,
ROW37890,3393,instructions,0,3394,0,P0964,STUDY0009,SESS1412,multi_select,random,ms_random,0,,,,
ROW37891,6223,html-button-response,1,9618,0,P0964,STUDY0009,SESS1412,multi_select,random,ms_random,0,0,precautions_survey,,
ROW37892,4563,html-button-response,2,14181,0,P0964,STUDY0009,SESS1412,multi_select,random,ms_random,0,0,vocabulary_classification_criteria,,
ROW37893,3802,html-button-response,3,17983,0,P0964,STUDY0009,SESS1412,multi_select,random,ms_random,0,0,lavender_instruction,,
ROW37894,5533,survey-multi-select,4,23518,0,P0964,STUDY0009,SESS1412,multi_select,random,ms_random,0,"{""Q0"":[""shape""]}",category_organization_2x2,meatball,food_drink
ROW37895,4021,survey-multi-select,5,27542,0,P0964,STUDY0009,SESS1412,multi_select,random,ms_random,0,"{""Q0"":[""material""]}",category_organization_2x2,bread,food_drink
ROW37896,2717,survey-multi-select,6,30260,0,P0964,STUDY0009,SESS1412,multi_select,random,ms_random,0,"{""Q0"":[""shape""]}",category_organization_2x2,bell,toys
ROW37897,3450,survey-multi-select,9,42392,0,P0964,STUDY0009,SESS1412,multi_select,random,ms_random,0,"{""Q0"":[""material""]}",category_organization_2x2,kimchi,food_drink
ROW37898,2307,survey-multi-select,8,38940,0,P0964,STUDY0009,SESS1412,multi_select,random,ms_random,0,"{""Q0"":[""shape""]}",category_organization_2x2,bug,animals
ROW37899,6369,survey-multi-select,7,36632,0,P0964,STUDY0009,SESS1412,multi_select,random,ms_random,0,"{""Q0"":[""shape""]}",category_organization_2x2,bug,animals
ROW37900,3498,survey-multi-select,10,45892,0,P0964,STUDY0009,SESS1412,multi_select,random,ms_random,0,"{""Q0"":[""shape""]}",category_organization_2x2,sheep,animals
ROW37901,3422,survey-multi-select,11,49316,0,P0964,STUDY0009,SESS1412,multi_select,random,ms_random,0,"{""Q0"":[""material""]}",category_organization_2x2,dish,household
ROW37902,5370,survey-multi-select,12,54688,0,P0964,STUDY0009,SESS1412,multi_select,random,ms_random,0,"{""Q0"":[""none of these""]}",category_organization_2x2,party,other
ROW37903,1946,survey-multi-select,14,58986,0,P0964,STUDY0009,SESS1412,multi_select,random,ms_random,0,"{""Q0"":[""none of these""]}",category_organization_2x2,lavender,attention_check
ROW37904,2348,survey-multi-select,13,57038,0,P0964,STUDY0009,SESS1412,multi_select,random,ms_random,0,"{""Q0"":[""color""]}",category_organization_2x2,sky,outside
ROW37905,2138,survey-multi-select,17,67086,0,P0964,STUDY0009,SESS1412,multi_select,random,ms_random,0,"{""Q0"":[""shape""]}",category_organization_2x2,bull,animals
ROW37906,2259,survey-multi-select,16,64946,0,P0964,STUDY0009,SESS1412,multi_select,random,ms_random,0,"{""Q0"":[""shape""]}",category_organization_2x2,train,vehicles
ROW37907,3698,survey-multi-select,15,62686,0,P0964,STUDY0009,SESS1412,multi_select,random,ms_random,0,"{""Q0"":[""material""]}",category_organization_2x2,matches,household
ROW37908,2306,survey-multi-select,18,69394,0,P0964,STUDY0009,SESS1412,multi_select,random,ms_random,0,"{""Q0"":[""material""]}",category_organization_2x2,tissue,household
ROW37909,2964,survey-multi-select,19,72360,0,P0964,STUDY0009,SESS1412,multi_select,random,ms_random,0,"{""Q0"":[""none of these""]}",category_organization_2x2,time,other
ROW37910,2448,survey-multi-select,20,74809,0,P0964,STUDY0009,SESS1412,multi_select,random,ms_random,0,"{""Q0"":[""material""]}",category_organization_2x2,blanket,household
ROW37911,2160,survey-multi-select,21,76971,0,P0964,STUDY0009,SESS1412,multi_select,random,ms_random,0,"{""Q0"":[""shape""]}",category_organization_2x2,keys,household
ROW37912,3286,survey-multi-select,23,82382,0,P0964,STUDY0009,SESS1412,multi_select,random,ms_random,0,"{""Q0"":[""shape"",""material""]}",category_organization_2x2,suit,other
ROW37913,2121,survey-multi-select,22,79094,0,P0964,STUDY0009,SESS1412,multi_select,random,ms_random,0,"{""Q0"":[""shape""]}",category_organization_2x2,trumpet,toys
ROW37914,2922,survey-multi-select,24,85306,0,P0964,STUDY0009,SESS1412,multi_select,random,ms_random,0,"{""Q0"":[""shape""]}",category_organization_2x2,mountain,outside
ROW37915,893,html-button-response,25,86199,0,P0964,STUDY0009,SESS1412,multi_select,random,ms_random,0,0,,,
ROW37916,1742,instructions,26,87941,0,P0964,STUDY0009,SESS1412,multi_select,random,ms_random,0,,,,
ROW37917,16664,html-button-response,2,30019,0,P1263,STUDY0009,SESS1376,forced_choice,random,fc_random,0,0,vocabulary_classification_criteria,,
ROW37918,7469,survey-multi-choice,5,54139,0,P1263,STUDY0009,SESS1376,forced_choice,random,fc_random,0,"{""Q0"":""color""}",category_organization_2x2,plum,food_drink
ROW37919,11134,survey-multi-choice,4,46669,0,P1263,STUDY0009,SESS1376,forced_choice,random,fc_random,0,"{""Q0"":""none of these""}",category_organization_2x2,beach,other
ROW37920,5496,html-button-response,3,35516,0,P1263,STUDY0009,SESS1376,forced_choice,random,fc_random,0,0,lavender_instruction,,
ROW37921,2755,instructions,0,2757,0,P1263,STUDY0009,SESS1376,forced_choice,random,fc_random,0,,,,
ROW37922,10594,html-button-response,1,13354,0,P1263,STUDY0009,SESS1376,forced_choice,random,fc_random,0,0,precautions_survey,,
ROW37923,3969,survey-multi-choice,6,58108,0,P1263,STUDY0009,SESS1376,forced_choice,random,fc_random,0,"{""Q0"":""shape""}",category_organization_2x2,cow,animals
ROW37924,3429,survey-multi-choice,7,61539,0,P1263,STUDY0009,SESS1376,forced_choice,random,fc_random,0,"{""Q0"":""shape""}",category_organization_2x2,bird,animals
ROW37925,4102,survey-multi-choice,8,65644,0,P1263,STUDY0009,SESS1376,forced_choice,random,fc_random,0,"{""Q0"":""material""}",category_organization_2x2,tape,household
ROW37926,4805,survey-multi-choice,9,70450,0,P1263,STUDY0009,SESS1376,forced_choice,random,fc_random,0,"{""Q0"":""shape""}",category_organization_2x2,passion fruit,other
ROW37927,2545,survey-multi-choice,10,72996,0,P1263,STUDY0009,SESS1376,forced_choice,random,fc_random,0,"{""Q0"":""shape""}",category_organization_2x2,bottle,household
ROW37928,4223,survey-multi-choice,11,77220,0,P1263,STUDY0009,SESS1376,forced_choice,random,fc_random,0,"{""Q0"":""shape""}",category_organization_2x2,trash can,household
ROW37929,2102,survey-multi-choice,13,83451,0,P1263,STUDY0009,SESS1376,forced_choice,random,fc_random,0,"{""Q0"":""none of these""}",category_organization_2x2,lavender,attention_check
ROW37930,4127,survey-multi-choice,12,81348,0,P1263,STUDY0009,SESS1376,forced_choice,random,fc_random,0,"{""Q0"":""none of these""}",category_organization_2x2,dryer,furniture_rooms
ROW37931,2718,survey-multi-choice,14,86171,0,P1263,STUDY0009,SESS1376,forced_choice,random,fc_random,0,"{""Q0"":""shape""}",category_organization_2x2,coffee table,furniture_rooms
ROW37932,3015,survey-multi-choice,15,89187,0,P1263,STUDY0009,SESS1376,forced_choice,random,fc_random,0,"{""Q0"":""color""}",category_organization_2x2,light,outside
ROW37933,2517,survey-multi-choice,16,91706,0,P1263,STUDY0009,SESS1376,forced_choice,random,fc_random,0,"{""Q0"":""shape""}",category_organization_2x2,bubbles,toys
ROW37934,3120,survey-multi-choice,17,94828,0,P1263,STUDY0009,SESS1376,forced_choice,random,fc_random,0,"{""Q0"":""shape""}",category_organization_2x2,arm,body_parts
ROW37935,2143,survey-multi-choice,18,96972,0,P1263,STUDY0009,SESS1376,forced_choice,random,fc_random,0,"{""Q0"":""shape""}",category_organization_2x2,pig,animals
ROW37936,1798,survey-multi-choice,19,98771,0,P1263,STUDY0009,SESS1376,forced_choice,random,fc_random,0,"{""Q0"":""shape""}",category_organization_2x2,couch,furniture_rooms
ROW37937,2318,survey-multi-choice,20,101091,0,P1263,STUDY0009,SESS1376,forced_choice,random,fc_random,0,"{""Q0"":""shape""}",category_organization_2x2,puzzle,toys
ROW37938,2198,survey-multi-choice,21,103290,0,P1263,STUDY0009,SESS1376,forced_choice,random,fc_random,0,"{""Q0"":""shape""}",category_organization_2x2,dinosaur,animals
ROW37939,3935,survey-multi-choice,22,107226,0,P1263,STUDY0009,SESS1376,forced_choice,random,fc_random,0,"{""Q0"":""shape""}",category_organization_2x2,muffin,food_drink
ROW37940,2263,survey-multi-choice,23,109491,0,P1263,STUDY0009,SESS1376,forced_choice,random,fc_random,0,"{""Q0"":""shape""}",category_organization_2x2,breast,body_parts
ROW37941,2231,survey-multi-choice,24,111724,0,P1263,STUDY0009,SESS1376,forced_choice,random,fc_random,0,"{""Q0"":""shape""}",category_organization_2x2,closet,furniture_rooms
ROW37942,1207,html-button-response,25,112932,0,P1263,STUDY0009,SESS1376,forced_choice,random,fc_random,0,0,,,
ROW37943,1574,instructions,26,114506,0,P1263,STUDY0009,SESS1376,forced_choice,random,fc_random,0,,,,
ROW37944,4179,instructions,0,4180,0,P1730,STUDY0009,SESS1373,multi_select,semantic_blocked,ms_blocked,0,,,,
ROW37945,5267,html-button-response,1,9448,0,P1730,STUDY0009,SESS1373,multi_select,semantic_blocked,ms_blocked,0,0,precautions_survey,,
ROW37946,7732,html-button-response,2,17180,0,P1730,STUDY0009,SESS1373,multi_select,semantic_blocked,ms_blocked,0,0,vocabulary_classification_criteria,,
ROW37947,5549,html-button-response,3,22730,0,P1730,STUDY0009,SESS1373,multi_select,semantic_blocked,ms_blocked,0,0,lavender_instruction,,
ROW37948,3549,html-button-response,4,26281,0,P1730,STUDY0009,SESS1373,multi_select,semantic_blocked,ms_blocked,0,0,category_section_intro,,vehicles
ROW37949,5295,survey-multi-select,5,31581,0,P1730,STUDY0009,SESS1373,multi_select,semantic_blocked,ms_blocked,0,"{""Q0"":[""shape"",""color"",""material""]}",category_organization_2x2,firetruck,vehicles
ROW37951,4247,html-button-response,1,12127,0,P1702,STUDY0009,SESS1421,forced_choice,semantic_blocked,fc_blocked,0,0,precautions_survey,,
ROW37950,7870,instructions,0,7875,0,P1702,STUDY0009,SESS1421,forced_choice,semantic_blocked,fc_blocked,0,,,,
ROW37952,5431,html-button-response,2,17561,0,P1702,STUDY0009,SESS1421,forced_choice,semantic_blocked,fc_blocked,0,0,vocabulary_classification_criteria,,
ROW37953,2132,html-button-response,4,22762,0,P1702,STUDY0009,SESS1421,forced_choice,semantic_blocked,fc_blocked,0,0,category_section_intro,,animals
ROW37954,3065,html-button-response,3,20628,0,P1702,STUDY0009,SESS1421,forced_choice,semantic_blocked,fc_blocked,0,0,lavender_instruction,,
ROW37955,5281,survey-multi-choice,5,28047,0,P1702,STUDY0009,SESS1421,forced_choice,semantic_blocked,fc_blocked,0,"{""Q0"":""none of these""}",category_organization_2x2,cow,animals
ROW37956,3434,instructions,0,3438,0,P0828,STUDY0009,SESS1395,multi_select,semantic_blocked,ms_blocked,0,,,,
ROW37957,1901,html-button-response,1,5341,0,P0828,STUDY0009,SESS1395,multi_select,semantic_blocked,ms_blocked,0,0,precautions_survey,,
ROW37958,6128,survey-multi-select,5,24374,0,P0828,STUDY0009,SESS1395,multi_select,semantic_blocked,ms_blocked,0,"{""Q0"":[""none of these""]}",category_organization_2x2,drum,toys
ROW37959,3947,html-button-response,3,14888,0,P0828,STUDY0009,SESS1395,multi_select,semantic_blocked,ms_blocked,0,0,lavender_instruction,,
ROW37960,3351,html-button-response,4,18240,0,P0828,STUDY0009,SESS1395,multi_select,semantic_blocked,ms_blocked,0,0,category_section_intro,,toys
ROW37961,5595,html-button-response,2,10937,0,P0828,STUDY0009,SESS1395,multi_select,semantic_blocked,ms_blocked,0,0,vocabulary_classification_criteria,,
ROW37962,3047,survey-multi-select,6,27424,0,P0828,STUDY0009,SESS1395,multi_select,semantic_blocked,ms_blocked,0,"{""Q0"":[""shape""]}",category_organization_2x2,puzzle,toys
ROW37963,4196,html-button-response,7,31621,0,P0828,STUDY0009,SESS1395,multi_select,semantic_blocked,ms_blocked,0,0,category_section_intro,,animals
ROW37964,4733,html-button-response,3,16849,0,P1843,STUDY0009,SESS1399,forced_choice,semantic_blocked,fc_blocked,0,0,lavender_instruction,,
ROW37965,5437,html-button-response,4,22287,0,P1843,STUDY0009,SESS1399,forced_choice,semantic_blocked,fc_blocked,0,0,category_section_intro,,toys
ROW37966,7299,html-button-response,2,12116,0,P1843,STUDY0009,SESS1399,forced_choice,semantic_blocked,fc_blocked,0,0,vocabulary_classification_criteria,,
ROW37967,4093,instructions,0,4095,0,P1843,STUDY0009,SESS1399,forced_choice,semantic_blocked,fc_blocked,0,,,,
ROW37968,719,html-button-response,1,4816,0,P1843,STUDY0009,SESS1399,forced_choice,semantic_blocked,fc_blocked,0,0,precautions_survey,,
ROW37970,4447,survey-multi-select,8,36071,0,P0828,STUDY0009,SESS1395,multi_select,semantic_blocked,ms_blocked,0,"{""Q0"":[""none of these""]}",category_organization_2x2,ant,animals
ROW37971,2580,survey-multi-select,9,38655,0,P0828,STUDY0009,SESS1395,multi_select,semantic_blocked,ms_blocked,0,"{""Q0"":[""color""]}",category_organization_2x2,parrot,animals
ROW37969,14210,survey-multi-choice,5,36500,0,P1843,STUDY0009,SESS1399,forced_choice,semantic_blocked,fc_blocked,0,"{""Q0"":""none of these""}",category_organization_2x2,drum,toys
ROW37972,4150,survey-multi-select,10,42807,0,P0828,STUDY0009,SESS1395,multi_select,semantic_blocked,ms_blocked,0,"{""Q0"":[""none of these""]}",category_organization_2x2,sheep,animals
ROW37973,1146,html-button-response,11,43954,0,P0828,STUDY0009,SESS1395,multi_select,semantic_blocked,ms_blocked,0,0,category_section_intro,,clothing
ROW37974,4367,survey-multi-select,12,48323,0,P0828,STUDY0009,SESS1395,multi_select,semantic_blocked,ms_blocked,0,"{""Q0"":[""material""]}",category_organization_2x2,button,clothing
ROW37975,999,html-button-response,13,49324,0,P0828,STUDY0009,SESS1395,multi_select,semantic_blocked,ms_blocked,0,0,category_section_intro,,furniture_rooms
ROW37976,5895,survey-multi-select,14,55221,0,P0828,STUDY0009,SESS1395,multi_select,semantic_blocked,ms_blocked,0,"{""Q0"":[""shape""]}",category_organization_2x2,cupboard,furniture_rooms
ROW37977,3115,survey-multi-choice,6,39617,0,P1843,STUDY0009,SESS1399,forced_choice,semantic_blocked,fc_blocked,0,"{""Q0"":""shape""}",category_organization_2x2,puzzle,toys
ROW37978,3116,html-button-response,7,42734,0,P1843,STUDY0009,SESS1399,forced_choice,semantic_blocked,fc_blocked,0,0,category_section_intro,,animals
ROW37979,3150,survey-multi-choice,10,51551,0,P1843,STUDY0009,SESS1399,forced_choice,semantic_blocked,fc_blocked,0,"{""Q0"":""material""}",category_organization_2x2,sheep,animals
ROW37980,3843,survey-multi-choice,8,46578,0,P1843,STUDY0009,SESS1399,forced_choice,semantic_blocked,fc_blocked,0,"{""Q0"":""shape""}",category_organization_2x2,ant,animals
ROW37981,1820,survey-multi-choice,9,48400,0,P1843,STUDY0009,SESS1399,forced_choice,semantic_blocked,fc_blocked,0,"{""Q0"":""color""}",category_organization_2x2,parrot,animals
ROW37982,789,html-button-response,11,52342,0,P1843,STUDY0009,SESS1399,forced_choice,semantic_blocked,fc_blocked,0,0,category_section_intro,,clothing
ROW37983,4248,survey-multi-select,15,59472,0,P0828,STUDY0009,SESS1395,multi_select,semantic_blocked,ms_blocked,0,"{""Q0"":[""none of these""]}",category_organization_2x2,stairs,furniture_rooms
ROW37984,1168,html-button-response,16,60640,0,P0828,STUDY0009,SESS1395,multi_select,semantic_blocked,ms_blocked,0,0,category_section_intro,,food_drink
ROW37985,5964,survey-multi-select,17,66607,0,P0828,STUDY0009,SESS1395,multi_select,semantic_blocked,ms_blocked,0,"{""Q0"":[""shape""]}",category_organization_2x2,cutlet,food_drink
ROW37986,4066,survey-multi-select,18,70675,0,P0828,STUDY0009,SESS1395,multi_select,semantic_blocked,ms_blocked,0,"{""Q0"":[""color""]}",category_organization_2x2,eggplant,food_drink
ROW37987,2996,survey-multi-select,19,73674,0,P0828,STUDY0009,SESS1395,multi_select,semantic_blocked,ms_blocked,0,"{""Q0"":[""color""]}",category_organization_2x2,pepper,food_drink
ROW37988,3547,survey-multi-select,20,77224,0,P0828,STUDY0009,SESS1395,multi_select,semantic_blocked,ms_blocked,0,"{""Q0"":[""none of these""]}",category_organization_2x2,pork,food_drink
ROW37989,3331,survey-multi-select,21,80557,0,P0828,STUDY0009,SESS1395,multi_select,semantic_blocked,ms_blocked,0,"{""Q0"":[""none of these""]}",category_organization_2x2,sauce,food_drink
ROW37990,3982,survey-multi-select,22,84541,0,P0828,STUDY0009,SESS1395,multi_select,semantic_blocked,ms_blocked,0,"{""Q0"":[""color""]}",category_organization_2x2,smoothie,food_drink
ROW37991,998,html-button-response,23,85541,0,P0828,STUDY0009,SESS1395,multi_select,semantic_blocked,ms_blocked,0,0,category_section_intro,,household
ROW37992,3262,survey-multi-select,24,88805,0,P0828,STUDY0009,SESS1395,multi_select,semantic_blocked,ms_blocked,0,"{""Q0"":[""none of these""]}",category_organization_2x2,cell phone,household
ROW37993,2069,survey-multi-select,25,90875,0,P0828,STUDY0009,SESS1395,multi_select,semantic_blocked,ms_blocked,0,"{""Q0"":[""none of these""]}",category_organization_2x2,hanger,household
ROW37994,2280,survey-multi-select,26,93158,0,P0828,STUDY0009,SESS1395,multi_select,semantic_blocked,ms_blocked,0,"{""Q0"":[""material""]}",category_organization_2x2,napkin,household
ROW37995,2897,survey-multi-select,27,96057,0,P0828,STUDY0009,SESS1395,multi_select,semantic_blocked,ms_blocked,0,"{""Q0"":[""none of these""]}",category_organization_2x2,vacuum,household
ROW37996,1581,html-button-response,28,97639,0,P0828,STUDY0009,SESS1395,multi_select,semantic_blocked,ms_blocked,0,0,category_section_intro,,outside
ROW37997,3218,survey-multi-select,29,100858,0,P0828,STUDY0009,SESS1395,multi_select,semantic_blocked,ms_blocked,0,"{""Q0"":[""shape""]}",category_organization_2x2,star,outside
ROW37998,1479,html-button-response,30,102339,0,P0828,STUDY0009,SESS1395,multi_select,semantic_blocked,ms_blocked,0,0,category_section_intro,,other
ROW37999,3648,survey-multi-select,31,105989,0,P0828,STUDY0009,SESS1395,multi_select,semantic_blocked,ms_blocked,0,"{""Q0"":[""none of these""]}",category_organization_2x2,party,other
ROW38000,2081,survey-multi-select,32,108072,0,P0828,STUDY0009,SESS1395,multi_select,semantic_blocked,ms_blocked,0,"{""Q0"":[""none of these""]}",category_organization_2x2,lavender,attention_check
ROW38001,1051,html-button-response,33,109125,0,P0828,STUDY0009,SESS1395,multi_select,semantic_blocked,ms_blocked,0,0,,,
ROW38002,1166,instructions,34,110291,0,P0828,STUDY0009,SESS1395,multi_select,semantic_blocked,ms_blocked,0,,,,
ROW38003,6881,instructions,0,6882,0,P1778,STUDY0009,SESS1393,forced_choice,random,fc_random,0,,,,
ROW38004,5495,html-button-response,1,12377,0,P1778,STUDY0009,SESS1393,forced_choice,random,fc_random,0,0,precautions_survey,,
ROW38005,5394,html-button-response,3,31645,0,P1778,STUDY0009,SESS1393,forced_choice,random,fc_random,0,0,lavender_instruction,,
ROW38006,13873,html-button-response,2,26250,0,P1778,STUDY0009,SESS1393,forced_choice,random,fc_random,0,0,vocabulary_classification_criteria,,
ROW38007,13526,survey-multi-choice,4,45173,0,P1778,STUDY0009,SESS1393,forced_choice,random,fc_random,0,"{""Q0"":""none of these""}",category_organization_2x2,room,furniture_rooms
ROW38008,7819,survey-multi-choice,5,52992,0,P1778,STUDY0009,SESS1393,forced_choice,random,fc_random,0,"{""Q0"":""material""}",category_organization_2x2,raisin,food_drink
ROW38009,2003,instructions,0,2006,0,P1619,STUDY0009,SESS1389,forced_choice,random,fc_random,0,,,,
ROW38010,1868,html-button-response,1,3876,0,P1619,STUDY0009,SESS1389,forced_choice,random,fc_random,0,0,precautions_survey,,
ROW38011,7756,html-button-response,2,11633,0,P1619,STUDY0009,SESS1389,forced_choice,random,fc_random,0,0,vocabulary_classification_criteria,,
ROW38012,7579,survey-multi-choice,4,24672,0,P1619,STUDY0009,SESS1389,forced_choice,random,fc_random,0,"{""Q0"":""shape""}",category_organization_2x2,clock,household
ROW38013,5455,html-button-response,3,17090,0,P1619,STUDY0009,SESS1389,forced_choice,random,fc_random,0,0,lavender_instruction,,
ROW38014,3335,survey-multi-choice,5,28009,0,P1619,STUDY0009,SESS1389,forced_choice,random,fc_random,0,"{""Q0"":""material""}",category_organization_2x2,wallet,household
ROW38015,7161,survey-multi-choice,6,35172,0,P1619,STUDY0009,SESS1389,forced_choice,random,fc_random,0,"{""Q0"":""none of these""}",category_organization_2x2,fly (animal),animals
ROW38016,4342,survey-multi-choice,7,39516,0,P1619,STUDY0009,SESS1389,forced_choice,random,fc_random,0,"{""Q0"":""shape""}",category_organization_2x2,bread,food_drink
ROW38017,4105,survey-multi-choice,8,43624,0,P1619,STUDY0009,SESS1389,forced_choice,random,fc_random,0,"{""Q0"":""none of these""}",category_organization_2x2,popcorn,food_drink
ROW38018,5756,survey-multi-choice,9,49381,0,P1619,STUDY0009,SESS1389,forced_choice,random,fc_random,0,"{""Q0"":""shape""}",category_organization_2x2,beef,other
ROW38019,4472,survey-multi-choice,10,53855,0,P1619,STUDY0009,SESS1389,forced_choice,random,fc_random,0,"{""Q0"":""shape""}",category_organization_2x2,tv,furniture_rooms
ROW38020,3866,survey-multi-choice,11,57724,0,P1619,STUDY0009,SESS1389,forced_choice,random,fc_random,0,"{""Q0"":""material""}",category_organization_2x2,cotton,household
ROW38021,2474,survey-multi-choice,12,60199,0,P1619,STUDY0009,SESS1389,forced_choice,random,fc_random,0,"{""Q0"":""none of these""}",category_organization_2x2,lavender,attention_check
ROW38022,3774,survey-multi-choice,13,63975,0,P1619,STUDY0009,SESS1389,forced_choice,random,fc_random,0,"{""Q0"":""none of these""}",category_organization_2x2,camel,animals
ROW38023,4012,survey-multi-choice,14,67989,0,P1619,STUDY0009,SESS1389,forced_choice,random,fc_random,0,"{""Q0"":""color""}",category_organization_2x2,bicycle,vehicles
ROW38024,2199,survey-multi-choice,15,70189,0,P1619,STUDY0009,SESS1389,forced_choice,random,fc_random,0,"{""Q0"":""material""}",category_organization_2x2,pants,clothing
ROW38025,16418,survey-multi-choice,16,86608,0,P1619,STUDY0009,SESS1389,forced_choice,random,fc_random,0,"{""Q0"":""none of these""}",category_organization_2x2,seal (animal),animals
ROW38028,4491,survey-multi-choice,19,105622,0,P1619,STUDY0009,SESS1389,forced_choice,random,fc_random,0,"{""Q0"":""color""}",category_organization_2x2,back (body part),body_parts
ROW38029,4073,survey-multi-choice,6,57066,0,P1778,STUDY0009,SESS1393,forced_choice,random,fc_random,0,"{""Q0"":""none of these""}",category_organization_2x2,guava,food_drink
ROW38030,9002,survey-multi-choice,20,114626,0,P1619,STUDY0009,SESS1389,forced_choice,random,fc_random,0,"{""Q0"":""shape""}",category_organization_2x2,basement,other
ROW38031,2947,survey-multi-choice,21,117575,0,P1619,STUDY0009,SESS1389,forced_choice,random,fc_random,0,"{""Q0"":""material""}",category_organization_2x2,overalls,clothing
ROW38032,2852,survey-multi-choice,22,120428,0,P1619,STUDY0009,SESS1389,forced_choice,random,fc_random,0,"{""Q0"":""none of these""}",category_organization_2x2,ankle,body_parts
ROW38027,6483,survey-multi-choice,18,101131,0,P1619,STUDY0009,SESS1389,forced_choice,random,fc_random,0,"{""Q0"":""none of these""}",category_organization_2x2,cd,household
ROW38026,8037,survey-multi-choice,17,94646,0,P1619,STUDY0009,SESS1389,forced_choice,random,fc_random,0,"{""Q0"":""none of these""}",category_organization_2x2,yum yum,other
ROW38033,1505,survey-multi-choice,7,58572,0,P1778,STUDY0009,SESS1393,forced_choice,random,fc_random,0,"{""Q0"":""none of these""}",category_organization_2x2,lavender,attention_check
ROW38034,3257,survey-multi-choice,8,61830,0,P1778,STUDY0009,SESS1393,forced_choice,random,fc_random,0,"{""Q0"":""none of these""}",category_organization_2x2,thunder,outside
ROW38035,4505,survey-multi-choice,9,66336,0,P1778,STUDY0009,SESS1393,forced_choice,random,fc_random,0,"{""Q0"":""material""}",category_organization_2x2,gum,food_drink
ROW38036,3567,survey-multi-choice,10,69903,0,P1778,STUDY0009,SESS1393,forced_choice,random,fc_random,0,"{""Q0"":""material""}",category_organization_2x2,toe,body_parts
ROW38037,3330,survey-multi-choice,11,73234,0,P1778,STUDY0009,SESS1393,forced_choice,random,fc_random,0,"{""Q0"":""material""}",category_organization_2x2,patio,furniture_rooms
ROW38038,3879,survey-multi-choice,23,124309,0,P1619,STUDY0009,SESS1389,forced_choice,random,fc_random,0,"{""Q0"":""none of these""}",category_organization_2x2,hamburger,food_drink
ROW38039,2690,survey-multi-choice,24,127000,0,P1619,STUDY0009,SESS1389,forced_choice,random,fc_random,0,"{""Q0"":""color""}",category_organization_2x2,turtle,animals
ROW38040,982,html-button-response,25,127983,0,P1619,STUDY0009,SESS1389,forced_choice,random,fc_random,0,0,,,
ROW38041,1444,instructions,26,129428,0,P1619,STUDY0009,SESS1389,forced_choice,random,fc_random,0,,,,
ROW38042,4182,survey-multi-choice,12,77416,0,P1778,STUDY0009,SESS1393,forced_choice,random,fc_random,0,"{""Q0"":""shape""}",category_organization_2x2,tooth,body_parts
ROW38043,3353,survey-multi-choice,13,80769,0,P1778,STUDY0009,SESS1393,forced_choice,random,fc_random,0,"{""Q0"":""material""}",category_organization_2x2,floor,furniture_rooms
ROW38044,3087,survey-multi-choice,14,83857,0,P1778,STUDY0009,SESS1393,forced_choice,random,fc_random,0,"{""Q0"":""none of these""}",category_organization_2x2,cat,animals
ROW38045,3594,survey-multi-choice,15,87452,0,P1778,STUDY0009,SESS1393,forced_choice,random,fc_random,0,"{""Q0"":""shape""}",category_organization_2x2,keys,household
ROW38046,4648,survey-multi-choice,16,92100,0,P1778,STUDY0009,SESS1393,forced_choice,random,fc_random,0,"{""Q0"":""material""}",category_organization_2x2,mitten,clothing
ROW38047,2184,survey-multi-choice,17,94285,0,P1778,STUDY0009,SESS1393,forced_choice,random,fc_random,0,"{""Q0"":""shape""}",category_organization_2x2,thumb,body_parts
ROW38048,3876,survey-multi-choice,18,98162,0,P1778,STUDY0009,SESS1393,forced_choice,random,fc_random,0,"{""Q0"":""material""}",category_organization_2x2,jello,food_drink
ROW38049,4503,survey-multi-choice,21,112905,0,P1778,STUDY0009,SESS1393,forced_choice,random,fc_random,0,"{""Q0"":""shape""}",category_organization_2x2,firetruck,vehicles
ROW38050,7811,survey-multi-choice,19,105973,0,P1778,STUDY0009,SESS1393,forced_choice,random,fc_random,0,"{""Q0"":""material""}",category_organization_2x2,fish (food),food_drink
ROW38051,2427,survey-multi-choice,20,108401,0,P1778,STUDY0009,SESS1393,forced_choice,random,fc_random,0,"{""Q0"":""material""}",category_organization_2x2,compote,food_drink
ROW38052,1736,survey-multi-choice,22,114641,0,P1778,STUDY0009,SESS1393,forced_choice,random,fc_random,0,"{""Q0"":""color""}",category_organization_2x2,rainbow,other
ROW38053,1604,survey-multi-choice,23,116246,0,P1778,STUDY0009,SESS1393,forced_choice,random,fc_random,0,"{""Q0"":""material""}",category_organization_2x2,mayonnaise,other
ROW38054,4674,survey-multi-choice,24,120920,0,P1778,STUDY0009,SESS1393,forced_choice,random,fc_random,0,"{""Q0"":""shape""}",category_organization_2x2,buttocks,body_parts
ROW38055,1452,html-button-response,25,122373,0,P1778,STUDY0009,SESS1393,forced_choice,random,fc_random,0,0,,,
ROW38056,3176,instructions,26,125549,0,P1778,STUDY0009,SESS1393,forced_choice,random,fc_random,0,,,,
ROW38057,2439,instructions,0,2440,0,P1711,STUDY0009,SESS1404,forced_choice,semantic_blocked,fc_blocked,0,,,,
ROW38058,5481,html-button-response,1,7923,0,P1711,STUDY0009,SESS1404,forced_choice,semantic_blocked,fc_blocked,0,0,precautions_survey,,
ROW38059,5882,html-button-response,2,13806,0,P1711,STUDY0009,SESS1404,forced_choice,semantic_blocked,fc_blocked,0,0,vocabulary_classification_criteria,,
ROW38060,2697,html-button-response,3,16504,0,P1711,STUDY0009,SESS1404,forced_choice,semantic_blocked,fc_blocked,0,0,lavender_instruction,,
ROW38061,3100,html-button-response,4,19605,0,P1711,STUDY0009,SESS1404,forced_choice,semantic_blocked,fc_blocked,0,0,category_section_intro,,animals
ROW38062,8182,survey-multi-choice,5,27790,0,P1711,STUDY0009,SESS1404,forced_choice,semantic_blocked,fc_blocked,0,"{""Q0"":""none of these""}",category_organization_2x2,chick,animals
ROW38063,3198,html-button-response,6,30989,0,P1711,STUDY0009,SESS1404,forced_choice,semantic_blocked,fc_blocked,0,0,category_section_intro,,clothing
ROW38064,10331,survey-multi-choice,7,41321,0,P1711,STUDY0009,SESS1404,forced_choice,semantic_blocked,fc_blocked,0,"{""Q0"":""shape""}",category_organization_2x2,dress shoe,clothing
ROW38065,3016,survey-multi-choice,8,44338,0,P1711,STUDY0009,SESS1404,forced_choice,semantic_blocked,fc_blocked,0,"{""Q0"":""material""}",category_organization_2x2,gloves,clothing
ROW38066,3916,survey-multi-choice,9,48256,0,P1711,STUDY0009,SESS1404,forced_choice,semantic_blocked,fc_blocked,0,"{""Q0"":""material""}",category_organization_2x2,sweater,clothing
ROW38067,5731,html-button-response,10,53987,0,P1711,STUDY0009,SESS1404,forced_choice,semantic_blocked,fc_blocked,0,0,category_section_intro,,furniture_rooms
ROW38068,2934,survey-multi-choice,11,56923,0,P1711,STUDY0009,SESS1404,forced_choice,semantic_blocked,fc_blocked,0,"{""Q0"":""material""}",category_organization_2x2,mirror,furniture_rooms
ROW38069,2297,survey-multi-choice,12,59222,0,P1711,STUDY0009,SESS1404,forced_choice,semantic_blocked,fc_blocked,0,"{""Q0"":""shape""}",category_organization_2x2,stairs,furniture_rooms
ROW38070,2032,html-button-response,13,61255,0,P1711,STUDY0009,SESS1404,forced_choice,semantic_blocked,fc_blocked,0,0,category_section_intro,,food_drink
ROW38071,4782,survey-multi-choice,14,66038,0,P1711,STUDY0009,SESS1404,forced_choice,semantic_blocked,fc_blocked,0,"{""Q0"":""material""}",category_organization_2x2,coffee,food_drink
ROW38072,2582,survey-multi-choice,15,68622,0,P1711,STUDY0009,SESS1404,forced_choice,semantic_blocked,fc_blocked,0,"{""Q0"":""color""}",category_organization_2x2,coke,food_drink
ROW38073,2599,survey-multi-choice,16,71222,0,P1711,STUDY0009,SESS1404,forced_choice,semantic_blocked,fc_blocked,0,"{""Q0"":""material""}",category_organization_2x2,cracker,food_drink
ROW38074,4681,survey-multi-choice,17,75905,0,P1711,STUDY0009,SESS1404,forced_choice,semantic_blocked,fc_blocked,0,"{""Q0"":""shape""}",category_organization_2x2,croquette,food_drink
ROW38075,4232,survey-multi-choice,18,80138,0,P1711,STUDY0009,SESS1404,forced_choice,semantic_blocked,fc_blocked,0,"{""Q0"":""color""}",category_organization_2x2,guava,food_drink
ROW38076,5449,survey-multi-choice,19,85588,0,P1711,STUDY0009,SESS1404,forced_choice,semantic_blocked,fc_blocked,0,"{""Q0"":""shape""}",category_organization_2x2,peas,food_drink
ROW38077,4115,survey-multi-choice,20,89705,0,P1711,STUDY0009,SESS1404,forced_choice,semantic_blocked,fc_blocked,0,"{""Q0"":""shape""}",category_organization_2x2,popcorn,food_drink
ROW38078,3683,survey-multi-choice,21,93389,0,P1711,STUDY0009,SESS1404,forced_choice,semantic_blocked,fc_blocked,0,"{""Q0"":""none of these""}",category_organization_2x2,samosa,food_drink
ROW38079,2399,survey-multi-choice,22,95789,0,P1711,STUDY0009,SESS1404,forced_choice,semantic_blocked,fc_blocked,0,"{""Q0"":""material""}",category_organization_2x2,tea,food_drink
ROW38080,4348,survey-multi-choice,23,100138,0,P1711,STUDY0009,SESS1404,forced_choice,semantic_blocked,fc_blocked,0,"{""Q0"":""shape""}",category_organization_2x2,watermelon,food_drink
ROW38081,1416,html-button-response,24,101555,0,P1711,STUDY0009,SESS1404,forced_choice,semantic_blocked,fc_blocked,0,0,category_section_intro,,household
ROW38082,2165,survey-multi-choice,25,103722,0,P1711,STUDY0009,SESS1404,forced_choice,semantic_blocked,fc_blocked,0,"{""Q0"":""shape""}",category_organization_2x2,bowl,household
ROW38083,1634,html-button-response,27,107955,0,P1711,STUDY0009,SESS1404,forced_choice,semantic_blocked,fc_blocked,0,0,category_section_intro,,other
ROW38084,2598,survey-multi-choice,26,106320,0,P1711,STUDY0009,SESS1404,forced_choice,semantic_blocked,fc_blocked,0,"{""Q0"":""material""}",category_organization_2x2,soap,household
ROW38085,2432,survey-multi-choice,28,110388,0,P1711,STUDY0009,SESS1404,forced_choice,semantic_blocked,fc_blocked,0,"{""Q0"":""shape""}",category_organization_2x2,broccoli,other
ROW38086,3100,survey-multi-choice,29,113489,0,P1711,STUDY0009,SESS1404,forced_choice,semantic_blocked,fc_blocked,0,"{""Q0"":""material""}",category_organization_2x2,toilet paper,other
ROW38087,1815,survey-multi-choice,30,115305,0,P1711,STUDY0009,SESS1404,forced_choice,semantic_blocked,fc_blocked,0,"{""Q0"":""none of these""}",category_organization_2x2,lavender,attention_check
ROW38088,1014,html-button-response,31,116320,0,P1711,STUDY0009,SESS1404,forced_choice,semantic_blocked,fc_blocked,0,0,,,
ROW38089,1684,instructions,32,118004,0,P1711,STUDY0009,SESS1404,forced_choice,semantic_blocked,fc_blocked,0,,,,
ROW38090,795,html-button-response,1,6164,0,P1698,STUDY0009,SESS1415,multi_select,random,ms_random,0,0,precautions_survey,,
ROW38091,872,html-button-response,2,7037,0,P1698,STUDY0009,SESS1415,multi_select,random,ms_random,0,0,vocabulary_classification_criteria,,
ROW38092,8695,survey-multi-select,5,21502,0,P1698,STUDY0009,SESS1415,multi_select,random,ms_random,0,"{""Q0"":[""none of these""]}",category_organization_2x2,drum (object),toys
ROW38093,4423,survey-multi-select,4,12804,0,P1698,STUDY0009,SESS1415,multi_select,random,ms_random,0,"{""Q0"":[""none of these""]}",category_organization_2x2,broom,household
ROW38094,5362,instructions,0,5367,0,P1698,STUDY0009,SESS1415,multi_select,random,ms_random,0,,,,
ROW38095,1335,html-button-response,3,8373,0,P1698,STUDY0009,SESS1415,multi_select,random,ms_random,0,0,lavender_instruction,,
ROW38096,1162,survey-multi-select,7,24122,0,P1698,STUDY0009,SESS1415,multi_select,random,ms_random,0,"{""Q0"":[""none of these""]}",category_organization_2x2,applesauce,food_drink
ROW38097,1452,survey-multi-select,6,22956,0,P1698,STUDY0009,SESS1415,multi_select,random,ms_random,0,"{""Q0"":[""none of these""]}",category_organization_2x2,eggplant,food_drink
ROW38098,1037,survey-multi-select,8,25163,0,P1698,STUDY0009,SESS1415,multi_select,random,ms_random,0,"{""Q0"":[""none of these""]}",category_organization_2x2,stove,furniture_rooms
ROW38099,3649,survey-multi-select,11,41078,0,P1698,STUDY0009,SESS1415,multi_select,random,ms_random,0,"{""Q0"":[""material""]}",category_organization_2x2,lamp,household
ROW38100,3757,survey-multi-select,10,37425,0,P1698,STUDY0009,SESS1415,multi_select,random,ms_random,0,"{""Q0"":[""material""]}",category_organization_2x2,broom,household
ROW38101,8500,survey-multi-select,9,33666,0,P1698,STUDY0009,SESS1415,multi_select,random,ms_random,0,"{""Q0"":[""none of these""]}",category_organization_2x2,mouth,body_parts
ROW38102,3474,survey-multi-select,12,44554,0,P1698,STUDY0009,SESS1415,multi_select,random,ms_random,0,"{""Q0"":[""none of these""]}",category_organization_2x2,butterfly,animals
ROW38103,2760,survey-multi-select,13,47318,0,P1698,STUDY0009,SESS1415,multi_select,random,ms_random,0,"{""Q0"":[""none of these""]}",category_organization_2x2,vagina,body_parts
ROW38104,2400,survey-multi-select,14,49721,0,P1698,STUDY0009,SESS1415,multi_select,random,ms_random,0,"{""Q0"":[""material""]}",category_organization_2x2,biscuit,food_drink
ROW38105,6483,survey-multi-select,15,56207,0,P1698,STUDY0009,SESS1415,multi_select,random,ms_random,0,"{""Q0"":[""material""]}",category_organization_2x2,plate,household
ROW38106,3170,survey-multi-select,16,59379,0,P1698,STUDY0009,SESS1415,multi_select,random,ms_random,0,"{""Q0"":[""none of these""]}",category_organization_2x2,palm,body_parts
ROW38107,2479,survey-multi-select,17,61860,0,P1698,STUDY0009,SESS1415,multi_select,random,ms_random,0,"{""Q0"":[""none of these""]}",category_organization_2x2,lavender,attention_check
ROW38108,7799,survey-multi-select,18,69661,0,P1698,STUDY0009,SESS1415,multi_select,random,ms_random,0,"{""Q0"":[""material""]}",category_organization_2x2,camera,household
ROW38109,3978,survey-multi-select,19,73641,0,P1698,STUDY0009,SESS1415,multi_select,random,ms_random,0,"{""Q0"":[""none of these""]}",category_organization_2x2,wolf,animals
ROW38110,1947,survey-multi-select,20,75590,0,P1698,STUDY0009,SESS1415,multi_select,random,ms_random,0,"{""Q0"":[""material""]}",category_organization_2x2,glove,clothing
ROW38111,1367,survey-multi-select,21,76959,0,P1698,STUDY0009,SESS1415,multi_select,random,ms_random,0,"{""Q0"":[""material""]}",category_organization_2x2,gloves,clothing
ROW38112,3035,survey-multi-select,22,79997,0,P1698,STUDY0009,SESS1415,multi_select,random,ms_random,0,"{""Q0"":[""shape""]}",category_organization_2x2,floor,furniture_rooms
ROW38113,2603,survey-multi-select,23,82604,0,P1698,STUDY0009,SESS1415,multi_select,random,ms_random,0,"{""Q0"":[""none of these""]}",category_organization_2x2,olive,food_drink
ROW38114,2597,survey-multi-select,24,85203,0,P1698,STUDY0009,SESS1415,multi_select,random,ms_random,0,"{""Q0"":[""material""]}",category_organization_2x2,panther,other
ROW38115,1166,html-button-response,25,86370,0,P1698,STUDY0009,SESS1415,multi_select,random,ms_random,0,0,,,
ROW38116,1225,instructions,26,87595,0,P1698,STUDY0009,SESS1415,multi_select,random,ms_random,0,,,,
ROW38117,6527,instructions,0,6528,0,P1524,STUDY0009,SESS1381,forced_choice,semantic_blocked,fc_blocked,0,,,,
ROW38118,9144,html-button-response,1,15675,0,P1524,STUDY0009,SESS1381,forced_choice,semantic_blocked,fc_blocked,0,0,precautions_survey,,
ROW38119,14679,html-button-response,2,30355,0,P1524,STUDY0009,SESS1381,forced_choice,semantic_blocked,fc_blocked,0,0,vocabulary_classification_criteria,,
ROW38120,5709,html-button-response,3,36065,0,P1524,STUDY0009,SESS1381,forced_choice,semantic_blocked,fc_blocked,0,0,lavender_instruction,,
ROW38121,7545,html-button-response,4,43611,0,P1524,STUDY0009,SESS1381,forced_choice,semantic_blocked,fc_blocked,0,0,category_section_intro,,vehicles
ROW38122,8659,survey-multi-choice,5,52274,0,P1524,STUDY0009,SESS1381,forced_choice,semantic_blocked,fc_blocked,0,"{""Q0"":""shape""}",category_organization_2x2,ambulance,vehicles
ROW38123,4489,survey-multi-choice,6,56765,0,P1524,STUDY0009,SESS1381,forced_choice,semantic_blocked,fc_blocked,0,"{""Q0"":""color""}",category_organization_2x2,digger,vehicles
ROW38124,2169,html-button-response,7,58935,0,P1524,STUDY0009,SESS1381,forced_choice,semantic_blocked,fc_blocked,0,0,category_section_intro,,toys
ROW38125,3082,survey-multi-choice,8,62019,0,P1524,STUDY0009,SESS1381,forced_choice,semantic_blocked,fc_blocked,0,"{""Q0"":""color""}",category_organization_2x2,marker,toys
ROW38126,4414,survey-multi-choice,9,66435,0,P1524,STUDY0009,SESS1381,forced_choice,semantic_blocked,fc_blocked,0,"{""Q0"":""shape""}",category_organization_2x2,robot,toys
ROW38127,1486,html-button-response,10,67922,0,P1524,STUDY0009,SESS1381,forced_choice,semantic_blocked,fc_blocked,0,0,category_section_intro,,animals
ROW38128,4741,survey-multi-choice,11,72665,0,P1524,STUDY0009,SESS1381,forced_choice,semantic_blocked,fc_blocked,0,"{""Q0"":""material""}",category_organization_2x2,clam,animals
ROW38129,3600,survey-multi-choice,12,76267,0,P1524,STUDY0009,SESS1381,forced_choice,semantic_blocked,fc_blocked,0,"{""Q0"":""shape""}",category_organization_2x2,fly (animal),animals
ROW38130,2385,survey-multi-choice,13,78653,0,P1524,STUDY0009,SESS1381,forced_choice,semantic_blocked,fc_blocked,0,"{""Q0"":""color""}",category_organization_2x2,panda,animals
ROW38131,1804,html-button-response,14,80458,0,P1524,STUDY0009,SESS1381,forced_choice,semantic_blocked,fc_blocked,0,0,category_section_intro,,clothing
ROW38132,3353,survey-multi-choice,15,83813,0,P1524,STUDY0009,SESS1381,forced_choice,semantic_blocked,fc_blocked,0,"{""Q0"":""shape""}",category_organization_2x2,hat,clothing
ROW38133,4082,survey-multi-choice,16,87896,0,P1524,STUDY0009,SESS1381,forced_choice,semantic_blocked,fc_blocked,0,"{""Q0"":""color""}",category_organization_2x2,headband,clothing
ROW38134,1447,html-button-response,17,89344,0,P1524,STUDY0009,SESS1381,forced_choice,semantic_blocked,fc_blocked,0,0,category_section_intro,,furniture_rooms
ROW38135,3859,survey-multi-choice,18,93204,0,P1524,STUDY0009,SESS1381,forced_choice,semantic_blocked,fc_blocked,0,"{""Q0"":""material""}",category_organization_2x2,tablecloth,furniture_rooms
ROW38136,967,html-button-response,19,94172,0,P1524,STUDY0009,SESS1381,forced_choice,semantic_blocked,fc_blocked,0,0,category_section_intro,,food_drink
ROW38137,6880,survey-multi-choice,20,101053,0,P1524,STUDY0009,SESS1381,forced_choice,semantic_blocked,fc_blocked,0,"{""Q0"":""shape""}",category_organization_2x2,chickpea,food_drink
ROW38138,2958,survey-multi-choice,21,104012,0,P1524,STUDY0009,SESS1381,forced_choice,semantic_blocked,fc_blocked,0,"{""Q0"":""color""}",category_organization_2x2,liver (food),food_drink
ROW38139,5522,survey-multi-choice,22,109536,0,P1524,STUDY0009,SESS1381,forced_choice,semantic_blocked,fc_blocked,0,"{""Q0"":""color""}",category_organization_2x2,rice,food_drink
ROW38140,2501,survey-multi-choice,23,112039,0,P1524,STUDY0009,SESS1381,forced_choice,semantic_blocked,fc_blocked,0,"{""Q0"":""color""}",category_organization_2x2,strawberry,food_drink
ROW38141,5872,instructions,0,5874,0,P1573,STUDY0009,SESS1405,forced_choice,semantic_blocked,fc_blocked,0,,,,
ROW38142,2439,html-button-response,4,28657,0,P1573,STUDY0009,SESS1405,forced_choice,semantic_blocked,fc_blocked,0,0,category_section_intro,,vehicles
ROW38143,4115,html-button-response,1,9989,0,P1573,STUDY0009,SESS1405,forced_choice,semantic_blocked,fc_blocked,0,0,precautions_survey,,
ROW38144,12420,html-button-response,2,22410,0,P1573,STUDY0009,SESS1405,forced_choice,semantic_blocked,fc_blocked,0,0,vocabulary_classification_criteria,,
ROW38145,3806,html-button-response,3,26217,0,P1573,STUDY0009,SESS1405,forced_choice,semantic_blocked,fc_blocked,0,0,lavender_instruction,,
ROW38146,8683,survey-multi-choice,5,37341,0,P1573,STUDY0009,SESS1405,forced_choice,semantic_blocked,fc_blocked,0,"{""Q0"":""shape""}",category_organization_2x2,train,vehicles
ROW38147,1039,html-button-response,24,113079,0,P1524,STUDY0009,SESS1381,forced_choice,semantic_blocked,fc_blocked,0,0,category_section_intro,,body_parts
ROW38148,2663,survey-multi-choice,25,115743,0,P1524,STUDY0009,SESS1381,forced_choice,semantic_blocked,fc_blocked,0,"{""Q0"":""shape""}",category_organization_2x2,body,body_parts
ROW38149,1503,html-button-response,26,117246,0,P1524,STUDY0009,SESS1381,forced_choice,semantic_blocked,fc_blocked,0,0,category_section_intro,,household
ROW38150,5004,survey-multi-choice,27,122252,0,P1524,STUDY0009,SESS1381,forced_choice,semantic_blocked,fc_blocked,0,"{""Q0"":""shape""}",category_organization_2x2,cell phone,household
ROW38151,4184,survey-multi-choice,28,126437,0,P1524,STUDY0009,SESS1381,forced_choice,semantic_blocked,fc_blocked,0,"{""Q0"":""color""}",category_organization_2x2,glass,household
ROW38152,1152,html-button-response,29,127590,0,P1524,STUDY0009,SESS1381,forced_choice,semantic_blocked,fc_blocked,0,0,category_section_intro,,outside
ROW38155,1555,html-button-response,32,137522,0,P1524,STUDY0009,SESS1381,forced_choice,semantic_blocked,fc_blocked,0,0,category_section_intro,,other
ROW38156,4703,survey-multi-choice,33,142226,0,P1524,STUDY0009,SESS1381,forced_choice,semantic_blocked,fc_blocked,0,"{""Q0"":""none of these""}",category_organization_2x2,basement,other
ROW38153,5461,survey-multi-choice,30,133052,0,P1524,STUDY0009,SESS1381,forced_choice,semantic_blocked,fc_blocked,0,"{""Q0"":""material""}",category_organization_2x2,rain,outside
ROW38154,2913,survey-multi-choice,31,135966,0,P1524,STUDY0009,SESS1381,forced_choice,semantic_blocked,fc_blocked,0,"{""Q0"":""shape""}",category_organization_2x2,umbrella,outside
ROW38157,3090,survey-multi-choice,34,145318,0,P1524,STUDY0009,SESS1381,forced_choice,semantic_blocked,fc_blocked,0,"{""Q0"":""none of these""}",category_organization_2x2,lavender,attention_check
ROW38158,2191,html-button-response,6,39533,0,P1573,STUDY0009,SESS1405,forced_choice,semantic_blocked,fc_blocked,0,0,category_section_intro,,toys
ROW38159,4268,survey-multi-choice,7,43802,0,P1573,STUDY0009,SESS1405,forced_choice,semantic_blocked,fc_blocked,0,"{""Q0"":""shape""}",category_organization_2x2,bell,toys
ROW38160,1145,html-button-response,35,146464,0,P1524,STUDY0009,SESS1381,forced_choice,semantic_blocked,fc_blocked,0,0,,,
ROW38161,3270,survey-multi-choice,8,47073,0,P1573,STUDY0009,SESS1405,forced_choice,semantic_blocked,fc_blocked,0,"{""Q0"":""shape""}",category_organization_2x2,trumpet,toys
ROW38162,3014,instructions,36,149478,0,P1524,STUDY0009,SESS1381,forced_choice,semantic_blocked,fc_blocked,0,,,,
ROW38163,3491,survey-multi-choice,10,53077,0,P1573,STUDY0009,SESS1405,forced_choice,semantic_blocked,fc_blocked,0,"{""Q0"":""shape""}",category_organization_2x2,bug,animals
ROW38164,2511,html-button-response,9,49585,0,P1573,STUDY0009,SESS1405,forced_choice,semantic_blocked,fc_blocked,0,0,category_section_intro,,animals
ROW38165,3975,survey-multi-choice,11,57053,0,P1573,STUDY0009,SESS1405,forced_choice,semantic_blocked,fc_blocked,0,"{""Q0"":""shape""}",category_organization_2x2,bug,animals
ROW38166,2923,survey-multi-choice,12,59977,0,P1573,STUDY0009,SESS1405,forced_choice,semantic_blocked,fc_blocked,0,"{""Q0"":""shape""}",category_organization_2x2,bull,animals
ROW38167,2880,survey-multi-choice,13,62857,0,P1573,STUDY0009,SESS1405,forced_choice,semantic_blocked,fc_blocked,0,"{""Q0"":""shape""}",category_organization_2x2,sheep,animals
ROW38168,1151,html-button-response,14,64009,0,P1573,STUDY0009,SESS1405,forced_choice,semantic_blocked,fc_blocked,0,0,category_section_intro,,food_drink
ROW38169,4015,survey-multi-choice,15,68025,0,P1573,STUDY0009,SESS1405,forced_choice,semantic_blocked,fc_blocked,0,"{""Q0"":""material""}",category_organization_2x2,bread,food_drink
ROW38170,4295,survey-multi-choice,16,72321,0,P1573,STUDY0009,SESS1405,forced_choice,semantic_blocked,fc_blocked,0,"{""Q0"":""shape""}",category_organization_2x2,kimchi,food_drink
ROW38171,2503,survey-multi-choice,17,74825,0,P1573,STUDY0009,SESS1405,forced_choice,semantic_blocked,fc_blocked,0,"{""Q0"":""shape""}",category_organization_2x2,meatball,food_drink
ROW38172,1115,html-button-response,18,75941,0,P1573,STUDY0009,SESS1405,forced_choice,semantic_blocked,fc_blocked,0,0,category_section_intro,,household
ROW38173,2871,survey-multi-choice,19,78813,0,P1573,STUDY0009,SESS1405,forced_choice,semantic_blocked,fc_blocked,0,"{""Q0"":""material""}",category_organization_2x2,blanket,household
ROW38174,5163,survey-multi-choice,20,83977,0,P1573,STUDY0009,SESS1405,forced_choice,semantic_blocked,fc_blocked,0,"{""Q0"":""material""}",category_organization_2x2,dish,household
ROW38175,3255,survey-multi-choice,21,87233,0,P1573,STUDY0009,SESS1405,forced_choice,semantic_blocked,fc_blocked,0,"{""Q0"":""shape""}",category_organization_2x2,keys,household
ROW38176,4539,survey-multi-choice,22,91773,0,P1573,STUDY0009,SESS1405,forced_choice,semantic_blocked,fc_blocked,0,"{""Q0"":""material""}",category_organization_2x2,matches,household
ROW38177,3700,survey-multi-choice,23,95474,0,P1573,STUDY0009,SESS1405,forced_choice,semantic_blocked,fc_blocked,0,"{""Q0"":""material""}",category_organization_2x2,tissue,household
ROW38178,1230,html-button-response,24,96705,0,P1573,STUDY0009,SESS1405,forced_choice,semantic_blocked,fc_blocked,0,0,category_section_intro,,outside
ROW38179,4467,survey-multi-choice,25,101173,0,P1573,STUDY0009,SESS1405,forced_choice,semantic_blocked,fc_blocked,0,"{""Q0"":""material""}",category_organization_2x2,mountain,outside
ROW38180,2644,survey-multi-choice,29,114929,0,P1573,STUDY0009,SESS1405,forced_choice,semantic_blocked,fc_blocked,0,"{""Q0"":""material""}",category_organization_2x2,suit,other
ROW38181,4611,survey-multi-choice,28,112285,0,P1573,STUDY0009,SESS1405,forced_choice,semantic_blocked,fc_blocked,0,"{""Q0"":""none of these""}",category_organization_2x2,party,other
ROW38182,5059,survey-multi-choice,26,106233,0,P1573,STUDY0009,SESS1405,forced_choice,semantic_blocked,fc_blocked,0,"{""Q0"":""color""}",category_organization_2x2,sky,outside
ROW38183,1439,html-button-response,27,107673,0,P1573,STUDY0009,SESS1405,forced_choice,semantic_blocked,fc_blocked,0,0,category_section_intro,,other
ROW38184,3211,survey-multi-choice,30,118141,0,P1573,STUDY0009,SESS1405,forced_choice,semantic_blocked,fc_blocked,0,"{""Q0"":""none of these""}",category_organization_2x2,time,other
ROW38185,2299,survey-multi-choice,31,120441,0,P1573,STUDY0009,SESS1405,forced_choice,semantic_blocked,fc_blocked,0,"{""Q0"":""none of these""}",category_organization_2x2,lavender,attention_check
ROW38186,2336,instructions,33,123797,0,P1573,STUDY0009,SESS1405,forced_choice,semantic_blocked,fc_blocked,0,,,,
ROW38187,1019,html-button-response,32,121461,0,P1573,STUDY0009,SESS1405,forced_choice,semantic_blocked,fc_blocked,0,0,,,
ROW38188,1506,html-button-response,1,4059,0,P1800,STUDY0009,SESS1388,multi_select,semantic_blocked,ms_blocked,0,0,precautions_survey,,
ROW38189,2547,instructions,0,2550,0,P1800,STUDY0009,SESS1388,multi_select,semantic_blocked,ms_blocked,0,,,,
ROW38190,1083,html-button-response,2,5144,0,P1800,STUDY0009,SESS1388,multi_select,semantic_blocked,ms_blocked,0,0,vocabulary_classification_criteria,,
ROW38191,3665,html-button-response,4,10156,0,P1800,STUDY0009,SESS1388,multi_select,semantic_blocked,ms_blocked,0,0,category_section_intro,,vehicles
ROW38192,11022,survey-multi-select,5,21200,0,P1800,STUDY0009,SESS1388,multi_select,semantic_blocked,ms_blocked,0,"{""Q0"":[""shape"",""color""]}",category_organization_2x2,firetruck,vehicles
ROW38193,1344,html-button-response,3,6490,0,P1800,STUDY0009,SESS1388,multi_select,semantic_blocked,ms_blocked,0,0,lavender_instruction,,
ROW38194,5645,html-button-response,10,48560,0,P1800,STUDY0009,SESS1388,multi_select,semantic_blocked,ms_blocked,0,0,category_section_intro,,furniture_rooms
ROW38195,5131,html-button-response,6,26332,0,P1800,STUDY0009,SESS1388,multi_select,semantic_blocked,ms_blocked,0,0,category_section_intro,,animals
ROW38196,3813,html-button-response,8,36683,0,P1800,STUDY0009,SESS1388,multi_select,semantic_blocked,ms_blocked,0,0,category_section_intro,,clothing
ROW38197,6533,survey-multi-select,7,32868,0,P1800,STUDY0009,SESS1388,multi_select,semantic_blocked,ms_blocked,0,"{""Q0"":[""color""]}",category_organization_2x2,cat,animals
ROW38198,6223,survey-multi-select,9,42913,0,P1800,STUDY0009,SESS1388,multi_select,semantic_blocked,ms_blocked,0,"{""Q0"":[""color"",""material""]}",category_organization_2x2,mitten,clothing
ROW38199,3933,survey-multi-select,11,52499,0,P1800,STUDY0009,SESS1388,multi_select,semantic_blocked,ms_blocked,0,"{""Q0"":[""shape"",""color"",""material""]}",category_organization_2x2,floor,furniture_rooms
ROW38200,3201,survey-multi-select,13,59728,0,P1800,STUDY0009,SESS1388,multi_select,semantic_blocked,ms_blocked,0,"{""Q0"":[""shape"",""color"",""material""]}",category_organization_2x2,room,furniture_rooms
ROW38201,4023,survey-multi-select,12,56525,0,P1800,STUDY0009,SESS1388,multi_select,semantic_blocked,ms_blocked,0,"{""Q0"":[""shape"",""color"",""material""]}",category_organization_2x2,patio,furniture_rooms
ROW38202,6073,survey-multi-select,15,69228,0,P1800,STUDY0009,SESS1388,multi_select,semantic_blocked,ms_blocked,0,"{""Q0"":[""none of these""]}",category_organization_2x2,compote,food_drink
ROW38203,3419,html-button-response,14,63149,0,P1800,STUDY0009,SESS1388,multi_select,semantic_blocked,ms_blocked,0,0,category_section_intro,,food_drink
ROW38204,3676,survey-multi-select,17,78569,0,P1800,STUDY0009,SESS1388,multi_select,semantic_blocked,ms_blocked,0,"{""Q0"":[""color""]}",category_organization_2x2,guava,food_drink
ROW38205,5661,survey-multi-select,16,74891,0,P1800,STUDY0009,SESS1388,multi_select,semantic_blocked,ms_blocked,0,"{""Q0"":[""color""]}",category_organization_2x2,fish (food),food_drink
ROW38206,4874,survey-multi-select,18,83449,0,P1800,STUDY0009,SESS1388,multi_select,semantic_blocked,ms_blocked,0,"{""Q0"":[""color""]}",category_organization_2x2,gum,food_drink
ROW38207,3631,survey-multi-select,23,101306,0,P1800,STUDY0009,SESS1388,multi_select,semantic_blocked,ms_blocked,0,"{""Q0"":[""shape""]}",category_organization_2x2,thumb,body_parts
ROW38208,1585,html-button-response,21,92563,0,P1800,STUDY0009,SESS1388,multi_select,semantic_blocked,ms_blocked,0,0,category_section_intro,,body_parts
ROW38209,4361,survey-multi-select,19,87816,0,P1800,STUDY0009,SESS1388,multi_select,semantic_blocked,ms_blocked,0,"{""Q0"":[""color""]}",category_organization_2x2,jello,food_drink
ROW38210,5103,survey-multi-select,22,97673,0,P1800,STUDY0009,SESS1388,multi_select,semantic_blocked,ms_blocked,0,"{""Q0"":[""shape""]}",category_organization_2x2,buttocks,body_parts
ROW38211,3158,survey-multi-select,20,90976,0,P1800,STUDY0009,SESS1388,multi_select,semantic_blocked,ms_blocked,0,"{""Q0"":[""shape"",""color""]}",category_organization_2x2,raisin,food_drink
ROW38212,2576,survey-multi-select,24,103885,0,P1800,STUDY0009,SESS1388,multi_select,semantic_blocked,ms_blocked,0,"{""Q0"":[""shape""]}",category_organization_2x2,toe,body_parts
ROW38213,3433,survey-multi-select,25,107324,0,P1800,STUDY0009,SESS1388,multi_select,semantic_blocked,ms_blocked,0,"{""Q0"":[""shape"",""color""]}",category_organization_2x2,tooth,body_parts
ROW38214,1547,html-button-response,26,108873,0,P1800,STUDY0009,SESS1388,multi_select,semantic_blocked,ms_blocked,0,0,category_section_intro,,household
ROW38215,1217,html-button-response,28,115425,0,P1800,STUDY0009,SESS1388,multi_select,semantic_blocked,ms_blocked,0,0,category_section_intro,,outside
ROW38216,5330,survey-multi-select,27,114207,0,P1800,STUDY0009,SESS1388,multi_select,semantic_blocked,ms_blocked,0,"{""Q0"":[""shape"",""material""]}",category_organization_2x2,keys,household
ROW38217,5588,survey-multi-select,29,121015,0,P1800,STUDY0009,SESS1388,multi_select,semantic_blocked,ms_blocked,0,"{""Q0"":[""none of these""]}",category_organization_2x2,thunder,outside
ROW38218,1964,html-button-response,30,122981,0,P1800,STUDY0009,SESS1388,multi_select,semantic_blocked,ms_blocked,0,0,category_section_intro,,other
ROW38219,3941,survey-multi-select,32,131314,0,P1800,STUDY0009,SESS1388,multi_select,semantic_blocked,ms_blocked,0,"{""Q0"":[""shape"",""color""]}",category_organization_2x2,rainbow,other
ROW38220,4384,survey-multi-select,31,127371,0,P1800,STUDY0009,SESS1388,multi_select,semantic_blocked,ms_blocked,0,"{""Q0"":[""color""]}",category_organization_2x2,mayonnaise,other
ROW38221,4108,survey-multi-select,33,135428,0,P1800,STUDY0009,SESS1388,multi_select,semantic_blocked,ms_blocked,0,"{""Q0"":[""color""]}",category_organization_2x2,lavender,attention_check
ROW38222,828,html-button-response,34,136258,0,P1800,STUDY0009,SESS1388,multi_select,semantic_blocked,ms_blocked,0,0,,,
ROW38223,4727,instructions,35,140986,0,P1800,STUDY0009,SESS1388,multi_select,semantic_blocked,ms_blocked,0,,,,
ROW38224,2386,instructions,0,2387,0,P1703,STUDY0009,SESS1408,forced_choice,random,fc_random,0,,,,
ROW38225,12293,html-button-response,2,22760,0,P1703,STUDY0009,SESS1408,forced_choice,random,fc_random,0,0,vocabulary_classification_criteria,,
ROW38226,9373,survey-multi-choice,4,35821,0,P1703,STUDY0009,SESS1408,forced_choice,random,fc_random,0,"{""Q0"":""shape""}",category_organization_2x2,waves,outside
ROW38227,3684,html-button-response,3,26446,0,P1703,STUDY0009,SESS1408,forced_choice,random,fc_random,0,0,lavender_instruction,,
ROW38228,8078,html-button-response,1,10466,0,P1703,STUDY0009,SESS1408,forced_choice,random,fc_random,0,0,precautions_survey,,
ROW38229,7952,survey-multi-choice,5,43774,0,P1703,STUDY0009,SESS1408,forced_choice,random,fc_random,0,"{""Q0"":""none of these""}",category_organization_2x2,zebra,animals
ROW38230,9311,survey-multi-choice,6,53086,0,P1703,STUDY0009,SESS1408,forced_choice,random,fc_random,0,"{""Q0"":""color""}",category_organization_2x2,carrot,food_drink
ROW38231,3932,survey-multi-choice,7,57020,0,P1703,STUDY0009,SESS1408,forced_choice,random,fc_random,0,"{""Q0"":""shape""}",category_organization_2x2,body,body_parts
ROW38232,3714,survey-multi-choice,8,60734,0,P1703,STUDY0009,SESS1408,forced_choice,random,fc_random,0,"{""Q0"":""none of these""}",category_organization_2x2,wolf,animals
ROW38233,3476,survey-multi-choice,9,64211,0,P1703,STUDY0009,SESS1408,forced_choice,random,fc_random,0,"{""Q0"":""shape""}",category_organization_2x2,cucumber,food_drink
ROW38234,3318,survey-multi-choice,10,67530,0,P1703,STUDY0009,SESS1408,forced_choice,random,fc_random,0,"{""Q0"":""shape""}",category_organization_2x2,sausage,food_drink
ROW38235,3692,survey-multi-choice,11,71223,0,P1703,STUDY0009,SESS1408,forced_choice,random,fc_random,0,"{""Q0"":""color""}",category_organization_2x2,green beans,food_drink
ROW38236,4950,survey-multi-choice,12,76174,0,P1703,STUDY0009,SESS1408,forced_choice,random,fc_random,0,"{""Q0"":""none of these""}",category_organization_2x2,kefir,food_drink
ROW38237,2676,survey-multi-choice,13,78850,0,P1703,STUDY0009,SESS1408,forced_choice,random,fc_random,0,"{""Q0"":""none of these""}",category_organization_2x2,lavender,attention_check
ROW38238,5080,survey-multi-choice,17,92314,0,P1703,STUDY0009,SESS1408,forced_choice,random,fc_random,0,"{""Q0"":""color""}",category_organization_2x2,pomegranate,food_drink
ROW38239,2618,survey-multi-choice,14,81469,0,P1703,STUDY0009,SESS1408,forced_choice,random,fc_random,0,"{""Q0"":""color""}",category_organization_2x2,sun,outside
ROW38241,2784,survey-multi-choice,15,84254,0,P1703,STUDY0009,SESS1408,forced_choice,random,fc_random,0,"{""Q0"":""material""}",category_organization_2x2,brain,body_parts
ROW38240,2978,survey-multi-choice,16,87233,0,P1703,STUDY0009,SESS1408,forced_choice,random,fc_random,0,"{""Q0"":""none of these""}",category_organization_2x2,sour cream,food_drink
ROW38242,2749,survey-multi-choice,18,95064,0,P1703,STUDY0009,SESS1408,forced_choice,random,fc_random,0,"{""Q0"":""material""}",category_organization_2x2,computer,furniture_rooms
ROW38243,8791,survey-multi-choice,19,103856,0,P1703,STUDY0009,SESS1408,forced_choice,random,fc_random,0,"{""Q0"":""none of these""}",category_organization_2x2,flour,food_drink
ROW38244,5700,survey-multi-choice,20,109556,0,P1703,STUDY0009,SESS1408,forced_choice,random,fc_random,0,"{""Q0"":""none of these""}",category_organization_2x2,ice cream,food_drink
ROW38245,3950,survey-multi-choice,23,120565,0,P1703,STUDY0009,SESS1408,forced_choice,random,fc_random,0,"{""Q0"":""none of these""}",category_organization_2x2,fireplace,outside
ROW38246,2467,survey-multi-choice,21,112024,0,P1703,STUDY0009,SESS1408,forced_choice,random,fc_random,0,"{""Q0"":""color""}",category_organization_2x2,grass,outside
ROW38247,4590,survey-multi-choice,22,116614,0,P1703,STUDY0009,SESS1408,forced_choice,random,fc_random,0,"{""Q0"":""material""}",category_organization_2x2,puree,food_drink
ROW38248,4669,survey-multi-choice,24,125235,0,P1703,STUDY0009,SESS1408,forced_choice,random,fc_random,0,"{""Q0"":""none of these""}",category_organization_2x2,tuna,food_drink
ROW38249,1259,html-button-response,25,126495,0,P1703,STUDY0009,SESS1408,forced_choice,random,fc_random,0,0,,,
ROW38250,1382,instructions,26,127877,0,P1703,STUDY0009,SESS1408,forced_choice,random,fc_random,0,,,,
ROW38251,3671,html-button-response,1,5753,0,P0751,STUDY0009,SESS1435,multi_select,semantic_blocked,ms_blocked,0,0,precautions_survey,,
ROW38252,5667,html-button-response,2,11421,0,P0751,STUDY0009,SESS1435,multi_select,semantic_blocked,ms_blocked,0,0,vocabulary_classification_criteria,,
ROW38253,2073,instructions,0,2081,0,P0751,STUDY0009,SESS1435,multi_select,semantic_blocked,ms_blocked,0,,,,
ROW38254,2783,html-button-response,3,14204,0,P0751,STUDY0009,SESS1435,multi_select,semantic_blocked,ms_blocked,0,0,lavender_instruction,,
ROW38255,3614,html-button-response,4,17820,0,P0751,STUDY0009,SESS1435,multi_select,semantic_blocked,ms_blocked,0,0,category_section_intro,,toys
ROW38256,5220,survey-multi-select,5,23044,0,P0751,STUDY0009,SESS1435,multi_select,semantic_blocked,ms_blocked,0,"{""Q0"":[""shape"",""material""]}",category_organization_2x2,drum (object),toys
ROW38257,1561,html-button-response,6,24606,0,P0751,STUDY0009,SESS1435,multi_select,semantic_blocked,ms_blocked,0,0,category_section_intro,,animals
ROW38258,2921,survey-multi-select,7,27528,0,P0751,STUDY0009,SESS1435,multi_select,semantic_blocked,ms_blocked,0,"{""Q0"":[""shape""]}",category_organization_2x2,butterfly,animals
ROW38259,1947,html-button-response,9,32965,0,P0751,STUDY0009,SESS1435,multi_select,semantic_blocked,ms_blocked,0,0,category_section_intro,,clothing
ROW38260,3486,survey-multi-select,8,31016,0,P0751,STUDY0009,SESS1435,multi_select,semantic_blocked,ms_blocked,0,"{""Q0"":[""shape"",""color"",""material""]}",category_organization_2x2,wolf,animals
ROW38261,2721,survey-multi-select,10,35688,0,P0751,STUDY0009,SESS1435,multi_select,semantic_blocked,ms_blocked,0,"{""Q0"":[""shape"",""color"",""material""]}",category_organization_2x2,glove,clothing
ROW38262,2967,survey-multi-select,11,38656,0,P0751,STUDY0009,SESS1435,multi_select,semantic_blocked,ms_blocked,0,"{""Q0"":[""shape"",""color"",""material""]}",category_organization_2x2,gloves,clothing
ROW38263,2891,survey-multi-select,13,42589,0,P0751,STUDY0009,SESS1435,multi_select,semantic_blocked,ms_blocked,0,"{""Q0"":[""shape"",""color"",""material""]}",category_organization_2x2,floor,furniture_rooms
ROW38264,1039,html-button-response,12,39696,0,P0751,STUDY0009,SESS1435,multi_select,semantic_blocked,ms_blocked,0,0,category_section_intro,,furniture_rooms
ROW38265,2513,survey-multi-select,14,45103,0,P0751,STUDY0009,SESS1435,multi_select,semantic_blocked,ms_blocked,0,"{""Q0"":[""shape"",""color"",""material""]}",category_organization_2x2,stove,furniture_rooms
ROW38266,4363,survey-multi-select,16,50632,0,P0751,STUDY0009,SESS1435,multi_select,semantic_blocked,ms_blocked,0,"{""Q0"":[""shape"",""color"",""material""]}",category_organization_2x2,applesauce,food_drink
ROW38267,2151,survey-multi-select,17,52785,0,P0751,STUDY0009,SESS1435,multi_select,semantic_blocked,ms_blocked,0,"{""Q0"":[""shape"",""color"",""material""]}",category_organization_2x2,biscuit,food_drink
ROW38268,1164,html-button-response,15,46268,0,P0751,STUDY0009,SESS1435,multi_select,semantic_blocked,ms_blocked,0,0,category_section_intro,,food_drink
ROW38269,2992,survey-multi-select,18,55779,0,P0751,STUDY0009,SESS1435,multi_select,semantic_blocked,ms_blocked,0,"{""Q0"":[""shape"",""color"",""material""]}",category_organization_2x2,eggplant,food_drink
ROW38270,2555,survey-multi-select,19,58336,0,P0751,STUDY0009,SESS1435,multi_select,semantic_blocked,ms_blocked,0,"{""Q0"":[""shape"",""color"",""material""]}",category_organization_2x2,olive,food_drink
ROW38271,1018,html-button-response,20,59356,0,P0751,STUDY0009,SESS1435,multi_select,semantic_blocked,ms_blocked,0,0,category_section_intro,,body_parts
ROW38272,4366,survey-multi-select,21,63724,0,P0751,STUDY0009,SESS1435,multi_select,semantic_blocked,ms_blocked,0,"{""Q0"":[""shape"",""material""]}",category_organization_2x2,mouth,body_parts
ROW38273,3265,survey-multi-select,22,66991,0,P0751,STUDY0009,SESS1435,multi_select,semantic_blocked,ms_blocked,0,"{""Q0"":[""shape"",""color"",""material""]}",category_organization_2x2,palm,body_parts
ROW38274,2376,survey-multi-select,23,69370,0,P0751,STUDY0009,SESS1435,multi_select,semantic_blocked,ms_blocked,0,"{""Q0"":[""shape"",""color"",""material""]}",category_organization_2x2,vagina,body_parts
ROW38275,897,html-button-response,24,70268,0,P0751,STUDY0009,SESS1435,multi_select,semantic_blocked,ms_blocked,0,0,category_section_intro,,household
ROW38276,3502,survey-multi-select,25,73772,0,P0751,STUDY0009,SESS1435,multi_select,semantic_blocked,ms_blocked,0,"{""Q0"":[""shape"",""color"",""material""]}",category_organization_2x2,broom,household
ROW38277,2399,survey-multi-select,26,76173,0,P0751,STUDY0009,SESS1435,multi_select,semantic_blocked,ms_blocked,0,"{""Q0"":[""shape"",""color"",""material""]}",category_organization_2x2,broom,household
ROW38278,2777,survey-multi-select,28,81945,0,P0751,STUDY0009,SESS1435,multi_select,semantic_blocked,ms_blocked,0,"{""Q0"":[""shape"",""color"",""material""]}",category_organization_2x2,lamp,household
ROW38279,2992,survey-multi-select,27,79167,0,P0751,STUDY0009,SESS1435,multi_select,semantic_blocked,ms_blocked,0,"{""Q0"":[""shape"",""color"",""material""]}",category_organization_2x2,camera,household
ROW38280,2089,survey-multi-select,29,84036,0,P0751,STUDY0009,SESS1435,multi_select,semantic_blocked,ms_blocked,0,"{""Q0"":[""shape"",""color"",""material""]}",category_organization_2x2,plate,household
ROW38281,1361,html-button-response,30,85400,0,P0751,STUDY0009,SESS1435,multi_select,semantic_blocked,ms_blocked,0,0,category_section_intro,,other
ROW38282,3945,survey-multi-select,31,89348,0,P0751,STUDY0009,SESS1435,multi_select,semantic_blocked,ms_blocked,0,"{""Q0"":[""shape"",""color"",""material""]}",category_organization_2x2,panther,other
ROW38283,1938,survey-multi-select,32,91288,0,P0751,STUDY0009,SESS1435,multi_select,semantic_blocked,ms_blocked,0,"{""Q0"":[""none of these""]}",category_organization_2x2,lavender,attention_check
ROW38284,9990,instructions,34,102075,0,P0751,STUDY0009,SESS1435,multi_select,semantic_blocked,ms_blocked,0,,,,
ROW38285,795,html-button-response,33,92084,0,P0751,STUDY0009,SESS1435,multi_select,semantic_blocked,ms_blocked,0,0,,,
ROW38286,2818,html-button-response,1,6490,0,P1895,STUDY0009,SESS1411,forced_choice,random,fc_random,0,0,precautions_survey,,
ROW38287,3659,instructions,0,3663,0,P1895,STUDY0009,SESS1411,forced_choice,random,fc_random,0,,,,
ROW38288,13962,html-button-response,2,20458,0,P1895,STUDY0009,SESS1411,forced_choice,random,fc_random,0,0,vocabulary_classification_criteria,,
ROW38289,15332,survey-multi-choice,5,48949,0,P1895,STUDY0009,SESS1411,forced_choice,random,fc_random,0,"{""Q0"":""none of these""}",category_organization_2x2,bread,food_drink
ROW38290,6949,survey-multi-choice,6,55903,0,P1895,STUDY0009,SESS1411,forced_choice,random,fc_random,0,"{""Q0"":""shape""}",category_organization_2x2,bell,toys
ROW38291,4062,html-button-response,3,24525,0,P1895,STUDY0009,SESS1411,forced_choice,random,fc_random,0,0,lavender_instruction,,
ROW38292,9082,survey-multi-choice,4,33614,0,P1895,STUDY0009,SESS1411,forced_choice,random,fc_random,0,"{""Q0"":""shape""}",category_organization_2x2,meatball,food_drink
ROW38293,3955,survey-multi-choice,7,59865,0,P1895,STUDY0009,SESS1411,forced_choice,random,fc_random,0,"{""Q0"":""material""}",category_organization_2x2,bug,animals
ROW38294,3214,survey-multi-choice,8,63086,0,P1895,STUDY0009,SESS1411,forced_choice,random,fc_random,0,"{""Q0"":""material""}",category_organization_2x2,bug,animals
ROW38295,6387,survey-multi-choice,10,74156,0,P1895,STUDY0009,SESS1411,forced_choice,random,fc_random,0,"{""Q0"":""none of these""}",category_organization_2x2,sheep,animals
ROW38296,4673,survey-multi-choice,9,67763,0,P1895,STUDY0009,SESS1411,forced_choice,random,fc_random,0,"{""Q0"":""none of these""}",category_organization_2x2,kimchi,food_drink
ROW38297,3755,instructions,0,3762,0,P1773,STUDY0009,SESS1414,multi_select,semantic_blocked,ms_blocked,0,,,,
ROW38298,8727,html-button-response,1,12493,0,P1773,STUDY0009,SESS1414,multi_select,semantic_blocked,ms_blocked,0,0,precautions_survey,,
ROW38299,12140,html-button-response,2,24637,0,P1773,STUDY0009,SESS1414,multi_select,semantic_blocked,ms_blocked,0,0,vocabulary_classification_criteria,,
ROW38300,4262,html-button-response,3,28902,0,P1773,STUDY0009,SESS1414,multi_select,semantic_blocked,ms_blocked,0,0,lavender_instruction,,
ROW38301,6894,html-button-response,4,35799,0,P1773,STUDY0009,SESS1414,multi_select,semantic_blocked,ms_blocked,0,0,category_section_intro,,animals
ROW38302,9920,survey-multi-select,5,45728,0,P1773,STUDY0009,SESS1414,multi_select,semantic_blocked,ms_blocked,0,"{""Q0"":[""none of these""]}",category_organization_2x2,cow,animals
ROW38303,9780,html-button-response,2,17643,0,P0400,STUDY0009,SESS1406,multi_select,semantic_blocked,ms_blocked,0,0,vocabulary_classification_criteria,,
ROW38304,3000,instructions,0,3002,0,P0400,STUDY0009,SESS1406,multi_select,semantic_blocked,ms_blocked,0,,,,
ROW38305,10205,survey-multi-select,5,36180,0,P0400,STUDY0009,SESS1406,multi_select,semantic_blocked,ms_blocked,0,"{""Q0"":[""none of these""]}",category_organization_2x2,wolf,animals
ROW38306,4855,html-button-response,1,7861,0,P0400,STUDY0009,SESS1406,multi_select,semantic_blocked,ms_blocked,0,0,precautions_survey,,
ROW38307,4209,html-button-response,3,21853,0,P0400,STUDY0009,SESS1406,multi_select,semantic_blocked,ms_blocked,0,0,lavender_instruction,,
ROW38308,4116,html-button-response,4,25970,0,P0400,STUDY0009,SESS1406,multi_select,semantic_blocked,ms_blocked,0,0,category_section_intro,,animals
ROW38309,9098,survey-multi-select,8,56112,0,P0400,STUDY0009,SESS1406,multi_select,semantic_blocked,ms_blocked,0,"{""Q0"":[""shape"",""material""]}",category_organization_2x2,computer,furniture_rooms
ROW38310,5944,survey-multi-select,6,42128,0,P0400,STUDY0009,SESS1406,multi_select,semantic_blocked,ms_blocked,0,"{""Q0"":[""color""]}",category_organization_2x2,zebra,animals
ROW38311,4882,html-button-response,7,47012,0,P0400,STUDY0009,SESS1406,multi_select,semantic_blocked,ms_blocked,0,0,category_section_intro,,furniture_rooms
ROW38312,1866,html-button-response,9,57978,0,P0400,STUDY0009,SESS1406,multi_select,semantic_blocked,ms_blocked,0,0,category_section_intro,,food_drink
ROW38313,7328,survey-multi-select,10,65309,0,P0400,STUDY0009,SESS1406,multi_select,semantic_blocked,ms_blocked,0,"{""Q0"":[""shape"",""color""]}",category_organization_2x2,carrot,food_drink
ROW38314,3941,survey-multi-select,11,69251,0,P0400,STUDY0009,SESS1406,multi_select,semantic_blocked,ms_blocked,0,"{""Q0"":[""shape"",""color""]}",category_organization_2x2,cucumber,food_drink
ROW38315,3280,survey-multi-select,13,76413,0,P0400,STUDY0009,SESS1406,multi_select,semantic_blocked,ms_blocked,0,"{""Q0"":[""color""]}",category_organization_2x2,green beans,food_drink
ROW38316,3877,survey-multi-select,12,73131,0,P0400,STUDY0009,SESS1406,multi_select,semantic_blocked,ms_blocked,0,"{""Q0"":[""material""]}",category_organization_2x2,flour,food_drink
ROW38317,3706,survey-multi-select,14,80123,0,P0400,STUDY0009,SESS1406,multi_select,semantic_blocked,ms_blocked,0,"{""Q0"":[""none of these""]}",category_organization_2x2,ice cream,food_drink
ROW38318,4218,survey-multi-select,15,84342,0,P0400,STUDY0009,SESS1406,multi_select,semantic_blocked,ms_blocked,0,"{""Q0"":[""none of these""]}",category_organization_2x2,kefir,food_drink
ROW38319,6197,survey-multi-select,17,94777,0,P0400,STUDY0009,SESS1406,multi_select,semantic_blocked,ms_blocked,0,"{""Q0"":[""material""]}",category_organization_2x2,puree,food_drink
ROW38320,4231,survey-multi-select,16,88577,0,P0400,STUDY0009,SESS1406,multi_select,semantic_blocked,ms_blocked,0,"{""Q0"":[""color""]}",category_organization_2x2,pomegranate,food_drink
ROW38321,3836,survey-multi-select,18,98615,0,P0400,STUDY0009,SESS1406,multi_select,semantic_blocked,ms_blocked,0,"{""Q0"":[""shape""]}",category_organization_2x2,sausage,food_drink
ROW38322,3479,survey-multi-select,19,102095,0,P0400,STUDY0009,SESS1406,multi_select,semantic_blocked,ms_blocked,0,"{""Q0"":[""none of these""]}",category_organization_2x2,sour cream,food_drink
ROW38323,3885,survey-multi-select,20,105982,0,P0400,STUDY0009,SESS1406,multi_select,semantic_blocked,ms_blocked,0,"{""Q0"":[""none of these""]}",category_organization_2x2,tuna,food_drink
ROW38325,2753,html-button-response,21,108737,0,P0400,STUDY0009,SESS1406,multi_select,semantic_blocked,ms_blocked,0,0,category_section_intro,,body_parts
ROW38324,4564,survey-multi-select,22,113304,0,P0400,STUDY0009,SESS1406,multi_select,semantic_blocked,ms_blocked,0,"{""Q0"":[""shape""]}",category_organization_2x2,body,body_parts
ROW38326,2935,survey-multi-select,23,116241,0,P0400,STUDY0009,SESS1406,multi_select,semantic_blocked,ms_blocked,0,"{""Q0"":[""shape"",""color""]}",category_organization_2x2,brain,body_parts
ROW38327,7954,instructions,0,7958,0,P1543,STUDY0009,SESS1386,forced_choice,semantic_blocked,fc_blocked,0,,,,
ROW38328,1619,html-button-response,24,117861,0,P0400,STUDY0009,SESS1406,multi_select,semantic_blocked,ms_blocked,0,0,category_section_intro,,outside
ROW38329,3848,survey-multi-select,25,121712,0,P0400,STUDY0009,SESS1406,multi_select,semantic_blocked,ms_blocked,0,"{""Q0"":[""color""]}",category_organization_2x2,fireplace,outside
ROW38330,2667,survey-multi-select,26,124382,0,P0400,STUDY0009,SESS1406,multi_select,semantic_blocked,ms_blocked,0,"{""Q0"":[""color""]}",category_organization_2x2,grass,outside
ROW38331,3447,survey-multi-select,27,127830,0,P0400,STUDY0009,SESS1406,multi_select,semantic_blocked,ms_blocked,0,"{""Q0"":[""shape"",""color""]}",category_organization_2x2,sun,outside
ROW38332,3359,survey-multi-select,28,131191,0,P0400,STUDY0009,SESS1406,multi_select,semantic_blocked,ms_blocked,0,"{""Q0"":[""shape"",""color""]}",category_organization_2x2,waves,outside
ROW38333,2465,survey-multi-select,29,133659,0,P0400,STUDY0009,SESS1406,multi_select,semantic_blocked,ms_blocked,0,"{""Q0"":[""none of these""]}",category_organization_2x2,lavender,attention_check
ROW38334,21608,html-button-response,1,29570,0,P1543,STUDY0009,SESS1386,forced_choice,semantic_blocked,fc_blocked,0,0,precautions_survey,,
ROW38335,4281,html-button-response,2,33854,0,P1543,STUDY0009,SESS1386,forced_choice,semantic_blocked,fc_blocked,0,0,vocabulary_classification_criteria,,
ROW38336,4531,html-button-response,3,38388,0,P1543,STUDY0009,SESS1386,forced_choice,semantic_blocked,fc_blocked,0,0,lavender_instruction,,
ROW38337,974,html-button-response,30,134634,0,P0400,STUDY0009,SESS1406,multi_select,semantic_blocked,ms_blocked,0,0,,,
ROW38338,1531,html-button-response,4,39921,0,P1543,STUDY0009,SESS1386,forced_choice,semantic_blocked,fc_blocked,0,0,category_section_intro,,vehicles
ROW38339,2527,instructions,31,137162,0,P0400,STUDY0009,SESS1406,multi_select,semantic_blocked,ms_blocked,0,,,,
ROW38340,5594,survey-multi-choice,5,45521,0,P1543,STUDY0009,SESS1386,forced_choice,semantic_blocked,fc_blocked,0,"{""Q0"":""material""}",category_organization_2x2,bicycle,vehicles
ROW38341,8075,html-button-response,6,53598,0,P1543,STUDY0009,SESS1386,forced_choice,semantic_blocked,fc_blocked,0,0,category_section_intro,,animals
ROW38342,11232,survey-multi-choice,7,64833,0,P1543,STUDY0009,SESS1386,forced_choice,semantic_blocked,fc_blocked,0,"{""Q0"":""none of these""}",category_organization_2x2,camel,animals
ROW38343,4912,survey-multi-choice,8,69748,0,P1543,STUDY0009,SESS1386,forced_choice,semantic_blocked,fc_blocked,0,"{""Q0"":""none of these""}",category_organization_2x2,fly (animal),animals
ROW38344,6762,survey-multi-choice,9,76514,0,P1543,STUDY0009,SESS1386,forced_choice,semantic_blocked,fc_blocked,0,"{""Q0"":""shape""}",category_organization_2x2,seal (animal),animals
ROW38345,3012,survey-multi-choice,10,79529,0,P1543,STUDY0009,SESS1386,forced_choice,semantic_blocked,fc_blocked,0,"{""Q0"":""none of these""}",category_organization_2x2,turtle,animals
ROW38346,5047,html-button-response,11,84578,0,P1543,STUDY0009,SESS1386,forced_choice,semantic_blocked,fc_blocked,0,0,category_section_intro,,clothing
ROW38347,4388,survey-multi-choice,12,88969,0,P1543,STUDY0009,SESS1386,forced_choice,semantic_blocked,fc_blocked,0,"{""Q0"":""material""}",category_organization_2x2,overalls,clothing
ROW38348,1976,survey-multi-choice,13,90948,0,P1543,STUDY0009,SESS1386,forced_choice,semantic_blocked,fc_blocked,0,"{""Q0"":""material""}",category_organization_2x2,pants,clothing
ROW38349,3343,html-button-response,14,94293,0,P1543,STUDY0009,SESS1386,forced_choice,semantic_blocked,fc_blocked,0,0,category_section_intro,,furniture_rooms
ROW38350,3465,survey-multi-choice,15,97761,0,P1543,STUDY0009,SESS1386,forced_choice,semantic_blocked,fc_blocked,0,"{""Q0"":""color""}",category_organization_2x2,tv,furniture_rooms
ROW38351,3704,html-button-response,16,101467,0,P1543,STUDY0009,SESS1386,forced_choice,semantic_blocked,fc_blocked,0,0,category_section_intro,,food_drink
ROW38352,2938,survey-multi-choice,17,104408,0,P1543,STUDY0009,SESS1386,forced_choice,semantic_blocked,fc_blocked,0,"{""Q0"":""none of these""}",category_organization_2x2,bread,food_drink
ROW38353,4196,survey-multi-choice,18,108607,0,P1543,STUDY0009,SESS1386,forced_choice,semantic_blocked,fc_blocked,0,"{""Q0"":""none of these""}",category_organization_2x2,hamburger,food_drink
ROW38354,3605,survey-multi-choice,19,112215,0,P1543,STUDY0009,SESS1386,forced_choice,semantic_blocked,fc_blocked,0,"{""Q0"":""none of these""}",category_organization_2x2,popcorn,food_drink
ROW38355,4711,survey-multi-choice,21,118673,0,P1543,STUDY0009,SESS1386,forced_choice,semantic_blocked,fc_blocked,0,"{""Q0"":""none of these""}",category_organization_2x2,ankle,body_parts
ROW38356,1743,html-button-response,20,113960,0,P1543,STUDY0009,SESS1386,forced_choice,semantic_blocked,fc_blocked,0,0,category_section_intro,,body_parts
ROW38357,3660,survey-multi-choice,22,122336,0,P1543,STUDY0009,SESS1386,forced_choice,semantic_blocked,fc_blocked,0,"{""Q0"":""shape""}",category_organization_2x2,back (body part),body_parts
ROW38358,1512,html-button-response,23,123851,0,P1543,STUDY0009,SESS1386,forced_choice,semantic_blocked,fc_blocked,0,0,category_section_intro,,household
ROW38359,4790,survey-multi-choice,24,128642,0,P1543,STUDY0009,SESS1386,forced_choice,semantic_blocked,fc_blocked,0,"{""Q0"":""color""}",category_organization_2x2,cd,household
ROW38360,2295,survey-multi-choice,27,135180,0,P1543,STUDY0009,SESS1386,forced_choice,semantic_blocked,fc_blocked,0,"{""Q0"":""material""}",category_organization_2x2,wallet,household
ROW38361,2079,survey-multi-choice,25,130724,0,P1543,STUDY0009,SESS1386,forced_choice,semantic_blocked,fc_blocked,0,"{""Q0"":""material""}",category_organization_2x2,clock,household
ROW38362,2379,html-button-response,28,137560,0,P1543,STUDY0009,SESS1386,forced_choice,semantic_blocked,fc_blocked,0,0,category_section_intro,,other
ROW38363,2156,survey-multi-choice,26,132883,0,P1543,STUDY0009,SESS1386,forced_choice,semantic_blocked,fc_blocked,0,"{""Q0"":""material""}",category_organization_2x2,cotton,household
ROW38364,3547,survey-multi-choice,29,141110,0,P1543,STUDY0009,SESS1386,forced_choice,semantic_blocked,fc_blocked,0,"{""Q0"":""none of these""}",category_organization_2x2,basement,other
ROW38365,3465,survey-multi-choice,30,144579,0,P1543,STUDY0009,SESS1386,forced_choice,semantic_blocked,fc_blocked,0,"{""Q0"":""none of these""}",category_organization_2x2,beef,other
ROW38366,4194,instructions,0,4195,0,P1162,STUDY0009,SESS1383,forced_choice,random,fc_random,0,,,,
ROW38367,4682,html-button-response,3,16354,0,P1162,STUDY0009,SESS1383,forced_choice,random,fc_random,0,0,lavender_instruction,,
ROW38368,8300,survey-multi-choice,4,24655,0,P1162,STUDY0009,SESS1383,forced_choice,random,fc_random,0,"{""Q0"":""material""}",category_organization_2x2,glass,household
ROW38369,2739,html-button-response,1,6935,0,P1162,STUDY0009,SESS1383,forced_choice,random,fc_random,0,0,precautions_survey,,
ROW38370,4737,html-button-response,2,11672,0,P1162,STUDY0009,SESS1383,forced_choice,random,fc_random,0,0,vocabulary_classification_criteria,,
ROW38371,9379,survey-multi-choice,5,34034,0,P1162,STUDY0009,SESS1383,forced_choice,random,fc_random,0,"{""Q0"":""shape""}",category_organization_2x2,basement,other
ROW38372,2495,survey-multi-choice,31,147076,0,P1543,STUDY0009,SESS1386,forced_choice,semantic_blocked,fc_blocked,0,"{""Q0"":""none of these""}",category_organization_2x2,yum yum,other
ROW38373,2335,survey-multi-choice,32,149413,0,P1543,STUDY0009,SESS1386,forced_choice,semantic_blocked,fc_blocked,0,"{""Q0"":""none of these""}",category_organization_2x2,lavender,attention_check
ROW38374,950,html-button-response,33,150365,0,P1543,STUDY0009,SESS1386,forced_choice,semantic_blocked,fc_blocked,0,0,,,
ROW38375,4853,instructions,34,155219,0,P1543,STUDY0009,SESS1386,forced_choice,semantic_blocked,fc_blocked,0,,,,
ROW38376,2954,html-button-response,1,6970,0,P1249,STUDY0009,SESS1420,forced_choice,semantic_blocked,fc_blocked,0,0,precautions_survey,,
ROW38377,6072,html-button-response,3,23544,0,P1249,STUDY0009,SESS1420,forced_choice,semantic_blocked,fc_blocked,0,0,lavender_instruction,,
ROW38378,3991,instructions,0,4009,0,P1249,STUDY0009,SESS1420,forced_choice,semantic_blocked,fc_blocked,0,,,,
ROW38379,10500,html-button-response,2,17471,0,P1249,STUDY0009,SESS1420,forced_choice,semantic_blocked,fc_blocked,0,0,vocabulary_classification_criteria,,
ROW38380,5015,html-button-response,4,28560,0,P1249,STUDY0009,SESS1420,forced_choice,semantic_blocked,fc_blocked,0,0,category_section_intro,,vehicles
ROW38381,7123,survey-multi-choice,5,35687,0,P1249,STUDY0009,SESS1420,forced_choice,semantic_blocked,fc_blocked,0,"{""Q0"":""shape""}",category_organization_2x2,tricycle,vehicles
ROW38382,3140,survey-multi-choice,6,37175,0,P1162,STUDY0009,SESS1383,forced_choice,random,fc_random,0,"{""Q0"":""shape""}",category_organization_2x2,headband,clothing
ROW38383,2969,survey-multi-choice,7,40144,0,P1162,STUDY0009,SESS1383,forced_choice,random,fc_random,0,"{""Q0"":""material""}",category_organization_2x2,umbrella,outside
ROW38384,2750,survey-multi-choice,8,42895,0,P1162,STUDY0009,SESS1383,forced_choice,random,fc_random,0,"{""Q0"":""shape""}",category_organization_2x2,body,body_parts
ROW38385,3284,survey-multi-choice,9,46179,0,P1162,STUDY0009,SESS1383,forced_choice,random,fc_random,0,"{""Q0"":""material""}",category_organization_2x2,digger,vehicles
ROW38386,2774,survey-multi-choice,10,48954,0,P1162,STUDY0009,SESS1383,forced_choice,random,fc_random,0,"{""Q0"":""color""}",category_organization_2x2,clam,animals
ROW38387,2285,survey-multi-choice,11,51239,0,P1162,STUDY0009,SESS1383,forced_choice,random,fc_random,0,"{""Q0"":""material""}",category_organization_2x2,robot,toys
ROW38388,2240,survey-multi-choice,12,53479,0,P1162,STUDY0009,SESS1383,forced_choice,random,fc_random,0,"{""Q0"":""material""}",category_organization_2x2,tablecloth,furniture_rooms
ROW38389,4179,survey-multi-choice,13,57659,0,P1162,STUDY0009,SESS1383,forced_choice,random,fc_random,0,"{""Q0"":""material""}",category_organization_2x2,rain,outside
ROW38390,2930,survey-multi-choice,14,60590,0,P1162,STUDY0009,SESS1383,forced_choice,random,fc_random,0,"{""Q0"":""shape""}",category_organization_2x2,chickpea,food_drink
ROW38392,3040,survey-multi-choice,15,63630,0,P1162,STUDY0009,SESS1383,forced_choice,random,fc_random,0,"{""Q0"":""shape""}",category_organization_2x2,fly (animal),animals
ROW38391,3495,survey-multi-choice,16,67125,0,P1162,STUDY0009,SESS1383,forced_choice,random,fc_random,0,"{""Q0"":""material""}",category_organization_2x2,cell phone,household
ROW38393,2304,survey-multi-choice,17,69430,0,P1162,STUDY0009,SESS1383,forced_choice,random,fc_random,0,"{""Q0"":""shape""}",category_organization_2x2,ambulance,vehicles
ROW38394,3033,html-button-response,6,38722,0,P1249,STUDY0009,SESS1420,forced_choice,semantic_blocked,fc_blocked,0,0,category_section_intro,,toys
ROW38395,3809,survey-multi-choice,7,42532,0,P1249,STUDY0009,SESS1420,forced_choice,semantic_blocked,fc_blocked,0,"{""Q0"":""color""}",category_organization_2x2,chalk,toys
ROW38396,3745,survey-multi-choice,10,53052,0,P1249,STUDY0009,SESS1420,forced_choice,semantic_blocked,fc_blocked,0,"{""Q0"":""shape""}",category_organization_2x2,caterpillar,animals
ROW38397,1284,html-button-response,8,43817,0,P1249,STUDY0009,SESS1420,forced_choice,semantic_blocked,fc_blocked,0,0,category_section_intro,,animals
ROW38398,5486,survey-multi-choice,9,49305,0,P1249,STUDY0009,SESS1420,forced_choice,semantic_blocked,fc_blocked,0,"{""Q0"":""shape""}",category_organization_2x2,calf,animals
ROW38399,3011,survey-multi-choice,11,56065,0,P1249,STUDY0009,SESS1420,forced_choice,semantic_blocked,fc_blocked,0,"{""Q0"":""shape""}",category_organization_2x2,crow,animals
ROW38401,3029,survey-multi-choice,19,74484,0,P1162,STUDY0009,SESS1383,forced_choice,random,fc_random,0,"{""Q0"":""shape""}",category_organization_2x2,rice,food_drink
ROW38402,3840,survey-multi-choice,20,78325,0,P1162,STUDY0009,SESS1383,forced_choice,random,fc_random,0,"{""Q0"":""shape""}",category_organization_2x2,liver (food),food_drink
ROW38403,2765,survey-multi-choice,22,84654,0,P1162,STUDY0009,SESS1383,forced_choice,random,fc_random,0,"{""Q0"":""shape""}",category_organization_2x2,panda,animals
ROW38400,2024,survey-multi-choice,18,71454,0,P1162,STUDY0009,SESS1383,forced_choice,random,fc_random,0,"{""Q0"":""color""}",category_organization_2x2,marker,toys
ROW38404,3564,survey-multi-choice,21,81889,0,P1162,STUDY0009,SESS1383,forced_choice,random,fc_random,0,"{""Q0"":""color""}",category_organization_2x2,strawberry,food_drink
ROW38405,2010,survey-multi-choice,23,86665,0,P1162,STUDY0009,SESS1383,forced_choice,random,fc_random,0,"{""Q0"":""none of these""}",category_organization_2x2,lavender,attention_check
ROW38406,2977,survey-multi-choice,12,59043,0,P1249,STUDY0009,SESS1420,forced_choice,semantic_blocked,fc_blocked,0,"{""Q0"":""shape""}",category_organization_2x2,snail,animals
ROW38407,3591,survey-multi-choice,14,64959,0,P1249,STUDY0009,SESS1420,forced_choice,semantic_blocked,fc_blocked,0,"{""Q0"":""shape""}",category_organization_2x2,button,clothing
ROW38409,2068,html-button-response,15,67029,0,P1249,STUDY0009,SESS1420,forced_choice,semantic_blocked,fc_blocked,0,0,category_section_intro,,furniture_rooms
ROW38408,2323,html-button-response,13,61368,0,P1249,STUDY0009,SESS1420,forced_choice,semantic_blocked,fc_blocked,0,0,category_section_intro,,clothing
ROW38410,4135,survey-multi-choice,16,71165,0,P1249,STUDY0009,SESS1420,forced_choice,semantic_blocked,fc_blocked,0,"{""Q0"":""material""}",category_organization_2x2,toilet,furniture_rooms
ROW38411,1358,html-button-response,17,72524,0,P1249,STUDY0009,SESS1420,forced_choice,semantic_blocked,fc_blocked,0,0,category_section_intro,,food_drink
ROW38412,4235,survey-multi-choice,24,90900,0,P1162,STUDY0009,SESS1383,forced_choice,random,fc_random,0,"{""Q0"":""material""}",category_organization_2x2,hat,clothing
ROW38413,71249,html-button-response,25,162150,0,P1162,STUDY0009,SESS1383,forced_choice,random,fc_random,0,0,,,
ROW38414,2179,instructions,26,164330,0,P1162,STUDY0009,SESS1383,forced_choice,random,fc_random,0,,,,
ROW38415,3157,survey-multi-choice,18,75682,0,P1249,STUDY0009,SESS1420,forced_choice,semantic_blocked,fc_blocked,0,"{""Q0"":""color""}",category_organization_2x2,corn,food_drink
ROW38416,2906,survey-multi-choice,19,78590,0,P1249,STUDY0009,SESS1420,forced_choice,semantic_blocked,fc_blocked,0,"{""Q0"":""color""}",category_organization_2x2,pumpkin,food_drink
ROW38417,3170,survey-multi-choice,20,81762,0,P1249,STUDY0009,SESS1420,forced_choice,semantic_blocked,fc_blocked,0,"{""Q0"":""color""}",category_organization_2x2,scallion,food_drink
ROW38418,3110,survey-multi-choice,21,84874,0,P1249,STUDY0009,SESS1420,forced_choice,semantic_blocked,fc_blocked,0,"{""Q0"":""color""}",category_organization_2x2,scallion,food_drink
ROW38419,1247,html-button-response,22,86121,0,P1249,STUDY0009,SESS1420,forced_choice,semantic_blocked,fc_blocked,0,0,category_section_intro,,household
ROW38420,4032,survey-multi-choice,23,90154,0,P1249,STUDY0009,SESS1420,forced_choice,semantic_blocked,fc_blocked,0,"{""Q0"":""shape""}",category_organization_2x2,box,household
ROW38421,3348,survey-multi-choice,24,93503,0,P1249,STUDY0009,SESS1420,forced_choice,semantic_blocked,fc_blocked,0,"{""Q0"":""color""}",category_organization_2x2,cotton,household
ROW38422,5867,instructions,0,5868,0,P1714,STUDY0009,SESS1429,forced_choice,random,fc_random,0,,,,
ROW38423,4159,html-button-response,1,10028,0,P1714,STUDY0009,SESS1429,forced_choice,random,fc_random,0,0,precautions_survey,,
ROW38424,5601,html-button-response,2,15630,0,P1714,STUDY0009,SESS1429,forced_choice,random,fc_random,0,0,vocabulary_classification_criteria,,
ROW38425,2805,html-button-response,3,18436,0,P1714,STUDY0009,SESS1429,forced_choice,random,fc_random,0,0,lavender_instruction,,
ROW38426,14797,survey-multi-choice,4,33234,0,P1714,STUDY0009,SESS1429,forced_choice,random,fc_random,0,"{""Q0"":""color""}",category_organization_2x2,rainbow,other
ROW38427,4393,survey-multi-choice,5,37628,0,P1714,STUDY0009,SESS1429,forced_choice,random,fc_random,0,"{""Q0"":""none of these""}",category_organization_2x2,chili,food_drink
ROW38428,3665,survey-multi-choice,6,41294,0,P1714,STUDY0009,SESS1429,forced_choice,random,fc_random,0,"{""Q0"":""none of these""}",category_organization_2x2,bed,furniture_rooms
ROW38429,6313,survey-multi-choice,7,47608,0,P1714,STUDY0009,SESS1429,forced_choice,random,fc_random,0,"{""Q0"":""none of these""}",category_organization_2x2,sausage,food_drink
ROW38430,8899,survey-multi-choice,8,56508,0,P1714,STUDY0009,SESS1429,forced_choice,random,fc_random,0,"{""Q0"":""shape""}",category_organization_2x2,purse,household
ROW38431,4595,survey-multi-choice,9,61104,0,P1714,STUDY0009,SESS1429,forced_choice,random,fc_random,0,"{""Q0"":""none of these""}",category_organization_2x2,air conditioner,furniture_rooms
ROW38432,3415,survey-multi-choice,11,67396,0,P1714,STUDY0009,SESS1429,forced_choice,random,fc_random,0,"{""Q0"":""none of these""}",category_organization_2x2,beetle,animals
ROW38433,2876,survey-multi-choice,10,63980,0,P1714,STUDY0009,SESS1429,forced_choice,random,fc_random,0,"{""Q0"":""shape""}",category_organization_2x2,muffin,food_drink
ROW38434,5571,survey-multi-choice,25,99076,0,P1249,STUDY0009,SESS1420,forced_choice,semantic_blocked,fc_blocked,0,"{""Q0"":""shape""}",category_organization_2x2,nail (object),household
ROW38435,3848,survey-multi-choice,26,102925,0,P1249,STUDY0009,SESS1420,forced_choice,semantic_blocked,fc_blocked,0,"{""Q0"":""material""}",category_organization_2x2,paper,household
ROW38437,3984,survey-multi-choice,27,106910,0,P1249,STUDY0009,SESS1420,forced_choice,semantic_blocked,fc_blocked,0,"{""Q0"":""shape""}",category_organization_2x2,wallet,household
ROW38436,1242,html-button-response,28,108154,0,P1249,STUDY0009,SESS1420,forced_choice,semantic_blocked,fc_blocked,0,0,category_section_intro,,outside
ROW38439,2754,survey-multi-choice,29,110909,0,P1249,STUDY0009,SESS1420,forced_choice,semantic_blocked,fc_blocked,0,"{""Q0"":""shape""}",category_organization_2x2,earth,outside
ROW38438,1682,html-button-response,30,112592,0,P1249,STUDY0009,SESS1420,forced_choice,semantic_blocked,fc_blocked,0,0,category_section_intro,,other
ROW38440,8491,survey-multi-choice,12,75887,0,P1714,STUDY0009,SESS1429,forced_choice,random,fc_random,0,"{""Q0"":""shape""}",category_organization_2x2,hanger,household
ROW38441,3359,survey-multi-choice,13,79247,0,P1714,STUDY0009,SESS1429,forced_choice,random,fc_random,0,"{""Q0"":""shape""}",category_organization_2x2,vest,clothing
ROW38442,5233,survey-multi-choice,14,84481,0,P1714,STUDY0009,SESS1429,forced_choice,random,fc_random,0,"{""Q0"":""material""}",category_organization_2x2,tuna,food_drink
ROW38443,4566,survey-multi-choice,15,89047,0,P1714,STUDY0009,SESS1429,forced_choice,random,fc_random,0,"{""Q0"":""shape""}",category_organization_2x2,pill,household
ROW38444,1641,survey-multi-choice,16,90689,0,P1714,STUDY0009,SESS1429,forced_choice,random,fc_random,0,"{""Q0"":""none of these""}",category_organization_2x2,lavender,attention_check
ROW38445,4471,survey-multi-choice,17,95161,0,P1714,STUDY0009,SESS1429,forced_choice,random,fc_random,0,"{""Q0"":""shape""}",category_organization_2x2,cockroach,animals
ROW38446,3385,survey-multi-choice,31,115977,0,P1249,STUDY0009,SESS1420,forced_choice,semantic_blocked,fc_blocked,0,"{""Q0"":""color""}",category_organization_2x2,panther,other
ROW38447,4833,survey-multi-choice,32,120812,0,P1249,STUDY0009,SESS1420,forced_choice,semantic_blocked,fc_blocked,0,"{""Q0"":""none of these""}",category_organization_2x2,suburb,other
ROW38448,2444,survey-multi-choice,33,123258,0,P1249,STUDY0009,SESS1420,forced_choice,semantic_blocked,fc_blocked,0,"{""Q0"":""none of these""}",category_organization_2x2,lavender,attention_check
ROW38449,1353,html-button-response,34,124612,0,P1249,STUDY0009,SESS1420,forced_choice,semantic_blocked,fc_blocked,0,0,,,
ROW38450,3149,survey-multi-choice,18,98311,0,P1714,STUDY0009,SESS1429,forced_choice,random,fc_random,0,"{""Q0"":""shape""}",category_organization_2x2,police car,vehicles
ROW38451,3576,instructions,35,128189,0,P1249,STUDY0009,SESS1420,forced_choice,semantic_blocked,fc_blocked,0,,,,
ROW38452,4261,survey-multi-choice,19,102573,0,P1714,STUDY0009,SESS1429,forced_choice,random,fc_random,0,"{""Q0"":""shape""}",category_organization_2x2,bug,animals
ROW38453,3484,survey-multi-choice,20,106057,0,P1714,STUDY0009,SESS1429,forced_choice,random,fc_random,0,"{""Q0"":""material""}",category_organization_2x2,can opener,other
ROW38454,7054,survey-multi-choice,21,113112,0,P1714,STUDY0009,SESS1429,forced_choice,random,fc_random,0,"{""Q0"":""shape""}",category_organization_2x2,fork,household
ROW38455,3251,survey-multi-choice,22,116363,0,P1714,STUDY0009,SESS1429,forced_choice,random,fc_random,0,"{""Q0"":""shape""}",category_organization_2x2,cheerios,food_drink
ROW38456,2606,survey-multi-choice,23,118969,0,P1714,STUDY0009,SESS1429,forced_choice,random,fc_random,0,"{""Q0"":""shape""}",category_organization_2x2,purse,household
ROW38457,3297,survey-multi-choice,24,122267,0,P1714,STUDY0009,SESS1429,forced_choice,random,fc_random,0,"{""Q0"":""shape""}",category_organization_2x2,owl,animals
ROW38458,1096,html-button-response,25,123363,0,P1714,STUDY0009,SESS1429,forced_choice,random,fc_random,0,0,,,
ROW38459,3158,instructions,26,126521,0,P1714,STUDY0009,SESS1429,forced_choice,random,fc_random,0,,,,
ROW38462,11158,html-button-response,2,21403,0,P1267,STUDY0009,SESS1436,multi_select,random,ms_random,0,0,vocabulary_classification_criteria,,
ROW38461,7977,html-button-response,1,10245,0,P1267,STUDY0009,SESS1436,multi_select,random,ms_random,0,0,precautions_survey,,
ROW38460,2264,instructions,0,2266,0,P1267,STUDY0009,SESS1436,multi_select,random,ms_random,0,,,,
ROW38463,4084,html-button-response,3,25487,0,P1267,STUDY0009,SESS1436,multi_select,random,ms_random,0,0,lavender_instruction,,
ROW38464,8733,survey-multi-select,4,34223,0,P1267,STUDY0009,SESS1436,multi_select,random,ms_random,0,"{""Q0"":[""none of these""]}",category_organization_2x2,owl,animals
ROW38465,5964,survey-multi-select,5,40189,0,P1267,STUDY0009,SESS1436,multi_select,random,ms_random,0,"{""Q0"":[""shape""]}",category_organization_2x2,button,clothing
ROW38466,12445,html-button-response,1,17949,0,P1235,STUDY0009,SESS1423,forced_choice,random,fc_random,0,0,precautions_survey,,
ROW38467,5497,instructions,0,5501,0,P1235,STUDY0009,SESS1423,forced_choice,random,fc_random,0,,,,
ROW38468,19569,html-button-response,2,37520,0,P1235,STUDY0009,SESS1423,forced_choice,random,fc_random,0,0,vocabulary_classification_criteria,,
ROW38469,6469,html-button-response,3,43990,0,P1235,STUDY0009,SESS1423,forced_choice,random,fc_random,0,0,lavender_instruction,,
ROW38470,2944,survey-multi-choice,5,60798,0,P1235,STUDY0009,SESS1423,forced_choice,random,fc_random,0,"{""Q0"":""material""}",category_organization_2x2,cotton,household
ROW38471,13857,survey-multi-choice,4,57852,0,P1235,STUDY0009,SESS1423,forced_choice,random,fc_random,0,"{""Q0"":""color""}",category_organization_2x2,scallion,food_drink
ROW38472,4352,survey-multi-choice,6,65151,0,P1235,STUDY0009,SESS1423,forced_choice,random,fc_random,0,"{""Q0"":""none of these""}",category_organization_2x2,caterpillar,animals
ROW38473,6505,survey-multi-choice,9,78559,0,P1235,STUDY0009,SESS1423,forced_choice,random,fc_random,0,"{""Q0"":""color""}",category_organization_2x2,scallion,food_drink
ROW38474,3408,survey-multi-choice,7,68561,0,P1235,STUDY0009,SESS1423,forced_choice,random,fc_random,0,"{""Q0"":""material""}",category_organization_2x2,chalk,toys
ROW38475,3491,survey-multi-choice,8,72053,0,P1235,STUDY0009,SESS1423,forced_choice,random,fc_random,0,"{""Q0"":""shape""}",category_organization_2x2,box,household
ROW38476,3246,survey-multi-choice,10,81808,0,P1235,STUDY0009,SESS1423,forced_choice,random,fc_random,0,"{""Q0"":""shape""}",category_organization_2x2,tricycle,vehicles
ROW38477,6738,survey-multi-choice,11,88548,0,P1235,STUDY0009,SESS1423,forced_choice,random,fc_random,0,"{""Q0"":""shape""}",category_organization_2x2,pumpkin,food_drink
ROW38478,2862,survey-multi-choice,12,91412,0,P1235,STUDY0009,SESS1423,forced_choice,random,fc_random,0,"{""Q0"":""shape""}",category_organization_2x2,corn,food_drink
ROW38479,5498,survey-multi-choice,13,96912,0,P1235,STUDY0009,SESS1423,forced_choice,random,fc_random,0,"{""Q0"":""material""}",category_organization_2x2,paper,household
ROW38480,4038,survey-multi-choice,15,102689,0,P1235,STUDY0009,SESS1423,forced_choice,random,fc_random,0,"{""Q0"":""shape""}",category_organization_2x2,snail,animals
ROW38481,1736,survey-multi-choice,14,98650,0,P1235,STUDY0009,SESS1423,forced_choice,random,fc_random,0,"{""Q0"":""none of these""}",category_organization_2x2,lavender,attention_check
ROW38482,4082,survey-multi-choice,16,106772,0,P1235,STUDY0009,SESS1423,forced_choice,random,fc_random,0,"{""Q0"":""none of these""}",category_organization_2x2,suburb,other
ROW38483,4919,survey-multi-choice,17,111692,0,P1235,STUDY0009,SESS1423,forced_choice,random,fc_random,0,"{""Q0"":""shape""}",category_organization_2x2,nail (object),household
ROW38484,3151,survey-multi-choice,18,114844,0,P1235,STUDY0009,SESS1423,forced_choice,random,fc_random,0,"{""Q0"":""material""}",category_organization_2x2,wallet,household
ROW38485,2378,survey-multi-choice,19,117224,0,P1235,STUDY0009,SESS1423,forced_choice,random,fc_random,0,"{""Q0"":""shape""}",category_organization_2x2,toilet,furniture_rooms
ROW38486,1993,survey-multi-choice,20,119218,0,P1235,STUDY0009,SESS1423,forced_choice,random,fc_random,0,"{""Q0"":""shape""}",category_organization_2x2,crow,animals
ROW38487,1936,survey-multi-choice,21,121155,0,P1235,STUDY0009,SESS1423,forced_choice,random,fc_random,0,"{""Q0"":""shape""}",category_organization_2x2,panther,other
ROW38488,5065,survey-multi-choice,22,126222,0,P1235,STUDY0009,SESS1423,forced_choice,random,fc_random,0,"{""Q0"":""shape""}",category_organization_2x2,button,clothing
ROW38489,2430,survey-multi-choice,23,128653,0,P1235,STUDY0009,SESS1423,forced_choice,random,fc_random,0,"{""Q0"":""shape""}",category_organization_2x2,calf,animals
ROW38490,3715,survey-multi-choice,24,132369,0,P1235,STUDY0009,SESS1423,forced_choice,random,fc_random,0,"{""Q0"":""none of these""}",category_organization_2x2,earth,outside
ROW38491,726,html-button-response,25,133097,0,P1235,STUDY0009,SESS1423,forced_choice,random,fc_random,0,0,,,
ROW38492,2222,instructions,26,135320,0,P1235,STUDY0009,SESS1423,forced_choice,random,fc_random,0,,,,
ROW38493,3797,survey-multi-select,6,43988,0,P1267,STUDY0009,SESS1436,multi_select,random,ms_random,0,"{""Q0"":[""shape"",""color""]}",category_organization_2x2,cucumber,food_drink
ROW38494,3424,survey-multi-select,7,47413,0,P1267,STUDY0009,SESS1436,multi_select,random,ms_random,0,"{""Q0"":[""shape""]}",category_organization_2x2,clam,animals
ROW38495,3575,survey-multi-select,8,50990,0,P1267,STUDY0009,SESS1436,multi_select,random,ms_random,0,"{""Q0"":[""shape""]}",category_organization_2x2,letter,other
ROW38496,4840,survey-multi-select,9,55831,0,P1267,STUDY0009,SESS1436,multi_select,random,ms_random,0,"{""Q0"":[""shape"",""color"",""material""]}",category_organization_2x2,living room,furniture_rooms
ROW38497,2061,survey-multi-select,10,57894,0,P1267,STUDY0009,SESS1436,multi_select,random,ms_random,0,"{""Q0"":[""none of these""]}",category_organization_2x2,lavender,attention_check
ROW38498,4712,survey-multi-select,11,62607,0,P1267,STUDY0009,SESS1436,multi_select,random,ms_random,0,"{""Q0"":[""shape"",""color"",""material""]}",category_organization_2x2,mud,outside
ROW38499,4271,survey-multi-select,12,66880,0,P1267,STUDY0009,SESS1436,multi_select,random,ms_random,0,"{""Q0"":[""shape""]}",category_organization_2x2,faucet,furniture_rooms
ROW38500,3443,survey-multi-select,14,72607,0,P1267,STUDY0009,SESS1436,multi_select,random,ms_random,0,"{""Q0"":[""none of these""]}",category_organization_2x2,music,toys
ROW38501,2282,survey-multi-select,13,69163,0,P1267,STUDY0009,SESS1436,multi_select,random,ms_random,0,"{""Q0"":[""shape""]}",category_organization_2x2,road,outside
ROW38502,2107,survey-multi-select,15,74715,0,P1267,STUDY0009,SESS1436,multi_select,random,ms_random,0,"{""Q0"":[""shape""]}",category_organization_2x2,hair dryer,furniture_rooms
ROW38503,2541,survey-multi-select,16,77258,0,P1267,STUDY0009,SESS1436,multi_select,random,ms_random,0,"{""Q0"":[""shape""]}",category_organization_2x2,knee,body_parts
ROW38504,3176,survey-multi-select,17,80435,0,P1267,STUDY0009,SESS1436,multi_select,random,ms_random,0,"{""Q0"":[""shape""]}",category_organization_2x2,drum (object),toys
ROW38505,3184,survey-multi-select,18,83621,0,P1267,STUDY0009,SESS1436,multi_select,random,ms_random,0,"{""Q0"":[""shape"",""color""]}",category_organization_2x2,pickle,food_drink
ROW38506,2721,survey-multi-select,19,86343,0,P1267,STUDY0009,SESS1436,multi_select,random,ms_random,0,"{""Q0"":[""shape"",""color""]}",category_organization_2x2,zebra,animals
ROW38507,1766,survey-multi-select,21,90147,0,P1267,STUDY0009,SESS1436,multi_select,random,ms_random,0,"{""Q0"":[""shape""]}",category_organization_2x2,balcony,furniture_rooms
ROW38508,2034,survey-multi-select,20,88379,0,P1267,STUDY0009,SESS1436,multi_select,random,ms_random,0,"{""Q0"":[""shape""]}",category_organization_2x2,glove,clothing
ROW38509,3685,survey-multi-select,22,93834,0,P1267,STUDY0009,SESS1436,multi_select,random,ms_random,0,"{""Q0"":[""shape""]}",category_organization_2x2,finger,body_parts
ROW38510,5992,survey-multi-select,23,99827,0,P1267,STUDY0009,SESS1436,multi_select,random,ms_random,0,"{""Q0"":[""color"",""material""]}",category_organization_2x2,sand,outside
ROW38511,1915,survey-multi-select,24,101744,0,P1267,STUDY0009,SESS1436,multi_select,random,ms_random,0,"{""Q0"":[""shape""]}",category_organization_2x2,insect,animals
ROW38512,2483,instructions,26,105522,0,P1267,STUDY0009,SESS1436,multi_select,random,ms_random,0,,,,
ROW38513,1293,html-button-response,25,103038,0,P1267,STUDY0009,SESS1436,multi_select,random,ms_random,0,0,,,
ROW38514,4553,html-button-response,3,30869,0,P1270,STUDY0009,SESS1387,forced_choice,semantic_blocked,fc_blocked,0,0,lavender_instruction,,
ROW38515,3447,html-button-response,4,34317,0,P1270,STUDY0009,SESS1387,forced_choice,semantic_blocked,fc_blocked,0,0,category_section_intro,,toys
ROW38516,14666,html-button-response,2,26315,0,P1270,STUDY0009,SESS1387,forced_choice,semantic_blocked,fc_blocked,0,0,vocabulary_classification_criteria,,
ROW38517,5819,instructions,0,5822,0,P1270,STUDY0009,SESS1387,forced_choice,semantic_blocked,fc_blocked,0,,,,
ROW38518,5823,html-button-response,1,11647,0,P1270,STUDY0009,SESS1387,forced_choice,semantic_blocked,fc_blocked,0,0,precautions_survey,,
ROW38519,8259,survey-multi-choice,5,42580,0,P1270,STUDY0009,SESS1387,forced_choice,semantic_blocked,fc_blocked,0,"{""Q0"":""none of these""}",category_organization_2x2,clown,toys
ROW38520,6055,survey-multi-choice,6,48637,0,P1270,STUDY0009,SESS1387,forced_choice,semantic_blocked,fc_blocked,0,"{""Q0"":""shape""}",category_organization_2x2,present,toys
ROW38521,3123,html-button-response,8,57335,0,P1270,STUDY0009,SESS1387,forced_choice,semantic_blocked,fc_blocked,0,0,category_section_intro,,animals
ROW38522,5573,survey-multi-choice,7,54211,0,P1270,STUDY0009,SESS1387,forced_choice,semantic_blocked,fc_blocked,0,"{""Q0"":""shape""}",category_organization_2x2,whistle (object),toys
ROW38523,3587,survey-multi-choice,10,67901,0,P1270,STUDY0009,SESS1387,forced_choice,semantic_blocked,fc_blocked,0,"{""Q0"":""shape""}",category_organization_2x2,cockroach,animals
ROW38524,6976,survey-multi-choice,9,64313,0,P1270,STUDY0009,SESS1387,forced_choice,semantic_blocked,fc_blocked,0,"{""Q0"":""shape""}",category_organization_2x2,bear,animals
ROW38525,4423,survey-multi-choice,11,72325,0,P1270,STUDY0009,SESS1387,forced_choice,semantic_blocked,fc_blocked,0,"{""Q0"":""shape""}",category_organization_2x2,elephant,animals
ROW38526,4365,html-button-response,12,76691,0,P1270,STUDY0009,SESS1387,forced_choice,semantic_blocked,fc_blocked,0,0,category_section_intro,,clothing
ROW38527,6455,survey-multi-choice,13,83147,0,P1270,STUDY0009,SESS1387,forced_choice,semantic_blocked,fc_blocked,0,"{""Q0"":""shape""}",category_organization_2x2,shoe,clothing
ROW38528,5208,survey-multi-choice,14,88357,0,P1270,STUDY0009,SESS1387,forced_choice,semantic_blocked,fc_blocked,0,"{""Q0"":""shape""}",category_organization_2x2,sneaker,clothing
ROW38529,2441,html-button-response,15,90799,0,P1270,STUDY0009,SESS1387,forced_choice,semantic_blocked,fc_blocked,0,0,category_section_intro,,furniture_rooms
ROW38530,4179,survey-multi-choice,16,94979,0,P1270,STUDY0009,SESS1387,forced_choice,semantic_blocked,fc_blocked,0,"{""Q0"":""none of these""}",category_organization_2x2,stool,furniture_rooms
ROW38531,2055,html-button-response,17,97035,0,P1270,STUDY0009,SESS1387,forced_choice,semantic_blocked,fc_blocked,0,0,category_section_intro,,food_drink
ROW38532,3878,survey-multi-choice,18,100915,0,P1270,STUDY0009,SESS1387,forced_choice,semantic_blocked,fc_blocked,0,"{""Q0"":""color""}",category_organization_2x2,beans,food_drink
ROW38533,3503,survey-multi-choice,19,104419,0,P1270,STUDY0009,SESS1387,forced_choice,semantic_blocked,fc_blocked,0,"{""Q0"":""color""}",category_organization_2x2,chips,food_drink
ROW38534,3591,survey-multi-choice,20,108011,0,P1270,STUDY0009,SESS1387,forced_choice,semantic_blocked,fc_blocked,0,"{""Q0"":""shape""}",category_organization_2x2,croissant,food_drink
ROW38535,4015,survey-multi-choice,21,112027,0,P1270,STUDY0009,SESS1387,forced_choice,semantic_blocked,fc_blocked,0,"{""Q0"":""color""}",category_organization_2x2,meatball,food_drink
ROW38536,5295,survey-multi-choice,23,122483,0,P1270,STUDY0009,SESS1387,forced_choice,semantic_blocked,fc_blocked,0,"{""Q0"":""shape""}",category_organization_2x2,plantain,food_drink
ROW38537,5158,survey-multi-choice,22,117187,0,P1270,STUDY0009,SESS1387,forced_choice,semantic_blocked,fc_blocked,0,"{""Q0"":""shape""}",category_organization_2x2,mushroom,food_drink
ROW38538,1819,html-button-response,24,124303,0,P1270,STUDY0009,SESS1387,forced_choice,semantic_blocked,fc_blocked,0,0,category_section_intro,,household
ROW38539,8677,survey-multi-choice,25,132981,0,P1270,STUDY0009,SESS1387,forced_choice,semantic_blocked,fc_blocked,0,"{""Q0"":""shape""}",category_organization_2x2,scissors,household
ROW38540,6363,survey-multi-choice,26,139345,0,P1270,STUDY0009,SESS1387,forced_choice,semantic_blocked,fc_blocked,0,"{""Q0"":""none of these""}",category_organization_2x2,vacuum cleaner,household
ROW38541,1873,html-button-response,27,141219,0,P1270,STUDY0009,SESS1387,forced_choice,semantic_blocked,fc_blocked,0,0,category_section_intro,,other
ROW38542,4766,html-button-response,4,28531,0,P0246,STUDY0009,SESS1402,forced_choice,semantic_blocked,fc_blocked,0,0,category_section_intro,,toys
ROW38543,6426,html-button-response,3,23763,0,P0246,STUDY0009,SESS1402,forced_choice,semantic_blocked,fc_blocked,0,0,lavender_instruction,,
ROW38544,4989,html-button-response,1,7945,0,P0246,STUDY0009,SESS1402,forced_choice,semantic_blocked,fc_blocked,0,0,precautions_survey,,
ROW38545,2949,instructions,0,2952,0,P0246,STUDY0009,SESS1402,forced_choice,semantic_blocked,fc_blocked,0,,,,
ROW38546,9385,html-button-response,2,17332,0,P0246,STUDY0009,SESS1402,forced_choice,semantic_blocked,fc_blocked,0,0,vocabulary_classification_criteria,,
ROW38547,8459,survey-multi-choice,5,36998,0,P0246,STUDY0009,SESS1402,forced_choice,semantic_blocked,fc_blocked,0,"{""Q0"":""shape""}",category_organization_2x2,notebook,toys
ROW38548,3763,survey-multi-choice,28,144983,0,P1270,STUDY0009,SESS1387,forced_choice,semantic_blocked,fc_blocked,0,"{""Q0"":""none of these""}",category_organization_2x2,suburb,other
ROW38549,3065,survey-multi-choice,29,148049,0,P1270,STUDY0009,SESS1387,forced_choice,semantic_blocked,fc_blocked,0,"{""Q0"":""shape""}",category_organization_2x2,tower,other
ROW38550,3579,survey-multi-choice,30,151629,0,P1270,STUDY0009,SESS1387,forced_choice,semantic_blocked,fc_blocked,0,"{""Q0"":""none of these""}",category_organization_2x2,zoo,other
ROW38551,3523,survey-multi-choice,31,155153,0,P1270,STUDY0009,SESS1387,forced_choice,semantic_blocked,fc_blocked,0,"{""Q0"":""none of these""}",category_organization_2x2,lavender,attention_check
ROW38552,1377,html-button-response,32,156531,0,P1270,STUDY0009,SESS1387,forced_choice,semantic_blocked,fc_blocked,0,0,,,
ROW38553,4128,survey-multi-choice,6,41131,0,P0246,STUDY0009,SESS1402,forced_choice,semantic_blocked,fc_blocked,0,"{""Q0"":""shape""}",category_organization_2x2,racket,toys
ROW38554,2371,html-button-response,7,43504,0,P0246,STUDY0009,SESS1402,forced_choice,semantic_blocked,fc_blocked,0,0,category_section_intro,,animals
ROW38555,7378,survey-multi-choice,8,50887,0,P0246,STUDY0009,SESS1402,forced_choice,semantic_blocked,fc_blocked,0,"{""Q0"":""shape""}",category_organization_2x2,duck,animals
ROW38556,7927,survey-multi-choice,9,58818,0,P0246,STUDY0009,SESS1402,forced_choice,semantic_blocked,fc_blocked,0,"{""Q0"":""shape""}",category_organization_2x2,mouse,animals
ROW38557,4202,survey-multi-choice,11,64861,0,P0246,STUDY0009,SESS1402,forced_choice,semantic_blocked,fc_blocked,0,"{""Q0"":""shape""}",category_organization_2x2,bib,clothing
ROW38558,2605,instructions,33,159137,0,P1270,STUDY0009,SESS1387,forced_choice,semantic_blocked,fc_blocked,0,,,,
ROW38559,1836,html-button-response,10,60657,0,P0246,STUDY0009,SESS1402,forced_choice,semantic_blocked,fc_blocked,0,0,category_section_intro,,clothing
ROW38560,8814,survey-multi-choice,12,73678,0,P0246,STUDY0009,SESS1402,forced_choice,semantic_blocked,fc_blocked,0,"{""Q0"":""shape""}",category_organization_2x2,dress shoe,clothing
ROW38561,8625,survey-multi-choice,15,87195,0,P0246,STUDY0009,SESS1402,forced_choice,semantic_blocked,fc_blocked,0,"{""Q0"":""material""}",category_organization_2x2,candy,food_drink
ROW38562,2764,survey-multi-choice,13,76445,0,P0246,STUDY0009,SESS1402,forced_choice,semantic_blocked,fc_blocked,0,"{""Q0"":""material""}",category_organization_2x2,tights,clothing
ROW38563,2119,html-button-response,14,78567,0,P0246,STUDY0009,SESS1402,forced_choice,semantic_blocked,fc_blocked,0,0,category_section_intro,,food_drink
ROW38564,4155,survey-multi-choice,16,91352,0,P0246,STUDY0009,SESS1402,forced_choice,semantic_blocked,fc_blocked,0,"{""Q0"":""material""}",category_organization_2x2,cheerios,food_drink
ROW38565,6880,survey-multi-choice,17,98235,0,P0246,STUDY0009,SESS1402,forced_choice,semantic_blocked,fc_blocked,0,"{""Q0"":""material""}",category_organization_2x2,fruit,food_drink
ROW38566,3527,survey-multi-choice,18,101764,0,P0246,STUDY0009,SESS1402,forced_choice,semantic_blocked,fc_blocked,0,"{""Q0"":""material""}",category_organization_2x2,pretzel,food_drink
ROW38567,3425,survey-multi-choice,19,105192,0,P0246,STUDY0009,SESS1402,forced_choice,semantic_blocked,fc_blocked,0,"{""Q0"":""material""}",category_organization_2x2,sugar,food_drink
ROW38568,1222,html-button-response,20,106417,0,P0246,STUDY0009,SESS1402,forced_choice,semantic_blocked,fc_blocked,0,0,category_section_intro,,body_parts
ROW38569,4593,survey-multi-choice,21,111011,0,P0246,STUDY0009,SESS1402,forced_choice,semantic_blocked,fc_blocked,0,"{""Q0"":""shape""}",category_organization_2x2,belly button,body_parts
ROW38570,1671,html-button-response,24,117631,0,P0246,STUDY0009,SESS1402,forced_choice,semantic_blocked,fc_blocked,0,0,category_section_intro,,outside
ROW38571,4858,survey-multi-choice,25,122491,0,P0246,STUDY0009,SESS1402,forced_choice,semantic_blocked,fc_blocked,0,"{""Q0"":""shape""}",category_organization_2x2,bush,outside
ROW38572,3428,survey-multi-choice,23,115957,0,P0246,STUDY0009,SESS1402,forced_choice,semantic_blocked,fc_blocked,0,"{""Q0"":""material""}",category_organization_2x2,soap,household
ROW38574,5577,survey-multi-choice,27,131943,0,P0246,STUDY0009,SESS1402,forced_choice,semantic_blocked,fc_blocked,0,"{""Q0"":""shape""}",category_organization_2x2,lawn mower,outside
ROW38573,3868,survey-multi-choice,26,126362,0,P0246,STUDY0009,SESS1402,forced_choice,semantic_blocked,fc_blocked,0,"{""Q0"":""material""}",category_organization_2x2,lake,outside
ROW38575,3023,survey-multi-choice,28,134969,0,P0246,STUDY0009,SESS1402,forced_choice,semantic_blocked,fc_blocked,0,"{""Q0"":""material""}",category_organization_2x2,tree,outside
ROW38576,1242,html-button-response,29,136213,0,P0246,STUDY0009,SESS1402,forced_choice,semantic_blocked,fc_blocked,0,0,category_section_intro,,other
ROW38577,3055,survey-multi-choice,30,139269,0,P0246,STUDY0009,SESS1402,forced_choice,semantic_blocked,fc_blocked,0,"{""Q0"":""material""}",category_organization_2x2,cigarette,other
ROW38578,4877,survey-multi-choice,31,144149,0,P0246,STUDY0009,SESS1402,forced_choice,semantic_blocked,fc_blocked,0,"{""Q0"":""shape""}",category_organization_2x2,football,other
ROW38579,2348,survey-multi-choice,32,146500,0,P0246,STUDY0009,SESS1402,forced_choice,semantic_blocked,fc_blocked,0,"{""Q0"":""none of these""}",category_organization_2x2,lavender,attention_check
ROW38580,1229,html-button-response,33,147731,0,P0246,STUDY0009,SESS1402,forced_choice,semantic_blocked,fc_blocked,0,0,,,
ROW38581,1897,instructions,34,149629,0,P0246,STUDY0009,SESS1402,forced_choice,semantic_blocked,fc_blocked,0,,,,
ROW38582,1514,html-button-response,22,112527,0,P0246,STUDY0009,SESS1402,forced_choice,semantic_blocked,fc_blocked,0,0,category_section_intro,,household
ROW38583,5346,instructions,0,5349,0,P0147,STUDY0009,SESS1398,forced_choice,random,fc_random,0,,,,
ROW38584,10831,html-button-response,1,16184,0,P0147,STUDY0009,SESS1398,forced_choice,random,fc_random,0,0,precautions_survey,,
ROW38585,9421,survey-multi-choice,5,62522,0,P0147,STUDY0009,SESS1398,forced_choice,random,fc_random,0,"{""Q0"":""material""}",category_organization_2x2,pepper,food_drink
ROW38586,19569,html-button-response,2,35754,0,P0147,STUDY0009,SESS1398,forced_choice,random,fc_random,0,0,vocabulary_classification_criteria,,
ROW38587,10659,survey-multi-choice,4,53100,0,P0147,STUDY0009,SESS1398,forced_choice,random,fc_random,0,"{""Q0"":""none of these""}",category_organization_2x2,party,other
ROW38588,7584,survey-multi-choice,6,70108,0,P0147,STUDY0009,SESS1398,forced_choice,random,fc_random,0,"{""Q0"":""material""}",category_organization_2x2,button,clothing
ROW38589,6682,html-button-response,3,42437,0,P0147,STUDY0009,SESS1398,forced_choice,random,fc_random,0,0,lavender_instruction,,
ROW38590,7824,survey-multi-choice,7,77935,0,P0147,STUDY0009,SESS1398,forced_choice,random,fc_random,0,"{""Q0"":""material""}",category_organization_2x2,puzzle,toys
ROW38591,3420,survey-multi-choice,9,86296,0,P0147,STUDY0009,SESS1398,forced_choice,random,fc_random,0,"{""Q0"":""material""}",category_organization_2x2,vacuum,household
ROW38592,8274,survey-multi-choice,10,94572,0,P0147,STUDY0009,SESS1398,forced_choice,random,fc_random,0,"{""Q0"":""material""}",category_organization_2x2,eggplant,food_drink
ROW38593,4936,survey-multi-choice,8,82874,0,P0147,STUDY0009,SESS1398,forced_choice,random,fc_random,0,"{""Q0"":""material""}",category_organization_2x2,napkin,household
ROW38594,2983,survey-multi-choice,12,101775,0,P0147,STUDY0009,SESS1398,forced_choice,random,fc_random,0,"{""Q0"":""none of these""}",category_organization_2x2,lavender,attention_check
ROW38595,4215,survey-multi-choice,11,98790,0,P0147,STUDY0009,SESS1398,forced_choice,random,fc_random,0,"{""Q0"":""material""}",category_organization_2x2,drum,toys
ROW38596,3305,survey-multi-choice,13,105082,0,P0147,STUDY0009,SESS1398,forced_choice,random,fc_random,0,"{""Q0"":""material""}",category_organization_2x2,ant,animals
ROW38597,6665,survey-multi-choice,14,111749,0,P0147,STUDY0009,SESS1398,forced_choice,random,fc_random,0,"{""Q0"":""material""}",category_organization_2x2,sauce,food_drink
ROW38598,4177,survey-multi-choice,15,115928,0,P0147,STUDY0009,SESS1398,forced_choice,random,fc_random,0,"{""Q0"":""shape""}",category_organization_2x2,cutlet,food_drink
ROW38599,2904,survey-multi-choice,16,118834,0,P0147,STUDY0009,SESS1398,forced_choice,random,fc_random,0,"{""Q0"":""material""}",category_organization_2x2,stairs,furniture_rooms
ROW38600,2700,survey-multi-choice,17,121536,0,P0147,STUDY0009,SESS1398,forced_choice,random,fc_random,0,"{""Q0"":""material""}",category_organization_2x2,pork,food_drink
ROW38601,2973,survey-multi-choice,18,124512,0,P0147,STUDY0009,SESS1398,forced_choice,random,fc_random,0,"{""Q0"":""shape""}",category_organization_2x2,hanger,household
ROW38602,2903,survey-multi-choice,19,127418,0,P0147,STUDY0009,SESS1398,forced_choice,random,fc_random,0,"{""Q0"":""material""}",category_organization_2x2,sheep,animals
ROW38603,5833,survey-multi-choice,20,133253,0,P0147,STUDY0009,SESS1398,forced_choice,random,fc_random,0,"{""Q0"":""material""}",category_organization_2x2,cell phone,household
ROW38604,2647,survey-multi-choice,21,135903,0,P0147,STUDY0009,SESS1398,forced_choice,random,fc_random,0,"{""Q0"":""material""}",category_organization_2x2,smoothie,food_drink
ROW38605,2939,survey-multi-choice,22,138844,0,P0147,STUDY0009,SESS1398,forced_choice,random,fc_random,0,"{""Q0"":""shape""}",category_organization_2x2,star,outside
ROW38606,2501,survey-multi-choice,23,141348,0,P0147,STUDY0009,SESS1398,forced_choice,random,fc_random,0,"{""Q0"":""material""}",category_organization_2x2,cupboard,furniture_rooms
ROW38607,5866,html-button-response,25,150528,0,P0147,STUDY0009,SESS1398,forced_choice,random,fc_random,0,0,,,
ROW38608,3311,survey-multi-choice,24,144660,0,P0147,STUDY0009,SESS1398,forced_choice,random,fc_random,0,"{""Q0"":""none of these""}",category_organization_2x2,parrot,animals
ROW38609,5629,instructions,26,156158,0,P0147,STUDY0009,SESS1398,forced_choice,random,fc_random,0,,,,
ROW38610,9936,html-button-response,1,19728,0,P1250,STUDY0009,SESS1378,forced_choice,semantic_blocked,fc_blocked,0,0,precautions_survey,,
ROW38611,6022,html-button-response,3,40158,0,P1250,STUDY0009,SESS1378,forced_choice,semantic_blocked,fc_blocked,0,0,lavender_instruction,,
ROW38612,14407,html-button-response,2,34135,0,P1250,STUDY0009,SESS1378,forced_choice,semantic_blocked,fc_blocked,0,0,vocabulary_classification_criteria,,
ROW38613,9790,instructions,0,9791,0,P1250,STUDY0009,SESS1378,forced_choice,semantic_blocked,fc_blocked,0,,,,
ROW38614,6051,html-button-response,4,46209,0,P1250,STUDY0009,SESS1378,forced_choice,semantic_blocked,fc_blocked,0,0,category_section_intro,,toys
ROW38615,18172,survey-multi-choice,5,64383,0,P1250,STUDY0009,SESS1378,forced_choice,semantic_blocked,fc_blocked,0,"{""Q0"":""color""}",category_organization_2x2,bubbles,toys
ROW38616,3435,survey-multi-choice,6,67818,0,P1250,STUDY0009,SESS1378,forced_choice,semantic_blocked,fc_blocked,0,"{""Q0"":""shape""}",category_organization_2x2,puzzle,toys
ROW38617,3733,html-button-response,7,71552,0,P1250,STUDY0009,SESS1378,forced_choice,semantic_blocked,fc_blocked,0,0,category_section_intro,,animals
ROW38618,15960,survey-multi-choice,9,94900,0,P1250,STUDY0009,SESS1378,forced_choice,semantic_blocked,fc_blocked,0,"{""Q0"":""none of these""}",category_organization_2x2,cow,animals
ROW38619,7387,survey-multi-choice,8,78940,0,P1250,STUDY0009,SESS1378,forced_choice,semantic_blocked,fc_blocked,0,"{""Q0"":""none of these""}",category_organization_2x2,bird,animals
ROW38620,2677,survey-multi-choice,10,97578,0,P1250,STUDY0009,SESS1378,forced_choice,semantic_blocked,fc_blocked,0,"{""Q0"":""none of these""}",category_organization_2x2,dinosaur,animals
ROW38621,3382,survey-multi-choice,11,100960,0,P1250,STUDY0009,SESS1378,forced_choice,semantic_blocked,fc_blocked,0,"{""Q0"":""color""}",category_organization_2x2,pig,animals
ROW38622,3959,survey-multi-choice,13,110657,0,P1250,STUDY0009,SESS1378,forced_choice,semantic_blocked,fc_blocked,0,"{""Q0"":""material""}",category_organization_2x2,closet,furniture_rooms
ROW38623,5737,html-button-response,12,106697,0,P1250,STUDY0009,SESS1378,forced_choice,semantic_blocked,fc_blocked,0,0,category_section_intro,,furniture_rooms
ROW38624,2047,survey-multi-choice,16,117205,0,P1250,STUDY0009,SESS1378,forced_choice,semantic_blocked,fc_blocked,0,"{""Q0"":""material""}",category_organization_2x2,dryer,furniture_rooms
ROW38625,2392,survey-multi-choice,15,115157,0,P1250,STUDY0009,SESS1378,forced_choice,semantic_blocked,fc_blocked,0,"{""Q0"":""material""}",category_organization_2x2,couch,furniture_rooms
ROW38626,2107,survey-multi-choice,14,112765,0,P1250,STUDY0009,SESS1378,forced_choice,semantic_blocked,fc_blocked,0,"{""Q0"":""material""}",category_organization_2x2,coffee table,furniture_rooms
ROW38627,3382,html-button-response,17,120587,0,P1250,STUDY0009,SESS1378,forced_choice,semantic_blocked,fc_blocked,0,0,category_section_intro,,food_drink
ROW38628,3420,survey-multi-choice,18,124008,0,P1250,STUDY0009,SESS1378,forced_choice,semantic_blocked,fc_blocked,0,"{""Q0"":""shape""}",category_organization_2x2,muffin,food_drink
ROW38629,2549,survey-multi-choice,19,126557,0,P1250,STUDY0009,SESS1378,forced_choice,semantic_blocked,fc_blocked,0,"{""Q0"":""color""}",category_organization_2x2,plum,food_drink
ROW38630,1238,html-button-response,20,127795,0,P1250,STUDY0009,SESS1378,forced_choice,semantic_blocked,fc_blocked,0,0,category_section_intro,,body_parts
ROW38631,3801,survey-multi-choice,21,131597,0,P1250,STUDY0009,SESS1378,forced_choice,semantic_blocked,fc_blocked,0,"{""Q0"":""shape""}",category_organization_2x2,arm,body_parts
ROW38632,1770,html-button-response,23,135812,0,P1250,STUDY0009,SESS1378,forced_choice,semantic_blocked,fc_blocked,0,0,category_section_intro,,household
ROW38633,2444,survey-multi-choice,22,134042,0,P1250,STUDY0009,SESS1378,forced_choice,semantic_blocked,fc_blocked,0,"{""Q0"":""shape""}",category_organization_2x2,breast,body_parts
ROW38634,3173,survey-multi-choice,24,138986,0,P1250,STUDY0009,SESS1378,forced_choice,semantic_blocked,fc_blocked,0,"{""Q0"":""shape""}",category_organization_2x2,bottle,household
ROW38635,1140,html-button-response,27,148600,0,P1250,STUDY0009,SESS1378,forced_choice,semantic_blocked,fc_blocked,0,0,category_section_intro,,outside
ROW38636,4491,survey-multi-choice,25,143477,0,P1250,STUDY0009,SESS1378,forced_choice,semantic_blocked,fc_blocked,0,"{""Q0"":""material""}",category_organization_2x2,tape,household
ROW38637,3982,survey-multi-choice,26,147459,0,P1250,STUDY0009,SESS1378,forced_choice,semantic_blocked,fc_blocked,0,"{""Q0"":""shape""}",category_organization_2x2,trash can,household
ROW38638,3045,html-button-response,29,157629,0,P1250,STUDY0009,SESS1378,forced_choice,semantic_blocked,fc_blocked,0,0,category_section_intro,,other
ROW38639,5984,survey-multi-choice,28,154584,0,P1250,STUDY0009,SESS1378,forced_choice,semantic_blocked,fc_blocked,0,"{""Q0"":""color""}",category_organization_2x2,light,outside
ROW38640,10695,survey-multi-choice,30,168325,0,P1250,STUDY0009,SESS1378,forced_choice,semantic_blocked,fc_blocked,0,"{""Q0"":""material""}",category_organization_2x2,beach,other
ROW38641,1891,survey-multi-choice,32,175083,0,P1250,STUDY0009,SESS1378,forced_choice,semantic_blocked,fc_blocked,0,"{""Q0"":""none of these""}",category_organization_2x2,lavender,attention_check
ROW38642,4866,survey-multi-choice,31,173192,0,P1250,STUDY0009,SESS1378,forced_choice,semantic_blocked,fc_blocked,0,"{""Q0"":""color""}",category_organization_2x2,passion fruit,other
ROW38643,1199,html-button-response,33,176283,0,P1250,STUDY0009,SESS1378,forced_choice,semantic_blocked,fc_blocked,0,0,,,
ROW38644,5332,instructions,34,181615,0,P1250,STUDY0009,SESS1378,forced_choice,semantic_blocked,fc_blocked,0,,,,
ROW38645,15535,instructions,0,15537,0,P1499,STUDY0009,SESS1430,multi_select,random,ms_random,0,,,,
ROW38646,9163,html-button-response,2,33415,0,P1499,STUDY0009,SESS1430,multi_select,random,ms_random,0,0,vocabulary_classification_criteria,,
ROW38647,8710,html-button-response,1,24251,0,P1499,STUDY0009,SESS1430,multi_select,random,ms_random,0,0,precautions_survey,,
ROW38648,7883,survey-multi-select,4,44676,0,P1499,STUDY0009,SESS1430,multi_select,random,ms_random,0,"{""Q0"":[""none of these""]}",category_organization_2x2,bread,food_drink
ROW38649,5469,survey-multi-select,5,50150,0,P1499,STUDY0009,SESS1430,multi_select,random,ms_random,0,"{""Q0"":[""none of these""]}",category_organization_2x2,hamburger,food_drink
ROW38650,3369,html-button-response,3,36786,0,P1499,STUDY0009,SESS1430,multi_select,random,ms_random,0,0,lavender_instruction,,
ROW38651,3909,survey-multi-select,7,61234,0,P1499,STUDY0009,SESS1430,multi_select,random,ms_random,0,"{""Q0"":[""none of these""]}",category_organization_2x2,pita,other
ROW38652,7166,survey-multi-select,6,57320,0,P1499,STUDY0009,SESS1430,multi_select,random,ms_random,0,"{""Q0"":[""none of these""]}",category_organization_2x2,doll,toys
ROW38653,5965,survey-multi-select,9,71153,0,P1499,STUDY0009,SESS1430,multi_select,random,ms_random,0,"{""Q0"":[""material""]}",category_organization_2x2,door,furniture_rooms
ROW38654,3946,survey-multi-select,8,65184,0,P1499,STUDY0009,SESS1430,multi_select,random,ms_random,0,"{""Q0"":[""material""]}",category_organization_2x2,table,furniture_rooms
ROW38655,2385,survey-multi-select,11,77812,0,P1499,STUDY0009,SESS1430,multi_select,random,ms_random,0,"{""Q0"":[""none of these""]}",category_organization_2x2,thunder,outside
ROW38656,4267,survey-multi-select,10,75423,0,P1499,STUDY0009,SESS1430,multi_select,random,ms_random,0,"{""Q0"":[""none of these""]}",category_organization_2x2,noodles,food_drink
ROW38657,4005,survey-multi-select,13,85673,0,P1499,STUDY0009,SESS1430,multi_select,random,ms_random,0,"{""Q0"":[""none of these""]}",category_organization_2x2,mango,food_drink
ROW38658,3848,survey-multi-select,12,81664,0,P1499,STUDY0009,SESS1430,multi_select,random,ms_random,0,"{""Q0"":[""none of these""]}",category_organization_2x2,fork,household
ROW38659,3879,survey-multi-select,15,93029,0,P1499,STUDY0009,SESS1430,multi_select,random,ms_random,0,"{""Q0"":[""none of these""]}",category_organization_2x2,carrot,food_drink
ROW38660,3469,survey-multi-select,14,89146,0,P1499,STUDY0009,SESS1430,multi_select,random,ms_random,0,"{""Q0"":[""none of these""]}",category_organization_2x2,and,other
ROW38661,2709,survey-multi-select,16,95742,0,P1499,STUDY0009,SESS1430,multi_select,random,ms_random,0,"{""Q0"":[""material""]}",category_organization_2x2,cushion,household
ROW38662,6273,survey-multi-select,17,102018,0,P1499,STUDY0009,SESS1430,multi_select,random,ms_random,0,"{""Q0"":[""material""]}",category_organization_2x2,can (object),household
ROW38663,4734,survey-multi-select,19,110892,0,P1499,STUDY0009,SESS1430,multi_select,random,ms_random,0,"{""Q0"":[""none of these""]}",category_organization_2x2,mitten,clothing
ROW38664,4133,survey-multi-select,18,106155,0,P1499,STUDY0009,SESS1430,multi_select,random,ms_random,0,"{""Q0"":[""none of these""]}",category_organization_2x2,garbage,household
ROW38665,2435,survey-multi-select,20,113330,0,P1499,STUDY0009,SESS1430,multi_select,random,ms_random,0,"{""Q0"":[""none of these""]}",category_organization_2x2,lavender,attention_check
ROW38666,2711,survey-multi-select,22,118789,0,P1499,STUDY0009,SESS1430,multi_select,random,ms_random,0,"{""Q0"":[""material""]}",category_organization_2x2,clay,toys
ROW38667,2741,survey-multi-select,21,116075,0,P1499,STUDY0009,SESS1430,multi_select,random,ms_random,0,"{""Q0"":[""none of these""]}",category_organization_2x2,lettuce,food_drink
ROW38668,2112,survey-multi-select,23,120904,0,P1499,STUDY0009,SESS1430,multi_select,random,ms_random,0,"{""Q0"":[""none of these""]}",category_organization_2x2,nursery,other
ROW38669,1555,html-button-response,25,126039,0,P1499,STUDY0009,SESS1430,multi_select,random,ms_random,0,0,,,
ROW38670,3575,survey-multi-select,24,124483,0,P1499,STUDY0009,SESS1430,multi_select,random,ms_random,0,"{""Q0"":[""none of these""]}",category_organization_2x2,pineapple,food_drink
ROW38671,3325,instructions,26,129365,0,P1499,STUDY0009,SESS1430,multi_select,random,ms_random,0,,,,
ROW38672,3700,instructions,0,3702,0,P1856,STUDY0009,SESS1400,multi_select,semantic_blocked,ms_blocked,0,,,,
ROW38673,6930,html-button-response,1,10635,0,P1856,STUDY0009,SESS1400,multi_select,semantic_blocked,ms_blocked,0,0,precautions_survey,,
ROW38674,3832,html-button-response,4,30486,0,P1856,STUDY0009,SESS1400,multi_select,semantic_blocked,ms_blocked,0,0,category_section_intro,,toys
ROW38675,4548,html-button-response,3,26652,0,P1856,STUDY0009,SESS1400,multi_select,semantic_blocked,ms_blocked,0,0,lavender_instruction,,
ROW38676,8161,survey-multi-select,5,38653,0,P1856,STUDY0009,SESS1400,multi_select,semantic_blocked,ms_blocked,0,"{""Q0"":[""material""]}",category_organization_2x2,notebook,toys
ROW38677,3466,html-button-response,7,53154,0,P1856,STUDY0009,SESS1400,multi_select,semantic_blocked,ms_blocked,0,0,category_section_intro,,animals
ROW38678,7130,survey-multi-select,8,60287,0,P1856,STUDY0009,SESS1400,multi_select,semantic_blocked,ms_blocked,0,"{""Q0"":[""none of these""]}",category_organization_2x2,duck,animals
ROW38679,11031,survey-multi-select,6,49687,0,P1856,STUDY0009,SESS1400,multi_select,semantic_blocked,ms_blocked,0,"{""Q0"":[""material""]}",category_organization_2x2,racket,toys
ROW38680,6081,survey-multi-select,9,66371,0,P1856,STUDY0009,SESS1400,multi_select,semantic_blocked,ms_blocked,0,"{""Q0"":[""none of these""]}",category_organization_2x2,mouse,animals
ROW38681,6482,survey-multi-select,11,74505,0,P1856,STUDY0009,SESS1400,multi_select,semantic_blocked,ms_blocked,0,"{""Q0"":[""shape""]}",category_organization_2x2,bib,clothing
ROW38682,6662,survey-multi-select,12,81170,0,P1856,STUDY0009,SESS1400,multi_select,semantic_blocked,ms_blocked,0,"{""Q0"":[""none of these""]}",category_organization_2x2,dress shoe,clothing
ROW38683,3584,survey-multi-select,13,84755,0,P1856,STUDY0009,SESS1400,multi_select,semantic_blocked,ms_blocked,0,"{""Q0"":[""shape""]}",category_organization_2x2,tights,clothing
ROW38684,1299,html-button-response,14,86055,0,P1856,STUDY0009,SESS1400,multi_select,semantic_blocked,ms_blocked,0,0,category_section_intro,,food_drink
ROW38685,11467,html-button-response,2,22102,0,P1856,STUDY0009,SESS1400,multi_select,semantic_blocked,ms_blocked,0,0,vocabulary_classification_criteria,,
ROW38686,11732,survey-multi-select,15,97789,0,P1856,STUDY0009,SESS1400,multi_select,semantic_blocked,ms_blocked,0,"{""Q0"":[""material""]}",category_organization_2x2,candy,food_drink
ROW38687,3465,survey-multi-select,17,105924,0,P1856,STUDY0009,SESS1400,multi_select,semantic_blocked,ms_blocked,0,"{""Q0"":[""none of these""]}",category_organization_2x2,fruit,food_drink
ROW38688,3547,survey-multi-select,18,109473,0,P1856,STUDY0009,SESS1400,multi_select,semantic_blocked,ms_blocked,0,"{""Q0"":[""shape""]}",category_organization_2x2,pretzel,food_drink
ROW38689,4664,survey-multi-select,16,102456,0,P1856,STUDY0009,SESS1400,multi_select,semantic_blocked,ms_blocked,0,"{""Q0"":[""shape""]}",category_organization_2x2,cheerios,food_drink
ROW38690,1649,html-button-response,10,68021,0,P1856,STUDY0009,SESS1400,multi_select,semantic_blocked,ms_blocked,0,0,category_section_intro,,clothing
ROW38691,6031,survey-multi-select,19,115506,0,P1856,STUDY0009,SESS1400,multi_select,semantic_blocked,ms_blocked,0,"{""Q0"":[""material""]}",category_organization_2x2,sugar,food_drink
ROW38692,2116,html-button-response,20,117624,0,P1856,STUDY0009,SESS1400,multi_select,semantic_blocked,ms_blocked,0,0,category_section_intro,,body_parts
ROW38693,1649,html-button-response,22,123907,0,P1856,STUDY0009,SESS1400,multi_select,semantic_blocked,ms_blocked,0,0,category_section_intro,,household
ROW38694,4631,survey-multi-select,21,122257,0,P1856,STUDY0009,SESS1400,multi_select,semantic_blocked,ms_blocked,0,"{""Q0"":[""shape""]}",category_organization_2x2,belly button,body_parts
ROW38695,5881,survey-multi-select,23,129791,0,P1856,STUDY0009,SESS1400,multi_select,semantic_blocked,ms_blocked,0,"{""Q0"":[""none of these""]}",category_organization_2x2,soap,household
ROW38696,1249,html-button-response,24,131041,0,P1856,STUDY0009,SESS1400,multi_select,semantic_blocked,ms_blocked,0,0,category_section_intro,,outside
ROW38697,4981,survey-multi-select,25,136025,0,P1856,STUDY0009,SESS1400,multi_select,semantic_blocked,ms_blocked,0,"{""Q0"":[""shape""]}",category_organization_2x2,bush,outside
ROW38698,2247,survey-multi-select,28,146759,0,P1856,STUDY0009,SESS1400,multi_select,semantic_blocked,ms_blocked,0,"{""Q0"":[""none of these""]}",category_organization_2x2,tree,outside
ROW38699,3581,survey-multi-select,27,144509,0,P1856,STUDY0009,SESS1400,multi_select,semantic_blocked,ms_blocked,0,"{""Q0"":[""none of these""]}",category_organization_2x2,lawn mower,outside
ROW38700,4898,survey-multi-select,26,140925,0,P1856,STUDY0009,SESS1400,multi_select,semantic_blocked,ms_blocked,0,"{""Q0"":[""color""]}",category_organization_2x2,lake,outside
ROW38701,3231,survey-multi-select,30,151209,0,P1856,STUDY0009,SESS1400,multi_select,semantic_blocked,ms_blocked,0,"{""Q0"":[""shape""]}",category_organization_2x2,cigarette,other
ROW38703,1931,survey-multi-select,32,156176,0,P1856,STUDY0009,SESS1400,multi_select,semantic_blocked,ms_blocked,0,"{""Q0"":[""none of these""]}",category_organization_2x2,lavender,attention_check
ROW38702,3031,survey-multi-select,31,154243,0,P1856,STUDY0009,SESS1400,multi_select,semantic_blocked,ms_blocked,0,"{""Q0"":[""shape""]}",category_organization_2x2,football,other
ROW38704,1082,html-button-response,33,157259,0,P1856,STUDY0009,SESS1400,multi_select,semantic_blocked,ms_blocked,0,0,,,
ROW38705,3150,instructions,34,160410,0,P1856,STUDY0009,SESS1400,multi_select,semantic_blocked,ms_blocked,0,,,,
ROW38706,1216,html-button-response,29,147976,0,P1856,STUDY0009,SESS1400,multi_select,semantic_blocked,ms_blocked,0,0,category_section_intro,,other
ROW38707,3989,instructions,0,3991,0,P1401,STUDY0009,SESS1416,forced_choice,random,fc_random,0,,,,
ROW38708,12116,html-button-response,1,16109,0,P1401,STUDY0009,SESS1416,forced_choice,random,fc_random,0,0,precautions_survey,,
ROW38709,12065,html-button-response,2,28175,0,P1401,STUDY0009,SESS1416,forced_choice,random,fc_random,0,0,vocabulary_classification_criteria,,
ROW38710,5935,html-button-response,3,34111,0,P1401,STUDY0009,SESS1416,forced_choice,random,fc_random,0,0,lavender_instruction,,
ROW38711,3718,survey-multi-choice,4,37832,0,P1401,STUDY0009,SESS1416,forced_choice,random,fc_random,0,"{""Q0"":""none of these""}",category_organization_2x2,lavender,attention_check
ROW38712,10763,survey-multi-choice,5,48596,0,P1401,STUDY0009,SESS1416,forced_choice,random,fc_random,0,"{""Q0"":""none of these""}",category_organization_2x2,coconut,other
ROW38714,4631,survey-multi-choice,7,59287,0,P1401,STUDY0009,SESS1416,forced_choice,random,fc_random,0,"{""Q0"":""shape""}",category_organization_2x2,stairs,furniture_rooms
ROW38713,6057,survey-multi-choice,6,54655,0,P1401,STUDY0009,SESS1416,forced_choice,random,fc_random,0,"{""Q0"":""none of these""}",category_organization_2x2,rabbit,animals
ROW38715,4483,survey-multi-choice,8,63772,0,P1401,STUDY0009,SESS1416,forced_choice,random,fc_random,0,"{""Q0"":""none of these""}",category_organization_2x2,moose,animals
ROW38716,3399,survey-multi-choice,10,75991,0,P1401,STUDY0009,SESS1416,forced_choice,random,fc_random,0,"{""Q0"":""none of these""}",category_organization_2x2,video,household
ROW38717,8817,survey-multi-choice,9,72591,0,P1401,STUDY0009,SESS1416,forced_choice,random,fc_random,0,"{""Q0"":""none of these""}",category_organization_2x2,chips,food_drink
ROW38718,4877,survey-multi-choice,11,80869,0,P1401,STUDY0009,SESS1416,forced_choice,random,fc_random,0,"{""Q0"":""color""}",category_organization_2x2,sun,outside
ROW38719,3833,survey-multi-choice,12,84703,0,P1401,STUDY0009,SESS1416,forced_choice,random,fc_random,0,"{""Q0"":""color""}",category_organization_2x2,glass,household
ROW38720,6374,survey-multi-choice,13,91078,0,P1401,STUDY0009,SESS1416,forced_choice,random,fc_random,0,"{""Q0"":""none of these""}",category_organization_2x2,shed,outside
ROW38721,4131,survey-multi-choice,14,95210,0,P1401,STUDY0009,SESS1416,forced_choice,random,fc_random,0,"{""Q0"":""none of these""}",category_organization_2x2,croissant,food_drink
ROW38722,5847,survey-multi-choice,15,101058,0,P1401,STUDY0009,SESS1416,forced_choice,random,fc_random,0,"{""Q0"":""material""}",category_organization_2x2,plate,household
ROW38723,7249,survey-multi-choice,16,108309,0,P1401,STUDY0009,SESS1416,forced_choice,random,fc_random,0,"{""Q0"":""none of these""}",category_organization_2x2,beard,body_parts
ROW38724,6477,survey-multi-choice,17,114787,0,P1401,STUDY0009,SESS1416,forced_choice,random,fc_random,0,"{""Q0"":""none of these""}",category_organization_2x2,cupboard,furniture_rooms
ROW38725,4651,survey-multi-choice,18,119439,0,P1401,STUDY0009,SESS1416,forced_choice,random,fc_random,0,"{""Q0"":""none of these""}",category_organization_2x2,reindeer,other
ROW38726,4317,survey-multi-choice,19,123757,0,P1401,STUDY0009,SESS1416,forced_choice,random,fc_random,0,"{""Q0"":""material""}",category_organization_2x2,eraser,other
ROW38727,3175,survey-multi-choice,20,126933,0,P1401,STUDY0009,SESS1416,forced_choice,random,fc_random,0,"{""Q0"":""none of these""}",category_organization_2x2,cow,animals
ROW38728,5605,survey-multi-choice,21,132539,0,P1401,STUDY0009,SESS1416,forced_choice,random,fc_random,0,"{""Q0"":""none of these""}",category_organization_2x2,butt,body_parts
ROW38729,5924,survey-multi-choice,22,138464,0,P1401,STUDY0009,SESS1416,forced_choice,random,fc_random,0,"{""Q0"":""shape""}",category_organization_2x2,cup,household
ROW38730,5593,survey-multi-choice,23,144058,0,P1401,STUDY0009,SESS1416,forced_choice,random,fc_random,0,"{""Q0"":""shape""}",category_organization_2x2,toothbrush,household
ROW38731,5203,survey-multi-choice,24,149262,0,P1401,STUDY0009,SESS1416,forced_choice,random,fc_random,0,"{""Q0"":""none of these""}",category_organization_2x2,toothbrush,household
ROW38732,1852,html-button-response,25,151115,0,P1401,STUDY0009,SESS1416,forced_choice,random,fc_random,0,0,,,
ROW38733,3910,instructions,26,155026,0,P1401,STUDY0009,SESS1416,forced_choice,random,fc_random,0,,,,
ROW38734,8374,instructions,0,8376,0,P1849,STUDY0009,SESS1375,multi_select,random,ms_random,0,,,,
ROW38735,3997,html-button-response,3,41438,0,P1849,STUDY0009,SESS1375,multi_select,random,ms_random,0,0,lavender_instruction,,
ROW38736,13429,html-button-response,1,21807,0,P1849,STUDY0009,SESS1375,multi_select,random,ms_random,0,0,precautions_survey,,
ROW38737,15631,html-button-response,2,37439,0,P1849,STUDY0009,SESS1375,multi_select,random,ms_random,0,0,vocabulary_classification_criteria,,
ROW38738,7566,survey-multi-select,4,49007,0,P1849,STUDY0009,SESS1375,multi_select,random,ms_random,0,"{""Q0"":[""material""]}",category_organization_2x2,beach,other
ROW38739,9813,survey-multi-select,5,58823,0,P1849,STUDY0009,SESS1375,multi_select,random,ms_random,0,"{""Q0"":[""material""]}",category_organization_2x2,plum,food_drink
ROW38740,9317,survey-multi-select,6,68142,0,P1849,STUDY0009,SESS1375,multi_select,random,ms_random,0,"{""Q0"":[""material""]}",category_organization_2x2,cow,animals
ROW38741,2191,survey-multi-select,7,70334,0,P1849,STUDY0009,SESS1375,multi_select,random,ms_random,0,"{""Q0"":[""none of these""]}",category_organization_2x2,lavender,attention_check
ROW38742,5872,survey-multi-select,10,104193,0,P1849,STUDY0009,SESS1375,multi_select,random,ms_random,0,"{""Q0"":[""color"",""material""]}",category_organization_2x2,passion fruit,other
ROW38743,9334,survey-multi-select,8,79670,0,P1849,STUDY0009,SESS1375,multi_select,random,ms_random,0,"{""Q0"":[""shape""]}",category_organization_2x2,bird,animals
ROW38744,18647,survey-multi-select,9,98318,0,P1849,STUDY0009,SESS1375,multi_select,random,ms_random,0,"{""Q0"":[""material""]}",category_organization_2x2,tape,household
ROW38745,5340,survey-multi-select,11,109534,0,P1849,STUDY0009,SESS1375,multi_select,random,ms_random,0,"{""Q0"":[""shape""]}",category_organization_2x2,bottle,household
ROW38746,9200,survey-multi-select,12,118735,0,P1849,STUDY0009,SESS1375,multi_select,random,ms_random,0,"{""Q0"":[""shape""]}",category_organization_2x2,trash can,household
ROW38747,5837,survey-multi-select,13,124575,0,P1849,STUDY0009,SESS1375,multi_select,random,ms_random,0,"{""Q0"":[""material""]}",category_organization_2x2,dryer,furniture_rooms
ROW38748,5213,survey-multi-select,14,129791,0,P1849,STUDY0009,SESS1375,multi_select,random,ms_random,0,"{""Q0"":[""shape""]}",category_organization_2x2,coffee table,furniture_rooms
ROW38749,8805,survey-multi-select,15,138599,0,P1849,STUDY0009,SESS1375,multi_select,random,ms_random,0,"{""Q0"":[""none of these""]}",category_organization_2x2,light,outside
ROW38750,7325,survey-multi-select,16,145927,0,P1849,STUDY0009,SESS1375,multi_select,random,ms_random,0,"{""Q0"":[""shape""]}",category_organization_2x2,bubbles,toys
ROW38751,9775,survey-multi-select,17,155704,0,P1849,STUDY0009,SESS1375,multi_select,random,ms_random,0,"{""Q0"":[""shape""]}",category_organization_2x2,arm,body_parts
ROW38752,3045,survey-multi-select,18,158752,0,P1849,STUDY0009,SESS1375,multi_select,random,ms_random,0,"{""Q0"":[""material""]}",category_organization_2x2,pig,animals
ROW38753,4365,survey-multi-select,19,163120,0,P1849,STUDY0009,SESS1375,multi_select,random,ms_random,0,"{""Q0"":[""shape""]}",category_organization_2x2,couch,furniture_rooms
ROW38754,3932,survey-multi-select,20,167054,0,P1849,STUDY0009,SESS1375,multi_select,random,ms_random,0,"{""Q0"":[""none of these""]}",category_organization_2x2,puzzle,toys
ROW38756,3854,survey-multi-select,22,179087,0,P1849,STUDY0009,SESS1375,multi_select,random,ms_random,0,"{""Q0"":[""shape""]}",category_organization_2x2,muffin,food_drink
ROW38755,8174,survey-multi-select,21,175230,0,P1849,STUDY0009,SESS1375,multi_select,random,ms_random,0,"{""Q0"":[""material""]}",category_organization_2x2,dinosaur,animals
ROW38757,7117,survey-multi-select,23,186207,0,P1849,STUDY0009,SESS1375,multi_select,random,ms_random,0,"{""Q0"":[""shape""]}",category_organization_2x2,breast,body_parts
ROW38758,4085,survey-multi-select,24,190294,0,P1849,STUDY0009,SESS1375,multi_select,random,ms_random,0,"{""Q0"":[""shape"",""material""]}",category_organization_2x2,closet,furniture_rooms
ROW38759,1320,html-button-response,25,191615,0,P1849,STUDY0009,SESS1375,multi_select,random,ms_random,0,0,,,
ROW38760,4447,instructions,26,196063,0,P1849,STUDY0009,SESS1375,multi_select,random,ms_random,0,,,,
ROW38761,9830,html-button-response,1,15361,0,P0281,STUDY0009,SESS1437,forced_choice,random,fc_random,0,0,precautions_survey,,
ROW38762,5527,instructions,0,5529,0,P0281,STUDY0009,SESS1437,forced_choice,random,fc_random,0,,,,
ROW38763,12265,html-button-response,2,27626,0,P0281,STUDY0009,SESS1437,forced_choice,random,fc_random,0,0,vocabulary_classification_criteria,,
ROW38764,5081,html-button-response,3,32708,0,P0281,STUDY0009,SESS1437,forced_choice,random,fc_random,0,0,lavender_instruction,,
ROW38765,8834,survey-multi-choice,5,53536,0,P0281,STUDY0009,SESS1437,forced_choice,random,fc_random,0,"{""Q0"":""shape""}",category_organization_2x2,button,clothing
ROW38766,11992,survey-multi-choice,4,44702,0,P0281,STUDY0009,SESS1437,forced_choice,random,fc_random,0,"{""Q0"":""none of these""}",category_organization_2x2,owl,animals
ROW38767,6255,survey-multi-choice,6,59792,0,P0281,STUDY0009,SESS1437,forced_choice,random,fc_random,0,"{""Q0"":""material""}",category_organization_2x2,cucumber,food_drink
ROW38768,12724,survey-multi-choice,9,81802,0,P0281,STUDY0009,SESS1437,forced_choice,random,fc_random,0,"{""Q0"":""none of these""}",category_organization_2x2,living room,furniture_rooms
ROW38769,3474,survey-multi-choice,8,69076,0,P0281,STUDY0009,SESS1437,forced_choice,random,fc_random,0,"{""Q0"":""shape""}",category_organization_2x2,letter,other
ROW38770,5807,survey-multi-choice,7,65601,0,P0281,STUDY0009,SESS1437,forced_choice,random,fc_random,0,"{""Q0"":""shape""}",category_organization_2x2,clam,animals
ROW38771,2822,survey-multi-choice,10,84624,0,P0281,STUDY0009,SESS1437,forced_choice,random,fc_random,0,"{""Q0"":""none of these""}",category_organization_2x2,lavender,attention_check
ROW38772,3503,survey-multi-choice,11,88129,0,P0281,STUDY0009,SESS1437,forced_choice,random,fc_random,0,"{""Q0"":""color""}",category_organization_2x2,mud,outside
ROW38773,2391,survey-multi-choice,12,90520,0,P0281,STUDY0009,SESS1437,forced_choice,random,fc_random,0,"{""Q0"":""material""}",category_organization_2x2,faucet,furniture_rooms
ROW38774,2951,survey-multi-choice,14,97004,0,P0281,STUDY0009,SESS1437,forced_choice,random,fc_random,0,"{""Q0"":""none of these""}",category_organization_2x2,music,toys
ROW38775,3531,survey-multi-choice,13,94052,0,P0281,STUDY0009,SESS1437,forced_choice,random,fc_random,0,"{""Q0"":""none of these""}",category_organization_2x2,road,outside
ROW38776,2475,survey-multi-choice,17,108256,0,P0281,STUDY0009,SESS1437,forced_choice,random,fc_random,0,"{""Q0"":""none of these""}",category_organization_2x2,drum (object),toys
ROW38777,4280,survey-multi-choice,15,101285,0,P0281,STUDY0009,SESS1437,forced_choice,random,fc_random,0,"{""Q0"":""shape""}",category_organization_2x2,hair dryer,furniture_rooms
ROW38778,4494,survey-multi-choice,16,105780,0,P0281,STUDY0009,SESS1437,forced_choice,random,fc_random,0,"{""Q0"":""material""}",category_organization_2x2,knee,body_parts
ROW38779,2391,survey-multi-choice,18,110649,0,P0281,STUDY0009,SESS1437,forced_choice,random,fc_random,0,"{""Q0"":""none of these""}",category_organization_2x2,pickle,food_drink
ROW38780,2591,survey-multi-choice,20,116712,0,P0281,STUDY0009,SESS1437,forced_choice,random,fc_random,0,"{""Q0"":""material""}",category_organization_2x2,glove,clothing
ROW38781,3470,survey-multi-choice,19,114120,0,P0281,STUDY0009,SESS1437,forced_choice,random,fc_random,0,"{""Q0"":""color""}",category_organization_2x2,zebra,animals
ROW38782,2479,survey-multi-choice,21,119192,0,P0281,STUDY0009,SESS1437,forced_choice,random,fc_random,0,"{""Q0"":""none of these""}",category_organization_2x2,balcony,furniture_rooms
ROW38783,2855,survey-multi-choice,24,127028,0,P0281,STUDY0009,SESS1437,forced_choice,random,fc_random,0,"{""Q0"":""none of these""}",category_organization_2x2,insect,animals
ROW38784,2247,survey-multi-choice,22,121440,0,P0281,STUDY0009,SESS1437,forced_choice,random,fc_random,0,"{""Q0"":""none of these""}",category_organization_2x2,finger,body_parts
ROW38785,2731,survey-multi-choice,23,124172,0,P0281,STUDY0009,SESS1437,forced_choice,random,fc_random,0,"{""Q0"":""material""}",category_organization_2x2,sand,outside
ROW38786,1327,html-button-response,25,128356,0,P0281,STUDY0009,SESS1437,forced_choice,random,fc_random,0,0,,,
ROW38787,2398,instructions,26,130754,0,P0281,STUDY0009,SESS1437,forced_choice,random,fc_random,0,,,,
ROW38788,5897,survey-multi-select,4,41504,0,P1570,STUDY0009,SESS1409,multi_select,random,ms_random,0,"{""Q0"":[""shape""]}",category_organization_2x2,waves,outside
ROW38789,16853,html-button-response,2,23721,0,P1570,STUDY0009,SESS1409,multi_select,random,ms_random,0,0,vocabulary_classification_criteria,,
ROW38790,11872,html-button-response,3,35594,0,P1570,STUDY0009,SESS1409,multi_select,random,ms_random,0,0,lavender_instruction,,
ROW38791,7888,survey-multi-select,5,49393,0,P1570,STUDY0009,SESS1409,multi_select,random,ms_random,0,"{""Q0"":[""color""]}",category_organization_2x2,zebra,animals
ROW38792,5001,html-button-response,1,6868,0,P1570,STUDY0009,SESS1409,multi_select,random,ms_random,0,0,precautions_survey,,
ROW38793,1864,instructions,0,1866,0,P1570,STUDY0009,SESS1409,multi_select,random,ms_random,0,,,,
ROW38796,9718,survey-multi-select,8,69089,0,P1570,STUDY0009,SESS1409,multi_select,random,ms_random,0,"{""Q0"":[""none of these""]}",category_organization_2x2,wolf,animals
ROW38795,5083,survey-multi-select,7,59369,0,P1570,STUDY0009,SESS1409,multi_select,random,ms_random,0,"{""Q0"":[""shape""]}",category_organization_2x2,body,body_parts
ROW38794,4889,survey-multi-select,6,54284,0,P1570,STUDY0009,SESS1409,multi_select,random,ms_random,0,"{""Q0"":[""shape""]}",category_organization_2x2,carrot,food_drink
ROW38797,9082,survey-multi-select,9,78172,0,P1570,STUDY0009,SESS1409,multi_select,random,ms_random,0,"{""Q0"":[""none of these""]}",category_organization_2x2,cucumber,food_drink
ROW38798,3592,survey-multi-select,10,81766,0,P1570,STUDY0009,SESS1409,multi_select,random,ms_random,0,"{""Q0"":[""shape""]}",category_organization_2x2,sausage,food_drink
ROW38799,1806,survey-multi-select,11,83572,0,P1570,STUDY0009,SESS1409,multi_select,random,ms_random,0,"{""Q0"":[""none of these""]}",category_organization_2x2,lavender,attention_check
ROW38800,4926,html-button-response,1,6374,0,P1710,STUDY0009,SESS1433,forced_choice,random,fc_random,0,0,precautions_survey,,
ROW38801,9079,html-button-response,2,15453,0,P1710,STUDY0009,SESS1433,forced_choice,random,fc_random,0,0,vocabulary_classification_criteria,,
ROW38802,1446,instructions,0,1446,0,P1710,STUDY0009,SESS1433,forced_choice,random,fc_random,0,,,,
ROW38803,3196,html-button-response,3,18649,0,P1710,STUDY0009,SESS1433,forced_choice,random,fc_random,0,0,lavender_instruction,,
ROW38804,2027,survey-multi-choice,4,20678,0,P1710,STUDY0009,SESS1433,forced_choice,random,fc_random,0,"{""Q0"":""none of these""}",category_organization_2x2,lavender,attention_check
ROW38805,6179,survey-multi-choice,5,26858,0,P1710,STUDY0009,SESS1433,forced_choice,random,fc_random,0,"{""Q0"":""material""}",category_organization_2x2,blanket,household
ROW38806,11267,survey-multi-choice,6,38126,0,P1710,STUDY0009,SESS1433,forced_choice,random,fc_random,0,"{""Q0"":""color""}",category_organization_2x2,party,other
ROW38807,3899,survey-multi-choice,7,42026,0,P1710,STUDY0009,SESS1433,forced_choice,random,fc_random,0,"{""Q0"":""shape""}",category_organization_2x2,drum (object),toys
ROW38808,7011,survey-multi-choice,8,49037,0,P1710,STUDY0009,SESS1433,forced_choice,random,fc_random,0,"{""Q0"":""material""}",category_organization_2x2,paint (object),household
ROW38809,3272,survey-multi-choice,9,52310,0,P1710,STUDY0009,SESS1433,forced_choice,random,fc_random,0,"{""Q0"":""shape""}",category_organization_2x2,popcorn,food_drink
ROW38810,4767,survey-multi-choice,10,57078,0,P1710,STUDY0009,SESS1433,forced_choice,random,fc_random,0,"{""Q0"":""color""}",category_organization_2x2,parrot,animals
ROW38811,2927,survey-multi-choice,11,60005,0,P1710,STUDY0009,SESS1433,forced_choice,random,fc_random,0,"{""Q0"":""material""}",category_organization_2x2,wind,outside
ROW38812,3087,survey-multi-choice,12,63093,0,P1710,STUDY0009,SESS1433,forced_choice,random,fc_random,0,"{""Q0"":""color""}",category_organization_2x2,plum,food_drink
ROW38813,8944,survey-multi-choice,13,72037,0,P1710,STUDY0009,SESS1433,forced_choice,random,fc_random,0,"{""Q0"":""none of these""}",category_organization_2x2,stork,animals
ROW38814,3391,survey-multi-choice,14,75429,0,P1710,STUDY0009,SESS1433,forced_choice,random,fc_random,0,"{""Q0"":""none of these""}",category_organization_2x2,gut,body_parts
ROW38815,6663,survey-multi-choice,15,82093,0,P1710,STUDY0009,SESS1433,forced_choice,random,fc_random,0,"{""Q0"":""shape""}",category_organization_2x2,fan,household
ROW38816,2875,survey-multi-choice,16,84969,0,P1710,STUDY0009,SESS1433,forced_choice,random,fc_random,0,"{""Q0"":""shape""}",category_organization_2x2,ear,body_parts
ROW38817,3107,survey-multi-choice,17,88076,0,P1710,STUDY0009,SESS1433,forced_choice,random,fc_random,0,"{""Q0"":""shape""}",category_organization_2x2,popsicle,food_drink
ROW38818,4576,survey-multi-choice,18,92652,0,P1710,STUDY0009,SESS1433,forced_choice,random,fc_random,0,"{""Q0"":""shape""}",category_organization_2x2,car,vehicles
ROW38819,4951,survey-multi-choice,19,97604,0,P1710,STUDY0009,SESS1433,forced_choice,random,fc_random,0,"{""Q0"":""shape""}",category_organization_2x2,kitty,animals
ROW38820,3511,survey-multi-choice,21,104948,0,P1710,STUDY0009,SESS1433,forced_choice,random,fc_random,0,"{""Q0"":""material""}",category_organization_2x2,bubbles,toys
ROW38821,8875,survey-multi-choice,22,113824,0,P1710,STUDY0009,SESS1433,forced_choice,random,fc_random,0,"{""Q0"":""shape""}",category_organization_2x2,teddybear,animals
ROW38822,3208,survey-multi-choice,23,117032,0,P1710,STUDY0009,SESS1433,forced_choice,random,fc_random,0,"{""Q0"":""color""}",category_organization_2x2,pineapple,food_drink
ROW38823,3832,survey-multi-choice,20,101436,0,P1710,STUDY0009,SESS1433,forced_choice,random,fc_random,0,"{""Q0"":""shape""}",category_organization_2x2,cart,vehicles
ROW38824,6316,survey-multi-choice,24,123348,0,P1710,STUDY0009,SESS1433,forced_choice,random,fc_random,0,"{""Q0"":""color""}",category_organization_2x2,coffee,food_drink
ROW38825,951,html-button-response,25,124300,0,P1710,STUDY0009,SESS1433,forced_choice,random,fc_random,0,0,,,
ROW38826,3464,instructions,26,127764,0,P1710,STUDY0009,SESS1433,forced_choice,random,fc_random,0,,,,
ROW38827,8231,html-button-response,2,24599,0,P1639,STUDY0009,SESS1407,multi_select,semantic_blocked,ms_blocked,0,0,vocabulary_classification_criteria,,
ROW38828,7517,html-button-response,3,32117,0,P1639,STUDY0009,SESS1407,multi_select,semantic_blocked,ms_blocked,0,0,lavender_instruction,,
ROW38829,4740,instructions,0,4744,0,P1639,STUDY0009,SESS1407,multi_select,semantic_blocked,ms_blocked,0,,,,
ROW38830,11620,html-button-response,1,16367,0,P1639,STUDY0009,SESS1407,multi_select,semantic_blocked,ms_blocked,0,0,precautions_survey,,
ROW38831,1699,html-button-response,4,33818,0,P1639,STUDY0009,SESS1407,multi_select,semantic_blocked,ms_blocked,0,0,category_section_intro,,vehicles
ROW38832,8494,survey-multi-select,5,42318,0,P1639,STUDY0009,SESS1407,multi_select,semantic_blocked,ms_blocked,0,"{""Q0"":[""color""]}",category_organization_2x2,police car,vehicles
ROW38833,1570,html-button-response,1,4757,0,P1264,STUDY0009,SESS1438,forced_choice,semantic_blocked,fc_blocked,0,0,precautions_survey,,
ROW38834,3183,instructions,0,3184,0,P1264,STUDY0009,SESS1438,forced_choice,semantic_blocked,fc_blocked,0,,,,
ROW38835,9469,html-button-response,2,14226,0,P1264,STUDY0009,SESS1438,forced_choice,semantic_blocked,fc_blocked,0,0,vocabulary_classification_criteria,,
ROW38836,3455,html-button-response,4,21708,0,P1264,STUDY0009,SESS1438,forced_choice,semantic_blocked,fc_blocked,0,0,category_section_intro,,toys
ROW38837,4026,html-button-response,3,18253,0,P1264,STUDY0009,SESS1438,forced_choice,semantic_blocked,fc_blocked,0,0,lavender_instruction,,
ROW38838,24133,instructions,0,24140,0,P0293,STUDY0009,SESS1392,multi_select,random,ms_random,0,,,,
ROW38839,12790,html-button-response,2,44756,0,P0293,STUDY0009,SESS1392,multi_select,random,ms_random,0,0,vocabulary_classification_criteria,,
ROW38841,7659,html-button-response,3,52417,0,P0293,STUDY0009,SESS1392,multi_select,random,ms_random,0,0,lavender_instruction,,
ROW38840,7819,html-button-response,1,31963,0,P0293,STUDY0009,SESS1392,multi_select,random,ms_random,0,0,precautions_survey,,
ROW38843,5907,survey-multi-select,5,65944,0,P0293,STUDY0009,SESS1392,multi_select,random,ms_random,0,"{""Q0"":[""shape"",""color""]}",category_organization_2x2,raisin,food_drink
ROW38842,7609,survey-multi-select,4,60032,0,P0293,STUDY0009,SESS1392,multi_select,random,ms_random,0,"{""Q0"":[""shape""]}",category_organization_2x2,room,furniture_rooms
ROW38844,7785,survey-multi-choice,5,29495,0,P1264,STUDY0009,SESS1438,forced_choice,semantic_blocked,fc_blocked,0,"{""Q0"":""shape""}",category_organization_2x2,drum (object),toys
ROW38845,5185,survey-multi-choice,6,34681,0,P1264,STUDY0009,SESS1438,forced_choice,semantic_blocked,fc_blocked,0,"{""Q0"":""none of these""}",category_organization_2x2,music,toys
ROW38846,2383,html-button-response,7,37065,0,P1264,STUDY0009,SESS1438,forced_choice,semantic_blocked,fc_blocked,0,0,category_section_intro,,animals
ROW38847,5625,survey-multi-choice,8,42691,0,P1264,STUDY0009,SESS1438,forced_choice,semantic_blocked,fc_blocked,0,"{""Q0"":""shape""}",category_organization_2x2,clam,animals
ROW38848,9676,survey-multi-choice,9,52369,0,P1264,STUDY0009,SESS1438,forced_choice,semantic_blocked,fc_blocked,0,"{""Q0"":""shape""}",category_organization_2x2,insect,animals
ROW38849,4366,survey-multi-select,6,70313,0,P0293,STUDY0009,SESS1392,multi_select,random,ms_random,0,"{""Q0"":[""shape"",""color""]}",category_organization_2x2,guava,food_drink
ROW38850,6232,survey-multi-select,7,76549,0,P0293,STUDY0009,SESS1392,multi_select,random,ms_random,0,"{""Q0"":[""shape"",""color""]}",category_organization_2x2,thunder,outside
ROW38851,6543,survey-multi-select,9,88617,0,P0293,STUDY0009,SESS1392,multi_select,random,ms_random,0,"{""Q0"":[""shape"",""color""]}",category_organization_2x2,toe,body_parts
ROW38852,5517,survey-multi-select,8,82071,0,P0293,STUDY0009,SESS1392,multi_select,random,ms_random,0,"{""Q0"":[""material""]}",category_organization_2x2,gum,food_drink
ROW38853,8156,survey-multi-select,10,96777,0,P0293,STUDY0009,SESS1392,multi_select,random,ms_random,0,"{""Q0"":[""material""]}",category_organization_2x2,patio,furniture_rooms
ROW38854,6463,survey-multi-select,11,103244,0,P0293,STUDY0009,SESS1392,multi_select,random,ms_random,0,"{""Q0"":[""shape"",""material""]}",category_organization_2x2,tooth,body_parts
ROW38855,6280,survey-multi-select,12,109528,0,P0293,STUDY0009,SESS1392,multi_select,random,ms_random,0,"{""Q0"":[""shape"",""color"",""material""]}",category_organization_2x2,floor,furniture_rooms
ROW38856,4508,survey-multi-select,13,114040,0,P0293,STUDY0009,SESS1392,multi_select,random,ms_random,0,"{""Q0"":[""none of these""]}",category_organization_2x2,cat,animals
ROW38857,4598,survey-multi-select,14,118640,0,P0293,STUDY0009,SESS1392,multi_select,random,ms_random,0,"{""Q0"":[""shape"",""material""]}",category_organization_2x2,keys,household
ROW38858,3716,survey-multi-select,15,122360,0,P0293,STUDY0009,SESS1392,multi_select,random,ms_random,0,"{""Q0"":[""material""]}",category_organization_2x2,mitten,clothing
ROW38859,6749,survey-multi-select,16,129113,0,P0293,STUDY0009,SESS1392,multi_select,random,ms_random,0,"{""Q0"":[""shape"",""color""]}",category_organization_2x2,thumb,body_parts
ROW38860,4691,survey-multi-select,17,133808,0,P0293,STUDY0009,SESS1392,multi_select,random,ms_random,0,"{""Q0"":[""color"",""material""]}",category_organization_2x2,jello,food_drink
ROW38861,10927,survey-multi-select,18,144738,0,P0293,STUDY0009,SESS1392,multi_select,random,ms_random,0,"{""Q0"":[""none of these""]}",category_organization_2x2,fish (food),food_drink
ROW38862,3625,survey-multi-select,19,148367,0,P0293,STUDY0009,SESS1392,multi_select,random,ms_random,0,"{""Q0"":[""none of these""]}",category_organization_2x2,compote,food_drink
ROW38863,4463,survey-multi-select,20,152834,0,P0293,STUDY0009,SESS1392,multi_select,random,ms_random,0,"{""Q0"":[""shape""]}",category_organization_2x2,firetruck,vehicles
ROW38864,4009,survey-multi-select,21,156847,0,P0293,STUDY0009,SESS1392,multi_select,random,ms_random,0,"{""Q0"":[""shape"",""color""]}",category_organization_2x2,rainbow,other
ROW38865,28832,survey-multi-select,22,185682,0,P0293,STUDY0009,SESS1392,multi_select,random,ms_random,0,"{""Q0"":[""none of these""]}",category_organization_2x2,mayonnaise,other
ROW38866,3142,survey-multi-select,23,188829,0,P0293,STUDY0009,SESS1392,multi_select,random,ms_random,0,"{""Q0"":[""none of these""]}",category_organization_2x2,lavender,attention_check
ROW38867,3946,survey-multi-select,24,192778,0,P0293,STUDY0009,SESS1392,multi_select,random,ms_random,0,"{""Q0"":[""shape""]}",category_organization_2x2,buttocks,body_parts
ROW38868,5996,survey-multi-choice,14,73601,0,P1264,STUDY0009,SESS1438,forced_choice,semantic_blocked,fc_blocked,0,"{""Q0"":""shape""}",category_organization_2x2,glove,clothing
ROW38869,3710,survey-multi-choice,11,61244,0,P1264,STUDY0009,SESS1438,forced_choice,semantic_blocked,fc_blocked,0,"{""Q0"":""color""}",category_organization_2x2,zebra,animals
ROW38870,5163,survey-multi-choice,10,57533,0,P1264,STUDY0009,SESS1438,forced_choice,semantic_blocked,fc_blocked,0,"{""Q0"":""color""}",category_organization_2x2,owl,animals
ROW38871,1690,html-button-response,12,62934,0,P1264,STUDY0009,SESS1438,forced_choice,semantic_blocked,fc_blocked,0,0,category_section_intro,,clothing
ROW38872,4670,survey-multi-choice,13,67604,0,P1264,STUDY0009,SESS1438,forced_choice,semantic_blocked,fc_blocked,0,"{""Q0"":""shape""}",category_organization_2x2,button,clothing
ROW38873,1914,html-button-response,25,194694,0,P0293,STUDY0009,SESS1392,multi_select,random,ms_random,0,0,,,
ROW38874,2397,instructions,26,197092,0,P0293,STUDY0009,SESS1392,multi_select,random,ms_random,0,,,,
ROW38875,1692,html-button-response,15,75294,0,P1264,STUDY0009,SESS1438,forced_choice,semantic_blocked,fc_blocked,0,0,category_section_intro,,furniture_rooms
ROW38876,5125,survey-multi-choice,16,80420,0,P1264,STUDY0009,SESS1438,forced_choice,semantic_blocked,fc_blocked,0,"{""Q0"":""shape""}",category_organization_2x2,balcony,furniture_rooms
ROW38877,5108,survey-multi-choice,19,92385,0,P1264,STUDY0009,SESS1438,forced_choice,semantic_blocked,fc_blocked,0,"{""Q0"":""shape""}",category_organization_2x2,living room,furniture_rooms
ROW38878,3424,survey-multi-choice,18,87276,0,P1264,STUDY0009,SESS1438,forced_choice,semantic_blocked,fc_blocked,0,"{""Q0"":""material""}",category_organization_2x2,hair dryer,furniture_rooms
ROW38879,1511,html-button-response,20,93897,0,P1264,STUDY0009,SESS1438,forced_choice,semantic_blocked,fc_blocked,0,0,category_section_intro,,food_drink
ROW38880,3431,survey-multi-choice,17,83852,0,P1264,STUDY0009,SESS1438,forced_choice,semantic_blocked,fc_blocked,0,"{""Q0"":""material""}",category_organization_2x2,faucet,furniture_rooms
ROW38881,1422,html-button-response,23,108333,0,P1264,STUDY0009,SESS1438,forced_choice,semantic_blocked,fc_blocked,0,0,category_section_intro,,body_parts
ROW38882,4012,survey-multi-choice,24,112345,0,P1264,STUDY0009,SESS1438,forced_choice,semantic_blocked,fc_blocked,0,"{""Q0"":""shape""}",category_organization_2x2,finger,body_parts
ROW38883,7471,survey-multi-choice,21,101369,0,P1264,STUDY0009,SESS1438,forced_choice,semantic_blocked,fc_blocked,0,"{""Q0"":""color""}",category_organization_2x2,cucumber,food_drink
ROW38884,1685,html-button-response,26,118623,0,P1264,STUDY0009,SESS1438,forced_choice,semantic_blocked,fc_blocked,0,0,category_section_intro,,outside
ROW38885,5541,survey-multi-choice,22,106911,0,P1264,STUDY0009,SESS1438,forced_choice,semantic_blocked,fc_blocked,0,"{""Q0"":""shape""}",category_organization_2x2,pickle,food_drink
ROW38886,4592,survey-multi-choice,25,116938,0,P1264,STUDY0009,SESS1438,forced_choice,semantic_blocked,fc_blocked,0,"{""Q0"":""shape""}",category_organization_2x2,knee,body_parts
ROW38887,4255,survey-multi-choice,28,126123,0,P1264,STUDY0009,SESS1438,forced_choice,semantic_blocked,fc_blocked,0,"{""Q0"":""material""}",category_organization_2x2,road,outside
ROW38888,1360,html-button-response,30,130695,0,P1264,STUDY0009,SESS1438,forced_choice,semantic_blocked,fc_blocked,0,0,category_section_intro,,other
ROW38889,3045,survey-multi-choice,32,137695,0,P1264,STUDY0009,SESS1438,forced_choice,semantic_blocked,fc_blocked,0,"{""Q0"":""none of these""}",category_organization_2x2,lavender,attention_check
ROW38890,3955,survey-multi-choice,31,134650,0,P1264,STUDY0009,SESS1438,forced_choice,semantic_blocked,fc_blocked,0,"{""Q0"":""shape""}",category_organization_2x2,letter,other
ROW38891,3211,survey-multi-choice,29,129334,0,P1264,STUDY0009,SESS1438,forced_choice,semantic_blocked,fc_blocked,0,"{""Q0"":""material""}",category_organization_2x2,sand,outside
ROW38892,3243,survey-multi-choice,27,121867,0,P1264,STUDY0009,SESS1438,forced_choice,semantic_blocked,fc_blocked,0,"{""Q0"":""material""}",category_organization_2x2,mud,outside
ROW38893,1483,html-button-response,33,139178,0,P1264,STUDY0009,SESS1438,forced_choice,semantic_blocked,fc_blocked,0,0,,,
ROW38894,1848,instructions,34,141026,0,P1264,STUDY0009,SESS1438,forced_choice,semantic_blocked,fc_blocked,0,,,,
ROW38895,17677,html-button-response,1,55550,0,P0817,STUDY0009,SESS1374,multi_select,random,ms_random,0,0,precautions_survey,,
ROW38896,37871,instructions,0,37872,0,P0817,STUDY0009,SESS1374,multi_select,random,ms_random,0,,,,
ROW38897,8685,html-button-response,3,82523,0,P0817,STUDY0009,SESS1374,multi_select,random,ms_random,0,0,lavender_instruction,,
ROW38898,13604,survey-multi-select,4,96128,0,P0817,STUDY0009,SESS1374,multi_select,random,ms_random,0,"{""Q0"":[""material""]}",category_organization_2x2,glass,household
ROW38899,18287,html-button-response,2,73837,0,P0817,STUDY0009,SESS1374,multi_select,random,ms_random,0,0,vocabulary_classification_criteria,,
ROW38900,11022,survey-multi-select,5,107151,0,P0817,STUDY0009,SESS1374,multi_select,random,ms_random,0,"{""Q0"":[""none of these""]}",category_organization_2x2,basement,other
ROW38901,10181,survey-multi-select,6,117333,0,P0817,STUDY0009,SESS1374,multi_select,random,ms_random,0,"{""Q0"":[""none of these""]}",category_organization_2x2,headband,clothing
ROW38902,6917,survey-multi-select,7,124251,0,P0817,STUDY0009,SESS1374,multi_select,random,ms_random,0,"{""Q0"":[""shape""]}",category_organization_2x2,umbrella,outside
ROW38903,7969,survey-multi-select,8,132221,0,P0817,STUDY0009,SESS1374,multi_select,random,ms_random,0,"{""Q0"":[""shape""]}",category_organization_2x2,body,body_parts
ROW38904,8743,survey-multi-select,9,140965,0,P0817,STUDY0009,SESS1374,multi_select,random,ms_random,0,"{""Q0"":[""shape""]}",category_organization_2x2,digger,vehicles
ROW38905,5505,survey-multi-select,10,146471,0,P0817,STUDY0009,SESS1374,multi_select,random,ms_random,0,"{""Q0"":[""none of these""]}",category_organization_2x2,clam,animals
ROW38906,4662,survey-multi-select,11,151133,0,P0817,STUDY0009,SESS1374,multi_select,random,ms_random,0,"{""Q0"":[""none of these""]}",category_organization_2x2,robot,toys
ROW38907,6975,survey-multi-select,12,158109,0,P0817,STUDY0009,SESS1374,multi_select,random,ms_random,0,"{""Q0"":[""material""]}",category_organization_2x2,tablecloth,furniture_rooms
ROW38908,6615,survey-multi-select,13,164725,0,P0817,STUDY0009,SESS1374,multi_select,random,ms_random,0,"{""Q0"":[""none of these""]}",category_organization_2x2,rain,outside
ROW38909,7053,survey-multi-select,14,171779,0,P0817,STUDY0009,SESS1374,multi_select,random,ms_random,0,"{""Q0"":[""none of these""]}",category_organization_2x2,chickpea,food_drink
ROW38910,3149,survey-multi-select,16,180275,0,P0817,STUDY0009,SESS1374,multi_select,random,ms_random,0,"{""Q0"":[""none of these""]}",category_organization_2x2,cell phone,household
ROW38911,5346,survey-multi-select,15,177126,0,P0817,STUDY0009,SESS1374,multi_select,random,ms_random,0,"{""Q0"":[""none of these""]}",category_organization_2x2,fly (animal),animals
ROW38912,3729,survey-multi-select,17,184005,0,P0817,STUDY0009,SESS1374,multi_select,random,ms_random,0,"{""Q0"":[""none of these""]}",category_organization_2x2,ambulance,vehicles
ROW38913,3431,survey-multi-select,18,187437,0,P0817,STUDY0009,SESS1374,multi_select,random,ms_random,0,"{""Q0"":[""none of these""]}",category_organization_2x2,marker,toys
ROW38914,4954,survey-multi-select,19,192392,0,P0817,STUDY0009,SESS1374,multi_select,random,ms_random,0,"{""Q0"":[""none of these""]}",category_organization_2x2,rice,food_drink
ROW38915,7967,survey-multi-select,20,200359,0,P0817,STUDY0009,SESS1374,multi_select,random,ms_random,0,"{""Q0"":[""shape""]}",category_organization_2x2,liver (food),food_drink
ROW38916,3723,survey-multi-select,21,204085,0,P0817,STUDY0009,SESS1374,multi_select,random,ms_random,0,"{""Q0"":[""shape""]}",category_organization_2x2,strawberry,food_drink
ROW38917,3828,survey-multi-select,22,207913,0,P0817,STUDY0009,SESS1374,multi_select,random,ms_random,0,"{""Q0"":[""none of these""]}",category_organization_2x2,panda,animals
ROW38918,2526,survey-multi-select,23,210441,0,P0817,STUDY0009,SESS1374,multi_select,random,ms_random,0,"{""Q0"":[""none of these""]}",category_organization_2x2,lavender,attention_check
ROW38919,3875,instructions,0,3877,0,P0468,STUDY0009,SESS1396,multi_select,random,ms_random,0,,,,
ROW38920,2032,survey-multi-select,24,212473,0,P0817,STUDY0009,SESS1374,multi_select,random,ms_random,0,"{""Q0"":[""none of these""]}",category_organization_2x2,hat,clothing
ROW38921,1289,html-button-response,25,213763,0,P0817,STUDY0009,SESS1374,multi_select,random,ms_random,0,0,,,
ROW38922,1788,instructions,26,215551,0,P0817,STUDY0009,SESS1374,multi_select,random,ms_random,0,,,,
ROW38923,11130,html-button-response,1,15009,0,P0468,STUDY0009,SESS1396,multi_select,random,ms_random,0,0,precautions_survey,,
ROW38924,32097,html-button-response,2,47108,0,P0468,STUDY0009,SESS1396,multi_select,random,ms_random,0,0,vocabulary_classification_criteria,,
ROW38925,4534,html-button-response,3,51643,0,P0468,STUDY0009,SESS1396,multi_select,random,ms_random,0,0,lavender_instruction,,
ROW38926,10975,survey-multi-select,4,62622,0,P0468,STUDY0009,SESS1396,multi_select,random,ms_random,0,"{""Q0"":[""shape""]}",category_organization_2x2,tower,other
ROW38927,9526,survey-multi-select,5,72150,0,P0468,STUDY0009,SESS1396,multi_select,random,ms_random,0,"{""Q0"":[""shape"",""material""]}",category_organization_2x2,chips,food_drink
ROW38928,5908,survey-multi-select,6,78060,0,P0468,STUDY0009,SESS1396,multi_select,random,ms_random,0,"{""Q0"":[""shape"",""material""]}",category_organization_2x2,croissant,food_drink
ROW38929,6247,survey-multi-select,7,84309,0,P0468,STUDY0009,SESS1396,multi_select,random,ms_random,0,"{""Q0"":[""shape"",""material""]}",category_organization_2x2,beans,food_drink
ROW38930,7713,survey-multi-select,8,92024,0,P0468,STUDY0009,SESS1396,multi_select,random,ms_random,0,"{""Q0"":[""none of these""]}",category_organization_2x2,present,toys
ROW38931,9497,survey-multi-select,9,101524,0,P0468,STUDY0009,SESS1396,multi_select,random,ms_random,0,"{""Q0"":[""shape"",""material""]}",category_organization_2x2,bear,animals
ROW38932,6116,survey-multi-select,10,107642,0,P0468,STUDY0009,SESS1396,multi_select,random,ms_random,0,"{""Q0"":[""shape"",""material""]}",category_organization_2x2,scissors,household
ROW38933,5438,survey-multi-select,11,113082,0,P0468,STUDY0009,SESS1396,multi_select,random,ms_random,0,"{""Q0"":[""shape""]}",category_organization_2x2,stool,furniture_rooms
ROW38934,3687,survey-multi-select,12,116771,0,P0468,STUDY0009,SESS1396,multi_select,random,ms_random,0,"{""Q0"":[""none of these""]}",category_organization_2x2,lavender,attention_check
ROW38935,7746,survey-multi-select,13,124519,0,P0468,STUDY0009,SESS1396,multi_select,random,ms_random,0,"{""Q0"":[""material""]}",category_organization_2x2,mushroom,food_drink
ROW38936,5937,survey-multi-select,14,130458,0,P0468,STUDY0009,SESS1396,multi_select,random,ms_random,0,"{""Q0"":[""shape"",""material""]}",category_organization_2x2,elephant,animals
ROW38937,6026,survey-multi-select,15,136485,0,P0468,STUDY0009,SESS1396,multi_select,random,ms_random,0,"{""Q0"":[""shape""]}",category_organization_2x2,shoe,clothing
ROW38938,5463,survey-multi-select,16,141950,0,P0468,STUDY0009,SESS1396,multi_select,random,ms_random,0,"{""Q0"":[""none of these""]}",category_organization_2x2,zoo,other
ROW38939,6912,survey-multi-select,17,148864,0,P0468,STUDY0009,SESS1396,multi_select,random,ms_random,0,"{""Q0"":[""material""]}",category_organization_2x2,vacuum cleaner,household
ROW38940,4580,survey-multi-select,18,153446,0,P0468,STUDY0009,SESS1396,multi_select,random,ms_random,0,"{""Q0"":[""none of these""]}",category_organization_2x2,suburb,other
ROW38941,7487,survey-multi-select,19,160934,0,P0468,STUDY0009,SESS1396,multi_select,random,ms_random,0,"{""Q0"":[""shape"",""material""]}",category_organization_2x2,meatball,food_drink
ROW38942,3982,survey-multi-select,20,164918,0,P0468,STUDY0009,SESS1396,multi_select,random,ms_random,0,"{""Q0"":[""none of these""]}",category_organization_2x2,clown,toys
ROW38943,6872,survey-multi-select,21,171792,0,P0468,STUDY0009,SESS1396,multi_select,random,ms_random,0,"{""Q0"":[""shape"",""material""]}",category_organization_2x2,sneaker,clothing
ROW38944,15064,survey-multi-select,22,186857,0,P0468,STUDY0009,SESS1396,multi_select,random,ms_random,0,"{""Q0"":[""shape"",""material""]}",category_organization_2x2,plantain,food_drink
ROW38945,3852,survey-multi-select,23,190711,0,P0468,STUDY0009,SESS1396,multi_select,random,ms_random,0,"{""Q0"":[""material""]}",category_organization_2x2,cockroach,animals
ROW38946,8418,survey-multi-select,24,199131,0,P0468,STUDY0009,SESS1396,multi_select,random,ms_random,0,"{""Q0"":[""shape""]}",category_organization_2x2,whistle (object),toys
ROW38947,2645,html-button-response,25,201778,0,P0468,STUDY0009,SESS1396,multi_select,random,ms_random,0,0,,,
ROW38948,3134,instructions,26,204912,0,P0468,STUDY0009,SESS1396,multi_select,random,ms_random,0,,,,
ROW38949,5446,html-button-response,1,10874,0,P0427,STUDY0009,SESS1401,forced_choice,random,fc_random,0,0,precautions_survey,,
ROW38950,5421,instructions,0,5424,0,P0427,STUDY0009,SESS1401,forced_choice,random,fc_random,0,,,,
ROW38951,11610,html-button-response,2,22485,0,P0427,STUDY0009,SESS1401,forced_choice,random,fc_random,0,0,vocabulary_classification_criteria,,
ROW38952,18655,survey-multi-choice,5,65262,0,P0427,STUDY0009,SESS1401,forced_choice,random,fc_random,0,"{""Q0"":""shape""}",category_organization_2x2,mop (object),household
ROW38953,4548,html-button-response,3,27035,0,P0427,STUDY0009,SESS1401,forced_choice,random,fc_random,0,0,lavender_instruction,,
ROW38954,19562,survey-multi-choice,4,46603,0,P0427,STUDY0009,SESS1401,forced_choice,random,fc_random,0,"{""Q0"":""material""}",category_organization_2x2,bidet,other
ROW38955,7327,survey-multi-choice,6,72592,0,P0427,STUDY0009,SESS1401,forced_choice,random,fc_random,0,"{""Q0"":""color""}",category_organization_2x2,pepper,food_drink
ROW38956,5674,survey-multi-choice,7,78268,0,P0427,STUDY0009,SESS1401,forced_choice,random,fc_random,0,"{""Q0"":""shape""}",category_organization_2x2,police car,vehicles
ROW38957,4267,survey-multi-choice,8,82538,0,P0427,STUDY0009,SESS1401,forced_choice,random,fc_random,0,"{""Q0"":""material""}",category_organization_2x2,clothing,clothing
ROW38958,4865,survey-multi-choice,10,92672,0,P0427,STUDY0009,SESS1401,forced_choice,random,fc_random,0,"{""Q0"":""color""}",category_organization_2x2,lotion,other
ROW38959,5264,survey-multi-choice,9,87805,0,P0427,STUDY0009,SESS1401,forced_choice,random,fc_random,0,"{""Q0"":""shape""}",category_organization_2x2,onion,food_drink
ROW38960,4279,survey-multi-choice,11,96954,0,P0427,STUDY0009,SESS1401,forced_choice,random,fc_random,0,"{""Q0"":""color""}",category_organization_2x2,cherry,food_drink
ROW38961,6790,survey-multi-choice,12,103746,0,P0427,STUDY0009,SESS1401,forced_choice,random,fc_random,0,"{""Q0"":""none of these""}",category_organization_2x2,lavender,attention_check
ROW38962,5660,survey-multi-choice,13,109409,0,P0427,STUDY0009,SESS1401,forced_choice,random,fc_random,0,"{""Q0"":""shape""}",category_organization_2x2,kite,toys
ROW38963,6455,survey-multi-choice,14,115867,0,P0427,STUDY0009,SESS1401,forced_choice,random,fc_random,0,"{""Q0"":""shape""}",category_organization_2x2,rake (object),toys
ROW38964,7824,survey-multi-choice,16,127991,0,P0427,STUDY0009,SESS1401,forced_choice,random,fc_random,0,"{""Q0"":""shape""}",category_organization_2x2,yard,outside
ROW38965,4296,survey-multi-choice,15,120165,0,P0427,STUDY0009,SESS1401,forced_choice,random,fc_random,0,"{""Q0"":""shape""}",category_organization_2x2,penguin,animals
ROW38966,4274,survey-multi-choice,17,132267,0,P0427,STUDY0009,SESS1401,forced_choice,random,fc_random,0,"{""Q0"":""color""}",category_organization_2x2,compote,food_drink
ROW38967,5513,survey-multi-choice,18,137781,0,P0427,STUDY0009,SESS1401,forced_choice,random,fc_random,0,"{""Q0"":""material""}",category_organization_2x2,towel,household
ROW38968,5499,survey-multi-choice,19,143282,0,P0427,STUDY0009,SESS1401,forced_choice,random,fc_random,0,"{""Q0"":""shape""}",category_organization_2x2,boots,clothing
ROW38969,9522,survey-multi-choice,23,167304,0,P0427,STUDY0009,SESS1401,forced_choice,random,fc_random,0,"{""Q0"":""shape""}",category_organization_2x2,potty,furniture_rooms
ROW38970,5918,survey-multi-choice,20,149203,0,P0427,STUDY0009,SESS1401,forced_choice,random,fc_random,0,"{""Q0"":""material""}",category_organization_2x2,belt,clothing
ROW38971,4553,survey-multi-choice,21,153758,0,P0427,STUDY0009,SESS1401,forced_choice,random,fc_random,0,"{""Q0"":""shape""}",category_organization_2x2,llama,other
ROW38972,4019,survey-multi-choice,22,157779,0,P0427,STUDY0009,SESS1401,forced_choice,random,fc_random,0,"{""Q0"":""shape""}",category_organization_2x2,microwave,furniture_rooms
ROW38973,5019,survey-multi-choice,24,172325,0,P0427,STUDY0009,SESS1401,forced_choice,random,fc_random,0,"{""Q0"":""material""}",category_organization_2x2,kefir,food_drink
ROW38974,16900,html-button-response,25,189228,0,P0427,STUDY0009,SESS1401,forced_choice,random,fc_random,0,0,,,
ROW38975,3392,instructions,26,192621,0,P0427,STUDY0009,SESS1401,forced_choice,random,fc_random,0,,,,
ROW38976,7320,instructions,0,7321,0,P1656,STUDY0009,SESS1431,forced_choice,semantic_blocked,fc_blocked,0,,,,
ROW38977,4441,html-button-response,3,37249,0,P1656,STUDY0009,SESS1431,forced_choice,semantic_blocked,fc_blocked,0,0,lavender_instruction,,
ROW38978,10612,html-button-response,4,47862,0,P1656,STUDY0009,SESS1431,forced_choice,semantic_blocked,fc_blocked,0,0,category_section_intro,,vehicles
ROW38979,9277,html-button-response,1,16600,0,P1656,STUDY0009,SESS1431,forced_choice,semantic_blocked,fc_blocked,0,0,precautions_survey,,
ROW38981,11615,survey-multi-choice,5,59479,0,P1656,STUDY0009,SESS1431,forced_choice,semantic_blocked,fc_blocked,0,"{""Q0"":""none of these""}",category_organization_2x2,police car,vehicles
ROW38980,16207,html-button-response,2,32808,0,P1656,STUDY0009,SESS1431,forced_choice,semantic_blocked,fc_blocked,0,0,vocabulary_classification_criteria,,
ROW38982,1858,html-button-response,6,61338,0,P1656,STUDY0009,SESS1431,forced_choice,semantic_blocked,fc_blocked,0,0,category_section_intro,,animals
ROW38983,9281,survey-multi-choice,7,70620,0,P1656,STUDY0009,SESS1431,forced_choice,semantic_blocked,fc_blocked,0,"{""Q0"":""none of these""}",category_organization_2x2,beetle,animals
ROW38984,4099,survey-multi-choice,9,82707,0,P1656,STUDY0009,SESS1431,forced_choice,semantic_blocked,fc_blocked,0,"{""Q0"":""shape""}",category_organization_2x2,cockroach,animals
ROW38985,7986,survey-multi-choice,8,78607,0,P1656,STUDY0009,SESS1431,forced_choice,semantic_blocked,fc_blocked,0,"{""Q0"":""shape""}",category_organization_2x2,bug,animals
ROW38986,7132,survey-multi-choice,10,89841,0,P1656,STUDY0009,SESS1431,forced_choice,semantic_blocked,fc_blocked,0,"{""Q0"":""shape""}",category_organization_2x2,owl,animals
ROW38987,4074,html-button-response,11,93915,0,P1656,STUDY0009,SESS1431,forced_choice,semantic_blocked,fc_blocked,0,0,category_section_intro,,clothing
ROW38988,4407,survey-multi-choice,12,98324,0,P1656,STUDY0009,SESS1431,forced_choice,semantic_blocked,fc_blocked,0,"{""Q0"":""shape""}",category_organization_2x2,vest,clothing
ROW38989,4036,html-button-response,13,102361,0,P1656,STUDY0009,SESS1431,forced_choice,semantic_blocked,fc_blocked,0,0,category_section_intro,,furniture_rooms
ROW38990,5557,survey-multi-choice,15,112470,0,P1656,STUDY0009,SESS1431,forced_choice,semantic_blocked,fc_blocked,0,"{""Q0"":""shape""}",category_organization_2x2,bed,furniture_rooms
ROW38992,1674,html-button-response,16,114145,0,P1656,STUDY0009,SESS1431,forced_choice,semantic_blocked,fc_blocked,0,0,category_section_intro,,food_drink
ROW38993,4466,survey-multi-choice,17,118612,0,P1656,STUDY0009,SESS1431,forced_choice,semantic_blocked,fc_blocked,0,"{""Q0"":""shape""}",category_organization_2x2,cheerios,food_drink
ROW38991,4549,survey-multi-choice,14,106911,0,P1656,STUDY0009,SESS1431,forced_choice,semantic_blocked,fc_blocked,0,"{""Q0"":""none of these""}",category_organization_2x2,air conditioner,furniture_rooms
ROW38994,3645,survey-multi-choice,18,122257,0,P1656,STUDY0009,SESS1431,forced_choice,semantic_blocked,fc_blocked,0,"{""Q0"":""color""}",category_organization_2x2,chili,food_drink
ROW38995,4632,survey-multi-choice,19,126890,0,P1656,STUDY0009,SESS1431,forced_choice,semantic_blocked,fc_blocked,0,"{""Q0"":""shape""}",category_organization_2x2,muffin,food_drink
ROW38996,5899,survey-multi-choice,20,132791,0,P1656,STUDY0009,SESS1431,forced_choice,semantic_blocked,fc_blocked,0,"{""Q0"":""material""}",category_organization_2x2,sausage,food_drink
ROW38997,4183,survey-multi-choice,21,136975,0,P1656,STUDY0009,SESS1431,forced_choice,semantic_blocked,fc_blocked,0,"{""Q0"":""material""}",category_organization_2x2,tuna,food_drink
ROW38998,2573,html-button-response,22,139549,0,P1656,STUDY0009,SESS1431,forced_choice,semantic_blocked,fc_blocked,0,0,category_section_intro,,household
ROW38999,5887,survey-multi-choice,23,145436,0,P1656,STUDY0009,SESS1431,forced_choice,semantic_blocked,fc_blocked,0,"{""Q0"":""shape""}",category_organization_2x2,fork,household
ROW39000,3607,survey-multi-choice,24,149044,0,P1656,STUDY0009,SESS1431,forced_choice,semantic_blocked,fc_blocked,0,"{""Q0"":""shape""}",category_organization_2x2,hanger,household
ROW39001,3482,survey-multi-choice,25,152528,0,P1656,STUDY0009,SESS1431,forced_choice,semantic_blocked,fc_blocked,0,"{""Q0"":""shape""}",category_organization_2x2,pill,household
ROW39002,3353,survey-multi-choice,26,155882,0,P1656,STUDY0009,SESS1431,forced_choice,semantic_blocked,fc_blocked,0,"{""Q0"":""shape""}",category_organization_2x2,purse,household
ROW39003,4362,survey-multi-choice,27,160244,0,P1656,STUDY0009,SESS1431,forced_choice,semantic_blocked,fc_blocked,0,"{""Q0"":""shape""}",category_organization_2x2,purse,household
ROW39004,2657,html-button-response,28,162903,0,P1656,STUDY0009,SESS1431,forced_choice,semantic_blocked,fc_blocked,0,0,category_section_intro,,other
ROW39005,5428,survey-multi-choice,29,168332,0,P1656,STUDY0009,SESS1431,forced_choice,semantic_blocked,fc_blocked,0,"{""Q0"":""shape""}",category_organization_2x2,can opener,other
ROW39006,3591,survey-multi-choice,30,171924,0,P1656,STUDY0009,SESS1431,forced_choice,semantic_blocked,fc_blocked,0,"{""Q0"":""color""}",category_organization_2x2,rainbow,other
ROW39007,2740,survey-multi-choice,31,174665,0,P1656,STUDY0009,SESS1431,forced_choice,semantic_blocked,fc_blocked,0,"{""Q0"":""none of these""}",category_organization_2x2,lavender,attention_check
ROW39008,1249,html-button-response,32,175915,0,P1656,STUDY0009,SESS1431,forced_choice,semantic_blocked,fc_blocked,0,0,,,
ROW39009,4491,instructions,33,180407,0,P1656,STUDY0009,SESS1431,forced_choice,semantic_blocked,fc_blocked,0,,,,
ROW39010,7275,html-button-response,2,12443,0,P1872,STUDY0009,SESS1446,multi_select,random,ms_random,0,0,vocabulary_classification_criteria,,
ROW39011,2933,instructions,0,2937,0,P1872,STUDY0009,SESS1446,multi_select,random,ms_random,0,,,,
ROW39012,2225,html-button-response,1,5167,0,P1872,STUDY0009,SESS1446,multi_select,random,ms_random,0,0,precautions_survey,,
ROW39013,3728,html-button-response,3,16173,0,P1872,STUDY0009,SESS1446,multi_select,random,ms_random,0,0,lavender_instruction,,
ROW39014,3721,survey-multi-select,5,24366,0,P1872,STUDY0009,SESS1446,multi_select,random,ms_random,0,"{""Q0"":[""none of these""]}",category_organization_2x2,bank,outside
ROW39015,4454,survey-multi-select,4,20639,0,P1872,STUDY0009,SESS1446,multi_select,random,ms_random,0,"{""Q0"":[""shape""]}",category_organization_2x2,porch,furniture_rooms
ROW39016,4481,survey-multi-select,6,28853,0,P1872,STUDY0009,SESS1446,multi_select,random,ms_random,0,"{""Q0"":[""material""]}",category_organization_2x2,cake,food_drink
ROW39017,2862,survey-multi-select,7,31720,0,P1872,STUDY0009,SESS1446,multi_select,random,ms_random,0,"{""Q0"":[""none of these""]}",category_organization_2x2,lavender,attention_check
ROW39018,5692,survey-multi-select,8,37416,0,P1872,STUDY0009,SESS1446,multi_select,random,ms_random,0,"{""Q0"":[""shape"",""material""]}",category_organization_2x2,tram,other
ROW39019,3333,survey-multi-select,11,52004,0,P1872,STUDY0009,SESS1446,multi_select,random,ms_random,0,"{""Q0"":[""shape""]}",category_organization_2x2,guitar,toys
ROW39020,5323,survey-multi-select,10,48667,0,P1872,STUDY0009,SESS1446,multi_select,random,ms_random,0,"{""Q0"":[""shape""]}",category_organization_2x2,sprinkler,outside
ROW39021,5918,survey-multi-select,9,43339,0,P1872,STUDY0009,SESS1446,multi_select,random,ms_random,0,"{""Q0"":[""shape"",""color"",""material""]}",category_organization_2x2,finger,body_parts
ROW39022,3067,survey-multi-select,12,55076,0,P1872,STUDY0009,SESS1446,multi_select,random,ms_random,0,"{""Q0"":[""material""]}",category_organization_2x2,towel,household
ROW39023,7192,survey-multi-select,15,68786,0,P1872,STUDY0009,SESS1446,multi_select,random,ms_random,0,"{""Q0"":[""shape"",""color""]}",category_organization_2x2,bird,animals
ROW39024,2596,survey-multi-select,14,61590,0,P1872,STUDY0009,SESS1446,multi_select,random,ms_random,0,"{""Q0"":[""color""]}",category_organization_2x2,zebra,animals
ROW39025,3912,survey-multi-select,13,58990,0,P1872,STUDY0009,SESS1446,multi_select,random,ms_random,0,"{""Q0"":[""shape"",""color""]}",category_organization_2x2,chocolate,food_drink
ROW39026,5382,survey-multi-select,16,74174,0,P1872,STUDY0009,SESS1446,multi_select,random,ms_random,0,"{""Q0"":[""shape"",""color""]}",category_organization_2x2,breast,body_parts
ROW39027,4361,survey-multi-select,17,78540,0,P1872,STUDY0009,SESS1446,multi_select,random,ms_random,0,"{""Q0"":[""shape""]}",category_organization_2x2,guinea pig,other
ROW39028,2469,survey-multi-select,18,81013,0,P1872,STUDY0009,SESS1446,multi_select,random,ms_random,0,"{""Q0"":[""shape""]}",category_organization_2x2,reindeer,other
ROW39029,5605,survey-multi-select,19,86620,0,P1872,STUDY0009,SESS1446,multi_select,random,ms_random,0,"{""Q0"":[""shape""]}",category_organization_2x2,horse,animals
ROW39030,4843,survey-multi-select,23,105914,0,P1872,STUDY0009,SESS1446,multi_select,random,ms_random,0,"{""Q0"":[""material""]}",category_organization_2x2,coffee table,furniture_rooms
ROW39031,5074,survey-multi-select,20,91697,0,P1872,STUDY0009,SESS1446,multi_select,random,ms_random,0,"{""Q0"":[""color"",""material""]}",category_organization_2x2,meat,food_drink
ROW39032,3948,survey-multi-select,21,95648,0,P1872,STUDY0009,SESS1446,multi_select,random,ms_random,0,"{""Q0"":[""shape""]}",category_organization_2x2,hammer,household
ROW39033,5415,survey-multi-select,22,101067,0,P1872,STUDY0009,SESS1446,multi_select,random,ms_random,0,"{""Q0"":[""shape""]}",category_organization_2x2,ball,toys
ROW39034,5204,survey-multi-select,24,111122,0,P1872,STUDY0009,SESS1446,multi_select,random,ms_random,0,"{""Q0"":[""none of these""]}",category_organization_2x2,story,toys
ROW39035,1397,html-button-response,25,112520,0,P1872,STUDY0009,SESS1446,multi_select,random,ms_random,0,0,,,
ROW39036,3654,instructions,26,116174,0,P1872,STUDY0009,SESS1446,multi_select,random,ms_random,0,,,,
ROW39037,1526,html-button-response,1,3834,0,P1575,STUDY0009,SESS1466,multi_select,semantic_blocked,ms_blocked,0,0,precautions_survey,,
ROW39038,13744,html-button-response,3,21355,0,P1575,STUDY0009,SESS1466,multi_select,semantic_blocked,ms_blocked,0,0,lavender_instruction,,
ROW39039,2306,instructions,0,2307,0,P1575,STUDY0009,SESS1466,multi_select,semantic_blocked,ms_blocked,0,,,,
ROW39040,3776,html-button-response,2,7610,0,P1575,STUDY0009,SESS1466,multi_select,semantic_blocked,ms_blocked,0,0,vocabulary_classification_criteria,,
ROW39041,3453,survey-multi-select,5,27491,0,P1575,STUDY0009,SESS1466,multi_select,semantic_blocked,ms_blocked,0,"{""Q0"":[""shape"",""color""]}",category_organization_2x2,bus,vehicles
ROW39042,2679,html-button-response,4,24034,0,P1575,STUDY0009,SESS1466,multi_select,semantic_blocked,ms_blocked,0,0,category_section_intro,,vehicles
ROW39043,3790,survey-multi-select,6,31282,0,P1575,STUDY0009,SESS1466,multi_select,semantic_blocked,ms_blocked,0,"{""Q0"":[""shape"",""color"",""material""]}",category_organization_2x2,skate (object),vehicles
ROW39044,3830,survey-multi-select,7,35114,0,P1575,STUDY0009,SESS1466,multi_select,semantic_blocked,ms_blocked,0,"{""Q0"":[""color"",""material""]}",category_organization_2x2,skate (object),vehicles
ROW39045,3896,survey-multi-select,8,39011,0,P1575,STUDY0009,SESS1466,multi_select,semantic_blocked,ms_blocked,0,"{""Q0"":[""color""]}",category_organization_2x2,stroller,vehicles
ROW39046,1783,html-button-response,9,40795,0,P1575,STUDY0009,SESS1466,multi_select,semantic_blocked,ms_blocked,0,0,category_section_intro,,toys
ROW39047,2438,survey-multi-select,10,43234,0,P1575,STUDY0009,SESS1466,multi_select,semantic_blocked,ms_blocked,0,"{""Q0"":[""none of these""]}",category_organization_2x2,song,toys
ROW39048,935,html-button-response,11,44170,0,P1575,STUDY0009,SESS1466,multi_select,semantic_blocked,ms_blocked,0,0,category_section_intro,,animals
ROW39049,3416,survey-multi-select,12,47586,0,P1575,STUDY0009,SESS1466,multi_select,semantic_blocked,ms_blocked,0,"{""Q0"":[""shape"",""color""]}",category_organization_2x2,bunny,animals
ROW39050,2407,survey-multi-select,13,49994,0,P1575,STUDY0009,SESS1466,multi_select,semantic_blocked,ms_blocked,0,"{""Q0"":[""shape"",""color""]}",category_organization_2x2,camel,animals
ROW39051,1784,survey-multi-select,14,51779,0,P1575,STUDY0009,SESS1466,multi_select,semantic_blocked,ms_blocked,0,"{""Q0"":[""shape"",""color""]}",category_organization_2x2,frog,animals
ROW39052,799,html-button-response,15,52578,0,P1575,STUDY0009,SESS1466,multi_select,semantic_blocked,ms_blocked,0,0,category_section_intro,,furniture_rooms
ROW39053,5030,survey-multi-select,16,57610,0,P1575,STUDY0009,SESS1466,multi_select,semantic_blocked,ms_blocked,0,"{""Q0"":[""shape"",""color"",""material""]}",category_organization_2x2,tablecloth,furniture_rooms
ROW39054,848,html-button-response,17,58458,0,P1575,STUDY0009,SESS1466,multi_select,semantic_blocked,ms_blocked,0,0,category_section_intro,,food_drink
ROW39055,3583,survey-multi-select,18,62042,0,P1575,STUDY0009,SESS1466,multi_select,semantic_blocked,ms_blocked,0,"{""Q0"":[""shape""]}",category_organization_2x2,dumpling,food_drink
ROW39056,3455,survey-multi-select,19,65498,0,P1575,STUDY0009,SESS1466,multi_select,semantic_blocked,ms_blocked,0,"{""Q0"":[""none of these""]}",category_organization_2x2,porridge,food_drink
ROW39057,991,html-button-response,20,66490,0,P1575,STUDY0009,SESS1466,multi_select,semantic_blocked,ms_blocked,0,0,category_section_intro,,body_parts
ROW39058,5551,survey-multi-select,21,72042,0,P1575,STUDY0009,SESS1466,multi_select,semantic_blocked,ms_blocked,0,"{""Q0"":[""shape""]}",category_organization_2x2,belly button,body_parts
ROW39059,2294,survey-multi-select,22,74338,0,P1575,STUDY0009,SESS1466,multi_select,semantic_blocked,ms_blocked,0,"{""Q0"":[""shape""]}",category_organization_2x2,buttocks,body_parts
ROW39060,2151,survey-multi-select,23,76490,0,P1575,STUDY0009,SESS1466,multi_select,semantic_blocked,ms_blocked,0,"{""Q0"":[""none of these""]}",category_organization_2x2,throat,body_parts
ROW39061,697,html-button-response,24,77187,0,P1575,STUDY0009,SESS1466,multi_select,semantic_blocked,ms_blocked,0,0,category_section_intro,,household
ROW39062,3430,survey-multi-select,25,80619,0,P1575,STUDY0009,SESS1466,multi_select,semantic_blocked,ms_blocked,0,"{""Q0"":[""shape""]}",category_organization_2x2,basin,household
ROW39063,3766,survey-multi-select,26,84386,0,P1575,STUDY0009,SESS1466,multi_select,semantic_blocked,ms_blocked,0,"{""Q0"":[""shape"",""color"",""material""]}",category_organization_2x2,mat,household
ROW39064,2231,survey-multi-select,27,86618,0,P1575,STUDY0009,SESS1466,multi_select,semantic_blocked,ms_blocked,0,"{""Q0"":[""none of these""]}",category_organization_2x2,neighborhood,household
ROW39065,815,html-button-response,28,87433,0,P1575,STUDY0009,SESS1466,multi_select,semantic_blocked,ms_blocked,0,0,category_section_intro,,outside
ROW39066,4624,survey-multi-select,29,92058,0,P1575,STUDY0009,SESS1466,multi_select,semantic_blocked,ms_blocked,0,"{""Q0"":[""shape""]}",category_organization_2x2,cloud,outside
ROW39067,2831,survey-multi-select,30,94890,0,P1575,STUDY0009,SESS1466,multi_select,semantic_blocked,ms_blocked,0,"{""Q0"":[""shape"",""color"",""material""]}",category_organization_2x2,pipe,outside
ROW39068,3127,survey-multi-select,31,98018,0,P1575,STUDY0009,SESS1466,multi_select,semantic_blocked,ms_blocked,0,"{""Q0"":[""color""]}",category_organization_2x2,sea,outside
ROW39069,1863,survey-multi-select,32,99882,0,P1575,STUDY0009,SESS1466,multi_select,semantic_blocked,ms_blocked,0,"{""Q0"":[""none of these""]}",category_organization_2x2,lavender,attention_check
ROW39070,711,html-button-response,33,100594,0,P1575,STUDY0009,SESS1466,multi_select,semantic_blocked,ms_blocked,0,0,,,
ROW39071,1232,instructions,34,101826,0,P1575,STUDY0009,SESS1466,multi_select,semantic_blocked,ms_blocked,0,,,,
ROW39072,12369,instructions,0,12371,0,P0677,STUDY0009,SESS1422,multi_select,semantic_blocked,ms_blocked,0,,,,
ROW39073,45972,html-button-response,2,67137,0,P0677,STUDY0009,SESS1422,multi_select,semantic_blocked,ms_blocked,0,0,vocabulary_classification_criteria,,
ROW39074,4254,html-button-response,3,71392,0,P0677,STUDY0009,SESS1422,multi_select,semantic_blocked,ms_blocked,0,0,lavender_instruction,,
ROW39075,8792,html-button-response,1,21164,0,P0677,STUDY0009,SESS1422,multi_select,semantic_blocked,ms_blocked,0,0,precautions_survey,,
ROW39076,9034,html-button-response,4,80428,0,P0677,STUDY0009,SESS1422,multi_select,semantic_blocked,ms_blocked,0,0,category_section_intro,,clothing
ROW39077,10551,survey-multi-select,5,90984,0,P0677,STUDY0009,SESS1422,multi_select,semantic_blocked,ms_blocked,0,"{""Q0"":[""shape""]}",category_organization_2x2,skirt,clothing
ROW39078,4745,survey-multi-select,6,95731,0,P0677,STUDY0009,SESS1422,multi_select,semantic_blocked,ms_blocked,0,"{""Q0"":[""shape"",""material""]}",category_organization_2x2,sunglasses,clothing
ROW39079,4139,html-button-response,7,99871,0,P0677,STUDY0009,SESS1422,multi_select,semantic_blocked,ms_blocked,0,0,category_section_intro,,furniture_rooms
ROW39080,6490,survey-multi-select,8,106364,0,P0677,STUDY0009,SESS1422,multi_select,semantic_blocked,ms_blocked,0,"{""Q0"":[""shape"",""material""]}",category_organization_2x2,garage,furniture_rooms
ROW39081,4164,survey-multi-select,9,110529,0,P0677,STUDY0009,SESS1422,multi_select,semantic_blocked,ms_blocked,0,"{""Q0"":[""shape"",""material""]}",category_organization_2x2,stairs,furniture_rooms
ROW39082,2030,html-button-response,10,112561,0,P0677,STUDY0009,SESS1422,multi_select,semantic_blocked,ms_blocked,0,0,category_section_intro,,food_drink
ROW39083,5957,survey-multi-select,11,118519,0,P0677,STUDY0009,SESS1422,multi_select,semantic_blocked,ms_blocked,0,"{""Q0"":[""shape"",""color""]}",category_organization_2x2,dried seaweed,food_drink
ROW39084,5927,instructions,0,5929,0,P1151,STUDY0009,SESS1440,forced_choice,random,fc_random,0,,,,
ROW39085,5268,html-button-response,1,11199,0,P1151,STUDY0009,SESS1440,forced_choice,random,fc_random,0,0,precautions_survey,,
ROW39086,5380,html-button-response,3,25422,0,P1151,STUDY0009,SESS1440,forced_choice,random,fc_random,0,0,lavender_instruction,,
ROW39087,8840,html-button-response,2,20040,0,P1151,STUDY0009,SESS1440,forced_choice,random,fc_random,0,0,vocabulary_classification_criteria,,
ROW39088,7561,survey-multi-choice,4,32985,0,P1151,STUDY0009,SESS1440,forced_choice,random,fc_random,0,"{""Q0"":""shape""}",category_organization_2x2,hill,other
ROW39089,10742,survey-multi-choice,5,43729,0,P1151,STUDY0009,SESS1440,forced_choice,random,fc_random,0,"{""Q0"":""none of these""}",category_organization_2x2,earring,clothing
ROW39090,6585,survey-multi-choice,6,50316,0,P1151,STUDY0009,SESS1440,forced_choice,random,fc_random,0,"{""Q0"":""color""}",category_organization_2x2,snowsuit,clothing
ROW39091,5820,survey-multi-choice,7,56136,0,P1151,STUDY0009,SESS1440,forced_choice,random,fc_random,0,"{""Q0"":""shape""}",category_organization_2x2,scallion,food_drink
ROW39092,3677,survey-multi-choice,8,59814,0,P1151,STUDY0009,SESS1440,forced_choice,random,fc_random,0,"{""Q0"":""none of these""}",category_organization_2x2,lavender,attention_check
ROW39093,5278,survey-multi-choice,9,65094,0,P1151,STUDY0009,SESS1440,forced_choice,random,fc_random,0,"{""Q0"":""shape""}",category_organization_2x2,ankle,body_parts
ROW39094,4826,survey-multi-choice,10,69921,0,P1151,STUDY0009,SESS1440,forced_choice,random,fc_random,0,"{""Q0"":""shape""}",category_organization_2x2,key,household
ROW39095,5727,survey-multi-choice,11,75649,0,P1151,STUDY0009,SESS1440,forced_choice,random,fc_random,0,"{""Q0"":""none of these""}",category_organization_2x2,accident,outside
ROW39096,5125,survey-multi-choice,12,80775,0,P1151,STUDY0009,SESS1440,forced_choice,random,fc_random,0,"{""Q0"":""shape""}",category_organization_2x2,pill,household
ROW39097,6102,survey-multi-choice,13,86878,0,P1151,STUDY0009,SESS1440,forced_choice,random,fc_random,0,"{""Q0"":""none of these""}",category_organization_2x2,swallow (animal),animals
ROW39100,6905,survey-multi-choice,16,103365,0,P1151,STUDY0009,SESS1440,forced_choice,random,fc_random,0,"{""Q0"":""none of these""}",category_organization_2x2,kayak,vehicles
ROW39101,7330,survey-multi-choice,17,110696,0,P1151,STUDY0009,SESS1440,forced_choice,random,fc_random,0,"{""Q0"":""shape""}",category_organization_2x2,chopstick,household
ROW39098,4633,survey-multi-choice,14,91512,0,P1151,STUDY0009,SESS1440,forced_choice,random,fc_random,0,"{""Q0"":""material""}",category_organization_2x2,gas,furniture_rooms
ROW39099,4945,survey-multi-choice,15,96459,0,P1151,STUDY0009,SESS1440,forced_choice,random,fc_random,0,"{""Q0"":""material""}",category_organization_2x2,rain,outside
ROW39102,4927,survey-multi-choice,18,115624,0,P1151,STUDY0009,SESS1440,forced_choice,random,fc_random,0,"{""Q0"":""none of these""}",category_organization_2x2,pear,food_drink
ROW39103,4763,survey-multi-choice,19,120388,0,P1151,STUDY0009,SESS1440,forced_choice,random,fc_random,0,"{""Q0"":""none of these""}",category_organization_2x2,crib,furniture_rooms
ROW39104,4392,survey-multi-choice,20,124781,0,P1151,STUDY0009,SESS1440,forced_choice,random,fc_random,0,"{""Q0"":""none of these""}",category_organization_2x2,pelican,other
ROW39105,3517,survey-multi-choice,22,132811,0,P1151,STUDY0009,SESS1440,forced_choice,random,fc_random,0,"{""Q0"":""material""}",category_organization_2x2,cotton,household
ROW39106,4512,survey-multi-choice,21,129293,0,P1151,STUDY0009,SESS1440,forced_choice,random,fc_random,0,"{""Q0"":""shape""}",category_organization_2x2,tricycle,vehicles
ROW39107,4020,survey-multi-choice,23,136832,0,P1151,STUDY0009,SESS1440,forced_choice,random,fc_random,0,"{""Q0"":""none of these""}",category_organization_2x2,sprinkler,outside
ROW39108,3984,survey-multi-choice,24,140817,0,P1151,STUDY0009,SESS1440,forced_choice,random,fc_random,0,"{""Q0"":""shape""}",category_organization_2x2,chopstick,household
ROW39109,1972,html-button-response,25,142790,0,P1151,STUDY0009,SESS1440,forced_choice,random,fc_random,0,0,,,
ROW39110,3007,instructions,26,145797,0,P1151,STUDY0009,SESS1440,forced_choice,random,fc_random,0,,,,
ROW39111,1585,instructions,0,1586,0,P1674,STUDY0009,SESS1384,multi_select,semantic_blocked,ms_blocked,0,,,,
ROW39112,5455,html-button-response,1,7041,0,P1674,STUDY0009,SESS1384,multi_select,semantic_blocked,ms_blocked,0,0,precautions_survey,,
ROW39113,1174,html-button-response,2,8215,0,P1674,STUDY0009,SESS1384,multi_select,semantic_blocked,ms_blocked,0,0,vocabulary_classification_criteria,,
ROW39114,7957,html-button-response,3,16172,0,P1674,STUDY0009,SESS1384,multi_select,semantic_blocked,ms_blocked,0,0,lavender_instruction,,
ROW39115,7711,html-button-response,4,23884,0,P1674,STUDY0009,SESS1384,multi_select,semantic_blocked,ms_blocked,0,0,category_section_intro,,vehicles
ROW39116,8747,survey-multi-select,5,32633,0,P1674,STUDY0009,SESS1384,multi_select,semantic_blocked,ms_blocked,0,"{""Q0"":[""shape"",""color"",""material""]}",category_organization_2x2,car,vehicles
ROW39117,8675,html-button-response,7,50062,0,P1674,STUDY0009,SESS1384,multi_select,semantic_blocked,ms_blocked,0,0,category_section_intro,,toys
ROW39118,8752,survey-multi-select,6,41386,0,P1674,STUDY0009,SESS1384,multi_select,semantic_blocked,ms_blocked,0,"{""Q0"":[""shape"",""color"",""material""]}",category_organization_2x2,cart,vehicles
ROW39119,4791,survey-multi-select,8,54856,0,P1674,STUDY0009,SESS1384,multi_select,semantic_blocked,ms_blocked,0,"{""Q0"":[""shape"",""color""]}",category_organization_2x2,bubbles,toys
ROW39120,5666,survey-multi-select,9,60524,0,P1674,STUDY0009,SESS1384,multi_select,semantic_blocked,ms_blocked,0,"{""Q0"":[""shape"",""material""]}",category_organization_2x2,drum (object),toys
ROW39121,1539,html-button-response,10,62065,0,P1674,STUDY0009,SESS1384,multi_select,semantic_blocked,ms_blocked,0,0,category_section_intro,,animals
ROW39122,7483,survey-multi-select,11,69550,0,P1674,STUDY0009,SESS1384,multi_select,semantic_blocked,ms_blocked,0,"{""Q0"":[""shape"",""material""]}",category_organization_2x2,kitty,animals
ROW39123,7306,survey-multi-select,12,76858,0,P1674,STUDY0009,SESS1384,multi_select,semantic_blocked,ms_blocked,0,"{""Q0"":[""shape"",""color"",""material""]}",category_organization_2x2,parrot,animals
ROW39124,5468,survey-multi-select,14,87946,0,P1674,STUDY0009,SESS1384,multi_select,semantic_blocked,ms_blocked,0,"{""Q0"":[""shape"",""material""]}",category_organization_2x2,teddybear,animals
ROW39125,5616,survey-multi-select,13,82475,0,P1674,STUDY0009,SESS1384,multi_select,semantic_blocked,ms_blocked,0,"{""Q0"":[""shape"",""color"",""material""]}",category_organization_2x2,stork,animals
ROW39126,6838,survey-multi-select,16,97657,0,P1674,STUDY0009,SESS1384,multi_select,semantic_blocked,ms_blocked,0,"{""Q0"":[""none of these""]}",category_organization_2x2,coffee,food_drink
ROW39127,2870,html-button-response,15,90817,0,P1674,STUDY0009,SESS1384,multi_select,semantic_blocked,ms_blocked,0,0,category_section_intro,,food_drink
ROW39128,6093,survey-multi-select,17,103752,0,P1674,STUDY0009,SESS1384,multi_select,semantic_blocked,ms_blocked,0,"{""Q0"":[""shape"",""color""]}",category_organization_2x2,pineapple,food_drink
ROW39129,4231,survey-multi-select,18,107985,0,P1674,STUDY0009,SESS1384,multi_select,semantic_blocked,ms_blocked,0,"{""Q0"":[""shape"",""color""]}",category_organization_2x2,plum,food_drink
ROW39130,5654,survey-multi-select,19,113641,0,P1674,STUDY0009,SESS1384,multi_select,semantic_blocked,ms_blocked,0,"{""Q0"":[""shape"",""color""]}",category_organization_2x2,popcorn,food_drink
ROW39131,7974,survey-multi-select,20,121616,0,P1674,STUDY0009,SESS1384,multi_select,semantic_blocked,ms_blocked,0,"{""Q0"":[""shape""]}",category_organization_2x2,popsicle,food_drink
ROW39132,2622,html-button-response,21,124240,0,P1674,STUDY0009,SESS1384,multi_select,semantic_blocked,ms_blocked,0,0,category_section_intro,,body_parts
ROW39133,3376,survey-multi-select,22,127618,0,P1674,STUDY0009,SESS1384,multi_select,semantic_blocked,ms_blocked,0,"{""Q0"":[""shape""]}",category_organization_2x2,ear,body_parts
ROW39134,4576,survey-multi-select,23,132196,0,P1674,STUDY0009,SESS1384,multi_select,semantic_blocked,ms_blocked,0,"{""Q0"":[""none of these""]}",category_organization_2x2,gut,body_parts
ROW39135,3758,html-button-response,24,135955,0,P1674,STUDY0009,SESS1384,multi_select,semantic_blocked,ms_blocked,0,0,category_section_intro,,household
ROW39136,7027,survey-multi-select,25,142985,0,P1674,STUDY0009,SESS1384,multi_select,semantic_blocked,ms_blocked,0,"{""Q0"":[""shape"",""material""]}",category_organization_2x2,blanket,household
ROW39137,6467,survey-multi-select,26,149454,0,P1674,STUDY0009,SESS1384,multi_select,semantic_blocked,ms_blocked,0,"{""Q0"":[""shape"",""material""]}",category_organization_2x2,fan,household
ROW39138,1545,html-button-response,28,155007,0,P1674,STUDY0009,SESS1384,multi_select,semantic_blocked,ms_blocked,0,0,category_section_intro,,outside
ROW39139,4005,survey-multi-select,27,153461,0,P1674,STUDY0009,SESS1384,multi_select,semantic_blocked,ms_blocked,0,"{""Q0"":[""none of these""]}",category_organization_2x2,paint (object),household
ROW39140,3234,survey-multi-select,29,158242,0,P1674,STUDY0009,SESS1384,multi_select,semantic_blocked,ms_blocked,0,"{""Q0"":[""none of these""]}",category_organization_2x2,wind,outside
ROW39141,2185,html-button-response,30,160428,0,P1674,STUDY0009,SESS1384,multi_select,semantic_blocked,ms_blocked,0,0,category_section_intro,,other
ROW39142,3732,survey-multi-select,31,164162,0,P1674,STUDY0009,SESS1384,multi_select,semantic_blocked,ms_blocked,0,"{""Q0"":[""none of these""]}",category_organization_2x2,party,other
ROW39143,2839,survey-multi-select,32,167003,0,P1674,STUDY0009,SESS1384,multi_select,semantic_blocked,ms_blocked,0,"{""Q0"":[""none of these""]}",category_organization_2x2,lavender,attention_check
ROW39144,3994,instructions,34,172589,0,P1674,STUDY0009,SESS1384,multi_select,semantic_blocked,ms_blocked,0,,,,
ROW39145,1589,html-button-response,33,168594,0,P1674,STUDY0009,SESS1384,multi_select,semantic_blocked,ms_blocked,0,0,,,
ROW39146,10562,instructions,0,10565,0,P0835,STUDY0009,SESS1390,multi_select,semantic_blocked,ms_blocked,0,,,,
ROW39147,8565,html-button-response,1,19132,0,P0835,STUDY0009,SESS1390,multi_select,semantic_blocked,ms_blocked,0,0,precautions_survey,,
ROW39148,15108,html-button-response,2,34240,0,P0835,STUDY0009,SESS1390,multi_select,semantic_blocked,ms_blocked,0,0,vocabulary_classification_criteria,,
ROW39149,13158,html-button-response,3,47399,0,P0835,STUDY0009,SESS1390,multi_select,semantic_blocked,ms_blocked,0,0,lavender_instruction,,
ROW39150,5199,html-button-response,4,52598,0,P0835,STUDY0009,SESS1390,multi_select,semantic_blocked,ms_blocked,0,0,category_section_intro,,vehicles
ROW39151,13441,survey-multi-select,5,66043,0,P0835,STUDY0009,SESS1390,multi_select,semantic_blocked,ms_blocked,0,"{""Q0"":[""shape""]}",category_organization_2x2,bicycle,vehicles
ROW39152,3222,html-button-response,6,69267,0,P0835,STUDY0009,SESS1390,multi_select,semantic_blocked,ms_blocked,0,0,category_section_intro,,animals
ROW39153,11224,survey-multi-select,7,80493,0,P0835,STUDY0009,SESS1390,multi_select,semantic_blocked,ms_blocked,0,"{""Q0"":[""shape"",""color""]}",category_organization_2x2,camel,animals
ROW39154,11083,survey-multi-select,9,96590,0,P0835,STUDY0009,SESS1390,multi_select,semantic_blocked,ms_blocked,0,"{""Q0"":[""shape""]}",category_organization_2x2,seal (animal),animals
ROW39155,5011,survey-multi-select,8,85505,0,P0835,STUDY0009,SESS1390,multi_select,semantic_blocked,ms_blocked,0,"{""Q0"":[""shape""]}",category_organization_2x2,fly (animal),animals
ROW39156,15089,survey-multi-select,10,111681,0,P0835,STUDY0009,SESS1390,multi_select,semantic_blocked,ms_blocked,0,"{""Q0"":[""shape""]}",category_organization_2x2,turtle,animals
ROW39157,3343,html-button-response,11,115024,0,P0835,STUDY0009,SESS1390,multi_select,semantic_blocked,ms_blocked,0,0,category_section_intro,,clothing
ROW39158,7965,survey-multi-select,12,122991,0,P0835,STUDY0009,SESS1390,multi_select,semantic_blocked,ms_blocked,0,"{""Q0"":[""shape""]}",category_organization_2x2,overalls,clothing
ROW39159,1337,html-button-response,14,133655,0,P0835,STUDY0009,SESS1390,multi_select,semantic_blocked,ms_blocked,0,0,category_section_intro,,furniture_rooms
ROW39160,9324,survey-multi-select,13,132317,0,P0835,STUDY0009,SESS1390,multi_select,semantic_blocked,ms_blocked,0,"{""Q0"":[""shape""]}",category_organization_2x2,pants,clothing
ROW39161,6701,survey-multi-select,15,140358,0,P0835,STUDY0009,SESS1390,multi_select,semantic_blocked,ms_blocked,0,"{""Q0"":[""shape"",""material""]}",category_organization_2x2,tv,furniture_rooms
ROW39162,8209,survey-multi-select,17,150026,0,P0835,STUDY0009,SESS1390,multi_select,semantic_blocked,ms_blocked,0,"{""Q0"":[""shape"",""color"",""material""]}",category_organization_2x2,bread,food_drink
ROW39163,1456,html-button-response,16,141815,0,P0835,STUDY0009,SESS1390,multi_select,semantic_blocked,ms_blocked,0,0,category_section_intro,,food_drink
ROW39164,13026,survey-multi-select,18,163053,0,P0835,STUDY0009,SESS1390,multi_select,semantic_blocked,ms_blocked,0,"{""Q0"":[""shape"",""color"",""material""]}",category_organization_2x2,hamburger,food_drink
ROW39165,1262,html-button-response,20,174648,0,P0835,STUDY0009,SESS1390,multi_select,semantic_blocked,ms_blocked,0,0,category_section_intro,,body_parts
ROW39166,10331,survey-multi-select,19,173386,0,P0835,STUDY0009,SESS1390,multi_select,semantic_blocked,ms_blocked,0,"{""Q0"":[""shape"",""color"",""material""]}",category_organization_2x2,popcorn,food_drink
ROW39167,1085,html-button-response,23,184225,0,P0835,STUDY0009,SESS1390,multi_select,semantic_blocked,ms_blocked,0,0,category_section_intro,,household
ROW39170,7885,survey-multi-select,24,192112,0,P0835,STUDY0009,SESS1390,multi_select,semantic_blocked,ms_blocked,0,"{""Q0"":[""shape"",""color"",""material""]}",category_organization_2x2,cd,household
ROW39168,4482,survey-multi-select,21,179132,0,P0835,STUDY0009,SESS1390,multi_select,semantic_blocked,ms_blocked,0,"{""Q0"":[""shape""]}",category_organization_2x2,ankle,body_parts
ROW39169,4005,survey-multi-select,22,183139,0,P0835,STUDY0009,SESS1390,multi_select,semantic_blocked,ms_blocked,0,"{""Q0"":[""shape""]}",category_organization_2x2,back (body part),body_parts
ROW39171,5012,survey-multi-select,25,197125,0,P0835,STUDY0009,SESS1390,multi_select,semantic_blocked,ms_blocked,0,"{""Q0"":[""shape""]}",category_organization_2x2,clock,household
ROW39172,3673,survey-multi-select,27,209354,0,P0835,STUDY0009,SESS1390,multi_select,semantic_blocked,ms_blocked,0,"{""Q0"":[""shape""]}",category_organization_2x2,wallet,household
ROW39173,8553,survey-multi-select,26,205679,0,P0835,STUDY0009,SESS1390,multi_select,semantic_blocked,ms_blocked,0,"{""Q0"":[""color"",""material""]}",category_organization_2x2,cotton,household
ROW39174,1205,html-button-response,28,210560,0,P0835,STUDY0009,SESS1390,multi_select,semantic_blocked,ms_blocked,0,0,category_section_intro,,other
ROW39175,8581,survey-multi-select,29,219143,0,P0835,STUDY0009,SESS1390,multi_select,semantic_blocked,ms_blocked,0,"{""Q0"":[""none of these""]}",category_organization_2x2,basement,other
ROW39176,6327,survey-multi-select,30,225472,0,P0835,STUDY0009,SESS1390,multi_select,semantic_blocked,ms_blocked,0,"{""Q0"":[""material""]}",category_organization_2x2,beef,other
ROW39177,4644,survey-multi-select,31,230118,0,P0835,STUDY0009,SESS1390,multi_select,semantic_blocked,ms_blocked,0,"{""Q0"":[""none of these""]}",category_organization_2x2,yum yum,other
ROW39178,4212,survey-multi-select,32,234332,0,P0835,STUDY0009,SESS1390,multi_select,semantic_blocked,ms_blocked,0,"{""Q0"":[""none of these""]}",category_organization_2x2,lavender,attention_check
ROW39179,830,html-button-response,33,235163,0,P0835,STUDY0009,SESS1390,multi_select,semantic_blocked,ms_blocked,0,0,,,
ROW39180,1965,instructions,34,237129,0,P0835,STUDY0009,SESS1390,multi_select,semantic_blocked,ms_blocked,0,,,,
ROW39181,9015,html-button-response,3,50765,0,P1899,STUDY0009,SESS1425,forced_choice,random,fc_random,0,0,lavender_instruction,,
ROW39182,20309,html-button-response,2,41749,0,P1899,STUDY0009,SESS1425,forced_choice,random,fc_random,0,0,vocabulary_classification_criteria,,
ROW39183,10229,survey-multi-choice,5,78166,0,P1899,STUDY0009,SESS1425,forced_choice,random,fc_random,0,"{""Q0"":""shape""}",category_organization_2x2,drum (object),toys
ROW39184,5605,instructions,0,5608,0,P1899,STUDY0009,SESS1425,forced_choice,random,fc_random,0,,,,
ROW39185,17166,survey-multi-choice,4,67935,0,P1899,STUDY0009,SESS1425,forced_choice,random,fc_random,0,"{""Q0"":""none of these""}",category_organization_2x2,broom,household
ROW39186,15827,html-button-response,1,21438,0,P1899,STUDY0009,SESS1425,forced_choice,random,fc_random,0,0,precautions_survey,,
ROW39187,4174,survey-multi-choice,6,82342,0,P1899,STUDY0009,SESS1425,forced_choice,random,fc_random,0,"{""Q0"":""color""}",category_organization_2x2,eggplant,food_drink
ROW39188,8604,survey-multi-choice,8,100060,0,P1899,STUDY0009,SESS1425,forced_choice,random,fc_random,0,"{""Q0"":""shape""}",category_organization_2x2,stove,furniture_rooms
ROW39189,9110,survey-multi-choice,7,91455,0,P1899,STUDY0009,SESS1425,forced_choice,random,fc_random,0,"{""Q0"":""none of these""}",category_organization_2x2,applesauce,food_drink
ROW39190,9278,survey-multi-choice,11,122759,0,P1899,STUDY0009,SESS1425,forced_choice,random,fc_random,0,"{""Q0"":""shape""}",category_organization_2x2,lamp,household
ROW39191,6647,survey-multi-choice,9,106709,0,P1899,STUDY0009,SESS1425,forced_choice,random,fc_random,0,"{""Q0"":""none of these""}",category_organization_2x2,mouth,body_parts
ROW39192,6768,survey-multi-choice,10,113479,0,P1899,STUDY0009,SESS1425,forced_choice,random,fc_random,0,"{""Q0"":""none of these""}",category_organization_2x2,broom,household
ROW39193,3622,survey-multi-choice,15,143990,0,P1899,STUDY0009,SESS1425,forced_choice,random,fc_random,0,"{""Q0"":""shape""}",category_organization_2x2,plate,household
ROW39194,7573,survey-multi-choice,12,130334,0,P1899,STUDY0009,SESS1425,forced_choice,random,fc_random,0,"{""Q0"":""none of these""}",category_organization_2x2,butterfly,animals
ROW39195,4478,survey-multi-choice,17,154679,0,P1899,STUDY0009,SESS1425,forced_choice,random,fc_random,0,"{""Q0"":""none of these""}",category_organization_2x2,camera,household
ROW39196,5166,survey-multi-choice,13,135502,0,P1899,STUDY0009,SESS1425,forced_choice,random,fc_random,0,"{""Q0"":""none of these""}",category_organization_2x2,vagina,body_parts
ROW39197,4862,survey-multi-choice,14,140367,0,P1899,STUDY0009,SESS1425,forced_choice,random,fc_random,0,"{""Q0"":""color""}",category_organization_2x2,biscuit,food_drink
ROW39198,6207,survey-multi-choice,16,150199,0,P1899,STUDY0009,SESS1425,forced_choice,random,fc_random,0,"{""Q0"":""color""}",category_organization_2x2,palm,body_parts
ROW39199,2347,survey-multi-choice,18,157029,0,P1899,STUDY0009,SESS1425,forced_choice,random,fc_random,0,"{""Q0"":""none of these""}",category_organization_2x2,lavender,attention_check
ROW39200,9185,survey-multi-choice,19,166216,0,P1899,STUDY0009,SESS1425,forced_choice,random,fc_random,0,"{""Q0"":""color""}",category_organization_2x2,wolf,animals
ROW39201,6355,survey-multi-choice,20,172572,0,P1899,STUDY0009,SESS1425,forced_choice,random,fc_random,0,"{""Q0"":""material""}",category_organization_2x2,glove,clothing
ROW39202,3759,survey-multi-choice,22,180247,0,P1899,STUDY0009,SESS1425,forced_choice,random,fc_random,0,"{""Q0"":""shape""}",category_organization_2x2,floor,furniture_rooms
ROW39203,3912,survey-multi-choice,21,176486,0,P1899,STUDY0009,SESS1425,forced_choice,random,fc_random,0,"{""Q0"":""material""}",category_organization_2x2,gloves,clothing
ROW39204,5133,survey-multi-choice,23,185382,0,P1899,STUDY0009,SESS1425,forced_choice,random,fc_random,0,"{""Q0"":""color""}",category_organization_2x2,olive,food_drink
ROW39205,3838,survey-multi-choice,24,189223,0,P1899,STUDY0009,SESS1425,forced_choice,random,fc_random,0,"{""Q0"":""shape""}",category_organization_2x2,panther,other
ROW39206,1406,html-button-response,25,190631,0,P1899,STUDY0009,SESS1425,forced_choice,random,fc_random,0,0,,,
ROW39207,3142,instructions,26,193773,0,P1899,STUDY0009,SESS1425,forced_choice,random,fc_random,0,,,,
ROW39208,1746,instructions,0,1747,0,P1133,STUDY0009,SESS1468,forced_choice,semantic_blocked,fc_blocked,0,,,,
ROW39209,1656,html-button-response,1,3406,0,P1133,STUDY0009,SESS1468,forced_choice,semantic_blocked,fc_blocked,0,0,precautions_survey,,
ROW39211,6939,html-button-response,3,17903,0,P1133,STUDY0009,SESS1468,forced_choice,semantic_blocked,fc_blocked,0,0,lavender_instruction,,
ROW39210,7556,html-button-response,2,10963,0,P1133,STUDY0009,SESS1468,forced_choice,semantic_blocked,fc_blocked,0,0,vocabulary_classification_criteria,,
ROW39212,5640,html-button-response,4,23543,0,P1133,STUDY0009,SESS1468,forced_choice,semantic_blocked,fc_blocked,0,0,category_section_intro,,animals
ROW39213,8330,survey-multi-choice,5,31876,0,P1133,STUDY0009,SESS1468,forced_choice,semantic_blocked,fc_blocked,0,"{""Q0"":""color""}",category_organization_2x2,cow,animals
ROW39214,2747,survey-multi-choice,7,39117,0,P1133,STUDY0009,SESS1468,forced_choice,semantic_blocked,fc_blocked,0,"{""Q0"":""color""}",category_organization_2x2,rabbit,animals
ROW39215,4490,survey-multi-choice,6,36368,0,P1133,STUDY0009,SESS1468,forced_choice,semantic_blocked,fc_blocked,0,"{""Q0"":""color""}",category_organization_2x2,ladybug,animals
ROW39217,3485,survey-multi-choice,8,42603,0,P1133,STUDY0009,SESS1468,forced_choice,semantic_blocked,fc_blocked,0,"{""Q0"":""color""}",category_organization_2x2,snake,animals
ROW39216,4019,survey-multi-choice,9,46623,0,P1133,STUDY0009,SESS1468,forced_choice,semantic_blocked,fc_blocked,0,"{""Q0"":""color""}",category_organization_2x2,squirrel,animals
ROW39218,2905,survey-multi-choice,10,49530,0,P1133,STUDY0009,SESS1468,forced_choice,semantic_blocked,fc_blocked,0,"{""Q0"":""color""}",category_organization_2x2,zebra,animals
ROW39219,2493,html-button-response,11,52024,0,P1133,STUDY0009,SESS1468,forced_choice,semantic_blocked,fc_blocked,0,0,category_section_intro,,clothing
ROW39220,5589,survey-multi-choice,12,57615,0,P1133,STUDY0009,SESS1468,forced_choice,semantic_blocked,fc_blocked,0,"{""Q0"":""material""}",category_organization_2x2,sneaker,clothing
ROW39221,2146,html-button-response,13,59763,0,P1133,STUDY0009,SESS1468,forced_choice,semantic_blocked,fc_blocked,0,0,category_section_intro,,furniture_rooms
ROW39222,3121,survey-multi-choice,14,62886,0,P1133,STUDY0009,SESS1468,forced_choice,semantic_blocked,fc_blocked,0,"{""Q0"":""shape""}",category_organization_2x2,bath,furniture_rooms
ROW39223,2851,survey-multi-choice,15,65738,0,P1133,STUDY0009,SESS1468,forced_choice,semantic_blocked,fc_blocked,0,"{""Q0"":""shape""}",category_organization_2x2,bathtub,furniture_rooms
ROW39224,1010,html-button-response,16,66750,0,P1133,STUDY0009,SESS1468,forced_choice,semantic_blocked,fc_blocked,0,0,category_section_intro,,food_drink
ROW39225,4435,survey-multi-choice,17,71186,0,P1133,STUDY0009,SESS1468,forced_choice,semantic_blocked,fc_blocked,0,"{""Q0"":""shape""}",category_organization_2x2,candy,food_drink
ROW39226,2802,survey-multi-choice,18,73990,0,P1133,STUDY0009,SESS1468,forced_choice,semantic_blocked,fc_blocked,0,"{""Q0"":""color""}",category_organization_2x2,cottage cheese,food_drink
ROW39227,2570,survey-multi-choice,19,76561,0,P1133,STUDY0009,SESS1468,forced_choice,semantic_blocked,fc_blocked,0,"{""Q0"":""shape""}",category_organization_2x2,donut,food_drink
ROW39228,4764,survey-multi-choice,21,83674,0,P1133,STUDY0009,SESS1468,forced_choice,semantic_blocked,fc_blocked,0,"{""Q0"":""shape""}",category_organization_2x2,noodles,food_drink
ROW39229,2346,survey-multi-choice,20,78909,0,P1133,STUDY0009,SESS1468,forced_choice,semantic_blocked,fc_blocked,0,"{""Q0"":""color""}",category_organization_2x2,ham,food_drink
ROW39230,2019,survey-multi-choice,22,85693,0,P1133,STUDY0009,SESS1468,forced_choice,semantic_blocked,fc_blocked,0,"{""Q0"":""shape""}",category_organization_2x2,samosa,food_drink
ROW39231,1001,html-button-response,23,86696,0,P1133,STUDY0009,SESS1468,forced_choice,semantic_blocked,fc_blocked,0,0,category_section_intro,,body_parts
ROW39232,2809,survey-multi-choice,24,89506,0,P1133,STUDY0009,SESS1468,forced_choice,semantic_blocked,fc_blocked,0,"{""Q0"":""color""}",category_organization_2x2,lip,body_parts
ROW39233,3060,survey-multi-choice,26,93585,0,P1133,STUDY0009,SESS1468,forced_choice,semantic_blocked,fc_blocked,0,"{""Q0"":""material""}",category_organization_2x2,carousel,outside
ROW39234,1017,html-button-response,25,90524,0,P1133,STUDY0009,SESS1468,forced_choice,semantic_blocked,fc_blocked,0,0,category_section_intro,,outside
ROW39235,2730,survey-multi-choice,27,96316,0,P1133,STUDY0009,SESS1468,forced_choice,semantic_blocked,fc_blocked,0,"{""Q0"":""color""}",category_organization_2x2,flower,outside
ROW39236,854,html-button-response,28,97172,0,P1133,STUDY0009,SESS1468,forced_choice,semantic_blocked,fc_blocked,0,0,category_section_intro,,other
ROW39237,2898,survey-multi-choice,29,100071,0,P1133,STUDY0009,SESS1468,forced_choice,semantic_blocked,fc_blocked,0,"{""Q0"":""material""}",category_organization_2x2,ceiling,other
ROW39238,5256,survey-multi-choice,30,105329,0,P1133,STUDY0009,SESS1468,forced_choice,semantic_blocked,fc_blocked,0,"{""Q0"":""shape""}",category_organization_2x2,ruler,other
ROW39239,2017,survey-multi-choice,31,107347,0,P1133,STUDY0009,SESS1468,forced_choice,semantic_blocked,fc_blocked,0,"{""Q0"":""none of these""}",category_organization_2x2,lavender,attention_check
ROW39240,1554,instructions,33,110430,0,P1133,STUDY0009,SESS1468,forced_choice,semantic_blocked,fc_blocked,0,,,,
ROW39241,1528,html-button-response,32,108876,0,P1133,STUDY0009,SESS1468,forced_choice,semantic_blocked,fc_blocked,0,0,,,
ROW39242,8911,html-button-response,1,37189,0,P1752,STUDY0009,SESS1391,multi_select,semantic_blocked,ms_blocked,0,0,precautions_survey,,
ROW39243,28270,instructions,0,28272,0,P1752,STUDY0009,SESS1391,multi_select,semantic_blocked,ms_blocked,0,,,,
ROW39244,17233,html-button-response,2,54425,0,P1752,STUDY0009,SESS1391,multi_select,semantic_blocked,ms_blocked,0,0,vocabulary_classification_criteria,,
ROW39245,14451,html-button-response,3,68878,0,P1752,STUDY0009,SESS1391,multi_select,semantic_blocked,ms_blocked,0,0,lavender_instruction,,
ROW39246,8990,html-button-response,4,77870,0,P1752,STUDY0009,SESS1391,multi_select,semantic_blocked,ms_blocked,0,0,category_section_intro,,animals
ROW39247,13669,survey-multi-select,5,91549,0,P1752,STUDY0009,SESS1391,multi_select,semantic_blocked,ms_blocked,0,"{""Q0"":[""none of these""]}",category_organization_2x2,chick,animals
ROW39248,10718,html-button-response,6,102271,0,P1752,STUDY0009,SESS1391,multi_select,semantic_blocked,ms_blocked,0,0,category_section_intro,,clothing
ROW39249,7881,survey-multi-select,7,110158,0,P1752,STUDY0009,SESS1391,multi_select,semantic_blocked,ms_blocked,0,"{""Q0"":[""material""]}",category_organization_2x2,dress shoe,clothing
ROW39250,20479,survey-multi-select,8,130644,0,P1752,STUDY0009,SESS1391,multi_select,semantic_blocked,ms_blocked,0,"{""Q0"":[""none of these""]}",category_organization_2x2,gloves,clothing
ROW39251,5398,survey-multi-select,9,136048,0,P1752,STUDY0009,SESS1391,multi_select,semantic_blocked,ms_blocked,0,"{""Q0"":[""material""]}",category_organization_2x2,sweater,clothing
ROW39252,4813,html-button-response,10,140864,0,P1752,STUDY0009,SESS1391,multi_select,semantic_blocked,ms_blocked,0,0,category_section_intro,,furniture_rooms
ROW39253,4386,survey-multi-select,11,145255,0,P1752,STUDY0009,SESS1391,multi_select,semantic_blocked,ms_blocked,0,"{""Q0"":[""material""]}",category_organization_2x2,mirror,furniture_rooms
ROW39254,2446,instructions,0,2450,0,P0134,STUDY0009,SESS1449,multi_select,random,ms_random,0,,,,
ROW39255,6637,html-button-response,1,9093,0,P0134,STUDY0009,SESS1449,multi_select,random,ms_random,0,0,precautions_survey,,
ROW39256,8632,html-button-response,2,17727,0,P0134,STUDY0009,SESS1449,multi_select,random,ms_random,0,0,vocabulary_classification_criteria,,
ROW39257,3078,survey-multi-select,5,34571,0,P0134,STUDY0009,SESS1449,multi_select,random,ms_random,0,"{""Q0"":[""none of these""]}",category_organization_2x2,lavender,attention_check
ROW39258,9620,survey-multi-select,4,31487,0,P0134,STUDY0009,SESS1449,multi_select,random,ms_random,0,"{""Q0"":[""none of these""]}",category_organization_2x2,video,household
ROW39259,4120,html-button-response,3,21850,0,P0134,STUDY0009,SESS1449,multi_select,random,ms_random,0,0,lavender_instruction,,
ROW39260,12912,html-button-response,1,22771,0,P0257,STUDY0009,SESS1427,multi_select,semantic_blocked,ms_blocked,0,0,precautions_survey,,
ROW39261,7077,survey-multi-select,12,152337,0,P1752,STUDY0009,SESS1391,multi_select,semantic_blocked,ms_blocked,0,"{""Q0"":[""shape""]}",category_organization_2x2,stairs,furniture_rooms
ROW39262,9854,instructions,0,9856,0,P0257,STUDY0009,SESS1427,multi_select,semantic_blocked,ms_blocked,0,,,,
ROW39263,1772,html-button-response,13,154111,0,P1752,STUDY0009,SESS1391,multi_select,semantic_blocked,ms_blocked,0,0,category_section_intro,,food_drink
ROW39264,9743,survey-multi-select,14,163857,0,P1752,STUDY0009,SESS1391,multi_select,semantic_blocked,ms_blocked,0,"{""Q0"":[""color"",""material""]}",category_organization_2x2,coffee,food_drink
ROW39265,5069,survey-multi-select,15,168932,0,P1752,STUDY0009,SESS1391,multi_select,semantic_blocked,ms_blocked,0,"{""Q0"":[""color"",""material""]}",category_organization_2x2,coke,food_drink
ROW39266,6988,survey-multi-select,5,63857,0,P0257,STUDY0009,SESS1427,multi_select,semantic_blocked,ms_blocked,0,"{""Q0"":[""material""]}",category_organization_2x2,clay,toys
ROW39267,4651,survey-multi-select,16,173588,0,P1752,STUDY0009,SESS1391,multi_select,semantic_blocked,ms_blocked,0,"{""Q0"":[""shape""]}",category_organization_2x2,cracker,food_drink
ROW39268,9802,html-button-response,4,56866,0,P0257,STUDY0009,SESS1427,multi_select,semantic_blocked,ms_blocked,0,0,category_section_intro,,toys
ROW39269,16987,html-button-response,2,39758,0,P0257,STUDY0009,SESS1427,multi_select,semantic_blocked,ms_blocked,0,0,vocabulary_classification_criteria,,
ROW39270,4039,survey-multi-select,17,177632,0,P1752,STUDY0009,SESS1391,multi_select,semantic_blocked,ms_blocked,0,"{""Q0"":[""shape""]}",category_organization_2x2,croquette,food_drink
ROW39271,7305,html-button-response,3,47063,0,P0257,STUDY0009,SESS1427,multi_select,semantic_blocked,ms_blocked,0,0,lavender_instruction,,
ROW39272,6636,survey-multi-select,6,70494,0,P0257,STUDY0009,SESS1427,multi_select,semantic_blocked,ms_blocked,0,"{""Q0"":[""shape""]}",category_organization_2x2,doll,toys
ROW39273,2961,html-button-response,7,73456,0,P0257,STUDY0009,SESS1427,multi_select,semantic_blocked,ms_blocked,0,0,category_section_intro,,clothing
ROW39274,6679,survey-multi-select,6,41256,0,P0134,STUDY0009,SESS1449,multi_select,random,ms_random,0,"{""Q0"":[""material""]}",category_organization_2x2,rock (object),outside
ROW39275,3545,survey-multi-select,7,44808,0,P0134,STUDY0009,SESS1449,multi_select,random,ms_random,0,"{""Q0"":[""material""]}",category_organization_2x2,broom,household
ROW39276,8291,survey-multi-select,5,86285,0,P1817,STUDY0009,SESS1394,multi_select,semantic_blocked,ms_blocked,0,"{""Q0"":[""shape""]}",category_organization_2x2,tricycle,vehicles
ROW39277,5774,survey-multi-select,8,79231,0,P0257,STUDY0009,SESS1427,multi_select,semantic_blocked,ms_blocked,0,"{""Q0"":[""shape"",""material""]}",category_organization_2x2,mitten,clothing
ROW39278,5304,survey-multi-select,8,50115,0,P0134,STUDY0009,SESS1449,multi_select,random,ms_random,0,"{""Q0"":[""shape""]}",category_organization_2x2,waves,outside
ROW39279,3987,survey-multi-select,9,54111,0,P0134,STUDY0009,SESS1449,multi_select,random,ms_random,0,"{""Q0"":[""none of these""]}",category_organization_2x2,music,toys
ROW39280,4634,survey-multi-select,11,62844,0,P0134,STUDY0009,SESS1449,multi_select,random,ms_random,0,"{""Q0"":[""material""]}",category_organization_2x2,tape (object),household
ROW39281,4086,survey-multi-select,10,58204,0,P0134,STUDY0009,SESS1449,multi_select,random,ms_random,0,"{""Q0"":[""none of these""]}",category_organization_2x2,cook,toys
ROW39282,7285,survey-multi-select,10,88594,0,P0257,STUDY0009,SESS1427,multi_select,semantic_blocked,ms_blocked,0,"{""Q0"":[""shape"",""material""]}",category_organization_2x2,door,furniture_rooms
ROW39283,2075,html-button-response,9,81308,0,P0257,STUDY0009,SESS1427,multi_select,semantic_blocked,ms_blocked,0,0,category_section_intro,,furniture_rooms
ROW39284,4217,survey-multi-select,11,92813,0,P0257,STUDY0009,SESS1427,multi_select,semantic_blocked,ms_blocked,0,"{""Q0"":[""shape"",""material""]}",category_organization_2x2,table,furniture_rooms
ROW39285,1209,html-button-response,12,94023,0,P0257,STUDY0009,SESS1427,multi_select,semantic_blocked,ms_blocked,0,0,category_section_intro,,food_drink
ROW39286,5313,survey-multi-select,13,99337,0,P0257,STUDY0009,SESS1427,multi_select,semantic_blocked,ms_blocked,0,"{""Q0"":[""shape"",""material""]}",category_organization_2x2,bread,food_drink
ROW39287,4919,html-button-response,6,91205,0,P1817,STUDY0009,SESS1394,multi_select,semantic_blocked,ms_blocked,0,0,category_section_intro,,toys
ROW39288,6287,survey-multi-select,12,69135,0,P0134,STUDY0009,SESS1449,multi_select,random,ms_random,0,"{""Q0"":[""shape"",""material""]}",category_organization_2x2,straw,household
ROW39289,5496,survey-multi-select,13,74636,0,P0134,STUDY0009,SESS1449,multi_select,random,ms_random,0,"{""Q0"":[""shape"",""color"",""material""]}",category_organization_2x2,jacket,clothing
ROW39290,4398,survey-multi-select,7,95605,0,P1817,STUDY0009,SESS1394,multi_select,semantic_blocked,ms_blocked,0,"{""Q0"":[""material""]}",category_organization_2x2,chalk,toys
ROW39291,1431,html-button-response,8,97037,0,P1817,STUDY0009,SESS1394,multi_select,semantic_blocked,ms_blocked,0,0,category_section_intro,,animals
ROW39292,8990,survey-multi-select,9,106029,0,P1817,STUDY0009,SESS1394,multi_select,semantic_blocked,ms_blocked,0,"{""Q0"":[""shape""]}",category_organization_2x2,calf,animals
ROW39293,3949,survey-multi-select,14,78593,0,P0134,STUDY0009,SESS1449,multi_select,random,ms_random,0,"{""Q0"":[""none of these""]}",category_organization_2x2,chickpea,food_drink
ROW39294,3344,survey-multi-select,15,81943,0,P0134,STUDY0009,SESS1449,multi_select,random,ms_random,0,"{""Q0"":[""none of these""]}",category_organization_2x2,lizard,other
ROW39296,3334,survey-multi-select,16,85283,0,P0134,STUDY0009,SESS1449,multi_select,random,ms_random,0,"{""Q0"":[""none of these""]}",category_organization_2x2,train,vehicles
ROW39295,6710,survey-multi-select,17,91996,0,P0134,STUDY0009,SESS1449,multi_select,random,ms_random,0,"{""Q0"":[""shape"",""material""]}",category_organization_2x2,pool,outside
ROW39298,7934,survey-multi-select,11,119437,0,P1817,STUDY0009,SESS1394,multi_select,semantic_blocked,ms_blocked,0,"{""Q0"":[""shape"",""color""]}",category_organization_2x2,crow,animals
ROW39297,5470,survey-multi-select,10,111501,0,P1817,STUDY0009,SESS1394,multi_select,semantic_blocked,ms_blocked,0,"{""Q0"":[""shape""]}",category_organization_2x2,caterpillar,animals
ROW39299,10752,survey-multi-select,14,110090,0,P0257,STUDY0009,SESS1427,multi_select,semantic_blocked,ms_blocked,0,"{""Q0"":[""shape"",""color"",""material""]}",category_organization_2x2,carrot,food_drink
ROW39300,4470,survey-multi-select,12,123909,0,P1817,STUDY0009,SESS1394,multi_select,semantic_blocked,ms_blocked,0,"{""Q0"":[""material""]}",category_organization_2x2,snail,animals
ROW39301,7369,survey-multi-select,15,117462,0,P0257,STUDY0009,SESS1427,multi_select,semantic_blocked,ms_blocked,0,"{""Q0"":[""material""]}",category_organization_2x2,hamburger,food_drink
ROW39302,6752,survey-multi-select,16,124216,0,P0257,STUDY0009,SESS1427,multi_select,semantic_blocked,ms_blocked,0,"{""Q0"":[""material""]}",category_organization_2x2,lettuce,food_drink
ROW39303,5573,survey-multi-select,18,97572,0,P0134,STUDY0009,SESS1449,multi_select,random,ms_random,0,"{""Q0"":[""color""]}",category_organization_2x2,bee,animals
ROW39304,4618,survey-multi-select,19,102194,0,P0134,STUDY0009,SESS1449,multi_select,random,ms_random,0,"{""Q0"":[""none of these""]}",category_organization_2x2,knee,body_parts
ROW39305,2311,html-button-response,13,126221,0,P1817,STUDY0009,SESS1394,multi_select,semantic_blocked,ms_blocked,0,0,category_section_intro,,clothing
ROW39306,5622,survey-multi-select,14,131845,0,P1817,STUDY0009,SESS1394,multi_select,semantic_blocked,ms_blocked,0,"{""Q0"":[""shape""]}",category_organization_2x2,button,clothing
ROW39307,4367,survey-multi-select,18,131788,0,P0257,STUDY0009,SESS1427,multi_select,semantic_blocked,ms_blocked,0,"{""Q0"":[""shape"",""material""]}",category_organization_2x2,noodles,food_drink
ROW39308,3202,survey-multi-select,17,127420,0,P0257,STUDY0009,SESS1427,multi_select,semantic_blocked,ms_blocked,0,"{""Q0"":[""material""]}",category_organization_2x2,mango,food_drink
ROW39309,6618,survey-multi-select,19,138408,0,P0257,STUDY0009,SESS1427,multi_select,semantic_blocked,ms_blocked,0,"{""Q0"":[""shape"",""color"",""material""]}",category_organization_2x2,pineapple,food_drink
ROW39310,1431,html-button-response,15,133277,0,P1817,STUDY0009,SESS1394,multi_select,semantic_blocked,ms_blocked,0,0,category_section_intro,,furniture_rooms
ROW39311,4782,survey-multi-select,20,106980,0,P0134,STUDY0009,SESS1449,multi_select,random,ms_random,0,"{""Q0"":[""none of these""]}",category_organization_2x2,bush,outside
ROW39312,3769,survey-multi-select,21,110753,0,P0134,STUDY0009,SESS1449,multi_select,random,ms_random,0,"{""Q0"":[""shape""]}",category_organization_2x2,spider,animals
ROW39313,4566,survey-multi-select,23,120765,0,P0134,STUDY0009,SESS1449,multi_select,random,ms_random,0,"{""Q0"":[""none of these""]}",category_organization_2x2,mold,toys
ROW39314,5434,survey-multi-select,22,116194,0,P0134,STUDY0009,SESS1449,multi_select,random,ms_random,0,"{""Q0"":[""shape"",""material""]}",category_organization_2x2,chopstick,household
ROW39315,943,html-button-response,17,140092,0,P1817,STUDY0009,SESS1394,multi_select,semantic_blocked,ms_blocked,0,0,category_section_intro,,food_drink
ROW39316,5870,survey-multi-select,16,139149,0,P1817,STUDY0009,SESS1394,multi_select,semantic_blocked,ms_blocked,0,"{""Q0"":[""material""]}",category_organization_2x2,toilet,furniture_rooms
ROW39317,4479,survey-multi-select,18,144573,0,P1817,STUDY0009,SESS1394,multi_select,semantic_blocked,ms_blocked,0,"{""Q0"":[""shape""]}",category_organization_2x2,corn,food_drink
ROW39318,6758,survey-multi-select,19,151333,0,P1817,STUDY0009,SESS1394,multi_select,semantic_blocked,ms_blocked,0,"{""Q0"":[""shape""]}",category_organization_2x2,pumpkin,food_drink
ROW39319,3837,survey-multi-select,20,155173,0,P1817,STUDY0009,SESS1394,multi_select,semantic_blocked,ms_blocked,0,"{""Q0"":[""color""]}",category_organization_2x2,scallion,food_drink
ROW39320,4752,survey-multi-select,24,125523,0,P0134,STUDY0009,SESS1449,multi_select,random,ms_random,0,"{""Q0"":[""none of these""]}",category_organization_2x2,compote,food_drink
ROW39321,4814,survey-multi-select,21,159989,0,P1817,STUDY0009,SESS1394,multi_select,semantic_blocked,ms_blocked,0,"{""Q0"":[""material""]}",category_organization_2x2,scallion,food_drink
ROW39322,1150,html-button-response,25,126676,0,P0134,STUDY0009,SESS1449,multi_select,random,ms_random,0,0,,,
ROW39323,4254,survey-multi-select,23,161484,0,P0257,STUDY0009,SESS1427,multi_select,semantic_blocked,ms_blocked,0,"{""Q0"":[""shape""]}",category_organization_2x2,fork,household
ROW39324,1303,html-button-response,25,170437,0,P0257,STUDY0009,SESS1427,multi_select,semantic_blocked,ms_blocked,0,0,category_section_intro,,outside
ROW39325,7649,survey-multi-select,24,169134,0,P0257,STUDY0009,SESS1427,multi_select,semantic_blocked,ms_blocked,0,"{""Q0"":[""none of these""]}",category_organization_2x2,garbage,household
ROW39326,5534,html-button-response,20,143943,0,P0257,STUDY0009,SESS1427,multi_select,semantic_blocked,ms_blocked,0,0,category_section_intro,,household
ROW39327,4772,survey-multi-select,22,157229,0,P0257,STUDY0009,SESS1427,multi_select,semantic_blocked,ms_blocked,0,"{""Q0"":[""shape"",""material""]}",category_organization_2x2,cushion,household
ROW39328,8511,survey-multi-select,21,152455,0,P0257,STUDY0009,SESS1427,multi_select,semantic_blocked,ms_blocked,0,"{""Q0"":[""shape"",""material""]}",category_organization_2x2,can (object),household
ROW39329,1327,instructions,26,128004,0,P0134,STUDY0009,SESS1449,multi_select,random,ms_random,0,,,,
ROW39330,2679,html-button-response,22,162668,0,P1817,STUDY0009,SESS1394,multi_select,semantic_blocked,ms_blocked,0,0,category_section_intro,,household
ROW39331,3959,survey-multi-select,23,166629,0,P1817,STUDY0009,SESS1394,multi_select,semantic_blocked,ms_blocked,0,"{""Q0"":[""shape""]}",category_organization_2x2,box,household
ROW39332,3526,survey-multi-select,24,170156,0,P1817,STUDY0009,SESS1394,multi_select,semantic_blocked,ms_blocked,0,"{""Q0"":[""material""]}",category_organization_2x2,cotton,household
ROW39333,4142,survey-multi-select,25,174301,0,P1817,STUDY0009,SESS1394,multi_select,semantic_blocked,ms_blocked,0,"{""Q0"":[""material""]}",category_organization_2x2,nail (object),household
ROW39334,3094,survey-multi-select,26,177397,0,P1817,STUDY0009,SESS1394,multi_select,semantic_blocked,ms_blocked,0,"{""Q0"":[""material""]}",category_organization_2x2,paper,household
ROW39335,5798,survey-multi-select,27,183197,0,P1817,STUDY0009,SESS1394,multi_select,semantic_blocked,ms_blocked,0,"{""Q0"":[""material""]}",category_organization_2x2,wallet,household
ROW39336,4775,html-button-response,28,187973,0,P1817,STUDY0009,SESS1394,multi_select,semantic_blocked,ms_blocked,0,0,category_section_intro,,outside
ROW39337,4159,survey-multi-select,29,192132,0,P1817,STUDY0009,SESS1394,multi_select,semantic_blocked,ms_blocked,0,"{""Q0"":[""material""]}",category_organization_2x2,earth,outside
ROW39338,2903,html-button-response,30,195037,0,P1817,STUDY0009,SESS1394,multi_select,semantic_blocked,ms_blocked,0,0,category_section_intro,,other
ROW39339,4711,survey-multi-select,31,199749,0,P1817,STUDY0009,SESS1394,multi_select,semantic_blocked,ms_blocked,0,"{""Q0"":[""color""]}",category_organization_2x2,panther,other
ROW39340,4614,survey-multi-select,32,204365,0,P1817,STUDY0009,SESS1394,multi_select,semantic_blocked,ms_blocked,0,"{""Q0"":[""none of these""]}",category_organization_2x2,suburb,other
ROW39341,3054,survey-multi-select,33,207421,0,P1817,STUDY0009,SESS1394,multi_select,semantic_blocked,ms_blocked,0,"{""Q0"":[""none of these""]}",category_organization_2x2,lavender,attention_check
ROW39342,4751,survey-multi-select,28,185944,0,P0257,STUDY0009,SESS1427,multi_select,semantic_blocked,ms_blocked,0,"{""Q0"":[""none of these""]}",category_organization_2x2,and,other
ROW39343,9571,survey-multi-select,26,180010,0,P0257,STUDY0009,SESS1427,multi_select,semantic_blocked,ms_blocked,0,"{""Q0"":[""none of these""]}",category_organization_2x2,thunder,outside
ROW39344,5038,survey-multi-select,29,190983,0,P0257,STUDY0009,SESS1427,multi_select,semantic_blocked,ms_blocked,0,"{""Q0"":[""none of these""]}",category_organization_2x2,nursery,other
ROW39345,3336,survey-multi-select,31,199797,0,P0257,STUDY0009,SESS1427,multi_select,semantic_blocked,ms_blocked,0,"{""Q0"":[""none of these""]}",category_organization_2x2,lavender,attention_check
ROW39346,5475,survey-multi-select,30,196460,0,P0257,STUDY0009,SESS1427,multi_select,semantic_blocked,ms_blocked,0,"{""Q0"":[""material""]}",category_organization_2x2,pita,other
ROW39347,1182,html-button-response,27,181192,0,P0257,STUDY0009,SESS1427,multi_select,semantic_blocked,ms_blocked,0,0,category_section_intro,,other
ROW39348,1607,html-button-response,34,209029,0,P1817,STUDY0009,SESS1394,multi_select,semantic_blocked,ms_blocked,0,0,,,
ROW39349,7552,instructions,35,216581,0,P1817,STUDY0009,SESS1394,multi_select,semantic_blocked,ms_blocked,0,,,,
ROW39350,10470,html-button-response,3,70325,0,P1817,STUDY0009,SESS1394,multi_select,semantic_blocked,ms_blocked,0,0,lavender_instruction,,
ROW39351,28632,html-button-response,2,59854,0,P1817,STUDY0009,SESS1394,multi_select,semantic_blocked,ms_blocked,0,0,vocabulary_classification_criteria,,
ROW39352,12193,instructions,0,12198,0,P1817,STUDY0009,SESS1394,multi_select,semantic_blocked,ms_blocked,0,,,,
ROW39353,19022,html-button-response,1,31221,0,P1817,STUDY0009,SESS1394,multi_select,semantic_blocked,ms_blocked,0,0,precautions_survey,,
ROW39354,7663,html-button-response,4,77989,0,P1817,STUDY0009,SESS1394,multi_select,semantic_blocked,ms_blocked,0,0,category_section_intro,,vehicles
ROW39355,1427,html-button-response,32,201225,0,P0257,STUDY0009,SESS1427,multi_select,semantic_blocked,ms_blocked,0,0,,,
ROW39356,3783,instructions,33,205009,0,P0257,STUDY0009,SESS1427,multi_select,semantic_blocked,ms_blocked,0,,,,
ROW39357,12978,instructions,0,12979,0,P1519,STUDY0009,SESS1377,forced_choice,semantic_blocked,fc_blocked,0,,,,
ROW39358,28707,html-button-response,2,47115,0,P1519,STUDY0009,SESS1377,forced_choice,semantic_blocked,fc_blocked,0,0,vocabulary_classification_criteria,,
ROW39359,5427,html-button-response,1,18408,0,P1519,STUDY0009,SESS1377,forced_choice,semantic_blocked,fc_blocked,0,0,precautions_survey,,
ROW39360,6503,html-button-response,3,53619,0,P1519,STUDY0009,SESS1377,forced_choice,semantic_blocked,fc_blocked,0,0,lavender_instruction,,
ROW39361,9861,html-button-response,4,63480,0,P1519,STUDY0009,SESS1377,forced_choice,semantic_blocked,fc_blocked,0,0,category_section_intro,,vehicles
ROW39362,10297,survey-multi-choice,5,73779,0,P1519,STUDY0009,SESS1377,forced_choice,semantic_blocked,fc_blocked,0,"{""Q0"":""shape""}",category_organization_2x2,firetruck,vehicles
ROW39366,2680,html-button-response,9,90292,0,P1519,STUDY0009,SESS1377,forced_choice,semantic_blocked,fc_blocked,0,0,category_section_intro,,clothing
ROW39363,4887,survey-multi-choice,6,78667,0,P1519,STUDY0009,SESS1377,forced_choice,semantic_blocked,fc_blocked,0,"{""Q0"":""color""}",category_organization_2x2,police car,vehicles
ROW39364,2549,html-button-response,7,81217,0,P1519,STUDY0009,SESS1377,forced_choice,semantic_blocked,fc_blocked,0,0,category_section_intro,,animals
ROW39365,6394,survey-multi-choice,8,87611,0,P1519,STUDY0009,SESS1377,forced_choice,semantic_blocked,fc_blocked,0,"{""Q0"":""shape""}",category_organization_2x2,owl,animals
ROW39367,5845,survey-multi-choice,10,96137,0,P1519,STUDY0009,SESS1377,forced_choice,semantic_blocked,fc_blocked,0,"{""Q0"":""shape""}",category_organization_2x2,gloves,clothing
ROW39368,6500,survey-multi-choice,11,102638,0,P1519,STUDY0009,SESS1377,forced_choice,semantic_blocked,fc_blocked,0,"{""Q0"":""shape""}",category_organization_2x2,mitten,clothing
ROW39369,3297,html-button-response,12,105935,0,P1519,STUDY0009,SESS1377,forced_choice,semantic_blocked,fc_blocked,0,0,category_section_intro,,furniture_rooms
ROW39370,5899,survey-multi-choice,13,111835,0,P1519,STUDY0009,SESS1377,forced_choice,semantic_blocked,fc_blocked,0,"{""Q0"":""shape""}",category_organization_2x2,dryer,furniture_rooms
ROW39371,1164,html-button-response,14,112999,0,P1519,STUDY0009,SESS1377,forced_choice,semantic_blocked,fc_blocked,0,0,category_section_intro,,food_drink
ROW39372,14690,survey-multi-choice,15,127689,0,P1519,STUDY0009,SESS1377,forced_choice,semantic_blocked,fc_blocked,0,"{""Q0"":""shape""}",category_organization_2x2,ham,food_drink
ROW39373,4525,survey-multi-choice,16,132214,0,P1519,STUDY0009,SESS1377,forced_choice,semantic_blocked,fc_blocked,0,"{""Q0"":""shape""}",category_organization_2x2,hot dog,food_drink
ROW39374,2574,html-button-response,17,134788,0,P1519,STUDY0009,SESS1377,forced_choice,semantic_blocked,fc_blocked,0,0,category_section_intro,,household
ROW39375,15324,survey-multi-choice,18,150113,0,P1519,STUDY0009,SESS1377,forced_choice,semantic_blocked,fc_blocked,0,"{""Q0"":""material""}",category_organization_2x2,basket,household
ROW39376,8350,survey-multi-choice,19,158463,0,P1519,STUDY0009,SESS1377,forced_choice,semantic_blocked,fc_blocked,0,"{""Q0"":""material""}",category_organization_2x2,nail (object),household
ROW39377,17386,survey-multi-choice,20,175850,0,P1519,STUDY0009,SESS1377,forced_choice,semantic_blocked,fc_blocked,0,"{""Q0"":""shape""}",category_organization_2x2,penny,household
ROW39378,4378,survey-multi-choice,21,180229,0,P1519,STUDY0009,SESS1377,forced_choice,semantic_blocked,fc_blocked,0,"{""Q0"":""shape""}",category_organization_2x2,pillow,household
ROW39379,4629,survey-multi-choice,22,184858,0,P1519,STUDY0009,SESS1377,forced_choice,semantic_blocked,fc_blocked,0,"{""Q0"":""shape""}",category_organization_2x2,straw,household
ROW39380,2298,html-button-response,23,187156,0,P1519,STUDY0009,SESS1377,forced_choice,semantic_blocked,fc_blocked,0,0,category_section_intro,,outside
ROW39381,8328,survey-multi-choice,24,195485,0,P1519,STUDY0009,SESS1377,forced_choice,semantic_blocked,fc_blocked,0,"{""Q0"":""shape""}",category_organization_2x2,doorbell,outside
ROW39382,17443,survey-multi-choice,25,212928,0,P1519,STUDY0009,SESS1377,forced_choice,semantic_blocked,fc_blocked,0,"{""Q0"":""shape""}",category_organization_2x2,flag,outside
ROW39383,9923,survey-multi-choice,26,222852,0,P1519,STUDY0009,SESS1377,forced_choice,semantic_blocked,fc_blocked,0,"{""Q0"":""none of these""}",category_organization_2x2,street,outside
ROW39384,1775,html-button-response,27,224628,0,P1519,STUDY0009,SESS1377,forced_choice,semantic_blocked,fc_blocked,0,0,category_section_intro,,other
ROW39385,5477,survey-multi-choice,28,230106,0,P1519,STUDY0009,SESS1377,forced_choice,semantic_blocked,fc_blocked,0,"{""Q0"":""shape""}",category_organization_2x2,drain (object),other
ROW39386,6333,survey-multi-choice,29,236439,0,P1519,STUDY0009,SESS1377,forced_choice,semantic_blocked,fc_blocked,0,"{""Q0"":""shape""}",category_organization_2x2,lizard,other
ROW39387,4217,survey-multi-choice,30,240656,0,P1519,STUDY0009,SESS1377,forced_choice,semantic_blocked,fc_blocked,0,"{""Q0"":""shape""}",category_organization_2x2,seagull,other
ROW39388,12007,survey-multi-choice,31,252664,0,P1519,STUDY0009,SESS1377,forced_choice,semantic_blocked,fc_blocked,0,"{""Q0"":""shape""}",category_organization_2x2,tram,other
ROW39389,2604,survey-multi-choice,32,255269,0,P1519,STUDY0009,SESS1377,forced_choice,semantic_blocked,fc_blocked,0,"{""Q0"":""none of these""}",category_organization_2x2,lavender,attention_check
ROW39390,2375,instructions,34,259732,0,P1519,STUDY0009,SESS1377,forced_choice,semantic_blocked,fc_blocked,0,,,,
ROW39391,2088,html-button-response,33,257357,0,P1519,STUDY0009,SESS1377,forced_choice,semantic_blocked,fc_blocked,0,0,,,
ROW39392,115454,instructions,0,115459,0,P0511,STUDY0009,SESS1424,multi_select,random,ms_random,0,,,,
ROW39393,8840,html-button-response,1,124306,0,P0511,STUDY0009,SESS1424,multi_select,random,ms_random,0,0,precautions_survey,,
ROW39394,23301,html-button-response,2,147610,0,P0511,STUDY0009,SESS1424,multi_select,random,ms_random,0,0,vocabulary_classification_criteria,,
ROW39395,8378,survey-multi-select,4,157651,0,P0511,STUDY0009,SESS1424,multi_select,random,ms_random,0,"{""Q0"":[""none of these""]}",category_organization_2x2,mouth,body_parts
ROW39396,1645,html-button-response,3,149258,0,P0511,STUDY0009,SESS1424,multi_select,random,ms_random,0,0,lavender_instruction,,
ROW39397,5479,survey-multi-select,5,163138,0,P0511,STUDY0009,SESS1424,multi_select,random,ms_random,0,"{""Q0"":[""material""]}",category_organization_2x2,stairs,furniture_rooms
ROW39398,4497,survey-multi-select,6,167639,0,P0511,STUDY0009,SESS1424,multi_select,random,ms_random,0,"{""Q0"":[""none of these""]}",category_organization_2x2,seagull,other
ROW39399,4354,survey-multi-select,7,171999,0,P0511,STUDY0009,SESS1424,multi_select,random,ms_random,0,"{""Q0"":[""material""]}",category_organization_2x2,soy milk,food_drink
ROW39400,2082,survey-multi-select,11,185109,0,P0511,STUDY0009,SESS1424,multi_select,random,ms_random,0,"{""Q0"":[""material""]}",category_organization_2x2,mug,household
ROW39401,3566,survey-multi-select,9,179595,0,P0511,STUDY0009,SESS1424,multi_select,random,ms_random,0,"{""Q0"":[""material""]}",category_organization_2x2,pacifier,household
ROW39402,1996,survey-multi-select,12,187107,0,P0511,STUDY0009,SESS1424,multi_select,random,ms_random,0,"{""Q0"":[""material""]}",category_organization_2x2,purse,household
ROW39403,3422,survey-multi-select,10,183022,0,P0511,STUDY0009,SESS1424,multi_select,random,ms_random,0,"{""Q0"":[""color""]}",category_organization_2x2,lavender,attention_check
ROW39404,4011,survey-multi-select,8,176022,0,P0511,STUDY0009,SESS1424,multi_select,random,ms_random,0,"{""Q0"":[""shape"",""material""]}",category_organization_2x2,box,household
ROW39405,1958,survey-multi-select,16,194943,0,P0511,STUDY0009,SESS1424,multi_select,random,ms_random,0,"{""Q0"":[""material""]}",category_organization_2x2,sugar,food_drink
ROW39406,1925,survey-multi-select,14,191050,0,P0511,STUDY0009,SESS1424,multi_select,random,ms_random,0,"{""Q0"":[""material""]}",category_organization_2x2,toast,food_drink
ROW39407,1927,survey-multi-select,15,192982,0,P0511,STUDY0009,SESS1424,multi_select,random,ms_random,0,"{""Q0"":[""material""]}",category_organization_2x2,sunglasses,clothing
ROW39408,2007,survey-multi-select,13,189119,0,P0511,STUDY0009,SESS1424,multi_select,random,ms_random,0,"{""Q0"":[""material""]}",category_organization_2x2,blender,other
ROW39409,1984,survey-multi-select,17,196930,0,P0511,STUDY0009,SESS1424,multi_select,random,ms_random,0,"{""Q0"":[""material""]}",category_organization_2x2,rat,other
ROW39410,1928,survey-multi-select,18,198863,0,P0511,STUDY0009,SESS1424,multi_select,random,ms_random,0,"{""Q0"":[""material""]}",category_organization_2x2,dried seaweed,food_drink
ROW39411,2818,survey-multi-select,20,204778,0,P0511,STUDY0009,SESS1424,multi_select,random,ms_random,0,"{""Q0"":[""none of these""]}",category_organization_2x2,garage,furniture_rooms
ROW39412,1767,survey-multi-select,21,206550,0,P0511,STUDY0009,SESS1424,multi_select,random,ms_random,0,"{""Q0"":[""none of these""]}",category_organization_2x2,thunder,outside
ROW39413,3083,survey-multi-select,19,201955,0,P0511,STUDY0009,SESS1424,multi_select,random,ms_random,0,"{""Q0"":[""color""]}",category_organization_2x2,guava,food_drink
ROW39414,2019,survey-multi-select,23,210096,0,P0511,STUDY0009,SESS1424,multi_select,random,ms_random,0,"{""Q0"":[""none of these""]}",category_organization_2x2,mountain,outside
ROW39415,1510,survey-multi-select,22,208066,0,P0511,STUDY0009,SESS1424,multi_select,random,ms_random,0,"{""Q0"":[""none of these""]}",category_organization_2x2,ankle,body_parts
ROW39416,4955,survey-multi-select,24,215055,0,P0511,STUDY0009,SESS1424,multi_select,random,ms_random,0,"{""Q0"":[""material""]}",category_organization_2x2,skirt,clothing
ROW39417,732,html-button-response,25,215788,0,P0511,STUDY0009,SESS1424,multi_select,random,ms_random,0,0,,,
ROW39418,2393,instructions,26,218182,0,P0511,STUDY0009,SESS1424,multi_select,random,ms_random,0,,,,
ROW39419,12583,instructions,0,12586,0,P1746,STUDY0009,SESS1382,multi_select,random,ms_random,0,,,,
ROW39421,16781,html-button-response,1,29370,0,P1746,STUDY0009,SESS1382,multi_select,random,ms_random,0,0,precautions_survey,,
ROW39420,26078,html-button-response,2,55450,0,P1746,STUDY0009,SESS1382,multi_select,random,ms_random,0,0,vocabulary_classification_criteria,,
ROW39422,9119,html-button-response,3,64570,0,P1746,STUDY0009,SESS1382,multi_select,random,ms_random,0,0,lavender_instruction,,
ROW39423,9980,survey-multi-select,6,100195,0,P1746,STUDY0009,SESS1382,multi_select,random,ms_random,0,"{""Q0"":[""none of these""]}",category_organization_2x2,fly (animal),animals
ROW39424,7862,survey-multi-select,5,90212,0,P1746,STUDY0009,SESS1382,multi_select,random,ms_random,0,"{""Q0"":[""material""]}",category_organization_2x2,wallet,household
ROW39425,17771,survey-multi-select,4,82347,0,P1746,STUDY0009,SESS1382,multi_select,random,ms_random,0,"{""Q0"":[""material""]}",category_organization_2x2,clock,household
ROW39426,4333,survey-multi-select,7,104531,0,P1746,STUDY0009,SESS1382,multi_select,random,ms_random,0,"{""Q0"":[""none of these""]}",category_organization_2x2,lavender,attention_check
ROW39427,10493,survey-multi-select,8,115028,0,P1746,STUDY0009,SESS1382,multi_select,random,ms_random,0,"{""Q0"":[""none of these""]}",category_organization_2x2,bread,food_drink
ROW39428,10493,survey-multi-select,10,135540,0,P1746,STUDY0009,SESS1382,multi_select,random,ms_random,0,"{""Q0"":[""none of these""]}",category_organization_2x2,beef,other
ROW39430,9222,survey-multi-select,11,144764,0,P1746,STUDY0009,SESS1382,multi_select,random,ms_random,0,"{""Q0"":[""shape""]}",category_organization_2x2,tv,furniture_rooms
ROW39429,10013,survey-multi-select,9,125044,0,P1746,STUDY0009,SESS1382,multi_select,random,ms_random,0,"{""Q0"":[""none of these""]}",category_organization_2x2,popcorn,food_drink
ROW39431,10678,survey-multi-select,13,160877,0,P1746,STUDY0009,SESS1382,multi_select,random,ms_random,0,"{""Q0"":[""color""]}",category_organization_2x2,camel,animals
ROW39432,16389,survey-multi-select,14,177269,0,P1746,STUDY0009,SESS1382,multi_select,random,ms_random,0,"{""Q0"":[""shape""]}",category_organization_2x2,bicycle,vehicles
ROW39433,5430,survey-multi-select,12,150197,0,P1746,STUDY0009,SESS1382,multi_select,random,ms_random,0,"{""Q0"":[""material""]}",category_organization_2x2,cotton,household
ROW39434,7798,survey-multi-select,15,185070,0,P1746,STUDY0009,SESS1382,multi_select,random,ms_random,0,"{""Q0"":[""color"",""material""]}",category_organization_2x2,pants,clothing
ROW39435,15694,survey-multi-select,16,200766,0,P1746,STUDY0009,SESS1382,multi_select,random,ms_random,0,"{""Q0"":[""none of these""]}",category_organization_2x2,seal (animal),animals
ROW39437,5566,survey-multi-select,20,224383,0,P1746,STUDY0009,SESS1382,multi_select,random,ms_random,0,"{""Q0"":[""none of these""]}",category_organization_2x2,basement,other
ROW39436,6750,survey-multi-select,19,218815,0,P1746,STUDY0009,SESS1382,multi_select,random,ms_random,0,"{""Q0"":[""none of these""]}",category_organization_2x2,back (body part),body_parts
ROW39439,6222,survey-multi-select,17,206990,0,P1746,STUDY0009,SESS1382,multi_select,random,ms_random,0,"{""Q0"":[""none of these""]}",category_organization_2x2,yum yum,other
ROW39438,5069,survey-multi-select,18,212062,0,P1746,STUDY0009,SESS1382,multi_select,random,ms_random,0,"{""Q0"":[""shape"",""material""]}",category_organization_2x2,cd,household
ROW39440,6302,survey-multi-select,21,230687,0,P1746,STUDY0009,SESS1382,multi_select,random,ms_random,0,"{""Q0"":[""shape"",""color"",""material""]}",category_organization_2x2,overalls,clothing
ROW39441,3454,survey-multi-select,22,234143,0,P1746,STUDY0009,SESS1382,multi_select,random,ms_random,0,"{""Q0"":[""none of these""]}",category_organization_2x2,ankle,body_parts
ROW39442,5158,survey-multi-select,23,239303,0,P1746,STUDY0009,SESS1382,multi_select,random,ms_random,0,"{""Q0"":[""shape""]}",category_organization_2x2,hamburger,food_drink
ROW39444,6400,instructions,26,252712,0,P1746,STUDY0009,SESS1382,multi_select,random,ms_random,0,,,,
ROW39443,5430,survey-multi-select,24,244735,0,P1746,STUDY0009,SESS1382,multi_select,random,ms_random,0,"{""Q0"":[""shape""]}",category_organization_2x2,turtle,animals
ROW39445,1575,html-button-response,25,246311,0,P1746,STUDY0009,SESS1382,multi_select,random,ms_random,0,0,,,
ROW39446,9726,instructions,0,9732,0,P1776,STUDY0009,SESS1379,multi_select,semantic_blocked,ms_blocked,0,,,,
ROW39447,13346,html-button-response,1,23088,0,P1776,STUDY0009,SESS1379,multi_select,semantic_blocked,ms_blocked,0,0,precautions_survey,,
ROW39448,18441,html-button-response,2,41532,0,P1776,STUDY0009,SESS1379,multi_select,semantic_blocked,ms_blocked,0,0,vocabulary_classification_criteria,,
ROW39449,6704,survey-multi-select,5,130285,0,P1776,STUDY0009,SESS1379,multi_select,semantic_blocked,ms_blocked,0,"{""Q0"":[""material""]}",category_organization_2x2,ambulance,vehicles
ROW39450,21864,html-button-response,3,63399,0,P1776,STUDY0009,SESS1379,multi_select,semantic_blocked,ms_blocked,0,0,lavender_instruction,,
ROW39451,60164,html-button-response,4,123568,0,P1776,STUDY0009,SESS1379,multi_select,semantic_blocked,ms_blocked,0,0,category_section_intro,,vehicles
ROW39452,12057,survey-multi-select,6,142352,0,P1776,STUDY0009,SESS1379,multi_select,semantic_blocked,ms_blocked,0,"{""Q0"":[""none of these""]}",category_organization_2x2,digger,vehicles
ROW39453,2827,survey-multi-select,9,162801,0,P1776,STUDY0009,SESS1379,multi_select,semantic_blocked,ms_blocked,0,"{""Q0"":[""material""]}",category_organization_2x2,robot,toys
ROW39456,3367,html-button-response,10,166171,0,P1776,STUDY0009,SESS1379,multi_select,semantic_blocked,ms_blocked,0,0,category_section_intro,,animals
ROW39455,10794,survey-multi-select,8,159967,0,P1776,STUDY0009,SESS1379,multi_select,semantic_blocked,ms_blocked,0,"{""Q0"":[""color"",""material""]}",category_organization_2x2,marker,toys
ROW39454,6810,html-button-response,7,149166,0,P1776,STUDY0009,SESS1379,multi_select,semantic_blocked,ms_blocked,0,0,category_section_intro,,toys
ROW39457,5394,survey-multi-select,11,171572,0,P1776,STUDY0009,SESS1379,multi_select,semantic_blocked,ms_blocked,0,"{""Q0"":[""none of these""]}",category_organization_2x2,clam,animals
ROW39458,23518,instructions,0,23521,0,P0755,STUDY0009,SESS1434,multi_select,semantic_blocked,ms_blocked,0,,,,
ROW39459,12902,html-button-response,2,45501,0,P0755,STUDY0009,SESS1434,multi_select,semantic_blocked,ms_blocked,0,0,vocabulary_classification_criteria,,
ROW39460,9071,html-button-response,1,32596,0,P0755,STUDY0009,SESS1434,multi_select,semantic_blocked,ms_blocked,0,0,precautions_survey,,
ROW39461,4758,html-button-response,3,50262,0,P0755,STUDY0009,SESS1434,multi_select,semantic_blocked,ms_blocked,0,0,lavender_instruction,,
ROW39462,12757,html-button-response,4,63021,0,P0755,STUDY0009,SESS1434,multi_select,semantic_blocked,ms_blocked,0,0,category_section_intro,,toys
ROW39463,9127,survey-multi-select,5,72155,0,P0755,STUDY0009,SESS1434,multi_select,semantic_blocked,ms_blocked,0,"{""Q0"":[""shape""]}",category_organization_2x2,drum (object),toys
ROW39464,9304,survey-multi-select,6,81465,0,P0755,STUDY0009,SESS1434,multi_select,semantic_blocked,ms_blocked,0,"{""Q0"":[""none of these""]}",category_organization_2x2,music,toys
ROW39465,3286,html-button-response,7,84753,0,P0755,STUDY0009,SESS1434,multi_select,semantic_blocked,ms_blocked,0,0,category_section_intro,,animals
ROW39466,6105,survey-multi-select,8,90862,0,P0755,STUDY0009,SESS1434,multi_select,semantic_blocked,ms_blocked,0,"{""Q0"":[""shape""]}",category_organization_2x2,clam,animals
ROW39467,3962,survey-multi-select,9,94829,0,P0755,STUDY0009,SESS1434,multi_select,semantic_blocked,ms_blocked,0,"{""Q0"":[""shape"",""color""]}",category_organization_2x2,insect,animals
ROW39468,3733,survey-multi-select,10,98568,0,P0755,STUDY0009,SESS1434,multi_select,semantic_blocked,ms_blocked,0,"{""Q0"":[""shape"",""color""]}",category_organization_2x2,owl,animals
ROW39469,3006,survey-multi-select,11,101578,0,P0755,STUDY0009,SESS1434,multi_select,semantic_blocked,ms_blocked,0,"{""Q0"":[""shape"",""color""]}",category_organization_2x2,zebra,animals
ROW39470,4478,survey-multi-select,12,176059,0,P1776,STUDY0009,SESS1379,multi_select,semantic_blocked,ms_blocked,0,"{""Q0"":[""none of these""]}",category_organization_2x2,fly (animal),animals
ROW39471,2862,survey-multi-select,13,178929,0,P1776,STUDY0009,SESS1379,multi_select,semantic_blocked,ms_blocked,0,"{""Q0"":[""none of these""]}",category_organization_2x2,panda,animals
ROW39472,2850,html-button-response,14,181784,0,P1776,STUDY0009,SESS1379,multi_select,semantic_blocked,ms_blocked,0,0,category_section_intro,,clothing
ROW39473,4630,survey-multi-select,15,186422,0,P1776,STUDY0009,SESS1379,multi_select,semantic_blocked,ms_blocked,0,"{""Q0"":[""shape"",""material""]}",category_organization_2x2,hat,clothing
ROW39475,3963,html-button-response,17,195726,0,P1776,STUDY0009,SESS1379,multi_select,semantic_blocked,ms_blocked,0,0,category_section_intro,,furniture_rooms
ROW39474,5331,survey-multi-select,16,191760,0,P1776,STUDY0009,SESS1379,multi_select,semantic_blocked,ms_blocked,0,"{""Q0"":[""shape"",""color"",""material""]}",category_organization_2x2,headband,clothing
ROW39476,2520,html-button-response,19,203525,0,P1776,STUDY0009,SESS1379,multi_select,semantic_blocked,ms_blocked,0,0,category_section_intro,,food_drink
ROW39477,5267,survey-multi-select,18,201001,0,P1776,STUDY0009,SESS1379,multi_select,semantic_blocked,ms_blocked,0,"{""Q0"":[""material""]}",category_organization_2x2,tablecloth,furniture_rooms
ROW39478,7086,survey-multi-select,20,210617,0,P1776,STUDY0009,SESS1379,multi_select,semantic_blocked,ms_blocked,0,"{""Q0"":[""none of these""]}",category_organization_2x2,chickpea,food_drink
ROW39479,2685,survey-multi-select,21,213308,0,P1776,STUDY0009,SESS1379,multi_select,semantic_blocked,ms_blocked,0,"{""Q0"":[""none of these""]}",category_organization_2x2,liver (food),food_drink
ROW39480,5953,html-button-response,24,227121,0,P1776,STUDY0009,SESS1379,multi_select,semantic_blocked,ms_blocked,0,0,category_section_intro,,body_parts
ROW39481,4926,survey-multi-select,22,218244,0,P1776,STUDY0009,SESS1379,multi_select,semantic_blocked,ms_blocked,0,"{""Q0"":[""color""]}",category_organization_2x2,rice,food_drink
ROW39482,2906,survey-multi-select,23,221163,0,P1776,STUDY0009,SESS1379,multi_select,semantic_blocked,ms_blocked,0,"{""Q0"":[""color""]}",category_organization_2x2,strawberry,food_drink
ROW39483,3135,survey-multi-select,25,230267,0,P1776,STUDY0009,SESS1379,multi_select,semantic_blocked,ms_blocked,0,"{""Q0"":[""shape""]}",category_organization_2x2,body,body_parts
ROW39484,1402,html-button-response,26,231673,0,P1776,STUDY0009,SESS1379,multi_select,semantic_blocked,ms_blocked,0,0,category_section_intro,,household
ROW39485,3287,survey-multi-select,27,234970,0,P1776,STUDY0009,SESS1379,multi_select,semantic_blocked,ms_blocked,0,"{""Q0"":[""material""]}",category_organization_2x2,cell phone,household
ROW39486,2310,survey-multi-select,28,237294,0,P1776,STUDY0009,SESS1379,multi_select,semantic_blocked,ms_blocked,0,"{""Q0"":[""material""]}",category_organization_2x2,glass,household
ROW39487,2083,html-button-response,29,239380,0,P1776,STUDY0009,SESS1379,multi_select,semantic_blocked,ms_blocked,0,0,category_section_intro,,outside
ROW39488,2983,survey-multi-select,30,242375,0,P1776,STUDY0009,SESS1379,multi_select,semantic_blocked,ms_blocked,0,"{""Q0"":[""none of these""]}",category_organization_2x2,rain,outside
ROW39489,5895,survey-multi-select,31,248282,0,P1776,STUDY0009,SESS1379,multi_select,semantic_blocked,ms_blocked,0,"{""Q0"":[""shape"",""material""]}",category_organization_2x2,umbrella,outside
ROW39490,1480,html-button-response,32,249768,0,P1776,STUDY0009,SESS1379,multi_select,semantic_blocked,ms_blocked,0,0,category_section_intro,,other
ROW39491,3854,survey-multi-select,17,125315,0,P0755,STUDY0009,SESS1434,multi_select,semantic_blocked,ms_blocked,0,"{""Q0"":[""shape"",""material""]}",category_organization_2x2,faucet,furniture_rooms
ROW39492,3603,html-button-response,12,105184,0,P0755,STUDY0009,SESS1434,multi_select,semantic_blocked,ms_blocked,0,0,category_section_intro,,clothing
ROW39493,4157,survey-multi-select,14,113748,0,P0755,STUDY0009,SESS1434,multi_select,semantic_blocked,ms_blocked,0,"{""Q0"":[""shape"",""color""]}",category_organization_2x2,glove,clothing
ROW39494,6641,survey-multi-select,16,121457,0,P0755,STUDY0009,SESS1434,multi_select,semantic_blocked,ms_blocked,0,"{""Q0"":[""shape"",""material""]}",category_organization_2x2,balcony,furniture_rooms
ROW39495,4399,survey-multi-select,13,109587,0,P0755,STUDY0009,SESS1434,multi_select,semantic_blocked,ms_blocked,0,"{""Q0"":[""shape"",""color"",""material""]}",category_organization_2x2,button,clothing
ROW39496,1062,html-button-response,15,114813,0,P0755,STUDY0009,SESS1434,multi_select,semantic_blocked,ms_blocked,0,0,category_section_intro,,furniture_rooms
ROW39497,2332,survey-multi-select,34,254843,0,P1776,STUDY0009,SESS1379,multi_select,semantic_blocked,ms_blocked,0,"{""Q0"":[""none of these""]}",category_organization_2x2,lavender,attention_check
ROW39498,2716,survey-multi-select,33,252498,0,P1776,STUDY0009,SESS1379,multi_select,semantic_blocked,ms_blocked,0,"{""Q0"":[""none of these""]}",category_organization_2x2,basement,other
ROW39499,1178,html-button-response,35,256027,0,P1776,STUDY0009,SESS1379,multi_select,semantic_blocked,ms_blocked,0,0,,,
ROW39500,5023,instructions,36,261052,0,P1776,STUDY0009,SESS1379,multi_select,semantic_blocked,ms_blocked,0,,,,
ROW39501,3086,html-button-response,20,138758,0,P0755,STUDY0009,SESS1434,multi_select,semantic_blocked,ms_blocked,0,0,category_section_intro,,food_drink
ROW39502,5379,survey-multi-select,19,135669,0,P0755,STUDY0009,SESS1434,multi_select,semantic_blocked,ms_blocked,0,"{""Q0"":[""none of these""]}",category_organization_2x2,living room,furniture_rooms
ROW39503,5292,survey-multi-select,21,144054,0,P0755,STUDY0009,SESS1434,multi_select,semantic_blocked,ms_blocked,0,"{""Q0"":[""shape"",""color""]}",category_organization_2x2,cucumber,food_drink
ROW39504,4967,survey-multi-select,18,130286,0,P0755,STUDY0009,SESS1434,multi_select,semantic_blocked,ms_blocked,0,"{""Q0"":[""shape""]}",category_organization_2x2,hair dryer,furniture_rooms
ROW39505,3466,survey-multi-select,22,147524,0,P0755,STUDY0009,SESS1434,multi_select,semantic_blocked,ms_blocked,0,"{""Q0"":[""shape"",""color""]}",category_organization_2x2,pickle,food_drink
ROW39506,1617,html-button-response,23,149144,0,P0755,STUDY0009,SESS1434,multi_select,semantic_blocked,ms_blocked,0,0,category_section_intro,,body_parts
ROW39507,2772,survey-multi-select,24,151919,0,P0755,STUDY0009,SESS1434,multi_select,semantic_blocked,ms_blocked,0,"{""Q0"":[""shape""]}",category_organization_2x2,finger,body_parts
ROW39508,2880,survey-multi-select,25,154803,0,P0755,STUDY0009,SESS1434,multi_select,semantic_blocked,ms_blocked,0,"{""Q0"":[""shape""]}",category_organization_2x2,knee,body_parts
ROW39509,1260,html-button-response,26,156065,0,P0755,STUDY0009,SESS1434,multi_select,semantic_blocked,ms_blocked,0,0,category_section_intro,,outside
ROW39510,5165,survey-multi-select,27,161233,0,P0755,STUDY0009,SESS1434,multi_select,semantic_blocked,ms_blocked,0,"{""Q0"":[""color"",""material""]}",category_organization_2x2,mud,outside
ROW39511,7996,survey-multi-select,29,182581,0,P0755,STUDY0009,SESS1434,multi_select,semantic_blocked,ms_blocked,0,"{""Q0"":[""color"",""material""]}",category_organization_2x2,sand,outside
ROW39512,13343,survey-multi-select,28,174581,0,P0755,STUDY0009,SESS1434,multi_select,semantic_blocked,ms_blocked,0,"{""Q0"":[""shape"",""material""]}",category_organization_2x2,road,outside
ROW39513,3758,instructions,0,3760,0,P1652,STUDY0009,SESS1442,multi_select,random,ms_random,0,,,,
ROW39514,27222,html-button-response,2,36047,0,P1652,STUDY0009,SESS1442,multi_select,random,ms_random,0,0,vocabulary_classification_criteria,,
ROW39515,5062,html-button-response,1,8823,0,P1652,STUDY0009,SESS1442,multi_select,random,ms_random,0,0,precautions_survey,,
ROW39516,11015,html-button-response,3,47063,0,P1652,STUDY0009,SESS1442,multi_select,random,ms_random,0,0,lavender_instruction,,
ROW39517,35390,survey-multi-select,5,92863,0,P1652,STUDY0009,SESS1442,multi_select,random,ms_random,0,"{""Q0"":[""none of these""]}",category_organization_2x2,party,other
ROW39518,10403,survey-multi-select,4,57471,0,P1652,STUDY0009,SESS1442,multi_select,random,ms_random,0,"{""Q0"":[""material""]}",category_organization_2x2,blanket,household
ROW39519,8766,survey-multi-select,7,106335,0,P1652,STUDY0009,SESS1442,multi_select,random,ms_random,0,"{""Q0"":[""material""]}",category_organization_2x2,paint (object),household
ROW39520,4703,survey-multi-select,6,97567,0,P1652,STUDY0009,SESS1442,multi_select,random,ms_random,0,"{""Q0"":[""none of these""]}",category_organization_2x2,drum (object),toys
ROW39521,2744,html-button-response,30,185327,0,P0755,STUDY0009,SESS1434,multi_select,semantic_blocked,ms_blocked,0,0,category_section_intro,,other
ROW39522,2408,survey-multi-select,8,108744,0,P1652,STUDY0009,SESS1442,multi_select,random,ms_random,0,"{""Q0"":[""none of these""]}",category_organization_2x2,lavender,attention_check
ROW39524,2878,survey-multi-select,11,120255,0,P1652,STUDY0009,SESS1442,multi_select,random,ms_random,0,"{""Q0"":[""none of these""]}",category_organization_2x2,wind,outside
ROW39523,5391,survey-multi-select,10,117375,0,P1652,STUDY0009,SESS1442,multi_select,random,ms_random,0,"{""Q0"":[""none of these""]}",category_organization_2x2,parrot,animals
ROW39525,3237,survey-multi-select,9,111983,0,P1652,STUDY0009,SESS1442,multi_select,random,ms_random,0,"{""Q0"":[""none of these""]}",category_organization_2x2,popcorn,food_drink
ROW39526,5154,survey-multi-select,31,190485,0,P0755,STUDY0009,SESS1434,multi_select,semantic_blocked,ms_blocked,0,"{""Q0"":[""shape"",""material""]}",category_organization_2x2,letter,other
ROW39527,2767,survey-multi-select,32,193256,0,P0755,STUDY0009,SESS1434,multi_select,semantic_blocked,ms_blocked,0,"{""Q0"":[""none of these""]}",category_organization_2x2,lavender,attention_check
ROW39528,1404,html-button-response,33,194663,0,P0755,STUDY0009,SESS1434,multi_select,semantic_blocked,ms_blocked,0,0,,,
ROW39529,2809,instructions,34,197473,0,P0755,STUDY0009,SESS1434,multi_select,semantic_blocked,ms_blocked,0,,,,
ROW39530,4094,survey-multi-select,12,124351,0,P1652,STUDY0009,SESS1442,multi_select,random,ms_random,0,"{""Q0"":[""color""]}",category_organization_2x2,plum,food_drink
ROW39531,2606,survey-multi-select,13,126959,0,P1652,STUDY0009,SESS1442,multi_select,random,ms_random,0,"{""Q0"":[""none of these""]}",category_organization_2x2,stork,animals
ROW39532,3535,survey-multi-select,14,130495,0,P1652,STUDY0009,SESS1442,multi_select,random,ms_random,0,"{""Q0"":[""none of these""]}",category_organization_2x2,gut,body_parts
ROW39533,5716,survey-multi-select,15,136215,0,P1652,STUDY0009,SESS1442,multi_select,random,ms_random,0,"{""Q0"":[""shape""]}",category_organization_2x2,fan,household
ROW39534,6414,survey-multi-select,17,145255,0,P1652,STUDY0009,SESS1442,multi_select,random,ms_random,0,"{""Q0"":[""material""]}",category_organization_2x2,popsicle,food_drink
ROW39535,2623,survey-multi-select,16,138839,0,P1652,STUDY0009,SESS1442,multi_select,random,ms_random,0,"{""Q0"":[""material""]}",category_organization_2x2,ear,body_parts
ROW39536,3857,survey-multi-select,18,149113,0,P1652,STUDY0009,SESS1442,multi_select,random,ms_random,0,"{""Q0"":[""shape""]}",category_organization_2x2,car,vehicles
ROW39537,3245,survey-multi-select,19,152359,0,P1652,STUDY0009,SESS1442,multi_select,random,ms_random,0,"{""Q0"":[""none of these""]}",category_organization_2x2,kitty,animals
ROW39538,5049,survey-multi-select,20,157409,0,P1652,STUDY0009,SESS1442,multi_select,random,ms_random,0,"{""Q0"":[""shape""]}",category_organization_2x2,cart,vehicles
ROW39539,3108,survey-multi-select,21,160519,0,P1652,STUDY0009,SESS1442,multi_select,random,ms_random,0,"{""Q0"":[""shape""]}",category_organization_2x2,bubbles,toys
ROW39540,3031,survey-multi-select,22,163551,0,P1652,STUDY0009,SESS1442,multi_select,random,ms_random,0,"{""Q0"":[""material""]}",category_organization_2x2,teddybear,animals
ROW39541,2399,survey-multi-select,23,165951,0,P1652,STUDY0009,SESS1442,multi_select,random,ms_random,0,"{""Q0"":[""color""]}",category_organization_2x2,pineapple,food_drink
ROW39542,5214,survey-multi-select,24,171167,0,P1652,STUDY0009,SESS1442,multi_select,random,ms_random,0,"{""Q0"":[""none of these""]}",category_organization_2x2,coffee,food_drink
ROW39543,1159,html-button-response,25,172327,0,P1652,STUDY0009,SESS1442,multi_select,random,ms_random,0,0,,,
ROW39544,2087,instructions,26,174414,0,P1652,STUDY0009,SESS1442,multi_select,random,ms_random,0,,,,
ROW39545,1278,instructions,0,1279,0,P1810,STUDY0009,SESS1485,multi_select,random,ms_random,0,,,,
ROW39546,1031,html-button-response,1,2311,0,P1810,STUDY0009,SESS1485,multi_select,random,ms_random,0,0,precautions_survey,,
ROW39547,4461,html-button-response,3,7966,0,P1810,STUDY0009,SESS1485,multi_select,random,ms_random,0,0,lavender_instruction,,
ROW39548,1194,html-button-response,2,3505,0,P1810,STUDY0009,SESS1485,multi_select,random,ms_random,0,0,vocabulary_classification_criteria,,
ROW39549,11851,survey-multi-select,5,30983,0,P1810,STUDY0009,SESS1485,multi_select,random,ms_random,0,"{""Q0"":[""shape""]}",category_organization_2x2,seesaw,outside
ROW39550,11164,survey-multi-select,4,19132,0,P1810,STUDY0009,SESS1485,multi_select,random,ms_random,0,"{""Q0"":[""none of these""]}",category_organization_2x2,air conditioner,furniture_rooms
ROW39551,4274,survey-multi-select,6,35258,0,P1810,STUDY0009,SESS1485,multi_select,random,ms_random,0,"{""Q0"":[""color""]}",category_organization_2x2,peach,food_drink
ROW39552,5044,survey-multi-select,7,40302,0,P1810,STUDY0009,SESS1485,multi_select,random,ms_random,0,"{""Q0"":[""none of these""]}",category_organization_2x2,lavender,attention_check
ROW39553,6048,survey-multi-select,8,46350,0,P1810,STUDY0009,SESS1485,multi_select,random,ms_random,0,"{""Q0"":[""none of these""]}",category_organization_2x2,vegetable,food_drink
ROW39554,5753,survey-multi-select,10,61098,0,P1810,STUDY0009,SESS1485,multi_select,random,ms_random,0,"{""Q0"":[""color""]}",category_organization_2x2,kiwi,food_drink
ROW39555,8993,survey-multi-select,9,55344,0,P1810,STUDY0009,SESS1485,multi_select,random,ms_random,0,"{""Q0"":[""material"",""none of these""]}",category_organization_2x2,gloves,clothing
ROW39556,7504,survey-multi-select,11,68602,0,P1810,STUDY0009,SESS1485,multi_select,random,ms_random,0,"{""Q0"":[""material""]}",category_organization_2x2,can opener,other
ROW39557,4847,survey-multi-select,12,73449,0,P1810,STUDY0009,SESS1485,multi_select,random,ms_random,0,"{""Q0"":[""shape""]}",category_organization_2x2,penguin,animals
ROW39559,2593,survey-multi-select,14,79182,0,P1810,STUDY0009,SESS1485,multi_select,random,ms_random,0,"{""Q0"":[""shape""]}",category_organization_2x2,kite,toys
ROW39560,2093,survey-multi-select,15,81276,0,P1810,STUDY0009,SESS1485,multi_select,random,ms_random,0,"{""Q0"":[""none of these""]}",category_organization_2x2,basement,other
ROW39561,3153,survey-multi-select,17,88871,0,P1810,STUDY0009,SESS1485,multi_select,random,ms_random,0,"{""Q0"":[""shape""]}",category_organization_2x2,moose,animals
ROW39558,3138,survey-multi-select,13,76588,0,P1810,STUDY0009,SESS1485,multi_select,random,ms_random,0,"{""Q0"":[""material""]}",category_organization_2x2,lawn,other
ROW39562,4440,survey-multi-select,16,85717,0,P1810,STUDY0009,SESS1485,multi_select,random,ms_random,0,"{""Q0"":[""material""]}",category_organization_2x2,soup,food_drink
ROW39563,1877,survey-multi-select,18,90749,0,P1810,STUDY0009,SESS1485,multi_select,random,ms_random,0,"{""Q0"":[""none of these""]}",category_organization_2x2,kitchen,furniture_rooms
ROW39564,3311,survey-multi-select,20,96399,0,P1810,STUDY0009,SESS1485,multi_select,random,ms_random,0,"{""Q0"":[""none of these""]}",category_organization_2x2,drain (object),other
ROW39565,2338,survey-multi-select,19,93087,0,P1810,STUDY0009,SESS1485,multi_select,random,ms_random,0,"{""Q0"":[""shape""]}",category_organization_2x2,spoon,household
ROW39566,1926,survey-multi-select,21,98326,0,P1810,STUDY0009,SESS1485,multi_select,random,ms_random,0,"{""Q0"":[""none of these""]}",category_organization_2x2,brush (object),household
ROW39567,3167,survey-multi-select,22,101493,0,P1810,STUDY0009,SESS1485,multi_select,random,ms_random,0,"{""Q0"":[""shape""]}",category_organization_2x2,foot,body_parts
ROW39568,6584,survey-multi-select,23,108078,0,P1810,STUDY0009,SESS1485,multi_select,random,ms_random,0,"{""Q0"":[""none of these""]}",category_organization_2x2,racket,toys
ROW39569,2217,survey-multi-select,24,110296,0,P1810,STUDY0009,SESS1485,multi_select,random,ms_random,0,"{""Q0"":[""material""]}",category_organization_2x2,stone,outside
ROW39570,785,html-button-response,25,111081,0,P1810,STUDY0009,SESS1485,multi_select,random,ms_random,0,0,,,
ROW39571,2003,instructions,26,113085,0,P1810,STUDY0009,SESS1485,multi_select,random,ms_random,0,,,,
ROW39572,3499,instructions,0,3502,0,P1061,STUDY0009,SESS1417,multi_select,random,ms_random,0,,,,
ROW39573,7641,html-button-response,1,11145,0,P1061,STUDY0009,SESS1417,multi_select,random,ms_random,0,0,precautions_survey,,
ROW39574,7304,html-button-response,3,46171,0,P1061,STUDY0009,SESS1417,multi_select,random,ms_random,0,0,lavender_instruction,,
ROW39575,27720,html-button-response,2,38866,0,P1061,STUDY0009,SESS1417,multi_select,random,ms_random,0,0,vocabulary_classification_criteria,,
ROW39576,4880,survey-multi-select,4,51058,0,P1061,STUDY0009,SESS1417,multi_select,random,ms_random,0,"{""Q0"":[""none of these""]}",category_organization_2x2,lavender,attention_check
ROW39577,10011,survey-multi-select,5,61072,0,P1061,STUDY0009,SESS1417,multi_select,random,ms_random,0,"{""Q0"":[""material""]}",category_organization_2x2,scallion,food_drink
ROW39578,2826,instructions,0,2828,0,P0594,STUDY0009,SESS1465,forced_choice,semantic_blocked,fc_blocked,0,,,,
ROW39579,8055,html-button-response,2,13707,0,P0594,STUDY0009,SESS1465,forced_choice,semantic_blocked,fc_blocked,0,0,vocabulary_classification_criteria,,
ROW39580,2822,html-button-response,1,5651,0,P0594,STUDY0009,SESS1465,forced_choice,semantic_blocked,fc_blocked,0,0,precautions_survey,,
ROW39581,4975,html-button-response,3,18683,0,P0594,STUDY0009,SESS1465,forced_choice,semantic_blocked,fc_blocked,0,0,lavender_instruction,,
ROW39582,10551,survey-multi-choice,5,33219,0,P0594,STUDY0009,SESS1465,forced_choice,semantic_blocked,fc_blocked,0,"{""Q0"":""none of these""}",category_organization_2x2,ambulance,vehicles
ROW39583,3984,html-button-response,4,22667,0,P0594,STUDY0009,SESS1465,forced_choice,semantic_blocked,fc_blocked,0,0,category_section_intro,,vehicles
ROW39584,8404,survey-multi-select,7,74588,0,P1061,STUDY0009,SESS1417,multi_select,random,ms_random,0,"{""Q0"":[""material""]}",category_organization_2x2,caterpillar,animals
ROW39585,10906,survey-multi-select,8,85497,0,P1061,STUDY0009,SESS1417,multi_select,random,ms_random,0,"{""Q0"":[""material""]}",category_organization_2x2,chalk,toys
ROW39586,4136,survey-multi-select,9,89637,0,P1061,STUDY0009,SESS1417,multi_select,random,ms_random,0,"{""Q0"":[""shape""]}",category_organization_2x2,box,household
ROW39587,5106,survey-multi-select,6,66182,0,P1061,STUDY0009,SESS1417,multi_select,random,ms_random,0,"{""Q0"":[""material""]}",category_organization_2x2,cotton,household
ROW39588,7457,survey-multi-select,11,100918,0,P1061,STUDY0009,SESS1417,multi_select,random,ms_random,0,"{""Q0"":[""shape""]}",category_organization_2x2,tricycle,vehicles
ROW39589,3816,survey-multi-select,10,93457,0,P1061,STUDY0009,SESS1417,multi_select,random,ms_random,0,"{""Q0"":[""material""]}",category_organization_2x2,scallion,food_drink
ROW39590,3303,survey-multi-choice,6,36523,0,P0594,STUDY0009,SESS1465,forced_choice,semantic_blocked,fc_blocked,0,"{""Q0"":""shape""}",category_organization_2x2,tricycle,vehicles
ROW39591,1999,html-button-response,7,38523,0,P0594,STUDY0009,SESS1465,forced_choice,semantic_blocked,fc_blocked,0,0,category_section_intro,,toys
ROW39592,5775,survey-multi-choice,8,44299,0,P0594,STUDY0009,SESS1465,forced_choice,semantic_blocked,fc_blocked,0,"{""Q0"":""material""}",category_organization_2x2,play dough,toys
ROW39593,5071,survey-multi-choice,9,49371,0,P0594,STUDY0009,SESS1465,forced_choice,semantic_blocked,fc_blocked,0,"{""Q0"":""none of these""}",category_organization_2x2,puzzle,toys
ROW39594,1751,html-button-response,10,51123,0,P0594,STUDY0009,SESS1465,forced_choice,semantic_blocked,fc_blocked,0,0,category_section_intro,,animals
ROW39595,4919,survey-multi-choice,11,56043,0,P0594,STUDY0009,SESS1465,forced_choice,semantic_blocked,fc_blocked,0,"{""Q0"":""none of these""}",category_organization_2x2,camel,animals
ROW39596,5069,survey-multi-select,13,117555,0,P1061,STUDY0009,SESS1417,multi_select,random,ms_random,0,"{""Q0"":[""none of these""]}",category_organization_2x2,corn,food_drink
ROW39597,11562,survey-multi-select,12,112482,0,P1061,STUDY0009,SESS1417,multi_select,random,ms_random,0,"{""Q0"":[""none of these""]}",category_organization_2x2,pumpkin,food_drink
ROW39598,4735,survey-multi-select,15,126762,0,P1061,STUDY0009,SESS1417,multi_select,random,ms_random,0,"{""Q0"":[""none of these""]}",category_organization_2x2,snail,animals
ROW39599,4466,survey-multi-select,14,122025,0,P1061,STUDY0009,SESS1417,multi_select,random,ms_random,0,"{""Q0"":[""material""]}",category_organization_2x2,paper,household
ROW39600,981,html-button-response,1,2650,0,P0853,STUDY0009,SESS1459,forced_choice,semantic_blocked,fc_blocked,0,0,precautions_survey,,
ROW39601,1659,instructions,0,1665,0,P0853,STUDY0009,SESS1459,forced_choice,semantic_blocked,fc_blocked,0,,,,
ROW39602,13357,html-button-response,2,16009,0,P0853,STUDY0009,SESS1459,forced_choice,semantic_blocked,fc_blocked,0,0,vocabulary_classification_criteria,,
ROW39603,3193,html-button-response,3,19204,0,P0853,STUDY0009,SESS1459,forced_choice,semantic_blocked,fc_blocked,0,0,lavender_instruction,,
ROW39604,8084,html-button-response,4,27289,0,P0853,STUDY0009,SESS1459,forced_choice,semantic_blocked,fc_blocked,0,0,category_section_intro,,vehicles
ROW39605,8400,survey-multi-choice,5,35696,0,P0853,STUDY0009,SESS1459,forced_choice,semantic_blocked,fc_blocked,0,"{""Q0"":""none of these""}",category_organization_2x2,skate (object),vehicles
ROW39606,4167,survey-multi-choice,12,60211,0,P0594,STUDY0009,SESS1465,forced_choice,semantic_blocked,fc_blocked,0,"{""Q0"":""none of these""}",category_organization_2x2,fish (animal),animals
ROW39607,5895,survey-multi-choice,14,67539,0,P0594,STUDY0009,SESS1465,forced_choice,semantic_blocked,fc_blocked,0,"{""Q0"":""none of these""}",category_organization_2x2,mask,clothing
ROW39608,1432,html-button-response,13,61643,0,P0594,STUDY0009,SESS1465,forced_choice,semantic_blocked,fc_blocked,0,0,category_section_intro,,clothing
ROW39609,1384,html-button-response,15,68923,0,P0594,STUDY0009,SESS1465,forced_choice,semantic_blocked,fc_blocked,0,0,category_section_intro,,furniture_rooms
ROW39610,1307,html-button-response,6,37008,0,P0853,STUDY0009,SESS1459,forced_choice,semantic_blocked,fc_blocked,0,0,category_section_intro,,animals
ROW39611,3015,survey-multi-choice,16,71939,0,P0594,STUDY0009,SESS1465,forced_choice,semantic_blocked,fc_blocked,0,"{""Q0"":""none of these""}",category_organization_2x2,toilet,furniture_rooms
ROW39612,1327,html-button-response,17,73267,0,P0594,STUDY0009,SESS1465,forced_choice,semantic_blocked,fc_blocked,0,0,category_section_intro,,food_drink
ROW39613,8852,survey-multi-select,17,177137,0,P1061,STUDY0009,SESS1417,multi_select,random,ms_random,0,"{""Q0"":[""material""]}",category_organization_2x2,nail (object),household
ROW39614,41518,survey-multi-select,16,168282,0,P1061,STUDY0009,SESS1417,multi_select,random,ms_random,0,"{""Q0"":[""none of these""]}",category_organization_2x2,suburb,other
ROW39615,9622,survey-multi-select,18,186763,0,P1061,STUDY0009,SESS1417,multi_select,random,ms_random,0,"{""Q0"":[""none of these""]}",category_organization_2x2,wallet,household
ROW39616,4310,survey-multi-select,19,191078,0,P1061,STUDY0009,SESS1417,multi_select,random,ms_random,0,"{""Q0"":[""none of these""]}",category_organization_2x2,toilet,furniture_rooms
ROW39617,2800,survey-multi-choice,10,52057,0,P0853,STUDY0009,SESS1459,forced_choice,semantic_blocked,fc_blocked,0,"{""Q0"":""material""}",category_organization_2x2,pocket,clothing
ROW39618,1156,html-button-response,8,44844,0,P0853,STUDY0009,SESS1459,forced_choice,semantic_blocked,fc_blocked,0,0,category_section_intro,,clothing
ROW39619,4408,survey-multi-choice,12,57415,0,P0853,STUDY0009,SESS1459,forced_choice,semantic_blocked,fc_blocked,0,"{""Q0"":""none of these""}",category_organization_2x2,elevator,furniture_rooms
ROW39620,6675,survey-multi-choice,7,43686,0,P0853,STUDY0009,SESS1459,forced_choice,semantic_blocked,fc_blocked,0,"{""Q0"":""shape""}",category_organization_2x2,snake,animals
ROW39621,4407,survey-multi-choice,9,49254,0,P0853,STUDY0009,SESS1459,forced_choice,semantic_blocked,fc_blocked,0,"{""Q0"":""material""}",category_organization_2x2,jeans,clothing
ROW39622,946,html-button-response,11,53005,0,P0853,STUDY0009,SESS1459,forced_choice,semantic_blocked,fc_blocked,0,0,category_section_intro,,furniture_rooms
ROW39623,6286,survey-multi-select,20,197367,0,P1061,STUDY0009,SESS1417,multi_select,random,ms_random,0,"{""Q0"":[""none of these""]}",category_organization_2x2,crow,animals
ROW39624,9673,survey-multi-select,21,207043,0,P1061,STUDY0009,SESS1417,multi_select,random,ms_random,0,"{""Q0"":[""color""]}",category_organization_2x2,panther,other
ROW39625,2992,survey-multi-choice,18,76259,0,P0594,STUDY0009,SESS1465,forced_choice,semantic_blocked,fc_blocked,0,"{""Q0"":""color""}",category_organization_2x2,apricot,food_drink
ROW39626,4523,survey-multi-choice,13,61941,0,P0853,STUDY0009,SESS1459,forced_choice,semantic_blocked,fc_blocked,0,"{""Q0"":""none of these""}",category_organization_2x2,patio,furniture_rooms
ROW39627,819,html-button-response,14,62763,0,P0853,STUDY0009,SESS1459,forced_choice,semantic_blocked,fc_blocked,0,0,category_section_intro,,food_drink
ROW39628,2664,survey-multi-choice,19,78923,0,P0594,STUDY0009,SESS1465,forced_choice,semantic_blocked,fc_blocked,0,"{""Q0"":""none of these""}",category_organization_2x2,pomegranate,food_drink
ROW39629,3559,survey-multi-choice,20,82483,0,P0594,STUDY0009,SESS1465,forced_choice,semantic_blocked,fc_blocked,0,"{""Q0"":""shape""}",category_organization_2x2,pretzel,food_drink
ROW39630,3169,survey-multi-choice,15,65934,0,P0853,STUDY0009,SESS1459,forced_choice,semantic_blocked,fc_blocked,0,"{""Q0"":""material""}",category_organization_2x2,dried seaweed,food_drink
ROW39631,3271,survey-multi-choice,21,85755,0,P0594,STUDY0009,SESS1465,forced_choice,semantic_blocked,fc_blocked,0,"{""Q0"":""none of these""}",category_organization_2x2,push,food_drink
ROW39632,1535,html-button-response,22,87291,0,P0594,STUDY0009,SESS1465,forced_choice,semantic_blocked,fc_blocked,0,0,category_section_intro,,body_parts
ROW39633,4656,survey-multi-choice,23,91947,0,P0594,STUDY0009,SESS1465,forced_choice,semantic_blocked,fc_blocked,0,"{""Q0"":""none of these""}",category_organization_2x2,face,body_parts
ROW39634,3242,survey-multi-choice,16,69179,0,P0853,STUDY0009,SESS1459,forced_choice,semantic_blocked,fc_blocked,0,"{""Q0"":""material""}",category_organization_2x2,soy milk,food_drink
ROW39635,2451,survey-multi-choice,17,71633,0,P0853,STUDY0009,SESS1459,forced_choice,semantic_blocked,fc_blocked,0,"{""Q0"":""shape""}",category_organization_2x2,spaghetti,food_drink
ROW39636,2415,survey-multi-choice,18,74050,0,P0853,STUDY0009,SESS1459,forced_choice,semantic_blocked,fc_blocked,0,"{""Q0"":""none of these""}",category_organization_2x2,steak,food_drink
ROW39637,6030,survey-multi-select,22,213074,0,P1061,STUDY0009,SESS1417,multi_select,random,ms_random,0,"{""Q0"":[""shape"",""material""]}",category_organization_2x2,button,clothing
ROW39638,5046,survey-multi-select,23,218124,0,P1061,STUDY0009,SESS1417,multi_select,random,ms_random,0,"{""Q0"":[""none of these""]}",category_organization_2x2,calf,animals
ROW39639,3446,survey-multi-choice,19,77499,0,P0853,STUDY0009,SESS1459,forced_choice,semantic_blocked,fc_blocked,0,"{""Q0"":""material""}",category_organization_2x2,vitamin,food_drink
ROW39640,8555,survey-multi-select,24,226681,0,P1061,STUDY0009,SESS1417,multi_select,random,ms_random,0,"{""Q0"":[""shape""]}",category_organization_2x2,earth,outside
ROW39641,899,html-button-response,20,78400,0,P0853,STUDY0009,SESS1459,forced_choice,semantic_blocked,fc_blocked,0,0,category_section_intro,,household
ROW39642,2861,survey-multi-choice,21,81264,0,P0853,STUDY0009,SESS1459,forced_choice,semantic_blocked,fc_blocked,0,"{""Q0"":""material""}",category_organization_2x2,bandaid,household
ROW39643,2155,html-button-response,25,228837,0,P1061,STUDY0009,SESS1417,multi_select,random,ms_random,0,0,,,
ROW39644,3300,survey-multi-choice,22,84566,0,P0853,STUDY0009,SESS1459,forced_choice,semantic_blocked,fc_blocked,0,"{""Q0"":""none of these""}",category_organization_2x2,cell phone,household
ROW39645,4021,instructions,26,232859,0,P1061,STUDY0009,SESS1417,multi_select,random,ms_random,0,,,,
ROW39646,4052,survey-multi-choice,23,88620,0,P0853,STUDY0009,SESS1459,forced_choice,semantic_blocked,fc_blocked,0,"{""Q0"":""none of these""}",category_organization_2x2,iron (object),household
ROW39647,3270,survey-multi-choice,24,91893,0,P0853,STUDY0009,SESS1459,forced_choice,semantic_blocked,fc_blocked,0,"{""Q0"":""shape""}",category_organization_2x2,jar,household
ROW39648,2783,survey-multi-choice,24,94731,0,P0594,STUDY0009,SESS1465,forced_choice,semantic_blocked,fc_blocked,0,"{""Q0"":""none of these""}",category_organization_2x2,neck,body_parts
ROW39649,1535,html-button-response,25,96267,0,P0594,STUDY0009,SESS1465,forced_choice,semantic_blocked,fc_blocked,0,0,category_section_intro,,household
ROW39650,8160,survey-multi-choice,26,104427,0,P0594,STUDY0009,SESS1465,forced_choice,semantic_blocked,fc_blocked,0,"{""Q0"":""none of these""}",category_organization_2x2,clock,household
ROW39651,2714,survey-multi-choice,25,94609,0,P0853,STUDY0009,SESS1459,forced_choice,semantic_blocked,fc_blocked,0,"{""Q0"":""material""}",category_organization_2x2,paper,household
ROW39652,2879,survey-multi-choice,27,107307,0,P0594,STUDY0009,SESS1465,forced_choice,semantic_blocked,fc_blocked,0,"{""Q0"":""material""}",category_organization_2x2,wood,household
ROW39653,1688,html-button-response,28,108994,0,P0594,STUDY0009,SESS1465,forced_choice,semantic_blocked,fc_blocked,0,0,category_section_intro,,outside
ROW39654,6848,survey-multi-choice,29,115843,0,P0594,STUDY0009,SESS1465,forced_choice,semantic_blocked,fc_blocked,0,"{""Q0"":""none of these""}",category_organization_2x2,bridge,outside
ROW39655,2532,survey-multi-choice,26,97144,0,P0853,STUDY0009,SESS1459,forced_choice,semantic_blocked,fc_blocked,0,"{""Q0"":""shape""}",category_organization_2x2,remote control,household
ROW39656,975,html-button-response,27,98121,0,P0853,STUDY0009,SESS1459,forced_choice,semantic_blocked,fc_blocked,0,0,category_section_intro,,other
ROW39657,3858,survey-multi-choice,28,101981,0,P0853,STUDY0009,SESS1459,forced_choice,semantic_blocked,fc_blocked,0,"{""Q0"":""material""}",category_organization_2x2,cigarette,other
ROW39658,5010,survey-multi-choice,30,109085,0,P0853,STUDY0009,SESS1459,forced_choice,semantic_blocked,fc_blocked,0,"{""Q0"":""none of these""}",category_organization_2x2,tie (object),other
ROW39659,2084,survey-multi-choice,29,104072,0,P0853,STUDY0009,SESS1459,forced_choice,semantic_blocked,fc_blocked,0,"{""Q0"":""none of these""}",category_organization_2x2,schnitzel,other
ROW39660,3984,survey-multi-choice,30,119827,0,P0594,STUDY0009,SESS1465,forced_choice,semantic_blocked,fc_blocked,0,"{""Q0"":""color""}",category_organization_2x2,sky,outside
ROW39661,1701,survey-multi-choice,31,110789,0,P0853,STUDY0009,SESS1459,forced_choice,semantic_blocked,fc_blocked,0,"{""Q0"":""none of these""}",category_organization_2x2,lavender,attention_check
ROW39662,945,html-button-response,32,111736,0,P0853,STUDY0009,SESS1459,forced_choice,semantic_blocked,fc_blocked,0,0,,,
ROW39663,1303,instructions,33,113039,0,P0853,STUDY0009,SESS1459,forced_choice,semantic_blocked,fc_blocked,0,,,,
ROW39664,1728,html-button-response,31,121555,0,P0594,STUDY0009,SESS1465,forced_choice,semantic_blocked,fc_blocked,0,0,category_section_intro,,other
ROW39665,3868,survey-multi-choice,32,125423,0,P0594,STUDY0009,SESS1465,forced_choice,semantic_blocked,fc_blocked,0,"{""Q0"":""none of these""}",category_organization_2x2,market,other
ROW39666,2698,survey-multi-choice,33,128122,0,P0594,STUDY0009,SESS1465,forced_choice,semantic_blocked,fc_blocked,0,"{""Q0"":""none of these""}",category_organization_2x2,possum,other
ROW39667,1616,survey-multi-choice,34,129739,0,P0594,STUDY0009,SESS1465,forced_choice,semantic_blocked,fc_blocked,0,"{""Q0"":""none of these""}",category_organization_2x2,lavender,attention_check
ROW39668,1199,html-button-response,35,130939,0,P0594,STUDY0009,SESS1465,forced_choice,semantic_blocked,fc_blocked,0,0,,,
ROW39669,1936,instructions,36,132875,0,P0594,STUDY0009,SESS1465,forced_choice,semantic_blocked,fc_blocked,0,,,,
ROW39670,2354,html-button-response,1,4293,0,P1562,STUDY0009,SESS1450,multi_select,semantic_blocked,ms_blocked,0,0,precautions_survey,,
ROW39671,1935,instructions,0,1937,0,P1562,STUDY0009,SESS1450,multi_select,semantic_blocked,ms_blocked,0,,,,
ROW39672,13063,html-button-response,2,17356,0,P1562,STUDY0009,SESS1450,multi_select,semantic_blocked,ms_blocked,0,0,vocabulary_classification_criteria,,
ROW39673,6727,html-button-response,3,24084,0,P1562,STUDY0009,SESS1450,multi_select,semantic_blocked,ms_blocked,0,0,lavender_instruction,,
ROW39674,6989,html-button-response,4,31073,0,P1562,STUDY0009,SESS1450,multi_select,semantic_blocked,ms_blocked,0,0,category_section_intro,,vehicles
ROW39675,5547,survey-multi-select,5,36623,0,P1562,STUDY0009,SESS1450,multi_select,semantic_blocked,ms_blocked,0,"{""Q0"":[""shape"",""color""]}",category_organization_2x2,car,vehicles
ROW39676,2674,html-button-response,6,39298,0,P1562,STUDY0009,SESS1450,multi_select,semantic_blocked,ms_blocked,0,0,category_section_intro,,toys
ROW39677,6804,survey-multi-select,7,46103,0,P1562,STUDY0009,SESS1450,multi_select,semantic_blocked,ms_blocked,0,"{""Q0"":[""color"",""material""]}",category_organization_2x2,clown,toys
ROW39678,4928,survey-multi-select,8,51033,0,P1562,STUDY0009,SESS1450,multi_select,semantic_blocked,ms_blocked,0,"{""Q0"":[""shape"",""material""]}",category_organization_2x2,robot,toys
ROW39679,7484,survey-multi-select,10,61838,0,P1562,STUDY0009,SESS1450,multi_select,semantic_blocked,ms_blocked,0,"{""Q0"":[""none of these""]}",category_organization_2x2,animal,animals
ROW39680,3317,html-button-response,9,54351,0,P1562,STUDY0009,SESS1450,multi_select,semantic_blocked,ms_blocked,0,0,category_section_intro,,animals
ROW39681,3047,survey-multi-select,11,64887,0,P1562,STUDY0009,SESS1450,multi_select,semantic_blocked,ms_blocked,0,"{""Q0"":[""none of these""]}",category_organization_2x2,rooster,animals
ROW39682,2832,html-button-response,12,67719,0,P1562,STUDY0009,SESS1450,multi_select,semantic_blocked,ms_blocked,0,0,category_section_intro,,clothing
ROW39683,4388,survey-multi-select,14,78442,0,P1562,STUDY0009,SESS1450,multi_select,semantic_blocked,ms_blocked,0,"{""Q0"":[""color"",""material""]}",category_organization_2x2,ribbon,clothing
ROW39684,6331,survey-multi-select,13,74051,0,P1562,STUDY0009,SESS1450,multi_select,semantic_blocked,ms_blocked,0,"{""Q0"":[""color"",""material""]}",category_organization_2x2,overalls,clothing
ROW39685,2265,html-button-response,15,80707,0,P1562,STUDY0009,SESS1450,multi_select,semantic_blocked,ms_blocked,0,0,category_section_intro,,furniture_rooms
ROW39686,4272,survey-multi-select,16,84981,0,P1562,STUDY0009,SESS1450,multi_select,semantic_blocked,ms_blocked,0,"{""Q0"":[""shape"",""color"",""material""]}",category_organization_2x2,sofa,furniture_rooms
ROW39687,1606,html-button-response,17,86587,0,P1562,STUDY0009,SESS1450,multi_select,semantic_blocked,ms_blocked,0,0,category_section_intro,,food_drink
ROW39688,5671,survey-multi-select,18,92260,0,P1562,STUDY0009,SESS1450,multi_select,semantic_blocked,ms_blocked,0,"{""Q0"":[""color""]}",category_organization_2x2,apple,food_drink
ROW39689,5099,survey-multi-select,19,97360,0,P1562,STUDY0009,SESS1450,multi_select,semantic_blocked,ms_blocked,0,"{""Q0"":[""color"",""material""]}",category_organization_2x2,biscuit,food_drink
ROW39690,3472,survey-multi-select,20,100834,0,P1562,STUDY0009,SESS1450,multi_select,semantic_blocked,ms_blocked,0,"{""Q0"":[""color""]}",category_organization_2x2,carrot,food_drink
ROW39691,2505,survey-multi-select,21,103341,0,P1562,STUDY0009,SESS1450,multi_select,semantic_blocked,ms_blocked,0,"{""Q0"":[""none of these""]}",category_organization_2x2,cucumber,food_drink
ROW39692,3672,survey-multi-select,22,107014,0,P1562,STUDY0009,SESS1450,multi_select,semantic_blocked,ms_blocked,0,"{""Q0"":[""shape"",""color""]}",category_organization_2x2,popsicle,food_drink
ROW39693,1329,html-button-response,23,108344,0,P1562,STUDY0009,SESS1450,multi_select,semantic_blocked,ms_blocked,0,0,category_section_intro,,body_parts
ROW39694,3124,survey-multi-select,24,111471,0,P1562,STUDY0009,SESS1450,multi_select,semantic_blocked,ms_blocked,0,"{""Q0"":[""shape"",""color""]}",category_organization_2x2,eye,body_parts
ROW39695,1407,html-button-response,25,112878,0,P1562,STUDY0009,SESS1450,multi_select,semantic_blocked,ms_blocked,0,0,category_section_intro,,household
ROW39696,2931,survey-multi-select,27,120806,0,P1562,STUDY0009,SESS1450,multi_select,semantic_blocked,ms_blocked,0,"{""Q0"":[""material""]}",category_organization_2x2,tissue,household
ROW39697,1124,html-button-response,28,121931,0,P1562,STUDY0009,SESS1450,multi_select,semantic_blocked,ms_blocked,0,0,category_section_intro,,outside
ROW39698,4994,survey-multi-select,26,117873,0,P1562,STUDY0009,SESS1450,multi_select,semantic_blocked,ms_blocked,0,"{""Q0"":[""shape"",""material""]}",category_organization_2x2,bottle,household
ROW39699,3958,survey-multi-select,29,125890,0,P1562,STUDY0009,SESS1450,multi_select,semantic_blocked,ms_blocked,0,"{""Q0"":[""shape"",""color"",""material""]}",category_organization_2x2,sandbox,outside
ROW39700,5356,instructions,0,5358,0,P1048,STUDY0009,SESS1432,forced_choice,semantic_blocked,fc_blocked,0,,,,
ROW39702,8403,html-button-response,2,20507,0,P1048,STUDY0009,SESS1432,forced_choice,semantic_blocked,fc_blocked,0,0,vocabulary_classification_criteria,,
ROW39701,6742,html-button-response,1,12103,0,P1048,STUDY0009,SESS1432,forced_choice,semantic_blocked,fc_blocked,0,0,precautions_survey,,
ROW39703,8999,html-button-response,3,29507,0,P1048,STUDY0009,SESS1432,forced_choice,semantic_blocked,fc_blocked,0,0,lavender_instruction,,
ROW39704,4483,html-button-response,4,33992,0,P1048,STUDY0009,SESS1432,forced_choice,semantic_blocked,fc_blocked,0,0,category_section_intro,,toys
ROW39705,12804,survey-multi-choice,5,46800,0,P1048,STUDY0009,SESS1432,forced_choice,semantic_blocked,fc_blocked,0,"{""Q0"":""shape""}",category_organization_2x2,drum (object),toys
ROW39706,2746,instructions,0,2753,0,P1801,STUDY0009,SESS1448,forced_choice,semantic_blocked,fc_blocked,0,,,,
ROW39707,2891,html-button-response,30,128782,0,P1562,STUDY0009,SESS1450,multi_select,semantic_blocked,ms_blocked,0,0,category_section_intro,,other
ROW39708,8907,survey-multi-select,31,137689,0,P1562,STUDY0009,SESS1450,multi_select,semantic_blocked,ms_blocked,0,"{""Q0"":[""none of these""]}",category_organization_2x2,beef,other
ROW39709,2064,html-button-response,2,6473,0,P1801,STUDY0009,SESS1448,forced_choice,semantic_blocked,fc_blocked,0,0,vocabulary_classification_criteria,,
ROW39710,1650,html-button-response,1,4407,0,P1801,STUDY0009,SESS1448,forced_choice,semantic_blocked,fc_blocked,0,0,precautions_survey,,
ROW39711,3039,html-button-response,3,9514,0,P1801,STUDY0009,SESS1448,forced_choice,semantic_blocked,fc_blocked,0,0,lavender_instruction,,
ROW39712,4288,html-button-response,4,13804,0,P1801,STUDY0009,SESS1448,forced_choice,semantic_blocked,fc_blocked,0,0,category_section_intro,,vehicles
ROW39713,2723,survey-multi-select,32,140414,0,P1562,STUDY0009,SESS1450,multi_select,semantic_blocked,ms_blocked,0,"{""Q0"":[""none of these""]}",category_organization_2x2,broccoli,other
ROW39714,3307,survey-multi-select,33,143723,0,P1562,STUDY0009,SESS1450,multi_select,semantic_blocked,ms_blocked,0,"{""Q0"":[""none of these""]}",category_organization_2x2,mayonnaise,other
ROW39715,853,html-button-response,35,146825,0,P1562,STUDY0009,SESS1450,multi_select,semantic_blocked,ms_blocked,0,0,,,
ROW39716,2248,survey-multi-select,34,145972,0,P1562,STUDY0009,SESS1450,multi_select,semantic_blocked,ms_blocked,0,"{""Q0"":[""none of these""]}",category_organization_2x2,lavender,attention_check
ROW39717,2266,html-button-response,6,49068,0,P1048,STUDY0009,SESS1432,forced_choice,semantic_blocked,fc_blocked,0,0,category_section_intro,,animals
ROW39718,8755,survey-multi-choice,7,57824,0,P1048,STUDY0009,SESS1432,forced_choice,semantic_blocked,fc_blocked,0,"{""Q0"":""shape""}",category_organization_2x2,butterfly,animals
ROW39719,1633,html-button-response,9,66120,0,P1048,STUDY0009,SESS1432,forced_choice,semantic_blocked,fc_blocked,0,0,category_section_intro,,clothing
ROW39720,6887,survey-multi-choice,10,73009,0,P1048,STUDY0009,SESS1432,forced_choice,semantic_blocked,fc_blocked,0,"{""Q0"":""shape""}",category_organization_2x2,glove,clothing
ROW39721,6659,survey-multi-choice,8,64485,0,P1048,STUDY0009,SESS1432,forced_choice,semantic_blocked,fc_blocked,0,"{""Q0"":""color""}",category_organization_2x2,wolf,animals
ROW39722,3880,survey-multi-choice,11,76891,0,P1048,STUDY0009,SESS1432,forced_choice,semantic_blocked,fc_blocked,0,"{""Q0"":""shape""}",category_organization_2x2,gloves,clothing
ROW39723,2095,instructions,36,148921,0,P1562,STUDY0009,SESS1450,multi_select,semantic_blocked,ms_blocked,0,,,,
ROW39724,1602,html-button-response,12,78495,0,P1048,STUDY0009,SESS1432,forced_choice,semantic_blocked,fc_blocked,0,0,category_section_intro,,furniture_rooms
ROW39725,12930,survey-multi-choice,5,26739,0,P1801,STUDY0009,SESS1448,forced_choice,semantic_blocked,fc_blocked,0,"{""Q0"":""shape""}",category_organization_2x2,car,vehicles
ROW39726,8057,html-button-response,6,34798,0,P1801,STUDY0009,SESS1448,forced_choice,semantic_blocked,fc_blocked,0,0,category_section_intro,,toys
ROW39727,12269,survey-multi-choice,13,90766,0,P1048,STUDY0009,SESS1432,forced_choice,semantic_blocked,fc_blocked,0,"{""Q0"":""none of these""}",category_organization_2x2,floor,furniture_rooms
ROW39728,7318,survey-multi-choice,14,98086,0,P1048,STUDY0009,SESS1432,forced_choice,semantic_blocked,fc_blocked,0,"{""Q0"":""none of these""}",category_organization_2x2,stove,furniture_rooms
ROW39729,1545,html-button-response,15,99632,0,P1048,STUDY0009,SESS1432,forced_choice,semantic_blocked,fc_blocked,0,0,category_section_intro,,food_drink
ROW39730,4294,survey-multi-choice,8,44581,0,P1801,STUDY0009,SESS1448,forced_choice,semantic_blocked,fc_blocked,0,"{""Q0"":""material""}",category_organization_2x2,robot,toys
ROW39731,5483,survey-multi-choice,7,40284,0,P1801,STUDY0009,SESS1448,forced_choice,semantic_blocked,fc_blocked,0,"{""Q0"":""none of these""}",category_organization_2x2,clown,toys
ROW39733,8746,survey-multi-choice,16,108379,0,P1048,STUDY0009,SESS1432,forced_choice,semantic_blocked,fc_blocked,0,"{""Q0"":""material""}",category_organization_2x2,applesauce,food_drink
ROW39732,10480,survey-multi-choice,17,118861,0,P1048,STUDY0009,SESS1432,forced_choice,semantic_blocked,fc_blocked,0,"{""Q0"":""material""}",category_organization_2x2,biscuit,food_drink
ROW39734,3437,html-button-response,9,48020,0,P1801,STUDY0009,SESS1448,forced_choice,semantic_blocked,fc_blocked,0,0,category_section_intro,,animals
ROW39735,6512,survey-multi-choice,18,125374,0,P1048,STUDY0009,SESS1432,forced_choice,semantic_blocked,fc_blocked,0,"{""Q0"":""shape""}",category_organization_2x2,eggplant,food_drink
ROW39736,3717,survey-multi-choice,19,129092,0,P1048,STUDY0009,SESS1432,forced_choice,semantic_blocked,fc_blocked,0,"{""Q0"":""color""}",category_organization_2x2,olive,food_drink
ROW39737,1992,html-button-response,20,131086,0,P1048,STUDY0009,SESS1432,forced_choice,semantic_blocked,fc_blocked,0,0,category_section_intro,,body_parts
ROW39738,8654,survey-multi-choice,21,139741,0,P1048,STUDY0009,SESS1432,forced_choice,semantic_blocked,fc_blocked,0,"{""Q0"":""none of these""}",category_organization_2x2,mouth,body_parts
ROW39739,4366,survey-multi-choice,10,52389,0,P1801,STUDY0009,SESS1448,forced_choice,semantic_blocked,fc_blocked,0,"{""Q0"":""shape""}",category_organization_2x2,animal,animals
ROW39740,9404,survey-multi-choice,22,149147,0,P1048,STUDY0009,SESS1432,forced_choice,semantic_blocked,fc_blocked,0,"{""Q0"":""shape""}",category_organization_2x2,palm,body_parts
ROW39741,12527,survey-multi-choice,23,161675,0,P1048,STUDY0009,SESS1432,forced_choice,semantic_blocked,fc_blocked,0,"{""Q0"":""shape""}",category_organization_2x2,vagina,body_parts
ROW39742,11166,survey-multi-choice,11,63558,0,P1801,STUDY0009,SESS1448,forced_choice,semantic_blocked,fc_blocked,0,"{""Q0"":""none of these""}",category_organization_2x2,rooster,animals
ROW39743,1705,html-button-response,24,163382,0,P1048,STUDY0009,SESS1432,forced_choice,semantic_blocked,fc_blocked,0,0,category_section_intro,,household
ROW39744,968,html-button-response,12,64527,0,P1801,STUDY0009,SESS1448,forced_choice,semantic_blocked,fc_blocked,0,0,category_section_intro,,clothing
ROW39745,5773,survey-multi-choice,13,70303,0,P1801,STUDY0009,SESS1448,forced_choice,semantic_blocked,fc_blocked,0,"{""Q0"":""material""}",category_organization_2x2,overalls,clothing
ROW39746,3799,survey-multi-choice,14,74105,0,P1801,STUDY0009,SESS1448,forced_choice,semantic_blocked,fc_blocked,0,"{""Q0"":""color""}",category_organization_2x2,ribbon,clothing
ROW39747,1107,html-button-response,15,75213,0,P1801,STUDY0009,SESS1448,forced_choice,semantic_blocked,fc_blocked,0,0,category_section_intro,,furniture_rooms
ROW39748,4611,survey-multi-choice,16,79827,0,P1801,STUDY0009,SESS1448,forced_choice,semantic_blocked,fc_blocked,0,"{""Q0"":""color""}",category_organization_2x2,sofa,furniture_rooms
ROW39749,935,html-button-response,17,80764,0,P1801,STUDY0009,SESS1448,forced_choice,semantic_blocked,fc_blocked,0,0,category_section_intro,,food_drink
ROW39750,5964,survey-multi-choice,18,86730,0,P1801,STUDY0009,SESS1448,forced_choice,semantic_blocked,fc_blocked,0,"{""Q0"":""color""}",category_organization_2x2,apple,food_drink
ROW39751,3034,survey-multi-choice,19,89766,0,P1801,STUDY0009,SESS1448,forced_choice,semantic_blocked,fc_blocked,0,"{""Q0"":""shape""}",category_organization_2x2,biscuit,food_drink
ROW39752,5199,survey-multi-choice,20,94968,0,P1801,STUDY0009,SESS1448,forced_choice,semantic_blocked,fc_blocked,0,"{""Q0"":""shape""}",category_organization_2x2,carrot,food_drink
ROW39753,1982,survey-multi-choice,21,96952,0,P1801,STUDY0009,SESS1448,forced_choice,semantic_blocked,fc_blocked,0,"{""Q0"":""shape""}",category_organization_2x2,cucumber,food_drink
ROW39754,4285,survey-multi-choice,22,101239,0,P1801,STUDY0009,SESS1448,forced_choice,semantic_blocked,fc_blocked,0,"{""Q0"":""color""}",category_organization_2x2,popsicle,food_drink
ROW39755,936,html-button-response,23,102177,0,P1801,STUDY0009,SESS1448,forced_choice,semantic_blocked,fc_blocked,0,0,category_section_intro,,body_parts
ROW39756,2731,survey-multi-choice,24,104910,0,P1801,STUDY0009,SESS1448,forced_choice,semantic_blocked,fc_blocked,0,"{""Q0"":""color""}",category_organization_2x2,eye,body_parts
ROW39757,916,html-button-response,25,105828,0,P1801,STUDY0009,SESS1448,forced_choice,semantic_blocked,fc_blocked,0,0,category_section_intro,,household
ROW39758,2341,survey-multi-choice,26,108171,0,P1801,STUDY0009,SESS1448,forced_choice,semantic_blocked,fc_blocked,0,"{""Q0"":""shape""}",category_organization_2x2,bottle,household
ROW39759,2608,survey-multi-choice,27,110781,0,P1801,STUDY0009,SESS1448,forced_choice,semantic_blocked,fc_blocked,0,"{""Q0"":""material""}",category_organization_2x2,tissue,household
ROW39760,826,html-button-response,28,111609,0,P1801,STUDY0009,SESS1448,forced_choice,semantic_blocked,fc_blocked,0,0,category_section_intro,,outside
ROW39761,3889,survey-multi-choice,29,115500,0,P1801,STUDY0009,SESS1448,forced_choice,semantic_blocked,fc_blocked,0,"{""Q0"":""shape""}",category_organization_2x2,sandbox,outside
ROW39762,828,html-button-response,30,116330,0,P1801,STUDY0009,SESS1448,forced_choice,semantic_blocked,fc_blocked,0,0,category_section_intro,,other
ROW39763,9670,survey-multi-choice,31,126003,0,P1801,STUDY0009,SESS1448,forced_choice,semantic_blocked,fc_blocked,0,"{""Q0"":""material""}",category_organization_2x2,beef,other
ROW39764,3020,survey-multi-choice,32,129025,0,P1801,STUDY0009,SESS1448,forced_choice,semantic_blocked,fc_blocked,0,"{""Q0"":""color""}",category_organization_2x2,broccoli,other
ROW39765,7187,survey-multi-choice,33,136214,0,P1801,STUDY0009,SESS1448,forced_choice,semantic_blocked,fc_blocked,0,"{""Q0"":""color""}",category_organization_2x2,mayonnaise,other
ROW39766,3929,survey-multi-choice,34,140146,0,P1801,STUDY0009,SESS1448,forced_choice,semantic_blocked,fc_blocked,0,"{""Q0"":""none of these""}",category_organization_2x2,lavender,attention_check
ROW39767,922,html-button-response,35,141069,0,P1801,STUDY0009,SESS1448,forced_choice,semantic_blocked,fc_blocked,0,0,,,
ROW39768,8502,instructions,36,149572,0,P1801,STUDY0009,SESS1448,forced_choice,semantic_blocked,fc_blocked,0,,,,
ROW39769,2348,html-button-response,1,5546,0,P1555,STUDY0009,SESS1476,multi_select,random,ms_random,0,0,precautions_survey,,
ROW39771,9448,html-button-response,2,14996,0,P1555,STUDY0009,SESS1476,multi_select,random,ms_random,0,0,vocabulary_classification_criteria,,
ROW39770,3189,instructions,0,3195,0,P1555,STUDY0009,SESS1476,multi_select,random,ms_random,0,,,,
ROW39772,3963,html-button-response,3,18962,0,P1555,STUDY0009,SESS1476,multi_select,random,ms_random,0,0,lavender_instruction,,
ROW39774,8137,survey-multi-select,5,35720,0,P1555,STUDY0009,SESS1476,multi_select,random,ms_random,0,"{""Q0"":[""material""]}",category_organization_2x2,watch (object),household
ROW39773,8611,survey-multi-select,4,27579,0,P1555,STUDY0009,SESS1476,multi_select,random,ms_random,0,"{""Q0"":[""shape""]}",category_organization_2x2,shorts,clothing
ROW39775,6527,survey-multi-select,6,42252,0,P1555,STUDY0009,SESS1476,multi_select,random,ms_random,0,"{""Q0"":[""material""]}",category_organization_2x2,kiwi,food_drink
ROW39776,2161,survey-multi-select,7,44417,0,P1555,STUDY0009,SESS1476,multi_select,random,ms_random,0,"{""Q0"":[""material""]}",category_organization_2x2,sock,clothing
ROW39777,4942,survey-multi-select,10,61369,0,P1555,STUDY0009,SESS1476,multi_select,random,ms_random,0,"{""Q0"":[""none of these""]}",category_organization_2x2,compote,food_drink
ROW39778,6756,survey-multi-select,9,56423,0,P1555,STUDY0009,SESS1476,multi_select,random,ms_random,0,"{""Q0"":[""material""]}",category_organization_2x2,football,other
ROW39779,5241,survey-multi-select,8,49663,0,P1555,STUDY0009,SESS1476,multi_select,random,ms_random,0,"{""Q0"":[""material""]}",category_organization_2x2,wall,outside
ROW39780,16138,survey-multi-select,11,77511,0,P1555,STUDY0009,SESS1476,multi_select,random,ms_random,0,"{""Q0"":[""none of these""]}",category_organization_2x2,tie (action),other
ROW39781,4019,survey-multi-select,13,85727,0,P1555,STUDY0009,SESS1476,multi_select,random,ms_random,0,"{""Q0"":[""none of these""]}",category_organization_2x2,snake,animals
ROW39782,4188,survey-multi-select,12,81703,0,P1555,STUDY0009,SESS1476,multi_select,random,ms_random,0,"{""Q0"":[""material""]}",category_organization_2x2,vest,clothing
ROW39783,3408,survey-multi-select,14,89140,0,P1555,STUDY0009,SESS1476,multi_select,random,ms_random,0,"{""Q0"":[""material""]}",category_organization_2x2,syrup,household
ROW39784,3305,survey-multi-select,17,97845,0,P1555,STUDY0009,SESS1476,multi_select,random,ms_random,0,"{""Q0"":[""color""]}",category_organization_2x2,colors,toys
ROW39785,2829,survey-multi-select,15,91973,0,P1555,STUDY0009,SESS1476,multi_select,random,ms_random,0,"{""Q0"":[""material""]}",category_organization_2x2,quesadilla,food_drink
ROW39786,2560,survey-multi-select,16,94536,0,P1555,STUDY0009,SESS1476,multi_select,random,ms_random,0,"{""Q0"":[""none of these""]}",category_organization_2x2,lavender,attention_check
ROW39787,2565,survey-multi-select,18,100412,0,P1555,STUDY0009,SESS1476,multi_select,random,ms_random,0,"{""Q0"":[""material""]}",category_organization_2x2,slipper,clothing
ROW39788,2783,survey-multi-select,22,115868,0,P1555,STUDY0009,SESS1476,multi_select,random,ms_random,0,"{""Q0"":[""material""]}",category_organization_2x2,cherry,food_drink
ROW39789,8192,survey-multi-select,21,113083,0,P1555,STUDY0009,SESS1476,multi_select,random,ms_random,0,"{""Q0"":[""material""]}",category_organization_2x2,top,toys
ROW39790,1590,survey-multi-select,19,102005,0,P1555,STUDY0009,SESS1476,multi_select,random,ms_random,0,"{""Q0"":[""material""]}",category_organization_2x2,hat,clothing
ROW39791,2877,survey-multi-select,20,104888,0,P1555,STUDY0009,SESS1476,multi_select,random,ms_random,0,"{""Q0"":[""material""]}",category_organization_2x2,pasta,food_drink
ROW39792,4138,survey-multi-select,23,120009,0,P1555,STUDY0009,SESS1476,multi_select,random,ms_random,0,"{""Q0"":[""material""]}",category_organization_2x2,ball,toys
ROW39793,5915,survey-multi-select,24,125926,0,P1555,STUDY0009,SESS1476,multi_select,random,ms_random,0,"{""Q0"":[""material""]}",category_organization_2x2,hot chocolate,other
ROW39794,1419,instructions,26,128353,0,P1555,STUDY0009,SESS1476,multi_select,random,ms_random,0,,,,
ROW39795,1005,html-button-response,25,126933,0,P1555,STUDY0009,SESS1476,multi_select,random,ms_random,0,0,,,
ROW39796,100387,instructions,0,100389,0,P1753,STUDY0009,SESS1380,multi_select,semantic_blocked,ms_blocked,0,,,,
ROW39797,8963,html-button-response,1,109355,0,P1753,STUDY0009,SESS1380,multi_select,semantic_blocked,ms_blocked,0,0,precautions_survey,,
ROW39798,27431,html-button-response,2,136787,0,P1753,STUDY0009,SESS1380,multi_select,semantic_blocked,ms_blocked,0,0,vocabulary_classification_criteria,,
ROW39799,4761,html-button-response,3,141550,0,P1753,STUDY0009,SESS1380,multi_select,semantic_blocked,ms_blocked,0,0,lavender_instruction,,
ROW39800,4294,html-button-response,4,145846,0,P1753,STUDY0009,SESS1380,multi_select,semantic_blocked,ms_blocked,0,0,category_section_intro,,toys
ROW39801,8773,survey-multi-select,5,154623,0,P1753,STUDY0009,SESS1380,multi_select,semantic_blocked,ms_blocked,0,"{""Q0"":[""shape"",""material""]}",category_organization_2x2,bubbles,toys
ROW39802,5612,survey-multi-select,6,160237,0,P1753,STUDY0009,SESS1380,multi_select,semantic_blocked,ms_blocked,0,"{""Q0"":[""shape"",""color"",""material""]}",category_organization_2x2,puzzle,toys
ROW39803,7524,html-button-response,7,167762,0,P1753,STUDY0009,SESS1380,multi_select,semantic_blocked,ms_blocked,0,0,category_section_intro,,animals
ROW39804,5459,survey-multi-select,8,173223,0,P1753,STUDY0009,SESS1380,multi_select,semantic_blocked,ms_blocked,0,"{""Q0"":[""shape"",""color""]}",category_organization_2x2,bird,animals
ROW39805,3688,survey-multi-select,9,176913,0,P1753,STUDY0009,SESS1380,multi_select,semantic_blocked,ms_blocked,0,"{""Q0"":[""shape"",""color""]}",category_organization_2x2,cow,animals
ROW39806,3698,survey-multi-select,11,185674,0,P1753,STUDY0009,SESS1380,multi_select,semantic_blocked,ms_blocked,0,"{""Q0"":[""shape"",""color""]}",category_organization_2x2,pig,animals
ROW39807,5060,survey-multi-select,10,181974,0,P1753,STUDY0009,SESS1380,multi_select,semantic_blocked,ms_blocked,0,"{""Q0"":[""shape"",""color""]}",category_organization_2x2,dinosaur,animals
ROW39808,4381,html-button-response,12,190057,0,P1753,STUDY0009,SESS1380,multi_select,semantic_blocked,ms_blocked,0,0,category_section_intro,,furniture_rooms
ROW39809,4554,survey-multi-select,13,194612,0,P1753,STUDY0009,SESS1380,multi_select,semantic_blocked,ms_blocked,0,"{""Q0"":[""shape"",""color"",""material""]}",category_organization_2x2,closet,furniture_rooms
ROW39810,3384,survey-multi-select,14,197999,0,P1753,STUDY0009,SESS1380,multi_select,semantic_blocked,ms_blocked,0,"{""Q0"":[""shape"",""color"",""material""]}",category_organization_2x2,coffee table,furniture_rooms
ROW39811,2949,survey-multi-select,15,200949,0,P1753,STUDY0009,SESS1380,multi_select,semantic_blocked,ms_blocked,0,"{""Q0"":[""shape"",""color"",""material""]}",category_organization_2x2,couch,furniture_rooms
ROW39812,4578,survey-multi-select,16,205528,0,P1753,STUDY0009,SESS1380,multi_select,semantic_blocked,ms_blocked,0,"{""Q0"":[""shape"",""color""]}",category_organization_2x2,dryer,furniture_rooms
ROW39813,5419,html-button-response,17,210948,0,P1753,STUDY0009,SESS1380,multi_select,semantic_blocked,ms_blocked,0,0,category_section_intro,,food_drink
ROW39814,4696,survey-multi-select,18,215646,0,P1753,STUDY0009,SESS1380,multi_select,semantic_blocked,ms_blocked,0,"{""Q0"":[""shape"",""color""]}",category_organization_2x2,muffin,food_drink
ROW39815,2272,survey-multi-select,19,217919,0,P1753,STUDY0009,SESS1380,multi_select,semantic_blocked,ms_blocked,0,"{""Q0"":[""shape"",""color""]}",category_organization_2x2,plum,food_drink
ROW39816,5074,survey-multi-select,21,224733,0,P1753,STUDY0009,SESS1380,multi_select,semantic_blocked,ms_blocked,0,"{""Q0"":[""shape""]}",category_organization_2x2,arm,body_parts
ROW39817,1737,html-button-response,20,219657,0,P1753,STUDY0009,SESS1380,multi_select,semantic_blocked,ms_blocked,0,0,category_section_intro,,body_parts
ROW39818,1923,survey-multi-select,22,226658,0,P1753,STUDY0009,SESS1380,multi_select,semantic_blocked,ms_blocked,0,"{""Q0"":[""shape""]}",category_organization_2x2,breast,body_parts
ROW39819,1907,html-button-response,23,228566,0,P1753,STUDY0009,SESS1380,multi_select,semantic_blocked,ms_blocked,0,0,category_section_intro,,household
ROW39820,3431,survey-multi-select,24,231999,0,P1753,STUDY0009,SESS1380,multi_select,semantic_blocked,ms_blocked,0,"{""Q0"":[""shape"",""color"",""material""]}",category_organization_2x2,bottle,household
ROW39821,4699,survey-multi-select,25,236700,0,P1753,STUDY0009,SESS1380,multi_select,semantic_blocked,ms_blocked,0,"{""Q0"":[""shape"",""color"",""material""]}",category_organization_2x2,tape,household
ROW39822,4134,survey-multi-select,26,240836,0,P1753,STUDY0009,SESS1380,multi_select,semantic_blocked,ms_blocked,0,"{""Q0"":[""shape"",""color"",""material""]}",category_organization_2x2,trash can,household
ROW39823,2733,html-button-response,27,243570,0,P1753,STUDY0009,SESS1380,multi_select,semantic_blocked,ms_blocked,0,0,category_section_intro,,outside
ROW39824,10324,survey-multi-select,28,253895,0,P1753,STUDY0009,SESS1380,multi_select,semantic_blocked,ms_blocked,0,"{""Q0"":[""shape"",""color""]}",category_organization_2x2,light,outside
ROW39825,3518,html-button-response,29,257415,0,P1753,STUDY0009,SESS1380,multi_select,semantic_blocked,ms_blocked,0,0,category_section_intro,,other
ROW39826,1193,html-button-response,1,3131,0,P0805,STUDY0009,SESS1472,multi_select,semantic_blocked,ms_blocked,0,0,precautions_survey,,
ROW39827,13330,html-button-response,2,16462,0,P0805,STUDY0009,SESS1472,multi_select,semantic_blocked,ms_blocked,0,0,vocabulary_classification_criteria,,
ROW39828,1935,instructions,0,1936,0,P0805,STUDY0009,SESS1472,multi_select,semantic_blocked,ms_blocked,0,,,,
ROW39829,4561,html-button-response,4,27497,0,P0805,STUDY0009,SESS1472,multi_select,semantic_blocked,ms_blocked,0,0,category_section_intro,,toys
ROW39830,7757,survey-multi-select,5,35259,0,P0805,STUDY0009,SESS1472,multi_select,semantic_blocked,ms_blocked,0,"{""Q0"":[""material""]}",category_organization_2x2,drum (object),toys
ROW39831,6473,html-button-response,3,22936,0,P0805,STUDY0009,SESS1472,multi_select,semantic_blocked,ms_blocked,0,0,lavender_instruction,,
ROW39832,8716,survey-multi-select,30,266132,0,P1753,STUDY0009,SESS1380,multi_select,semantic_blocked,ms_blocked,0,"{""Q0"":[""shape"",""color"",""material""]}",category_organization_2x2,beach,other
ROW39833,3093,survey-multi-select,31,269227,0,P1753,STUDY0009,SESS1380,multi_select,semantic_blocked,ms_blocked,0,"{""Q0"":[""shape"",""color""]}",category_organization_2x2,passion fruit,other
ROW39834,2190,survey-multi-select,32,271419,0,P1753,STUDY0009,SESS1380,multi_select,semantic_blocked,ms_blocked,0,"{""Q0"":[""none of these""]}",category_organization_2x2,lavender,attention_check
ROW39836,3739,instructions,34,276287,0,P1753,STUDY0009,SESS1380,multi_select,semantic_blocked,ms_blocked,0,,,,
ROW39835,1129,html-button-response,33,272548,0,P1753,STUDY0009,SESS1380,multi_select,semantic_blocked,ms_blocked,0,0,,,
ROW39837,2895,survey-multi-select,6,38156,0,P0805,STUDY0009,SESS1472,multi_select,semantic_blocked,ms_blocked,0,"{""Q0"":[""color""]}",category_organization_2x2,painting,toys
ROW39838,2962,html-button-response,7,41120,0,P0805,STUDY0009,SESS1472,multi_select,semantic_blocked,ms_blocked,0,0,category_section_intro,,animals
ROW39839,3738,survey-multi-select,9,51234,0,P0805,STUDY0009,SESS1472,multi_select,semantic_blocked,ms_blocked,0,"{""Q0"":[""shape""]}",category_organization_2x2,worm,animals
ROW39840,6371,survey-multi-select,8,47494,0,P0805,STUDY0009,SESS1472,multi_select,semantic_blocked,ms_blocked,0,"{""Q0"":[""none of these""]}",category_organization_2x2,duck,animals
ROW39841,3001,html-button-response,10,54236,0,P0805,STUDY0009,SESS1472,multi_select,semantic_blocked,ms_blocked,0,0,category_section_intro,,clothing
ROW39842,3373,survey-multi-select,11,57611,0,P0805,STUDY0009,SESS1472,multi_select,semantic_blocked,ms_blocked,0,"{""Q0"":[""material""]}",category_organization_2x2,apron,clothing
ROW39843,7121,survey-multi-select,12,64734,0,P0805,STUDY0009,SESS1472,multi_select,semantic_blocked,ms_blocked,0,"{""Q0"":[""material""]}",category_organization_2x2,diaper,clothing
ROW39844,2411,survey-multi-select,14,70627,0,P0805,STUDY0009,SESS1472,multi_select,semantic_blocked,ms_blocked,0,"{""Q0"":[""material""]}",category_organization_2x2,raincoat,clothing
ROW39845,3479,survey-multi-select,13,68215,0,P0805,STUDY0009,SESS1472,multi_select,semantic_blocked,ms_blocked,0,"{""Q0"":[""material""]}",category_organization_2x2,jeans,clothing
ROW39846,1866,html-button-response,15,72495,0,P0805,STUDY0009,SESS1472,multi_select,semantic_blocked,ms_blocked,0,0,category_section_intro,,furniture_rooms
ROW39847,6885,survey-multi-select,16,79382,0,P0805,STUDY0009,SESS1472,multi_select,semantic_blocked,ms_blocked,0,"{""Q0"":[""shape""]}",category_organization_2x2,closet,furniture_rooms
ROW39848,4157,survey-multi-select,17,83539,0,P0805,STUDY0009,SESS1472,multi_select,semantic_blocked,ms_blocked,0,"{""Q0"":[""shape""]}",category_organization_2x2,closet,furniture_rooms
ROW39849,4286,survey-multi-select,18,87829,0,P0805,STUDY0009,SESS1472,multi_select,semantic_blocked,ms_blocked,0,"{""Q0"":[""shape""]}",category_organization_2x2,drawer,furniture_rooms
ROW39850,2467,html-button-response,19,90297,0,P0805,STUDY0009,SESS1472,multi_select,semantic_blocked,ms_blocked,0,0,category_section_intro,,food_drink
ROW39851,4826,survey-multi-select,20,95124,0,P0805,STUDY0009,SESS1472,multi_select,semantic_blocked,ms_blocked,0,"{""Q0"":[""color""]}",category_organization_2x2,beet,food_drink
ROW39852,4126,survey-multi-select,21,99252,0,P0805,STUDY0009,SESS1472,multi_select,semantic_blocked,ms_blocked,0,"{""Q0"":[""none of these""]}",category_organization_2x2,coke,food_drink
ROW39853,1492,html-button-response,22,100744,0,P0805,STUDY0009,SESS1472,multi_select,semantic_blocked,ms_blocked,0,0,category_section_intro,,body_parts
ROW39854,3499,survey-multi-select,23,104246,0,P0805,STUDY0009,SESS1472,multi_select,semantic_blocked,ms_blocked,0,"{""Q0"":[""none of these""]}",category_organization_2x2,brain,body_parts
ROW39855,2690,survey-multi-select,24,106938,0,P0805,STUDY0009,SESS1472,multi_select,semantic_blocked,ms_blocked,0,"{""Q0"":[""none of these""]}",category_organization_2x2,forehead,body_parts
ROW39856,3608,survey-multi-select,27,116110,0,P0805,STUDY0009,SESS1472,multi_select,semantic_blocked,ms_blocked,0,"{""Q0"":[""material""]}",category_organization_2x2,coconut,other
ROW39857,3697,survey-multi-select,26,112500,0,P0805,STUDY0009,SESS1472,multi_select,semantic_blocked,ms_blocked,0,"{""Q0"":[""material""]}",category_organization_2x2,birch,other
ROW39858,1862,html-button-response,25,108801,0,P0805,STUDY0009,SESS1472,multi_select,semantic_blocked,ms_blocked,0,0,category_section_intro,,other
ROW39860,2272,survey-multi-select,29,121132,0,P0805,STUDY0009,SESS1472,multi_select,semantic_blocked,ms_blocked,0,"{""Q0"":[""shape""]}",category_organization_2x2,party,other
ROW39859,2747,survey-multi-select,28,118858,0,P0805,STUDY0009,SESS1472,multi_select,semantic_blocked,ms_blocked,0,"{""Q0"":[""shape""]}",category_organization_2x2,football,other
ROW39861,3255,survey-multi-select,30,124388,0,P0805,STUDY0009,SESS1472,multi_select,semantic_blocked,ms_blocked,0,"{""Q0"":[""none of these""]}",category_organization_2x2,suburb,other
ROW39862,5264,survey-multi-select,31,129654,0,P0805,STUDY0009,SESS1472,multi_select,semantic_blocked,ms_blocked,0,"{""Q0"":[""none of these""]}",category_organization_2x2,lavender,attention_check
ROW39863,1911,html-button-response,32,131566,0,P0805,STUDY0009,SESS1472,multi_select,semantic_blocked,ms_blocked,0,0,,,
ROW39864,2815,instructions,33,134382,0,P0805,STUDY0009,SESS1472,multi_select,semantic_blocked,ms_blocked,0,,,,
ROW39865,5788,instructions,0,5790,0,P0734,STUDY0009,SESS1487,multi_select,semantic_blocked,ms_blocked,0,,,,
ROW39866,4897,html-button-response,1,10689,0,P0734,STUDY0009,SESS1487,multi_select,semantic_blocked,ms_blocked,0,0,precautions_survey,,
ROW39867,6876,survey-multi-select,5,31979,0,P0734,STUDY0009,SESS1487,multi_select,semantic_blocked,ms_blocked,0,"{""Q0"":[""shape""]}",category_organization_2x2,skate (object),vehicles
ROW39868,9810,html-button-response,2,20501,0,P0734,STUDY0009,SESS1487,multi_select,semantic_blocked,ms_blocked,0,0,vocabulary_classification_criteria,,
ROW39869,1884,html-button-response,3,22387,0,P0734,STUDY0009,SESS1487,multi_select,semantic_blocked,ms_blocked,0,0,lavender_instruction,,
ROW39870,2710,html-button-response,4,25098,0,P0734,STUDY0009,SESS1487,multi_select,semantic_blocked,ms_blocked,0,0,category_section_intro,,vehicles
ROW39871,6401,html-button-response,1,11490,0,P1599,STUDY0009,SESS1477,multi_select,random,ms_random,0,0,precautions_survey,,
ROW39872,5087,instructions,0,5088,0,P1599,STUDY0009,SESS1477,multi_select,random,ms_random,0,,,,
ROW39873,9053,html-button-response,3,39370,0,P1599,STUDY0009,SESS1477,multi_select,random,ms_random,0,0,lavender_instruction,,
ROW39874,18817,html-button-response,2,30307,0,P1599,STUDY0009,SESS1477,multi_select,random,ms_random,0,0,vocabulary_classification_criteria,,
ROW39875,8500,survey-multi-select,4,47872,0,P1599,STUDY0009,SESS1477,multi_select,random,ms_random,0,"{""Q0"":[""shape""]}",category_organization_2x2,drum (object),toys
ROW39876,7612,survey-multi-select,5,55484,0,P1599,STUDY0009,SESS1477,multi_select,random,ms_random,0,"{""Q0"":[""shape""]}",category_organization_2x2,coconut,other
ROW39877,2923,survey-multi-select,6,58409,0,P1599,STUDY0009,SESS1477,multi_select,random,ms_random,0,"{""Q0"":[""material""]}",category_organization_2x2,birch,other
ROW39878,3189,survey-multi-select,7,61599,0,P1599,STUDY0009,SESS1477,multi_select,random,ms_random,0,"{""Q0"":[""shape""]}",category_organization_2x2,football,other
ROW39879,2441,survey-multi-select,8,64042,0,P1599,STUDY0009,SESS1477,multi_select,random,ms_random,0,"{""Q0"":[""material""]}",category_organization_2x2,raincoat,clothing
ROW39880,4283,survey-multi-select,9,68326,0,P1599,STUDY0009,SESS1477,multi_select,random,ms_random,0,"{""Q0"":[""shape""]}",category_organization_2x2,brain,body_parts
ROW39881,4382,survey-multi-select,10,72709,0,P1599,STUDY0009,SESS1477,multi_select,random,ms_random,0,"{""Q0"":[""shape""]}",category_organization_2x2,worm,animals
ROW39882,4327,survey-multi-select,11,77037,0,P1599,STUDY0009,SESS1477,multi_select,random,ms_random,0,"{""Q0"":[""none of these""]}",category_organization_2x2,painting,toys
ROW39883,2462,survey-multi-select,12,79500,0,P1599,STUDY0009,SESS1477,multi_select,random,ms_random,0,"{""Q0"":[""none of these""]}",category_organization_2x2,diaper,clothing
ROW39884,5764,survey-multi-select,13,85265,0,P1599,STUDY0009,SESS1477,multi_select,random,ms_random,0,"{""Q0"":[""shape""]}",category_organization_2x2,forehead,body_parts
ROW39885,2568,survey-multi-select,14,87834,0,P1599,STUDY0009,SESS1477,multi_select,random,ms_random,0,"{""Q0"":[""material""]}",category_organization_2x2,jeans,clothing
ROW39886,11252,survey-multi-select,15,99097,0,P1599,STUDY0009,SESS1477,multi_select,random,ms_random,0,"{""Q0"":[""material""]}",category_organization_2x2,drawer,furniture_rooms
ROW39887,6279,survey-multi-select,17,111774,0,P1599,STUDY0009,SESS1477,multi_select,random,ms_random,0,"{""Q0"":[""none of these""]}",category_organization_2x2,closet,furniture_rooms
ROW39888,6397,survey-multi-select,16,105494,0,P1599,STUDY0009,SESS1477,multi_select,random,ms_random,0,"{""Q0"":[""none of these""]}",category_organization_2x2,suburb,other
ROW39889,2600,survey-multi-select,19,118876,0,P1599,STUDY0009,SESS1477,multi_select,random,ms_random,0,"{""Q0"":[""color""]}",category_organization_2x2,beet,food_drink
ROW39890,4500,survey-multi-select,18,116275,0,P1599,STUDY0009,SESS1477,multi_select,random,ms_random,0,"{""Q0"":[""shape"",""material""]}",category_organization_2x2,apron,clothing
ROW39891,1695,survey-multi-select,20,120572,0,P1599,STUDY0009,SESS1477,multi_select,random,ms_random,0,"{""Q0"":[""none of these""]}",category_organization_2x2,lavender,attention_check
ROW39892,3787,survey-multi-select,21,124360,0,P1599,STUDY0009,SESS1477,multi_select,random,ms_random,0,"{""Q0"":[""color""]}",category_organization_2x2,coke,food_drink
ROW39894,4514,survey-multi-select,23,133435,0,P1599,STUDY0009,SESS1477,multi_select,random,ms_random,0,"{""Q0"":[""shape"",""color""]}",category_organization_2x2,duck,animals
ROW39895,2710,survey-multi-select,24,136146,0,P1599,STUDY0009,SESS1477,multi_select,random,ms_random,0,"{""Q0"":[""none of these""]}",category_organization_2x2,party,other
ROW39893,4558,survey-multi-select,22,128920,0,P1599,STUDY0009,SESS1477,multi_select,random,ms_random,0,"{""Q0"":[""none of these""]}",category_organization_2x2,closet,furniture_rooms
ROW39896,1293,html-button-response,25,137440,0,P1599,STUDY0009,SESS1477,multi_select,random,ms_random,0,0,,,
ROW39897,4314,instructions,26,141754,0,P1599,STUDY0009,SESS1477,multi_select,random,ms_random,0,,,,
ROW39898,3889,instructions,0,3891,0,P0078,STUDY0009,SESS1474,forced_choice,random,fc_random,0,,,,
ROW39899,10666,html-button-response,1,14559,0,P0078,STUDY0009,SESS1474,forced_choice,random,fc_random,0,0,precautions_survey,,
ROW39900,14969,html-button-response,2,29528,0,P0078,STUDY0009,SESS1474,forced_choice,random,fc_random,0,0,vocabulary_classification_criteria,,
ROW39901,4332,html-button-response,3,33861,0,P0078,STUDY0009,SESS1474,forced_choice,random,fc_random,0,0,lavender_instruction,,
ROW39902,10331,survey-multi-choice,4,44194,0,P0078,STUDY0009,SESS1474,forced_choice,random,fc_random,0,"{""Q0"":""shape""}",category_organization_2x2,drum (object),toys
ROW39903,9762,survey-multi-choice,5,53958,0,P0078,STUDY0009,SESS1474,forced_choice,random,fc_random,0,"{""Q0"":""shape""}",category_organization_2x2,coconut,other
ROW39904,4581,survey-multi-choice,6,58539,0,P0078,STUDY0009,SESS1474,forced_choice,random,fc_random,0,"{""Q0"":""material""}",category_organization_2x2,birch,other
ROW39906,3981,survey-multi-choice,8,68503,0,P0078,STUDY0009,SESS1474,forced_choice,random,fc_random,0,"{""Q0"":""material""}",category_organization_2x2,raincoat,clothing
ROW39907,5980,survey-multi-choice,7,64520,0,P0078,STUDY0009,SESS1474,forced_choice,random,fc_random,0,"{""Q0"":""shape""}",category_organization_2x2,football,other
ROW39905,6861,survey-multi-choice,9,75365,0,P0078,STUDY0009,SESS1474,forced_choice,random,fc_random,0,"{""Q0"":""none of these""}",category_organization_2x2,brain,body_parts
ROW39908,4164,survey-multi-choice,11,83672,0,P0078,STUDY0009,SESS1474,forced_choice,random,fc_random,0,"{""Q0"":""color""}",category_organization_2x2,painting,toys
ROW39909,4141,survey-multi-choice,10,79507,0,P0078,STUDY0009,SESS1474,forced_choice,random,fc_random,0,"{""Q0"":""shape""}",category_organization_2x2,worm,animals
ROW39910,5125,survey-multi-choice,12,88799,0,P0078,STUDY0009,SESS1474,forced_choice,random,fc_random,0,"{""Q0"":""material""}",category_organization_2x2,diaper,clothing
ROW39911,3037,survey-multi-choice,13,91837,0,P0078,STUDY0009,SESS1474,forced_choice,random,fc_random,0,"{""Q0"":""shape""}",category_organization_2x2,forehead,body_parts
ROW39912,5260,survey-multi-choice,15,101480,0,P0078,STUDY0009,SESS1474,forced_choice,random,fc_random,0,"{""Q0"":""shape""}",category_organization_2x2,drawer,furniture_rooms
ROW39913,4382,survey-multi-choice,14,96220,0,P0078,STUDY0009,SESS1474,forced_choice,random,fc_random,0,"{""Q0"":""color""}",category_organization_2x2,jeans,clothing
ROW39914,3119,survey-multi-choice,16,104600,0,P0078,STUDY0009,SESS1474,forced_choice,random,fc_random,0,"{""Q0"":""none of these""}",category_organization_2x2,suburb,other
ROW39915,3510,survey-multi-choice,17,108111,0,P0078,STUDY0009,SESS1474,forced_choice,random,fc_random,0,"{""Q0"":""shape""}",category_organization_2x2,closet,furniture_rooms
ROW39916,6756,survey-multi-choice,18,114868,0,P0078,STUDY0009,SESS1474,forced_choice,random,fc_random,0,"{""Q0"":""shape""}",category_organization_2x2,apron,clothing
ROW39917,3261,survey-multi-choice,19,118129,0,P0078,STUDY0009,SESS1474,forced_choice,random,fc_random,0,"{""Q0"":""color""}",category_organization_2x2,beet,food_drink
ROW39918,6780,survey-multi-choice,20,124910,0,P0078,STUDY0009,SESS1474,forced_choice,random,fc_random,0,"{""Q0"":""none of these""}",category_organization_2x2,coke,food_drink
ROW39919,4462,survey-multi-choice,21,129373,0,P0078,STUDY0009,SESS1474,forced_choice,random,fc_random,0,"{""Q0"":""shape""}",category_organization_2x2,closet,furniture_rooms
ROW39920,4828,survey-multi-choice,22,134202,0,P0078,STUDY0009,SESS1474,forced_choice,random,fc_random,0,"{""Q0"":""none of these""}",category_organization_2x2,duck,animals
ROW39921,2230,survey-multi-choice,23,136434,0,P0078,STUDY0009,SESS1474,forced_choice,random,fc_random,0,"{""Q0"":""none of these""}",category_organization_2x2,lavender,attention_check
ROW39922,3070,survey-multi-choice,24,139505,0,P0078,STUDY0009,SESS1474,forced_choice,random,fc_random,0,"{""Q0"":""none of these""}",category_organization_2x2,party,other
ROW39923,1079,html-button-response,25,140585,0,P0078,STUDY0009,SESS1474,forced_choice,random,fc_random,0,0,,,
ROW39924,1831,instructions,26,142416,0,P0078,STUDY0009,SESS1474,forced_choice,random,fc_random,0,,,,
ROW39925,10687,html-button-response,1,15886,0,P1504,STUDY0009,SESS1463,forced_choice,random,fc_random,0,0,precautions_survey,,
ROW39926,5191,instructions,0,5196,0,P1504,STUDY0009,SESS1463,forced_choice,random,fc_random,0,,,,
ROW39927,15543,html-button-response,2,31431,0,P1504,STUDY0009,SESS1463,forced_choice,random,fc_random,0,0,vocabulary_classification_criteria,,
ROW39928,8381,html-button-response,3,39814,0,P1504,STUDY0009,SESS1463,forced_choice,random,fc_random,0,0,lavender_instruction,,
ROW39929,18505,survey-multi-choice,4,58325,0,P1504,STUDY0009,SESS1463,forced_choice,random,fc_random,0,"{""Q0"":""none of these""}",category_organization_2x2,bath,furniture_rooms
ROW39930,4866,survey-multi-choice,5,63195,0,P1504,STUDY0009,SESS1463,forced_choice,random,fc_random,0,"{""Q0"":""material""}",category_organization_2x2,ceiling,other
ROW39931,7225,survey-multi-choice,6,70424,0,P1504,STUDY0009,SESS1463,forced_choice,random,fc_random,0,"{""Q0"":""color""}",category_organization_2x2,cottage cheese,food_drink
ROW39932,3306,survey-multi-choice,7,73734,0,P1504,STUDY0009,SESS1463,forced_choice,random,fc_random,0,"{""Q0"":""shape""}",category_organization_2x2,ruler,other
ROW39935,2899,survey-multi-choice,9,79899,0,P1504,STUDY0009,SESS1463,forced_choice,random,fc_random,0,"{""Q0"":""color""}",category_organization_2x2,lip,body_parts
ROW39936,4298,survey-multi-choice,11,89263,0,P1504,STUDY0009,SESS1463,forced_choice,random,fc_random,0,"{""Q0"":""shape""}",category_organization_2x2,sneaker,clothing
ROW39934,5059,survey-multi-choice,10,84961,0,P1504,STUDY0009,SESS1463,forced_choice,random,fc_random,0,"{""Q0"":""shape""}",category_organization_2x2,rabbit,animals
ROW39933,3259,survey-multi-choice,8,76997,0,P1504,STUDY0009,SESS1463,forced_choice,random,fc_random,0,"{""Q0"":""shape""}",category_organization_2x2,snake,animals
ROW39937,2140,survey-multi-choice,12,91406,0,P1504,STUDY0009,SESS1463,forced_choice,random,fc_random,0,"{""Q0"":""shape""}",category_organization_2x2,bathtub,furniture_rooms
ROW39938,2588,survey-multi-choice,13,93998,0,P1504,STUDY0009,SESS1463,forced_choice,random,fc_random,0,"{""Q0"":""color""}",category_organization_2x2,ladybug,animals
ROW39939,2099,survey-multi-choice,16,102402,0,P1504,STUDY0009,SESS1463,forced_choice,random,fc_random,0,"{""Q0"":""color""}",category_organization_2x2,lavender,attention_check
ROW39940,7018,survey-multi-choice,17,109423,0,P1504,STUDY0009,SESS1463,forced_choice,random,fc_random,0,"{""Q0"":""shape""}",category_organization_2x2,donut,food_drink
ROW39941,3507,survey-multi-choice,14,97508,0,P1504,STUDY0009,SESS1463,forced_choice,random,fc_random,0,"{""Q0"":""color""}",category_organization_2x2,zebra,animals
ROW39942,2788,survey-multi-choice,15,100300,0,P1504,STUDY0009,SESS1463,forced_choice,random,fc_random,0,"{""Q0"":""shape""}",category_organization_2x2,noodles,food_drink
ROW39943,4694,survey-multi-choice,18,114119,0,P1504,STUDY0009,SESS1463,forced_choice,random,fc_random,0,"{""Q0"":""color""}",category_organization_2x2,flower,outside
ROW39944,5626,survey-multi-choice,19,119748,0,P1504,STUDY0009,SESS1463,forced_choice,random,fc_random,0,"{""Q0"":""color""}",category_organization_2x2,candy,food_drink
ROW39945,7160,survey-multi-choice,20,126911,0,P1504,STUDY0009,SESS1463,forced_choice,random,fc_random,0,"{""Q0"":""color""}",category_organization_2x2,samosa,food_drink
ROW39946,2332,survey-multi-choice,21,129246,0,P1504,STUDY0009,SESS1463,forced_choice,random,fc_random,0,"{""Q0"":""shape""}",category_organization_2x2,cow,animals
ROW39947,3323,survey-multi-choice,24,142024,0,P1504,STUDY0009,SESS1463,forced_choice,random,fc_random,0,"{""Q0"":""shape""}",category_organization_2x2,squirrel,animals
ROW39948,4740,survey-multi-choice,22,133989,0,P1504,STUDY0009,SESS1463,forced_choice,random,fc_random,0,"{""Q0"":""shape""}",category_organization_2x2,carousel,outside
ROW39949,4707,survey-multi-choice,23,138699,0,P1504,STUDY0009,SESS1463,forced_choice,random,fc_random,0,"{""Q0"":""material""}",category_organization_2x2,ham,food_drink
ROW39950,1077,html-button-response,25,143104,0,P1504,STUDY0009,SESS1463,forced_choice,random,fc_random,0,0,,,
ROW39951,2908,instructions,26,146014,0,P1504,STUDY0009,SESS1463,forced_choice,random,fc_random,0,,,,
ROW39952,14905,html-button-response,1,20154,0,P1771,STUDY0009,SESS1403,forced_choice,random,fc_random,0,0,precautions_survey,,
ROW39954,25591,html-button-response,2,45746,0,P1771,STUDY0009,SESS1403,forced_choice,random,fc_random,0,0,vocabulary_classification_criteria,,
ROW39953,5245,instructions,0,5247,0,P1771,STUDY0009,SESS1403,forced_choice,random,fc_random,0,,,,
ROW39955,7224,html-button-response,3,52971,0,P1771,STUDY0009,SESS1403,forced_choice,random,fc_random,0,0,lavender_instruction,,
ROW39956,8117,survey-multi-choice,5,65544,0,P1771,STUDY0009,SESS1403,forced_choice,random,fc_random,0,"{""Q0"":""material""}",category_organization_2x2,video,household
ROW39957,4452,survey-multi-choice,4,57426,0,P1771,STUDY0009,SESS1403,forced_choice,random,fc_random,0,"{""Q0"":""none of these""}",category_organization_2x2,lavender,attention_check
ROW39958,8748,survey-multi-choice,6,74294,0,P1771,STUDY0009,SESS1403,forced_choice,random,fc_random,0,"{""Q0"":""material""}",category_organization_2x2,rock (object),outside
ROW39959,4381,survey-multi-choice,7,78676,0,P1771,STUDY0009,SESS1403,forced_choice,random,fc_random,0,"{""Q0"":""material""}",category_organization_2x2,broom,household
ROW39960,5426,survey-multi-choice,8,84103,0,P1771,STUDY0009,SESS1403,forced_choice,random,fc_random,0,"{""Q0"":""shape""}",category_organization_2x2,waves,outside
ROW39961,7822,survey-multi-choice,9,91926,0,P1771,STUDY0009,SESS1403,forced_choice,random,fc_random,0,"{""Q0"":""none of these""}",category_organization_2x2,music,toys
ROW39962,4476,survey-multi-choice,10,96403,0,P1771,STUDY0009,SESS1403,forced_choice,random,fc_random,0,"{""Q0"":""none of these""}",category_organization_2x2,cook,toys
ROW39963,3429,survey-multi-choice,11,99833,0,P1771,STUDY0009,SESS1403,forced_choice,random,fc_random,0,"{""Q0"":""material""}",category_organization_2x2,tape (object),household
ROW39964,4009,survey-multi-choice,12,103843,0,P1771,STUDY0009,SESS1403,forced_choice,random,fc_random,0,"{""Q0"":""material""}",category_organization_2x2,straw,household
ROW39965,3444,survey-multi-choice,13,107288,0,P1771,STUDY0009,SESS1403,forced_choice,random,fc_random,0,"{""Q0"":""material""}",category_organization_2x2,jacket,clothing
ROW39966,4318,survey-multi-choice,14,111607,0,P1771,STUDY0009,SESS1403,forced_choice,random,fc_random,0,"{""Q0"":""none of these""}",category_organization_2x2,chickpea,food_drink
ROW39967,4155,survey-multi-choice,15,115763,0,P1771,STUDY0009,SESS1403,forced_choice,random,fc_random,0,"{""Q0"":""none of these""}",category_organization_2x2,lizard,other
ROW39968,4809,survey-multi-choice,16,120573,0,P1771,STUDY0009,SESS1403,forced_choice,random,fc_random,0,"{""Q0"":""shape""}",category_organization_2x2,train,vehicles
ROW39969,3769,survey-multi-choice,17,124343,0,P1771,STUDY0009,SESS1403,forced_choice,random,fc_random,0,"{""Q0"":""shape""}",category_organization_2x2,pool,outside
ROW39970,3472,survey-multi-choice,18,127817,0,P1771,STUDY0009,SESS1403,forced_choice,random,fc_random,0,"{""Q0"":""none of these""}",category_organization_2x2,bee,animals
ROW39971,6875,survey-multi-choice,19,134693,0,P1771,STUDY0009,SESS1403,forced_choice,random,fc_random,0,"{""Q0"":""none of these""}",category_organization_2x2,knee,body_parts
ROW39972,2961,survey-multi-choice,20,137655,0,P1771,STUDY0009,SESS1403,forced_choice,random,fc_random,0,"{""Q0"":""shape""}",category_organization_2x2,bush,outside
ROW39973,5045,survey-multi-choice,21,142701,0,P1771,STUDY0009,SESS1403,forced_choice,random,fc_random,0,"{""Q0"":""shape""}",category_organization_2x2,spider,animals
ROW39974,3489,survey-multi-choice,22,146191,0,P1771,STUDY0009,SESS1403,forced_choice,random,fc_random,0,"{""Q0"":""material""}",category_organization_2x2,chopstick,household
ROW39975,4381,survey-multi-choice,23,150574,0,P1771,STUDY0009,SESS1403,forced_choice,random,fc_random,0,"{""Q0"":""color""}",category_organization_2x2,mold,toys
ROW39976,4968,survey-multi-choice,24,155543,0,P1771,STUDY0009,SESS1403,forced_choice,random,fc_random,0,"{""Q0"":""material""}",category_organization_2x2,compote,food_drink
ROW39977,1291,html-button-response,25,156836,0,P1771,STUDY0009,SESS1403,forced_choice,random,fc_random,0,0,,,
ROW39978,3324,instructions,26,160160,0,P1771,STUDY0009,SESS1403,forced_choice,random,fc_random,0,,,,
ROW39979,5057,html-button-response,1,11126,0,P1685,STUDY0009,SESS1467,multi_select,semantic_blocked,ms_blocked,0,0,precautions_survey,,
ROW39980,6065,instructions,0,6067,0,P1685,STUDY0009,SESS1467,multi_select,semantic_blocked,ms_blocked,0,,,,
ROW39981,6231,html-button-response,4,38726,0,P1685,STUDY0009,SESS1467,multi_select,semantic_blocked,ms_blocked,0,0,category_section_intro,,vehicles
ROW39982,8609,html-button-response,3,32494,0,P1685,STUDY0009,SESS1467,multi_select,semantic_blocked,ms_blocked,0,0,lavender_instruction,,
ROW39983,11992,survey-multi-select,5,50721,0,P1685,STUDY0009,SESS1467,multi_select,semantic_blocked,ms_blocked,0,"{""Q0"":[""color""]}",category_organization_2x2,ambulance,vehicles
ROW39984,12757,html-button-response,2,23884,0,P1685,STUDY0009,SESS1467,multi_select,semantic_blocked,ms_blocked,0,0,vocabulary_classification_criteria,,
ROW39985,2392,survey-multi-select,6,53116,0,P1685,STUDY0009,SESS1467,multi_select,semantic_blocked,ms_blocked,0,"{""Q0"":[""shape""]}",category_organization_2x2,tricycle,vehicles
ROW39986,5401,html-button-response,7,58518,0,P1685,STUDY0009,SESS1467,multi_select,semantic_blocked,ms_blocked,0,0,category_section_intro,,toys
ROW39987,2874,survey-multi-select,8,61394,0,P1685,STUDY0009,SESS1467,multi_select,semantic_blocked,ms_blocked,0,"{""Q0"":[""material""]}",category_organization_2x2,play dough,toys
ROW39988,4109,survey-multi-select,9,65504,0,P1685,STUDY0009,SESS1467,multi_select,semantic_blocked,ms_blocked,0,"{""Q0"":[""shape""]}",category_organization_2x2,puzzle,toys
ROW39989,3499,html-button-response,10,69004,0,P1685,STUDY0009,SESS1467,multi_select,semantic_blocked,ms_blocked,0,0,category_section_intro,,animals
ROW39990,3237,survey-multi-select,11,72242,0,P1685,STUDY0009,SESS1467,multi_select,semantic_blocked,ms_blocked,0,"{""Q0"":[""shape""]}",category_organization_2x2,camel,animals
ROW39991,4274,survey-multi-select,12,76518,0,P1685,STUDY0009,SESS1467,multi_select,semantic_blocked,ms_blocked,0,"{""Q0"":[""shape""]}",category_organization_2x2,fish (animal),animals
ROW39992,1691,html-button-response,13,78210,0,P1685,STUDY0009,SESS1467,multi_select,semantic_blocked,ms_blocked,0,0,category_section_intro,,clothing
ROW39993,2921,survey-multi-select,14,81132,0,P1685,STUDY0009,SESS1467,multi_select,semantic_blocked,ms_blocked,0,"{""Q0"":[""shape""]}",category_organization_2x2,mask,clothing
ROW39994,2059,html-button-response,15,83192,0,P1685,STUDY0009,SESS1467,multi_select,semantic_blocked,ms_blocked,0,0,category_section_intro,,furniture_rooms
ROW39996,2773,html-button-response,17,89398,0,P1685,STUDY0009,SESS1467,multi_select,semantic_blocked,ms_blocked,0,0,category_section_intro,,food_drink
ROW39995,3431,survey-multi-select,16,86624,0,P1685,STUDY0009,SESS1467,multi_select,semantic_blocked,ms_blocked,0,"{""Q0"":[""color""]}",category_organization_2x2,toilet,furniture_rooms
ROW39997,2403,survey-multi-select,18,91803,0,P1685,STUDY0009,SESS1467,multi_select,semantic_blocked,ms_blocked,0,"{""Q0"":[""color""]}",category_organization_2x2,apricot,food_drink
ROW39998,3418,survey-multi-select,19,95222,0,P1685,STUDY0009,SESS1467,multi_select,semantic_blocked,ms_blocked,0,"{""Q0"":[""color""]}",category_organization_2x2,pomegranate,food_drink
ROW39999,1724,survey-multi-select,20,96948,0,P1685,STUDY0009,SESS1467,multi_select,semantic_blocked,ms_blocked,0,"{""Q0"":[""shape""]}",category_organization_2x2,pretzel,food_drink
ROW40000,10975,survey-multi-select,21,107925,0,P1685,STUDY0009,SESS1467,multi_select,semantic_blocked,ms_blocked,0,"{""Q0"":[""shape""]}",category_organization_2x2,push,food_drink
ROW40001,1187,html-button-response,22,109113,0,P1685,STUDY0009,SESS1467,multi_select,semantic_blocked,ms_blocked,0,0,category_section_intro,,body_parts
ROW40002,2355,survey-multi-select,23,111470,0,P1685,STUDY0009,SESS1467,multi_select,semantic_blocked,ms_blocked,0,"{""Q0"":[""shape""]}",category_organization_2x2,face,body_parts
ROW40003,2475,survey-multi-select,24,113947,0,P1685,STUDY0009,SESS1467,multi_select,semantic_blocked,ms_blocked,0,"{""Q0"":[""shape""]}",category_organization_2x2,neck,body_parts
ROW40004,947,html-button-response,25,114894,0,P1685,STUDY0009,SESS1467,multi_select,semantic_blocked,ms_blocked,0,0,category_section_intro,,household
ROW40005,3578,survey-multi-select,26,118474,0,P1685,STUDY0009,SESS1467,multi_select,semantic_blocked,ms_blocked,0,"{""Q0"":[""shape""]}",category_organization_2x2,clock,household
ROW40006,7345,survey-multi-select,27,125821,0,P1685,STUDY0009,SESS1467,multi_select,semantic_blocked,ms_blocked,0,"{""Q0"":[""color"",""material""]}",category_organization_2x2,wood,household
ROW40007,1089,html-button-response,28,126911,0,P1685,STUDY0009,SESS1467,multi_select,semantic_blocked,ms_blocked,0,0,category_section_intro,,outside
ROW40008,3021,survey-multi-select,29,129932,0,P1685,STUDY0009,SESS1467,multi_select,semantic_blocked,ms_blocked,0,"{""Q0"":[""shape""]}",category_organization_2x2,bridge,outside
ROW40009,2144,survey-multi-select,30,132078,0,P1685,STUDY0009,SESS1467,multi_select,semantic_blocked,ms_blocked,0,"{""Q0"":[""color""]}",category_organization_2x2,sky,outside
ROW40010,875,html-button-response,31,132954,0,P1685,STUDY0009,SESS1467,multi_select,semantic_blocked,ms_blocked,0,0,category_section_intro,,other
ROW40011,6235,survey-multi-select,32,139190,0,P1685,STUDY0009,SESS1467,multi_select,semantic_blocked,ms_blocked,0,"{""Q0"":[""none of these""]}",category_organization_2x2,market,other
ROW40012,6755,survey-multi-select,33,145947,0,P1685,STUDY0009,SESS1467,multi_select,semantic_blocked,ms_blocked,0,"{""Q0"":[""shape""]}",category_organization_2x2,possum,other
ROW40013,2280,survey-multi-select,34,148229,0,P1685,STUDY0009,SESS1467,multi_select,semantic_blocked,ms_blocked,0,"{""Q0"":[""none of these""]}",category_organization_2x2,lavender,attention_check
ROW40014,1046,html-button-response,35,149275,0,P1685,STUDY0009,SESS1467,multi_select,semantic_blocked,ms_blocked,0,0,,,
ROW40015,2321,instructions,36,151597,0,P1685,STUDY0009,SESS1467,multi_select,semantic_blocked,ms_blocked,0,,,,
ROW40016,13857,instructions,0,13858,0,P0197,STUDY0009,SESS1428,forced_choice,semantic_blocked,fc_blocked,0,,,,
ROW40017,14054,html-button-response,1,27913,0,P0197,STUDY0009,SESS1428,forced_choice,semantic_blocked,fc_blocked,0,0,precautions_survey,,
ROW40018,22802,html-button-response,2,50715,0,P0197,STUDY0009,SESS1428,forced_choice,semantic_blocked,fc_blocked,0,0,vocabulary_classification_criteria,,
ROW40019,9311,html-button-response,3,60027,0,P0197,STUDY0009,SESS1428,forced_choice,semantic_blocked,fc_blocked,0,0,lavender_instruction,,
ROW40020,11521,html-button-response,4,71549,0,P0197,STUDY0009,SESS1428,forced_choice,semantic_blocked,fc_blocked,0,0,category_section_intro,,clothing
ROW40021,11057,survey-multi-choice,5,82607,0,P0197,STUDY0009,SESS1428,forced_choice,semantic_blocked,fc_blocked,0,"{""Q0"":""shape""}",category_organization_2x2,skirt,clothing
ROW40022,5596,survey-multi-choice,6,88203,0,P0197,STUDY0009,SESS1428,forced_choice,semantic_blocked,fc_blocked,0,"{""Q0"":""shape""}",category_organization_2x2,sunglasses,clothing
ROW40023,9737,survey-multi-choice,8,101709,0,P0197,STUDY0009,SESS1428,forced_choice,semantic_blocked,fc_blocked,0,"{""Q0"":""shape""}",category_organization_2x2,garage,furniture_rooms
ROW40024,3768,html-button-response,7,91971,0,P0197,STUDY0009,SESS1428,forced_choice,semantic_blocked,fc_blocked,0,0,category_section_intro,,furniture_rooms
ROW40025,3141,html-button-response,10,107641,0,P0197,STUDY0009,SESS1428,forced_choice,semantic_blocked,fc_blocked,0,0,category_section_intro,,food_drink
ROW40026,2790,survey-multi-choice,9,104500,0,P0197,STUDY0009,SESS1428,forced_choice,semantic_blocked,fc_blocked,0,"{""Q0"":""shape""}",category_organization_2x2,stairs,furniture_rooms
ROW40027,6663,survey-multi-choice,11,114305,0,P0197,STUDY0009,SESS1428,forced_choice,semantic_blocked,fc_blocked,0,"{""Q0"":""material""}",category_organization_2x2,dried seaweed,food_drink
ROW40028,6361,survey-multi-choice,12,120667,0,P0197,STUDY0009,SESS1428,forced_choice,semantic_blocked,fc_blocked,0,"{""Q0"":""material""}",category_organization_2x2,guava,food_drink
ROW40029,12121,survey-multi-choice,15,150129,0,P0197,STUDY0009,SESS1428,forced_choice,semantic_blocked,fc_blocked,0,"{""Q0"":""material""}",category_organization_2x2,toast,food_drink
ROW40030,1377,html-button-response,16,151507,0,P0197,STUDY0009,SESS1428,forced_choice,semantic_blocked,fc_blocked,0,0,category_section_intro,,body_parts
ROW40031,10409,survey-multi-choice,13,131077,0,P0197,STUDY0009,SESS1428,forced_choice,semantic_blocked,fc_blocked,0,"{""Q0"":""material""}",category_organization_2x2,soy milk,food_drink
ROW40032,6930,survey-multi-choice,14,138008,0,P0197,STUDY0009,SESS1428,forced_choice,semantic_blocked,fc_blocked,0,"{""Q0"":""material""}",category_organization_2x2,sugar,food_drink
ROW40033,10590,survey-multi-choice,17,162098,0,P0197,STUDY0009,SESS1428,forced_choice,semantic_blocked,fc_blocked,0,"{""Q0"":""shape""}",category_organization_2x2,ankle,body_parts
ROW40034,2804,survey-multi-choice,18,164902,0,P0197,STUDY0009,SESS1428,forced_choice,semantic_blocked,fc_blocked,0,"{""Q0"":""shape""}",category_organization_2x2,mouth,body_parts
ROW40035,1115,html-button-response,19,166018,0,P0197,STUDY0009,SESS1428,forced_choice,semantic_blocked,fc_blocked,0,0,category_section_intro,,household
ROW40036,10090,survey-multi-choice,20,176108,0,P0197,STUDY0009,SESS1428,forced_choice,semantic_blocked,fc_blocked,0,"{""Q0"":""shape""}",category_organization_2x2,box,household
ROW40037,4089,survey-multi-choice,21,180198,0,P0197,STUDY0009,SESS1428,forced_choice,semantic_blocked,fc_blocked,0,"{""Q0"":""shape""}",category_organization_2x2,mug,household
ROW40038,3114,survey-multi-choice,23,186212,0,P0197,STUDY0009,SESS1428,forced_choice,semantic_blocked,fc_blocked,0,"{""Q0"":""shape""}",category_organization_2x2,purse,household
ROW40039,2900,survey-multi-choice,22,183098,0,P0197,STUDY0009,SESS1428,forced_choice,semantic_blocked,fc_blocked,0,"{""Q0"":""shape""}",category_organization_2x2,pacifier,household
ROW40040,1322,html-button-response,24,187535,0,P0197,STUDY0009,SESS1428,forced_choice,semantic_blocked,fc_blocked,0,0,category_section_intro,,outside
ROW40041,8438,survey-multi-choice,25,195973,0,P0197,STUDY0009,SESS1428,forced_choice,semantic_blocked,fc_blocked,0,"{""Q0"":""shape""}",category_organization_2x2,mountain,outside
ROW40042,11830,survey-multi-choice,26,207804,0,P0197,STUDY0009,SESS1428,forced_choice,semantic_blocked,fc_blocked,0,"{""Q0"":""none of these""}",category_organization_2x2,thunder,outside
ROW40043,1000,html-button-response,27,208805,0,P0197,STUDY0009,SESS1428,forced_choice,semantic_blocked,fc_blocked,0,0,category_section_intro,,other
ROW40044,18211,survey-multi-choice,28,227016,0,P0197,STUDY0009,SESS1428,forced_choice,semantic_blocked,fc_blocked,0,"{""Q0"":""shape""}",category_organization_2x2,blender,other
ROW40045,11032,survey-multi-choice,29,238048,0,P0197,STUDY0009,SESS1428,forced_choice,semantic_blocked,fc_blocked,0,"{""Q0"":""shape""}",category_organization_2x2,rat,other
ROW40046,4094,survey-multi-choice,30,242143,0,P0197,STUDY0009,SESS1428,forced_choice,semantic_blocked,fc_blocked,0,"{""Q0"":""shape""}",category_organization_2x2,seagull,other
ROW40047,3171,survey-multi-choice,31,245314,0,P0197,STUDY0009,SESS1428,forced_choice,semantic_blocked,fc_blocked,0,"{""Q0"":""none of these""}",category_organization_2x2,lavender,attention_check
ROW40048,1655,html-button-response,32,246970,0,P0197,STUDY0009,SESS1428,forced_choice,semantic_blocked,fc_blocked,0,0,,,
ROW40049,6812,instructions,33,253782,0,P0197,STUDY0009,SESS1428,forced_choice,semantic_blocked,fc_blocked,0,,,,
ROW40050,1970,instructions,0,1971,0,P0165,STUDY0009,SESS1473,forced_choice,semantic_blocked,fc_blocked,0,,,,
ROW40051,6686,html-button-response,3,52958,0,P0165,STUDY0009,SESS1473,forced_choice,semantic_blocked,fc_blocked,0,0,lavender_instruction,,
ROW40053,39362,html-button-response,2,46270,0,P0165,STUDY0009,SESS1473,forced_choice,semantic_blocked,fc_blocked,0,0,vocabulary_classification_criteria,,
ROW40054,4104,html-button-response,4,57062,0,P0165,STUDY0009,SESS1473,forced_choice,semantic_blocked,fc_blocked,0,0,category_section_intro,,toys
ROW40052,4935,html-button-response,1,6907,0,P0165,STUDY0009,SESS1473,forced_choice,semantic_blocked,fc_blocked,0,0,precautions_survey,,
ROW40055,19565,survey-multi-choice,5,76629,0,P0165,STUDY0009,SESS1473,forced_choice,semantic_blocked,fc_blocked,0,"{""Q0"":""shape""}",category_organization_2x2,drum (object),toys
ROW40056,3512,survey-multi-choice,6,80143,0,P0165,STUDY0009,SESS1473,forced_choice,semantic_blocked,fc_blocked,0,"{""Q0"":""color""}",category_organization_2x2,painting,toys
ROW40057,1843,html-button-response,7,81988,0,P0165,STUDY0009,SESS1473,forced_choice,semantic_blocked,fc_blocked,0,0,category_section_intro,,animals
ROW40058,4772,survey-multi-choice,8,86761,0,P0165,STUDY0009,SESS1473,forced_choice,semantic_blocked,fc_blocked,0,"{""Q0"":""shape""}",category_organization_2x2,duck,animals
ROW40059,3165,survey-multi-choice,9,89927,0,P0165,STUDY0009,SESS1473,forced_choice,semantic_blocked,fc_blocked,0,"{""Q0"":""shape""}",category_organization_2x2,worm,animals
ROW40060,3576,html-button-response,10,93504,0,P0165,STUDY0009,SESS1473,forced_choice,semantic_blocked,fc_blocked,0,0,category_section_intro,,clothing
ROW40061,2651,survey-multi-choice,11,96156,0,P0165,STUDY0009,SESS1473,forced_choice,semantic_blocked,fc_blocked,0,"{""Q0"":""material""}",category_organization_2x2,apron,clothing
ROW40062,3841,survey-multi-choice,12,99998,0,P0165,STUDY0009,SESS1473,forced_choice,semantic_blocked,fc_blocked,0,"{""Q0"":""material""}",category_organization_2x2,diaper,clothing
ROW40063,2092,survey-multi-choice,13,102091,0,P0165,STUDY0009,SESS1473,forced_choice,semantic_blocked,fc_blocked,0,"{""Q0"":""material""}",category_organization_2x2,jeans,clothing
ROW40064,1973,survey-multi-choice,14,104064,0,P0165,STUDY0009,SESS1473,forced_choice,semantic_blocked,fc_blocked,0,"{""Q0"":""material""}",category_organization_2x2,raincoat,clothing
ROW40065,1312,html-button-response,15,105377,0,P0165,STUDY0009,SESS1473,forced_choice,semantic_blocked,fc_blocked,0,0,category_section_intro,,furniture_rooms
ROW40066,4769,survey-multi-choice,16,110147,0,P0165,STUDY0009,SESS1473,forced_choice,semantic_blocked,fc_blocked,0,"{""Q0"":""none of these""}",category_organization_2x2,closet,furniture_rooms
ROW40067,2430,survey-multi-choice,17,112578,0,P0165,STUDY0009,SESS1473,forced_choice,semantic_blocked,fc_blocked,0,"{""Q0"":""none of these""}",category_organization_2x2,closet,furniture_rooms
ROW40068,3280,survey-multi-choice,18,115858,0,P0165,STUDY0009,SESS1473,forced_choice,semantic_blocked,fc_blocked,0,"{""Q0"":""none of these""}",category_organization_2x2,drawer,furniture_rooms
ROW40069,4078,survey-multi-choice,21,125344,0,P0165,STUDY0009,SESS1473,forced_choice,semantic_blocked,fc_blocked,0,"{""Q0"":""color""}",category_organization_2x2,coke,food_drink
ROW40070,1233,html-button-response,19,117092,0,P0165,STUDY0009,SESS1473,forced_choice,semantic_blocked,fc_blocked,0,0,category_section_intro,,food_drink
ROW40071,4171,survey-multi-choice,20,121265,0,P0165,STUDY0009,SESS1473,forced_choice,semantic_blocked,fc_blocked,0,"{""Q0"":""color""}",category_organization_2x2,beet,food_drink
ROW40072,1281,html-button-response,22,126626,0,P0165,STUDY0009,SESS1473,forced_choice,semantic_blocked,fc_blocked,0,0,category_section_intro,,body_parts
ROW40073,3670,survey-multi-choice,23,130297,0,P0165,STUDY0009,SESS1473,forced_choice,semantic_blocked,fc_blocked,0,"{""Q0"":""shape""}",category_organization_2x2,brain,body_parts
ROW40074,2348,survey-multi-choice,24,132646,0,P0165,STUDY0009,SESS1473,forced_choice,semantic_blocked,fc_blocked,0,"{""Q0"":""shape""}",category_organization_2x2,forehead,body_parts
ROW40075,1316,html-button-response,25,133963,0,P0165,STUDY0009,SESS1473,forced_choice,semantic_blocked,fc_blocked,0,0,category_section_intro,,other
ROW40076,2490,survey-multi-choice,26,136455,0,P0165,STUDY0009,SESS1473,forced_choice,semantic_blocked,fc_blocked,0,"{""Q0"":""material""}",category_organization_2x2,birch,other
ROW40077,2698,survey-multi-choice,27,139153,0,P0165,STUDY0009,SESS1473,forced_choice,semantic_blocked,fc_blocked,0,"{""Q0"":""shape""}",category_organization_2x2,coconut,other
ROW40078,3666,survey-multi-choice,28,142820,0,P0165,STUDY0009,SESS1473,forced_choice,semantic_blocked,fc_blocked,0,"{""Q0"":""shape""}",category_organization_2x2,football,other
ROW40079,2319,survey-multi-choice,29,145140,0,P0165,STUDY0009,SESS1473,forced_choice,semantic_blocked,fc_blocked,0,"{""Q0"":""none of these""}",category_organization_2x2,party,other
ROW40080,2363,survey-multi-choice,30,147504,0,P0165,STUDY0009,SESS1473,forced_choice,semantic_blocked,fc_blocked,0,"{""Q0"":""none of these""}",category_organization_2x2,suburb,other
ROW40081,996,html-button-response,32,150494,0,P0165,STUDY0009,SESS1473,forced_choice,semantic_blocked,fc_blocked,0,0,,,
ROW40082,1992,survey-multi-choice,31,149497,0,P0165,STUDY0009,SESS1473,forced_choice,semantic_blocked,fc_blocked,0,"{""Q0"":""none of these""}",category_organization_2x2,lavender,attention_check
ROW40083,2015,instructions,33,152509,0,P0165,STUDY0009,SESS1473,forced_choice,semantic_blocked,fc_blocked,0,,,,
ROW40084,7742,html-button-response,3,36716,0,P1770,STUDY0009,SESS1447,forced_choice,semantic_blocked,fc_blocked,0,0,lavender_instruction,,
ROW40085,8582,html-button-response,1,14328,0,P1770,STUDY0009,SESS1447,forced_choice,semantic_blocked,fc_blocked,0,0,precautions_survey,,
ROW40086,5584,survey-multi-choice,5,51226,0,P1770,STUDY0009,SESS1447,forced_choice,semantic_blocked,fc_blocked,0,"{""Q0"":""shape""}",category_organization_2x2,ball,toys
ROW40087,5742,instructions,0,5744,0,P1770,STUDY0009,SESS1447,forced_choice,semantic_blocked,fc_blocked,0,,,,
ROW40088,14644,html-button-response,2,28973,0,P1770,STUDY0009,SESS1447,forced_choice,semantic_blocked,fc_blocked,0,0,vocabulary_classification_criteria,,
ROW40089,8923,html-button-response,4,45640,0,P1770,STUDY0009,SESS1447,forced_choice,semantic_blocked,fc_blocked,0,0,category_section_intro,,toys
ROW40090,3635,instructions,0,3636,0,P1866,STUDY0009,SESS1489,forced_choice,random,fc_random,0,,,,
ROW40091,7482,html-button-response,1,11120,0,P1866,STUDY0009,SESS1489,forced_choice,random,fc_random,0,0,precautions_survey,,
ROW40092,11875,html-button-response,2,22996,0,P1866,STUDY0009,SESS1489,forced_choice,random,fc_random,0,0,vocabulary_classification_criteria,,
ROW40093,11652,survey-multi-choice,4,40251,0,P1866,STUDY0009,SESS1489,forced_choice,random,fc_random,0,"{""Q0"":""color""}",category_organization_2x2,ginger,other
ROW40094,5600,html-button-response,3,28597,0,P1866,STUDY0009,SESS1489,forced_choice,random,fc_random,0,0,lavender_instruction,,
ROW40095,4269,survey-multi-choice,5,44522,0,P1866,STUDY0009,SESS1489,forced_choice,random,fc_random,0,"{""Q0"":""shape""}",category_organization_2x2,jar,household
ROW40096,3961,survey-multi-choice,6,48484,0,P1866,STUDY0009,SESS1489,forced_choice,random,fc_random,0,"{""Q0"":""material""}",category_organization_2x2,ground,outside
ROW40097,2928,survey-multi-choice,7,51413,0,P1866,STUDY0009,SESS1489,forced_choice,random,fc_random,0,"{""Q0"":""material""}",category_organization_2x2,pork,food_drink
ROW40098,5452,survey-multi-choice,9,59495,0,P1866,STUDY0009,SESS1489,forced_choice,random,fc_random,0,"{""Q0"":""shape""}",category_organization_2x2,calf,animals
ROW40099,2628,survey-multi-choice,8,54042,0,P1866,STUDY0009,SESS1489,forced_choice,random,fc_random,0,"{""Q0"":""color""}",category_organization_2x2,crayon,toys
ROW40100,6427,survey-multi-choice,10,65924,0,P1866,STUDY0009,SESS1489,forced_choice,random,fc_random,0,"{""Q0"":""color""}",category_organization_2x2,plantain,food_drink
ROW40101,3592,survey-multi-choice,11,69517,0,P1866,STUDY0009,SESS1489,forced_choice,random,fc_random,0,"{""Q0"":""color""}",category_organization_2x2,picture,household
ROW40102,5912,survey-multi-choice,6,57141,0,P1770,STUDY0009,SESS1447,forced_choice,semantic_blocked,fc_blocked,0,"{""Q0"":""shape""}",category_organization_2x2,guitar,toys
ROW40103,3915,html-button-response,8,64887,0,P1770,STUDY0009,SESS1447,forced_choice,semantic_blocked,fc_blocked,0,0,category_section_intro,,animals
ROW40104,3829,survey-multi-choice,7,60971,0,P1770,STUDY0009,SESS1447,forced_choice,semantic_blocked,fc_blocked,0,"{""Q0"":""material""}",category_organization_2x2,story,toys
ROW40105,3868,survey-multi-choice,9,68757,0,P1770,STUDY0009,SESS1447,forced_choice,semantic_blocked,fc_blocked,0,"{""Q0"":""shape""}",category_organization_2x2,bird,animals
ROW40106,3129,survey-multi-choice,11,75081,0,P1770,STUDY0009,SESS1447,forced_choice,semantic_blocked,fc_blocked,0,"{""Q0"":""color""}",category_organization_2x2,zebra,animals
ROW40107,3193,survey-multi-choice,10,71951,0,P1770,STUDY0009,SESS1447,forced_choice,semantic_blocked,fc_blocked,0,"{""Q0"":""shape""}",category_organization_2x2,horse,animals
ROW40108,2140,survey-multi-choice,13,75468,0,P1866,STUDY0009,SESS1489,forced_choice,random,fc_random,0,"{""Q0"":""shape""}",category_organization_2x2,moon,outside
ROW40109,3809,survey-multi-choice,12,73326,0,P1866,STUDY0009,SESS1489,forced_choice,random,fc_random,0,"{""Q0"":""shape""}",category_organization_2x2,ox,other
ROW40110,2087,survey-multi-choice,14,77556,0,P1866,STUDY0009,SESS1489,forced_choice,random,fc_random,0,"{""Q0"":""color""}",category_organization_2x2,panda,animals
ROW40111,2756,survey-multi-choice,15,80313,0,P1866,STUDY0009,SESS1489,forced_choice,random,fc_random,0,"{""Q0"":""shape""}",category_organization_2x2,pacifier,household
ROW40112,2042,survey-multi-choice,16,82356,0,P1866,STUDY0009,SESS1489,forced_choice,random,fc_random,0,"{""Q0"":""shape""}",category_organization_2x2,egg,food_drink
ROW40113,4757,survey-multi-choice,17,87114,0,P1866,STUDY0009,SESS1489,forced_choice,random,fc_random,0,"{""Q0"":""shape""}",category_organization_2x2,plaza,other
ROW40114,2259,survey-multi-choice,18,89374,0,P1866,STUDY0009,SESS1489,forced_choice,random,fc_random,0,"{""Q0"":""shape""}",category_organization_2x2,cigarette,other
ROW40115,3611,survey-multi-choice,19,92986,0,P1866,STUDY0009,SESS1489,forced_choice,random,fc_random,0,"{""Q0"":""shape""}",category_organization_2x2,pizza,food_drink
ROW40116,2722,survey-multi-choice,22,99167,0,P1866,STUDY0009,SESS1489,forced_choice,random,fc_random,0,"{""Q0"":""shape""}",category_organization_2x2,medicine,household
ROW40117,1760,survey-multi-choice,21,96444,0,P1866,STUDY0009,SESS1489,forced_choice,random,fc_random,0,"{""Q0"":""shape""}",category_organization_2x2,hanger,household
ROW40118,1695,survey-multi-choice,20,94683,0,P1866,STUDY0009,SESS1489,forced_choice,random,fc_random,0,"{""Q0"":""shape""}",category_organization_2x2,house,furniture_rooms
ROW40119,1983,survey-multi-choice,23,101150,0,P1866,STUDY0009,SESS1489,forced_choice,random,fc_random,0,"{""Q0"":""none of these""}",category_organization_2x2,lavender,attention_check
ROW40120,4193,survey-multi-choice,13,82480,0,P1770,STUDY0009,SESS1447,forced_choice,semantic_blocked,fc_blocked,0,"{""Q0"":""material""}",category_organization_2x2,coffee table,furniture_rooms
ROW40121,3203,html-button-response,12,78285,0,P1770,STUDY0009,SESS1447,forced_choice,semantic_blocked,fc_blocked,0,0,category_section_intro,,furniture_rooms
ROW40122,3996,survey-multi-choice,14,86477,0,P1770,STUDY0009,SESS1447,forced_choice,semantic_blocked,fc_blocked,0,"{""Q0"":""material""}",category_organization_2x2,porch,furniture_rooms
ROW40123,2518,html-button-response,15,88996,0,P1770,STUDY0009,SESS1447,forced_choice,semantic_blocked,fc_blocked,0,0,category_section_intro,,food_drink
ROW40124,3988,survey-multi-choice,17,97623,0,P1770,STUDY0009,SESS1447,forced_choice,semantic_blocked,fc_blocked,0,"{""Q0"":""color""}",category_organization_2x2,chocolate,food_drink
ROW40125,4636,survey-multi-choice,16,93633,0,P1770,STUDY0009,SESS1447,forced_choice,semantic_blocked,fc_blocked,0,"{""Q0"":""material""}",category_organization_2x2,cake,food_drink
ROW40126,1855,survey-multi-choice,24,103007,0,P1866,STUDY0009,SESS1489,forced_choice,random,fc_random,0,"{""Q0"":""shape""}",category_organization_2x2,rat,other
ROW40127,900,html-button-response,25,103908,0,P1866,STUDY0009,SESS1489,forced_choice,random,fc_random,0,0,,,
ROW40128,3783,instructions,26,107692,0,P1866,STUDY0009,SESS1489,forced_choice,random,fc_random,0,,,,
ROW40129,1476,html-button-response,19,103950,0,P1770,STUDY0009,SESS1447,forced_choice,semantic_blocked,fc_blocked,0,0,category_section_intro,,body_parts
ROW40130,4848,survey-multi-choice,18,102472,0,P1770,STUDY0009,SESS1447,forced_choice,semantic_blocked,fc_blocked,0,"{""Q0"":""material""}",category_organization_2x2,meat,food_drink
ROW40131,4192,survey-multi-choice,20,108142,0,P1770,STUDY0009,SESS1447,forced_choice,semantic_blocked,fc_blocked,0,"{""Q0"":""shape""}",category_organization_2x2,breast,body_parts
ROW40132,2241,html-button-response,22,113656,0,P1770,STUDY0009,SESS1447,forced_choice,semantic_blocked,fc_blocked,0,0,category_section_intro,,household
ROW40133,3270,survey-multi-choice,21,111414,0,P1770,STUDY0009,SESS1447,forced_choice,semantic_blocked,fc_blocked,0,"{""Q0"":""shape""}",category_organization_2x2,finger,body_parts
ROW40134,3624,survey-multi-choice,23,117281,0,P1770,STUDY0009,SESS1447,forced_choice,semantic_blocked,fc_blocked,0,"{""Q0"":""material""}",category_organization_2x2,hammer,household
ROW40135,3999,survey-multi-choice,24,121281,0,P1770,STUDY0009,SESS1447,forced_choice,semantic_blocked,fc_blocked,0,"{""Q0"":""material""}",category_organization_2x2,towel,household
ROW40136,1624,html-button-response,25,122906,0,P1770,STUDY0009,SESS1447,forced_choice,semantic_blocked,fc_blocked,0,0,category_section_intro,,outside
ROW40137,38330,survey-multi-choice,27,165460,0,P1770,STUDY0009,SESS1447,forced_choice,semantic_blocked,fc_blocked,0,"{""Q0"":""material""}",category_organization_2x2,sprinkler,outside
ROW40138,4221,survey-multi-choice,26,127129,0,P1770,STUDY0009,SESS1447,forced_choice,semantic_blocked,fc_blocked,0,"{""Q0"":""shape""}",category_organization_2x2,bank,outside
ROW40139,2214,html-button-response,28,167675,0,P1770,STUDY0009,SESS1447,forced_choice,semantic_blocked,fc_blocked,0,0,category_section_intro,,other
ROW40140,3470,survey-multi-choice,29,171146,0,P1770,STUDY0009,SESS1447,forced_choice,semantic_blocked,fc_blocked,0,"{""Q0"":""shape""}",category_organization_2x2,guinea pig,other
ROW40141,3040,survey-multi-choice,30,174188,0,P1770,STUDY0009,SESS1447,forced_choice,semantic_blocked,fc_blocked,0,"{""Q0"":""shape""}",category_organization_2x2,reindeer,other
ROW40142,3805,survey-multi-choice,31,177994,0,P1770,STUDY0009,SESS1447,forced_choice,semantic_blocked,fc_blocked,0,"{""Q0"":""shape""}",category_organization_2x2,tram,other
ROW40143,3193,survey-multi-choice,32,181188,0,P1770,STUDY0009,SESS1447,forced_choice,semantic_blocked,fc_blocked,0,"{""Q0"":""none of these""}",category_organization_2x2,lavender,attention_check
ROW40144,1460,html-button-response,33,182649,0,P1770,STUDY0009,SESS1447,forced_choice,semantic_blocked,fc_blocked,0,0,,,
ROW40145,3355,instructions,34,186005,0,P1770,STUDY0009,SESS1447,forced_choice,semantic_blocked,fc_blocked,0,,,,
ROW40146,2776,instructions,0,2778,0,P1638,STUDY0009,SESS1456,multi_select,semantic_blocked,ms_blocked,0,,,,
ROW40147,7446,html-button-response,1,10225,0,P1638,STUDY0009,SESS1456,multi_select,semantic_blocked,ms_blocked,0,0,precautions_survey,,
ROW40148,4066,html-button-response,3,30273,0,P1638,STUDY0009,SESS1456,multi_select,semantic_blocked,ms_blocked,0,0,lavender_instruction,,
ROW40149,15982,html-button-response,2,26207,0,P1638,STUDY0009,SESS1456,multi_select,semantic_blocked,ms_blocked,0,0,vocabulary_classification_criteria,,
ROW40150,3584,html-button-response,4,33858,0,P1638,STUDY0009,SESS1456,multi_select,semantic_blocked,ms_blocked,0,0,category_section_intro,,vehicles
ROW40151,15679,survey-multi-select,5,49539,0,P1638,STUDY0009,SESS1456,multi_select,semantic_blocked,ms_blocked,0,"{""Q0"":[""shape"",""material""]}",category_organization_2x2,train,vehicles
ROW40152,4200,html-button-response,6,53740,0,P1638,STUDY0009,SESS1456,multi_select,semantic_blocked,ms_blocked,0,0,category_section_intro,,toys
ROW40153,9868,survey-multi-select,7,63609,0,P1638,STUDY0009,SESS1456,multi_select,semantic_blocked,ms_blocked,0,"{""Q0"":[""shape"",""color"",""material""]}",category_organization_2x2,cook,toys
ROW40154,4679,survey-multi-select,8,68289,0,P1638,STUDY0009,SESS1456,multi_select,semantic_blocked,ms_blocked,0,"{""Q0"":[""color"",""material""]}",category_organization_2x2,mold,toys
ROW40155,6000,survey-multi-select,9,74290,0,P1638,STUDY0009,SESS1456,multi_select,semantic_blocked,ms_blocked,0,"{""Q0"":[""shape"",""material""]}",category_organization_2x2,music,toys
ROW40156,2264,html-button-response,10,76554,0,P1638,STUDY0009,SESS1456,multi_select,semantic_blocked,ms_blocked,0,0,category_section_intro,,animals
ROW40157,4576,survey-multi-select,11,81131,0,P1638,STUDY0009,SESS1456,multi_select,semantic_blocked,ms_blocked,0,"{""Q0"":[""shape"",""color"",""material""]}",category_organization_2x2,bee,animals
ROW40158,4050,survey-multi-select,12,85182,0,P1638,STUDY0009,SESS1456,multi_select,semantic_blocked,ms_blocked,0,"{""Q0"":[""shape"",""color"",""material""]}",category_organization_2x2,spider,animals
ROW40159,1325,html-button-response,13,86507,0,P1638,STUDY0009,SESS1456,multi_select,semantic_blocked,ms_blocked,0,0,category_section_intro,,clothing
ROW40160,3481,survey-multi-select,14,89988,0,P1638,STUDY0009,SESS1456,multi_select,semantic_blocked,ms_blocked,0,"{""Q0"":[""shape"",""material""]}",category_organization_2x2,jacket,clothing
ROW40161,1348,html-button-response,15,91337,0,P1638,STUDY0009,SESS1456,multi_select,semantic_blocked,ms_blocked,0,0,category_section_intro,,food_drink
ROW40162,3202,survey-multi-select,16,94540,0,P1638,STUDY0009,SESS1456,multi_select,semantic_blocked,ms_blocked,0,"{""Q0"":[""shape"",""color"",""material""]}",category_organization_2x2,chickpea,food_drink
ROW40163,3164,survey-multi-select,17,97704,0,P1638,STUDY0009,SESS1456,multi_select,semantic_blocked,ms_blocked,0,"{""Q0"":[""shape"",""color"",""material""]}",category_organization_2x2,compote,food_drink
ROW40164,1253,html-button-response,18,98958,0,P1638,STUDY0009,SESS1456,multi_select,semantic_blocked,ms_blocked,0,0,category_section_intro,,body_parts
ROW40165,9840,survey-multi-select,19,108798,0,P1638,STUDY0009,SESS1456,multi_select,semantic_blocked,ms_blocked,0,"{""Q0"":[""shape""]}",category_organization_2x2,knee,body_parts
ROW40166,921,html-button-response,20,109720,0,P1638,STUDY0009,SESS1456,multi_select,semantic_blocked,ms_blocked,0,0,category_section_intro,,household
ROW40167,4289,survey-multi-select,21,114010,0,P1638,STUDY0009,SESS1456,multi_select,semantic_blocked,ms_blocked,0,"{""Q0"":[""shape"",""material""]}",category_organization_2x2,broom,household
ROW40168,4657,survey-multi-select,22,118668,0,P1638,STUDY0009,SESS1456,multi_select,semantic_blocked,ms_blocked,0,"{""Q0"":[""shape"",""material""]}",category_organization_2x2,chopstick,household
ROW40169,2991,survey-multi-select,23,121660,0,P1638,STUDY0009,SESS1456,multi_select,semantic_blocked,ms_blocked,0,"{""Q0"":[""shape"",""material""]}",category_organization_2x2,straw,household
ROW40170,12705,survey-multi-select,24,134365,0,P1638,STUDY0009,SESS1456,multi_select,semantic_blocked,ms_blocked,0,"{""Q0"":[""shape"",""color"",""material""]}",category_organization_2x2,tape (object),household
ROW40171,7147,survey-multi-select,25,141513,0,P1638,STUDY0009,SESS1456,multi_select,semantic_blocked,ms_blocked,0,"{""Q0"":[""shape"",""color""]}",category_organization_2x2,video,household
ROW40172,848,html-button-response,26,142361,0,P1638,STUDY0009,SESS1456,multi_select,semantic_blocked,ms_blocked,0,0,category_section_intro,,outside
ROW40173,3223,survey-multi-select,27,145585,0,P1638,STUDY0009,SESS1456,multi_select,semantic_blocked,ms_blocked,0,"{""Q0"":[""shape"",""color"",""material""]}",category_organization_2x2,bush,outside
ROW40174,2669,survey-multi-select,28,148255,0,P1638,STUDY0009,SESS1456,multi_select,semantic_blocked,ms_blocked,0,"{""Q0"":[""shape"",""color"",""material""]}",category_organization_2x2,pool,outside
ROW40175,5160,survey-multi-select,29,153416,0,P1638,STUDY0009,SESS1456,multi_select,semantic_blocked,ms_blocked,0,"{""Q0"":[""shape"",""color"",""material""]}",category_organization_2x2,rock (object),outside
ROW40176,4258,survey-multi-select,30,157675,0,P1638,STUDY0009,SESS1456,multi_select,semantic_blocked,ms_blocked,0,"{""Q0"":[""shape"",""color"",""material""]}",category_organization_2x2,waves,outside
ROW40177,795,html-button-response,31,158470,0,P1638,STUDY0009,SESS1456,multi_select,semantic_blocked,ms_blocked,0,0,category_section_intro,,other
ROW40178,3285,survey-multi-select,32,161756,0,P1638,STUDY0009,SESS1456,multi_select,semantic_blocked,ms_blocked,0,"{""Q0"":[""shape"",""color"",""material""]}",category_organization_2x2,lizard,other
ROW40179,757,html-button-response,34,164801,0,P1638,STUDY0009,SESS1456,multi_select,semantic_blocked,ms_blocked,0,0,,,
ROW40180,2287,survey-multi-select,33,164043,0,P1638,STUDY0009,SESS1456,multi_select,semantic_blocked,ms_blocked,0,"{""Q0"":[""none of these""]}",category_organization_2x2,lavender,attention_check
ROW40181,5018,instructions,35,169819,0,P1638,STUDY0009,SESS1456,multi_select,semantic_blocked,ms_blocked,0,,,,
ROW40182,5992,instructions,0,5997,0,P1189,STUDY0009,SESS1444,multi_select,semantic_blocked,ms_blocked,0,,,,
ROW40183,6505,html-button-response,4,93835,0,P1189,STUDY0009,SESS1444,multi_select,semantic_blocked,ms_blocked,0,0,category_section_intro,,vehicles
ROW40184,6627,survey-multi-select,5,100467,0,P1189,STUDY0009,SESS1444,multi_select,semantic_blocked,ms_blocked,0,"{""Q0"":[""shape""]}",category_organization_2x2,kayak,vehicles
ROW40185,70043,html-button-response,2,82712,0,P1189,STUDY0009,SESS1444,multi_select,semantic_blocked,ms_blocked,0,0,vocabulary_classification_criteria,,
ROW40186,6666,html-button-response,1,12667,0,P1189,STUDY0009,SESS1444,multi_select,semantic_blocked,ms_blocked,0,0,precautions_survey,,
ROW40187,4474,survey-multi-select,8,113488,0,P1189,STUDY0009,SESS1444,multi_select,semantic_blocked,ms_blocked,0,"{""Q0"":[""shape"",""color""]}",category_organization_2x2,swallow (animal),animals
ROW40188,3377,survey-multi-select,6,103847,0,P1189,STUDY0009,SESS1444,multi_select,semantic_blocked,ms_blocked,0,"{""Q0"":[""shape""]}",category_organization_2x2,tricycle,vehicles
ROW40189,5162,html-button-response,7,109011,0,P1189,STUDY0009,SESS1444,multi_select,semantic_blocked,ms_blocked,0,0,category_section_intro,,animals
ROW40190,4615,html-button-response,3,87328,0,P1189,STUDY0009,SESS1444,multi_select,semantic_blocked,ms_blocked,0,0,lavender_instruction,,
ROW40191,3211,html-button-response,9,116702,0,P1189,STUDY0009,SESS1444,multi_select,semantic_blocked,ms_blocked,0,0,category_section_intro,,clothing
ROW40192,4652,survey-multi-select,13,132412,0,P1189,STUDY0009,SESS1444,multi_select,semantic_blocked,ms_blocked,0,"{""Q0"":[""shape"",""material""]}",category_organization_2x2,crib,furniture_rooms
ROW40193,4651,survey-multi-select,11,126687,0,P1189,STUDY0009,SESS1444,multi_select,semantic_blocked,ms_blocked,0,"{""Q0"":[""shape"",""material""]}",category_organization_2x2,snowsuit,clothing
ROW40194,5328,survey-multi-select,10,122032,0,P1189,STUDY0009,SESS1444,multi_select,semantic_blocked,ms_blocked,0,"{""Q0"":[""material""]}",category_organization_2x2,earring,clothing
ROW40195,891,html-button-response,15,137385,0,P1189,STUDY0009,SESS1444,multi_select,semantic_blocked,ms_blocked,0,0,category_section_intro,,food_drink
ROW40196,2714,survey-multi-select,16,140101,0,P1189,STUDY0009,SESS1444,multi_select,semantic_blocked,ms_blocked,0,"{""Q0"":[""shape"",""color""]}",category_organization_2x2,pear,food_drink
ROW40197,4076,survey-multi-select,14,136493,0,P1189,STUDY0009,SESS1444,multi_select,semantic_blocked,ms_blocked,0,"{""Q0"":[""material""]}",category_organization_2x2,gas,furniture_rooms
ROW40198,3070,survey-multi-select,17,143174,0,P1189,STUDY0009,SESS1444,multi_select,semantic_blocked,ms_blocked,0,"{""Q0"":[""shape"",""color""]}",category_organization_2x2,scallion,food_drink
ROW40199,1070,html-button-response,12,127758,0,P1189,STUDY0009,SESS1444,multi_select,semantic_blocked,ms_blocked,0,0,category_section_intro,,furniture_rooms
ROW40200,1056,html-button-response,18,144232,0,P1189,STUDY0009,SESS1444,multi_select,semantic_blocked,ms_blocked,0,0,category_section_intro,,body_parts
ROW40201,5328,survey-multi-select,19,149561,0,P1189,STUDY0009,SESS1444,multi_select,semantic_blocked,ms_blocked,0,"{""Q0"":[""shape""]}",category_organization_2x2,ankle,body_parts
ROW40202,3478,survey-multi-select,21,154100,0,P1189,STUDY0009,SESS1444,multi_select,semantic_blocked,ms_blocked,0,"{""Q0"":[""shape"",""material""]}",category_organization_2x2,chopstick,household
ROW40203,1057,html-button-response,20,150620,0,P1189,STUDY0009,SESS1444,multi_select,semantic_blocked,ms_blocked,0,0,category_section_intro,,household
ROW40204,4691,survey-multi-select,24,165909,0,P1189,STUDY0009,SESS1444,multi_select,semantic_blocked,ms_blocked,0,"{""Q0"":[""shape"",""material""]}",category_organization_2x2,key,household
ROW40205,3071,survey-multi-select,22,157173,0,P1189,STUDY0009,SESS1444,multi_select,semantic_blocked,ms_blocked,0,"{""Q0"":[""shape"",""material""]}",category_organization_2x2,chopstick,household
ROW40206,4040,survey-multi-select,23,161215,0,P1189,STUDY0009,SESS1444,multi_select,semantic_blocked,ms_blocked,0,"{""Q0"":[""material""]}",category_organization_2x2,cotton,household
ROW40207,3546,instructions,0,3548,0,P1518,STUDY0009,SESS1461,multi_select,random,ms_random,0,,,,
ROW40208,12074,html-button-response,1,15624,0,P1518,STUDY0009,SESS1461,multi_select,random,ms_random,0,0,precautions_survey,,
ROW40209,7937,survey-multi-select,4,51361,0,P1518,STUDY0009,SESS1461,multi_select,random,ms_random,0,"{""Q0"":[""material""]}",category_organization_2x2,pacifier,household
ROW40210,6602,survey-multi-select,5,57966,0,P1518,STUDY0009,SESS1461,multi_select,random,ms_random,0,"{""Q0"":[""shape"",""color""]}",category_organization_2x2,eye,body_parts
ROW40211,18574,html-button-response,2,34199,0,P1518,STUDY0009,SESS1461,multi_select,random,ms_random,0,0,vocabulary_classification_criteria,,
ROW40212,9221,html-button-response,3,43421,0,P1518,STUDY0009,SESS1461,multi_select,random,ms_random,0,0,lavender_instruction,,
ROW40213,3426,survey-multi-select,25,169338,0,P1189,STUDY0009,SESS1444,multi_select,semantic_blocked,ms_blocked,0,"{""Q0"":[""shape"",""material""]}",category_organization_2x2,pill,household
ROW40214,942,html-button-response,26,170281,0,P1189,STUDY0009,SESS1444,multi_select,semantic_blocked,ms_blocked,0,0,category_section_intro,,outside
ROW40215,10518,survey-multi-select,6,68486,0,P1518,STUDY0009,SESS1461,multi_select,random,ms_random,0,"{""Q0"":[""none of these""]}",category_organization_2x2,cockroach,animals
ROW40216,6798,survey-multi-select,7,75286,0,P1518,STUDY0009,SESS1461,multi_select,random,ms_random,0,"{""Q0"":[""shape""]}",category_organization_2x2,palm,body_parts
ROW40217,4024,survey-multi-select,28,177255,0,P1189,STUDY0009,SESS1444,multi_select,semantic_blocked,ms_blocked,0,"{""Q0"":[""material""]}",category_organization_2x2,rain,outside
ROW40218,7310,survey-multi-select,9,90100,0,P1518,STUDY0009,SESS1461,multi_select,random,ms_random,0,"{""Q0"":[""color"",""material""]}",category_organization_2x2,butter,food_drink
ROW40219,7500,survey-multi-select,8,82788,0,P1518,STUDY0009,SESS1461,multi_select,random,ms_random,0,"{""Q0"":[""shape"",""color""]}",category_organization_2x2,watch (object),household
ROW40220,904,html-button-response,30,182393,0,P1189,STUDY0009,SESS1444,multi_select,semantic_blocked,ms_blocked,0,0,category_section_intro,,other
ROW40221,7257,survey-multi-select,11,103426,0,P1518,STUDY0009,SESS1461,multi_select,random,ms_random,0,"{""Q0"":[""shape"",""material""]}",category_organization_2x2,pita,other
ROW40222,6066,survey-multi-select,10,96168,0,P1518,STUDY0009,SESS1461,multi_select,random,ms_random,0,"{""Q0"":[""color""]}",category_organization_2x2,smoke,outside
ROW40223,2942,survey-multi-select,27,173226,0,P1189,STUDY0009,SESS1444,multi_select,semantic_blocked,ms_blocked,0,"{""Q0"":[""none of these""]}",category_organization_2x2,accident,outside
ROW40224,4231,survey-multi-select,29,181488,0,P1189,STUDY0009,SESS1444,multi_select,semantic_blocked,ms_blocked,0,"{""Q0"":[""material""]}",category_organization_2x2,sprinkler,outside
ROW40225,5164,survey-multi-select,12,108593,0,P1518,STUDY0009,SESS1461,multi_select,random,ms_random,0,"{""Q0"":[""shape"",""material""]}",category_organization_2x2,rake (object),toys
ROW40226,2968,survey-multi-select,32,188997,0,P1189,STUDY0009,SESS1444,multi_select,semantic_blocked,ms_blocked,0,"{""Q0"":[""shape""]}",category_organization_2x2,pelican,other
ROW40227,3630,survey-multi-select,31,186026,0,P1189,STUDY0009,SESS1444,multi_select,semantic_blocked,ms_blocked,0,"{""Q0"":[""shape""]}",category_organization_2x2,hill,other
ROW40228,4566,survey-multi-select,13,113160,0,P1518,STUDY0009,SESS1461,multi_select,random,ms_random,0,"{""Q0"":[""shape"",""color"",""material""]}",category_organization_2x2,diaper,clothing
ROW40229,3848,survey-multi-select,14,117011,0,P1518,STUDY0009,SESS1461,multi_select,random,ms_random,0,"{""Q0"":[""shape"",""color"",""material""]}",category_organization_2x2,clothing,clothing
ROW40230,4839,survey-multi-select,16,126075,0,P1518,STUDY0009,SESS1461,multi_select,random,ms_random,0,"{""Q0"":[""shape"",""color"",""material""]}",category_organization_2x2,jelly,food_drink
ROW40231,4221,survey-multi-select,15,121234,0,P1518,STUDY0009,SESS1461,multi_select,random,ms_random,0,"{""Q0"":[""shape"",""color""]}",category_organization_2x2,tooth,body_parts
ROW40232,3818,survey-multi-select,17,129894,0,P1518,STUDY0009,SESS1461,multi_select,random,ms_random,0,"{""Q0"":[""shape"",""material""]}",category_organization_2x2,couch,furniture_rooms
ROW40233,3796,survey-multi-select,18,133692,0,P1518,STUDY0009,SESS1461,multi_select,random,ms_random,0,"{""Q0"":[""shape"",""color""]}",category_organization_2x2,snail,animals
ROW40234,2025,survey-multi-select,33,191025,0,P1189,STUDY0009,SESS1444,multi_select,semantic_blocked,ms_blocked,0,"{""Q0"":[""none of these""]}",category_organization_2x2,lavender,attention_check
ROW40235,6518,survey-multi-select,19,140212,0,P1518,STUDY0009,SESS1461,multi_select,random,ms_random,0,"{""Q0"":[""shape""]}",category_organization_2x2,neck,body_parts
ROW40236,4861,survey-multi-select,20,145074,0,P1518,STUDY0009,SESS1461,multi_select,random,ms_random,0,"{""Q0"":[""shape"",""material""]}",category_organization_2x2,chair,furniture_rooms
ROW40237,2715,instructions,35,194977,0,P1189,STUDY0009,SESS1444,multi_select,semantic_blocked,ms_blocked,0,,,,
ROW40238,1235,html-button-response,34,192261,0,P1189,STUDY0009,SESS1444,multi_select,semantic_blocked,ms_blocked,0,0,,,
ROW40239,7436,survey-multi-select,21,152512,0,P1518,STUDY0009,SESS1461,multi_select,random,ms_random,0,"{""Q0"":[""shape"",""material""]}",category_organization_2x2,washing machine,furniture_rooms
ROW40240,5516,survey-multi-select,22,158029,0,P1518,STUDY0009,SESS1461,multi_select,random,ms_random,0,"{""Q0"":[""shape"",""material""]}",category_organization_2x2,crane,vehicles
ROW40241,5286,survey-multi-select,24,165283,0,P1518,STUDY0009,SESS1461,multi_select,random,ms_random,0,"{""Q0"":[""color""]}",category_organization_2x2,plum,food_drink
ROW40242,1965,survey-multi-select,23,159996,0,P1518,STUDY0009,SESS1461,multi_select,random,ms_random,0,"{""Q0"":[""none of these""]}",category_organization_2x2,lavender,attention_check
ROW40243,750,html-button-response,25,166034,0,P1518,STUDY0009,SESS1461,multi_select,random,ms_random,0,0,,,
ROW40244,3656,instructions,26,169691,0,P1518,STUDY0009,SESS1461,multi_select,random,ms_random,0,,,,
ROW40245,6403,html-button-response,1,8935,0,P0946,STUDY0009,SESS1460,multi_select,semantic_blocked,ms_blocked,0,0,precautions_survey,,
ROW40246,10920,html-button-response,2,19857,0,P0946,STUDY0009,SESS1460,multi_select,semantic_blocked,ms_blocked,0,0,vocabulary_classification_criteria,,
ROW40247,9169,html-button-response,4,35953,0,P0946,STUDY0009,SESS1460,multi_select,semantic_blocked,ms_blocked,0,0,category_section_intro,,vehicles
ROW40248,6150,survey-multi-select,5,42107,0,P0946,STUDY0009,SESS1460,multi_select,semantic_blocked,ms_blocked,0,"{""Q0"":[""material""]}",category_organization_2x2,crane,vehicles
ROW40249,2527,instructions,0,2530,0,P0946,STUDY0009,SESS1460,multi_select,semantic_blocked,ms_blocked,0,,,,
ROW40250,6925,html-button-response,3,26783,0,P0946,STUDY0009,SESS1460,multi_select,semantic_blocked,ms_blocked,0,0,lavender_instruction,,
ROW40251,8992,html-button-response,6,51100,0,P0946,STUDY0009,SESS1460,multi_select,semantic_blocked,ms_blocked,0,0,category_section_intro,,toys
ROW40252,5349,html-button-response,8,61486,0,P0946,STUDY0009,SESS1460,multi_select,semantic_blocked,ms_blocked,0,0,category_section_intro,,animals
ROW40253,5034,survey-multi-select,7,56136,0,P0946,STUDY0009,SESS1460,multi_select,semantic_blocked,ms_blocked,0,"{""Q0"":[""shape"",""color"",""material""]}",category_organization_2x2,rake (object),toys
ROW40254,6526,survey-multi-select,9,68014,0,P0946,STUDY0009,SESS1460,multi_select,semantic_blocked,ms_blocked,0,"{""Q0"":[""shape"",""color""]}",category_organization_2x2,cockroach,animals
ROW40255,5582,survey-multi-select,10,73598,0,P0946,STUDY0009,SESS1460,multi_select,semantic_blocked,ms_blocked,0,"{""Q0"":[""shape""]}",category_organization_2x2,snail,animals
ROW40256,1613,html-button-response,11,75212,0,P0946,STUDY0009,SESS1460,multi_select,semantic_blocked,ms_blocked,0,0,category_section_intro,,clothing
ROW40257,7506,survey-multi-select,12,82720,0,P0946,STUDY0009,SESS1460,multi_select,semantic_blocked,ms_blocked,0,"{""Q0"":[""color"",""material""]}",category_organization_2x2,clothing,clothing
ROW40258,3915,survey-multi-select,13,86638,0,P0946,STUDY0009,SESS1460,multi_select,semantic_blocked,ms_blocked,0,"{""Q0"":[""material""]}",category_organization_2x2,diaper,clothing
ROW40259,1337,html-button-response,14,87976,0,P0946,STUDY0009,SESS1460,multi_select,semantic_blocked,ms_blocked,0,0,category_section_intro,,furniture_rooms
ROW40260,2524,survey-multi-select,16,94932,0,P0946,STUDY0009,SESS1460,multi_select,semantic_blocked,ms_blocked,0,"{""Q0"":[""color"",""material""]}",category_organization_2x2,couch,furniture_rooms
ROW40261,4428,survey-multi-select,15,92406,0,P0946,STUDY0009,SESS1460,multi_select,semantic_blocked,ms_blocked,0,"{""Q0"":[""color"",""material""]}",category_organization_2x2,chair,furniture_rooms
ROW40262,7458,survey-multi-select,17,102392,0,P0946,STUDY0009,SESS1460,multi_select,semantic_blocked,ms_blocked,0,"{""Q0"":[""shape""]}",category_organization_2x2,washing machine,furniture_rooms
ROW40263,1165,html-button-response,18,103558,0,P0946,STUDY0009,SESS1460,multi_select,semantic_blocked,ms_blocked,0,0,category_section_intro,,food_drink
ROW40264,5554,survey-multi-select,19,109114,0,P0946,STUDY0009,SESS1460,multi_select,semantic_blocked,ms_blocked,0,"{""Q0"":[""color""]}",category_organization_2x2,butter,food_drink
ROW40265,3146,survey-multi-select,20,112262,0,P0946,STUDY0009,SESS1460,multi_select,semantic_blocked,ms_blocked,0,"{""Q0"":[""color""]}",category_organization_2x2,jelly,food_drink
ROW40266,7956,survey-multi-select,21,120220,0,P0946,STUDY0009,SESS1460,multi_select,semantic_blocked,ms_blocked,0,"{""Q0"":[""shape"",""color""]}",category_organization_2x2,plum,food_drink
ROW40267,1123,html-button-response,22,121344,0,P0946,STUDY0009,SESS1460,multi_select,semantic_blocked,ms_blocked,0,0,category_section_intro,,body_parts
ROW40268,3146,survey-multi-select,23,124492,0,P0946,STUDY0009,SESS1460,multi_select,semantic_blocked,ms_blocked,0,"{""Q0"":[""color""]}",category_organization_2x2,eye,body_parts
ROW40269,3502,survey-multi-select,24,127996,0,P0946,STUDY0009,SESS1460,multi_select,semantic_blocked,ms_blocked,0,"{""Q0"":[""shape""]}",category_organization_2x2,neck,body_parts
ROW40270,6945,survey-multi-select,25,134944,0,P0946,STUDY0009,SESS1460,multi_select,semantic_blocked,ms_blocked,0,"{""Q0"":[""none of these""]}",category_organization_2x2,palm,body_parts
ROW40271,4036,survey-multi-select,26,138982,0,P0946,STUDY0009,SESS1460,multi_select,semantic_blocked,ms_blocked,0,"{""Q0"":[""color"",""material""]}",category_organization_2x2,tooth,body_parts
ROW40272,1053,html-button-response,27,140036,0,P0946,STUDY0009,SESS1460,multi_select,semantic_blocked,ms_blocked,0,0,category_section_intro,,household
ROW40273,3830,survey-multi-select,28,143868,0,P0946,STUDY0009,SESS1460,multi_select,semantic_blocked,ms_blocked,0,"{""Q0"":[""material""]}",category_organization_2x2,pacifier,household
ROW40274,4414,survey-multi-select,29,148284,0,P0946,STUDY0009,SESS1460,multi_select,semantic_blocked,ms_blocked,0,"{""Q0"":[""color"",""material""]}",category_organization_2x2,watch (object),household
ROW40275,911,html-button-response,30,149195,0,P0946,STUDY0009,SESS1460,multi_select,semantic_blocked,ms_blocked,0,0,category_section_intro,,outside
ROW40276,7907,survey-multi-select,31,157104,0,P0946,STUDY0009,SESS1460,multi_select,semantic_blocked,ms_blocked,0,"{""Q0"":[""color""]}",category_organization_2x2,smoke,outside
ROW40277,1189,html-button-response,32,158293,0,P0946,STUDY0009,SESS1460,multi_select,semantic_blocked,ms_blocked,0,0,category_section_intro,,other
ROW40278,5678,survey-multi-select,33,163974,0,P0946,STUDY0009,SESS1460,multi_select,semantic_blocked,ms_blocked,0,"{""Q0"":[""none of these""]}",category_organization_2x2,pita,other
ROW40279,1281,html-button-response,35,167617,0,P0946,STUDY0009,SESS1460,multi_select,semantic_blocked,ms_blocked,0,0,,,
ROW40280,2360,survey-multi-select,34,166335,0,P0946,STUDY0009,SESS1460,multi_select,semantic_blocked,ms_blocked,0,"{""Q0"":[""none of these""]}",category_organization_2x2,lavender,attention_check
ROW40281,2392,instructions,36,170009,0,P0946,STUDY0009,SESS1460,multi_select,semantic_blocked,ms_blocked,0,,,,
ROW40282,14215,instructions,0,14217,0,P1296,STUDY0009,SESS1410,multi_select,random,ms_random,0,,,,
ROW40283,9958,html-button-response,3,59346,0,P1296,STUDY0009,SESS1410,multi_select,random,ms_random,0,0,lavender_instruction,,
ROW40284,13049,html-button-response,1,27267,0,P1296,STUDY0009,SESS1410,multi_select,random,ms_random,0,0,precautions_survey,,
ROW40285,22117,html-button-response,2,49386,0,P1296,STUDY0009,SESS1410,multi_select,random,ms_random,0,0,vocabulary_classification_criteria,,
ROW40286,15156,survey-multi-select,4,74571,0,P1296,STUDY0009,SESS1410,multi_select,random,ms_random,0,"{""Q0"":[""shape""]}",category_organization_2x2,bidet,other
ROW40287,10491,survey-multi-select,5,85065,0,P1296,STUDY0009,SESS1410,multi_select,random,ms_random,0,"{""Q0"":[""material""]}",category_organization_2x2,mop (object),household
ROW40288,9894,survey-multi-select,6,94962,0,P1296,STUDY0009,SESS1410,multi_select,random,ms_random,0,"{""Q0"":[""color""]}",category_organization_2x2,pepper,food_drink
ROW40289,15964,survey-multi-select,7,110929,0,P1296,STUDY0009,SESS1410,multi_select,random,ms_random,0,"{""Q0"":[""color""]}",category_organization_2x2,police car,vehicles
ROW40290,15214,survey-multi-select,8,126146,0,P1296,STUDY0009,SESS1410,multi_select,random,ms_random,0,"{""Q0"":[""material""]}",category_organization_2x2,clothing,clothing
ROW40291,7789,survey-multi-select,9,133937,0,P1296,STUDY0009,SESS1410,multi_select,random,ms_random,0,"{""Q0"":[""shape""]}",category_organization_2x2,onion,food_drink
ROW40292,8516,survey-multi-select,10,142456,0,P1296,STUDY0009,SESS1410,multi_select,random,ms_random,0,"{""Q0"":[""color""]}",category_organization_2x2,lotion,other
ROW40293,4705,survey-multi-select,11,147162,0,P1296,STUDY0009,SESS1410,multi_select,random,ms_random,0,"{""Q0"":[""color""]}",category_organization_2x2,cherry,food_drink
ROW40294,11237,survey-multi-select,12,158401,0,P1296,STUDY0009,SESS1410,multi_select,random,ms_random,0,"{""Q0"":[""shape"",""material""]}",category_organization_2x2,kite,toys
ROW40295,10412,survey-multi-select,14,176114,0,P1296,STUDY0009,SESS1410,multi_select,random,ms_random,0,"{""Q0"":[""none of these""]}",category_organization_2x2,penguin,animals
ROW40296,7294,survey-multi-select,13,165699,0,P1296,STUDY0009,SESS1410,multi_select,random,ms_random,0,"{""Q0"":[""shape"",""material""]}",category_organization_2x2,rake (object),toys
ROW40297,12461,survey-multi-select,15,188577,0,P1296,STUDY0009,SESS1410,multi_select,random,ms_random,0,"{""Q0"":[""none of these""]}",category_organization_2x2,yard,outside
ROW40298,6621,survey-multi-select,16,195202,0,P1296,STUDY0009,SESS1410,multi_select,random,ms_random,0,"{""Q0"":[""color""]}",category_organization_2x2,compote,food_drink
ROW40299,6004,survey-multi-select,17,201210,0,P1296,STUDY0009,SESS1410,multi_select,random,ms_random,0,"{""Q0"":[""material""]}",category_organization_2x2,towel,household
ROW40300,6597,survey-multi-select,18,207809,0,P1296,STUDY0009,SESS1410,multi_select,random,ms_random,0,"{""Q0"":[""shape""]}",category_organization_2x2,boots,clothing
ROW40301,7143,survey-multi-select,19,214954,0,P1296,STUDY0009,SESS1410,multi_select,random,ms_random,0,"{""Q0"":[""color"",""material""]}",category_organization_2x2,belt,clothing
ROW40302,5949,survey-multi-select,20,220905,0,P1296,STUDY0009,SESS1410,multi_select,random,ms_random,0,"{""Q0"":[""none of these""]}",category_organization_2x2,lavender,attention_check
ROW40303,11093,survey-multi-select,21,232001,0,P1296,STUDY0009,SESS1410,multi_select,random,ms_random,0,"{""Q0"":[""none of these""]}",category_organization_2x2,llama,other
ROW40304,15620,survey-multi-select,22,247624,0,P1296,STUDY0009,SESS1410,multi_select,random,ms_random,0,"{""Q0"":[""none of these""]}",category_organization_2x2,microwave,furniture_rooms
ROW40305,7904,survey-multi-select,23,255530,0,P1296,STUDY0009,SESS1410,multi_select,random,ms_random,0,"{""Q0"":[""shape""]}",category_organization_2x2,potty,furniture_rooms
ROW40306,7164,survey-multi-select,24,262697,0,P1296,STUDY0009,SESS1410,multi_select,random,ms_random,0,"{""Q0"":[""color""]}",category_organization_2x2,kefir,food_drink
ROW40307,5045,html-button-response,25,267743,0,P1296,STUDY0009,SESS1410,multi_select,random,ms_random,0,0,,,
ROW40308,8127,instructions,26,275871,0,P1296,STUDY0009,SESS1410,multi_select,random,ms_random,0,,,,
ROW40309,4113,instructions,0,4115,0,P1503,STUDY0009,SESS1469,multi_select,random,ms_random,0,,,,
ROW40310,8931,html-button-response,1,13048,0,P1503,STUDY0009,SESS1469,multi_select,random,ms_random,0,0,precautions_survey,,
ROW40311,16965,html-button-response,2,30014,0,P1503,STUDY0009,SESS1469,multi_select,random,ms_random,0,0,vocabulary_classification_criteria,,
ROW40312,5715,html-button-response,3,35731,0,P1503,STUDY0009,SESS1469,multi_select,random,ms_random,0,0,lavender_instruction,,
ROW40313,12346,survey-multi-select,4,48070,0,P1503,STUDY0009,SESS1469,multi_select,random,ms_random,0,"{""Q0"":[""shape""]}",category_organization_2x2,toilet,furniture_rooms
ROW40314,5147,survey-multi-select,5,53216,0,P1503,STUDY0009,SESS1469,multi_select,random,ms_random,0,"{""Q0"":[""shape""]}",category_organization_2x2,neck,body_parts
ROW40315,7898,survey-multi-select,6,61113,0,P1503,STUDY0009,SESS1469,multi_select,random,ms_random,0,"{""Q0"":[""shape"",""material""]}",category_organization_2x2,fish (animal),animals
ROW40316,10881,survey-multi-select,8,77177,0,P1503,STUDY0009,SESS1469,multi_select,random,ms_random,0,"{""Q0"":[""color"",""material""]}",category_organization_2x2,sky,outside
ROW40317,5180,survey-multi-select,7,66295,0,P1503,STUDY0009,SESS1469,multi_select,random,ms_random,0,"{""Q0"":[""shape"",""color"",""material""]}",category_organization_2x2,ambulance,vehicles
ROW40319,4531,survey-multi-select,10,86476,0,P1503,STUDY0009,SESS1469,multi_select,random,ms_random,0,"{""Q0"":[""shape"",""color""]}",category_organization_2x2,camel,animals
ROW40318,4764,survey-multi-select,9,81943,0,P1503,STUDY0009,SESS1469,multi_select,random,ms_random,0,"{""Q0"":[""shape"",""color""]}",category_organization_2x2,possum,other
ROW40320,4197,survey-multi-select,11,90675,0,P1503,STUDY0009,SESS1469,multi_select,random,ms_random,0,"{""Q0"":[""none of these""]}",category_organization_2x2,push,food_drink
ROW40321,4831,survey-multi-select,12,95509,0,P1503,STUDY0009,SESS1469,multi_select,random,ms_random,0,"{""Q0"":[""shape""]}",category_organization_2x2,clock,household
ROW40322,3314,survey-multi-select,13,98825,0,P1503,STUDY0009,SESS1469,multi_select,random,ms_random,0,"{""Q0"":[""none of these""]}",category_organization_2x2,market,other
ROW40323,6548,survey-multi-select,14,105375,0,P1503,STUDY0009,SESS1469,multi_select,random,ms_random,0,"{""Q0"":[""shape"",""color"",""material""]}",category_organization_2x2,apricot,food_drink
ROW40324,5348,survey-multi-select,16,117642,0,P1503,STUDY0009,SESS1469,multi_select,random,ms_random,0,"{""Q0"":[""shape""]}",category_organization_2x2,pretzel,food_drink
ROW40325,6914,survey-multi-select,15,112292,0,P1503,STUDY0009,SESS1469,multi_select,random,ms_random,0,"{""Q0"":[""shape"",""material""]}",category_organization_2x2,bridge,outside
ROW40326,6381,survey-multi-select,17,124025,0,P1503,STUDY0009,SESS1469,multi_select,random,ms_random,0,"{""Q0"":[""material""]}",category_organization_2x2,play dough,toys
ROW40327,3080,survey-multi-select,18,127108,0,P1503,STUDY0009,SESS1469,multi_select,random,ms_random,0,"{""Q0"":[""none of these""]}",category_organization_2x2,lavender,attention_check
ROW40328,5315,survey-multi-select,19,132425,0,P1503,STUDY0009,SESS1469,multi_select,random,ms_random,0,"{""Q0"":[""shape""]}",category_organization_2x2,puzzle,toys
ROW40329,4448,survey-multi-select,20,136875,0,P1503,STUDY0009,SESS1469,multi_select,random,ms_random,0,"{""Q0"":[""shape""]}",category_organization_2x2,tricycle,vehicles
ROW40330,6247,survey-multi-select,21,143125,0,P1503,STUDY0009,SESS1469,multi_select,random,ms_random,0,"{""Q0"":[""shape""]}",category_organization_2x2,mask,clothing
ROW40331,9647,survey-multi-select,22,152775,0,P1503,STUDY0009,SESS1469,multi_select,random,ms_random,0,"{""Q0"":[""color"",""material""]}",category_organization_2x2,pomegranate,food_drink
ROW40332,4798,survey-multi-select,23,157575,0,P1503,STUDY0009,SESS1469,multi_select,random,ms_random,0,"{""Q0"":[""color"",""material""]}",category_organization_2x2,wood,household
ROW40333,9648,survey-multi-select,24,167225,0,P1503,STUDY0009,SESS1469,multi_select,random,ms_random,0,"{""Q0"":[""shape""]}",category_organization_2x2,face,body_parts
ROW40334,1015,html-button-response,25,168242,0,P1503,STUDY0009,SESS1469,multi_select,random,ms_random,0,0,,,
ROW40335,3349,instructions,26,171592,0,P1503,STUDY0009,SESS1469,multi_select,random,ms_random,0,,,,
ROW40336,10464,html-button-response,1,26930,0,P1509,STUDY0009,SESS1462,forced_choice,random,fc_random,0,0,precautions_survey,,
ROW40337,16460,instructions,0,16464,0,P1509,STUDY0009,SESS1462,forced_choice,random,fc_random,0,,,,
ROW40338,15166,html-button-response,2,42096,0,P1509,STUDY0009,SESS1462,forced_choice,random,fc_random,0,0,vocabulary_classification_criteria,,
ROW40339,7944,html-button-response,3,50042,0,P1509,STUDY0009,SESS1462,forced_choice,random,fc_random,0,0,lavender_instruction,,
ROW40340,6589,survey-multi-choice,5,70584,0,P1509,STUDY0009,SESS1462,forced_choice,random,fc_random,0,"{""Q0"":""material""}",category_organization_2x2,coconut,other
ROW40341,13949,survey-multi-choice,4,63993,0,P1509,STUDY0009,SESS1462,forced_choice,random,fc_random,0,"{""Q0"":""none of these""}",category_organization_2x2,drum (object),toys
ROW40342,2910,survey-multi-choice,6,73495,0,P1509,STUDY0009,SESS1462,forced_choice,random,fc_random,0,"{""Q0"":""material""}",category_organization_2x2,birch,other
ROW40343,6084,survey-multi-choice,7,79580,0,P1509,STUDY0009,SESS1462,forced_choice,random,fc_random,0,"{""Q0"":""shape""}",category_organization_2x2,football,other
ROW40344,3181,survey-multi-choice,8,82762,0,P1509,STUDY0009,SESS1462,forced_choice,random,fc_random,0,"{""Q0"":""material""}",category_organization_2x2,raincoat,clothing
ROW40345,5775,survey-multi-choice,9,88539,0,P1509,STUDY0009,SESS1462,forced_choice,random,fc_random,0,"{""Q0"":""none of these""}",category_organization_2x2,brain,body_parts
ROW40346,6318,survey-multi-choice,11,103892,0,P1509,STUDY0009,SESS1462,forced_choice,random,fc_random,0,"{""Q0"":""color""}",category_organization_2x2,painting,toys
ROW40347,9034,survey-multi-choice,10,97573,0,P1509,STUDY0009,SESS1462,forced_choice,random,fc_random,0,"{""Q0"":""material""}",category_organization_2x2,worm,animals
ROW40348,2961,survey-multi-choice,12,106854,0,P1509,STUDY0009,SESS1462,forced_choice,random,fc_random,0,"{""Q0"":""material""}",category_organization_2x2,diaper,clothing
ROW40349,3136,survey-multi-choice,13,109992,0,P1509,STUDY0009,SESS1462,forced_choice,random,fc_random,0,"{""Q0"":""none of these""}",category_organization_2x2,forehead,body_parts
ROW40350,3891,survey-multi-choice,14,113884,0,P1509,STUDY0009,SESS1462,forced_choice,random,fc_random,0,"{""Q0"":""material""}",category_organization_2x2,jeans,clothing
ROW40351,5437,survey-multi-choice,15,119321,0,P1509,STUDY0009,SESS1462,forced_choice,random,fc_random,0,"{""Q0"":""none of these""}",category_organization_2x2,drawer,furniture_rooms
ROW40352,2932,survey-multi-choice,16,122255,0,P1509,STUDY0009,SESS1462,forced_choice,random,fc_random,0,"{""Q0"":""none of these""}",category_organization_2x2,lavender,attention_check
ROW40353,6878,survey-multi-choice,17,129134,0,P1509,STUDY0009,SESS1462,forced_choice,random,fc_random,0,"{""Q0"":""none of these""}",category_organization_2x2,suburb,other
ROW40354,3763,survey-multi-choice,18,132898,0,P1509,STUDY0009,SESS1462,forced_choice,random,fc_random,0,"{""Q0"":""none of these""}",category_organization_2x2,closet,furniture_rooms
ROW40356,7084,survey-multi-choice,20,146263,0,P1509,STUDY0009,SESS1462,forced_choice,random,fc_random,0,"{""Q0"":""material""}",category_organization_2x2,beet,food_drink
ROW40357,4231,survey-multi-choice,21,150495,0,P1509,STUDY0009,SESS1462,forced_choice,random,fc_random,0,"{""Q0"":""material""}",category_organization_2x2,coke,food_drink
ROW40355,6280,survey-multi-choice,19,139178,0,P1509,STUDY0009,SESS1462,forced_choice,random,fc_random,0,"{""Q0"":""material""}",category_organization_2x2,apron,clothing
ROW40358,2404,survey-multi-choice,22,152900,0,P1509,STUDY0009,SESS1462,forced_choice,random,fc_random,0,"{""Q0"":""none of these""}",category_organization_2x2,closet,furniture_rooms
ROW40359,3721,survey-multi-choice,23,156623,0,P1509,STUDY0009,SESS1462,forced_choice,random,fc_random,0,"{""Q0"":""none of these""}",category_organization_2x2,duck,animals
ROW40360,4735,survey-multi-choice,24,161359,0,P1509,STUDY0009,SESS1462,forced_choice,random,fc_random,0,"{""Q0"":""material""}",category_organization_2x2,party,other
ROW40361,1186,html-button-response,25,162546,0,P1509,STUDY0009,SESS1462,forced_choice,random,fc_random,0,0,,,
ROW40362,5333,instructions,26,167879,0,P1509,STUDY0009,SESS1462,forced_choice,random,fc_random,0,,,,
ROW40363,3263,html-button-response,1,4768,0,P0039,STUDY0009,SESS1458,multi_select,random,ms_random,0,0,precautions_survey,,
ROW40364,1503,instructions,0,1504,0,P0039,STUDY0009,SESS1458,multi_select,random,ms_random,0,,,,
ROW40365,12087,html-button-response,2,16856,0,P0039,STUDY0009,SESS1458,multi_select,random,ms_random,0,0,vocabulary_classification_criteria,,
ROW40366,5608,html-button-response,3,22464,0,P0039,STUDY0009,SESS1458,multi_select,random,ms_random,0,0,lavender_instruction,,
ROW40367,5598,survey-multi-select,4,28064,0,P0039,STUDY0009,SESS1458,multi_select,random,ms_random,0,"{""Q0"":[""material""]}",category_organization_2x2,yogurt,food_drink
ROW40368,6447,survey-multi-select,5,34512,0,P0039,STUDY0009,SESS1458,multi_select,random,ms_random,0,"{""Q0"":[""shape"",""material""]}",category_organization_2x2,jacket,clothing
ROW40369,3383,survey-multi-select,8,46256,0,P0039,STUDY0009,SESS1458,multi_select,random,ms_random,0,"{""Q0"":[""shape""]}",category_organization_2x2,eye,body_parts
ROW40370,4151,survey-multi-select,7,42872,0,P0039,STUDY0009,SESS1458,multi_select,random,ms_random,0,"{""Q0"":[""none of these""]}",category_organization_2x2,rooster,animals
ROW40371,4207,survey-multi-select,6,38720,0,P0039,STUDY0009,SESS1458,multi_select,random,ms_random,0,"{""Q0"":[""shape""]}",category_organization_2x2,flag,outside
ROW40372,3415,survey-multi-select,9,49673,0,P0039,STUDY0009,SESS1458,multi_select,random,ms_random,0,"{""Q0"":[""material""]}",category_organization_2x2,palm,body_parts
ROW40373,4311,survey-multi-select,10,53985,0,P0039,STUDY0009,SESS1458,multi_select,random,ms_random,0,"{""Q0"":[""shape""]}",category_organization_2x2,zipper,clothing
ROW40374,3054,survey-multi-select,11,57041,0,P0039,STUDY0009,SESS1458,multi_select,random,ms_random,0,"{""Q0"":[""material""]}",category_organization_2x2,popsicle,food_drink
ROW40375,3998,survey-multi-select,12,61040,0,P0039,STUDY0009,SESS1458,multi_select,random,ms_random,0,"{""Q0"":[""shape"",""material""]}",category_organization_2x2,notebook,toys
ROW40376,3280,survey-multi-select,13,64321,0,P0039,STUDY0009,SESS1458,multi_select,random,ms_random,0,"{""Q0"":[""shape"",""color""]}",category_organization_2x2,bandaid,household
ROW40377,3368,survey-multi-select,14,67690,0,P0039,STUDY0009,SESS1458,multi_select,random,ms_random,0,"{""Q0"":[""shape"",""color""]}",category_organization_2x2,ham,food_drink
ROW40378,3605,survey-multi-select,15,71296,0,P0039,STUDY0009,SESS1458,multi_select,random,ms_random,0,"{""Q0"":[""shape"",""material""]}",category_organization_2x2,cupboard,furniture_rooms
ROW40379,5567,survey-multi-select,16,76864,0,P0039,STUDY0009,SESS1458,multi_select,random,ms_random,0,"{""Q0"":[""shape""]}",category_organization_2x2,eye,body_parts
ROW40380,2511,survey-multi-select,17,79376,0,P0039,STUDY0009,SESS1458,multi_select,random,ms_random,0,"{""Q0"":[""shape""]}",category_organization_2x2,cottage cheese,food_drink
ROW40381,2847,survey-multi-select,18,82225,0,P0039,STUDY0009,SESS1458,multi_select,random,ms_random,0,"{""Q0"":[""shape""]}",category_organization_2x2,stork,animals
ROW40382,3631,survey-multi-select,19,85856,0,P0039,STUDY0009,SESS1458,multi_select,random,ms_random,0,"{""Q0"":[""shape"",""color""]}",category_organization_2x2,trash can,household
ROW40383,3351,survey-multi-select,20,89208,0,P0039,STUDY0009,SESS1458,multi_select,random,ms_random,0,"{""Q0"":[""shape"",""material""]}",category_organization_2x2,crayon,toys
ROW40384,10264,survey-multi-select,21,99473,0,P0039,STUDY0009,SESS1458,multi_select,random,ms_random,0,"{""Q0"":[""shape"",""color"",""material"",""none of these""]}",category_organization_2x2,lavender,attention_check
ROW40385,5462,survey-multi-select,22,104936,0,P0039,STUDY0009,SESS1458,multi_select,random,ms_random,0,"{""Q0"":[""shape""]}",category_organization_2x2,knife,household
ROW40386,3695,survey-multi-select,23,108632,0,P0039,STUDY0009,SESS1458,multi_select,random,ms_random,0,"{""Q0"":[""shape""]}",category_organization_2x2,llama,other
ROW40387,2600,survey-multi-select,24,111232,0,P0039,STUDY0009,SESS1458,multi_select,random,ms_random,0,"{""Q0"":[""shape"",""material""]}",category_organization_2x2,shorts,clothing
ROW40388,975,html-button-response,25,112208,0,P0039,STUDY0009,SESS1458,multi_select,random,ms_random,0,0,,,
ROW40389,1816,instructions,26,114024,0,P0039,STUDY0009,SESS1458,multi_select,random,ms_random,0,,,,
ROW40390,2243,instructions,0,2244,0,P1715,STUDY0009,SESS1491,forced_choice,semantic_blocked,fc_blocked,0,,,,
ROW40391,672,html-button-response,1,2917,0,P1715,STUDY0009,SESS1491,forced_choice,semantic_blocked,fc_blocked,0,0,precautions_survey,,
ROW40392,4096,html-button-response,3,16849,0,P1715,STUDY0009,SESS1491,forced_choice,semantic_blocked,fc_blocked,0,0,lavender_instruction,,
ROW40393,9836,html-button-response,2,12753,0,P1715,STUDY0009,SESS1491,forced_choice,semantic_blocked,fc_blocked,0,0,vocabulary_classification_criteria,,
ROW40394,7111,html-button-response,4,23960,0,P1715,STUDY0009,SESS1491,forced_choice,semantic_blocked,fc_blocked,0,0,category_section_intro,,toys
ROW40395,6792,survey-multi-choice,5,30754,0,P1715,STUDY0009,SESS1491,forced_choice,semantic_blocked,fc_blocked,0,"{""Q0"":""material""}",category_organization_2x2,crayon,toys
ROW40396,1673,html-button-response,6,32427,0,P1715,STUDY0009,SESS1491,forced_choice,semantic_blocked,fc_blocked,0,0,category_section_intro,,animals
ROW40397,10538,survey-multi-choice,7,42965,0,P1715,STUDY0009,SESS1491,forced_choice,semantic_blocked,fc_blocked,0,"{""Q0"":""none of these""}",category_organization_2x2,calf,animals
ROW40398,6106,survey-multi-choice,8,49072,0,P1715,STUDY0009,SESS1491,forced_choice,semantic_blocked,fc_blocked,0,"{""Q0"":""color""}",category_organization_2x2,panda,animals
ROW40399,1033,html-button-response,9,50105,0,P1715,STUDY0009,SESS1491,forced_choice,semantic_blocked,fc_blocked,0,0,category_section_intro,,furniture_rooms
ROW40400,5962,survey-multi-choice,10,56068,0,P1715,STUDY0009,SESS1491,forced_choice,semantic_blocked,fc_blocked,0,"{""Q0"":""shape""}",category_organization_2x2,house,furniture_rooms
ROW40401,771,html-button-response,11,56839,0,P1715,STUDY0009,SESS1491,forced_choice,semantic_blocked,fc_blocked,0,0,category_section_intro,,food_drink
ROW40402,1953,survey-multi-choice,12,58793,0,P1715,STUDY0009,SESS1491,forced_choice,semantic_blocked,fc_blocked,0,"{""Q0"":""shape""}",category_organization_2x2,egg,food_drink
ROW40403,4149,survey-multi-choice,13,62943,0,P1715,STUDY0009,SESS1491,forced_choice,semantic_blocked,fc_blocked,0,"{""Q0"":""shape""}",category_organization_2x2,pizza,food_drink
ROW40404,5049,survey-multi-choice,14,67992,0,P1715,STUDY0009,SESS1491,forced_choice,semantic_blocked,fc_blocked,0,"{""Q0"":""material""}",category_organization_2x2,plantain,food_drink
ROW40405,3497,survey-multi-choice,15,71490,0,P1715,STUDY0009,SESS1491,forced_choice,semantic_blocked,fc_blocked,0,"{""Q0"":""material""}",category_organization_2x2,pork,food_drink
ROW40406,878,html-button-response,16,72368,0,P1715,STUDY0009,SESS1491,forced_choice,semantic_blocked,fc_blocked,0,0,category_section_intro,,household
ROW40407,2979,survey-multi-choice,17,75348,0,P1715,STUDY0009,SESS1491,forced_choice,semantic_blocked,fc_blocked,0,"{""Q0"":""shape""}",category_organization_2x2,hanger,household
ROW40408,2809,survey-multi-choice,18,78158,0,P1715,STUDY0009,SESS1491,forced_choice,semantic_blocked,fc_blocked,0,"{""Q0"":""shape""}",category_organization_2x2,jar,household
ROW40409,4324,survey-multi-choice,19,82482,0,P1715,STUDY0009,SESS1491,forced_choice,semantic_blocked,fc_blocked,0,"{""Q0"":""material""}",category_organization_2x2,medicine,household
ROW40410,3395,survey-multi-choice,20,85877,0,P1715,STUDY0009,SESS1491,forced_choice,semantic_blocked,fc_blocked,0,"{""Q0"":""shape""}",category_organization_2x2,pacifier,household
ROW40411,4596,survey-multi-choice,21,90474,0,P1715,STUDY0009,SESS1491,forced_choice,semantic_blocked,fc_blocked,0,"{""Q0"":""material""}",category_organization_2x2,picture,household
ROW40412,752,html-button-response,22,91226,0,P1715,STUDY0009,SESS1491,forced_choice,semantic_blocked,fc_blocked,0,0,category_section_intro,,outside
ROW40413,2577,survey-multi-choice,23,93803,0,P1715,STUDY0009,SESS1491,forced_choice,semantic_blocked,fc_blocked,0,"{""Q0"":""material""}",category_organization_2x2,ground,outside
ROW40414,3722,survey-multi-choice,24,97525,0,P1715,STUDY0009,SESS1491,forced_choice,semantic_blocked,fc_blocked,0,"{""Q0"":""shape""}",category_organization_2x2,moon,outside
ROW40415,656,html-button-response,25,98182,0,P1715,STUDY0009,SESS1491,forced_choice,semantic_blocked,fc_blocked,0,0,category_section_intro,,other
ROW40416,2780,survey-multi-choice,26,100962,0,P1715,STUDY0009,SESS1491,forced_choice,semantic_blocked,fc_blocked,0,"{""Q0"":""shape""}",category_organization_2x2,cigarette,other
ROW40417,2386,survey-multi-choice,27,103348,0,P1715,STUDY0009,SESS1491,forced_choice,semantic_blocked,fc_blocked,0,"{""Q0"":""color""}",category_organization_2x2,ginger,other
ROW40418,5349,survey-multi-choice,29,111937,0,P1715,STUDY0009,SESS1491,forced_choice,semantic_blocked,fc_blocked,0,"{""Q0"":""none of these""}",category_organization_2x2,plaza,other
ROW40419,3239,survey-multi-choice,28,106588,0,P1715,STUDY0009,SESS1491,forced_choice,semantic_blocked,fc_blocked,0,"{""Q0"":""shape""}",category_organization_2x2,ox,other
ROW40420,2135,survey-multi-choice,30,114072,0,P1715,STUDY0009,SESS1491,forced_choice,semantic_blocked,fc_blocked,0,"{""Q0"":""shape""}",category_organization_2x2,rat,other
ROW40421,2266,survey-multi-choice,31,116338,0,P1715,STUDY0009,SESS1491,forced_choice,semantic_blocked,fc_blocked,0,"{""Q0"":""none of these""}",category_organization_2x2,lavender,attention_check
ROW40422,741,html-button-response,32,117079,0,P1715,STUDY0009,SESS1491,forced_choice,semantic_blocked,fc_blocked,0,0,,,
ROW40423,1358,instructions,33,118437,0,P1715,STUDY0009,SESS1491,forced_choice,semantic_blocked,fc_blocked,0,,,,
ROW40424,13219,instructions,0,13221,0,P1202,STUDY0009,SESS1418,forced_choice,random,fc_random,0,,,,
ROW40425,28083,html-button-response,1,41306,0,P1202,STUDY0009,SESS1418,forced_choice,random,fc_random,0,0,precautions_survey,,
ROW40426,33894,html-button-response,2,75200,0,P1202,STUDY0009,SESS1418,forced_choice,random,fc_random,0,0,vocabulary_classification_criteria,,
ROW40427,25671,html-button-response,3,100873,0,P1202,STUDY0009,SESS1418,forced_choice,random,fc_random,0,0,lavender_instruction,,
ROW40428,9567,survey-multi-choice,4,110442,0,P1202,STUDY0009,SESS1418,forced_choice,random,fc_random,0,"{""Q0"":""material""}",category_organization_2x2,bread,food_drink
ROW40429,7513,survey-multi-choice,5,117957,0,P1202,STUDY0009,SESS1418,forced_choice,random,fc_random,0,"{""Q0"":""material""}",category_organization_2x2,hamburger,food_drink
ROW40430,10126,survey-multi-choice,6,128084,0,P1202,STUDY0009,SESS1418,forced_choice,random,fc_random,0,"{""Q0"":""shape""}",category_organization_2x2,doll,toys
ROW40431,10749,survey-multi-choice,7,138835,0,P1202,STUDY0009,SESS1418,forced_choice,random,fc_random,0,"{""Q0"":""material""}",category_organization_2x2,pita,other
ROW40432,6244,survey-multi-choice,8,145080,0,P1202,STUDY0009,SESS1418,forced_choice,random,fc_random,0,"{""Q0"":""shape""}",category_organization_2x2,table,furniture_rooms
ROW40433,5824,survey-multi-choice,9,150906,0,P1202,STUDY0009,SESS1418,forced_choice,random,fc_random,0,"{""Q0"":""shape""}",category_organization_2x2,door,furniture_rooms
ROW40434,7219,survey-multi-choice,10,158126,0,P1202,STUDY0009,SESS1418,forced_choice,random,fc_random,0,"{""Q0"":""shape""}",category_organization_2x2,noodles,food_drink
ROW40435,10468,survey-multi-choice,11,168595,0,P1202,STUDY0009,SESS1418,forced_choice,random,fc_random,0,"{""Q0"":""material""}",category_organization_2x2,thunder,outside
ROW40436,5366,survey-multi-choice,12,173962,0,P1202,STUDY0009,SESS1418,forced_choice,random,fc_random,0,"{""Q0"":""none of these""}",category_organization_2x2,lavender,attention_check
ROW40437,5507,survey-multi-choice,13,179471,0,P1202,STUDY0009,SESS1418,forced_choice,random,fc_random,0,"{""Q0"":""shape""}",category_organization_2x2,fork,household
ROW40438,7300,survey-multi-choice,14,186772,0,P1202,STUDY0009,SESS1418,forced_choice,random,fc_random,0,"{""Q0"":""color""}",category_organization_2x2,mango,food_drink
ROW40439,9848,survey-multi-choice,16,211657,0,P1202,STUDY0009,SESS1418,forced_choice,random,fc_random,0,"{""Q0"":""shape""}",category_organization_2x2,carrot,food_drink
ROW40440,15035,survey-multi-choice,15,201809,0,P1202,STUDY0009,SESS1418,forced_choice,random,fc_random,0,"{""Q0"":""none of these""}",category_organization_2x2,and,other
ROW40441,3902,survey-multi-choice,17,215560,0,P1202,STUDY0009,SESS1418,forced_choice,random,fc_random,0,"{""Q0"":""material""}",category_organization_2x2,cushion,household
ROW40442,11406,survey-multi-choice,18,226967,0,P1202,STUDY0009,SESS1418,forced_choice,random,fc_random,0,"{""Q0"":""shape""}",category_organization_2x2,can (object),household
ROW40443,5698,survey-multi-choice,19,232667,0,P1202,STUDY0009,SESS1418,forced_choice,random,fc_random,0,"{""Q0"":""material""}",category_organization_2x2,garbage,household
ROW40444,4679,survey-multi-choice,20,237348,0,P1202,STUDY0009,SESS1418,forced_choice,random,fc_random,0,"{""Q0"":""material""}",category_organization_2x2,mitten,clothing
ROW40445,4086,survey-multi-choice,21,241435,0,P1202,STUDY0009,SESS1418,forced_choice,random,fc_random,0,"{""Q0"":""color""}",category_organization_2x2,lettuce,food_drink
ROW40446,8594,survey-multi-choice,22,250030,0,P1202,STUDY0009,SESS1418,forced_choice,random,fc_random,0,"{""Q0"":""material""}",category_organization_2x2,clay,toys
ROW40447,6792,survey-multi-choice,23,256823,0,P1202,STUDY0009,SESS1418,forced_choice,random,fc_random,0,"{""Q0"":""shape""}",category_organization_2x2,nursery,other
ROW40448,5634,survey-multi-choice,24,262459,0,P1202,STUDY0009,SESS1418,forced_choice,random,fc_random,0,"{""Q0"":""shape""}",category_organization_2x2,pineapple,food_drink
ROW40449,2107,html-button-response,25,264566,0,P1202,STUDY0009,SESS1418,forced_choice,random,fc_random,0,0,,,
ROW40450,3730,instructions,26,268296,0,P1202,STUDY0009,SESS1418,forced_choice,random,fc_random,0,,,,
ROW40451,7132,html-button-response,3,27642,0,P1665,STUDY0009,SESS1457,forced_choice,semantic_blocked,fc_blocked,0,0,lavender_instruction,,
ROW40452,4448,instructions,0,4451,0,P1665,STUDY0009,SESS1457,forced_choice,semantic_blocked,fc_blocked,0,,,,
ROW40453,9228,html-button-response,2,20508,0,P1665,STUDY0009,SESS1457,forced_choice,semantic_blocked,fc_blocked,0,0,vocabulary_classification_criteria,,
ROW40454,6825,html-button-response,1,11279,0,P1665,STUDY0009,SESS1457,forced_choice,semantic_blocked,fc_blocked,0,0,precautions_survey,,
ROW40455,4747,html-button-response,4,32391,0,P1665,STUDY0009,SESS1457,forced_choice,semantic_blocked,fc_blocked,0,0,category_section_intro,,vehicles
ROW40456,7035,survey-multi-choice,5,39429,0,P1665,STUDY0009,SESS1457,forced_choice,semantic_blocked,fc_blocked,0,"{""Q0"":""color""}",category_organization_2x2,firetruck,vehicles
ROW40458,4616,survey-multi-choice,7,48636,0,P1665,STUDY0009,SESS1457,forced_choice,semantic_blocked,fc_blocked,0,"{""Q0"":""shape""}",category_organization_2x2,gun,toys
ROW40457,4588,html-button-response,6,44019,0,P1665,STUDY0009,SESS1457,forced_choice,semantic_blocked,fc_blocked,0,0,category_section_intro,,toys
ROW40459,5220,survey-multi-choice,9,57299,0,P1665,STUDY0009,SESS1457,forced_choice,semantic_blocked,fc_blocked,0,"{""Q0"":""shape""}",category_organization_2x2,elephant,animals
ROW40460,3440,html-button-response,8,52078,0,P1665,STUDY0009,SESS1457,forced_choice,semantic_blocked,fc_blocked,0,0,category_section_intro,,animals
ROW40461,4252,survey-multi-choice,10,61553,0,P1665,STUDY0009,SESS1457,forced_choice,semantic_blocked,fc_blocked,0,"{""Q0"":""shape""}",category_organization_2x2,lion,animals
ROW40462,1560,html-button-response,11,63114,0,P1665,STUDY0009,SESS1457,forced_choice,semantic_blocked,fc_blocked,0,0,category_section_intro,,clothing
ROW40463,4274,survey-multi-choice,13,70831,0,P1665,STUDY0009,SESS1457,forced_choice,semantic_blocked,fc_blocked,0,"{""Q0"":""material""}",category_organization_2x2,raincoat,clothing
ROW40464,3440,survey-multi-choice,12,66555,0,P1665,STUDY0009,SESS1457,forced_choice,semantic_blocked,fc_blocked,0,"{""Q0"":""material""}",category_organization_2x2,clothes,clothing
ROW40465,5624,survey-multi-choice,14,76456,0,P1665,STUDY0009,SESS1457,forced_choice,semantic_blocked,fc_blocked,0,"{""Q0"":""material""}",category_organization_2x2,shirt,clothing
ROW40466,3100,survey-multi-choice,15,79558,0,P1665,STUDY0009,SESS1457,forced_choice,semantic_blocked,fc_blocked,0,"{""Q0"":""shape""}",category_organization_2x2,t-shirt,clothing
ROW40467,4471,survey-multi-choice,17,85756,0,P1665,STUDY0009,SESS1457,forced_choice,semantic_blocked,fc_blocked,0,"{""Q0"":""color""}",category_organization_2x2,berry,food_drink
ROW40468,1723,html-button-response,16,81283,0,P1665,STUDY0009,SESS1457,forced_choice,semantic_blocked,fc_blocked,0,0,category_section_intro,,food_drink
ROW40469,3489,survey-multi-choice,18,89246,0,P1665,STUDY0009,SESS1457,forced_choice,semantic_blocked,fc_blocked,0,"{""Q0"":""color""}",category_organization_2x2,pudding,food_drink
ROW40470,5763,survey-multi-choice,19,95011,0,P1665,STUDY0009,SESS1457,forced_choice,semantic_blocked,fc_blocked,0,"{""Q0"":""none of these""}",category_organization_2x2,soy sauce,food_drink
ROW40471,1461,html-button-response,20,96474,0,P1665,STUDY0009,SESS1457,forced_choice,semantic_blocked,fc_blocked,0,0,category_section_intro,,body_parts
ROW40472,6573,survey-multi-choice,21,103048,0,P1665,STUDY0009,SESS1457,forced_choice,semantic_blocked,fc_blocked,0,"{""Q0"":""none of these""}",category_organization_2x2,eyebrow,body_parts
ROW40473,3352,survey-multi-choice,22,106402,0,P1665,STUDY0009,SESS1457,forced_choice,semantic_blocked,fc_blocked,0,"{""Q0"":""none of these""}",category_organization_2x2,lip,body_parts
ROW40474,1490,html-button-response,23,107893,0,P1665,STUDY0009,SESS1457,forced_choice,semantic_blocked,fc_blocked,0,0,category_section_intro,,household
ROW40475,5516,survey-multi-choice,24,113411,0,P1665,STUDY0009,SESS1457,forced_choice,semantic_blocked,fc_blocked,0,"{""Q0"":""shape""}",category_organization_2x2,camera,household
ROW40476,4510,survey-multi-choice,26,122769,0,P1665,STUDY0009,SESS1457,forced_choice,semantic_blocked,fc_blocked,0,"{""Q0"":""shape""}",category_organization_2x2,pill,household
ROW40477,4845,survey-multi-choice,25,118258,0,P1665,STUDY0009,SESS1457,forced_choice,semantic_blocked,fc_blocked,0,"{""Q0"":""none of these""}",category_organization_2x2,medicine,household
ROW40478,1461,html-button-response,27,124232,0,P1665,STUDY0009,SESS1457,forced_choice,semantic_blocked,fc_blocked,0,0,category_section_intro,,outside
ROW40479,3265,survey-multi-choice,28,127498,0,P1665,STUDY0009,SESS1457,forced_choice,semantic_blocked,fc_blocked,0,"{""Q0"":""shape""}",category_organization_2x2,bridge,outside
ROW40480,3812,survey-multi-choice,29,131312,0,P1665,STUDY0009,SESS1457,forced_choice,semantic_blocked,fc_blocked,0,"{""Q0"":""shape""}",category_organization_2x2,shovel,outside
ROW40481,3744,survey-multi-choice,30,135057,0,P1665,STUDY0009,SESS1457,forced_choice,semantic_blocked,fc_blocked,0,"{""Q0"":""shape""}",category_organization_2x2,snowman,outside
ROW40482,1512,html-button-response,31,136570,0,P1665,STUDY0009,SESS1457,forced_choice,semantic_blocked,fc_blocked,0,0,category_section_intro,,other
ROW40483,7094,survey-multi-choice,32,143666,0,P1665,STUDY0009,SESS1457,forced_choice,semantic_blocked,fc_blocked,0,"{""Q0"":""none of these""}",category_organization_2x2,avocado,other
ROW40484,3212,survey-multi-choice,33,146879,0,P1665,STUDY0009,SESS1457,forced_choice,semantic_blocked,fc_blocked,0,"{""Q0"":""none of these""}",category_organization_2x2,lavender,attention_check
ROW40485,3829,instructions,35,152206,0,P1665,STUDY0009,SESS1457,forced_choice,semantic_blocked,fc_blocked,0,,,,
ROW40486,1496,html-button-response,34,148376,0,P1665,STUDY0009,SESS1457,forced_choice,semantic_blocked,fc_blocked,0,0,,,
ROW40487,14440,instructions,0,14441,0,P1662,STUDY0009,SESS1470,forced_choice,random,fc_random,0,,,,
ROW40488,3407,html-button-response,2,27569,0,P1662,STUDY0009,SESS1470,forced_choice,random,fc_random,0,0,vocabulary_classification_criteria,,
ROW40489,7159,html-button-response,3,34729,0,P1662,STUDY0009,SESS1470,forced_choice,random,fc_random,0,0,lavender_instruction,,
ROW40490,25136,survey-multi-choice,4,59866,0,P1662,STUDY0009,SESS1470,forced_choice,random,fc_random,0,"{""Q0"":""none of these""}",category_organization_2x2,belly button,body_parts
ROW40491,9719,html-button-response,1,24162,0,P1662,STUDY0009,SESS1470,forced_choice,random,fc_random,0,0,precautions_survey,,
ROW40492,23751,survey-multi-choice,5,83617,0,P1662,STUDY0009,SESS1470,forced_choice,random,fc_random,0,"{""Q0"":""shape""}",category_organization_2x2,skate (object),vehicles
ROW40493,4399,survey-multi-choice,7,106969,0,P1662,STUDY0009,SESS1470,forced_choice,random,fc_random,0,"{""Q0"":""shape""}",category_organization_2x2,cloud,outside
ROW40494,18951,survey-multi-choice,6,102569,0,P1662,STUDY0009,SESS1470,forced_choice,random,fc_random,0,"{""Q0"":""none of these""}",category_organization_2x2,buttocks,body_parts
ROW40495,3063,survey-multi-choice,8,110033,0,P1662,STUDY0009,SESS1470,forced_choice,random,fc_random,0,"{""Q0"":""shape""}",category_organization_2x2,skate (object),vehicles
ROW40496,17759,survey-multi-choice,9,127793,0,P1662,STUDY0009,SESS1470,forced_choice,random,fc_random,0,"{""Q0"":""shape""}",category_organization_2x2,pipe,outside
ROW40497,2687,survey-multi-choice,10,130481,0,P1662,STUDY0009,SESS1470,forced_choice,random,fc_random,0,"{""Q0"":""shape""}",category_organization_2x2,bus,vehicles
ROW40498,18023,survey-multi-choice,11,148505,0,P1662,STUDY0009,SESS1470,forced_choice,random,fc_random,0,"{""Q0"":""none of these""}",category_organization_2x2,porridge,food_drink
ROW40499,3364,instructions,0,3364,0,P1602,STUDY0009,SESS1479,multi_select,semantic_blocked,ms_blocked,0,,,,
ROW40500,24051,html-button-response,2,41332,0,P1602,STUDY0009,SESS1479,multi_select,semantic_blocked,ms_blocked,0,0,vocabulary_classification_criteria,,
ROW40501,13913,html-button-response,1,17279,0,P1602,STUDY0009,SESS1479,multi_select,semantic_blocked,ms_blocked,0,0,precautions_survey,,
ROW40502,9498,html-button-response,4,56430,0,P1602,STUDY0009,SESS1479,multi_select,semantic_blocked,ms_blocked,0,0,category_section_intro,,toys
ROW40503,5597,html-button-response,3,46930,0,P1602,STUDY0009,SESS1479,multi_select,semantic_blocked,ms_blocked,0,0,lavender_instruction,,
ROW40504,7189,survey-multi-select,5,63630,0,P1602,STUDY0009,SESS1479,multi_select,semantic_blocked,ms_blocked,0,"{""Q0"":[""shape""]}",category_organization_2x2,ball,toys
ROW40505,5849,survey-multi-select,7,73596,0,P1602,STUDY0009,SESS1479,multi_select,semantic_blocked,ms_blocked,0,"{""Q0"":[""none of these""]}",category_organization_2x2,top,toys
ROW40506,4216,html-button-response,8,77813,0,P1602,STUDY0009,SESS1479,multi_select,semantic_blocked,ms_blocked,0,0,category_section_intro,,animals
ROW40507,4113,survey-multi-select,6,67746,0,P1602,STUDY0009,SESS1479,multi_select,semantic_blocked,ms_blocked,0,"{""Q0"":[""color""]}",category_organization_2x2,colors,toys
ROW40508,5682,html-button-response,10,89446,0,P1602,STUDY0009,SESS1479,multi_select,semantic_blocked,ms_blocked,0,0,category_section_intro,,clothing
ROW40509,5666,survey-multi-select,11,95112,0,P1602,STUDY0009,SESS1479,multi_select,semantic_blocked,ms_blocked,0,"{""Q0"":[""none of these""]}",category_organization_2x2,hat,clothing
ROW40510,5948,survey-multi-select,9,83763,0,P1602,STUDY0009,SESS1479,multi_select,semantic_blocked,ms_blocked,0,"{""Q0"":[""none of these""]}",category_organization_2x2,snake,animals
ROW40511,3783,survey-multi-select,12,98896,0,P1602,STUDY0009,SESS1479,multi_select,semantic_blocked,ms_blocked,0,"{""Q0"":[""shape""]}",category_organization_2x2,shorts,clothing
ROW40512,4617,survey-multi-select,13,103515,0,P1602,STUDY0009,SESS1479,multi_select,semantic_blocked,ms_blocked,0,"{""Q0"":[""shape""]}",category_organization_2x2,slipper,clothing
ROW40513,2231,survey-multi-select,15,110346,0,P1602,STUDY0009,SESS1479,multi_select,semantic_blocked,ms_blocked,0,"{""Q0"":[""shape""]}",category_organization_2x2,vest,clothing
ROW40514,4596,survey-multi-select,14,108113,0,P1602,STUDY0009,SESS1479,multi_select,semantic_blocked,ms_blocked,0,"{""Q0"":[""shape""]}",category_organization_2x2,sock,clothing
ROW40515,1249,html-button-response,16,111597,0,P1602,STUDY0009,SESS1479,multi_select,semantic_blocked,ms_blocked,0,0,category_section_intro,,food_drink
ROW40516,4882,survey-multi-select,17,116482,0,P1602,STUDY0009,SESS1479,multi_select,semantic_blocked,ms_blocked,0,"{""Q0"":[""color""]}",category_organization_2x2,cherry,food_drink
ROW40517,3213,survey-multi-select,20,129797,0,P1602,STUDY0009,SESS1479,multi_select,semantic_blocked,ms_blocked,0,"{""Q0"":[""material""]}",category_organization_2x2,pasta,food_drink
ROW40518,3945,survey-multi-select,18,120430,0,P1602,STUDY0009,SESS1479,multi_select,semantic_blocked,ms_blocked,0,"{""Q0"":[""material""]}",category_organization_2x2,compote,food_drink
ROW40519,6150,survey-multi-select,19,126581,0,P1602,STUDY0009,SESS1479,multi_select,semantic_blocked,ms_blocked,0,"{""Q0"":[""none of these""]}",category_organization_2x2,kiwi,food_drink
ROW40520,3581,survey-multi-select,21,133380,0,P1602,STUDY0009,SESS1479,multi_select,semantic_blocked,ms_blocked,0,"{""Q0"":[""material""]}",category_organization_2x2,quesadilla,food_drink
ROW40521,1465,html-button-response,22,134846,0,P1602,STUDY0009,SESS1479,multi_select,semantic_blocked,ms_blocked,0,0,category_section_intro,,household
ROW40522,3549,survey-multi-select,23,138396,0,P1602,STUDY0009,SESS1479,multi_select,semantic_blocked,ms_blocked,0,"{""Q0"":[""material""]}",category_organization_2x2,syrup,household
ROW40523,3857,instructions,0,3858,0,P0220,STUDY0009,SESS1493,forced_choice,random,fc_random,0,,,,
ROW40524,4799,survey-multi-select,24,143196,0,P1602,STUDY0009,SESS1479,multi_select,semantic_blocked,ms_blocked,0,"{""Q0"":[""none of these""]}",category_organization_2x2,watch (object),household
ROW40525,7300,html-button-response,1,11163,0,P0220,STUDY0009,SESS1493,forced_choice,random,fc_random,0,0,precautions_survey,,
ROW40526,3696,html-button-response,3,21536,0,P0220,STUDY0009,SESS1493,forced_choice,random,fc_random,0,0,lavender_instruction,,
ROW40527,6674,html-button-response,2,17839,0,P0220,STUDY0009,SESS1493,forced_choice,random,fc_random,0,0,vocabulary_classification_criteria,,
ROW40528,7682,survey-multi-choice,4,29222,0,P0220,STUDY0009,SESS1493,forced_choice,random,fc_random,0,"{""Q0"":""none of these""}",category_organization_2x2,yogurt,food_drink
ROW40529,4609,survey-multi-choice,5,33836,0,P0220,STUDY0009,SESS1493,forced_choice,random,fc_random,0,"{""Q0"":""material""}",category_organization_2x2,jacket,clothing
ROW40530,1117,html-button-response,25,144314,0,P1602,STUDY0009,SESS1479,multi_select,semantic_blocked,ms_blocked,0,0,category_section_intro,,outside
ROW40531,5614,survey-multi-select,26,149930,0,P1602,STUDY0009,SESS1479,multi_select,semantic_blocked,ms_blocked,0,"{""Q0"":[""material""]}",category_organization_2x2,wall,outside
ROW40532,1333,html-button-response,27,151264,0,P1602,STUDY0009,SESS1479,multi_select,semantic_blocked,ms_blocked,0,0,category_section_intro,,other
ROW40533,10032,survey-multi-select,28,161298,0,P1602,STUDY0009,SESS1479,multi_select,semantic_blocked,ms_blocked,0,"{""Q0"":[""none of these""]}",category_organization_2x2,football,other
ROW40534,4596,survey-multi-select,29,165897,0,P1602,STUDY0009,SESS1479,multi_select,semantic_blocked,ms_blocked,0,"{""Q0"":[""color"",""material""]}",category_organization_2x2,hot chocolate,other
ROW40535,5015,survey-multi-select,30,170913,0,P1602,STUDY0009,SESS1479,multi_select,semantic_blocked,ms_blocked,0,"{""Q0"":[""shape""]}",category_organization_2x2,tie (action),other
ROW40536,6117,survey-multi-choice,6,39955,0,P0220,STUDY0009,SESS1493,forced_choice,random,fc_random,0,"{""Q0"":""shape""}",category_organization_2x2,flag,outside
ROW40537,3564,survey-multi-choice,7,43520,0,P0220,STUDY0009,SESS1493,forced_choice,random,fc_random,0,"{""Q0"":""none of these""}",category_organization_2x2,rooster,animals
ROW40538,5819,survey-multi-choice,8,49340,0,P0220,STUDY0009,SESS1493,forced_choice,random,fc_random,0,"{""Q0"":""color""}",category_organization_2x2,eye,body_parts
ROW40539,2938,survey-multi-choice,9,52280,0,P0220,STUDY0009,SESS1493,forced_choice,random,fc_random,0,"{""Q0"":""none of these""}",category_organization_2x2,palm,body_parts
ROW40540,1117,html-button-response,32,174130,0,P1602,STUDY0009,SESS1479,multi_select,semantic_blocked,ms_blocked,0,0,,,
ROW40541,2099,survey-multi-select,31,173013,0,P1602,STUDY0009,SESS1479,multi_select,semantic_blocked,ms_blocked,0,"{""Q0"":[""none of these""]}",category_organization_2x2,lavender,attention_check
ROW40542,1916,instructions,33,176046,0,P1602,STUDY0009,SESS1479,multi_select,semantic_blocked,ms_blocked,0,,,,
ROW40543,3082,survey-multi-choice,10,55364,0,P0220,STUDY0009,SESS1493,forced_choice,random,fc_random,0,"{""Q0"":""material""}",category_organization_2x2,zipper,clothing
ROW40544,4237,survey-multi-choice,11,59605,0,P0220,STUDY0009,SESS1493,forced_choice,random,fc_random,0,"{""Q0"":""none of these""}",category_organization_2x2,popsicle,food_drink
ROW40545,3745,survey-multi-choice,12,63352,0,P0220,STUDY0009,SESS1493,forced_choice,random,fc_random,0,"{""Q0"":""material""}",category_organization_2x2,notebook,toys
ROW40546,3363,survey-multi-choice,13,66716,0,P0220,STUDY0009,SESS1493,forced_choice,random,fc_random,0,"{""Q0"":""material""}",category_organization_2x2,bandaid,household
ROW40547,2411,survey-multi-choice,14,69128,0,P0220,STUDY0009,SESS1493,forced_choice,random,fc_random,0,"{""Q0"":""none of these""}",category_organization_2x2,ham,food_drink
ROW40548,4974,survey-multi-choice,15,74104,0,P0220,STUDY0009,SESS1493,forced_choice,random,fc_random,0,"{""Q0"":""none of these""}",category_organization_2x2,cupboard,furniture_rooms
ROW40549,2942,survey-multi-choice,17,80637,0,P0220,STUDY0009,SESS1493,forced_choice,random,fc_random,0,"{""Q0"":""none of these""}",category_organization_2x2,cottage cheese,food_drink
ROW40550,3587,survey-multi-choice,16,77693,0,P0220,STUDY0009,SESS1493,forced_choice,random,fc_random,0,"{""Q0"":""color""}",category_organization_2x2,eye,body_parts
ROW40551,3506,survey-multi-choice,18,84145,0,P0220,STUDY0009,SESS1493,forced_choice,random,fc_random,0,"{""Q0"":""none of these""}",category_organization_2x2,stork,animals
ROW40552,3291,survey-multi-choice,19,87438,0,P0220,STUDY0009,SESS1493,forced_choice,random,fc_random,0,"{""Q0"":""material""}",category_organization_2x2,trash can,household
ROW40553,3270,survey-multi-choice,20,90710,0,P0220,STUDY0009,SESS1493,forced_choice,random,fc_random,0,"{""Q0"":""color""}",category_organization_2x2,crayon,toys
ROW40554,2735,survey-multi-choice,21,93447,0,P0220,STUDY0009,SESS1493,forced_choice,random,fc_random,0,"{""Q0"":""none of these""}",category_organization_2x2,lavender,attention_check
ROW40555,2274,survey-multi-choice,23,100787,0,P0220,STUDY0009,SESS1493,forced_choice,random,fc_random,0,"{""Q0"":""none of these""}",category_organization_2x2,llama,other
ROW40556,5063,survey-multi-choice,22,98511,0,P0220,STUDY0009,SESS1493,forced_choice,random,fc_random,0,"{""Q0"":""material""}",category_organization_2x2,knife,household
ROW40557,2229,survey-multi-choice,24,103018,0,P0220,STUDY0009,SESS1493,forced_choice,random,fc_random,0,"{""Q0"":""material""}",category_organization_2x2,shorts,clothing
ROW40558,1414,html-button-response,25,104434,0,P0220,STUDY0009,SESS1493,forced_choice,random,fc_random,0,0,,,
ROW40559,2670,instructions,26,107105,0,P0220,STUDY0009,SESS1493,forced_choice,random,fc_random,0,,,,
ROW40560,4863,instructions,0,4866,0,P0139,STUDY0009,SESS1455,forced_choice,semantic_blocked,fc_blocked,0,,,,
ROW40561,3307,html-button-response,1,8177,0,P0139,STUDY0009,SESS1455,forced_choice,semantic_blocked,fc_blocked,0,0,precautions_survey,,
ROW40562,39683,html-button-response,2,47864,0,P0139,STUDY0009,SESS1455,forced_choice,semantic_blocked,fc_blocked,0,0,vocabulary_classification_criteria,,
ROW40563,7568,html-button-response,3,55434,0,P0139,STUDY0009,SESS1455,forced_choice,semantic_blocked,fc_blocked,0,0,lavender_instruction,,
ROW40564,5559,html-button-response,4,60995,0,P0139,STUDY0009,SESS1455,forced_choice,semantic_blocked,fc_blocked,0,0,category_section_intro,,vehicles
ROW40565,11013,survey-multi-choice,5,72014,0,P0139,STUDY0009,SESS1455,forced_choice,semantic_blocked,fc_blocked,0,"{""Q0"":""none of these""}",category_organization_2x2,crane,vehicles
ROW40566,4874,html-button-response,6,76891,0,P0139,STUDY0009,SESS1455,forced_choice,semantic_blocked,fc_blocked,0,0,category_section_intro,,toys
ROW40567,6061,survey-multi-choice,7,82955,0,P0139,STUDY0009,SESS1455,forced_choice,semantic_blocked,fc_blocked,0,"{""Q0"":""none of these""}",category_organization_2x2,rake (object),toys
ROW40568,2534,html-button-response,8,85491,0,P0139,STUDY0009,SESS1455,forced_choice,semantic_blocked,fc_blocked,0,0,category_section_intro,,animals
ROW40569,6277,survey-multi-choice,9,91771,0,P0139,STUDY0009,SESS1455,forced_choice,semantic_blocked,fc_blocked,0,"{""Q0"":""none of these""}",category_organization_2x2,cockroach,animals
ROW40570,6791,survey-multi-choice,10,98565,0,P0139,STUDY0009,SESS1455,forced_choice,semantic_blocked,fc_blocked,0,"{""Q0"":""none of these""}",category_organization_2x2,snail,animals
ROW40571,4044,html-button-response,11,102610,0,P0139,STUDY0009,SESS1455,forced_choice,semantic_blocked,fc_blocked,0,0,category_section_intro,,clothing
ROW40572,5981,survey-multi-choice,12,108592,0,P0139,STUDY0009,SESS1455,forced_choice,semantic_blocked,fc_blocked,0,"{""Q0"":""material""}",category_organization_2x2,clothing,clothing
ROW40573,7126,survey-multi-choice,13,115720,0,P0139,STUDY0009,SESS1455,forced_choice,semantic_blocked,fc_blocked,0,"{""Q0"":""shape""}",category_organization_2x2,diaper,clothing
ROW40574,2940,html-button-response,14,118662,0,P0139,STUDY0009,SESS1455,forced_choice,semantic_blocked,fc_blocked,0,0,category_section_intro,,furniture_rooms
ROW40575,5027,survey-multi-choice,15,123692,0,P0139,STUDY0009,SESS1455,forced_choice,semantic_blocked,fc_blocked,0,"{""Q0"":""shape""}",category_organization_2x2,chair,furniture_rooms
ROW40576,2606,survey-multi-choice,16,126300,0,P0139,STUDY0009,SESS1455,forced_choice,semantic_blocked,fc_blocked,0,"{""Q0"":""shape""}",category_organization_2x2,couch,furniture_rooms
ROW40577,3885,survey-multi-choice,17,130188,0,P0139,STUDY0009,SESS1455,forced_choice,semantic_blocked,fc_blocked,0,"{""Q0"":""shape""}",category_organization_2x2,washing machine,furniture_rooms
ROW40578,3046,html-button-response,18,133236,0,P0139,STUDY0009,SESS1455,forced_choice,semantic_blocked,fc_blocked,0,0,category_section_intro,,food_drink
ROW40579,3701,survey-multi-choice,19,136939,0,P0139,STUDY0009,SESS1455,forced_choice,semantic_blocked,fc_blocked,0,"{""Q0"":""color""}",category_organization_2x2,butter,food_drink
ROW40580,3916,survey-multi-choice,20,140858,0,P0139,STUDY0009,SESS1455,forced_choice,semantic_blocked,fc_blocked,0,"{""Q0"":""material""}",category_organization_2x2,jelly,food_drink
ROW40581,4422,survey-multi-choice,21,145283,0,P0139,STUDY0009,SESS1455,forced_choice,semantic_blocked,fc_blocked,0,"{""Q0"":""color""}",category_organization_2x2,plum,food_drink
ROW40582,1936,html-button-response,22,147222,0,P0139,STUDY0009,SESS1455,forced_choice,semantic_blocked,fc_blocked,0,0,category_section_intro,,body_parts
ROW40583,6088,survey-multi-choice,23,153312,0,P0139,STUDY0009,SESS1455,forced_choice,semantic_blocked,fc_blocked,0,"{""Q0"":""shape""}",category_organization_2x2,eye,body_parts
ROW40584,3008,survey-multi-choice,24,156322,0,P0139,STUDY0009,SESS1455,forced_choice,semantic_blocked,fc_blocked,0,"{""Q0"":""shape""}",category_organization_2x2,neck,body_parts
ROW40585,4166,survey-multi-choice,25,160491,0,P0139,STUDY0009,SESS1455,forced_choice,semantic_blocked,fc_blocked,0,"{""Q0"":""shape""}",category_organization_2x2,palm,body_parts
ROW40586,3123,survey-multi-choice,26,163617,0,P0139,STUDY0009,SESS1455,forced_choice,semantic_blocked,fc_blocked,0,"{""Q0"":""shape""}",category_organization_2x2,tooth,body_parts
ROW40587,1809,html-button-response,27,165428,0,P0139,STUDY0009,SESS1455,forced_choice,semantic_blocked,fc_blocked,0,0,category_section_intro,,household
ROW40588,4220,survey-multi-choice,28,169653,0,P0139,STUDY0009,SESS1455,forced_choice,semantic_blocked,fc_blocked,0,"{""Q0"":""material""}",category_organization_2x2,pacifier,household
ROW40589,7421,survey-multi-choice,29,177077,0,P0139,STUDY0009,SESS1455,forced_choice,semantic_blocked,fc_blocked,0,"{""Q0"":""shape""}",category_organization_2x2,watch (object),household
ROW40590,1590,html-button-response,30,178670,0,P0139,STUDY0009,SESS1455,forced_choice,semantic_blocked,fc_blocked,0,0,category_section_intro,,outside
ROW40591,6630,survey-multi-choice,31,185303,0,P0139,STUDY0009,SESS1455,forced_choice,semantic_blocked,fc_blocked,0,"{""Q0"":""shape""}",category_organization_2x2,smoke,outside
ROW40592,1192,html-button-response,32,186497,0,P0139,STUDY0009,SESS1455,forced_choice,semantic_blocked,fc_blocked,0,0,category_section_intro,,other
ROW40593,3169,survey-multi-choice,33,189668,0,P0139,STUDY0009,SESS1455,forced_choice,semantic_blocked,fc_blocked,0,"{""Q0"":""shape""}",category_organization_2x2,pita,other
ROW40594,2599,survey-multi-choice,34,192270,0,P0139,STUDY0009,SESS1455,forced_choice,semantic_blocked,fc_blocked,0,"{""Q0"":""none of these""}",category_organization_2x2,lavender,attention_check
ROW40595,1277,html-button-response,35,193549,0,P0139,STUDY0009,SESS1455,forced_choice,semantic_blocked,fc_blocked,0,0,,,
ROW40596,3206,instructions,36,196756,0,P0139,STUDY0009,SESS1455,forced_choice,semantic_blocked,fc_blocked,0,,,,
ROW40597,15284,survey-multi-select,4,64443,0,P1386,STUDY0009,SESS1454,multi_select,random,ms_random,0,"{""Q0"":[""shape"",""material""]}",category_organization_2x2,bath,furniture_rooms
ROW40598,4984,html-button-response,3,49153,0,P1386,STUDY0009,SESS1454,multi_select,random,ms_random,0,0,lavender_instruction,,
ROW40599,11329,html-button-response,1,23307,0,P1386,STUDY0009,SESS1454,multi_select,random,ms_random,0,0,precautions_survey,,
ROW40600,20858,html-button-response,2,44167,0,P1386,STUDY0009,SESS1454,multi_select,random,ms_random,0,0,vocabulary_classification_criteria,,
ROW40601,11970,instructions,0,11974,0,P1386,STUDY0009,SESS1454,multi_select,random,ms_random,0,,,,
ROW40602,12003,survey-multi-select,5,76452,0,P1386,STUDY0009,SESS1454,multi_select,random,ms_random,0,"{""Q0"":[""material""]}",category_organization_2x2,ceiling,other
ROW40603,6154,survey-multi-select,8,96551,0,P1386,STUDY0009,SESS1454,multi_select,random,ms_random,0,"{""Q0"":[""shape""]}",category_organization_2x2,snake,animals
ROW40604,6239,survey-multi-select,7,90393,0,P1386,STUDY0009,SESS1454,multi_select,random,ms_random,0,"{""Q0"":[""shape""]}",category_organization_2x2,ruler,other
ROW40605,5051,survey-multi-select,9,101607,0,P1386,STUDY0009,SESS1454,multi_select,random,ms_random,0,"{""Q0"":[""shape"",""color""]}",category_organization_2x2,lip,body_parts
ROW40606,7693,survey-multi-select,6,84149,0,P1386,STUDY0009,SESS1454,multi_select,random,ms_random,0,"{""Q0"":[""color""]}",category_organization_2x2,cottage cheese,food_drink
ROW40607,6595,survey-multi-select,10,108208,0,P1386,STUDY0009,SESS1454,multi_select,random,ms_random,0,"{""Q0"":[""shape""]}",category_organization_2x2,rabbit,animals
ROW40608,7021,survey-multi-select,11,115233,0,P1386,STUDY0009,SESS1454,multi_select,random,ms_random,0,"{""Q0"":[""shape"",""material""]}",category_organization_2x2,sneaker,clothing
ROW40609,4966,survey-multi-select,13,127530,0,P1386,STUDY0009,SESS1454,multi_select,random,ms_random,0,"{""Q0"":[""shape"",""color""]}",category_organization_2x2,ladybug,animals
ROW40610,7323,survey-multi-select,12,122560,0,P1386,STUDY0009,SESS1454,multi_select,random,ms_random,0,"{""Q0"":[""shape"",""material""]}",category_organization_2x2,bathtub,furniture_rooms
ROW40611,4732,survey-multi-select,14,132268,0,P1386,STUDY0009,SESS1454,multi_select,random,ms_random,0,"{""Q0"":[""shape"",""color""]}",category_organization_2x2,zebra,animals
ROW40612,4396,survey-multi-select,15,136667,0,P1386,STUDY0009,SESS1454,multi_select,random,ms_random,0,"{""Q0"":[""material""]}",category_organization_2x2,noodles,food_drink
ROW40613,3812,survey-multi-select,16,140483,0,P1386,STUDY0009,SESS1454,multi_select,random,ms_random,0,"{""Q0"":[""shape""]}",category_organization_2x2,donut,food_drink
ROW40614,3042,survey-multi-select,17,143528,0,P1386,STUDY0009,SESS1454,multi_select,random,ms_random,0,"{""Q0"":[""none of these""]}",category_organization_2x2,lavender,attention_check
ROW40615,13235,survey-multi-select,18,156769,0,P1386,STUDY0009,SESS1454,multi_select,random,ms_random,0,"{""Q0"":[""material""]}",category_organization_2x2,flower,outside
ROW40616,4433,survey-multi-select,19,161205,0,P1386,STUDY0009,SESS1454,multi_select,random,ms_random,0,"{""Q0"":[""none of these""]}",category_organization_2x2,candy,food_drink
ROW40617,3945,survey-multi-select,22,179594,0,P1386,STUDY0009,SESS1454,multi_select,random,ms_random,0,"{""Q0"":[""shape""]}",category_organization_2x2,carousel,outside
ROW40619,10632,survey-multi-select,20,171841,0,P1386,STUDY0009,SESS1454,multi_select,random,ms_random,0,"{""Q0"":[""none of these""]}",category_organization_2x2,samosa,food_drink
ROW40618,3801,survey-multi-select,21,175645,0,P1386,STUDY0009,SESS1454,multi_select,random,ms_random,0,"{""Q0"":[""shape"",""color""]}",category_organization_2x2,cow,animals
ROW40620,7004,survey-multi-select,23,186603,0,P1386,STUDY0009,SESS1454,multi_select,random,ms_random,0,"{""Q0"":[""shape"",""color""]}",category_organization_2x2,ham,food_drink
ROW40621,4430,survey-multi-select,24,191039,0,P1386,STUDY0009,SESS1454,multi_select,random,ms_random,0,"{""Q0"":[""shape"",""color""]}",category_organization_2x2,squirrel,animals
ROW40622,2082,html-button-response,25,193123,0,P1386,STUDY0009,SESS1454,multi_select,random,ms_random,0,0,,,
ROW40623,2856,instructions,26,195979,0,P1386,STUDY0009,SESS1454,multi_select,random,ms_random,0,,,,
ROW40624,6402,instructions,0,6403,0,P1861,STUDY0009,SESS1478,multi_select,semantic_blocked,ms_blocked,0,,,,
ROW40625,18983,html-button-response,2,36134,0,P1861,STUDY0009,SESS1478,multi_select,semantic_blocked,ms_blocked,0,0,vocabulary_classification_criteria,,
ROW40626,6529,html-button-response,3,42664,0,P1861,STUDY0009,SESS1478,multi_select,semantic_blocked,ms_blocked,0,0,lavender_instruction,,
ROW40627,10745,html-button-response,1,17150,0,P1861,STUDY0009,SESS1478,multi_select,semantic_blocked,ms_blocked,0,0,precautions_survey,,
ROW40628,2649,html-button-response,4,45314,0,P1861,STUDY0009,SESS1478,multi_select,semantic_blocked,ms_blocked,0,0,category_section_intro,,animals
ROW40629,7932,survey-multi-select,5,53250,0,P1861,STUDY0009,SESS1478,multi_select,semantic_blocked,ms_blocked,0,"{""Q0"":[""shape""]}",category_organization_2x2,dragonfly,animals
ROW40630,7388,html-button-response,6,60640,0,P1861,STUDY0009,SESS1478,multi_select,semantic_blocked,ms_blocked,0,0,category_section_intro,,clothing
ROW40631,12428,survey-multi-select,7,73070,0,P1861,STUDY0009,SESS1478,multi_select,semantic_blocked,ms_blocked,0,"{""Q0"":[""none of these""]}",category_organization_2x2,pocket,clothing
ROW40632,4952,survey-multi-select,9,82148,0,P1861,STUDY0009,SESS1478,multi_select,semantic_blocked,ms_blocked,0,"{""Q0"":[""material""]}",category_organization_2x2,air conditioner,furniture_rooms
ROW40633,4124,html-button-response,8,77194,0,P1861,STUDY0009,SESS1478,multi_select,semantic_blocked,ms_blocked,0,0,category_section_intro,,furniture_rooms
ROW40634,10340,survey-multi-select,10,92490,0,P1861,STUDY0009,SESS1478,multi_select,semantic_blocked,ms_blocked,0,"{""Q0"":[""shape"",""material""]}",category_organization_2x2,computer,furniture_rooms
ROW40635,4882,survey-multi-select,11,97374,0,P1861,STUDY0009,SESS1478,multi_select,semantic_blocked,ms_blocked,0,"{""Q0"":[""shape"",""material""]}",category_organization_2x2,radiator,furniture_rooms
ROW40636,7115,html-button-response,12,104490,0,P1861,STUDY0009,SESS1478,multi_select,semantic_blocked,ms_blocked,0,0,category_section_intro,,food_drink
ROW40637,4818,survey-multi-select,13,109310,0,P1861,STUDY0009,SESS1478,multi_select,semantic_blocked,ms_blocked,0,"{""Q0"":[""shape"",""color""]}",category_organization_2x2,cherry,food_drink
ROW40638,9842,survey-multi-select,14,119154,0,P1861,STUDY0009,SESS1478,multi_select,semantic_blocked,ms_blocked,0,"{""Q0"":[""none of these""]}",category_organization_2x2,chips,food_drink
ROW40639,3310,survey-multi-select,15,122466,0,P1861,STUDY0009,SESS1478,multi_select,semantic_blocked,ms_blocked,0,"{""Q0"":[""color""]}",category_organization_2x2,milk,food_drink
ROW40640,7544,survey-multi-select,16,130012,0,P1861,STUDY0009,SESS1478,multi_select,semantic_blocked,ms_blocked,0,"{""Q0"":[""shape"",""material""]}",category_organization_2x2,quesadilla,food_drink
ROW40641,5927,survey-multi-select,17,135941,0,P1861,STUDY0009,SESS1478,multi_select,semantic_blocked,ms_blocked,0,"{""Q0"":[""none of these""]}",category_organization_2x2,sprouts,food_drink
ROW40642,2431,html-button-response,18,138372,0,P1861,STUDY0009,SESS1478,multi_select,semantic_blocked,ms_blocked,0,0,category_section_intro,,body_parts
ROW40643,5138,survey-multi-select,19,143512,0,P1861,STUDY0009,SESS1478,multi_select,semantic_blocked,ms_blocked,0,"{""Q0"":[""none of these""]}",category_organization_2x2,eyelash,body_parts
ROW40644,7888,survey-multi-select,20,151402,0,P1861,STUDY0009,SESS1478,multi_select,semantic_blocked,ms_blocked,0,"{""Q0"":[""color""]}",category_organization_2x2,nail (finger),body_parts
ROW40645,1789,html-button-response,21,153192,0,P1861,STUDY0009,SESS1478,multi_select,semantic_blocked,ms_blocked,0,0,category_section_intro,,household
ROW40646,4154,survey-multi-select,22,157348,0,P1861,STUDY0009,SESS1478,multi_select,semantic_blocked,ms_blocked,0,"{""Q0"":[""shape"",""color"",""material""]}",category_organization_2x2,bucket,household
ROW40647,4318,survey-multi-select,23,161668,0,P1861,STUDY0009,SESS1478,multi_select,semantic_blocked,ms_blocked,0,"{""Q0"":[""none of these""]}",category_organization_2x2,phone,household
ROW40648,2864,survey-multi-select,24,164534,0,P1861,STUDY0009,SESS1478,multi_select,semantic_blocked,ms_blocked,0,"{""Q0"":[""material""]}",category_organization_2x2,piano,household
ROW40649,999,html-button-response,25,165534,0,P1861,STUDY0009,SESS1478,multi_select,semantic_blocked,ms_blocked,0,0,category_section_intro,,outside
ROW40650,3803,survey-multi-select,26,169338,0,P1861,STUDY0009,SESS1478,multi_select,semantic_blocked,ms_blocked,0,"{""Q0"":[""none of these""]}",category_organization_2x2,backyard,outside
ROW40651,4670,survey-multi-select,27,174010,0,P1861,STUDY0009,SESS1478,multi_select,semantic_blocked,ms_blocked,0,"{""Q0"":[""none of these""]}",category_organization_2x2,sprinkler,outside
ROW40652,1297,html-button-response,28,175308,0,P1861,STUDY0009,SESS1478,multi_select,semantic_blocked,ms_blocked,0,0,category_section_intro,,other
ROW40653,8708,survey-multi-select,29,184018,0,P1861,STUDY0009,SESS1478,multi_select,semantic_blocked,ms_blocked,0,"{""Q0"":[""material""]}",category_organization_2x2,beach,other
ROW40654,8442,survey-multi-select,30,192462,0,P1861,STUDY0009,SESS1478,multi_select,semantic_blocked,ms_blocked,0,"{""Q0"":[""none of these""]}",category_organization_2x2,blender,other
ROW40655,3241,survey-multi-select,31,195704,0,P1861,STUDY0009,SESS1478,multi_select,semantic_blocked,ms_blocked,0,"{""Q0"":[""material""]}",category_organization_2x2,machete,other
ROW40656,2366,survey-multi-select,32,198072,0,P1861,STUDY0009,SESS1478,multi_select,semantic_blocked,ms_blocked,0,"{""Q0"":[""none of these""]}",category_organization_2x2,lavender,attention_check
ROW40657,921,html-button-response,33,198994,0,P1861,STUDY0009,SESS1478,multi_select,semantic_blocked,ms_blocked,0,0,,,
ROW40658,3749,instructions,34,202744,0,P1861,STUDY0009,SESS1478,multi_select,semantic_blocked,ms_blocked,0,,,,
ROW40659,2619,instructions,0,2622,0,P1751,STUDY0009,SESS1497,multi_select,random,ms_random,0,,,,
ROW40660,2396,html-button-response,1,5020,0,P1751,STUDY0009,SESS1497,multi_select,random,ms_random,0,0,precautions_survey,,
ROW40661,4182,html-button-response,2,9203,0,P1751,STUDY0009,SESS1497,multi_select,random,ms_random,0,0,vocabulary_classification_criteria,,
ROW40662,3459,html-button-response,3,12663,0,P1751,STUDY0009,SESS1497,multi_select,random,ms_random,0,0,lavender_instruction,,
ROW40663,4185,survey-multi-select,4,16855,0,P1751,STUDY0009,SESS1497,multi_select,random,ms_random,0,"{""Q0"":[""shape""]}",category_organization_2x2,button,clothing
ROW40664,7410,survey-multi-select,5,24267,0,P1751,STUDY0009,SESS1497,multi_select,random,ms_random,0,"{""Q0"":[""none of these""]}",category_organization_2x2,water (beverage),food_drink
ROW40665,2738,survey-multi-select,6,27009,0,P1751,STUDY0009,SESS1497,multi_select,random,ms_random,0,"{""Q0"":[""material""]}",category_organization_2x2,dessert,food_drink
ROW40666,1591,survey-multi-select,7,28602,0,P1751,STUDY0009,SESS1497,multi_select,random,ms_random,0,"{""Q0"":[""material""]}",category_organization_2x2,cloth,household
ROW40667,3021,survey-multi-select,8,31626,0,P1751,STUDY0009,SESS1497,multi_select,random,ms_random,0,"{""Q0"":[""none of these""]}",category_organization_2x2,pelican,other
ROW40668,2655,survey-multi-select,9,34283,0,P1751,STUDY0009,SESS1497,multi_select,random,ms_random,0,"{""Q0"":[""none of these""]}",category_organization_2x2,accident,outside
ROW40669,3359,survey-multi-select,10,37644,0,P1751,STUDY0009,SESS1497,multi_select,random,ms_random,0,"{""Q0"":[""shape"",""material""]}",category_organization_2x2,penny,household
ROW40670,2658,survey-multi-select,11,40304,0,P1751,STUDY0009,SESS1497,multi_select,random,ms_random,0,"{""Q0"":[""none of these""]}",category_organization_2x2,waist,body_parts
ROW40671,4363,survey-multi-select,12,44669,0,P1751,STUDY0009,SESS1497,multi_select,random,ms_random,0,"{""Q0"":[""shape""]}",category_organization_2x2,cart,vehicles
ROW40672,3459,survey-multi-select,13,48130,0,P1751,STUDY0009,SESS1497,multi_select,random,ms_random,0,"{""Q0"":[""color"",""none of these""]}",category_organization_2x2,tiger,animals
ROW40673,4653,survey-multi-select,15,57544,0,P1751,STUDY0009,SESS1497,multi_select,random,ms_random,0,"{""Q0"":[""shape"",""color"",""material""]}",category_organization_2x2,thing,household
ROW40674,4758,survey-multi-select,14,52890,0,P1751,STUDY0009,SESS1497,multi_select,random,ms_random,0,"{""Q0"":[""none of these""]}",category_organization_2x2,lavender,attention_check
ROW40675,2759,survey-multi-select,16,60306,0,P1751,STUDY0009,SESS1497,multi_select,random,ms_random,0,"{""Q0"":[""shape"",""material""]}",category_organization_2x2,microwave,furniture_rooms
ROW40676,3291,survey-multi-select,17,63599,0,P1751,STUDY0009,SESS1497,multi_select,random,ms_random,0,"{""Q0"":[""shape"",""color""]}",category_organization_2x2,tail,body_parts
ROW40677,3164,survey-multi-select,18,66765,0,P1751,STUDY0009,SESS1497,multi_select,random,ms_random,0,"{""Q0"":[""material""]}",category_organization_2x2,broom,household
ROW40678,2463,survey-multi-select,19,69230,0,P1751,STUDY0009,SESS1497,multi_select,random,ms_random,0,"{""Q0"":[""shape""]}",category_organization_2x2,trumpet,toys
ROW40679,2969,survey-multi-select,20,72202,0,P1751,STUDY0009,SESS1497,multi_select,random,ms_random,0,"{""Q0"":[""none of these""]}",category_organization_2x2,bath,furniture_rooms
ROW40680,7248,survey-multi-select,21,79455,0,P1751,STUDY0009,SESS1497,multi_select,random,ms_random,0,"{""Q0"":[""none of these""]}",category_organization_2x2,river,outside
ROW40681,3682,survey-multi-select,23,87458,0,P1751,STUDY0009,SESS1497,multi_select,random,ms_random,0,"{""Q0"":[""color"",""material""]}",category_organization_2x2,curtain,furniture_rooms
ROW40682,4316,survey-multi-select,22,83774,0,P1751,STUDY0009,SESS1497,multi_select,random,ms_random,0,"{""Q0"":[""shape""]}",category_organization_2x2,seal (animal),animals
ROW40683,5251,survey-multi-select,24,92712,0,P1751,STUDY0009,SESS1497,multi_select,random,ms_random,0,"{""Q0"":[""shape""]}",category_organization_2x2,macaroni,food_drink
ROW40684,799,html-button-response,25,93512,0,P1751,STUDY0009,SESS1497,multi_select,random,ms_random,0,0,,,
ROW40685,1516,instructions,26,95029,0,P1751,STUDY0009,SESS1497,multi_select,random,ms_random,0,,,,
ROW40686,18647,instructions,0,18650,0,P0984,STUDY0009,SESS1483,multi_select,semantic_blocked,ms_blocked,0,,,,
ROW40687,10157,html-button-response,1,28809,0,P0984,STUDY0009,SESS1483,multi_select,semantic_blocked,ms_blocked,0,0,precautions_survey,,
ROW40688,15075,html-button-response,3,54211,0,P0984,STUDY0009,SESS1483,multi_select,semantic_blocked,ms_blocked,0,0,lavender_instruction,,
ROW40689,10324,html-button-response,2,39135,0,P0984,STUDY0009,SESS1483,multi_select,semantic_blocked,ms_blocked,0,0,vocabulary_classification_criteria,,
ROW40690,7528,html-button-response,4,61740,0,P0984,STUDY0009,SESS1483,multi_select,semantic_blocked,ms_blocked,0,0,category_section_intro,,toys
ROW40691,4578,survey-multi-select,5,66324,0,P0984,STUDY0009,SESS1483,multi_select,semantic_blocked,ms_blocked,0,"{""Q0"":[""shape""]}",category_organization_2x2,kite,toys
ROW40692,7510,survey-multi-select,6,73838,0,P0984,STUDY0009,SESS1483,multi_select,semantic_blocked,ms_blocked,0,"{""Q0"":[""shape"",""material""]}",category_organization_2x2,racket,toys
ROW40693,2690,html-button-response,7,76530,0,P0984,STUDY0009,SESS1483,multi_select,semantic_blocked,ms_blocked,0,0,category_section_intro,,animals
ROW40694,7028,survey-multi-select,8,83560,0,P0984,STUDY0009,SESS1483,multi_select,semantic_blocked,ms_blocked,0,"{""Q0"":[""shape"",""color""]}",category_organization_2x2,moose,animals
ROW40695,4224,survey-multi-select,9,87787,0,P0984,STUDY0009,SESS1483,multi_select,semantic_blocked,ms_blocked,0,"{""Q0"":[""shape"",""color""]}",category_organization_2x2,penguin,animals
ROW40696,2212,html-button-response,10,90002,0,P0984,STUDY0009,SESS1483,multi_select,semantic_blocked,ms_blocked,0,0,category_section_intro,,clothing
ROW40697,5950,survey-multi-select,11,95955,0,P0984,STUDY0009,SESS1483,multi_select,semantic_blocked,ms_blocked,0,"{""Q0"":[""shape"",""material""]}",category_organization_2x2,gloves,clothing
ROW40698,6257,instructions,0,6261,0,P1871,STUDY0009,SESS1471,multi_select,random,ms_random,0,,,,
ROW40699,13234,html-button-response,1,19502,0,P1871,STUDY0009,SESS1471,multi_select,random,ms_random,0,0,precautions_survey,,
ROW40700,20407,html-button-response,2,39914,0,P1871,STUDY0009,SESS1471,multi_select,random,ms_random,0,0,vocabulary_classification_criteria,,
ROW40701,7860,html-button-response,3,47767,0,P1871,STUDY0009,SESS1471,multi_select,random,ms_random,0,0,lavender_instruction,,
ROW40702,14242,survey-multi-select,4,62017,0,P1871,STUDY0009,SESS1471,multi_select,random,ms_random,0,"{""Q0"":[""none of these""]}",category_organization_2x2,lion,animals
ROW40703,6149,survey-multi-select,5,68176,0,P1871,STUDY0009,SESS1471,multi_select,random,ms_random,0,"{""Q0"":[""shape""]}",category_organization_2x2,lip,body_parts
ROW40704,6121,survey-multi-select,6,74304,0,P1871,STUDY0009,SESS1471,multi_select,random,ms_random,0,"{""Q0"":[""shape""]}",category_organization_2x2,pudding,food_drink
ROW40705,5872,survey-multi-select,7,80183,0,P1871,STUDY0009,SESS1471,multi_select,random,ms_random,0,"{""Q0"":[""shape""]}",category_organization_2x2,pill,household
ROW40706,6266,survey-multi-select,9,95150,0,P1871,STUDY0009,SESS1471,multi_select,random,ms_random,0,"{""Q0"":[""material""]}",category_organization_2x2,gun,toys
ROW40707,8692,survey-multi-select,8,88879,0,P1871,STUDY0009,SESS1471,multi_select,random,ms_random,0,"{""Q0"":[""none of these""]}",category_organization_2x2,shovel,outside
ROW40708,5674,survey-multi-select,11,107888,0,P1871,STUDY0009,SESS1471,multi_select,random,ms_random,0,"{""Q0"":[""shape""]}",category_organization_2x2,berry,food_drink
ROW40709,7046,survey-multi-select,10,102209,0,P1871,STUDY0009,SESS1471,multi_select,random,ms_random,0,"{""Q0"":[""shape""]}",category_organization_2x2,avocado,other
ROW40710,7520,survey-multi-select,13,118729,0,P1871,STUDY0009,SESS1471,multi_select,random,ms_random,0,"{""Q0"":[""none of these""]}",category_organization_2x2,camera,household
ROW40711,3308,survey-multi-select,12,111201,0,P1871,STUDY0009,SESS1471,multi_select,random,ms_random,0,"{""Q0"":[""none of these""]}",category_organization_2x2,lavender,attention_check
ROW40712,3503,survey-multi-select,14,122240,0,P1871,STUDY0009,SESS1471,multi_select,random,ms_random,0,"{""Q0"":[""shape""]}",category_organization_2x2,t-shirt,clothing
ROW40713,7598,survey-multi-select,15,129848,0,P1871,STUDY0009,SESS1471,multi_select,random,ms_random,0,"{""Q0"":[""none of these""]}",category_organization_2x2,medicine,household
ROW40714,5739,survey-multi-select,16,135592,0,P1871,STUDY0009,SESS1471,multi_select,random,ms_random,0,"{""Q0"":[""shape""]}",category_organization_2x2,firetruck,vehicles
ROW40715,6593,survey-multi-select,17,142191,0,P1871,STUDY0009,SESS1471,multi_select,random,ms_random,0,"{""Q0"":[""shape""]}",category_organization_2x2,bridge,outside
ROW40716,3825,survey-multi-select,18,146024,0,P1871,STUDY0009,SESS1471,multi_select,random,ms_random,0,"{""Q0"":[""none of these""]}",category_organization_2x2,soy sauce,food_drink
ROW40717,3619,survey-multi-select,19,149651,0,P1871,STUDY0009,SESS1471,multi_select,random,ms_random,0,"{""Q0"":[""shape""]}",category_organization_2x2,eyebrow,body_parts
ROW40718,5066,survey-multi-select,21,158281,0,P1871,STUDY0009,SESS1471,multi_select,random,ms_random,0,"{""Q0"":[""material""]}",category_organization_2x2,clothes,clothing
ROW40719,3548,survey-multi-select,20,153207,0,P1871,STUDY0009,SESS1471,multi_select,random,ms_random,0,"{""Q0"":[""color""]}",category_organization_2x2,snowman,outside
ROW40720,3603,survey-multi-select,22,161885,0,P1871,STUDY0009,SESS1471,multi_select,random,ms_random,0,"{""Q0"":[""material""]}",category_organization_2x2,shirt,clothing
ROW40721,2934,survey-multi-select,23,164828,0,P1871,STUDY0009,SESS1471,multi_select,random,ms_random,0,"{""Q0"":[""material""]}",category_organization_2x2,raincoat,clothing
ROW40722,3430,instructions,26,176964,0,P1871,STUDY0009,SESS1471,multi_select,random,ms_random,0,,,,
ROW40723,2300,html-button-response,25,173532,0,P1871,STUDY0009,SESS1471,multi_select,random,ms_random,0,0,,,
ROW40724,6394,survey-multi-select,24,171229,0,P1871,STUDY0009,SESS1471,multi_select,random,ms_random,0,"{""Q0"":[""shape""]}",category_organization_2x2,elephant,animals
ROW40725,5282,html-button-response,1,9663,0,P1811,STUDY0009,SESS1445,forced_choice,semantic_blocked,fc_blocked,0,0,precautions_survey,,
ROW40726,4369,instructions,0,4375,0,P1811,STUDY0009,SESS1445,forced_choice,semantic_blocked,fc_blocked,0,,,,
ROW40727,5624,html-button-response,3,42532,0,P1811,STUDY0009,SESS1445,forced_choice,semantic_blocked,fc_blocked,0,0,lavender_instruction,,
ROW40728,27241,html-button-response,2,36906,0,P1811,STUDY0009,SESS1445,forced_choice,semantic_blocked,fc_blocked,0,0,vocabulary_classification_criteria,,
ROW40729,9493,html-button-response,4,52027,0,P1811,STUDY0009,SESS1445,forced_choice,semantic_blocked,fc_blocked,0,0,category_section_intro,,vehicles
ROW40730,19371,survey-multi-choice,5,71405,0,P1811,STUDY0009,SESS1445,forced_choice,semantic_blocked,fc_blocked,0,"{""Q0"":""shape""}",category_organization_2x2,bus,vehicles
ROW40731,17639,survey-multi-choice,6,89049,0,P1811,STUDY0009,SESS1445,forced_choice,semantic_blocked,fc_blocked,0,"{""Q0"":""shape""}",category_organization_2x2,skate (object),vehicles
ROW40732,12100,html-button-response,9,110822,0,P1811,STUDY0009,SESS1445,forced_choice,semantic_blocked,fc_blocked,0,0,category_section_intro,,toys
ROW40733,5786,survey-multi-choice,8,98719,0,P1811,STUDY0009,SESS1445,forced_choice,semantic_blocked,fc_blocked,0,"{""Q0"":""shape""}",category_organization_2x2,stroller,vehicles
ROW40734,3877,survey-multi-choice,7,92929,0,P1811,STUDY0009,SESS1445,forced_choice,semantic_blocked,fc_blocked,0,"{""Q0"":""none of these""}",category_organization_2x2,skate (object),vehicles
ROW40735,5244,survey-multi-choice,10,116069,0,P1811,STUDY0009,SESS1445,forced_choice,semantic_blocked,fc_blocked,0,"{""Q0"":""none of these""}",category_organization_2x2,song,toys
ROW40736,5002,html-button-response,11,121073,0,P1811,STUDY0009,SESS1445,forced_choice,semantic_blocked,fc_blocked,0,0,category_section_intro,,animals
ROW40737,6194,instructions,0,6201,0,P0109,STUDY0009,SESS1419,forced_choice,semantic_blocked,fc_blocked,0,,,,
ROW40738,8508,html-button-response,1,14717,0,P0109,STUDY0009,SESS1419,forced_choice,semantic_blocked,fc_blocked,0,0,precautions_survey,,
ROW40739,140432,html-button-response,2,155152,0,P0109,STUDY0009,SESS1419,forced_choice,semantic_blocked,fc_blocked,0,0,vocabulary_classification_criteria,,
ROW40740,16039,html-button-response,3,171194,0,P0109,STUDY0009,SESS1419,forced_choice,semantic_blocked,fc_blocked,0,0,lavender_instruction,,
ROW40741,8213,survey-multi-choice,12,129289,0,P1811,STUDY0009,SESS1445,forced_choice,semantic_blocked,fc_blocked,0,"{""Q0"":""shape""}",category_organization_2x2,bunny,animals
ROW40742,5062,html-button-response,4,176260,0,P0109,STUDY0009,SESS1419,forced_choice,semantic_blocked,fc_blocked,0,0,category_section_intro,,toys
ROW40743,4917,survey-multi-choice,5,181190,0,P0109,STUDY0009,SESS1419,forced_choice,semantic_blocked,fc_blocked,0,"{""Q0"":""material""}",category_organization_2x2,clay,toys
ROW40744,5136,html-button-response,15,144142,0,P1811,STUDY0009,SESS1445,forced_choice,semantic_blocked,fc_blocked,0,0,category_section_intro,,furniture_rooms
ROW40745,5005,survey-multi-choice,14,139004,0,P1811,STUDY0009,SESS1445,forced_choice,semantic_blocked,fc_blocked,0,"{""Q0"":""none of these""}",category_organization_2x2,frog,animals
ROW40746,4705,survey-multi-choice,13,133997,0,P1811,STUDY0009,SESS1445,forced_choice,semantic_blocked,fc_blocked,0,"{""Q0"":""shape""}",category_organization_2x2,camel,animals
ROW40747,4627,survey-multi-choice,16,148771,0,P1811,STUDY0009,SESS1445,forced_choice,semantic_blocked,fc_blocked,0,"{""Q0"":""material""}",category_organization_2x2,tablecloth,furniture_rooms
ROW40748,2610,html-button-response,17,151383,0,P1811,STUDY0009,SESS1445,forced_choice,semantic_blocked,fc_blocked,0,0,category_section_intro,,food_drink
ROW40749,5169,survey-multi-choice,18,156554,0,P1811,STUDY0009,SESS1445,forced_choice,semantic_blocked,fc_blocked,0,"{""Q0"":""shape""}",category_organization_2x2,dumpling,food_drink
ROW40750,5301,survey-multi-choice,21,168318,0,P1811,STUDY0009,SESS1445,forced_choice,semantic_blocked,fc_blocked,0,"{""Q0"":""none of these""}",category_organization_2x2,belly button,body_parts
ROW40751,4797,survey-multi-choice,19,161354,0,P1811,STUDY0009,SESS1445,forced_choice,semantic_blocked,fc_blocked,0,"{""Q0"":""none of these""}",category_organization_2x2,porridge,food_drink
ROW40752,1659,html-button-response,20,163015,0,P1811,STUDY0009,SESS1445,forced_choice,semantic_blocked,fc_blocked,0,0,category_section_intro,,body_parts
ROW40753,4425,survey-multi-choice,22,172744,0,P1811,STUDY0009,SESS1445,forced_choice,semantic_blocked,fc_blocked,0,"{""Q0"":""shape""}",category_organization_2x2,buttocks,body_parts
ROW40754,3848,survey-multi-choice,23,176595,0,P1811,STUDY0009,SESS1445,forced_choice,semantic_blocked,fc_blocked,0,"{""Q0"":""none of these""}",category_organization_2x2,throat,body_parts
ROW40755,9187,survey-multi-choice,6,190384,0,P0109,STUDY0009,SESS1419,forced_choice,semantic_blocked,fc_blocked,0,"{""Q0"":""none of these""}",category_organization_2x2,doll,toys
ROW40756,3594,html-button-response,7,193981,0,P0109,STUDY0009,SESS1419,forced_choice,semantic_blocked,fc_blocked,0,0,category_section_intro,,clothing
ROW40757,8326,survey-multi-choice,8,202310,0,P0109,STUDY0009,SESS1419,forced_choice,semantic_blocked,fc_blocked,0,"{""Q0"":""shape""}",category_organization_2x2,mitten,clothing
ROW40759,4210,html-button-response,9,206523,0,P0109,STUDY0009,SESS1419,forced_choice,semantic_blocked,fc_blocked,0,0,category_section_intro,,furniture_rooms
ROW40758,1543,html-button-response,24,178140,0,P1811,STUDY0009,SESS1445,forced_choice,semantic_blocked,fc_blocked,0,0,category_section_intro,,household
ROW40760,5413,survey-multi-choice,10,211940,0,P0109,STUDY0009,SESS1419,forced_choice,semantic_blocked,fc_blocked,0,"{""Q0"":""shape""}",category_organization_2x2,door,furniture_rooms
ROW40761,4841,survey-multi-choice,11,216786,0,P0109,STUDY0009,SESS1419,forced_choice,semantic_blocked,fc_blocked,0,"{""Q0"":""shape""}",category_organization_2x2,table,furniture_rooms
ROW40762,5079,survey-multi-choice,25,183222,0,P1811,STUDY0009,SESS1445,forced_choice,semantic_blocked,fc_blocked,0,"{""Q0"":""shape""}",category_organization_2x2,basin,household
ROW40763,4105,survey-multi-choice,26,187328,0,P1811,STUDY0009,SESS1445,forced_choice,semantic_blocked,fc_blocked,0,"{""Q0"":""none of these""}",category_organization_2x2,mat,household
ROW40764,4737,survey-multi-choice,27,192067,0,P1811,STUDY0009,SESS1445,forced_choice,semantic_blocked,fc_blocked,0,"{""Q0"":""none of these""}",category_organization_2x2,neighborhood,household
ROW40765,2128,html-button-response,28,194198,0,P1811,STUDY0009,SESS1445,forced_choice,semantic_blocked,fc_blocked,0,0,category_section_intro,,outside
ROW40766,8048,survey-multi-choice,29,202249,0,P1811,STUDY0009,SESS1445,forced_choice,semantic_blocked,fc_blocked,0,"{""Q0"":""shape""}",category_organization_2x2,cloud,outside
ROW40767,4580,survey-multi-choice,31,212045,0,P1811,STUDY0009,SESS1445,forced_choice,semantic_blocked,fc_blocked,0,"{""Q0"":""none of these""}",category_organization_2x2,sea,outside
ROW40768,5210,survey-multi-choice,30,207462,0,P1811,STUDY0009,SESS1445,forced_choice,semantic_blocked,fc_blocked,0,"{""Q0"":""shape""}",category_organization_2x2,pipe,outside
ROW40769,3347,survey-multi-choice,32,215395,0,P1811,STUDY0009,SESS1445,forced_choice,semantic_blocked,fc_blocked,0,"{""Q0"":""none of these""}",category_organization_2x2,lavender,attention_check
ROW40770,1629,html-button-response,33,217027,0,P1811,STUDY0009,SESS1445,forced_choice,semantic_blocked,fc_blocked,0,0,,,
ROW40771,5239,instructions,34,222267,0,P1811,STUDY0009,SESS1445,forced_choice,semantic_blocked,fc_blocked,0,,,,
ROW40772,2428,html-button-response,12,219216,0,P0109,STUDY0009,SESS1419,forced_choice,semantic_blocked,fc_blocked,0,0,category_section_intro,,food_drink
ROW40773,5148,survey-multi-choice,13,224367,0,P0109,STUDY0009,SESS1419,forced_choice,semantic_blocked,fc_blocked,0,"{""Q0"":""material""}",category_organization_2x2,bread,food_drink
ROW40774,4974,survey-multi-choice,14,229346,0,P0109,STUDY0009,SESS1419,forced_choice,semantic_blocked,fc_blocked,0,"{""Q0"":""shape""}",category_organization_2x2,carrot,food_drink
ROW40775,4443,survey-multi-choice,15,233793,0,P0109,STUDY0009,SESS1419,forced_choice,semantic_blocked,fc_blocked,0,"{""Q0"":""none of these""}",category_organization_2x2,hamburger,food_drink
ROW40776,6208,survey-multi-choice,16,240005,0,P0109,STUDY0009,SESS1419,forced_choice,semantic_blocked,fc_blocked,0,"{""Q0"":""shape""}",category_organization_2x2,lettuce,food_drink
ROW40777,3198,survey-multi-choice,17,243207,0,P0109,STUDY0009,SESS1419,forced_choice,semantic_blocked,fc_blocked,0,"{""Q0"":""shape""}",category_organization_2x2,mango,food_drink
ROW40778,4679,survey-multi-choice,18,247893,0,P0109,STUDY0009,SESS1419,forced_choice,semantic_blocked,fc_blocked,0,"{""Q0"":""none of these""}",category_organization_2x2,noodles,food_drink
ROW40779,3604,survey-multi-choice,19,251501,0,P0109,STUDY0009,SESS1419,forced_choice,semantic_blocked,fc_blocked,0,"{""Q0"":""shape""}",category_organization_2x2,pineapple,food_drink
ROW40780,2194,html-button-response,20,253699,0,P0109,STUDY0009,SESS1419,forced_choice,semantic_blocked,fc_blocked,0,0,category_section_intro,,household
ROW40781,7027,survey-multi-choice,22,266426,0,P0109,STUDY0009,SESS1419,forced_choice,semantic_blocked,fc_blocked,0,"{""Q0"":""none of these""}",category_organization_2x2,cushion,household
ROW40782,5694,survey-multi-choice,21,259396,0,P0109,STUDY0009,SESS1419,forced_choice,semantic_blocked,fc_blocked,0,"{""Q0"":""shape""}",category_organization_2x2,can (object),household
ROW40783,4210,survey-multi-choice,23,270640,0,P0109,STUDY0009,SESS1419,forced_choice,semantic_blocked,fc_blocked,0,"{""Q0"":""shape""}",category_organization_2x2,fork,household
ROW40784,3545,survey-multi-choice,24,274187,0,P0109,STUDY0009,SESS1419,forced_choice,semantic_blocked,fc_blocked,0,"{""Q0"":""none of these""}",category_organization_2x2,garbage,household
ROW40785,1723,html-button-response,25,275914,0,P0109,STUDY0009,SESS1419,forced_choice,semantic_blocked,fc_blocked,0,0,category_section_intro,,outside
ROW40786,3934,survey-multi-choice,26,279851,0,P0109,STUDY0009,SESS1419,forced_choice,semantic_blocked,fc_blocked,0,"{""Q0"":""none of these""}",category_organization_2x2,thunder,outside
ROW40787,2378,html-button-response,27,282232,0,P0109,STUDY0009,SESS1419,forced_choice,semantic_blocked,fc_blocked,0,0,category_section_intro,,other
ROW40788,3822,survey-multi-choice,28,286056,0,P0109,STUDY0009,SESS1419,forced_choice,semantic_blocked,fc_blocked,0,"{""Q0"":""none of these""}",category_organization_2x2,and,other
ROW40789,3687,survey-multi-choice,29,289746,0,P0109,STUDY0009,SESS1419,forced_choice,semantic_blocked,fc_blocked,0,"{""Q0"":""none of these""}",category_organization_2x2,nursery,other
ROW40790,4579,survey-multi-choice,30,294327,0,P0109,STUDY0009,SESS1419,forced_choice,semantic_blocked,fc_blocked,0,"{""Q0"":""none of these""}",category_organization_2x2,pita,other
ROW40791,6358,survey-multi-choice,31,300689,0,P0109,STUDY0009,SESS1419,forced_choice,semantic_blocked,fc_blocked,0,"{""Q0"":""none of these""}",category_organization_2x2,lavender,attention_check
ROW40792,1930,html-button-response,32,302621,0,P0109,STUDY0009,SESS1419,forced_choice,semantic_blocked,fc_blocked,0,0,,,
ROW40793,2214,instructions,33,304837,0,P0109,STUDY0009,SESS1419,forced_choice,semantic_blocked,fc_blocked,0,,,,
ROW40794,5370,html-button-response,1,16801,0,P0252,STUDY0009,SESS1453,forced_choice,semantic_blocked,fc_blocked,0,0,precautions_survey,,
ROW40795,4746,html-button-response,4,42481,0,P0252,STUDY0009,SESS1453,forced_choice,semantic_blocked,fc_blocked,0,0,category_section_intro,,toys
ROW40796,4033,html-button-response,3,37734,0,P0252,STUDY0009,SESS1453,forced_choice,semantic_blocked,fc_blocked,0,0,lavender_instruction,,
ROW40797,11425,instructions,0,11428,0,P0252,STUDY0009,SESS1453,forced_choice,semantic_blocked,fc_blocked,0,,,,
ROW40798,5300,survey-multi-choice,5,47785,0,P0252,STUDY0009,SESS1453,forced_choice,semantic_blocked,fc_blocked,0,"{""Q0"":""material""}",category_organization_2x2,crayon,toys
ROW40799,16898,html-button-response,2,33700,0,P0252,STUDY0009,SESS1453,forced_choice,semantic_blocked,fc_blocked,0,0,vocabulary_classification_criteria,,
ROW40800,2666,html-button-response,7,55749,0,P0252,STUDY0009,SESS1453,forced_choice,semantic_blocked,fc_blocked,0,0,category_section_intro,,animals
ROW40801,5099,survey-multi-choice,8,60850,0,P0252,STUDY0009,SESS1453,forced_choice,semantic_blocked,fc_blocked,0,"{""Q0"":""shape""}",category_organization_2x2,rooster,animals
ROW40802,5295,survey-multi-choice,6,53082,0,P0252,STUDY0009,SESS1453,forced_choice,semantic_blocked,fc_blocked,0,"{""Q0"":""shape""}",category_organization_2x2,notebook,toys
ROW40803,2952,survey-multi-choice,9,63804,0,P0252,STUDY0009,SESS1453,forced_choice,semantic_blocked,fc_blocked,0,"{""Q0"":""shape""}",category_organization_2x2,stork,animals
ROW40804,2478,html-button-response,10,66283,0,P0252,STUDY0009,SESS1453,forced_choice,semantic_blocked,fc_blocked,0,0,category_section_intro,,clothing
ROW40805,6483,survey-multi-choice,11,72768,0,P0252,STUDY0009,SESS1453,forced_choice,semantic_blocked,fc_blocked,0,"{""Q0"":""material""}",category_organization_2x2,jacket,clothing
ROW40806,3383,survey-multi-choice,12,76152,0,P0252,STUDY0009,SESS1453,forced_choice,semantic_blocked,fc_blocked,0,"{""Q0"":""shape""}",category_organization_2x2,shorts,clothing
ROW40807,4114,survey-multi-choice,13,80267,0,P0252,STUDY0009,SESS1453,forced_choice,semantic_blocked,fc_blocked,0,"{""Q0"":""shape""}",category_organization_2x2,zipper,clothing
ROW40808,1733,html-button-response,14,82002,0,P0252,STUDY0009,SESS1453,forced_choice,semantic_blocked,fc_blocked,0,0,category_section_intro,,furniture_rooms
ROW40809,5914,survey-multi-choice,15,87917,0,P0252,STUDY0009,SESS1453,forced_choice,semantic_blocked,fc_blocked,0,"{""Q0"":""shape""}",category_organization_2x2,cupboard,furniture_rooms
ROW40810,1930,html-button-response,16,89849,0,P0252,STUDY0009,SESS1453,forced_choice,semantic_blocked,fc_blocked,0,0,category_section_intro,,food_drink
ROW40811,5651,survey-multi-choice,17,95502,0,P0252,STUDY0009,SESS1453,forced_choice,semantic_blocked,fc_blocked,0,"{""Q0"":""material""}",category_organization_2x2,cottage cheese,food_drink
ROW40812,3664,survey-multi-choice,18,99167,0,P0252,STUDY0009,SESS1453,forced_choice,semantic_blocked,fc_blocked,0,"{""Q0"":""color""}",category_organization_2x2,ham,food_drink
ROW40813,4015,survey-multi-choice,20,106850,0,P0252,STUDY0009,SESS1453,forced_choice,semantic_blocked,fc_blocked,0,"{""Q0"":""material""}",category_organization_2x2,yogurt,food_drink
ROW40814,3762,survey-multi-choice,23,117182,0,P0252,STUDY0009,SESS1453,forced_choice,semantic_blocked,fc_blocked,0,"{""Q0"":""shape""}",category_organization_2x2,eye,body_parts
ROW40815,3665,survey-multi-choice,19,102833,0,P0252,STUDY0009,SESS1453,forced_choice,semantic_blocked,fc_blocked,0,"{""Q0"":""shape""}",category_organization_2x2,popsicle,food_drink
ROW40816,4883,survey-multi-choice,22,113419,0,P0252,STUDY0009,SESS1453,forced_choice,semantic_blocked,fc_blocked,0,"{""Q0"":""shape""}",category_organization_2x2,eye,body_parts
ROW40817,1683,html-button-response,21,108535,0,P0252,STUDY0009,SESS1453,forced_choice,semantic_blocked,fc_blocked,0,0,category_section_intro,,body_parts
ROW40818,3149,html-button-response,1,6108,0,P0655,STUDY0009,SESS1490,multi_select,random,ms_random,0,0,precautions_survey,,
ROW40819,2951,instructions,0,2955,0,P0655,STUDY0009,SESS1490,multi_select,random,ms_random,0,,,,
ROW40820,8564,html-button-response,2,14673,0,P0655,STUDY0009,SESS1490,multi_select,random,ms_random,0,0,vocabulary_classification_criteria,,
ROW40821,7710,html-button-response,3,22385,0,P0655,STUDY0009,SESS1490,multi_select,random,ms_random,0,0,lavender_instruction,,
ROW40822,10786,survey-multi-select,4,33175,0,P0655,STUDY0009,SESS1490,multi_select,random,ms_random,0,"{""Q0"":[""color""]}",category_organization_2x2,ginger,other
ROW40823,11019,survey-multi-select,5,44199,0,P0655,STUDY0009,SESS1490,multi_select,random,ms_random,0,"{""Q0"":[""shape"",""material""]}",category_organization_2x2,jar,household
ROW40824,4133,survey-multi-choice,24,121317,0,P0252,STUDY0009,SESS1453,forced_choice,semantic_blocked,fc_blocked,0,"{""Q0"":""shape""}",category_organization_2x2,palm,body_parts
ROW40825,1930,html-button-response,25,123249,0,P0252,STUDY0009,SESS1453,forced_choice,semantic_blocked,fc_blocked,0,0,category_section_intro,,household
ROW40826,8928,survey-multi-select,6,53129,0,P0655,STUDY0009,SESS1490,multi_select,random,ms_random,0,"{""Q0"":[""color"",""material""]}",category_organization_2x2,ground,outside
ROW40827,5465,survey-multi-choice,26,128715,0,P0252,STUDY0009,SESS1453,forced_choice,semantic_blocked,fc_blocked,0,"{""Q0"":""material""}",category_organization_2x2,bandaid,household
ROW40828,5951,survey-multi-select,7,59084,0,P0655,STUDY0009,SESS1490,multi_select,random,ms_random,0,"{""Q0"":[""color""]}",category_organization_2x2,pork,food_drink
ROW40829,6492,survey-multi-select,8,65580,0,P0655,STUDY0009,SESS1490,multi_select,random,ms_random,0,"{""Q0"":[""shape"",""color"",""material""]}",category_organization_2x2,crayon,toys
ROW40830,2899,survey-multi-choice,27,131616,0,P0252,STUDY0009,SESS1453,forced_choice,semantic_blocked,fc_blocked,0,"{""Q0"":""shape""}",category_organization_2x2,knife,household
ROW40831,1683,html-button-response,29,136367,0,P0252,STUDY0009,SESS1453,forced_choice,semantic_blocked,fc_blocked,0,0,category_section_intro,,outside
ROW40832,3065,survey-multi-choice,28,134683,0,P0252,STUDY0009,SESS1453,forced_choice,semantic_blocked,fc_blocked,0,"{""Q0"":""shape""}",category_organization_2x2,trash can,household
ROW40833,7166,survey-multi-select,9,72749,0,P0655,STUDY0009,SESS1490,multi_select,random,ms_random,0,"{""Q0"":[""shape""]}",category_organization_2x2,calf,animals
ROW40834,3163,survey-multi-select,10,75916,0,P0655,STUDY0009,SESS1490,multi_select,random,ms_random,0,"{""Q0"":[""none of these""]}",category_organization_2x2,lavender,attention_check
ROW40835,9481,survey-multi-select,11,85399,0,P0655,STUDY0009,SESS1490,multi_select,random,ms_random,0,"{""Q0"":[""none of these""]}",category_organization_2x2,plantain,food_drink
ROW40836,3829,survey-multi-choice,30,140198,0,P0252,STUDY0009,SESS1453,forced_choice,semantic_blocked,fc_blocked,0,"{""Q0"":""shape""}",category_organization_2x2,flag,outside
ROW40837,7945,survey-multi-select,12,93347,0,P0655,STUDY0009,SESS1490,multi_select,random,ms_random,0,"{""Q0"":[""material""]}",category_organization_2x2,picture,household
ROW40838,7509,survey-multi-select,13,100859,0,P0655,STUDY0009,SESS1490,multi_select,random,ms_random,0,"{""Q0"":[""shape"",""color""]}",category_organization_2x2,ox,other
ROW40839,3764,survey-multi-select,14,104624,0,P0655,STUDY0009,SESS1490,multi_select,random,ms_random,0,"{""Q0"":[""shape"",""color""]}",category_organization_2x2,moon,outside
ROW40840,1548,html-button-response,31,141748,0,P0252,STUDY0009,SESS1453,forced_choice,semantic_blocked,fc_blocked,0,0,category_section_intro,,other
ROW40841,2766,survey-multi-choice,33,148551,0,P0252,STUDY0009,SESS1453,forced_choice,semantic_blocked,fc_blocked,0,"{""Q0"":""none of these""}",category_organization_2x2,lavender,attention_check
ROW40842,4034,survey-multi-choice,32,145783,0,P0252,STUDY0009,SESS1453,forced_choice,semantic_blocked,fc_blocked,0,"{""Q0"":""shape""}",category_organization_2x2,llama,other
ROW40843,2005,html-button-response,34,150557,0,P0252,STUDY0009,SESS1453,forced_choice,semantic_blocked,fc_blocked,0,0,,,
ROW40844,3705,instructions,35,154263,0,P0252,STUDY0009,SESS1453,forced_choice,semantic_blocked,fc_blocked,0,,,,
ROW40845,4952,survey-multi-select,15,109579,0,P0655,STUDY0009,SESS1490,multi_select,random,ms_random,0,"{""Q0"":[""shape"",""color""]}",category_organization_2x2,panda,animals
ROW40846,5463,survey-multi-select,16,115044,0,P0655,STUDY0009,SESS1490,multi_select,random,ms_random,0,"{""Q0"":[""shape"",""material""]}",category_organization_2x2,pacifier,household
ROW40847,5063,survey-multi-select,17,120109,0,P0655,STUDY0009,SESS1490,multi_select,random,ms_random,0,"{""Q0"":[""shape"",""color""]}",category_organization_2x2,egg,food_drink
ROW40848,2595,survey-multi-select,18,122705,0,P0655,STUDY0009,SESS1490,multi_select,random,ms_random,0,"{""Q0"":[""none of these""]}",category_organization_2x2,plaza,other
ROW40849,5734,survey-multi-select,19,128441,0,P0655,STUDY0009,SESS1490,multi_select,random,ms_random,0,"{""Q0"":[""shape"",""color"",""material""]}",category_organization_2x2,cigarette,other
ROW40850,3773,survey-multi-select,20,132217,0,P0655,STUDY0009,SESS1490,multi_select,random,ms_random,0,"{""Q0"":[""none of these""]}",category_organization_2x2,pizza,food_drink
ROW40851,3221,survey-multi-select,23,145300,0,P0655,STUDY0009,SESS1490,multi_select,random,ms_random,0,"{""Q0"":[""none of these""]}",category_organization_2x2,medicine,household
ROW40852,4676,survey-multi-select,21,136895,0,P0655,STUDY0009,SESS1490,multi_select,random,ms_random,0,"{""Q0"":[""material""]}",category_organization_2x2,house,furniture_rooms
ROW40853,5180,survey-multi-select,22,142077,0,P0655,STUDY0009,SESS1490,multi_select,random,ms_random,0,"{""Q0"":[""shape"",""color"",""material""]}",category_organization_2x2,hanger,household
ROW40854,4592,survey-multi-select,24,149894,0,P0655,STUDY0009,SESS1490,multi_select,random,ms_random,0,"{""Q0"":[""shape""]}",category_organization_2x2,rat,other
ROW40855,1366,html-button-response,25,151262,0,P0655,STUDY0009,SESS1490,multi_select,random,ms_random,0,0,,,
ROW40856,26567,instructions,26,177829,0,P0655,STUDY0009,SESS1490,multi_select,random,ms_random,0,,,,
ROW40857,35804,instructions,0,35807,0,P1660,STUDY0009,SESS1452,forced_choice,random,fc_random,0,,,,
ROW40858,1266,html-button-response,1,37075,0,P1660,STUDY0009,SESS1452,forced_choice,random,fc_random,0,0,precautions_survey,,
ROW40859,2182,html-button-response,2,39257,0,P1660,STUDY0009,SESS1452,forced_choice,random,fc_random,0,0,vocabulary_classification_criteria,,
ROW40860,2693,html-button-response,3,41951,0,P1660,STUDY0009,SESS1452,forced_choice,random,fc_random,0,0,lavender_instruction,,
ROW40861,6796,survey-multi-choice,4,48749,0,P1660,STUDY0009,SESS1452,forced_choice,random,fc_random,0,"{""Q0"":""none of these""}",category_organization_2x2,pacifier,household
ROW40862,3860,survey-multi-choice,5,52611,0,P1660,STUDY0009,SESS1452,forced_choice,random,fc_random,0,"{""Q0"":""color""}",category_organization_2x2,eye,body_parts
ROW40863,6524,survey-multi-choice,6,59136,0,P1660,STUDY0009,SESS1452,forced_choice,random,fc_random,0,"{""Q0"":""shape""}",category_organization_2x2,cockroach,animals
ROW40864,5533,survey-multi-choice,8,93698,0,P1660,STUDY0009,SESS1452,forced_choice,random,fc_random,0,"{""Q0"":""shape""}",category_organization_2x2,watch (object),household
ROW40865,29026,survey-multi-choice,7,88164,0,P1660,STUDY0009,SESS1452,forced_choice,random,fc_random,0,"{""Q0"":""none of these""}",category_organization_2x2,palm,body_parts
ROW40866,9996,survey-multi-choice,9,103695,0,P1660,STUDY0009,SESS1452,forced_choice,random,fc_random,0,"{""Q0"":""none of these""}",category_organization_2x2,butter,food_drink
ROW40867,11304,survey-multi-choice,11,118391,0,P1660,STUDY0009,SESS1452,forced_choice,random,fc_random,0,"{""Q0"":""shape""}",category_organization_2x2,pita,other
ROW40868,3389,survey-multi-choice,10,107086,0,P1660,STUDY0009,SESS1452,forced_choice,random,fc_random,0,"{""Q0"":""color""}",category_organization_2x2,smoke,outside
ROW40869,3596,survey-multi-choice,12,121989,0,P1660,STUDY0009,SESS1452,forced_choice,random,fc_random,0,"{""Q0"":""color""}",category_organization_2x2,lavender,attention_check
ROW40870,3758,survey-multi-choice,13,125748,0,P1660,STUDY0009,SESS1452,forced_choice,random,fc_random,0,"{""Q0"":""shape""}",category_organization_2x2,rake (object),toys
ROW40871,2629,survey-multi-choice,14,128378,0,P1660,STUDY0009,SESS1452,forced_choice,random,fc_random,0,"{""Q0"":""material""}",category_organization_2x2,diaper,clothing
ROW40872,2357,survey-multi-choice,15,130737,0,P1660,STUDY0009,SESS1452,forced_choice,random,fc_random,0,"{""Q0"":""material""}",category_organization_2x2,clothing,clothing
ROW40873,5436,survey-multi-choice,16,136174,0,P1660,STUDY0009,SESS1452,forced_choice,random,fc_random,0,"{""Q0"":""shape""}",category_organization_2x2,tooth,body_parts
ROW40874,24449,survey-multi-choice,17,160625,0,P1660,STUDY0009,SESS1452,forced_choice,random,fc_random,0,"{""Q0"":""none of these""}",category_organization_2x2,jelly,food_drink
ROW40875,5602,survey-multi-choice,18,166229,0,P1660,STUDY0009,SESS1452,forced_choice,random,fc_random,0,"{""Q0"":""shape""}",category_organization_2x2,couch,furniture_rooms
ROW40876,4573,survey-multi-choice,19,170803,0,P1660,STUDY0009,SESS1452,forced_choice,random,fc_random,0,"{""Q0"":""shape""}",category_organization_2x2,snail,animals
ROW40877,7747,survey-multi-choice,20,178551,0,P1660,STUDY0009,SESS1452,forced_choice,random,fc_random,0,"{""Q0"":""shape""}",category_organization_2x2,neck,body_parts
ROW40878,3037,survey-multi-choice,21,181589,0,P1660,STUDY0009,SESS1452,forced_choice,random,fc_random,0,"{""Q0"":""shape""}",category_organization_2x2,chair,furniture_rooms
ROW40879,30721,survey-multi-choice,22,212313,0,P1660,STUDY0009,SESS1452,forced_choice,random,fc_random,0,"{""Q0"":""shape""}",category_organization_2x2,washing machine,furniture_rooms
ROW40880,23029,survey-multi-choice,23,235343,0,P1660,STUDY0009,SESS1452,forced_choice,random,fc_random,0,"{""Q0"":""shape""}",category_organization_2x2,crane,vehicles
ROW40881,4381,survey-multi-choice,24,239725,0,P1660,STUDY0009,SESS1452,forced_choice,random,fc_random,0,"{""Q0"":""color""}",category_organization_2x2,plum,food_drink
ROW40882,1662,html-button-response,25,241388,0,P1660,STUDY0009,SESS1452,forced_choice,random,fc_random,0,0,,,
ROW40883,1446,instructions,26,242835,0,P1660,STUDY0009,SESS1452,forced_choice,random,fc_random,0,,,,
ROW40884,6834,instructions,0,6835,0,P1689,STUDY0009,SESS1492,forced_choice,random,fc_random,0,,,,
ROW40885,6605,html-button-response,1,13440,0,P1689,STUDY0009,SESS1492,forced_choice,random,fc_random,0,0,precautions_survey,,
ROW40886,12732,html-button-response,2,26173,0,P1689,STUDY0009,SESS1492,forced_choice,random,fc_random,0,0,vocabulary_classification_criteria,,
ROW40887,4690,html-button-response,3,30863,0,P1689,STUDY0009,SESS1492,forced_choice,random,fc_random,0,0,lavender_instruction,,
ROW40888,7371,survey-multi-choice,4,38235,0,P1689,STUDY0009,SESS1492,forced_choice,random,fc_random,0,"{""Q0"":""none of these""}",category_organization_2x2,rooster,animals
ROW40889,6136,survey-multi-choice,5,44372,0,P1689,STUDY0009,SESS1492,forced_choice,random,fc_random,0,"{""Q0"":""shape""}",category_organization_2x2,cradle,other
ROW40890,5057,survey-multi-choice,6,49430,0,P1689,STUDY0009,SESS1492,forced_choice,random,fc_random,0,"{""Q0"":""shape""}",category_organization_2x2,jacket,clothing
ROW40891,6659,survey-multi-choice,7,56089,0,P1689,STUDY0009,SESS1492,forced_choice,random,fc_random,0,"{""Q0"":""shape""}",category_organization_2x2,cookie,food_drink
ROW40892,4283,survey-multi-choice,8,60373,0,P1689,STUDY0009,SESS1492,forced_choice,random,fc_random,0,"{""Q0"":""none of these""}",category_organization_2x2,dryer,furniture_rooms
ROW40893,3112,survey-multi-choice,9,63485,0,P1689,STUDY0009,SESS1492,forced_choice,random,fc_random,0,"{""Q0"":""material""}",category_organization_2x2,birch,other
ROW40894,3686,survey-multi-choice,11,70444,0,P1689,STUDY0009,SESS1492,forced_choice,random,fc_random,0,"{""Q0"":""shape""}",category_organization_2x2,clock,household
ROW40895,3272,survey-multi-choice,10,66757,0,P1689,STUDY0009,SESS1492,forced_choice,random,fc_random,0,"{""Q0"":""color""}",category_organization_2x2,green beans,food_drink
ROW40896,2228,survey-multi-choice,12,72673,0,P1689,STUDY0009,SESS1492,forced_choice,random,fc_random,0,"{""Q0"":""color""}",category_organization_2x2,ketchup,food_drink
ROW40897,4680,survey-multi-choice,13,77354,0,P1689,STUDY0009,SESS1492,forced_choice,random,fc_random,0,"{""Q0"":""shape""}",category_organization_2x2,goose,animals
ROW40898,1954,survey-multi-choice,14,79308,0,P1689,STUDY0009,SESS1492,forced_choice,random,fc_random,0,"{""Q0"":""shape""}",category_organization_2x2,doll,toys
ROW40899,2657,survey-multi-choice,15,81966,0,P1689,STUDY0009,SESS1492,forced_choice,random,fc_random,0,"{""Q0"":""none of these""}",category_organization_2x2,lavender,attention_check
ROW40900,6539,survey-multi-choice,17,90630,0,P1689,STUDY0009,SESS1492,forced_choice,random,fc_random,0,"{""Q0"":""none of these""}",category_organization_2x2,breast,body_parts
ROW40901,2124,survey-multi-choice,16,84090,0,P1689,STUDY0009,SESS1492,forced_choice,random,fc_random,0,"{""Q0"":""shape""}",category_organization_2x2,toilet,furniture_rooms
ROW40902,4713,survey-multi-choice,18,95344,0,P1689,STUDY0009,SESS1492,forced_choice,random,fc_random,0,"{""Q0"":""none of these""}",category_organization_2x2,samosa,food_drink
ROW40903,3371,survey-multi-choice,19,98715,0,P1689,STUDY0009,SESS1492,forced_choice,random,fc_random,0,"{""Q0"":""shape""}",category_organization_2x2,helmet,clothing
ROW40904,1533,survey-multi-choice,20,100249,0,P1689,STUDY0009,SESS1492,forced_choice,random,fc_random,0,"{""Q0"":""shape""}",category_organization_2x2,mouse,animals
ROW40906,3148,survey-multi-choice,22,106503,0,P1689,STUDY0009,SESS1492,forced_choice,random,fc_random,0,"{""Q0"":""shape""}",category_organization_2x2,tray,household
ROW40905,3105,survey-multi-choice,21,103355,0,P1689,STUDY0009,SESS1492,forced_choice,random,fc_random,0,"{""Q0"":""material""}",category_organization_2x2,laundry,other
ROW40907,1855,survey-multi-choice,23,108358,0,P1689,STUDY0009,SESS1492,forced_choice,random,fc_random,0,"{""Q0"":""shape""}",category_organization_2x2,shoe,clothing
ROW40908,3073,survey-multi-choice,24,111432,0,P1689,STUDY0009,SESS1492,forced_choice,random,fc_random,0,"{""Q0"":""material""}",category_organization_2x2,money,household
ROW40909,798,html-button-response,25,112231,0,P1689,STUDY0009,SESS1492,forced_choice,random,fc_random,0,0,,,
ROW40910,3540,instructions,26,115772,0,P1689,STUDY0009,SESS1492,forced_choice,random,fc_random,0,,,,
ROW40911,3394,html-button-response,1,6962,0,P0157,STUDY0009,SESS1494,multi_select,semantic_blocked,ms_blocked,0,0,precautions_survey,,
ROW40912,3565,instructions,0,3566,0,P0157,STUDY0009,SESS1494,multi_select,semantic_blocked,ms_blocked,0,,,,
ROW40913,5921,html-button-response,2,12883,0,P0157,STUDY0009,SESS1494,multi_select,semantic_blocked,ms_blocked,0,0,vocabulary_classification_criteria,,
ROW40914,1806,html-button-response,4,17861,0,P0157,STUDY0009,SESS1494,multi_select,semantic_blocked,ms_blocked,0,0,category_section_intro,,vehicles
ROW40915,3171,html-button-response,3,16055,0,P0157,STUDY0009,SESS1494,multi_select,semantic_blocked,ms_blocked,0,0,lavender_instruction,,
ROW40916,7145,survey-multi-select,5,25008,0,P0157,STUDY0009,SESS1494,multi_select,semantic_blocked,ms_blocked,0,"{""Q0"":[""material""]}",category_organization_2x2,cart,vehicles
ROW40917,1946,html-button-response,6,26955,0,P0157,STUDY0009,SESS1494,multi_select,semantic_blocked,ms_blocked,0,0,category_section_intro,,toys
ROW40918,12733,survey-multi-select,7,39689,0,P0157,STUDY0009,SESS1494,multi_select,semantic_blocked,ms_blocked,0,"{""Q0"":[""shape""]}",category_organization_2x2,trumpet,toys
ROW40919,2931,survey-multi-select,9,44298,0,P0157,STUDY0009,SESS1494,multi_select,semantic_blocked,ms_blocked,0,"{""Q0"":[""shape""]}",category_organization_2x2,seal (animal),animals
ROW40920,5880,survey-multi-select,10,50180,0,P0157,STUDY0009,SESS1494,multi_select,semantic_blocked,ms_blocked,0,"{""Q0"":[""color""]}",category_organization_2x2,tiger,animals
ROW40921,1327,html-button-response,11,51507,0,P0157,STUDY0009,SESS1494,multi_select,semantic_blocked,ms_blocked,0,0,category_section_intro,,clothing
ROW40922,1677,html-button-response,8,41366,0,P0157,STUDY0009,SESS1494,multi_select,semantic_blocked,ms_blocked,0,0,category_section_intro,,animals
ROW40923,8872,survey-multi-select,12,60380,0,P0157,STUDY0009,SESS1494,multi_select,semantic_blocked,ms_blocked,0,"{""Q0"":[""none of these""]}",category_organization_2x2,button,clothing
ROW40924,2627,html-button-response,13,63008,0,P0157,STUDY0009,SESS1494,multi_select,semantic_blocked,ms_blocked,0,0,category_section_intro,,furniture_rooms
ROW40925,11155,survey-multi-select,14,74164,0,P0157,STUDY0009,SESS1494,multi_select,semantic_blocked,ms_blocked,0,"{""Q0"":[""none of these""]}",category_organization_2x2,bath,furniture_rooms
ROW40926,5009,survey-multi-select,15,79173,0,P0157,STUDY0009,SESS1494,multi_select,semantic_blocked,ms_blocked,0,"{""Q0"":[""material""]}",category_organization_2x2,curtain,furniture_rooms
ROW40927,4567,survey-multi-select,16,83741,0,P0157,STUDY0009,SESS1494,multi_select,semantic_blocked,ms_blocked,0,"{""Q0"":[""material""]}",category_organization_2x2,microwave,furniture_rooms
ROW40928,1243,html-button-response,17,84985,0,P0157,STUDY0009,SESS1494,multi_select,semantic_blocked,ms_blocked,0,0,category_section_intro,,food_drink
ROW40929,8515,survey-multi-select,18,93501,0,P0157,STUDY0009,SESS1494,multi_select,semantic_blocked,ms_blocked,0,"{""Q0"":[""material""]}",category_organization_2x2,dessert,food_drink
ROW40930,3401,survey-multi-select,19,96903,0,P0157,STUDY0009,SESS1494,multi_select,semantic_blocked,ms_blocked,0,"{""Q0"":[""shape""]}",category_organization_2x2,macaroni,food_drink
ROW40931,7274,survey-multi-select,20,104179,0,P0157,STUDY0009,SESS1494,multi_select,semantic_blocked,ms_blocked,0,"{""Q0"":[""material""]}",category_organization_2x2,water (beverage),food_drink
ROW40932,1440,html-button-response,21,105619,0,P0157,STUDY0009,SESS1494,multi_select,semantic_blocked,ms_blocked,0,0,category_section_intro,,body_parts
ROW40933,4021,survey-multi-select,22,109641,0,P0157,STUDY0009,SESS1494,multi_select,semantic_blocked,ms_blocked,0,"{""Q0"":[""shape""]}",category_organization_2x2,tail,body_parts
ROW40934,3857,survey-multi-select,23,113499,0,P0157,STUDY0009,SESS1494,multi_select,semantic_blocked,ms_blocked,0,"{""Q0"":[""shape""]}",category_organization_2x2,waist,body_parts
ROW40935,1082,html-button-response,24,114581,0,P0157,STUDY0009,SESS1494,multi_select,semantic_blocked,ms_blocked,0,0,category_section_intro,,household
ROW40936,6359,survey-multi-select,25,120940,0,P0157,STUDY0009,SESS1494,multi_select,semantic_blocked,ms_blocked,0,"{""Q0"":[""material""]}",category_organization_2x2,broom,household
ROW40937,4773,survey-multi-select,26,125714,0,P0157,STUDY0009,SESS1494,multi_select,semantic_blocked,ms_blocked,0,"{""Q0"":[""material""]}",category_organization_2x2,cloth,household
ROW40938,6099,survey-multi-select,27,131814,0,P0157,STUDY0009,SESS1494,multi_select,semantic_blocked,ms_blocked,0,"{""Q0"":[""color""]}",category_organization_2x2,penny,household
ROW40939,7387,survey-multi-select,28,139202,0,P0157,STUDY0009,SESS1494,multi_select,semantic_blocked,ms_blocked,0,"{""Q0"":[""none of these""]}",category_organization_2x2,thing,household
ROW40940,1214,html-button-response,29,140416,0,P0157,STUDY0009,SESS1494,multi_select,semantic_blocked,ms_blocked,0,0,category_section_intro,,outside
ROW40941,3383,survey-multi-select,30,143800,0,P0157,STUDY0009,SESS1494,multi_select,semantic_blocked,ms_blocked,0,"{""Q0"":[""none of these""]}",category_organization_2x2,accident,outside
ROW40942,976,html-button-response,32,152238,0,P0157,STUDY0009,SESS1494,multi_select,semantic_blocked,ms_blocked,0,0,category_section_intro,,other
ROW40943,4465,survey-multi-select,33,156704,0,P0157,STUDY0009,SESS1494,multi_select,semantic_blocked,ms_blocked,0,"{""Q0"":[""shape""]}",category_organization_2x2,pelican,other
ROW40944,7460,survey-multi-select,31,151261,0,P0157,STUDY0009,SESS1494,multi_select,semantic_blocked,ms_blocked,0,"{""Q0"":[""shape""]}",category_organization_2x2,river,outside
ROW40945,967,html-button-response,35,159475,0,P0157,STUDY0009,SESS1494,multi_select,semantic_blocked,ms_blocked,0,0,,,
ROW40946,1803,survey-multi-select,34,158508,0,P0157,STUDY0009,SESS1494,multi_select,semantic_blocked,ms_blocked,0,"{""Q0"":[""none of these""]}",category_organization_2x2,lavender,attention_check
ROW40947,1954,instructions,36,161429,0,P0157,STUDY0009,SESS1494,multi_select,semantic_blocked,ms_blocked,0,,,,
ROW40948,6998,html-button-response,1,11095,0,P1156,STUDY0009,SESS1480,forced_choice,semantic_blocked,fc_blocked,0,0,precautions_survey,,
ROW40949,6181,html-button-response,3,34169,0,P1156,STUDY0009,SESS1480,forced_choice,semantic_blocked,fc_blocked,0,0,lavender_instruction,,
ROW40950,4094,instructions,0,4095,0,P1156,STUDY0009,SESS1480,forced_choice,semantic_blocked,fc_blocked,0,,,,
ROW40951,16891,html-button-response,2,27987,0,P1156,STUDY0009,SESS1480,forced_choice,semantic_blocked,fc_blocked,0,0,vocabulary_classification_criteria,,
ROW40952,4988,html-button-response,4,39157,0,P1156,STUDY0009,SESS1480,forced_choice,semantic_blocked,fc_blocked,0,0,category_section_intro,,vehicles
ROW40953,8276,survey-multi-choice,5,47435,0,P1156,STUDY0009,SESS1480,forced_choice,semantic_blocked,fc_blocked,0,"{""Q0"":""shape""}",category_organization_2x2,cart,vehicles
ROW40954,5993,html-button-response,6,53429,0,P1156,STUDY0009,SESS1480,forced_choice,semantic_blocked,fc_blocked,0,0,category_section_intro,,toys
ROW40955,4559,survey-multi-choice,7,57989,0,P1156,STUDY0009,SESS1480,forced_choice,semantic_blocked,fc_blocked,0,"{""Q0"":""shape""}",category_organization_2x2,trumpet,toys
ROW40956,4967,survey-multi-choice,9,64519,0,P1156,STUDY0009,SESS1480,forced_choice,semantic_blocked,fc_blocked,0,"{""Q0"":""color""}",category_organization_2x2,seal (animal),animals
ROW40957,1561,html-button-response,8,59551,0,P1156,STUDY0009,SESS1480,forced_choice,semantic_blocked,fc_blocked,0,0,category_section_intro,,animals
ROW40958,1314,html-button-response,11,67396,0,P1156,STUDY0009,SESS1480,forced_choice,semantic_blocked,fc_blocked,0,0,category_section_intro,,clothing
ROW40959,1562,survey-multi-choice,10,66081,0,P1156,STUDY0009,SESS1480,forced_choice,semantic_blocked,fc_blocked,0,"{""Q0"":""color""}",category_organization_2x2,tiger,animals
ROW40960,2941,survey-multi-choice,12,70337,0,P1156,STUDY0009,SESS1480,forced_choice,semantic_blocked,fc_blocked,0,"{""Q0"":""shape""}",category_organization_2x2,button,clothing
ROW40961,729,html-button-response,13,71067,0,P1156,STUDY0009,SESS1480,forced_choice,semantic_blocked,fc_blocked,0,0,category_section_intro,,furniture_rooms
ROW40962,3583,survey-multi-choice,14,74651,0,P1156,STUDY0009,SESS1480,forced_choice,semantic_blocked,fc_blocked,0,"{""Q0"":""shape""}",category_organization_2x2,bath,furniture_rooms
ROW40963,2971,survey-multi-choice,15,77623,0,P1156,STUDY0009,SESS1480,forced_choice,semantic_blocked,fc_blocked,0,"{""Q0"":""material""}",category_organization_2x2,curtain,furniture_rooms
ROW40964,1970,survey-multi-choice,16,79593,0,P1156,STUDY0009,SESS1480,forced_choice,semantic_blocked,fc_blocked,0,"{""Q0"":""shape""}",category_organization_2x2,microwave,furniture_rooms
ROW40965,1039,html-button-response,17,80633,0,P1156,STUDY0009,SESS1480,forced_choice,semantic_blocked,fc_blocked,0,0,category_section_intro,,food_drink
ROW40966,4463,survey-multi-choice,19,88405,0,P1156,STUDY0009,SESS1480,forced_choice,semantic_blocked,fc_blocked,0,"{""Q0"":""color""}",category_organization_2x2,macaroni,food_drink
ROW40967,3308,survey-multi-choice,18,83941,0,P1156,STUDY0009,SESS1480,forced_choice,semantic_blocked,fc_blocked,0,"{""Q0"":""material""}",category_organization_2x2,dessert,food_drink
ROW40968,3185,survey-multi-choice,20,91591,0,P1156,STUDY0009,SESS1480,forced_choice,semantic_blocked,fc_blocked,0,"{""Q0"":""material""}",category_organization_2x2,water (beverage),food_drink
ROW40969,738,html-button-response,21,92329,0,P1156,STUDY0009,SESS1480,forced_choice,semantic_blocked,fc_blocked,0,0,category_section_intro,,body_parts
ROW40970,3457,survey-multi-choice,22,95787,0,P1156,STUDY0009,SESS1480,forced_choice,semantic_blocked,fc_blocked,0,"{""Q0"":""shape""}",category_organization_2x2,tail,body_parts
ROW40971,2725,survey-multi-choice,23,98513,0,P1156,STUDY0009,SESS1480,forced_choice,semantic_blocked,fc_blocked,0,"{""Q0"":""shape""}",category_organization_2x2,waist,body_parts
ROW40972,710,html-button-response,24,99223,0,P1156,STUDY0009,SESS1480,forced_choice,semantic_blocked,fc_blocked,0,0,category_section_intro,,household
ROW40973,2189,survey-multi-choice,25,101413,0,P1156,STUDY0009,SESS1480,forced_choice,semantic_blocked,fc_blocked,0,"{""Q0"":""shape""}",category_organization_2x2,broom,household
ROW40974,1699,survey-multi-choice,26,103113,0,P1156,STUDY0009,SESS1480,forced_choice,semantic_blocked,fc_blocked,0,"{""Q0"":""material""}",category_organization_2x2,cloth,household
ROW40975,4858,survey-multi-choice,27,107972,0,P1156,STUDY0009,SESS1480,forced_choice,semantic_blocked,fc_blocked,0,"{""Q0"":""material""}",category_organization_2x2,penny,household
ROW40976,3151,survey-multi-choice,28,111123,0,P1156,STUDY0009,SESS1480,forced_choice,semantic_blocked,fc_blocked,0,"{""Q0"":""shape""}",category_organization_2x2,thing,household
ROW40977,665,html-button-response,29,111789,0,P1156,STUDY0009,SESS1480,forced_choice,semantic_blocked,fc_blocked,0,0,category_section_intro,,outside
ROW40978,5024,survey-multi-choice,30,116814,0,P1156,STUDY0009,SESS1480,forced_choice,semantic_blocked,fc_blocked,0,"{""Q0"":""none of these""}",category_organization_2x2,accident,outside
ROW40979,2788,survey-multi-choice,31,119603,0,P1156,STUDY0009,SESS1480,forced_choice,semantic_blocked,fc_blocked,0,"{""Q0"":""material""}",category_organization_2x2,river,outside
ROW40980,741,html-button-response,32,120345,0,P1156,STUDY0009,SESS1480,forced_choice,semantic_blocked,fc_blocked,0,0,category_section_intro,,other
ROW40981,3049,survey-multi-choice,33,123394,0,P1156,STUDY0009,SESS1480,forced_choice,semantic_blocked,fc_blocked,0,"{""Q0"":""shape""}",category_organization_2x2,pelican,other
ROW40982,1890,survey-multi-choice,34,125285,0,P1156,STUDY0009,SESS1480,forced_choice,semantic_blocked,fc_blocked,0,"{""Q0"":""none of these""}",category_organization_2x2,lavender,attention_check
ROW40983,916,html-button-response,35,126201,0,P1156,STUDY0009,SESS1480,forced_choice,semantic_blocked,fc_blocked,0,0,,,
ROW40984,4512,instructions,36,130713,0,P1156,STUDY0009,SESS1480,forced_choice,semantic_blocked,fc_blocked,0,,,,
ROW40985,7583,html-button-response,1,12964,0,P1582,STUDY0009,SESS1503,forced_choice,semantic_blocked,fc_blocked,0,0,precautions_survey,,
ROW40986,5378,instructions,0,5380,0,P1582,STUDY0009,SESS1503,forced_choice,semantic_blocked,fc_blocked,0,,,,
ROW40987,14822,html-button-response,2,27786,0,P1582,STUDY0009,SESS1503,forced_choice,semantic_blocked,fc_blocked,0,0,vocabulary_classification_criteria,,
ROW40988,3572,html-button-response,3,31359,0,P1582,STUDY0009,SESS1503,forced_choice,semantic_blocked,fc_blocked,0,0,lavender_instruction,,
ROW40989,6942,html-button-response,4,38301,0,P1582,STUDY0009,SESS1503,forced_choice,semantic_blocked,fc_blocked,0,0,category_section_intro,,toys
ROW40990,6548,survey-multi-choice,5,44851,0,P1582,STUDY0009,SESS1503,forced_choice,semantic_blocked,fc_blocked,0,"{""Q0"":""material""}",category_organization_2x2,doll,toys
ROW40991,1233,html-button-response,6,46084,0,P1582,STUDY0009,SESS1503,forced_choice,semantic_blocked,fc_blocked,0,0,category_section_intro,,animals
ROW40992,6018,survey-multi-choice,7,52103,0,P1582,STUDY0009,SESS1503,forced_choice,semantic_blocked,fc_blocked,0,"{""Q0"":""shape""}",category_organization_2x2,goose,animals
ROW40993,3717,survey-multi-choice,8,55821,0,P1582,STUDY0009,SESS1503,forced_choice,semantic_blocked,fc_blocked,0,"{""Q0"":""shape""}",category_organization_2x2,mouse,animals
ROW40994,3833,survey-multi-choice,9,59653,0,P1582,STUDY0009,SESS1503,forced_choice,semantic_blocked,fc_blocked,0,"{""Q0"":""color""}",category_organization_2x2,rooster,animals
ROW40995,3555,html-button-response,10,63208,0,P1582,STUDY0009,SESS1503,forced_choice,semantic_blocked,fc_blocked,0,0,category_section_intro,,clothing
ROW40996,2500,survey-multi-choice,12,69235,0,P1582,STUDY0009,SESS1503,forced_choice,semantic_blocked,fc_blocked,0,"{""Q0"":""material""}",category_organization_2x2,jacket,clothing
ROW40997,3525,survey-multi-choice,11,66734,0,P1582,STUDY0009,SESS1503,forced_choice,semantic_blocked,fc_blocked,0,"{""Q0"":""material""}",category_organization_2x2,helmet,clothing
ROW40998,3647,survey-multi-choice,13,72883,0,P1582,STUDY0009,SESS1503,forced_choice,semantic_blocked,fc_blocked,0,"{""Q0"":""color""}",category_organization_2x2,shoe,clothing
ROW40999,4489,html-button-response,14,77372,0,P1582,STUDY0009,SESS1503,forced_choice,semantic_blocked,fc_blocked,0,0,category_section_intro,,furniture_rooms
ROW41000,2259,survey-multi-choice,16,83428,0,P1582,STUDY0009,SESS1503,forced_choice,semantic_blocked,fc_blocked,0,"{""Q0"":""shape""}",category_organization_2x2,toilet,furniture_rooms
ROW41001,3796,survey-multi-choice,15,81169,0,P1582,STUDY0009,SESS1503,forced_choice,semantic_blocked,fc_blocked,0,"{""Q0"":""shape""}",category_organization_2x2,dryer,furniture_rooms
ROW41002,3054,html-button-response,17,86483,0,P1582,STUDY0009,SESS1503,forced_choice,semantic_blocked,fc_blocked,0,0,category_section_intro,,food_drink
ROW41003,4236,survey-multi-choice,18,90719,0,P1582,STUDY0009,SESS1503,forced_choice,semantic_blocked,fc_blocked,0,"{""Q0"":""shape""}",category_organization_2x2,cookie,food_drink
ROW41004,1997,survey-multi-choice,19,92717,0,P1582,STUDY0009,SESS1503,forced_choice,semantic_blocked,fc_blocked,0,"{""Q0"":""color""}",category_organization_2x2,green beans,food_drink
ROW41005,3093,survey-multi-choice,20,95811,0,P1582,STUDY0009,SESS1503,forced_choice,semantic_blocked,fc_blocked,0,"{""Q0"":""color""}",category_organization_2x2,ketchup,food_drink
ROW41006,2568,survey-multi-choice,21,98379,0,P1582,STUDY0009,SESS1503,forced_choice,semantic_blocked,fc_blocked,0,"{""Q0"":""none of these""}",category_organization_2x2,samosa,food_drink
ROW41007,1590,survey-multi-choice,23,101690,0,P1582,STUDY0009,SESS1503,forced_choice,semantic_blocked,fc_blocked,0,"{""Q0"":""shape""}",category_organization_2x2,breast,body_parts
ROW41008,1720,html-button-response,22,100100,0,P1582,STUDY0009,SESS1503,forced_choice,semantic_blocked,fc_blocked,0,0,category_section_intro,,body_parts
ROW41009,2375,html-button-response,24,104065,0,P1582,STUDY0009,SESS1503,forced_choice,semantic_blocked,fc_blocked,0,0,category_section_intro,,household
ROW41010,2646,survey-multi-choice,25,106711,0,P1582,STUDY0009,SESS1503,forced_choice,semantic_blocked,fc_blocked,0,"{""Q0"":""shape""}",category_organization_2x2,clock,household
ROW41011,1665,survey-multi-choice,26,108377,0,P1582,STUDY0009,SESS1503,forced_choice,semantic_blocked,fc_blocked,0,"{""Q0"":""color""}",category_organization_2x2,money,household
ROW41012,1304,html-button-response,28,111963,0,P1582,STUDY0009,SESS1503,forced_choice,semantic_blocked,fc_blocked,0,0,category_section_intro,,other
ROW41013,2281,survey-multi-choice,27,110659,0,P1582,STUDY0009,SESS1503,forced_choice,semantic_blocked,fc_blocked,0,"{""Q0"":""material""}",category_organization_2x2,tray,household
ROW41014,2044,survey-multi-choice,29,114007,0,P1582,STUDY0009,SESS1503,forced_choice,semantic_blocked,fc_blocked,0,"{""Q0"":""color""}",category_organization_2x2,birch,other
ROW41015,2108,survey-multi-choice,30,116116,0,P1582,STUDY0009,SESS1503,forced_choice,semantic_blocked,fc_blocked,0,"{""Q0"":""shape""}",category_organization_2x2,cradle,other
ROW41016,2361,survey-multi-choice,31,118477,0,P1582,STUDY0009,SESS1503,forced_choice,semantic_blocked,fc_blocked,0,"{""Q0"":""material""}",category_organization_2x2,laundry,other
ROW41017,1478,survey-multi-choice,32,119953,0,P1582,STUDY0009,SESS1503,forced_choice,semantic_blocked,fc_blocked,0,"{""Q0"":""none of these""}",category_organization_2x2,lavender,attention_check
ROW41018,857,html-button-response,33,120811,0,P1582,STUDY0009,SESS1503,forced_choice,semantic_blocked,fc_blocked,0,0,,,
ROW41019,2576,instructions,34,123387,0,P1582,STUDY0009,SESS1503,forced_choice,semantic_blocked,fc_blocked,0,,,,
ROW41020,3074,html-button-response,2,5759,0,P1187,STUDY0009,SESS1397,multi_select,semantic_blocked,ms_blocked,0,0,vocabulary_classification_criteria,,
ROW41021,1099,html-button-response,1,2684,0,P1187,STUDY0009,SESS1397,multi_select,semantic_blocked,ms_blocked,0,0,precautions_survey,,
ROW41022,1582,instructions,0,1584,0,P1187,STUDY0009,SESS1397,multi_select,semantic_blocked,ms_blocked,0,,,,
ROW41023,3161,html-button-response,3,8920,0,P1187,STUDY0009,SESS1397,multi_select,semantic_blocked,ms_blocked,0,0,lavender_instruction,,
ROW41024,2008,html-button-response,4,10929,0,P1187,STUDY0009,SESS1397,multi_select,semantic_blocked,ms_blocked,0,0,category_section_intro,,toys
ROW41025,2620,survey-multi-select,5,13551,0,P1187,STUDY0009,SESS1397,multi_select,semantic_blocked,ms_blocked,0,"{""Q0"":[""color""]}",category_organization_2x2,clown,toys
ROW41026,2556,survey-multi-select,6,16108,0,P1187,STUDY0009,SESS1397,multi_select,semantic_blocked,ms_blocked,0,"{""Q0"":[""none of these""]}",category_organization_2x2,present,toys
ROW41027,2868,survey-multi-select,7,18977,0,P1187,STUDY0009,SESS1397,multi_select,semantic_blocked,ms_blocked,0,"{""Q0"":[""material""]}",category_organization_2x2,whistle (object),toys
ROW41028,777,html-button-response,8,19754,0,P1187,STUDY0009,SESS1397,multi_select,semantic_blocked,ms_blocked,0,0,category_section_intro,,animals
ROW41029,2582,survey-multi-select,9,22337,0,P1187,STUDY0009,SESS1397,multi_select,semantic_blocked,ms_blocked,0,"{""Q0"":[""color""]}",category_organization_2x2,bear,animals
ROW41030,3148,survey-multi-select,10,25486,0,P1187,STUDY0009,SESS1397,multi_select,semantic_blocked,ms_blocked,0,"{""Q0"":[""none of these""]}",category_organization_2x2,cockroach,animals
ROW41031,1856,survey-multi-select,11,27343,0,P1187,STUDY0009,SESS1397,multi_select,semantic_blocked,ms_blocked,0,"{""Q0"":[""none of these""]}",category_organization_2x2,elephant,animals
ROW41032,646,html-button-response,12,27990,0,P1187,STUDY0009,SESS1397,multi_select,semantic_blocked,ms_blocked,0,0,category_section_intro,,clothing
ROW41033,17131,survey-multi-select,13,45122,0,P1187,STUDY0009,SESS1397,multi_select,semantic_blocked,ms_blocked,0,"{""Q0"":[""material""]}",category_organization_2x2,shoe,clothing
ROW41034,1143,survey-multi-select,14,46266,0,P1187,STUDY0009,SESS1397,multi_select,semantic_blocked,ms_blocked,0,"{""Q0"":[""material""]}",category_organization_2x2,sneaker,clothing
ROW41035,635,html-button-response,15,46901,0,P1187,STUDY0009,SESS1397,multi_select,semantic_blocked,ms_blocked,0,0,category_section_intro,,furniture_rooms
ROW41036,2382,survey-multi-select,16,49284,0,P1187,STUDY0009,SESS1397,multi_select,semantic_blocked,ms_blocked,0,"{""Q0"":[""shape""]}",category_organization_2x2,stool,furniture_rooms
ROW41037,612,html-button-response,17,49896,0,P1187,STUDY0009,SESS1397,multi_select,semantic_blocked,ms_blocked,0,0,category_section_intro,,food_drink
ROW41038,3831,survey-multi-select,18,53728,0,P1187,STUDY0009,SESS1397,multi_select,semantic_blocked,ms_blocked,0,"{""Q0"":[""none of these""]}",category_organization_2x2,beans,food_drink
ROW41039,1774,survey-multi-select,19,55503,0,P1187,STUDY0009,SESS1397,multi_select,semantic_blocked,ms_blocked,0,"{""Q0"":[""color""]}",category_organization_2x2,chips,food_drink
ROW41040,1274,survey-multi-select,20,56778,0,P1187,STUDY0009,SESS1397,multi_select,semantic_blocked,ms_blocked,0,"{""Q0"":[""color""]}",category_organization_2x2,croissant,food_drink
ROW41041,1813,survey-multi-select,21,58592,0,P1187,STUDY0009,SESS1397,multi_select,semantic_blocked,ms_blocked,0,"{""Q0"":[""shape""]}",category_organization_2x2,meatball,food_drink
ROW41042,1277,survey-multi-select,22,59870,0,P1187,STUDY0009,SESS1397,multi_select,semantic_blocked,ms_blocked,0,"{""Q0"":[""shape""]}",category_organization_2x2,mushroom,food_drink
ROW41043,2010,survey-multi-select,23,61881,0,P1187,STUDY0009,SESS1397,multi_select,semantic_blocked,ms_blocked,0,"{""Q0"":[""color""]}",category_organization_2x2,plantain,food_drink
ROW41044,743,html-button-response,24,62624,0,P1187,STUDY0009,SESS1397,multi_select,semantic_blocked,ms_blocked,0,0,category_section_intro,,household
ROW41045,23814,survey-multi-select,25,86439,0,P1187,STUDY0009,SESS1397,multi_select,semantic_blocked,ms_blocked,0,"{""Q0"":[""shape"",""material""]}",category_organization_2x2,scissors,household
ROW41046,1537,survey-multi-select,26,87977,0,P1187,STUDY0009,SESS1397,multi_select,semantic_blocked,ms_blocked,0,"{""Q0"":[""none of these""]}",category_organization_2x2,vacuum cleaner,household
ROW41047,805,html-button-response,27,88783,0,P1187,STUDY0009,SESS1397,multi_select,semantic_blocked,ms_blocked,0,0,category_section_intro,,other
ROW41048,1784,survey-multi-select,28,90568,0,P1187,STUDY0009,SESS1397,multi_select,semantic_blocked,ms_blocked,0,"{""Q0"":[""none of these""]}",category_organization_2x2,suburb,other
ROW41049,2289,survey-multi-select,29,92858,0,P1187,STUDY0009,SESS1397,multi_select,semantic_blocked,ms_blocked,0,"{""Q0"":[""shape""]}",category_organization_2x2,tower,other
ROW41050,1597,survey-multi-select,30,94456,0,P1187,STUDY0009,SESS1397,multi_select,semantic_blocked,ms_blocked,0,"{""Q0"":[""none of these""]}",category_organization_2x2,zoo,other
ROW41051,1472,survey-multi-select,31,95929,0,P1187,STUDY0009,SESS1397,multi_select,semantic_blocked,ms_blocked,0,"{""Q0"":[""none of these""]}",category_organization_2x2,lavender,attention_check
ROW41052,726,html-button-response,32,96656,0,P1187,STUDY0009,SESS1397,multi_select,semantic_blocked,ms_blocked,0,0,,,
ROW41053,283566,instructions,33,380222,0,P1187,STUDY0009,SESS1397,multi_select,semantic_blocked,ms_blocked,0,,,,
ROW41054,1214,html-button-response,1,4235,0,P0878,STUDY0009,SESS1500,multi_select,semantic_blocked,ms_blocked,0,0,precautions_survey,,
ROW41055,3017,instructions,0,3020,0,P0878,STUDY0009,SESS1500,multi_select,semantic_blocked,ms_blocked,0,,,,
ROW41056,4423,html-button-response,2,8659,0,P0878,STUDY0009,SESS1500,multi_select,semantic_blocked,ms_blocked,0,0,vocabulary_classification_criteria,,
ROW41057,3991,html-button-response,3,12651,0,P0878,STUDY0009,SESS1500,multi_select,semantic_blocked,ms_blocked,0,0,lavender_instruction,,
ROW41058,40263,html-button-response,4,52914,0,P0878,STUDY0009,SESS1500,multi_select,semantic_blocked,ms_blocked,0,0,category_section_intro,,toys
ROW41059,5487,survey-multi-select,5,58403,0,P0878,STUDY0009,SESS1500,multi_select,semantic_blocked,ms_blocked,0,"{""Q0"":[""none of these""]}",category_organization_2x2,doll,toys
ROW41060,1983,html-button-response,6,60387,0,P0878,STUDY0009,SESS1500,multi_select,semantic_blocked,ms_blocked,0,0,category_section_intro,,animals
ROW41061,4191,survey-multi-select,7,64579,0,P0878,STUDY0009,SESS1500,multi_select,semantic_blocked,ms_blocked,0,"{""Q0"":[""shape""]}",category_organization_2x2,goose,animals
ROW41062,3071,survey-multi-select,19,97419,0,P0878,STUDY0009,SESS1500,multi_select,semantic_blocked,ms_blocked,0,"{""Q0"":[""shape"",""color""]}",category_organization_2x2,green beans,food_drink
ROW41063,10929,instructions,0,10937,0,P1583,STUDY0009,SESS1486,multi_select,semantic_blocked,ms_blocked,0,,,,
ROW41064,31481,html-button-response,1,42424,0,P1583,STUDY0009,SESS1486,multi_select,semantic_blocked,ms_blocked,0,0,precautions_survey,,
ROW41065,18141,html-button-response,2,60568,0,P1583,STUDY0009,SESS1486,multi_select,semantic_blocked,ms_blocked,0,0,vocabulary_classification_criteria,,
ROW41066,5819,html-button-response,3,66391,0,P1583,STUDY0009,SESS1486,multi_select,semantic_blocked,ms_blocked,0,0,lavender_instruction,,
ROW41067,5666,html-button-response,4,72060,0,P1583,STUDY0009,SESS1486,multi_select,semantic_blocked,ms_blocked,0,0,category_section_intro,,vehicles
ROW41068,6951,survey-multi-select,5,79024,0,P1583,STUDY0009,SESS1486,multi_select,semantic_blocked,ms_blocked,0,"{""Q0"":[""shape""]}",category_organization_2x2,firetruck,vehicles
ROW41069,3985,html-button-response,6,83013,0,P1583,STUDY0009,SESS1486,multi_select,semantic_blocked,ms_blocked,0,0,category_section_intro,,toys
ROW41070,6299,survey-multi-select,7,89318,0,P1583,STUDY0009,SESS1486,multi_select,semantic_blocked,ms_blocked,0,"{""Q0"":[""material""]}",category_organization_2x2,gun,toys
ROW41071,1961,html-button-response,8,91283,0,P1583,STUDY0009,SESS1486,multi_select,semantic_blocked,ms_blocked,0,0,category_section_intro,,animals
ROW41072,9898,survey-multi-select,9,101187,0,P1583,STUDY0009,SESS1486,multi_select,semantic_blocked,ms_blocked,0,"{""Q0"":[""none of these""]}",category_organization_2x2,elephant,animals
ROW41073,4100,survey-multi-select,10,105295,0,P1583,STUDY0009,SESS1486,multi_select,semantic_blocked,ms_blocked,0,"{""Q0"":[""none of these""]}",category_organization_2x2,lion,animals
ROW41074,1923,html-button-response,11,107220,0,P1583,STUDY0009,SESS1486,multi_select,semantic_blocked,ms_blocked,0,0,category_section_intro,,clothing
ROW41075,7368,survey-multi-select,12,114594,0,P1583,STUDY0009,SESS1486,multi_select,semantic_blocked,ms_blocked,0,"{""Q0"":[""color""]}",category_organization_2x2,clothes,clothing
ROW41076,8443,survey-multi-select,13,123045,0,P1583,STUDY0009,SESS1486,multi_select,semantic_blocked,ms_blocked,0,"{""Q0"":[""color"",""material""]}",category_organization_2x2,raincoat,clothing
ROW41077,13229,survey-multi-select,14,136279,0,P1583,STUDY0009,SESS1486,multi_select,semantic_blocked,ms_blocked,0,"{""Q0"":[""color"",""material""]}",category_organization_2x2,shirt,clothing
ROW41078,3858,survey-multi-select,15,140144,0,P1583,STUDY0009,SESS1486,multi_select,semantic_blocked,ms_blocked,0,"{""Q0"":[""color"",""material""]}",category_organization_2x2,t-shirt,clothing
ROW41079,6389,html-button-response,16,146536,0,P1583,STUDY0009,SESS1486,multi_select,semantic_blocked,ms_blocked,0,0,category_section_intro,,food_drink
ROW41080,5211,survey-multi-select,17,151753,0,P1583,STUDY0009,SESS1486,multi_select,semantic_blocked,ms_blocked,0,"{""Q0"":[""none of these""]}",category_organization_2x2,berry,food_drink
ROW41081,8809,survey-multi-select,18,160569,0,P1583,STUDY0009,SESS1486,multi_select,semantic_blocked,ms_blocked,0,"{""Q0"":[""shape""]}",category_organization_2x2,pudding,food_drink
ROW41082,3952,survey-multi-select,19,164529,0,P1583,STUDY0009,SESS1486,multi_select,semantic_blocked,ms_blocked,0,"{""Q0"":[""none of these""]}",category_organization_2x2,soy sauce,food_drink
ROW41083,2572,html-button-response,20,167103,0,P1583,STUDY0009,SESS1486,multi_select,semantic_blocked,ms_blocked,0,0,category_section_intro,,body_parts
ROW41084,5963,survey-multi-select,21,173072,0,P1583,STUDY0009,SESS1486,multi_select,semantic_blocked,ms_blocked,0,"{""Q0"":[""shape""]}",category_organization_2x2,eyebrow,body_parts
ROW41085,5669,survey-multi-select,22,178749,0,P1583,STUDY0009,SESS1486,multi_select,semantic_blocked,ms_blocked,0,"{""Q0"":[""shape"",""color""]}",category_organization_2x2,lip,body_parts
ROW41086,1687,html-button-response,23,180439,0,P1583,STUDY0009,SESS1486,multi_select,semantic_blocked,ms_blocked,0,0,category_section_intro,,household
ROW41087,7152,survey-multi-select,24,187597,0,P1583,STUDY0009,SESS1486,multi_select,semantic_blocked,ms_blocked,0,"{""Q0"":[""color"",""material""]}",category_organization_2x2,camera,household
ROW41088,7346,survey-multi-select,25,194950,0,P1583,STUDY0009,SESS1486,multi_select,semantic_blocked,ms_blocked,0,"{""Q0"":[""none of these""]}",category_organization_2x2,medicine,household
ROW41089,3906,survey-multi-select,26,198863,0,P1583,STUDY0009,SESS1486,multi_select,semantic_blocked,ms_blocked,0,"{""Q0"":[""none of these""]}",category_organization_2x2,pill,household
ROW41090,1382,html-button-response,27,200247,0,P1583,STUDY0009,SESS1486,multi_select,semantic_blocked,ms_blocked,0,0,category_section_intro,,outside
ROW41091,7868,survey-multi-select,28,208120,0,P1583,STUDY0009,SESS1486,multi_select,semantic_blocked,ms_blocked,0,"{""Q0"":[""shape""]}",category_organization_2x2,bridge,outside
ROW41092,2988,survey-multi-select,29,211115,0,P1583,STUDY0009,SESS1486,multi_select,semantic_blocked,ms_blocked,0,"{""Q0"":[""shape""]}",category_organization_2x2,shovel,outside
ROW41093,4567,survey-multi-select,30,215685,0,P1583,STUDY0009,SESS1486,multi_select,semantic_blocked,ms_blocked,0,"{""Q0"":[""none of these""]}",category_organization_2x2,snowman,outside
ROW41094,7045,html-button-response,31,222732,0,P1583,STUDY0009,SESS1486,multi_select,semantic_blocked,ms_blocked,0,0,category_section_intro,,other
ROW41095,5356,survey-multi-select,32,228094,0,P1583,STUDY0009,SESS1486,multi_select,semantic_blocked,ms_blocked,0,"{""Q0"":[""none of these""]}",category_organization_2x2,avocado,other
ROW41096,4647,survey-multi-select,33,232747,0,P1583,STUDY0009,SESS1486,multi_select,semantic_blocked,ms_blocked,0,"{""Q0"":[""none of these""]}",category_organization_2x2,lavender,attention_check
ROW41097,1460,html-button-response,34,234210,0,P1583,STUDY0009,SESS1486,multi_select,semantic_blocked,ms_blocked,0,0,,,
ROW41098,4271,instructions,35,238482,0,P1583,STUDY0009,SESS1486,multi_select,semantic_blocked,ms_blocked,0,,,,
ROW41099,2599,instructions,0,2600,0,P1579,STUDY0009,SESS1502,multi_select,semantic_blocked,ms_blocked,0,,,,
ROW41100,1674,html-button-response,1,4275,0,P1579,STUDY0009,SESS1502,multi_select,semantic_blocked,ms_blocked,0,0,precautions_survey,,
ROW41101,24705,html-button-response,2,28973,0,P1579,STUDY0009,SESS1502,multi_select,semantic_blocked,ms_blocked,0,0,vocabulary_classification_criteria,,
ROW41102,5466,html-button-response,3,34439,0,P1579,STUDY0009,SESS1502,multi_select,semantic_blocked,ms_blocked,0,0,lavender_instruction,,
ROW41103,7501,html-button-response,4,41941,0,P1579,STUDY0009,SESS1502,multi_select,semantic_blocked,ms_blocked,0,0,category_section_intro,,vehicles
ROW41104,6994,survey-multi-select,5,48939,0,P1579,STUDY0009,SESS1502,multi_select,semantic_blocked,ms_blocked,0,"{""Q0"":[""shape"",""color"",""material""]}",category_organization_2x2,truck,vehicles
ROW41105,3126,html-button-response,6,52066,0,P1579,STUDY0009,SESS1502,multi_select,semantic_blocked,ms_blocked,0,0,category_section_intro,,animals
ROW41106,3463,survey-multi-select,7,55531,0,P1579,STUDY0009,SESS1502,multi_select,semantic_blocked,ms_blocked,0,"{""Q0"":[""shape"",""color""]}",category_organization_2x2,bear,animals
ROW41107,1968,html-button-response,8,57500,0,P1579,STUDY0009,SESS1502,multi_select,semantic_blocked,ms_blocked,0,0,category_section_intro,,clothing
ROW41108,6503,survey-multi-select,9,64005,0,P1579,STUDY0009,SESS1502,multi_select,semantic_blocked,ms_blocked,0,"{""Q0"":[""shape"",""color"",""material""]}",category_organization_2x2,hair clip,clothing
ROW41109,6073,survey-multi-select,10,70079,0,P1579,STUDY0009,SESS1502,multi_select,semantic_blocked,ms_blocked,0,"{""Q0"":[""color"",""material""]}",category_organization_2x2,pajamas,clothing
ROW41110,4566,html-button-response,11,74646,0,P1579,STUDY0009,SESS1502,multi_select,semantic_blocked,ms_blocked,0,0,category_section_intro,,furniture_rooms
ROW41111,5892,survey-multi-select,12,80540,0,P1579,STUDY0009,SESS1502,multi_select,semantic_blocked,ms_blocked,0,"{""Q0"":[""shape""]}",category_organization_2x2,computer,furniture_rooms
ROW41112,3890,survey-multi-select,13,84433,0,P1579,STUDY0009,SESS1502,multi_select,semantic_blocked,ms_blocked,0,"{""Q0"":[""shape"",""color"",""material""]}",category_organization_2x2,high chair,furniture_rooms
ROW41113,955,html-button-response,14,85389,0,P1579,STUDY0009,SESS1502,multi_select,semantic_blocked,ms_blocked,0,0,category_section_intro,,food_drink
ROW41114,2338,survey-multi-select,16,90665,0,P1579,STUDY0009,SESS1502,multi_select,semantic_blocked,ms_blocked,0,"{""Q0"":[""shape"",""color""]}",category_organization_2x2,spinach,food_drink
ROW41115,2935,survey-multi-select,15,88325,0,P1579,STUDY0009,SESS1502,multi_select,semantic_blocked,ms_blocked,0,"{""Q0"":[""shape"",""color""]}",category_organization_2x2,nut,food_drink
ROW41116,2531,survey-multi-select,17,93197,0,P1579,STUDY0009,SESS1502,multi_select,semantic_blocked,ms_blocked,0,"{""Q0"":[""shape"",""color""]}",category_organization_2x2,sprouts,food_drink
ROW41117,7277,html-button-response,18,100475,0,P1579,STUDY0009,SESS1502,multi_select,semantic_blocked,ms_blocked,0,0,category_section_intro,,body_parts
ROW41118,3925,survey-multi-select,20,109441,0,P1579,STUDY0009,SESS1502,multi_select,semantic_blocked,ms_blocked,0,"{""Q0"":[""shape"",""color""]}",category_organization_2x2,buttocks,body_parts
ROW41119,5039,survey-multi-select,19,105515,0,P1579,STUDY0009,SESS1502,multi_select,semantic_blocked,ms_blocked,0,"{""Q0"":[""color""]}",category_organization_2x2,blood,body_parts
ROW41121,4690,survey-multi-select,21,114133,0,P1579,STUDY0009,SESS1502,multi_select,semantic_blocked,ms_blocked,0,"{""Q0"":[""shape"",""color""]}",category_organization_2x2,shoulder,body_parts
ROW41120,1011,html-button-response,22,115145,0,P1579,STUDY0009,SESS1502,multi_select,semantic_blocked,ms_blocked,0,0,category_section_intro,,household
ROW41122,5499,survey-multi-select,23,120646,0,P1579,STUDY0009,SESS1502,multi_select,semantic_blocked,ms_blocked,0,"{""Q0"":[""shape"",""color"",""material""]}",category_organization_2x2,blanket,household
ROW41123,3632,survey-multi-select,24,124280,0,P1579,STUDY0009,SESS1502,multi_select,semantic_blocked,ms_blocked,0,"{""Q0"":[""color"",""material""]}",category_organization_2x2,tape (object),household
ROW41124,3385,survey-multi-select,25,127668,0,P1579,STUDY0009,SESS1502,multi_select,semantic_blocked,ms_blocked,0,"{""Q0"":[""color"",""material""]}",category_organization_2x2,tape (object),household
ROW41125,3145,survey-multi-select,28,136105,0,P1579,STUDY0009,SESS1502,multi_select,semantic_blocked,ms_blocked,0,"{""Q0"":[""shape"",""color""]}",category_organization_2x2,garden,outside
ROW41126,1635,html-button-response,27,132958,0,P1579,STUDY0009,SESS1502,multi_select,semantic_blocked,ms_blocked,0,0,category_section_intro,,outside
ROW41127,3653,survey-multi-select,26,131323,0,P1579,STUDY0009,SESS1502,multi_select,semantic_blocked,ms_blocked,0,"{""Q0"":[""shape"",""color"",""material""]}",category_organization_2x2,trash can,household
ROW41128,2270,survey-multi-select,29,138376,0,P1579,STUDY0009,SESS1502,multi_select,semantic_blocked,ms_blocked,0,"{""Q0"":[""shape"",""color""]}",category_organization_2x2,shovel,outside
ROW41129,4915,survey-multi-select,30,143292,0,P1579,STUDY0009,SESS1502,multi_select,semantic_blocked,ms_blocked,0,"{""Q0"":[""shape"",""color"",""material""]}",category_organization_2x2,snowman,outside
ROW41130,3036,survey-multi-select,31,146330,0,P1579,STUDY0009,SESS1502,multi_select,semantic_blocked,ms_blocked,0,"{""Q0"":[""shape"",""color"",""material""]}",category_organization_2x2,umbrella,outside
ROW41131,2665,survey-multi-select,32,148997,0,P1579,STUDY0009,SESS1502,multi_select,semantic_blocked,ms_blocked,0,"{""Q0"":[""none of these""]}",category_organization_2x2,lavender,attention_check
ROW41132,1044,html-button-response,33,150042,0,P1579,STUDY0009,SESS1502,multi_select,semantic_blocked,ms_blocked,0,0,,,
ROW41133,1296,instructions,34,151339,0,P1579,STUDY0009,SESS1502,multi_select,semantic_blocked,ms_blocked,0,,,,
ROW41134,4804,instructions,0,4807,0,P1763,STUDY0009,SESS1495,forced_choice,random,fc_random,0,,,,
ROW41135,8914,html-button-response,2,18947,0,P1763,STUDY0009,SESS1495,forced_choice,random,fc_random,0,0,vocabulary_classification_criteria,,
ROW41136,5225,html-button-response,1,10033,0,P1763,STUDY0009,SESS1495,forced_choice,random,fc_random,0,0,precautions_survey,,
ROW41137,4884,html-button-response,3,23832,0,P1763,STUDY0009,SESS1495,forced_choice,random,fc_random,0,0,lavender_instruction,,
ROW41138,8113,survey-multi-choice,4,31947,0,P1763,STUDY0009,SESS1495,forced_choice,random,fc_random,0,"{""Q0"":""material""}",category_organization_2x2,trash can,household
ROW41139,7727,survey-multi-choice,5,39675,0,P1763,STUDY0009,SESS1495,forced_choice,random,fc_random,0,"{""Q0"":""material""}",category_organization_2x2,tape (object),household
ROW41140,9439,survey-multi-choice,6,49114,0,P1763,STUDY0009,SESS1495,forced_choice,random,fc_random,0,"{""Q0"":""none of these""}",category_organization_2x2,high chair,furniture_rooms
ROW41141,9131,survey-multi-choice,7,58246,0,P1763,STUDY0009,SESS1495,forced_choice,random,fc_random,0,"{""Q0"":""none of these""}",category_organization_2x2,umbrella,outside
ROW41142,5882,survey-multi-choice,8,64130,0,P1763,STUDY0009,SESS1495,forced_choice,random,fc_random,0,"{""Q0"":""none of these""}",category_organization_2x2,bear,animals
ROW41144,7916,survey-multi-choice,10,76082,0,P1763,STUDY0009,SESS1495,forced_choice,random,fc_random,0,"{""Q0"":""material""}",category_organization_2x2,truck,vehicles
ROW41145,2198,survey-multi-choice,11,78280,0,P1763,STUDY0009,SESS1495,forced_choice,random,fc_random,0,"{""Q0"":""none of these""}",category_organization_2x2,lavender,attention_check
ROW41143,4035,survey-multi-choice,9,68165,0,P1763,STUDY0009,SESS1495,forced_choice,random,fc_random,0,"{""Q0"":""none of these""}",category_organization_2x2,buttocks,body_parts
ROW41146,4272,survey-multi-choice,12,82553,0,P1763,STUDY0009,SESS1495,forced_choice,random,fc_random,0,"{""Q0"":""material""}",category_organization_2x2,shoulder,body_parts
ROW41147,8383,survey-multi-choice,13,90937,0,P1763,STUDY0009,SESS1495,forced_choice,random,fc_random,0,"{""Q0"":""material""}",category_organization_2x2,snowman,outside
ROW41148,7042,survey-multi-choice,14,97980,0,P1763,STUDY0009,SESS1495,forced_choice,random,fc_random,0,"{""Q0"":""none of these""}",category_organization_2x2,blanket,household
ROW41149,10736,survey-multi-choice,16,112482,0,P1763,STUDY0009,SESS1495,forced_choice,random,fc_random,0,"{""Q0"":""none of these""}",category_organization_2x2,garden,outside
ROW41150,3765,survey-multi-choice,15,101746,0,P1763,STUDY0009,SESS1495,forced_choice,random,fc_random,0,"{""Q0"":""material""}",category_organization_2x2,blood,body_parts
ROW41151,7997,survey-multi-choice,17,120480,0,P1763,STUDY0009,SESS1495,forced_choice,random,fc_random,0,"{""Q0"":""material""}",category_organization_2x2,tape (object),household
ROW41152,3865,survey-multi-choice,18,124346,0,P1763,STUDY0009,SESS1495,forced_choice,random,fc_random,0,"{""Q0"":""none of these""}",category_organization_2x2,computer,furniture_rooms
ROW41153,4483,survey-multi-choice,19,128830,0,P1763,STUDY0009,SESS1495,forced_choice,random,fc_random,0,"{""Q0"":""none of these""}",category_organization_2x2,shovel,outside
ROW41154,6442,survey-multi-choice,20,135272,0,P1763,STUDY0009,SESS1495,forced_choice,random,fc_random,0,"{""Q0"":""none of these""}",category_organization_2x2,hair clip,clothing
ROW41155,3621,survey-multi-choice,21,138895,0,P1763,STUDY0009,SESS1495,forced_choice,random,fc_random,0,"{""Q0"":""material""}",category_organization_2x2,nut,food_drink
ROW41156,2583,survey-multi-choice,22,141478,0,P1763,STUDY0009,SESS1495,forced_choice,random,fc_random,0,"{""Q0"":""none of these""}",category_organization_2x2,pajamas,clothing
ROW41157,12466,survey-multi-choice,23,153945,0,P1763,STUDY0009,SESS1495,forced_choice,random,fc_random,0,"{""Q0"":""material""}",category_organization_2x2,spinach,food_drink
ROW41158,3482,survey-multi-choice,24,157428,0,P1763,STUDY0009,SESS1495,forced_choice,random,fc_random,0,"{""Q0"":""material""}",category_organization_2x2,sprouts,food_drink
ROW41159,1016,html-button-response,25,158445,0,P1763,STUDY0009,SESS1495,forced_choice,random,fc_random,0,0,,,
ROW41160,4784,instructions,26,163230,0,P1763,STUDY0009,SESS1495,forced_choice,random,fc_random,0,,,,
ROW41161,9831,html-button-response,1,13199,0,P1544,STUDY0009,SESS1498,forced_choice,random,fc_random,0,0,precautions_survey,,
ROW41162,3366,instructions,0,3367,0,P1544,STUDY0009,SESS1498,forced_choice,random,fc_random,0,,,,
ROW41163,10190,html-button-response,2,23390,0,P1544,STUDY0009,SESS1498,forced_choice,random,fc_random,0,0,vocabulary_classification_criteria,,
ROW41164,7296,html-button-response,3,30687,0,P1544,STUDY0009,SESS1498,forced_choice,random,fc_random,0,0,lavender_instruction,,
ROW41165,6927,survey-multi-choice,4,37615,0,P1544,STUDY0009,SESS1498,forced_choice,random,fc_random,0,"{""Q0"":""shape""}",category_organization_2x2,button,clothing
ROW41166,11303,survey-multi-choice,5,48919,0,P1544,STUDY0009,SESS1498,forced_choice,random,fc_random,0,"{""Q0"":""color""}",category_organization_2x2,water (beverage),food_drink
ROW41167,51375,survey-multi-choice,6,100295,0,P1544,STUDY0009,SESS1498,forced_choice,random,fc_random,0,"{""Q0"":""none of these""}",category_organization_2x2,dessert,food_drink
ROW41168,3391,survey-multi-choice,7,103687,0,P1544,STUDY0009,SESS1498,forced_choice,random,fc_random,0,"{""Q0"":""material""}",category_organization_2x2,cloth,household
ROW41169,5119,survey-multi-choice,8,108807,0,P1544,STUDY0009,SESS1498,forced_choice,random,fc_random,0,"{""Q0"":""none of these""}",category_organization_2x2,pelican,other
ROW41170,4495,survey-multi-choice,9,113303,0,P1544,STUDY0009,SESS1498,forced_choice,random,fc_random,0,"{""Q0"":""none of these""}",category_organization_2x2,accident,outside
ROW41171,6007,survey-multi-choice,10,119311,0,P1544,STUDY0009,SESS1498,forced_choice,random,fc_random,0,"{""Q0"":""color""}",category_organization_2x2,penny,household
ROW41172,3591,survey-multi-choice,11,122903,0,P1544,STUDY0009,SESS1498,forced_choice,random,fc_random,0,"{""Q0"":""shape""}",category_organization_2x2,waist,body_parts
ROW41174,8231,survey-multi-choice,13,135591,0,P1544,STUDY0009,SESS1498,forced_choice,random,fc_random,0,"{""Q0"":""none of these""}",category_organization_2x2,tiger,animals
ROW41175,3199,survey-multi-choice,14,138791,0,P1544,STUDY0009,SESS1498,forced_choice,random,fc_random,0,"{""Q0"":""material""}",category_organization_2x2,thing,household
ROW41176,3479,survey-multi-choice,15,142271,0,P1544,STUDY0009,SESS1498,forced_choice,random,fc_random,0,"{""Q0"":""none of these""}",category_organization_2x2,microwave,furniture_rooms
ROW41173,4456,survey-multi-choice,12,127359,0,P1544,STUDY0009,SESS1498,forced_choice,random,fc_random,0,"{""Q0"":""none of these""}",category_organization_2x2,cart,vehicles
ROW41177,4078,survey-multi-choice,17,149495,0,P1544,STUDY0009,SESS1498,forced_choice,random,fc_random,0,"{""Q0"":""none of these""}",category_organization_2x2,broom,household
ROW41178,3144,survey-multi-choice,16,145416,0,P1544,STUDY0009,SESS1498,forced_choice,random,fc_random,0,"{""Q0"":""none of these""}",category_organization_2x2,tail,body_parts
ROW41179,5402,html-button-response,4,54598,0,P1823,STUDY0009,SESS1504,forced_choice,semantic_blocked,fc_blocked,0,0,category_section_intro,,vehicles
ROW41181,6032,survey-multi-choice,5,60636,0,P1823,STUDY0009,SESS1504,forced_choice,semantic_blocked,fc_blocked,0,"{""Q0"":""shape""}",category_organization_2x2,truck,vehicles
ROW41180,5124,html-button-response,3,49194,0,P1823,STUDY0009,SESS1504,forced_choice,semantic_blocked,fc_blocked,0,0,lavender_instruction,,
ROW41182,13539,html-button-response,1,31431,0,P1823,STUDY0009,SESS1504,forced_choice,semantic_blocked,fc_blocked,0,0,precautions_survey,,
ROW41183,12635,html-button-response,2,44068,0,P1823,STUDY0009,SESS1504,forced_choice,semantic_blocked,fc_blocked,0,0,vocabulary_classification_criteria,,
ROW41184,17884,instructions,0,17887,0,P1823,STUDY0009,SESS1504,forced_choice,semantic_blocked,fc_blocked,0,,,,
ROW41185,4136,survey-multi-choice,18,153631,0,P1544,STUDY0009,SESS1498,forced_choice,random,fc_random,0,"{""Q0"":""none of these""}",category_organization_2x2,trumpet,toys
ROW41187,2663,survey-multi-choice,20,160447,0,P1544,STUDY0009,SESS1498,forced_choice,random,fc_random,0,"{""Q0"":""none of these""}",category_organization_2x2,lavender,attention_check
ROW41189,3647,survey-multi-choice,23,173231,0,P1544,STUDY0009,SESS1498,forced_choice,random,fc_random,0,"{""Q0"":""material""}",category_organization_2x2,curtain,furniture_rooms
ROW41188,4743,survey-multi-choice,21,165191,0,P1544,STUDY0009,SESS1498,forced_choice,random,fc_random,0,"{""Q0"":""none of these""}",category_organization_2x2,river,outside
ROW41186,4151,survey-multi-choice,19,157783,0,P1544,STUDY0009,SESS1498,forced_choice,random,fc_random,0,"{""Q0"":""none of these""}",category_organization_2x2,bath,furniture_rooms
ROW41190,4392,survey-multi-choice,22,169583,0,P1544,STUDY0009,SESS1498,forced_choice,random,fc_random,0,"{""Q0"":""none of these""}",category_organization_2x2,seal (animal),animals
ROW41191,4751,survey-multi-choice,24,177983,0,P1544,STUDY0009,SESS1498,forced_choice,random,fc_random,0,"{""Q0"":""material""}",category_organization_2x2,macaroni,food_drink
ROW41192,2433,html-button-response,6,63072,0,P1823,STUDY0009,SESS1504,forced_choice,semantic_blocked,fc_blocked,0,0,category_section_intro,,animals
ROW41193,1375,html-button-response,25,179359,0,P1544,STUDY0009,SESS1498,forced_choice,random,fc_random,0,0,,,
ROW41194,4240,instructions,26,183599,0,P1544,STUDY0009,SESS1498,forced_choice,random,fc_random,0,,,,
ROW41195,1663,html-button-response,8,71825,0,P1823,STUDY0009,SESS1504,forced_choice,semantic_blocked,fc_blocked,0,0,category_section_intro,,clothing
ROW41196,7084,survey-multi-choice,7,70160,0,P1823,STUDY0009,SESS1504,forced_choice,semantic_blocked,fc_blocked,0,"{""Q0"":""none of these""}",category_organization_2x2,bear,animals
ROW41197,9129,survey-multi-choice,9,80956,0,P1823,STUDY0009,SESS1504,forced_choice,semantic_blocked,fc_blocked,0,"{""Q0"":""none of these""}",category_organization_2x2,hair clip,clothing
ROW41198,1770,html-button-response,11,86887,0,P1823,STUDY0009,SESS1504,forced_choice,semantic_blocked,fc_blocked,0,0,category_section_intro,,furniture_rooms
ROW41199,4156,survey-multi-choice,10,85115,0,P1823,STUDY0009,SESS1504,forced_choice,semantic_blocked,fc_blocked,0,"{""Q0"":""material""}",category_organization_2x2,pajamas,clothing
ROW41200,3520,survey-multi-choice,12,90410,0,P1823,STUDY0009,SESS1504,forced_choice,semantic_blocked,fc_blocked,0,"{""Q0"":""none of these""}",category_organization_2x2,computer,furniture_rooms
ROW41201,4977,survey-multi-choice,15,100909,0,P1823,STUDY0009,SESS1504,forced_choice,semantic_blocked,fc_blocked,0,"{""Q0"":""none of these""}",category_organization_2x2,nut,food_drink
ROW41202,3956,survey-multi-choice,13,94370,0,P1823,STUDY0009,SESS1504,forced_choice,semantic_blocked,fc_blocked,0,"{""Q0"":""shape""}",category_organization_2x2,high chair,furniture_rooms
ROW41203,1557,html-button-response,14,95930,0,P1823,STUDY0009,SESS1504,forced_choice,semantic_blocked,fc_blocked,0,0,category_section_intro,,food_drink
ROW41204,2627,survey-multi-choice,17,106659,0,P1823,STUDY0009,SESS1504,forced_choice,semantic_blocked,fc_blocked,0,"{""Q0"":""color""}",category_organization_2x2,sprouts,food_drink
ROW41205,3118,survey-multi-choice,16,104030,0,P1823,STUDY0009,SESS1504,forced_choice,semantic_blocked,fc_blocked,0,"{""Q0"":""color""}",category_organization_2x2,spinach,food_drink
ROW41206,2378,html-button-response,18,109038,0,P1823,STUDY0009,SESS1504,forced_choice,semantic_blocked,fc_blocked,0,0,category_section_intro,,body_parts
ROW41207,2738,survey-multi-choice,20,114934,0,P1823,STUDY0009,SESS1504,forced_choice,semantic_blocked,fc_blocked,0,"{""Q0"":""shape""}",category_organization_2x2,buttocks,body_parts
ROW41208,3155,survey-multi-choice,19,112194,0,P1823,STUDY0009,SESS1504,forced_choice,semantic_blocked,fc_blocked,0,"{""Q0"":""color""}",category_organization_2x2,blood,body_parts
ROW41209,4180,survey-multi-choice,21,119116,0,P1823,STUDY0009,SESS1504,forced_choice,semantic_blocked,fc_blocked,0,"{""Q0"":""none of these""}",category_organization_2x2,shoulder,body_parts
ROW41210,1914,html-button-response,22,121033,0,P1823,STUDY0009,SESS1504,forced_choice,semantic_blocked,fc_blocked,0,0,category_section_intro,,household
ROW41211,2798,survey-multi-choice,23,123834,0,P1823,STUDY0009,SESS1504,forced_choice,semantic_blocked,fc_blocked,0,"{""Q0"":""material""}",category_organization_2x2,blanket,household
ROW41212,4809,survey-multi-choice,24,128644,0,P1823,STUDY0009,SESS1504,forced_choice,semantic_blocked,fc_blocked,0,"{""Q0"":""none of these""}",category_organization_2x2,tape (object),household
ROW41213,2253,survey-multi-choice,25,130901,0,P1823,STUDY0009,SESS1504,forced_choice,semantic_blocked,fc_blocked,0,"{""Q0"":""none of these""}",category_organization_2x2,tape (object),household
ROW41214,1505,html-button-response,27,136430,0,P1823,STUDY0009,SESS1504,forced_choice,semantic_blocked,fc_blocked,0,0,category_section_intro,,outside
ROW41216,2915,survey-multi-choice,28,139347,0,P1823,STUDY0009,SESS1504,forced_choice,semantic_blocked,fc_blocked,0,"{""Q0"":""none of these""}",category_organization_2x2,garden,outside
ROW41215,4018,survey-multi-choice,26,134922,0,P1823,STUDY0009,SESS1504,forced_choice,semantic_blocked,fc_blocked,0,"{""Q0"":""shape""}",category_organization_2x2,trash can,household
ROW41217,3084,survey-multi-choice,29,142433,0,P1823,STUDY0009,SESS1504,forced_choice,semantic_blocked,fc_blocked,0,"{""Q0"":""shape""}",category_organization_2x2,shovel,outside
ROW41218,8114,survey-multi-choice,30,150549,0,P1823,STUDY0009,SESS1504,forced_choice,semantic_blocked,fc_blocked,0,"{""Q0"":""material""}",category_organization_2x2,snowman,outside
ROW41219,5822,survey-multi-choice,31,156372,0,P1823,STUDY0009,SESS1504,forced_choice,semantic_blocked,fc_blocked,0,"{""Q0"":""shape""}",category_organization_2x2,umbrella,outside
ROW41220,3989,instructions,34,165079,0,P1823,STUDY0009,SESS1504,forced_choice,semantic_blocked,fc_blocked,0,,,,
ROW41221,1580,html-button-response,33,161089,0,P1823,STUDY0009,SESS1504,forced_choice,semantic_blocked,fc_blocked,0,0,,,
ROW41222,3132,survey-multi-choice,32,159507,0,P1823,STUDY0009,SESS1504,forced_choice,semantic_blocked,fc_blocked,0,"{""Q0"":""color""}",category_organization_2x2,lavender,attention_check
ROW41223,7015,instructions,0,7016,0,P1755,STUDY0009,SESS1509,forced_choice,random,fc_random,0,,,,
ROW41224,11169,html-button-response,1,18186,0,P1755,STUDY0009,SESS1509,forced_choice,random,fc_random,0,0,precautions_survey,,
ROW41225,17600,html-button-response,2,35787,0,P1755,STUDY0009,SESS1509,forced_choice,random,fc_random,0,0,vocabulary_classification_criteria,,
ROW41226,6736,html-button-response,3,42524,0,P1755,STUDY0009,SESS1509,forced_choice,random,fc_random,0,0,lavender_instruction,,
ROW41227,7969,survey-multi-choice,4,50494,0,P1755,STUDY0009,SESS1509,forced_choice,random,fc_random,0,"{""Q0"":""shape""}",category_organization_2x2,jar,household
ROW41228,6858,survey-multi-choice,5,57354,0,P1755,STUDY0009,SESS1509,forced_choice,random,fc_random,0,"{""Q0"":""shape""}",category_organization_2x2,hole,outside
ROW41229,5325,survey-multi-choice,6,62680,0,P1755,STUDY0009,SESS1509,forced_choice,random,fc_random,0,"{""Q0"":""material""}",category_organization_2x2,sour cream,food_drink
ROW41230,5858,survey-multi-choice,7,68540,0,P1755,STUDY0009,SESS1509,forced_choice,random,fc_random,0,"{""Q0"":""material""}",category_organization_2x2,mold,toys
ROW41231,6205,survey-multi-choice,8,74745,0,P1755,STUDY0009,SESS1509,forced_choice,random,fc_random,0,"{""Q0"":""color""}",category_organization_2x2,plum,food_drink
ROW41232,3837,survey-multi-choice,9,78583,0,P1755,STUDY0009,SESS1509,forced_choice,random,fc_random,0,"{""Q0"":""shape""}",category_organization_2x2,guitar,toys
ROW41233,5149,survey-multi-choice,10,83734,0,P1755,STUDY0009,SESS1509,forced_choice,random,fc_random,0,"{""Q0"":""material""}",category_organization_2x2,nail (finger),body_parts
ROW41234,5333,survey-multi-choice,11,89068,0,P1755,STUDY0009,SESS1509,forced_choice,random,fc_random,0,"{""Q0"":""shape""}",category_organization_2x2,plantain,food_drink
ROW41235,4899,survey-multi-choice,12,93968,0,P1755,STUDY0009,SESS1509,forced_choice,random,fc_random,0,"{""Q0"":""material""}",category_organization_2x2,suit,other
ROW41236,6036,survey-multi-choice,13,100005,0,P1755,STUDY0009,SESS1509,forced_choice,random,fc_random,0,"{""Q0"":""material""}",category_organization_2x2,pocket,clothing
ROW41237,7207,survey-multi-choice,14,107213,0,P1755,STUDY0009,SESS1509,forced_choice,random,fc_random,0,"{""Q0"":""shape""}",category_organization_2x2,traffic,outside
ROW41238,4121,survey-multi-choice,15,111335,0,P1755,STUDY0009,SESS1509,forced_choice,random,fc_random,0,"{""Q0"":""shape""}",category_organization_2x2,boots,clothing
ROW41239,3337,survey-multi-choice,16,114674,0,P1755,STUDY0009,SESS1509,forced_choice,random,fc_random,0,"{""Q0"":""color""}",category_organization_2x2,light,outside
ROW41240,4530,survey-multi-choice,17,119205,0,P1755,STUDY0009,SESS1509,forced_choice,random,fc_random,0,"{""Q0"":""material""}",category_organization_2x2,dining room,furniture_rooms
ROW41241,2473,survey-multi-choice,18,121679,0,P1755,STUDY0009,SESS1509,forced_choice,random,fc_random,0,"{""Q0"":""none of these""}",category_organization_2x2,lavender,attention_check
ROW41242,4338,survey-multi-choice,19,126018,0,P1755,STUDY0009,SESS1509,forced_choice,random,fc_random,0,"{""Q0"":""material""}",category_organization_2x2,soil,outside
ROW41243,3200,survey-multi-choice,20,129219,0,P1755,STUDY0009,SESS1509,forced_choice,random,fc_random,0,"{""Q0"":""shape""}",category_organization_2x2,can,other
ROW41244,13105,instructions,0,13108,0,P1680,STUDY0009,SESS1482,multi_select,random,ms_random,0,,,,
ROW41245,18689,html-button-response,2,33605,0,P1680,STUDY0009,SESS1482,multi_select,random,ms_random,0,0,vocabulary_classification_criteria,,
ROW41246,1805,html-button-response,1,14915,0,P1680,STUDY0009,SESS1482,multi_select,random,ms_random,0,0,precautions_survey,,
ROW41247,7656,survey-multi-select,4,46498,0,P1680,STUDY0009,SESS1482,multi_select,random,ms_random,0,"{""Q0"":[""material""]}",category_organization_2x2,bandaid,household
ROW41248,5230,html-button-response,3,38837,0,P1680,STUDY0009,SESS1482,multi_select,random,ms_random,0,0,lavender_instruction,,
ROW41249,4063,survey-multi-select,5,50564,0,P1680,STUDY0009,SESS1482,multi_select,random,ms_random,0,"{""Q0"":[""none of these""]}",category_organization_2x2,lavender,attention_check
ROW41250,3975,survey-multi-choice,21,133195,0,P1755,STUDY0009,SESS1509,forced_choice,random,fc_random,0,"{""Q0"":""color""}",category_organization_2x2,rice,food_drink
ROW41251,4763,survey-multi-choice,22,137959,0,P1755,STUDY0009,SESS1509,forced_choice,random,fc_random,0,"{""Q0"":""material""}",category_organization_2x2,jam,food_drink
ROW41252,5255,survey-multi-choice,23,143216,0,P1755,STUDY0009,SESS1509,forced_choice,random,fc_random,0,"{""Q0"":""color""}",category_organization_2x2,frost,outside
ROW41253,4994,survey-multi-choice,24,148211,0,P1755,STUDY0009,SESS1509,forced_choice,random,fc_random,0,"{""Q0"":""shape""}",category_organization_2x2,album,toys
ROW41255,4546,instructions,26,154014,0,P1755,STUDY0009,SESS1509,forced_choice,random,fc_random,0,,,,
ROW41254,1256,html-button-response,25,149467,0,P1755,STUDY0009,SESS1509,forced_choice,random,fc_random,0,0,,,
ROW41256,4949,survey-multi-select,6,55519,0,P1680,STUDY0009,SESS1482,multi_select,random,ms_random,0,"{""Q0"":[""shape""]}",category_organization_2x2,cell phone,household
ROW41257,5175,survey-multi-select,7,60697,0,P1680,STUDY0009,SESS1482,multi_select,random,ms_random,0,"{""Q0"":[""color""]}",category_organization_2x2,soy milk,food_drink
ROW41258,33761,survey-multi-select,8,94460,0,P1680,STUDY0009,SESS1482,multi_select,random,ms_random,0,"{""Q0"":[""shape""]}",category_organization_2x2,vitamin,food_drink
ROW41259,14604,survey-multi-select,9,109067,0,P1680,STUDY0009,SESS1482,multi_select,random,ms_random,0,"{""Q0"":[""color""]}",category_organization_2x2,steak,food_drink
ROW41260,3662,survey-multi-select,10,112732,0,P1680,STUDY0009,SESS1482,multi_select,random,ms_random,0,"{""Q0"":[""color""]}",category_organization_2x2,cigarette,other
ROW41261,4873,survey-multi-select,11,117608,0,P1680,STUDY0009,SESS1482,multi_select,random,ms_random,0,"{""Q0"":[""shape""]}",category_organization_2x2,remote control,household
ROW41262,3915,survey-multi-select,12,121526,0,P1680,STUDY0009,SESS1482,multi_select,random,ms_random,0,"{""Q0"":[""color""]}",category_organization_2x2,spaghetti,food_drink
ROW41263,8096,survey-multi-select,13,129625,0,P1680,STUDY0009,SESS1482,multi_select,random,ms_random,0,"{""Q0"":[""color""]}",category_organization_2x2,patio,furniture_rooms
ROW41264,9313,survey-multi-select,14,138941,0,P1680,STUDY0009,SESS1482,multi_select,random,ms_random,0,"{""Q0"":[""shape"",""material""]}",category_organization_2x2,paper,household
ROW41265,11980,survey-multi-select,15,150924,0,P1680,STUDY0009,SESS1482,multi_select,random,ms_random,0,"{""Q0"":[""shape""]}",category_organization_2x2,skate (object),vehicles
ROW41266,10880,survey-multi-select,16,161806,0,P1680,STUDY0009,SESS1482,multi_select,random,ms_random,0,"{""Q0"":[""color""]}",category_organization_2x2,dried seaweed,food_drink
ROW41267,6268,survey-multi-select,17,168077,0,P1680,STUDY0009,SESS1482,multi_select,random,ms_random,0,"{""Q0"":[""shape""]}",category_organization_2x2,schnitzel,other
ROW41268,19765,survey-multi-select,18,187846,0,P1680,STUDY0009,SESS1482,multi_select,random,ms_random,0,"{""Q0"":[""material""]}",category_organization_2x2,iron (object),household
ROW41269,59065,survey-multi-select,22,260325,0,P1680,STUDY0009,SESS1482,multi_select,random,ms_random,0,"{""Q0"":[""shape""]}",category_organization_2x2,jar,household
ROW41270,3397,survey-multi-select,21,201257,0,P1680,STUDY0009,SESS1482,multi_select,random,ms_random,0,"{""Q0"":[""material""]}",category_organization_2x2,pocket,clothing
ROW41271,4360,survey-multi-select,20,197858,0,P1680,STUDY0009,SESS1482,multi_select,random,ms_random,0,"{""Q0"":[""shape""]}",category_organization_2x2,tie (object),other
ROW41272,5647,survey-multi-select,19,193495,0,P1680,STUDY0009,SESS1482,multi_select,random,ms_random,0,"{""Q0"":[""color""]}",category_organization_2x2,snake,animals
ROW41273,4173,survey-multi-select,23,264500,0,P1680,STUDY0009,SESS1482,multi_select,random,ms_random,0,"{""Q0"":[""material""]}",category_organization_2x2,elevator,furniture_rooms
ROW41274,16072,survey-multi-select,24,280574,0,P1680,STUDY0009,SESS1482,multi_select,random,ms_random,0,"{""Q0"":[""material""]}",category_organization_2x2,jeans,clothing
ROW41275,1548,html-button-response,25,282124,0,P1680,STUDY0009,SESS1482,multi_select,random,ms_random,0,0,,,
ROW41276,1865,instructions,26,283990,0,P1680,STUDY0009,SESS1482,multi_select,random,ms_random,0,,,,
ROW41277,89637,instructions,0,89645,0,P0271,STUDY0009,SESS1464,forced_choice,random,fc_random,0,,,,
ROW41278,80696,html-button-response,1,170345,0,P0271,STUDY0009,SESS1464,forced_choice,random,fc_random,0,0,precautions_survey,,
ROW41279,25755,html-button-response,2,196102,0,P0271,STUDY0009,SESS1464,forced_choice,random,fc_random,0,0,vocabulary_classification_criteria,,
ROW41280,6066,html-button-response,3,202170,0,P0271,STUDY0009,SESS1464,forced_choice,random,fc_random,0,0,lavender_instruction,,
ROW41281,6426,survey-multi-choice,4,208599,0,P0271,STUDY0009,SESS1464,forced_choice,random,fc_random,0,"{""Q0"":""none of these""}",category_organization_2x2,lion,animals
ROW41282,4909,survey-multi-choice,5,213510,0,P0271,STUDY0009,SESS1464,forced_choice,random,fc_random,0,"{""Q0"":""none of these""}",category_organization_2x2,lip,body_parts
ROW41283,4109,survey-multi-choice,6,217621,0,P0271,STUDY0009,SESS1464,forced_choice,random,fc_random,0,"{""Q0"":""none of these""}",category_organization_2x2,pudding,food_drink
ROW41284,4704,survey-multi-choice,7,222327,0,P0271,STUDY0009,SESS1464,forced_choice,random,fc_random,0,"{""Q0"":""shape""}",category_organization_2x2,pill,household
ROW41285,4379,survey-multi-choice,8,226708,0,P0271,STUDY0009,SESS1464,forced_choice,random,fc_random,0,"{""Q0"":""material""}",category_organization_2x2,shovel,outside
ROW41286,2122,survey-multi-choice,9,228832,0,P0271,STUDY0009,SESS1464,forced_choice,random,fc_random,0,"{""Q0"":""none of these""}",category_organization_2x2,gun,toys
ROW41287,3243,survey-multi-choice,10,232077,0,P0271,STUDY0009,SESS1464,forced_choice,random,fc_random,0,"{""Q0"":""none of these""}",category_organization_2x2,avocado,other
ROW41288,5938,survey-multi-choice,11,238016,0,P0271,STUDY0009,SESS1464,forced_choice,random,fc_random,0,"{""Q0"":""shape""}",category_organization_2x2,berry,food_drink
ROW41289,1913,survey-multi-choice,12,239930,0,P0271,STUDY0009,SESS1464,forced_choice,random,fc_random,0,"{""Q0"":""none of these""}",category_organization_2x2,camera,household
ROW41290,1701,survey-multi-choice,13,241632,0,P0271,STUDY0009,SESS1464,forced_choice,random,fc_random,0,"{""Q0"":""none of these""}",category_organization_2x2,t-shirt,clothing
ROW41291,3935,survey-multi-choice,14,245569,0,P0271,STUDY0009,SESS1464,forced_choice,random,fc_random,0,"{""Q0"":""color""}",category_organization_2x2,medicine,household
ROW41292,2302,survey-multi-choice,15,247873,0,P0271,STUDY0009,SESS1464,forced_choice,random,fc_random,0,"{""Q0"":""none of these""}",category_organization_2x2,firetruck,vehicles
ROW41293,1659,survey-multi-choice,16,249533,0,P0271,STUDY0009,SESS1464,forced_choice,random,fc_random,0,"{""Q0"":""none of these""}",category_organization_2x2,lavender,attention_check
ROW41294,2905,survey-multi-choice,17,252440,0,P0271,STUDY0009,SESS1464,forced_choice,random,fc_random,0,"{""Q0"":""shape""}",category_organization_2x2,bridge,outside
ROW41295,1787,survey-multi-choice,18,254228,0,P0271,STUDY0009,SESS1464,forced_choice,random,fc_random,0,"{""Q0"":""none of these""}",category_organization_2x2,soy sauce,food_drink
ROW41296,2322,survey-multi-choice,19,256551,0,P0271,STUDY0009,SESS1464,forced_choice,random,fc_random,0,"{""Q0"":""none of these""}",category_organization_2x2,eyebrow,body_parts
ROW41297,1507,survey-multi-choice,22,262634,0,P0271,STUDY0009,SESS1464,forced_choice,random,fc_random,0,"{""Q0"":""material""}",category_organization_2x2,shirt,clothing
ROW41299,1592,survey-multi-choice,23,264227,0,P0271,STUDY0009,SESS1464,forced_choice,random,fc_random,0,"{""Q0"":""material""}",category_organization_2x2,raincoat,clothing
ROW41298,2132,survey-multi-choice,21,261125,0,P0271,STUDY0009,SESS1464,forced_choice,random,fc_random,0,"{""Q0"":""material""}",category_organization_2x2,clothes,clothing
ROW41300,2439,survey-multi-choice,20,258992,0,P0271,STUDY0009,SESS1464,forced_choice,random,fc_random,0,"{""Q0"":""material""}",category_organization_2x2,snowman,outside
ROW41301,1704,survey-multi-choice,24,265932,0,P0271,STUDY0009,SESS1464,forced_choice,random,fc_random,0,"{""Q0"":""none of these""}",category_organization_2x2,elephant,animals
ROW41302,1116,html-button-response,25,267050,0,P0271,STUDY0009,SESS1464,forced_choice,random,fc_random,0,0,,,
ROW41303,2573,instructions,26,269623,0,P0271,STUDY0009,SESS1464,forced_choice,random,fc_random,0,,,,
ROW41304,6071,instructions,0,6072,0,P1731,STUDY0009,SESS1385,multi_select,random,ms_random,0,,,,
ROW41305,12758,html-button-response,1,18832,0,P1731,STUDY0009,SESS1385,multi_select,random,ms_random,0,0,precautions_survey,,
ROW41306,28313,html-button-response,2,47146,0,P1731,STUDY0009,SESS1385,multi_select,random,ms_random,0,0,vocabulary_classification_criteria,,
ROW41307,9907,html-button-response,3,57054,0,P1731,STUDY0009,SESS1385,multi_select,random,ms_random,0,0,lavender_instruction,,
ROW41308,16813,survey-multi-select,4,73907,0,P1731,STUDY0009,SESS1385,multi_select,random,ms_random,0,"{""Q0"":[""shape"",""color"",""material""]}",category_organization_2x2,peas,food_drink
ROW41309,8857,survey-multi-select,5,82766,0,P1731,STUDY0009,SESS1385,multi_select,random,ms_random,0,"{""Q0"":[""none of these""]}",category_organization_2x2,chick,animals
ROW41310,7811,survey-multi-select,6,90579,0,P1731,STUDY0009,SESS1385,multi_select,random,ms_random,0,"{""Q0"":[""shape"",""color""]}",category_organization_2x2,watermelon,food_drink
ROW41311,11661,survey-multi-select,7,102244,0,P1731,STUDY0009,SESS1385,multi_select,random,ms_random,0,"{""Q0"":[""color"",""material""]}",category_organization_2x2,broccoli,other
ROW41312,6860,survey-multi-select,8,109106,0,P1731,STUDY0009,SESS1385,multi_select,random,ms_random,0,"{""Q0"":[""color"",""material""]}",category_organization_2x2,coffee,food_drink
ROW41313,7330,survey-multi-select,9,116438,0,P1731,STUDY0009,SESS1385,multi_select,random,ms_random,0,"{""Q0"":[""color"",""material""]}",category_organization_2x2,guava,food_drink
ROW41314,4299,survey-multi-select,10,120738,0,P1731,STUDY0009,SESS1385,multi_select,random,ms_random,0,"{""Q0"":[""shape"",""color"",""material""]}",category_organization_2x2,popcorn,food_drink
ROW41315,6859,survey-multi-select,11,127598,0,P1731,STUDY0009,SESS1385,multi_select,random,ms_random,0,"{""Q0"":[""material""]}",category_organization_2x2,dress shoe,clothing
ROW41316,8387,survey-multi-select,12,135986,0,P1731,STUDY0009,SESS1385,multi_select,random,ms_random,0,"{""Q0"":[""shape"",""material""]}",category_organization_2x2,sweater,clothing
ROW41317,10337,survey-multi-select,13,146326,0,P1731,STUDY0009,SESS1385,multi_select,random,ms_random,0,"{""Q0"":[""color""]}",category_organization_2x2,coke,food_drink
ROW41318,5371,survey-multi-select,14,151698,0,P1731,STUDY0009,SESS1385,multi_select,random,ms_random,0,"{""Q0"":[""material""]}",category_organization_2x2,croquette,food_drink
ROW41319,7555,survey-multi-select,15,159255,0,P1731,STUDY0009,SESS1385,multi_select,random,ms_random,0,"{""Q0"":[""shape""]}",category_organization_2x2,bowl,household
ROW41320,12670,survey-multi-select,16,171927,0,P1731,STUDY0009,SESS1385,multi_select,random,ms_random,0,"{""Q0"":[""shape""]}",category_organization_2x2,soap,household
ROW41321,44536,survey-multi-select,17,216465,0,P1731,STUDY0009,SESS1385,multi_select,random,ms_random,0,"{""Q0"":[""shape""]}",category_organization_2x2,mirror,furniture_rooms
ROW41322,8721,survey-multi-select,18,225188,0,P1731,STUDY0009,SESS1385,multi_select,random,ms_random,0,"{""Q0"":[""shape"",""material""]}",category_organization_2x2,toilet paper,other
ROW41323,3341,survey-multi-select,19,228530,0,P1731,STUDY0009,SESS1385,multi_select,random,ms_random,0,"{""Q0"":[""none of these""]}",category_organization_2x2,lavender,attention_check
ROW41324,127092,survey-multi-select,20,355624,0,P1731,STUDY0009,SESS1385,multi_select,random,ms_random,0,"{""Q0"":[""shape"",""material""]}",category_organization_2x2,gloves,clothing
ROW41325,24152,survey-multi-select,21,379777,0,P1731,STUDY0009,SESS1385,multi_select,random,ms_random,0,"{""Q0"":[""shape"",""material""]}",category_organization_2x2,stairs,furniture_rooms
ROW41326,28233,survey-multi-select,22,408012,0,P1731,STUDY0009,SESS1385,multi_select,random,ms_random,0,"{""Q0"":[""shape"",""color"",""material""]}",category_organization_2x2,tea,food_drink
ROW41327,4956,survey-multi-select,23,412970,0,P1731,STUDY0009,SESS1385,multi_select,random,ms_random,0,"{""Q0"":[""shape"",""color"",""material""]}",category_organization_2x2,cracker,food_drink
ROW41328,22466,survey-multi-select,24,435437,0,P1731,STUDY0009,SESS1385,multi_select,random,ms_random,0,"{""Q0"":[""shape"",""material""]}",category_organization_2x2,samosa,food_drink
ROW41329,2237,html-button-response,25,437676,0,P1731,STUDY0009,SESS1385,multi_select,random,ms_random,0,0,,,
ROW41330,4022,instructions,26,441698,0,P1731,STUDY0009,SESS1385,multi_select,random,ms_random,0,,,,
ROW41331,8698,html-button-response,1,18046,0,P1684,STUDY0009,SESS1510,forced_choice,random,fc_random,0,0,precautions_survey,,
ROW41332,9344,instructions,0,9346,0,P1684,STUDY0009,SESS1510,forced_choice,random,fc_random,0,,,,
ROW41333,11992,html-button-response,2,30039,0,P1684,STUDY0009,SESS1510,forced_choice,random,fc_random,0,0,vocabulary_classification_criteria,,
ROW41334,8735,survey-multi-choice,5,62417,0,P1684,STUDY0009,SESS1510,forced_choice,random,fc_random,0,"{""Q0"":""shape""}",category_organization_2x2,dinosaur,animals
ROW41335,18322,survey-multi-choice,4,53680,0,P1684,STUDY0009,SESS1510,forced_choice,random,fc_random,0,"{""Q0"":""shape""}",category_organization_2x2,yogurt drink,food_drink
ROW41336,5315,html-button-response,3,35355,0,P1684,STUDY0009,SESS1510,forced_choice,random,fc_random,0,0,lavender_instruction,,
ROW41337,7461,survey-multi-choice,6,69879,0,P1684,STUDY0009,SESS1510,forced_choice,random,fc_random,0,"{""Q0"":""shape""}",category_organization_2x2,dryer,furniture_rooms
ROW41338,5125,survey-multi-choice,7,75005,0,P1684,STUDY0009,SESS1510,forced_choice,random,fc_random,0,"{""Q0"":""none of these""}",category_organization_2x2,cheek,body_parts
ROW41339,3633,survey-multi-choice,8,78640,0,P1684,STUDY0009,SESS1510,forced_choice,random,fc_random,0,"{""Q0"":""shape""}",category_organization_2x2,shark,food_drink
ROW41340,6359,survey-multi-choice,9,85000,0,P1684,STUDY0009,SESS1510,forced_choice,random,fc_random,0,"{""Q0"":""shape""}",category_organization_2x2,coin,household
ROW41341,7199,survey-multi-choice,10,92200,0,P1684,STUDY0009,SESS1510,forced_choice,random,fc_random,0,"{""Q0"":""none of these""}",category_organization_2x2,lavender,attention_check
ROW41342,4825,survey-multi-choice,11,97026,0,P1684,STUDY0009,SESS1510,forced_choice,random,fc_random,0,"{""Q0"":""shape""}",category_organization_2x2,plate,household
ROW41343,5665,survey-multi-choice,12,102692,0,P1684,STUDY0009,SESS1510,forced_choice,random,fc_random,0,"{""Q0"":""shape""}",category_organization_2x2,watering can,outside
ROW41344,3143,survey-multi-choice,13,105836,0,P1684,STUDY0009,SESS1510,forced_choice,random,fc_random,0,"{""Q0"":""material""}",category_organization_2x2,cloth,household
ROW41345,5556,survey-multi-choice,14,111393,0,P1684,STUDY0009,SESS1510,forced_choice,random,fc_random,0,"{""Q0"":""none of these""}",category_organization_2x2,animal,animals
ROW41346,2864,survey-multi-choice,16,125050,0,P1684,STUDY0009,SESS1510,forced_choice,random,fc_random,0,"{""Q0"":""shape""}",category_organization_2x2,truck,vehicles
ROW41347,10792,survey-multi-choice,15,122186,0,P1684,STUDY0009,SESS1510,forced_choice,random,fc_random,0,"{""Q0"":""none of these""}",category_organization_2x2,pomegranate,food_drink
ROW41348,6491,survey-multi-choice,17,131542,0,P1684,STUDY0009,SESS1510,forced_choice,random,fc_random,0,"{""Q0"":""none of these""}",category_organization_2x2,candy,food_drink
ROW41349,3587,survey-multi-choice,18,135130,0,P1684,STUDY0009,SESS1510,forced_choice,random,fc_random,0,"{""Q0"":""shape""}",category_organization_2x2,porch,furniture_rooms
ROW41350,5459,survey-multi-choice,19,140589,0,P1684,STUDY0009,SESS1510,forced_choice,random,fc_random,0,"{""Q0"":""none of these""}",category_organization_2x2,top,toys
ROW41351,3212,survey-multi-choice,20,143803,0,P1684,STUDY0009,SESS1510,forced_choice,random,fc_random,0,"{""Q0"":""shape""}",category_organization_2x2,guitar,toys
ROW41352,2721,survey-multi-choice,21,146525,0,P1684,STUDY0009,SESS1510,forced_choice,random,fc_random,0,"{""Q0"":""shape""}",category_organization_2x2,box,household
ROW41353,6074,survey-multi-choice,22,152600,0,P1684,STUDY0009,SESS1510,forced_choice,random,fc_random,0,"{""Q0"":""shape""}",category_organization_2x2,peas,food_drink
ROW41354,9559,survey-multi-choice,23,162160,0,P1684,STUDY0009,SESS1510,forced_choice,random,fc_random,0,"{""Q0"":""none of these""}",category_organization_2x2,soup,food_drink
ROW41355,4831,survey-multi-choice,24,166992,0,P1684,STUDY0009,SESS1510,forced_choice,random,fc_random,0,"{""Q0"":""material""}",category_organization_2x2,chalk,toys
ROW41356,1422,html-button-response,25,168416,0,P1684,STUDY0009,SESS1510,forced_choice,random,fc_random,0,0,,,
ROW41357,3332,instructions,26,171748,0,P1684,STUDY0009,SESS1510,forced_choice,random,fc_random,0,,,,
ROW41358,2112,instructions,0,2114,0,P1554,STUDY0009,SESS1507,multi_select,random,ms_random,0,,,,
ROW41359,16109,survey-multi-select,4,61491,0,P1554,STUDY0009,SESS1507,multi_select,random,ms_random,0,"{""Q0"":[""material""]}",category_organization_2x2,trash can,household
ROW41360,14988,survey-multi-select,5,76482,0,P1554,STUDY0009,SESS1507,multi_select,random,ms_random,0,"{""Q0"":[""material""]}",category_organization_2x2,tape (object),household
ROW41361,24887,html-button-response,2,37891,0,P1554,STUDY0009,SESS1507,multi_select,random,ms_random,0,0,vocabulary_classification_criteria,,
ROW41362,7485,html-button-response,3,45378,0,P1554,STUDY0009,SESS1507,multi_select,random,ms_random,0,0,lavender_instruction,,
ROW41363,10886,html-button-response,1,13002,0,P1554,STUDY0009,SESS1507,multi_select,random,ms_random,0,0,precautions_survey,,
ROW41364,5681,survey-multi-select,6,82164,0,P1554,STUDY0009,SESS1507,multi_select,random,ms_random,0,"{""Q0"":[""shape""]}",category_organization_2x2,high chair,furniture_rooms
ROW41365,7167,survey-multi-select,8,99364,0,P1554,STUDY0009,SESS1507,multi_select,random,ms_random,0,"{""Q0"":[""shape""]}",category_organization_2x2,bear,animals
ROW41366,5757,survey-multi-select,9,105124,0,P1554,STUDY0009,SESS1507,multi_select,random,ms_random,0,"{""Q0"":[""shape""]}",category_organization_2x2,buttocks,body_parts
ROW41367,10025,survey-multi-select,7,92193,0,P1554,STUDY0009,SESS1507,multi_select,random,ms_random,0,"{""Q0"":[""shape""]}",category_organization_2x2,umbrella,outside
ROW41368,6183,survey-multi-select,10,111311,0,P1554,STUDY0009,SESS1507,multi_select,random,ms_random,0,"{""Q0"":[""shape""]}",category_organization_2x2,truck,vehicles
ROW41369,7910,survey-multi-select,11,119224,0,P1554,STUDY0009,SESS1507,multi_select,random,ms_random,0,"{""Q0"":[""shape""]}",category_organization_2x2,shoulder,body_parts
ROW41370,4367,survey-multi-select,12,123594,0,P1554,STUDY0009,SESS1507,multi_select,random,ms_random,0,"{""Q0"":[""color""]}",category_organization_2x2,snowman,outside
ROW41371,3786,survey-multi-select,17,148734,0,P1554,STUDY0009,SESS1507,multi_select,random,ms_random,0,"{""Q0"":[""shape""]}",category_organization_2x2,computer,furniture_rooms
ROW41372,3971,survey-multi-select,13,127568,0,P1554,STUDY0009,SESS1507,multi_select,random,ms_random,0,"{""Q0"":[""material""]}",category_organization_2x2,blanket,household
ROW41373,9769,survey-multi-select,15,140891,0,P1554,STUDY0009,SESS1507,multi_select,random,ms_random,0,"{""Q0"":[""material"",""none of these""]}",category_organization_2x2,garden,outside
ROW41374,3549,survey-multi-select,14,131119,0,P1554,STUDY0009,SESS1507,multi_select,random,ms_random,0,"{""Q0"":[""color""]}",category_organization_2x2,blood,body_parts
ROW41375,4050,survey-multi-select,16,144945,0,P1554,STUDY0009,SESS1507,multi_select,random,ms_random,0,"{""Q0"":[""material""]}",category_organization_2x2,tape (object),household
ROW41376,4818,survey-multi-select,18,153555,0,P1554,STUDY0009,SESS1507,multi_select,random,ms_random,0,"{""Q0"":[""shape""]}",category_organization_2x2,shovel,outside
ROW41377,6756,survey-multi-select,21,170936,0,P1554,STUDY0009,SESS1507,multi_select,random,ms_random,0,"{""Q0"":[""shape"",""material""]}",category_organization_2x2,nut,food_drink
ROW41378,9110,survey-multi-select,22,180051,0,P1554,STUDY0009,SESS1507,multi_select,random,ms_random,0,"{""Q0"":[""color"",""material""]}",category_organization_2x2,pajamas,clothing
ROW41379,2891,survey-multi-select,20,164176,0,P1554,STUDY0009,SESS1507,multi_select,random,ms_random,0,"{""Q0"":[""none of these""]}",category_organization_2x2,lavender,attention_check
ROW41380,7722,survey-multi-select,19,161281,0,P1554,STUDY0009,SESS1507,multi_select,random,ms_random,0,"{""Q0"":[""shape"",""color""]}",category_organization_2x2,hair clip,clothing
ROW41381,4432,survey-multi-select,23,184486,0,P1554,STUDY0009,SESS1507,multi_select,random,ms_random,0,"{""Q0"":[""shape"",""color""]}",category_organization_2x2,spinach,food_drink
ROW41382,4366,survey-multi-select,24,188855,0,P1554,STUDY0009,SESS1507,multi_select,random,ms_random,0,"{""Q0"":[""shape""]}",category_organization_2x2,sprouts,food_drink
ROW41383,1510,html-button-response,25,190366,0,P1554,STUDY0009,SESS1507,multi_select,random,ms_random,0,0,,,
ROW41384,5139,instructions,26,195506,0,P1554,STUDY0009,SESS1507,multi_select,random,ms_random,0,,,,
ROW41385,3394,instructions,0,3396,0,P1748,STUDY0009,SESS1506,multi_select,random,ms_random,0,,,,
ROW41386,18788,html-button-response,2,24243,0,P1748,STUDY0009,SESS1506,multi_select,random,ms_random,0,0,vocabulary_classification_criteria,,
ROW41387,2053,html-button-response,1,5452,0,P1748,STUDY0009,SESS1506,multi_select,random,ms_random,0,0,precautions_survey,,
ROW41388,9021,html-button-response,3,33266,0,P1748,STUDY0009,SESS1506,multi_select,random,ms_random,0,0,lavender_instruction,,
ROW41389,12389,survey-multi-select,4,45660,0,P1748,STUDY0009,SESS1506,multi_select,random,ms_random,0,"{""Q0"":[""material""]}",category_organization_2x2,yogurt drink,food_drink
ROW41390,2368,survey-multi-select,5,48034,0,P1748,STUDY0009,SESS1506,multi_select,random,ms_random,0,"{""Q0"":[""none of these""]}",category_organization_2x2,lavender,attention_check
ROW41392,7118,survey-multi-select,7,65931,0,P1748,STUDY0009,SESS1506,multi_select,random,ms_random,0,"{""Q0"":[""material""]}",category_organization_2x2,dryer,furniture_rooms
ROW41393,8076,survey-multi-select,8,74010,0,P1748,STUDY0009,SESS1506,multi_select,random,ms_random,0,"{""Q0"":[""shape"",""material""]}",category_organization_2x2,cheek,body_parts
ROW41391,10773,survey-multi-select,6,58810,0,P1748,STUDY0009,SESS1506,multi_select,random,ms_random,0,"{""Q0"":[""shape"",""material""]}",category_organization_2x2,dinosaur,animals
ROW41395,6678,survey-multi-select,9,80691,0,P1748,STUDY0009,SESS1506,multi_select,random,ms_random,0,"{""Q0"":[""shape"",""material""]}",category_organization_2x2,shark,food_drink
ROW41394,5525,survey-multi-select,10,86218,0,P1748,STUDY0009,SESS1506,multi_select,random,ms_random,0,"{""Q0"":[""shape""]}",category_organization_2x2,coin,household
ROW41396,4749,survey-multi-select,11,90970,0,P1748,STUDY0009,SESS1506,multi_select,random,ms_random,0,"{""Q0"":[""shape""]}",category_organization_2x2,plate,household
ROW41398,6747,survey-multi-select,13,109747,0,P1748,STUDY0009,SESS1506,multi_select,random,ms_random,0,"{""Q0"":[""material""]}",category_organization_2x2,cloth,household
ROW41397,12022,survey-multi-select,12,102996,0,P1748,STUDY0009,SESS1506,multi_select,random,ms_random,0,"{""Q0"":[""material""]}",category_organization_2x2,watering can,outside
ROW41399,4124,survey-multi-select,14,113875,0,P1748,STUDY0009,SESS1506,multi_select,random,ms_random,0,"{""Q0"":[""material""]}",category_organization_2x2,animal,animals
ROW41400,23011,survey-multi-select,15,136889,0,P1748,STUDY0009,SESS1506,multi_select,random,ms_random,0,"{""Q0"":[""material""]}",category_organization_2x2,pomegranate,food_drink
ROW41401,3279,survey-multi-select,16,140173,0,P1748,STUDY0009,SESS1506,multi_select,random,ms_random,0,"{""Q0"":[""shape""]}",category_organization_2x2,truck,vehicles
ROW41402,2162,survey-multi-select,17,142338,0,P1748,STUDY0009,SESS1506,multi_select,random,ms_random,0,"{""Q0"":[""material""]}",category_organization_2x2,candy,food_drink
ROW41403,4174,survey-multi-select,19,151762,0,P1748,STUDY0009,SESS1506,multi_select,random,ms_random,0,"{""Q0"":[""shape""]}",category_organization_2x2,top,toys
ROW41404,5242,survey-multi-select,18,147586,0,P1748,STUDY0009,SESS1506,multi_select,random,ms_random,0,"{""Q0"":[""shape""]}",category_organization_2x2,porch,furniture_rooms
ROW41405,3653,survey-multi-select,21,157681,0,P1748,STUDY0009,SESS1506,multi_select,random,ms_random,0,"{""Q0"":[""shape""]}",category_organization_2x2,box,household
ROW41406,2262,survey-multi-select,20,154026,0,P1748,STUDY0009,SESS1506,multi_select,random,ms_random,0,"{""Q0"":[""material""]}",category_organization_2x2,guitar,toys
ROW41407,3723,survey-multi-select,23,166138,0,P1748,STUDY0009,SESS1506,multi_select,random,ms_random,0,"{""Q0"":[""material""]}",category_organization_2x2,soup,food_drink
ROW41408,4728,survey-multi-select,22,162412,0,P1748,STUDY0009,SESS1506,multi_select,random,ms_random,0,"{""Q0"":[""color"",""material""]}",category_organization_2x2,peas,food_drink
ROW41410,1228,html-button-response,25,173451,0,P1748,STUDY0009,SESS1506,multi_select,random,ms_random,0,0,,,
ROW41409,6077,survey-multi-select,24,172220,0,P1748,STUDY0009,SESS1506,multi_select,random,ms_random,0,"{""Q0"":[""shape"",""color"",""material""]}",category_organization_2x2,chalk,toys
ROW41411,2446,instructions,26,175898,0,P1748,STUDY0009,SESS1506,multi_select,random,ms_random,0,,,,
ROW41412,1950,instructions,0,1951,0,P1694,STUDY0009,SESS1499,forced_choice,semantic_blocked,fc_blocked,0,,,,
ROW41413,6459,html-button-response,1,8412,0,P1694,STUDY0009,SESS1499,forced_choice,semantic_blocked,fc_blocked,0,0,precautions_survey,,
ROW41414,13968,html-button-response,2,22381,0,P1694,STUDY0009,SESS1499,forced_choice,semantic_blocked,fc_blocked,0,0,vocabulary_classification_criteria,,
ROW41415,6798,html-button-response,3,29181,0,P1694,STUDY0009,SESS1499,forced_choice,semantic_blocked,fc_blocked,0,0,lavender_instruction,,
ROW41416,5259,html-button-response,4,34441,0,P1694,STUDY0009,SESS1499,forced_choice,semantic_blocked,fc_blocked,0,0,category_section_intro,,vehicles
ROW41417,5778,survey-multi-choice,5,40223,0,P1694,STUDY0009,SESS1499,forced_choice,semantic_blocked,fc_blocked,0,"{""Q0"":""shape""}",category_organization_2x2,truck,vehicles
ROW41418,2497,html-button-response,6,42720,0,P1694,STUDY0009,SESS1499,forced_choice,semantic_blocked,fc_blocked,0,0,category_section_intro,,toys
ROW41419,9858,survey-multi-choice,7,52580,0,P1694,STUDY0009,SESS1499,forced_choice,semantic_blocked,fc_blocked,0,"{""Q0"":""material""}",category_organization_2x2,chalk,toys
ROW41420,4099,survey-multi-choice,8,56681,0,P1694,STUDY0009,SESS1499,forced_choice,semantic_blocked,fc_blocked,0,"{""Q0"":""shape""}",category_organization_2x2,guitar,toys
ROW41421,5589,survey-multi-choice,9,62272,0,P1694,STUDY0009,SESS1499,forced_choice,semantic_blocked,fc_blocked,0,"{""Q0"":""shape""}",category_organization_2x2,top,toys
ROW41422,1117,html-button-response,10,63390,0,P1694,STUDY0009,SESS1499,forced_choice,semantic_blocked,fc_blocked,0,0,category_section_intro,,animals
ROW41423,3270,survey-multi-choice,11,66661,0,P1694,STUDY0009,SESS1499,forced_choice,semantic_blocked,fc_blocked,0,"{""Q0"":""shape""}",category_organization_2x2,animal,animals
ROW41424,2170,survey-multi-choice,12,68833,0,P1694,STUDY0009,SESS1499,forced_choice,semantic_blocked,fc_blocked,0,"{""Q0"":""shape""}",category_organization_2x2,dinosaur,animals
ROW41425,957,html-button-response,13,69791,0,P1694,STUDY0009,SESS1499,forced_choice,semantic_blocked,fc_blocked,0,0,category_section_intro,,furniture_rooms
ROW41426,4498,survey-multi-choice,14,74291,0,P1694,STUDY0009,SESS1499,forced_choice,semantic_blocked,fc_blocked,0,"{""Q0"":""shape""}",category_organization_2x2,dryer,furniture_rooms
ROW41427,3069,survey-multi-choice,15,77361,0,P1694,STUDY0009,SESS1499,forced_choice,semantic_blocked,fc_blocked,0,"{""Q0"":""none of these""}",category_organization_2x2,porch,furniture_rooms
ROW41428,818,html-button-response,16,78181,0,P1694,STUDY0009,SESS1499,forced_choice,semantic_blocked,fc_blocked,0,0,category_section_intro,,food_drink
ROW41429,10799,survey-multi-choice,17,88981,0,P1694,STUDY0009,SESS1499,forced_choice,semantic_blocked,fc_blocked,0,"{""Q0"":""shape""}",category_organization_2x2,candy,food_drink
ROW41430,1900,survey-multi-choice,18,90882,0,P1694,STUDY0009,SESS1499,forced_choice,semantic_blocked,fc_blocked,0,"{""Q0"":""shape""}",category_organization_2x2,peas,food_drink
ROW41431,5749,survey-multi-choice,19,96632,0,P1694,STUDY0009,SESS1499,forced_choice,semantic_blocked,fc_blocked,0,"{""Q0"":""color""}",category_organization_2x2,pomegranate,food_drink
ROW41432,2719,survey-multi-choice,20,99352,0,P1694,STUDY0009,SESS1499,forced_choice,semantic_blocked,fc_blocked,0,"{""Q0"":""shape""}",category_organization_2x2,shark,food_drink
ROW41433,2169,survey-multi-choice,21,101523,0,P1694,STUDY0009,SESS1499,forced_choice,semantic_blocked,fc_blocked,0,"{""Q0"":""material""}",category_organization_2x2,soup,food_drink
ROW41434,3119,survey-multi-choice,22,104643,0,P1694,STUDY0009,SESS1499,forced_choice,semantic_blocked,fc_blocked,0,"{""Q0"":""material""}",category_organization_2x2,yogurt drink,food_drink
ROW41435,3259,survey-multi-choice,24,108672,0,P1694,STUDY0009,SESS1499,forced_choice,semantic_blocked,fc_blocked,0,"{""Q0"":""none of these""}",category_organization_2x2,cheek,body_parts
ROW41436,768,html-button-response,23,105412,0,P1694,STUDY0009,SESS1499,forced_choice,semantic_blocked,fc_blocked,0,0,category_section_intro,,body_parts
ROW41437,2031,survey-multi-choice,26,111473,0,P1694,STUDY0009,SESS1499,forced_choice,semantic_blocked,fc_blocked,0,"{""Q0"":""shape""}",category_organization_2x2,box,household
ROW41438,767,html-button-response,25,109441,0,P1694,STUDY0009,SESS1499,forced_choice,semantic_blocked,fc_blocked,0,0,category_section_intro,,household
ROW41439,4008,survey-multi-choice,27,115482,0,P1694,STUDY0009,SESS1499,forced_choice,semantic_blocked,fc_blocked,0,"{""Q0"":""material""}",category_organization_2x2,cloth,household
ROW41440,2929,survey-multi-choice,28,118413,0,P1694,STUDY0009,SESS1499,forced_choice,semantic_blocked,fc_blocked,0,"{""Q0"":""shape""}",category_organization_2x2,coin,household
ROW41441,2587,survey-multi-choice,29,121002,0,P1694,STUDY0009,SESS1499,forced_choice,semantic_blocked,fc_blocked,0,"{""Q0"":""shape""}",category_organization_2x2,plate,household
ROW41442,679,html-button-response,30,121682,0,P1694,STUDY0009,SESS1499,forced_choice,semantic_blocked,fc_blocked,0,0,category_section_intro,,outside
ROW41443,2851,survey-multi-choice,31,124534,0,P1694,STUDY0009,SESS1499,forced_choice,semantic_blocked,fc_blocked,0,"{""Q0"":""shape""}",category_organization_2x2,watering can,outside
ROW41444,1176,html-button-response,33,129052,0,P1694,STUDY0009,SESS1499,forced_choice,semantic_blocked,fc_blocked,0,0,,,
ROW41445,3338,survey-multi-choice,32,127874,0,P1694,STUDY0009,SESS1499,forced_choice,semantic_blocked,fc_blocked,0,"{""Q0"":""none of these""}",category_organization_2x2,lavender,attention_check
ROW41446,4550,instructions,34,133602,0,P1694,STUDY0009,SESS1499,forced_choice,semantic_blocked,fc_blocked,0,,,,
ROW41447,7006,html-button-response,1,9544,0,P0790,STUDY0009,SESS1505,forced_choice,random,fc_random,0,0,precautions_survey,,
ROW41448,2535,instructions,0,2537,0,P0790,STUDY0009,SESS1505,forced_choice,random,fc_random,0,,,,
ROW41449,10623,html-button-response,2,20167,0,P0790,STUDY0009,SESS1505,forced_choice,random,fc_random,0,0,vocabulary_classification_criteria,,
ROW41450,3880,html-button-response,3,24048,0,P0790,STUDY0009,SESS1505,forced_choice,random,fc_random,0,0,lavender_instruction,,
ROW41451,8687,survey-multi-choice,4,32736,0,P0790,STUDY0009,SESS1505,forced_choice,random,fc_random,0,"{""Q0"":""material""}",category_organization_2x2,terrace,household
ROW41452,9671,survey-multi-choice,5,42408,0,P0790,STUDY0009,SESS1505,forced_choice,random,fc_random,0,"{""Q0"":""shape""}",category_organization_2x2,caterpillar,animals
ROW41453,4927,survey-multi-choice,8,61720,0,P0790,STUDY0009,SESS1505,forced_choice,random,fc_random,0,"{""Q0"":""shape""}",category_organization_2x2,can (object),household
ROW41454,5960,survey-multi-choice,9,67680,0,P0790,STUDY0009,SESS1505,forced_choice,random,fc_random,0,"{""Q0"":""material""}",category_organization_2x2,cradle,other
ROW41455,9335,survey-multi-choice,6,51744,0,P0790,STUDY0009,SESS1505,forced_choice,random,fc_random,0,"{""Q0"":""shape""}",category_organization_2x2,swallow (animal),animals
ROW41456,5047,survey-multi-choice,7,56792,0,P0790,STUDY0009,SESS1505,forced_choice,random,fc_random,0,"{""Q0"":""shape""}",category_organization_2x2,octopus,other
ROW41457,1695,survey-multi-choice,10,69376,0,P0790,STUDY0009,SESS1505,forced_choice,random,fc_random,0,"{""Q0"":""none of these""}",category_organization_2x2,lavender,attention_check
ROW41458,6111,survey-multi-choice,11,75488,0,P0790,STUDY0009,SESS1505,forced_choice,random,fc_random,0,"{""Q0"":""shape""}",category_organization_2x2,squirrel,animals
ROW41459,2631,survey-multi-choice,12,78120,0,P0790,STUDY0009,SESS1505,forced_choice,random,fc_random,0,"{""Q0"":""shape""}",category_organization_2x2,tower,other
ROW41460,2600,survey-multi-choice,13,80720,0,P0790,STUDY0009,SESS1505,forced_choice,random,fc_random,0,"{""Q0"":""color""}",category_organization_2x2,sprouts,food_drink
ROW41461,2135,survey-multi-choice,14,82856,0,P0790,STUDY0009,SESS1505,forced_choice,random,fc_random,0,"{""Q0"":""shape""}",category_organization_2x2,beetle,animals
ROW41462,6983,survey-multi-choice,16,93096,0,P0790,STUDY0009,SESS1505,forced_choice,random,fc_random,0,"{""Q0"":""shape""}",category_organization_2x2,clock,household
ROW41463,3255,survey-multi-choice,15,86112,0,P0790,STUDY0009,SESS1505,forced_choice,random,fc_random,0,"{""Q0"":""shape""}",category_organization_2x2,horse,animals
ROW41464,2488,survey-multi-choice,17,95584,0,P0790,STUDY0009,SESS1505,forced_choice,random,fc_random,0,"{""Q0"":""shape""}",category_organization_2x2,sheep,animals
ROW41465,6735,survey-multi-choice,18,102320,0,P0790,STUDY0009,SESS1505,forced_choice,random,fc_random,0,"{""Q0"":""material""}",category_organization_2x2,grill (object),other
ROW41466,3855,survey-multi-choice,19,106176,0,P0790,STUDY0009,SESS1505,forced_choice,random,fc_random,0,"{""Q0"":""material""}",category_organization_2x2,diaper,clothing
ROW41467,5088,survey-multi-choice,20,111264,0,P0790,STUDY0009,SESS1505,forced_choice,random,fc_random,0,"{""Q0"":""material""}",category_organization_2x2,bathroom,furniture_rooms
ROW41468,3479,survey-multi-choice,22,120920,0,P0790,STUDY0009,SESS1505,forced_choice,random,fc_random,0,"{""Q0"":""color""}",category_organization_2x2,hot chocolate,other
ROW41469,2023,survey-multi-choice,23,122944,0,P0790,STUDY0009,SESS1505,forced_choice,random,fc_random,0,"{""Q0"":""shape""}",category_organization_2x2,spider,animals
ROW41470,6175,survey-multi-choice,21,117440,0,P0790,STUDY0009,SESS1505,forced_choice,random,fc_random,0,"{""Q0"":""none of these""}",category_organization_2x2,back,body_parts
ROW41471,2739,instructions,0,2742,0,P1502,STUDY0009,SESS1484,multi_select,semantic_blocked,ms_blocked,0,,,,
ROW41472,1608,html-button-response,1,4352,0,P1502,STUDY0009,SESS1484,multi_select,semantic_blocked,ms_blocked,0,0,precautions_survey,,
ROW41473,1765,html-button-response,2,6118,0,P1502,STUDY0009,SESS1484,multi_select,semantic_blocked,ms_blocked,0,0,vocabulary_classification_criteria,,
ROW41474,5216,html-button-response,3,11335,0,P1502,STUDY0009,SESS1484,multi_select,semantic_blocked,ms_blocked,0,0,lavender_instruction,,
ROW41475,4885,html-button-response,4,16222,0,P1502,STUDY0009,SESS1484,multi_select,semantic_blocked,ms_blocked,0,0,category_section_intro,,toys
ROW41476,10501,survey-multi-select,5,26726,0,P1502,STUDY0009,SESS1484,multi_select,semantic_blocked,ms_blocked,0,"{""Q0"":[""shape""]}",category_organization_2x2,album,toys
ROW41477,1872,survey-multi-choice,24,124816,0,P0790,STUDY0009,SESS1505,forced_choice,random,fc_random,0,"{""Q0"":""shape""}",category_organization_2x2,kite,toys
ROW41478,911,html-button-response,25,125728,0,P0790,STUDY0009,SESS1505,forced_choice,random,fc_random,0,0,,,
ROW41479,1736,instructions,26,127464,0,P0790,STUDY0009,SESS1505,forced_choice,random,fc_random,0,,,,
ROW41480,4825,survey-multi-select,6,31553,0,P1502,STUDY0009,SESS1484,multi_select,semantic_blocked,ms_blocked,0,"{""Q0"":[""shape""]}",category_organization_2x2,guitar,toys
ROW41481,7533,survey-multi-select,7,39088,0,P1502,STUDY0009,SESS1484,multi_select,semantic_blocked,ms_blocked,0,"{""Q0"":[""color"",""material""]}",category_organization_2x2,mold,toys
ROW41482,8729,html-button-response,8,47819,0,P1502,STUDY0009,SESS1484,multi_select,semantic_blocked,ms_blocked,0,0,category_section_intro,,clothing
ROW41483,5102,survey-multi-select,9,52922,0,P1502,STUDY0009,SESS1484,multi_select,semantic_blocked,ms_blocked,0,"{""Q0"":[""shape"",""material""]}",category_organization_2x2,boots,clothing
ROW41484,3066,html-button-response,11,60901,0,P1502,STUDY0009,SESS1484,multi_select,semantic_blocked,ms_blocked,0,0,category_section_intro,,furniture_rooms
ROW41485,4910,survey-multi-select,10,57834,0,P1502,STUDY0009,SESS1484,multi_select,semantic_blocked,ms_blocked,0,"{""Q0"":[""shape"",""material""]}",category_organization_2x2,pocket,clothing
ROW41486,15947,survey-multi-select,12,76851,0,P1502,STUDY0009,SESS1484,multi_select,semantic_blocked,ms_blocked,0,"{""Q0"":[""shape""]}",category_organization_2x2,dining room,furniture_rooms
ROW41487,2217,html-button-response,13,79069,0,P1502,STUDY0009,SESS1484,multi_select,semantic_blocked,ms_blocked,0,0,category_section_intro,,food_drink
ROW41488,12537,survey-multi-select,15,98275,0,P1502,STUDY0009,SESS1484,multi_select,semantic_blocked,ms_blocked,0,"{""Q0"":[""shape"",""color"",""material""]}",category_organization_2x2,plantain,food_drink
ROW41489,6664,survey-multi-select,14,85735,0,P1502,STUDY0009,SESS1484,multi_select,semantic_blocked,ms_blocked,0,"{""Q0"":[""material""]}",category_organization_2x2,jam,food_drink
ROW41490,6404,survey-multi-select,16,104681,0,P1502,STUDY0009,SESS1484,multi_select,semantic_blocked,ms_blocked,0,"{""Q0"":[""shape"",""color"",""material""]}",category_organization_2x2,plum,food_drink
ROW41491,4262,survey-multi-select,17,108945,0,P1502,STUDY0009,SESS1484,multi_select,semantic_blocked,ms_blocked,0,"{""Q0"":[""shape"",""color"",""material""]}",category_organization_2x2,rice,food_drink
ROW41492,5848,survey-multi-select,18,114795,0,P1502,STUDY0009,SESS1484,multi_select,semantic_blocked,ms_blocked,0,"{""Q0"":[""color"",""material""]}",category_organization_2x2,sour cream,food_drink
ROW41493,1017,html-button-response,19,115813,0,P1502,STUDY0009,SESS1484,multi_select,semantic_blocked,ms_blocked,0,0,category_section_intro,,body_parts
ROW41494,7716,survey-multi-select,20,123530,0,P1502,STUDY0009,SESS1484,multi_select,semantic_blocked,ms_blocked,0,"{""Q0"":[""shape"",""material""]}",category_organization_2x2,nail (finger),body_parts
ROW41495,1678,html-button-response,21,125209,0,P1502,STUDY0009,SESS1484,multi_select,semantic_blocked,ms_blocked,0,0,category_section_intro,,household
ROW41496,9456,survey-multi-select,22,134667,0,P1502,STUDY0009,SESS1484,multi_select,semantic_blocked,ms_blocked,0,"{""Q0"":[""shape""]}",category_organization_2x2,jar,household
ROW41497,1122,html-button-response,23,135789,0,P1502,STUDY0009,SESS1484,multi_select,semantic_blocked,ms_blocked,0,0,category_section_intro,,outside
ROW41498,5350,survey-multi-select,25,153039,0,P1502,STUDY0009,SESS1484,multi_select,semantic_blocked,ms_blocked,0,"{""Q0"":[""shape""]}",category_organization_2x2,hole,outside
ROW41499,11896,survey-multi-select,24,147687,0,P1502,STUDY0009,SESS1484,multi_select,semantic_blocked,ms_blocked,0,"{""Q0"":[""shape"",""color"",""material""]}",category_organization_2x2,frost,outside
ROW41500,5174,survey-multi-select,26,158215,0,P1502,STUDY0009,SESS1484,multi_select,semantic_blocked,ms_blocked,0,"{""Q0"":[""color"",""material""]}",category_organization_2x2,light,outside
ROW41501,6961,survey-multi-select,27,165178,0,P1502,STUDY0009,SESS1484,multi_select,semantic_blocked,ms_blocked,0,"{""Q0"":[""material""]}",category_organization_2x2,soil,outside
ROW41502,6061,survey-multi-select,28,171241,0,P1502,STUDY0009,SESS1484,multi_select,semantic_blocked,ms_blocked,0,"{""Q0"":[""none of these""]}",category_organization_2x2,traffic,outside
ROW41503,1378,html-button-response,29,172621,0,P1502,STUDY0009,SESS1484,multi_select,semantic_blocked,ms_blocked,0,0,category_section_intro,,other
ROW41504,6922,survey-multi-select,30,179544,0,P1502,STUDY0009,SESS1484,multi_select,semantic_blocked,ms_blocked,0,"{""Q0"":[""shape""]}",category_organization_2x2,can,other
ROW41505,7001,survey-multi-select,31,186547,0,P1502,STUDY0009,SESS1484,multi_select,semantic_blocked,ms_blocked,0,"{""Q0"":[""shape"",""material""]}",category_organization_2x2,suit,other
ROW41506,2915,survey-multi-select,32,189465,0,P1502,STUDY0009,SESS1484,multi_select,semantic_blocked,ms_blocked,0,"{""Q0"":[""none of these""]}",category_organization_2x2,lavender,attention_check
ROW41507,1575,html-button-response,33,191041,0,P1502,STUDY0009,SESS1484,multi_select,semantic_blocked,ms_blocked,0,0,,,
ROW41508,2453,instructions,34,193495,0,P1502,STUDY0009,SESS1484,multi_select,semantic_blocked,ms_blocked,0,,,,
ROW41509,12334,html-button-response,1,24948,0,P0255,STUDY0009,SESS1426,multi_select,random,ms_random,0,0,precautions_survey,,
ROW41510,12608,instructions,0,12611,0,P0255,STUDY0009,SESS1426,multi_select,random,ms_random,0,,,,
ROW41511,23247,html-button-response,2,48197,0,P0255,STUDY0009,SESS1426,multi_select,random,ms_random,0,0,vocabulary_classification_criteria,,
ROW41512,7519,html-button-response,3,55717,0,P0255,STUDY0009,SESS1426,multi_select,random,ms_random,0,0,lavender_instruction,,
ROW41513,10861,survey-multi-select,5,81879,0,P0255,STUDY0009,SESS1426,multi_select,random,ms_random,0,"{""Q0"":[""color"",""material""]}",category_organization_2x2,chili,food_drink
ROW41514,15292,survey-multi-select,4,71015,0,P0255,STUDY0009,SESS1426,multi_select,random,ms_random,0,"{""Q0"":[""shape"",""color""]}",category_organization_2x2,rainbow,other
ROW41515,10923,survey-multi-select,7,108585,0,P0255,STUDY0009,SESS1426,multi_select,random,ms_random,0,"{""Q0"":[""material""]}",category_organization_2x2,sausage,food_drink
ROW41516,15774,survey-multi-select,6,97657,0,P0255,STUDY0009,SESS1426,multi_select,random,ms_random,0,"{""Q0"":[""none of these""]}",category_organization_2x2,bed,furniture_rooms
ROW41517,34958,survey-multi-select,8,143548,0,P0255,STUDY0009,SESS1426,multi_select,random,ms_random,0,"{""Q0"":[""material""]}",category_organization_2x2,purse,household
ROW41518,8603,survey-multi-select,9,152156,0,P0255,STUDY0009,SESS1426,multi_select,random,ms_random,0,"{""Q0"":[""none of these""]}",category_organization_2x2,air conditioner,furniture_rooms
ROW41519,16046,survey-multi-select,11,178974,0,P0255,STUDY0009,SESS1426,multi_select,random,ms_random,0,"{""Q0"":[""shape"",""none of these""]}",category_organization_2x2,beetle,animals
ROW41520,10766,survey-multi-select,10,162925,0,P0255,STUDY0009,SESS1426,multi_select,random,ms_random,0,"{""Q0"":[""shape"",""material""]}",category_organization_2x2,muffin,food_drink
ROW41521,23917,survey-multi-select,12,202896,0,P0255,STUDY0009,SESS1426,multi_select,random,ms_random,0,"{""Q0"":[""shape"",""material""]}",category_organization_2x2,hanger,household
ROW41522,30814,survey-multi-select,13,233715,0,P0255,STUDY0009,SESS1426,multi_select,random,ms_random,0,"{""Q0"":[""material""]}",category_organization_2x2,vest,clothing
ROW41523,7643,survey-multi-select,14,241363,0,P0255,STUDY0009,SESS1426,multi_select,random,ms_random,0,"{""Q0"":[""material""]}",category_organization_2x2,tuna,food_drink
ROW41524,13452,survey-multi-select,15,254820,0,P0255,STUDY0009,SESS1426,multi_select,random,ms_random,0,"{""Q0"":[""none of these""]}",category_organization_2x2,pill,household
ROW41525,6256,survey-multi-select,16,261081,0,P0255,STUDY0009,SESS1426,multi_select,random,ms_random,0,"{""Q0"":[""none of these""]}",category_organization_2x2,lavender,attention_check
ROW41526,13048,survey-multi-select,17,274132,0,P0255,STUDY0009,SESS1426,multi_select,random,ms_random,0,"{""Q0"":[""none of these""]}",category_organization_2x2,cockroach,animals
ROW41527,26703,survey-multi-select,18,300838,0,P0255,STUDY0009,SESS1426,multi_select,random,ms_random,0,"{""Q0"":[""none of these""]}",category_organization_2x2,police car,vehicles
ROW41528,62175,survey-multi-select,20,372603,0,P0255,STUDY0009,SESS1426,multi_select,random,ms_random,0,"{""Q0"":[""none of these""]}",category_organization_2x2,can opener,other
ROW41529,9580,survey-multi-select,19,310423,0,P0255,STUDY0009,SESS1426,multi_select,random,ms_random,0,"{""Q0"":[""none of these""]}",category_organization_2x2,bug,animals
ROW41530,15948,survey-multi-select,21,388556,0,P0255,STUDY0009,SESS1426,multi_select,random,ms_random,0,"{""Q0"":[""shape"",""material""]}",category_organization_2x2,fork,household
ROW41531,35982,survey-multi-select,22,424543,0,P0255,STUDY0009,SESS1426,multi_select,random,ms_random,0,"{""Q0"":[""shape"",""material"",""none of these""]}",category_organization_2x2,cheerios,food_drink
ROW41532,13964,survey-multi-select,23,438512,0,P0255,STUDY0009,SESS1426,multi_select,random,ms_random,0,"{""Q0"":[""none of these""]}",category_organization_2x2,purse,household
ROW41533,7931,survey-multi-select,24,446448,0,P0255,STUDY0009,SESS1426,multi_select,random,ms_random,0,"{""Q0"":[""none of these""]}",category_organization_2x2,owl,animals
ROW41534,6351,instructions,26,454512,0,P0255,STUDY0009,SESS1426,multi_select,random,ms_random,0,,,,
ROW41535,1710,html-button-response,25,448160,0,P0255,STUDY0009,SESS1426,multi_select,random,ms_random,0,0,,,
ROW41536,4206,instructions,0,4210,0,P0528,STUDY0009,SESS1513,multi_select,semantic_blocked,ms_blocked,0,,,,
ROW41537,7253,html-button-response,1,11464,0,P0528,STUDY0009,SESS1513,multi_select,semantic_blocked,ms_blocked,0,0,precautions_survey,,
ROW41538,5916,html-button-response,3,29414,0,P0528,STUDY0009,SESS1513,multi_select,semantic_blocked,ms_blocked,0,0,lavender_instruction,,
ROW41539,2259,html-button-response,4,31674,0,P0528,STUDY0009,SESS1513,multi_select,semantic_blocked,ms_blocked,0,0,category_section_intro,,toys
ROW41540,12031,html-button-response,2,23497,0,P0528,STUDY0009,SESS1513,multi_select,semantic_blocked,ms_blocked,0,0,vocabulary_classification_criteria,,
ROW41541,3590,survey-multi-select,5,35267,0,P0528,STUDY0009,SESS1513,multi_select,semantic_blocked,ms_blocked,0,"{""Q0"":[""shape""]}",category_organization_2x2,kite,toys
ROW41542,8273,instructions,0,8275,0,P1769,STUDY0009,SESS1501,multi_select,random,ms_random,0,,,,
ROW41543,36618,html-button-response,2,51739,0,P1769,STUDY0009,SESS1501,multi_select,random,ms_random,0,0,vocabulary_classification_criteria,,
ROW41544,6843,html-button-response,1,15120,0,P1769,STUDY0009,SESS1501,multi_select,random,ms_random,0,0,precautions_survey,,
ROW41545,8150,html-button-response,3,59890,0,P1769,STUDY0009,SESS1501,multi_select,random,ms_random,0,0,lavender_instruction,,
ROW41546,12848,survey-multi-select,4,72742,0,P1769,STUDY0009,SESS1501,multi_select,random,ms_random,0,"{""Q0"":[""material""]}",category_organization_2x2,rooster,animals
ROW41547,12777,survey-multi-select,5,85521,0,P1769,STUDY0009,SESS1501,multi_select,random,ms_random,0,"{""Q0"":[""material""]}",category_organization_2x2,cradle,other
ROW41548,7930,survey-multi-select,6,93454,0,P1769,STUDY0009,SESS1501,multi_select,random,ms_random,0,"{""Q0"":[""material""]}",category_organization_2x2,jacket,clothing
ROW41549,10400,survey-multi-select,7,103856,0,P1769,STUDY0009,SESS1501,multi_select,random,ms_random,0,"{""Q0"":[""none of these""]}",category_organization_2x2,cookie,food_drink
ROW41550,12272,survey-multi-select,8,116129,0,P1769,STUDY0009,SESS1501,multi_select,random,ms_random,0,"{""Q0"":[""material""]}",category_organization_2x2,dryer,furniture_rooms
ROW41551,6288,survey-multi-select,9,122420,0,P1769,STUDY0009,SESS1501,multi_select,random,ms_random,0,"{""Q0"":[""color""]}",category_organization_2x2,birch,other
ROW41552,5631,survey-multi-select,10,128052,0,P1769,STUDY0009,SESS1501,multi_select,random,ms_random,0,"{""Q0"":[""color""]}",category_organization_2x2,green beans,food_drink
ROW41553,5336,survey-multi-select,11,133389,0,P1769,STUDY0009,SESS1501,multi_select,random,ms_random,0,"{""Q0"":[""material""]}",category_organization_2x2,clock,household
ROW41554,12957,survey-multi-select,12,146347,0,P1769,STUDY0009,SESS1501,multi_select,random,ms_random,0,"{""Q0"":[""color""]}",category_organization_2x2,ketchup,food_drink
ROW41555,4984,survey-multi-select,13,151333,0,P1769,STUDY0009,SESS1501,multi_select,random,ms_random,0,"{""Q0"":[""none of these""]}",category_organization_2x2,goose,animals
ROW41556,9487,survey-multi-select,14,160823,0,P1769,STUDY0009,SESS1501,multi_select,random,ms_random,0,"{""Q0"":[""shape"",""material""]}",category_organization_2x2,doll,toys
ROW41557,11779,survey-multi-select,15,172603,0,P1769,STUDY0009,SESS1501,multi_select,random,ms_random,0,"{""Q0"":[""none of these""]}",category_organization_2x2,toilet,furniture_rooms
ROW41558,5941,survey-multi-select,16,178546,0,P1769,STUDY0009,SESS1501,multi_select,random,ms_random,0,"{""Q0"":[""none of these""]}",category_organization_2x2,breast,body_parts
ROW41559,7175,survey-multi-select,17,185722,0,P1769,STUDY0009,SESS1501,multi_select,random,ms_random,0,"{""Q0"":[""shape""]}",category_organization_2x2,samosa,food_drink
ROW41560,5529,survey-multi-select,19,197569,0,P1769,STUDY0009,SESS1501,multi_select,random,ms_random,0,"{""Q0"":[""shape""]}",category_organization_2x2,mouse,animals
ROW41561,6314,survey-multi-select,18,192038,0,P1769,STUDY0009,SESS1501,multi_select,random,ms_random,0,"{""Q0"":[""shape""]}",category_organization_2x2,helmet,clothing
ROW41562,9711,survey-multi-select,20,207281,0,P1769,STUDY0009,SESS1501,multi_select,random,ms_random,0,"{""Q0"":[""none of these""]}",category_organization_2x2,laundry,other
ROW41563,5335,survey-multi-select,21,212617,0,P1769,STUDY0009,SESS1501,multi_select,random,ms_random,0,"{""Q0"":[""shape""]}",category_organization_2x2,tray,household
ROW41564,5558,survey-multi-select,22,218177,0,P1769,STUDY0009,SESS1501,multi_select,random,ms_random,0,"{""Q0"":[""none of these""]}",category_organization_2x2,lavender,attention_check
ROW41565,6560,survey-multi-select,23,224738,0,P1769,STUDY0009,SESS1501,multi_select,random,ms_random,0,"{""Q0"":[""shape""]}",category_organization_2x2,shoe,clothing
ROW41566,13713,survey-multi-select,24,238453,0,P1769,STUDY0009,SESS1501,multi_select,random,ms_random,0,"{""Q0"":[""material""]}",category_organization_2x2,money,household
ROW41567,1843,html-button-response,25,240297,0,P1769,STUDY0009,SESS1501,multi_select,random,ms_random,0,0,,,
ROW41568,3134,instructions,26,243432,0,P1769,STUDY0009,SESS1501,multi_select,random,ms_random,0,,,,
ROW41569,210172,html-button-response,2,229396,0,P0195,STUDY0009,SESS1443,multi_select,random,ms_random,0,0,vocabulary_classification_criteria,,
ROW41570,5705,instructions,0,5708,0,P0195,STUDY0009,SESS1443,multi_select,random,ms_random,0,,,,
ROW41571,13512,html-button-response,1,19224,0,P0195,STUDY0009,SESS1443,multi_select,random,ms_random,0,0,precautions_survey,,
ROW41572,5922,html-button-response,3,235322,0,P0195,STUDY0009,SESS1443,multi_select,random,ms_random,0,0,lavender_instruction,,
ROW41573,7452,survey-multi-select,5,251404,0,P0195,STUDY0009,SESS1443,multi_select,random,ms_random,0,"{""Q0"":[""shape""]}",category_organization_2x2,carrot,food_drink
ROW41574,8617,survey-multi-select,4,243946,0,P0195,STUDY0009,SESS1443,multi_select,random,ms_random,0,"{""Q0"":[""none of these""]}",category_organization_2x2,rooster,animals
ROW41575,13516,survey-multi-select,6,264925,0,P0195,STUDY0009,SESS1443,multi_select,random,ms_random,0,"{""Q0"":[""none of these""]}",category_organization_2x2,broccoli,other
ROW41576,10292,survey-multi-select,8,281689,0,P0195,STUDY0009,SESS1443,multi_select,random,ms_random,0,"{""Q0"":[""color""]}",category_organization_2x2,beef,other
ROW41577,6463,survey-multi-select,7,271393,0,P0195,STUDY0009,SESS1443,multi_select,random,ms_random,0,"{""Q0"":[""shape""]}",category_organization_2x2,car,vehicles
ROW41578,6406,survey-multi-select,10,292713,0,P0195,STUDY0009,SESS1443,multi_select,random,ms_random,0,"{""Q0"":[""none of these""]}",category_organization_2x2,lavender,attention_check
ROW41579,4969,survey-multi-select,11,297685,0,P0195,STUDY0009,SESS1443,multi_select,random,ms_random,0,"{""Q0"":[""shape""]}",category_organization_2x2,animal,animals
ROW41580,4610,survey-multi-select,9,286303,0,P0195,STUDY0009,SESS1443,multi_select,random,ms_random,0,"{""Q0"":[""none of these""]}",category_organization_2x2,clown,toys
ROW41581,3792,survey-multi-select,12,301481,0,P0195,STUDY0009,SESS1443,multi_select,random,ms_random,0,"{""Q0"":[""material""]}",category_organization_2x2,biscuit,food_drink
ROW41582,7424,survey-multi-select,14,315937,0,P0195,STUDY0009,SESS1443,multi_select,random,ms_random,0,"{""Q0"":[""material""]}",category_organization_2x2,mayonnaise,other
ROW41583,7024,survey-multi-select,13,308508,0,P0195,STUDY0009,SESS1443,multi_select,random,ms_random,0,"{""Q0"":[""shape""]}",category_organization_2x2,sofa,furniture_rooms
ROW41584,7474,survey-multi-select,15,323416,0,P0195,STUDY0009,SESS1443,multi_select,random,ms_random,0,"{""Q0"":[""color""]}",category_organization_2x2,eye,body_parts
ROW41585,5235,survey-multi-select,16,328654,0,P0195,STUDY0009,SESS1443,multi_select,random,ms_random,0,"{""Q0"":[""shape""]}",category_organization_2x2,cucumber,food_drink
ROW41586,9139,survey-multi-select,17,337794,0,P0195,STUDY0009,SESS1443,multi_select,random,ms_random,0,"{""Q0"":[""color""]}",category_organization_2x2,apple,food_drink
ROW41587,7452,survey-multi-select,18,345250,0,P0195,STUDY0009,SESS1443,multi_select,random,ms_random,0,"{""Q0"":[""material""]}",category_organization_2x2,bottle,household
ROW41588,3517,survey-multi-select,20,354498,0,P0195,STUDY0009,SESS1443,multi_select,random,ms_random,0,"{""Q0"":[""shape""]}",category_organization_2x2,overalls,clothing
ROW41589,5724,survey-multi-select,19,350977,0,P0195,STUDY0009,SESS1443,multi_select,random,ms_random,0,"{""Q0"":[""none of these""]}",category_organization_2x2,sandbox,outside
ROW41590,10838,survey-multi-select,21,365340,0,P0195,STUDY0009,SESS1443,multi_select,random,ms_random,0,"{""Q0"":[""material""]}",category_organization_2x2,tissue,household
ROW41591,4691,survey-multi-select,22,370031,0,P0195,STUDY0009,SESS1443,multi_select,random,ms_random,0,"{""Q0"":[""material""]}",category_organization_2x2,ribbon,clothing
ROW41592,4150,survey-multi-select,23,374186,0,P0195,STUDY0009,SESS1443,multi_select,random,ms_random,0,"{""Q0"":[""shape""]}",category_organization_2x2,robot,toys
ROW41593,11400,survey-multi-select,24,385589,0,P0195,STUDY0009,SESS1443,multi_select,random,ms_random,0,"{""Q0"":[""material""]}",category_organization_2x2,popsicle,food_drink
ROW41594,1988,html-button-response,25,387580,0,P0195,STUDY0009,SESS1443,multi_select,random,ms_random,0,0,,,
ROW41595,6667,instructions,26,394248,0,P0195,STUDY0009,SESS1443,multi_select,random,ms_random,0,,,,
ROW41596,3343,instructions,0,3345,0,P1042,STUDY0009,SESS1512,multi_select,random,ms_random,0,,,,
ROW41597,9369,html-button-response,2,21700,0,P1042,STUDY0009,SESS1512,multi_select,random,ms_random,0,0,vocabulary_classification_criteria,,
ROW41598,5159,html-button-response,3,26860,0,P1042,STUDY0009,SESS1512,multi_select,random,ms_random,0,0,lavender_instruction,,
ROW41599,6458,survey-multi-select,5,41296,0,P1042,STUDY0009,SESS1512,multi_select,random,ms_random,0,"{""Q0"":[""none of these""]}",category_organization_2x2,caterpillar,animals
ROW41600,7974,survey-multi-select,4,34837,0,P1042,STUDY0009,SESS1512,multi_select,random,ms_random,0,"{""Q0"":[""none of these""]}",category_organization_2x2,terrace,household
ROW41601,8984,html-button-response,1,12330,0,P1042,STUDY0009,SESS1512,multi_select,random,ms_random,0,0,precautions_survey,,
ROW41602,6514,survey-multi-select,6,47812,0,P1042,STUDY0009,SESS1512,multi_select,random,ms_random,0,"{""Q0"":[""shape""]}",category_organization_2x2,swallow (animal),animals
ROW41603,15381,survey-multi-select,8,72462,0,P1042,STUDY0009,SESS1512,multi_select,random,ms_random,0,"{""Q0"":[""shape"",""material""]}",category_organization_2x2,can (object),household
ROW41604,2423,survey-multi-select,9,74886,0,P1042,STUDY0009,SESS1512,multi_select,random,ms_random,0,"{""Q0"":[""none of these""]}",category_organization_2x2,lavender,attention_check
ROW41605,4913,survey-multi-select,11,85306,0,P1042,STUDY0009,SESS1512,multi_select,random,ms_random,0,"{""Q0"":[""shape"",""color""]}",category_organization_2x2,squirrel,animals
ROW41606,5505,survey-multi-select,10,80392,0,P1042,STUDY0009,SESS1512,multi_select,random,ms_random,0,"{""Q0"":[""shape"",""material""]}",category_organization_2x2,cradle,other
ROW41607,9266,survey-multi-select,7,57080,0,P1042,STUDY0009,SESS1512,multi_select,random,ms_random,0,"{""Q0"":[""shape"",""none of these""]}",category_organization_2x2,octopus,other
ROW41608,7638,survey-multi-select,12,92946,0,P1042,STUDY0009,SESS1512,multi_select,random,ms_random,0,"{""Q0"":[""shape"",""material""]}",category_organization_2x2,tower,other
ROW41609,4471,survey-multi-select,14,102182,0,P1042,STUDY0009,SESS1512,multi_select,random,ms_random,0,"{""Q0"":[""shape"",""color""]}",category_organization_2x2,beetle,animals
ROW41610,4762,survey-multi-select,13,97710,0,P1042,STUDY0009,SESS1512,multi_select,random,ms_random,0,"{""Q0"":[""shape"",""color"",""material""]}",category_organization_2x2,sprouts,food_drink
ROW41611,2991,survey-multi-select,15,105174,0,P1042,STUDY0009,SESS1512,multi_select,random,ms_random,0,"{""Q0"":[""shape"",""color""]}",category_organization_2x2,horse,animals
ROW41612,4771,survey-multi-select,16,109946,0,P1042,STUDY0009,SESS1512,multi_select,random,ms_random,0,"{""Q0"":[""shape""]}",category_organization_2x2,clock,household
ROW41613,6609,survey-multi-select,17,116556,0,P1042,STUDY0009,SESS1512,multi_select,random,ms_random,0,"{""Q0"":[""shape"",""color""]}",category_organization_2x2,sheep,animals
ROW41614,6040,survey-multi-select,18,122598,0,P1042,STUDY0009,SESS1512,multi_select,random,ms_random,0,"{""Q0"":[""shape"",""material""]}",category_organization_2x2,grill (object),other
ROW41615,3655,survey-multi-select,19,126254,0,P1042,STUDY0009,SESS1512,multi_select,random,ms_random,0,"{""Q0"":[""shape"",""color"",""material""]}",category_organization_2x2,diaper,clothing
ROW41616,5711,survey-multi-select,20,131966,0,P1042,STUDY0009,SESS1512,multi_select,random,ms_random,0,"{""Q0"":[""shape"",""material""]}",category_organization_2x2,bathroom,furniture_rooms
ROW41617,5981,survey-multi-select,21,137948,0,P1042,STUDY0009,SESS1512,multi_select,random,ms_random,0,"{""Q0"":[""shape""]}",category_organization_2x2,back,body_parts
ROW41618,5354,survey-multi-select,22,143303,0,P1042,STUDY0009,SESS1512,multi_select,random,ms_random,0,"{""Q0"":[""color"",""material""]}",category_organization_2x2,hot chocolate,other
ROW41619,9101,survey-multi-select,24,156692,0,P1042,STUDY0009,SESS1512,multi_select,random,ms_random,0,"{""Q0"":[""shape""]}",category_organization_2x2,kite,toys
ROW41620,4285,survey-multi-select,23,147590,0,P1042,STUDY0009,SESS1512,multi_select,random,ms_random,0,"{""Q0"":[""shape"",""color""]}",category_organization_2x2,spider,animals
ROW41621,1159,html-button-response,25,157852,0,P1042,STUDY0009,SESS1512,multi_select,random,ms_random,0,0,,,
ROW41622,3785,instructions,26,161638,0,P1042,STUDY0009,SESS1512,multi_select,random,ms_random,0,,,,
ROW41623,234728,instructions,0,234731,0,P1867,STUDY0009,SESS1451,multi_select,random,ms_random,0,,,,
ROW41624,1278,html-button-response,1,236012,0,P1867,STUDY0009,SESS1451,multi_select,random,ms_random,0,0,precautions_survey,,
ROW41625,30589,html-button-response,2,266602,0,P1867,STUDY0009,SESS1451,multi_select,random,ms_random,0,0,vocabulary_classification_criteria,,
ROW41626,5792,html-button-response,3,272395,0,P1867,STUDY0009,SESS1451,multi_select,random,ms_random,0,0,lavender_instruction,,
ROW41627,16906,survey-multi-select,4,289304,0,P1867,STUDY0009,SESS1451,multi_select,random,ms_random,0,"{""Q0"":[""shape""]}",category_organization_2x2,belly button,body_parts
ROW41628,10559,survey-multi-select,5,299866,0,P1867,STUDY0009,SESS1451,multi_select,random,ms_random,0,"{""Q0"":[""material""]}",category_organization_2x2,skate (object),vehicles
ROW41629,5432,survey-multi-select,7,311979,0,P1867,STUDY0009,SESS1451,multi_select,random,ms_random,0,"{""Q0"":[""none of these""]}",category_organization_2x2,cloud,outside
ROW41630,6676,survey-multi-select,6,306544,0,P1867,STUDY0009,SESS1451,multi_select,random,ms_random,0,"{""Q0"":[""none of these""]}",category_organization_2x2,buttocks,body_parts
ROW41632,3948,survey-multi-select,9,321175,0,P1867,STUDY0009,SESS1451,multi_select,random,ms_random,0,"{""Q0"":[""material""]}",category_organization_2x2,pipe,outside
ROW41631,5242,survey-multi-select,8,317224,0,P1867,STUDY0009,SESS1451,multi_select,random,ms_random,0,"{""Q0"":[""material""]}",category_organization_2x2,skate (object),vehicles
ROW41633,4293,survey-multi-select,10,325469,0,P1867,STUDY0009,SESS1451,multi_select,random,ms_random,0,"{""Q0"":[""none of these""]}",category_organization_2x2,bus,vehicles
ROW41634,3390,survey-multi-select,11,328861,0,P1867,STUDY0009,SESS1451,multi_select,random,ms_random,0,"{""Q0"":[""none of these""]}",category_organization_2x2,porridge,food_drink
ROW41635,5771,survey-multi-select,12,334634,0,P1867,STUDY0009,SESS1451,multi_select,random,ms_random,0,"{""Q0"":[""shape""]}",category_organization_2x2,basin,household
ROW41636,6058,survey-multi-select,13,340694,0,P1867,STUDY0009,SESS1451,multi_select,random,ms_random,0,"{""Q0"":[""none of these""]}",category_organization_2x2,neighborhood,household
ROW41637,5405,survey-multi-select,15,349192,0,P1867,STUDY0009,SESS1451,multi_select,random,ms_random,0,"{""Q0"":[""none of these""]}",category_organization_2x2,dumpling,food_drink
ROW41638,3089,survey-multi-select,14,343785,0,P1867,STUDY0009,SESS1451,multi_select,random,ms_random,0,"{""Q0"":[""material""]}",category_organization_2x2,tablecloth,furniture_rooms
ROW41639,3506,survey-multi-select,17,355281,0,P1867,STUDY0009,SESS1451,multi_select,random,ms_random,0,"{""Q0"":[""none of these""]}",category_organization_2x2,camel,animals
ROW41640,2579,survey-multi-select,16,351773,0,P1867,STUDY0009,SESS1451,multi_select,random,ms_random,0,"{""Q0"":[""none of these""]}",category_organization_2x2,lavender,attention_check
ROW41641,4731,survey-multi-select,18,360014,0,P1867,STUDY0009,SESS1451,multi_select,random,ms_random,0,"{""Q0"":[""none of these""]}",category_organization_2x2,sea,outside
ROW41642,7269,survey-multi-select,20,371093,0,P1867,STUDY0009,SESS1451,multi_select,random,ms_random,0,"{""Q0"":[""shape""]}",category_organization_2x2,mat,household
ROW41643,3806,survey-multi-select,19,363822,0,P1867,STUDY0009,SESS1451,multi_select,random,ms_random,0,"{""Q0"":[""none of these""]}",category_organization_2x2,bunny,animals
ROW41644,4171,survey-multi-select,21,375267,0,P1867,STUDY0009,SESS1451,multi_select,random,ms_random,0,"{""Q0"":[""none of these""]}",category_organization_2x2,throat,body_parts
ROW41645,4904,survey-multi-select,22,380173,0,P1867,STUDY0009,SESS1451,multi_select,random,ms_random,0,"{""Q0"":[""none of these""]}",category_organization_2x2,frog,animals
ROW41646,2751,survey-multi-select,23,382927,0,P1867,STUDY0009,SESS1451,multi_select,random,ms_random,0,"{""Q0"":[""none of these""]}",category_organization_2x2,song,toys
ROW41647,9860,instructions,0,9863,0,P0634,STUDY0009,SESS1508,multi_select,random,ms_random,0,,,,
ROW41648,23,html-button-response,1,9887,0,P0634,STUDY0009,SESS1508,multi_select,random,ms_random,0,0,precautions_survey,,
ROW41649,15439,html-button-response,2,25327,0,P0634,STUDY0009,SESS1508,multi_select,random,ms_random,0,0,vocabulary_classification_criteria,,
ROW41650,7798,html-button-response,3,33126,0,P0634,STUDY0009,SESS1508,multi_select,random,ms_random,0,0,lavender_instruction,,
ROW41651,8270,survey-multi-select,4,41399,0,P0634,STUDY0009,SESS1508,multi_select,random,ms_random,0,"{""Q0"":[""shape""]}",category_organization_2x2,jar,household
ROW41652,7461,survey-multi-select,5,48862,0,P0634,STUDY0009,SESS1508,multi_select,random,ms_random,0,"{""Q0"":[""shape""]}",category_organization_2x2,hole,outside
ROW41653,7766,survey-multi-select,6,56630,0,P0634,STUDY0009,SESS1508,multi_select,random,ms_random,0,"{""Q0"":[""material""]}",category_organization_2x2,sour cream,food_drink
ROW41654,4669,survey-multi-select,7,61301,0,P0634,STUDY0009,SESS1508,multi_select,random,ms_random,0,"{""Q0"":[""none of these""]}",category_organization_2x2,lavender,attention_check
ROW41655,13398,survey-multi-select,8,74701,0,P0634,STUDY0009,SESS1508,multi_select,random,ms_random,0,"{""Q0"":[""material""]}",category_organization_2x2,mold,toys
ROW41656,8847,survey-multi-select,9,83550,0,P0634,STUDY0009,SESS1508,multi_select,random,ms_random,0,"{""Q0"":[""shape""]}",category_organization_2x2,plum,food_drink
ROW41657,20109,survey-multi-select,10,103661,0,P0634,STUDY0009,SESS1508,multi_select,random,ms_random,0,"{""Q0"":[""shape""]}",category_organization_2x2,guitar,toys
ROW41658,17502,survey-multi-select,11,121165,0,P0634,STUDY0009,SESS1508,multi_select,random,ms_random,0,"{""Q0"":[""shape""]}",category_organization_2x2,nail (finger),body_parts
ROW41659,12741,survey-multi-select,12,133908,0,P0634,STUDY0009,SESS1508,multi_select,random,ms_random,0,"{""Q0"":[""material""]}",category_organization_2x2,plantain,food_drink
ROW41660,10167,survey-multi-select,13,144077,0,P0634,STUDY0009,SESS1508,multi_select,random,ms_random,0,"{""Q0"":[""shape""]}",category_organization_2x2,suit,other
ROW41661,8230,survey-multi-select,14,152308,0,P0634,STUDY0009,SESS1508,multi_select,random,ms_random,0,"{""Q0"":[""shape""]}",category_organization_2x2,pocket,clothing
ROW41662,8871,survey-multi-select,15,161180,0,P0634,STUDY0009,SESS1508,multi_select,random,ms_random,0,"{""Q0"":[""none of these""]}",category_organization_2x2,traffic,outside
ROW41663,9326,survey-multi-select,16,170508,0,P0634,STUDY0009,SESS1508,multi_select,random,ms_random,0,"{""Q0"":[""shape""]}",category_organization_2x2,boots,clothing
ROW41664,9391,survey-multi-select,17,179900,0,P0634,STUDY0009,SESS1508,multi_select,random,ms_random,0,"{""Q0"":[""color""]}",category_organization_2x2,light,outside
ROW41665,13110,survey-multi-select,18,193012,0,P0634,STUDY0009,SESS1508,multi_select,random,ms_random,0,"{""Q0"":[""none of these""]}",category_organization_2x2,dining room,furniture_rooms
ROW41666,6733,survey-multi-select,19,199748,0,P0634,STUDY0009,SESS1508,multi_select,random,ms_random,0,"{""Q0"":[""material""]}",category_organization_2x2,soil,outside
ROW41667,8518,survey-multi-select,20,208268,0,P0634,STUDY0009,SESS1508,multi_select,random,ms_random,0,"{""Q0"":[""material""]}",category_organization_2x2,can,other
ROW41668,8079,survey-multi-select,21,216348,0,P0634,STUDY0009,SESS1508,multi_select,random,ms_random,0,"{""Q0"":[""material""]}",category_organization_2x2,rice,food_drink
ROW41669,7261,survey-multi-select,22,223612,0,P0634,STUDY0009,SESS1508,multi_select,random,ms_random,0,"{""Q0"":[""material""]}",category_organization_2x2,jam,food_drink
ROW41670,10271,survey-multi-select,23,233884,0,P0634,STUDY0009,SESS1508,multi_select,random,ms_random,0,"{""Q0"":[""none of these""]}",category_organization_2x2,frost,outside
ROW41671,14758,survey-multi-select,24,248643,0,P0634,STUDY0009,SESS1508,multi_select,random,ms_random,0,"{""Q0"":[""none of these""]}",category_organization_2x2,album,toys
ROW41672,2232,html-button-response,25,250876,0,P0634,STUDY0009,SESS1508,multi_select,random,ms_random,0,0,,,
ROW41673,5326,instructions,26,256203,0,P0634,STUDY0009,SESS1508,multi_select,random,ms_random,0,,,,
ROW41674,3387,instructions,0,3388,0,P1238,STUDY0009,SESS1516,forced_choice,random,fc_random,0,,,,
ROW41675,30195,html-button-response,1,33583,0,P1238,STUDY0009,SESS1516,forced_choice,random,fc_random,0,0,precautions_survey,,
ROW41676,11440,survey-multi-choice,4,56649,0,P1238,STUDY0009,SESS1516,forced_choice,random,fc_random,0,"{""Q0"":""material""}",category_organization_2x2,sour cream,food_drink
ROW41677,7584,html-button-response,3,45208,0,P1238,STUDY0009,SESS1516,forced_choice,random,fc_random,0,0,lavender_instruction,,
ROW41678,4040,html-button-response,2,37623,0,P1238,STUDY0009,SESS1516,forced_choice,random,fc_random,0,0,vocabulary_classification_criteria,,
ROW41679,5864,survey-multi-choice,5,62514,0,P1238,STUDY0009,SESS1516,forced_choice,random,fc_random,0,"{""Q0"":""material""}",category_organization_2x2,gas,furniture_rooms
ROW41680,4280,survey-multi-choice,6,66794,0,P1238,STUDY0009,SESS1516,forced_choice,random,fc_random,0,"{""Q0"":""color""}",category_organization_2x2,colors,toys
ROW41681,3119,survey-multi-choice,7,69914,0,P1238,STUDY0009,SESS1516,forced_choice,random,fc_random,0,"{""Q0"":""shape""}",category_organization_2x2,egg,food_drink
ROW41682,3487,survey-multi-choice,8,73402,0,P1238,STUDY0009,SESS1516,forced_choice,random,fc_random,0,"{""Q0"":""material""}",category_organization_2x2,puree,food_drink
ROW41683,8512,survey-multi-choice,11,88571,0,P1238,STUDY0009,SESS1516,forced_choice,random,fc_random,0,"{""Q0"":""material""}",category_organization_2x2,stroller,vehicles
ROW41684,2680,survey-multi-choice,10,80059,0,P1238,STUDY0009,SESS1516,forced_choice,random,fc_random,0,"{""Q0"":""material""}",category_organization_2x2,play pen,furniture_rooms
ROW41685,3976,survey-multi-choice,9,77378,0,P1238,STUDY0009,SESS1516,forced_choice,random,fc_random,0,"{""Q0"":""material""}",category_organization_2x2,board game,toys
ROW41686,8040,survey-multi-choice,12,96612,0,P1238,STUDY0009,SESS1516,forced_choice,random,fc_random,0,"{""Q0"":""material""}",category_organization_2x2,goat,animals
ROW41687,10464,survey-multi-choice,13,107077,0,P1238,STUDY0009,SESS1516,forced_choice,random,fc_random,0,"{""Q0"":""color""}",category_organization_2x2,glue (object),toys
ROW41688,7712,survey-multi-choice,14,114790,0,P1238,STUDY0009,SESS1516,forced_choice,random,fc_random,0,"{""Q0"":""material""}",category_organization_2x2,peas,food_drink
ROW41689,2352,survey-multi-choice,16,119502,0,P1238,STUDY0009,SESS1516,forced_choice,random,fc_random,0,"{""Q0"":""material""}",category_organization_2x2,sparrow,animals
ROW41690,2360,survey-multi-choice,15,117150,0,P1238,STUDY0009,SESS1516,forced_choice,random,fc_random,0,"{""Q0"":""material""}",category_organization_2x2,stool,furniture_rooms
ROW41691,2256,survey-multi-choice,17,121759,0,P1238,STUDY0009,SESS1516,forced_choice,random,fc_random,0,"{""Q0"":""color""}",category_organization_2x2,beet,food_drink
ROW41692,6391,survey-multi-choice,18,128151,0,P1238,STUDY0009,SESS1516,forced_choice,random,fc_random,0,"{""Q0"":""material""}",category_organization_2x2,ice,food_drink
ROW41693,4760,survey-multi-choice,19,132911,0,P1238,STUDY0009,SESS1516,forced_choice,random,fc_random,0,"{""Q0"":""material""}",category_organization_2x2,microphone,toys
ROW41694,3896,survey-multi-choice,20,136808,0,P1238,STUDY0009,SESS1516,forced_choice,random,fc_random,0,"{""Q0"":""color""}",category_organization_2x2,mayonnaise,other
ROW41695,3848,survey-multi-choice,22,142576,0,P1238,STUDY0009,SESS1516,forced_choice,random,fc_random,0,"{""Q0"":""material""}",category_organization_2x2,mustache,body_parts
ROW41696,8353,survey-multi-choice,23,150929,0,P1238,STUDY0009,SESS1516,forced_choice,random,fc_random,0,"{""Q0"":""material""}",category_organization_2x2,garden,outside
ROW41697,1920,survey-multi-choice,21,138728,0,P1238,STUDY0009,SESS1516,forced_choice,random,fc_random,0,"{""Q0"":""none of these""}",category_organization_2x2,lavender,attention_check
ROW41698,3432,survey-multi-choice,24,154361,0,P1238,STUDY0009,SESS1516,forced_choice,random,fc_random,0,"{""Q0"":""shape""}",category_organization_2x2,foot,body_parts
ROW41699,968,html-button-response,25,155329,0,P1238,STUDY0009,SESS1516,forced_choice,random,fc_random,0,0,,,
ROW41700,872,instructions,26,156201,0,P1238,STUDY0009,SESS1516,forced_choice,random,fc_random,0,,,,
ROW41701,3759,instructions,0,3771,0,P0421,STUDY0009,SESS1481,multi_select,semantic_blocked,ms_blocked,0,,,,
ROW41702,10062,html-button-response,1,13844,0,P0421,STUDY0009,SESS1481,multi_select,semantic_blocked,ms_blocked,0,0,precautions_survey,,
ROW41703,92774,html-button-response,2,106623,0,P0421,STUDY0009,SESS1481,multi_select,semantic_blocked,ms_blocked,0,0,vocabulary_classification_criteria,,
ROW41704,11301,html-button-response,4,133574,0,P0421,STUDY0009,SESS1481,multi_select,semantic_blocked,ms_blocked,0,0,category_section_intro,,toys
ROW41705,18407,survey-multi-select,5,152049,0,P0421,STUDY0009,SESS1481,multi_select,semantic_blocked,ms_blocked,0,"{""Q0"":[""color"",""material""]}",category_organization_2x2,crayon,toys
ROW41706,15606,html-button-response,3,122260,0,P0421,STUDY0009,SESS1481,multi_select,semantic_blocked,ms_blocked,0,0,lavender_instruction,,
ROW41707,7878,survey-multi-select,6,159938,0,P0421,STUDY0009,SESS1481,multi_select,semantic_blocked,ms_blocked,0,"{""Q0"":[""material""]}",category_organization_2x2,notebook,toys
ROW41708,23726,survey-multi-select,9,210262,0,P0421,STUDY0009,SESS1481,multi_select,semantic_blocked,ms_blocked,0,"{""Q0"":[""none of these""]}",category_organization_2x2,stork,animals
ROW41709,16348,survey-multi-select,8,186518,0,P0421,STUDY0009,SESS1481,multi_select,semantic_blocked,ms_blocked,0,"{""Q0"":[""color""]}",category_organization_2x2,rooster,animals
ROW41710,10198,html-button-response,7,170143,0,P0421,STUDY0009,SESS1481,multi_select,semantic_blocked,ms_blocked,0,0,category_section_intro,,animals
ROW41711,8505,html-button-response,10,218773,0,P0421,STUDY0009,SESS1481,multi_select,semantic_blocked,ms_blocked,0,0,category_section_intro,,clothing
ROW41712,5955,survey-multi-select,11,224742,0,P0421,STUDY0009,SESS1481,multi_select,semantic_blocked,ms_blocked,0,"{""Q0"":[""color"",""material""]}",category_organization_2x2,jacket,clothing
ROW41713,3591,survey-multi-select,12,228353,0,P0421,STUDY0009,SESS1481,multi_select,semantic_blocked,ms_blocked,0,"{""Q0"":[""color"",""material""]}",category_organization_2x2,shorts,clothing
ROW41714,15452,survey-multi-select,13,243815,0,P0421,STUDY0009,SESS1481,multi_select,semantic_blocked,ms_blocked,0,"{""Q0"":[""color"",""material""]}",category_organization_2x2,zipper,clothing
ROW41715,4745,html-button-response,14,248567,0,P0421,STUDY0009,SESS1481,multi_select,semantic_blocked,ms_blocked,0,0,category_section_intro,,furniture_rooms
ROW41716,7014,survey-multi-select,15,255595,0,P0421,STUDY0009,SESS1481,multi_select,semantic_blocked,ms_blocked,0,"{""Q0"":[""color"",""material""]}",category_organization_2x2,cupboard,furniture_rooms
ROW41717,6277,survey-multi-select,17,266075,0,P0421,STUDY0009,SESS1481,multi_select,semantic_blocked,ms_blocked,0,"{""Q0"":[""color"",""material""]}",category_organization_2x2,cottage cheese,food_drink
ROW41718,4186,html-button-response,16,259787,0,P0421,STUDY0009,SESS1481,multi_select,semantic_blocked,ms_blocked,0,0,category_section_intro,,food_drink
ROW41719,4461,survey-multi-select,18,270549,0,P0421,STUDY0009,SESS1481,multi_select,semantic_blocked,ms_blocked,0,"{""Q0"":[""color"",""material""]}",category_organization_2x2,ham,food_drink
ROW41720,10634,survey-multi-select,19,281197,0,P0421,STUDY0009,SESS1481,multi_select,semantic_blocked,ms_blocked,0,"{""Q0"":[""color""]}",category_organization_2x2,popsicle,food_drink
ROW41721,8914,survey-multi-select,20,290123,0,P0421,STUDY0009,SESS1481,multi_select,semantic_blocked,ms_blocked,0,"{""Q0"":[""material""]}",category_organization_2x2,yogurt,food_drink
ROW41722,1604,html-button-response,21,291731,0,P0421,STUDY0009,SESS1481,multi_select,semantic_blocked,ms_blocked,0,0,category_section_intro,,body_parts
ROW41723,7733,survey-multi-select,22,299475,0,P0421,STUDY0009,SESS1481,multi_select,semantic_blocked,ms_blocked,0,"{""Q0"":[""shape"",""color""]}",category_organization_2x2,eye,body_parts
ROW41724,7706,survey-multi-select,23,307192,0,P0421,STUDY0009,SESS1481,multi_select,semantic_blocked,ms_blocked,0,"{""Q0"":[""shape"",""color""]}",category_organization_2x2,eye,body_parts
ROW41725,27778,survey-multi-select,24,334977,0,P0421,STUDY0009,SESS1481,multi_select,semantic_blocked,ms_blocked,0,"{""Q0"":[""color""]}",category_organization_2x2,palm,body_parts
ROW41726,4094,html-button-response,25,339074,0,P0421,STUDY0009,SESS1481,multi_select,semantic_blocked,ms_blocked,0,0,category_section_intro,,household
ROW41727,18241,survey-multi-select,26,357328,0,P0421,STUDY0009,SESS1481,multi_select,semantic_blocked,ms_blocked,0,"{""Q0"":[""color"",""material""]}",category_organization_2x2,bandaid,household
ROW41728,1208,html-button-response,29,365564,0,P0421,STUDY0009,SESS1481,multi_select,semantic_blocked,ms_blocked,0,0,category_section_intro,,outside
ROW41729,3595,survey-multi-select,28,364351,0,P0421,STUDY0009,SESS1481,multi_select,semantic_blocked,ms_blocked,0,"{""Q0"":[""color"",""material""]}",category_organization_2x2,trash can,household
ROW41730,3403,survey-multi-select,27,360745,0,P0421,STUDY0009,SESS1481,multi_select,semantic_blocked,ms_blocked,0,"{""Q0"":[""material""]}",category_organization_2x2,knife,household
ROW41731,5914,survey-multi-select,30,371492,0,P0421,STUDY0009,SESS1481,multi_select,semantic_blocked,ms_blocked,0,"{""Q0"":[""shape"",""color"",""material""]}",category_organization_2x2,flag,outside
ROW41732,3586,html-button-response,31,375084,0,P0421,STUDY0009,SESS1481,multi_select,semantic_blocked,ms_blocked,0,0,category_section_intro,,other
ROW41733,5078,survey-multi-select,32,380177,0,P0421,STUDY0009,SESS1481,multi_select,semantic_blocked,ms_blocked,0,"{""Q0"":[""color""]}",category_organization_2x2,llama,other
ROW41734,3798,survey-multi-select,33,383988,0,P0421,STUDY0009,SESS1481,multi_select,semantic_blocked,ms_blocked,0,"{""Q0"":[""none of these""]}",category_organization_2x2,lavender,attention_check
ROW41735,1882,html-button-response,34,385876,0,P0421,STUDY0009,SESS1481,multi_select,semantic_blocked,ms_blocked,0,0,,,
ROW41736,8569,instructions,35,394447,0,P0421,STUDY0009,SESS1481,multi_select,semantic_blocked,ms_blocked,0,,,,
ROW41737,7685,instructions,0,7687,0,P0891,STUDY0009,SESS1519,forced_choice,semantic_blocked,fc_blocked,0,,,,
ROW41738,995,html-button-response,1,8682,0,P0891,STUDY0009,SESS1519,forced_choice,semantic_blocked,fc_blocked,0,0,precautions_survey,,
ROW41739,5957,html-button-response,2,14640,0,P0891,STUDY0009,SESS1519,forced_choice,semantic_blocked,fc_blocked,0,0,vocabulary_classification_criteria,,
ROW41740,3682,survey-multi-choice,5,26002,0,P0891,STUDY0009,SESS1519,forced_choice,semantic_blocked,fc_blocked,0,"{""Q0"":""shape""}",category_organization_2x2,ball,toys
ROW41741,4965,html-button-response,3,19605,0,P0891,STUDY0009,SESS1519,forced_choice,semantic_blocked,fc_blocked,0,0,lavender_instruction,,
ROW41742,2713,html-button-response,4,22319,0,P0891,STUDY0009,SESS1519,forced_choice,semantic_blocked,fc_blocked,0,0,category_section_intro,,toys
ROW41743,1478,html-button-response,6,27480,0,P0891,STUDY0009,SESS1519,forced_choice,semantic_blocked,fc_blocked,0,0,category_section_intro,,animals
ROW41744,5794,survey-multi-choice,7,33274,0,P0891,STUDY0009,SESS1519,forced_choice,semantic_blocked,fc_blocked,0,"{""Q0"":""none of these""}",category_organization_2x2,ant,animals
ROW41745,3002,survey-multi-choice,8,36277,0,P0891,STUDY0009,SESS1519,forced_choice,semantic_blocked,fc_blocked,0,"{""Q0"":""shape""}",category_organization_2x2,insect,animals
ROW41746,802,html-button-response,9,37080,0,P0891,STUDY0009,SESS1519,forced_choice,semantic_blocked,fc_blocked,0,0,category_section_intro,,clothing
ROW41747,3432,survey-multi-choice,10,40513,0,P0891,STUDY0009,SESS1519,forced_choice,semantic_blocked,fc_blocked,0,"{""Q0"":""material""}",category_organization_2x2,jacket,clothing
ROW41748,3196,survey-multi-choice,11,43710,0,P0891,STUDY0009,SESS1519,forced_choice,semantic_blocked,fc_blocked,0,"{""Q0"":""material""}",category_organization_2x2,pajamas,clothing
ROW41750,2039,survey-multi-choice,12,45749,0,P0891,STUDY0009,SESS1519,forced_choice,semantic_blocked,fc_blocked,0,"{""Q0"":""color""}",category_organization_2x2,sleeve,clothing
ROW41749,774,html-button-response,13,46524,0,P0891,STUDY0009,SESS1519,forced_choice,semantic_blocked,fc_blocked,0,0,category_section_intro,,furniture_rooms
ROW41751,3309,survey-multi-choice,14,49834,0,P0891,STUDY0009,SESS1519,forced_choice,semantic_blocked,fc_blocked,0,"{""Q0"":""shape""}",category_organization_2x2,armchair,furniture_rooms
ROW41752,3876,survey-multi-choice,15,53711,0,P0891,STUDY0009,SESS1519,forced_choice,semantic_blocked,fc_blocked,0,"{""Q0"":""shape""}",category_organization_2x2,computer,furniture_rooms
ROW41753,2242,survey-multi-choice,16,55953,0,P0891,STUDY0009,SESS1519,forced_choice,semantic_blocked,fc_blocked,0,"{""Q0"":""none of these""}",category_organization_2x2,radiator,furniture_rooms
ROW41754,718,html-button-response,17,56671,0,P0891,STUDY0009,SESS1519,forced_choice,semantic_blocked,fc_blocked,0,0,category_section_intro,,food_drink
ROW41755,3043,survey-multi-choice,18,59714,0,P0891,STUDY0009,SESS1519,forced_choice,semantic_blocked,fc_blocked,0,"{""Q0"":""color""}",category_organization_2x2,apple,food_drink
ROW41756,1874,survey-multi-choice,19,61589,0,P0891,STUDY0009,SESS1519,forced_choice,semantic_blocked,fc_blocked,0,"{""Q0"":""shape""}",category_organization_2x2,kiwi,food_drink
ROW41757,2819,survey-multi-choice,20,64408,0,P0891,STUDY0009,SESS1519,forced_choice,semantic_blocked,fc_blocked,0,"{""Q0"":""none of these""}",category_organization_2x2,sugar,food_drink
ROW41758,3156,survey-multi-choice,21,67565,0,P0891,STUDY0009,SESS1519,forced_choice,semantic_blocked,fc_blocked,0,"{""Q0"":""none of these""}",category_organization_2x2,vinegar,food_drink
ROW41759,2144,html-button-response,22,69709,0,P0891,STUDY0009,SESS1519,forced_choice,semantic_blocked,fc_blocked,0,0,category_section_intro,,household
ROW41760,3540,survey-multi-choice,23,73250,0,P0891,STUDY0009,SESS1519,forced_choice,semantic_blocked,fc_blocked,0,"{""Q0"":""shape""}",category_organization_2x2,mug,household
ROW41761,20855,survey-multi-choice,24,94106,0,P0891,STUDY0009,SESS1519,forced_choice,semantic_blocked,fc_blocked,0,"{""Q0"":""shape""}",category_organization_2x2,picture,household
ROW41762,1021,html-button-response,25,95127,0,P0891,STUDY0009,SESS1519,forced_choice,semantic_blocked,fc_blocked,0,0,category_section_intro,,outside
ROW41763,5550,survey-multi-choice,26,100678,0,P0891,STUDY0009,SESS1519,forced_choice,semantic_blocked,fc_blocked,0,"{""Q0"":""shape""}",category_organization_2x2,fir,outside
ROW41764,1659,survey-multi-choice,27,102337,0,P0891,STUDY0009,SESS1519,forced_choice,semantic_blocked,fc_blocked,0,"{""Q0"":""color""}",category_organization_2x2,hose,outside
ROW41765,2607,survey-multi-choice,28,104945,0,P0891,STUDY0009,SESS1519,forced_choice,semantic_blocked,fc_blocked,0,"{""Q0"":""none of these""}",category_organization_2x2,tunnel,outside
ROW41766,1048,html-button-response,29,105993,0,P0891,STUDY0009,SESS1519,forced_choice,semantic_blocked,fc_blocked,0,0,category_section_intro,,other
ROW41767,1901,survey-multi-choice,30,107894,0,P0891,STUDY0009,SESS1519,forced_choice,semantic_blocked,fc_blocked,0,"{""Q0"":""shape""}",category_organization_2x2,ruler,other
ROW41768,2943,survey-multi-choice,31,110838,0,P0891,STUDY0009,SESS1519,forced_choice,semantic_blocked,fc_blocked,0,"{""Q0"":""none of these""}",category_organization_2x2,wombat,other
ROW41769,1627,survey-multi-choice,32,112466,0,P0891,STUDY0009,SESS1519,forced_choice,semantic_blocked,fc_blocked,0,"{""Q0"":""none of these""}",category_organization_2x2,lavender,attention_check
ROW41770,684,html-button-response,33,113151,0,P0891,STUDY0009,SESS1519,forced_choice,semantic_blocked,fc_blocked,0,0,,,
ROW41771,2577,instructions,34,115728,0,P0891,STUDY0009,SESS1519,forced_choice,semantic_blocked,fc_blocked,0,,,,
ROW41772,46194,instructions,0,46198,0,P1812,STUDY0009,SESS1413,forced_choice,random,fc_random,0,,,,
ROW41773,71140,html-button-response,1,117343,0,P1812,STUDY0009,SESS1413,forced_choice,random,fc_random,0,0,precautions_survey,,
ROW41774,14228,html-button-response,3,155170,0,P1812,STUDY0009,SESS1413,forced_choice,random,fc_random,0,0,lavender_instruction,,
ROW41775,23594,html-button-response,2,140940,0,P1812,STUDY0009,SESS1413,forced_choice,random,fc_random,0,0,vocabulary_classification_criteria,,
ROW41776,17917,survey-multi-choice,4,173095,0,P1812,STUDY0009,SESS1413,forced_choice,random,fc_random,0,"{""Q0"":""shape""}",category_organization_2x2,shorts,clothing
ROW41777,14882,survey-multi-choice,5,187981,0,P1812,STUDY0009,SESS1413,forced_choice,random,fc_random,0,"{""Q0"":""shape""}",category_organization_2x2,watch (object),household
ROW41778,18952,survey-multi-choice,6,206939,0,P1812,STUDY0009,SESS1413,forced_choice,random,fc_random,0,"{""Q0"":""material""}",category_organization_2x2,kiwi,food_drink
ROW41779,22624,survey-multi-choice,7,229568,0,P1812,STUDY0009,SESS1413,forced_choice,random,fc_random,0,"{""Q0"":""shape""}",category_organization_2x2,sock,clothing
ROW41780,15562,survey-multi-choice,8,245133,0,P1812,STUDY0009,SESS1413,forced_choice,random,fc_random,0,"{""Q0"":""material""}",category_organization_2x2,wall,outside
ROW41781,10856,survey-multi-choice,9,255992,0,P1812,STUDY0009,SESS1413,forced_choice,random,fc_random,0,"{""Q0"":""color""}",category_organization_2x2,football,other
ROW41782,14465,survey-multi-choice,10,270461,0,P1812,STUDY0009,SESS1413,forced_choice,random,fc_random,0,"{""Q0"":""material""}",category_organization_2x2,compote,food_drink
ROW41783,23333,survey-multi-choice,11,293797,0,P1812,STUDY0009,SESS1413,forced_choice,random,fc_random,0,"{""Q0"":""none of these""}",category_organization_2x2,tie (action),other
ROW41784,17662,survey-multi-choice,12,311462,0,P1812,STUDY0009,SESS1413,forced_choice,random,fc_random,0,"{""Q0"":""shape""}",category_organization_2x2,vest,clothing
ROW41785,7600,survey-multi-choice,13,319065,0,P1812,STUDY0009,SESS1413,forced_choice,random,fc_random,0,"{""Q0"":""shape""}",category_organization_2x2,snake,animals
ROW41786,13309,survey-multi-choice,14,332377,0,P1812,STUDY0009,SESS1413,forced_choice,random,fc_random,0,"{""Q0"":""none of these""}",category_organization_2x2,lavender,attention_check
ROW41787,24289,survey-multi-choice,15,356670,0,P1812,STUDY0009,SESS1413,forced_choice,random,fc_random,0,"{""Q0"":""material""}",category_organization_2x2,syrup,household
ROW41788,9263,survey-multi-choice,16,365937,0,P1812,STUDY0009,SESS1413,forced_choice,random,fc_random,0,"{""Q0"":""shape""}",category_organization_2x2,quesadilla,food_drink
ROW41789,11390,survey-multi-choice,17,377330,0,P1812,STUDY0009,SESS1413,forced_choice,random,fc_random,0,"{""Q0"":""color""}",category_organization_2x2,colors,toys
ROW41791,11341,survey-multi-choice,19,395461,0,P1812,STUDY0009,SESS1413,forced_choice,random,fc_random,0,"{""Q0"":""shape""}",category_organization_2x2,hat,clothing
ROW41790,6786,survey-multi-choice,18,384118,0,P1812,STUDY0009,SESS1413,forced_choice,random,fc_random,0,"{""Q0"":""material""}",category_organization_2x2,slipper,clothing
ROW41792,10117,survey-multi-choice,20,405581,0,P1812,STUDY0009,SESS1413,forced_choice,random,fc_random,0,"{""Q0"":""material""}",category_organization_2x2,pasta,food_drink
ROW41793,35853,survey-multi-choice,21,441438,0,P1812,STUDY0009,SESS1413,forced_choice,random,fc_random,0,"{""Q0"":""none of these""}",category_organization_2x2,top,toys
ROW41794,13544,survey-multi-choice,22,454986,0,P1812,STUDY0009,SESS1413,forced_choice,random,fc_random,0,"{""Q0"":""color""}",category_organization_2x2,cherry,food_drink
ROW41795,11248,survey-multi-choice,23,466237,0,P1812,STUDY0009,SESS1413,forced_choice,random,fc_random,0,"{""Q0"":""shape""}",category_organization_2x2,ball,toys
ROW41796,8587,survey-multi-choice,24,474827,0,P1812,STUDY0009,SESS1413,forced_choice,random,fc_random,0,"{""Q0"":""color""}",category_organization_2x2,hot chocolate,other
ROW41797,3226,html-button-response,25,478055,0,P1812,STUDY0009,SESS1413,forced_choice,random,fc_random,0,0,,,
ROW41798,5551,instructions,26,483608,0,P1812,STUDY0009,SESS1413,forced_choice,random,fc_random,0,,,,
ROW41799,10605,instructions,0,10607,0,P0130,STUDY0009,SESS1441,forced_choice,semantic_blocked,fc_blocked,0,,,,
ROW41800,12866,html-button-response,2,41729,0,P0130,STUDY0009,SESS1441,forced_choice,semantic_blocked,fc_blocked,0,0,vocabulary_classification_criteria,,
ROW41801,18254,html-button-response,1,28863,0,P0130,STUDY0009,SESS1441,forced_choice,semantic_blocked,fc_blocked,0,0,precautions_survey,,
ROW41802,4327,survey-multi-choice,5,54131,0,P0130,STUDY0009,SESS1441,forced_choice,semantic_blocked,fc_blocked,0,"{""Q0"":""shape""}",category_organization_2x2,stroller,vehicles
ROW41803,5144,html-button-response,3,46874,0,P0130,STUDY0009,SESS1441,forced_choice,semantic_blocked,fc_blocked,0,0,lavender_instruction,,
ROW41804,2928,html-button-response,4,49802,0,P0130,STUDY0009,SESS1441,forced_choice,semantic_blocked,fc_blocked,0,0,category_section_intro,,vehicles
ROW41805,2682,html-button-response,6,56814,0,P0130,STUDY0009,SESS1441,forced_choice,semantic_blocked,fc_blocked,0,0,category_section_intro,,toys
ROW41806,9471,survey-multi-choice,7,66286,0,P0130,STUDY0009,SESS1441,forced_choice,semantic_blocked,fc_blocked,0,"{""Q0"":""material""}",category_organization_2x2,board game,toys
ROW41807,2954,survey-multi-choice,9,72722,0,P0130,STUDY0009,SESS1441,forced_choice,semantic_blocked,fc_blocked,0,"{""Q0"":""material""}",category_organization_2x2,glue (object),toys
ROW41808,1759,html-button-response,11,77566,0,P0130,STUDY0009,SESS1441,forced_choice,semantic_blocked,fc_blocked,0,0,category_section_intro,,animals
ROW41809,3083,survey-multi-choice,10,75806,0,P0130,STUDY0009,SESS1441,forced_choice,semantic_blocked,fc_blocked,0,"{""Q0"":""shape""}",category_organization_2x2,microphone,toys
ROW41810,3479,survey-multi-choice,8,69766,0,P0130,STUDY0009,SESS1441,forced_choice,semantic_blocked,fc_blocked,0,"{""Q0"":""color""}",category_organization_2x2,colors,toys
ROW41811,4983,survey-multi-choice,12,82550,0,P0130,STUDY0009,SESS1441,forced_choice,semantic_blocked,fc_blocked,0,"{""Q0"":""none of these""}",category_organization_2x2,goat,animals
ROW41812,1827,survey-multi-choice,13,84378,0,P0130,STUDY0009,SESS1441,forced_choice,semantic_blocked,fc_blocked,0,"{""Q0"":""none of these""}",category_organization_2x2,sparrow,animals
ROW41813,3171,html-button-response,14,87550,0,P0130,STUDY0009,SESS1441,forced_choice,semantic_blocked,fc_blocked,0,0,category_section_intro,,furniture_rooms
ROW41814,3675,survey-multi-choice,16,93706,0,P0130,STUDY0009,SESS1441,forced_choice,semantic_blocked,fc_blocked,0,"{""Q0"":""none of these""}",category_organization_2x2,play pen,furniture_rooms
ROW41815,2479,survey-multi-choice,15,90030,0,P0130,STUDY0009,SESS1441,forced_choice,semantic_blocked,fc_blocked,0,"{""Q0"":""material""}",category_organization_2x2,gas,furniture_rooms
ROW41816,3692,survey-multi-choice,17,97399,0,P0130,STUDY0009,SESS1441,forced_choice,semantic_blocked,fc_blocked,0,"{""Q0"":""none of these""}",category_organization_2x2,stool,furniture_rooms
ROW41817,6145,instructions,0,6147,0,P0188,STUDY0009,SESS1518,forced_choice,random,fc_random,0,,,,
ROW41818,8598,html-button-response,1,14747,0,P0188,STUDY0009,SESS1518,forced_choice,random,fc_random,0,0,precautions_survey,,
ROW41819,10711,html-button-response,2,25458,0,P0188,STUDY0009,SESS1518,forced_choice,random,fc_random,0,0,vocabulary_classification_criteria,,
ROW41820,6319,html-button-response,3,31779,0,P0188,STUDY0009,SESS1518,forced_choice,random,fc_random,0,0,lavender_instruction,,
ROW41821,16622,survey-multi-choice,4,48403,0,P0188,STUDY0009,SESS1518,forced_choice,random,fc_random,0,"{""Q0"":""none of these""}",category_organization_2x2,hen,animals
ROW41822,9030,survey-multi-choice,5,57435,0,P0188,STUDY0009,SESS1518,forced_choice,random,fc_random,0,"{""Q0"":""shape""}",category_organization_2x2,airplane,vehicles
ROW41823,4327,survey-multi-choice,6,61763,0,P0188,STUDY0009,SESS1518,forced_choice,random,fc_random,0,"{""Q0"":""material""}",category_organization_2x2,tofu,food_drink
ROW41824,4279,survey-multi-choice,7,66043,0,P0188,STUDY0009,SESS1518,forced_choice,random,fc_random,0,"{""Q0"":""shape""}",category_organization_2x2,ladder,outside
ROW41825,2999,survey-multi-choice,8,69043,0,P0188,STUDY0009,SESS1518,forced_choice,random,fc_random,0,"{""Q0"":""shape""}",category_organization_2x2,umbrella,outside
ROW41826,2855,survey-multi-choice,9,71899,0,P0188,STUDY0009,SESS1518,forced_choice,random,fc_random,0,"{""Q0"":""material""}",category_organization_2x2,snow,outside
ROW41827,4015,survey-multi-choice,10,75915,0,P0188,STUDY0009,SESS1518,forced_choice,random,fc_random,0,"{""Q0"":""shape""}",category_organization_2x2,bell,toys
ROW41828,7911,survey-multi-choice,11,83827,0,P0188,STUDY0009,SESS1518,forced_choice,random,fc_random,0,"{""Q0"":""color""}",category_organization_2x2,peach,food_drink
ROW41829,5370,survey-multi-choice,12,89198,0,P0188,STUDY0009,SESS1518,forced_choice,random,fc_random,0,"{""Q0"":""material""}",category_organization_2x2,sandwich,food_drink
ROW41830,2925,survey-multi-choice,13,92123,0,P0188,STUDY0009,SESS1518,forced_choice,random,fc_random,0,"{""Q0"":""shape""}",category_organization_2x2,cloud,outside
ROW41831,3110,survey-multi-choice,14,95235,0,P0188,STUDY0009,SESS1518,forced_choice,random,fc_random,0,"{""Q0"":""material""}",category_organization_2x2,soda,food_drink
ROW41832,2904,survey-multi-choice,15,98139,0,P0188,STUDY0009,SESS1518,forced_choice,random,fc_random,0,"{""Q0"":""shape""}",category_organization_2x2,mug,household
ROW41833,3591,survey-multi-choice,16,101731,0,P0188,STUDY0009,SESS1518,forced_choice,random,fc_random,0,"{""Q0"":""none of these""}",category_organization_2x2,living room,furniture_rooms
ROW41834,8088,survey-multi-choice,17,109820,0,P0188,STUDY0009,SESS1518,forced_choice,random,fc_random,0,"{""Q0"":""shape""}",category_organization_2x2,shutter,other
ROW41835,2814,survey-multi-choice,18,112634,0,P0188,STUDY0009,SESS1518,forced_choice,random,fc_random,0,"{""Q0"":""none of these""}",category_organization_2x2,lavender,attention_check
ROW41836,4392,survey-multi-choice,19,117027,0,P0188,STUDY0009,SESS1518,forced_choice,random,fc_random,0,"{""Q0"":""material""}",category_organization_2x2,kimchi,food_drink
ROW41837,3895,survey-multi-choice,20,120922,0,P0188,STUDY0009,SESS1518,forced_choice,random,fc_random,0,"{""Q0"":""shape""}",category_organization_2x2,doll,toys
ROW41838,5520,survey-multi-choice,21,126443,0,P0188,STUDY0009,SESS1518,forced_choice,random,fc_random,0,"{""Q0"":""shape""}",category_organization_2x2,fly (animal),animals
ROW41839,2776,survey-multi-choice,22,129219,0,P0188,STUDY0009,SESS1518,forced_choice,random,fc_random,0,"{""Q0"":""shape""}",category_organization_2x2,deer,animals
ROW41840,2897,survey-multi-choice,23,132117,0,P0188,STUDY0009,SESS1518,forced_choice,random,fc_random,0,"{""Q0"":""shape""}",category_organization_2x2,birch,other
ROW41841,8093,instructions,0,8094,0,P0379,STUDY0009,SESS1521,forced_choice,random,fc_random,0,,,,
ROW41842,10273,html-button-response,1,18369,0,P0379,STUDY0009,SESS1521,forced_choice,random,fc_random,0,0,precautions_survey,,
ROW41843,7882,survey-multi-choice,5,55515,0,P0379,STUDY0009,SESS1521,forced_choice,random,fc_random,0,"{""Q0"":""shape""}",category_organization_2x2,sleeve,clothing
ROW41844,12418,html-button-response,2,30787,0,P0379,STUDY0009,SESS1521,forced_choice,random,fc_random,0,0,vocabulary_classification_criteria,,
ROW41845,7382,html-button-response,3,38170,0,P0379,STUDY0009,SESS1521,forced_choice,random,fc_random,0,0,lavender_instruction,,
ROW41846,9459,survey-multi-choice,4,47632,0,P0379,STUDY0009,SESS1521,forced_choice,random,fc_random,0,"{""Q0"":""none of these""}",category_organization_2x2,radiator,furniture_rooms
ROW41847,4884,survey-multi-choice,7,65785,0,P0379,STUDY0009,SESS1521,forced_choice,random,fc_random,0,"{""Q0"":""shape""}",category_organization_2x2,mug,household
ROW41848,4806,survey-multi-choice,8,70593,0,P0379,STUDY0009,SESS1521,forced_choice,random,fc_random,0,"{""Q0"":""shape""}",category_organization_2x2,tunnel,outside
ROW41849,5384,survey-multi-choice,6,60900,0,P0379,STUDY0009,SESS1521,forced_choice,random,fc_random,0,"{""Q0"":""none of these""}",category_organization_2x2,sugar,food_drink
ROW41850,4866,survey-multi-choice,9,75461,0,P0379,STUDY0009,SESS1521,forced_choice,random,fc_random,0,"{""Q0"":""none of these""}",category_organization_2x2,pajamas,clothing
ROW41851,8321,survey-multi-choice,10,83783,0,P0379,STUDY0009,SESS1521,forced_choice,random,fc_random,0,"{""Q0"":""none of these""}",category_organization_2x2,ant,animals
ROW41852,3584,survey-multi-choice,11,87369,0,P0379,STUDY0009,SESS1521,forced_choice,random,fc_random,0,"{""Q0"":""none of these""}",category_organization_2x2,wombat,other
ROW41853,3716,survey-multi-choice,12,91085,0,P0379,STUDY0009,SESS1521,forced_choice,random,fc_random,0,"{""Q0"":""shape""}",category_organization_2x2,ruler,other
ROW41854,2561,survey-multi-choice,13,93648,0,P0379,STUDY0009,SESS1521,forced_choice,random,fc_random,0,"{""Q0"":""none of these""}",category_organization_2x2,lavender,attention_check
ROW41855,9163,survey-multi-choice,14,102812,0,P0379,STUDY0009,SESS1521,forced_choice,random,fc_random,0,"{""Q0"":""shape""}",category_organization_2x2,fir,outside
ROW41856,6771,survey-multi-choice,15,109584,0,P0379,STUDY0009,SESS1521,forced_choice,random,fc_random,0,"{""Q0"":""shape""}",category_organization_2x2,armchair,furniture_rooms
ROW41857,4420,survey-multi-choice,16,114004,0,P0379,STUDY0009,SESS1521,forced_choice,random,fc_random,0,"{""Q0"":""shape""}",category_organization_2x2,apple,food_drink
ROW41858,4074,survey-multi-choice,17,118080,0,P0379,STUDY0009,SESS1521,forced_choice,random,fc_random,0,"{""Q0"":""none of these""}",category_organization_2x2,computer,furniture_rooms
ROW41859,3004,survey-multi-choice,18,121085,0,P0379,STUDY0009,SESS1521,forced_choice,random,fc_random,0,"{""Q0"":""shape""}",category_organization_2x2,ball,toys
ROW41860,4702,survey-multi-choice,19,125788,0,P0379,STUDY0009,SESS1521,forced_choice,random,fc_random,0,"{""Q0"":""none of these""}",category_organization_2x2,insect,animals
ROW41861,4741,survey-multi-choice,20,130530,0,P0379,STUDY0009,SESS1521,forced_choice,random,fc_random,0,"{""Q0"":""shape""}",category_organization_2x2,hose,outside
ROW41862,3969,survey-multi-choice,21,134500,0,P0379,STUDY0009,SESS1521,forced_choice,random,fc_random,0,"{""Q0"":""color""}",category_organization_2x2,kiwi,food_drink
ROW41863,3023,survey-multi-choice,22,137524,0,P0379,STUDY0009,SESS1521,forced_choice,random,fc_random,0,"{""Q0"":""none of these""}",category_organization_2x2,vinegar,food_drink
ROW41864,6276,survey-multi-choice,23,143801,0,P0379,STUDY0009,SESS1521,forced_choice,random,fc_random,0,"{""Q0"":""shape""}",category_organization_2x2,jacket,clothing
ROW41865,4183,survey-multi-choice,24,147985,0,P0379,STUDY0009,SESS1521,forced_choice,random,fc_random,0,"{""Q0"":""none of these""}",category_organization_2x2,picture,household
ROW41866,1375,html-button-response,25,149361,0,P0379,STUDY0009,SESS1521,forced_choice,random,fc_random,0,0,,,
ROW41867,2566,instructions,26,151927,0,P0379,STUDY0009,SESS1521,forced_choice,random,fc_random,0,,,,
ROW41868,5029,instructions,0,5032,0,P0087,STUDY0009,SESS1526,forced_choice,random,fc_random,0,,,,
ROW41869,5446,html-button-response,1,10480,0,P0087,STUDY0009,SESS1526,forced_choice,random,fc_random,0,0,precautions_survey,,
ROW41870,12480,html-button-response,2,22961,0,P0087,STUDY0009,SESS1526,forced_choice,random,fc_random,0,0,vocabulary_classification_criteria,,
ROW41871,5671,html-button-response,3,28633,0,P0087,STUDY0009,SESS1526,forced_choice,random,fc_random,0,0,lavender_instruction,,
ROW41872,7407,survey-multi-choice,4,36042,0,P0087,STUDY0009,SESS1526,forced_choice,random,fc_random,0,"{""Q0"":""none of these""}",category_organization_2x2,radiator,furniture_rooms
ROW41873,6422,survey-multi-choice,5,42466,0,P0087,STUDY0009,SESS1526,forced_choice,random,fc_random,0,"{""Q0"":""material""}",category_organization_2x2,kimchi,food_drink
ROW41874,3575,survey-multi-choice,6,46042,0,P0087,STUDY0009,SESS1526,forced_choice,random,fc_random,0,"{""Q0"":""none of these""}",category_organization_2x2,train,vehicles
ROW41875,4095,survey-multi-choice,7,50139,0,P0087,STUDY0009,SESS1526,forced_choice,random,fc_random,0,"{""Q0"":""shape""}",category_organization_2x2,pear,food_drink
ROW41876,4255,survey-multi-choice,9,56843,0,P0087,STUDY0009,SESS1526,forced_choice,random,fc_random,0,"{""Q0"":""shape""}",category_organization_2x2,seesaw,outside
ROW41877,2351,survey-multi-choice,10,59195,0,P0087,STUDY0009,SESS1526,forced_choice,random,fc_random,0,"{""Q0"":""none of these""}",category_organization_2x2,goat,animals
ROW41878,2447,survey-multi-choice,8,52587,0,P0087,STUDY0009,SESS1526,forced_choice,random,fc_random,0,"{""Q0"":""none of these""}",category_organization_2x2,lavender,attention_check
ROW41879,4167,survey-multi-choice,11,63363,0,P0087,STUDY0009,SESS1526,forced_choice,random,fc_random,0,"{""Q0"":""material""}",category_organization_2x2,lemonade,other
ROW41880,2512,survey-multi-choice,12,65876,0,P0087,STUDY0009,SESS1526,forced_choice,random,fc_random,0,"{""Q0"":""material""}",category_organization_2x2,pajamas,clothing
ROW41881,2847,survey-multi-choice,13,68724,0,P0087,STUDY0009,SESS1526,forced_choice,random,fc_random,0,"{""Q0"":""none of these""}",category_organization_2x2,lion,animals
ROW41882,2616,survey-multi-choice,16,76853,0,P0087,STUDY0009,SESS1526,forced_choice,random,fc_random,0,"{""Q0"":""material""}",category_organization_2x2,ice cream,food_drink
ROW41883,2430,survey-multi-choice,14,71156,0,P0087,STUDY0009,SESS1526,forced_choice,random,fc_random,0,"{""Q0"":""shape""}",category_organization_2x2,can,other
ROW41884,3079,survey-multi-choice,15,74236,0,P0087,STUDY0009,SESS1526,forced_choice,random,fc_random,0,"{""Q0"":""material""}",category_organization_2x2,guava,food_drink
ROW41885,7143,survey-multi-choice,17,83997,0,P0087,STUDY0009,SESS1526,forced_choice,random,fc_random,0,"{""Q0"":""material""}",category_organization_2x2,peanut,food_drink
ROW41886,1967,survey-multi-choice,18,85965,0,P0087,STUDY0009,SESS1526,forced_choice,random,fc_random,0,"{""Q0"":""material""}",category_organization_2x2,flower pot,outside
ROW41887,2471,survey-multi-choice,19,88437,0,P0087,STUDY0009,SESS1526,forced_choice,random,fc_random,0,"{""Q0"":""material""}",category_organization_2x2,strawberry,food_drink
ROW41888,2775,survey-multi-choice,20,91214,0,P0087,STUDY0009,SESS1526,forced_choice,random,fc_random,0,"{""Q0"":""material""}",category_organization_2x2,cheese,food_drink
ROW41889,1591,survey-multi-choice,21,92806,0,P0087,STUDY0009,SESS1526,forced_choice,random,fc_random,0,"{""Q0"":""material""}",category_organization_2x2,sprouts,food_drink
ROW41890,2015,survey-multi-choice,22,94822,0,P0087,STUDY0009,SESS1526,forced_choice,random,fc_random,0,"{""Q0"":""material""}",category_organization_2x2,ice cream,food_drink
ROW41891,2423,survey-multi-choice,23,97246,0,P0087,STUDY0009,SESS1526,forced_choice,random,fc_random,0,"{""Q0"":""material""}",category_organization_2x2,sparrow,animals
ROW41892,2599,survey-multi-choice,24,99847,0,P0087,STUDY0009,SESS1526,forced_choice,random,fc_random,0,"{""Q0"":""material""}",category_organization_2x2,biscuit,food_drink
ROW41893,935,html-button-response,25,100782,0,P0087,STUDY0009,SESS1526,forced_choice,random,fc_random,0,0,,,
ROW41894,1577,instructions,26,102359,0,P0087,STUDY0009,SESS1526,forced_choice,random,fc_random,0,,,,
ROW41895,16319,instructions,0,16322,0,P1090,STUDY0009,SESS1522,forced_choice,semantic_blocked,fc_blocked,0,,,,
ROW41896,4906,html-button-response,3,57540,0,P1090,STUDY0009,SESS1522,forced_choice,semantic_blocked,fc_blocked,0,0,lavender_instruction,,
ROW41897,6838,html-button-response,4,64381,0,P1090,STUDY0009,SESS1522,forced_choice,semantic_blocked,fc_blocked,0,0,category_section_intro,,vehicles
ROW41898,25521,html-button-response,2,52632,0,P1090,STUDY0009,SESS1522,forced_choice,semantic_blocked,fc_blocked,0,0,vocabulary_classification_criteria,,
ROW41899,10783,html-button-response,1,27108,0,P1090,STUDY0009,SESS1522,forced_choice,semantic_blocked,fc_blocked,0,0,precautions_survey,,
ROW41900,8237,survey-multi-choice,5,72625,0,P1090,STUDY0009,SESS1522,forced_choice,semantic_blocked,fc_blocked,0,"{""Q0"":""shape""}",category_organization_2x2,train,vehicles
ROW41901,1985,html-button-response,6,74614,0,P1090,STUDY0009,SESS1522,forced_choice,semantic_blocked,fc_blocked,0,0,category_section_intro,,animals
ROW41902,4456,survey-multi-choice,8,84627,0,P1090,STUDY0009,SESS1522,forced_choice,semantic_blocked,fc_blocked,0,"{""Q0"":""shape""}",category_organization_2x2,lion,animals
ROW41903,5549,survey-multi-choice,7,80166,0,P1090,STUDY0009,SESS1522,forced_choice,semantic_blocked,fc_blocked,0,"{""Q0"":""shape""}",category_organization_2x2,goat,animals
ROW41904,3476,survey-multi-choice,11,93278,0,P1090,STUDY0009,SESS1522,forced_choice,semantic_blocked,fc_blocked,0,"{""Q0"":""material""}",category_organization_2x2,pajamas,clothing
ROW41905,3402,survey-multi-choice,9,88032,0,P1090,STUDY0009,SESS1522,forced_choice,semantic_blocked,fc_blocked,0,"{""Q0"":""color""}",category_organization_2x2,sparrow,animals
ROW41906,1764,html-button-response,10,89800,0,P1090,STUDY0009,SESS1522,forced_choice,semantic_blocked,fc_blocked,0,0,category_section_intro,,clothing
ROW41907,1325,html-button-response,12,94606,0,P1090,STUDY0009,SESS1522,forced_choice,semantic_blocked,fc_blocked,0,0,category_section_intro,,furniture_rooms
ROW41908,1452,html-button-response,14,102322,0,P1090,STUDY0009,SESS1522,forced_choice,semantic_blocked,fc_blocked,0,0,category_section_intro,,food_drink
ROW41910,6259,survey-multi-choice,13,100867,0,P1090,STUDY0009,SESS1522,forced_choice,semantic_blocked,fc_blocked,0,"{""Q0"":""shape""}",category_organization_2x2,radiator,furniture_rooms
ROW41909,5891,survey-multi-choice,15,108216,0,P1090,STUDY0009,SESS1522,forced_choice,semantic_blocked,fc_blocked,0,"{""Q0"":""shape""}",category_organization_2x2,biscuit,food_drink
ROW41911,4043,survey-multi-choice,16,112262,0,P1090,STUDY0009,SESS1522,forced_choice,semantic_blocked,fc_blocked,0,"{""Q0"":""color""}",category_organization_2x2,cheese,food_drink
ROW41912,3955,survey-multi-choice,17,116220,0,P1090,STUDY0009,SESS1522,forced_choice,semantic_blocked,fc_blocked,0,"{""Q0"":""color""}",category_organization_2x2,guava,food_drink
ROW41913,6914,survey-multi-choice,18,123137,0,P1090,STUDY0009,SESS1522,forced_choice,semantic_blocked,fc_blocked,0,"{""Q0"":""color""}",category_organization_2x2,ice cream,food_drink
ROW41914,6234,survey-multi-choice,19,129374,0,P1090,STUDY0009,SESS1522,forced_choice,semantic_blocked,fc_blocked,0,"{""Q0"":""color""}",category_organization_2x2,ice cream,food_drink
ROW41915,3700,survey-multi-choice,20,133077,0,P1090,STUDY0009,SESS1522,forced_choice,semantic_blocked,fc_blocked,0,"{""Q0"":""none of these""}",category_organization_2x2,kimchi,food_drink
ROW41916,2715,survey-multi-choice,22,139514,0,P1090,STUDY0009,SESS1522,forced_choice,semantic_blocked,fc_blocked,0,"{""Q0"":""shape""}",category_organization_2x2,pear,food_drink
ROW41917,3716,survey-multi-choice,21,136796,0,P1090,STUDY0009,SESS1522,forced_choice,semantic_blocked,fc_blocked,0,"{""Q0"":""shape""}",category_organization_2x2,peanut,food_drink
ROW41918,2740,survey-multi-choice,23,142257,0,P1090,STUDY0009,SESS1522,forced_choice,semantic_blocked,fc_blocked,0,"{""Q0"":""shape""}",category_organization_2x2,sprouts,food_drink
ROW41919,3203,survey-multi-choice,24,145463,0,P1090,STUDY0009,SESS1522,forced_choice,semantic_blocked,fc_blocked,0,"{""Q0"":""shape""}",category_organization_2x2,strawberry,food_drink
ROW41920,1686,html-button-response,25,147152,0,P1090,STUDY0009,SESS1522,forced_choice,semantic_blocked,fc_blocked,0,0,category_section_intro,,outside
ROW41921,4786,survey-multi-choice,26,151941,0,P1090,STUDY0009,SESS1522,forced_choice,semantic_blocked,fc_blocked,0,"{""Q0"":""shape""}",category_organization_2x2,flower pot,outside
ROW41922,3691,survey-multi-choice,27,155635,0,P1090,STUDY0009,SESS1522,forced_choice,semantic_blocked,fc_blocked,0,"{""Q0"":""shape""}",category_organization_2x2,seesaw,outside
ROW41923,1259,html-button-response,28,156896,0,P1090,STUDY0009,SESS1522,forced_choice,semantic_blocked,fc_blocked,0,0,category_section_intro,,other
ROW41924,5742,survey-multi-choice,29,162640,0,P1090,STUDY0009,SESS1522,forced_choice,semantic_blocked,fc_blocked,0,"{""Q0"":""material""}",category_organization_2x2,can,other
ROW41925,3682,survey-multi-choice,30,166326,0,P1090,STUDY0009,SESS1522,forced_choice,semantic_blocked,fc_blocked,0,"{""Q0"":""color""}",category_organization_2x2,lemonade,other
ROW41926,2836,survey-multi-choice,31,169165,0,P1090,STUDY0009,SESS1522,forced_choice,semantic_blocked,fc_blocked,0,"{""Q0"":""none of these""}",category_organization_2x2,lavender,attention_check
ROW41927,4690,instructions,33,175026,0,P1090,STUDY0009,SESS1522,forced_choice,semantic_blocked,fc_blocked,0,,,,
ROW41928,1167,html-button-response,32,170334,0,P1090,STUDY0009,SESS1522,forced_choice,semantic_blocked,fc_blocked,0,0,,,
ROW41929,13811,survey-multi-select,5,111862,0,P1777,STUDY0009,SESS1511,multi_select,semantic_blocked,ms_blocked,0,"{""Q0"":[""shape""]}",category_organization_2x2,truck,vehicles
ROW41930,8514,html-button-response,3,82580,0,P1777,STUDY0009,SESS1511,multi_select,semantic_blocked,ms_blocked,0,0,lavender_instruction,,
ROW41931,33328,html-button-response,2,74065,0,P1777,STUDY0009,SESS1511,multi_select,semantic_blocked,ms_blocked,0,0,vocabulary_classification_criteria,,
ROW41932,15464,html-button-response,4,98045,0,P1777,STUDY0009,SESS1511,multi_select,semantic_blocked,ms_blocked,0,0,category_section_intro,,vehicles
ROW41933,19241,html-button-response,1,40735,0,P1777,STUDY0009,SESS1511,multi_select,semantic_blocked,ms_blocked,0,0,precautions_survey,,
ROW41934,21489,instructions,0,21492,0,P1777,STUDY0009,SESS1511,multi_select,semantic_blocked,ms_blocked,0,,,,
ROW41935,8423,html-button-response,6,120286,0,P1777,STUDY0009,SESS1511,multi_select,semantic_blocked,ms_blocked,0,0,category_section_intro,,toys
ROW41936,9443,survey-multi-select,7,129731,0,P1777,STUDY0009,SESS1511,multi_select,semantic_blocked,ms_blocked,0,"{""Q0"":[""material""]}",category_organization_2x2,chalk,toys
ROW41937,10930,survey-multi-select,11,171306,0,P1777,STUDY0009,SESS1511,multi_select,semantic_blocked,ms_blocked,0,"{""Q0"":[""shape""]}",category_organization_2x2,animal,animals
ROW41938,7574,survey-multi-select,8,137308,0,P1777,STUDY0009,SESS1511,multi_select,semantic_blocked,ms_blocked,0,"{""Q0"":[""shape""]}",category_organization_2x2,guitar,toys
ROW41939,12816,survey-multi-select,9,150127,0,P1777,STUDY0009,SESS1511,multi_select,semantic_blocked,ms_blocked,0,"{""Q0"":[""shape""]}",category_organization_2x2,top,toys
ROW41940,10246,html-button-response,10,160374,0,P1777,STUDY0009,SESS1511,multi_select,semantic_blocked,ms_blocked,0,0,category_section_intro,,animals
ROW41941,7353,survey-multi-select,12,178662,0,P1777,STUDY0009,SESS1511,multi_select,semantic_blocked,ms_blocked,0,"{""Q0"":[""shape""]}",category_organization_2x2,dinosaur,animals
ROW41942,6073,html-button-response,13,184736,0,P1777,STUDY0009,SESS1511,multi_select,semantic_blocked,ms_blocked,0,0,category_section_intro,,furniture_rooms
ROW41943,16633,survey-multi-select,17,229812,0,P1777,STUDY0009,SESS1511,multi_select,semantic_blocked,ms_blocked,0,"{""Q0"":[""material""]}",category_organization_2x2,candy,food_drink
ROW41944,8302,html-button-response,16,213176,0,P1777,STUDY0009,SESS1511,multi_select,semantic_blocked,ms_blocked,0,0,category_section_intro,,food_drink
ROW41945,12105,survey-multi-select,15,204872,0,P1777,STUDY0009,SESS1511,multi_select,semantic_blocked,ms_blocked,0,"{""Q0"":[""shape""]}",category_organization_2x2,porch,furniture_rooms
ROW41946,8027,survey-multi-select,14,192765,0,P1777,STUDY0009,SESS1511,multi_select,semantic_blocked,ms_blocked,0,"{""Q0"":[""shape""]}",category_organization_2x2,dryer,furniture_rooms
ROW41947,13756,survey-multi-select,18,243570,0,P1777,STUDY0009,SESS1511,multi_select,semantic_blocked,ms_blocked,0,"{""Q0"":[""shape""]}",category_organization_2x2,peas,food_drink
ROW41948,7769,survey-multi-select,19,251341,0,P1777,STUDY0009,SESS1511,multi_select,semantic_blocked,ms_blocked,0,"{""Q0"":[""shape""]}",category_organization_2x2,pomegranate,food_drink
ROW41949,9498,survey-multi-select,21,267886,0,P1777,STUDY0009,SESS1511,multi_select,semantic_blocked,ms_blocked,0,"{""Q0"":[""material""]}",category_organization_2x2,soup,food_drink
ROW41950,6100,survey-multi-select,22,273988,0,P1777,STUDY0009,SESS1511,multi_select,semantic_blocked,ms_blocked,0,"{""Q0"":[""material""]}",category_organization_2x2,yogurt drink,food_drink
ROW41951,7043,survey-multi-select,20,258386,0,P1777,STUDY0009,SESS1511,multi_select,semantic_blocked,ms_blocked,0,"{""Q0"":[""shape""]}",category_organization_2x2,shark,food_drink
ROW41952,4865,html-button-response,23,278855,0,P1777,STUDY0009,SESS1511,multi_select,semantic_blocked,ms_blocked,0,0,category_section_intro,,body_parts
ROW41953,10065,survey-multi-select,24,288922,0,P1777,STUDY0009,SESS1511,multi_select,semantic_blocked,ms_blocked,0,"{""Q0"":[""shape""]}",category_organization_2x2,cheek,body_parts
ROW41954,6103,survey-multi-select,26,299601,0,P1777,STUDY0009,SESS1511,multi_select,semantic_blocked,ms_blocked,0,"{""Q0"":[""shape""]}",category_organization_2x2,box,household
ROW41955,4574,html-button-response,25,293497,0,P1777,STUDY0009,SESS1511,multi_select,semantic_blocked,ms_blocked,0,0,category_section_intro,,household
ROW41956,31220,survey-multi-select,27,330823,0,P1777,STUDY0009,SESS1511,multi_select,semantic_blocked,ms_blocked,0,"{""Q0"":[""material""]}",category_organization_2x2,cloth,household
ROW41957,6862,survey-multi-select,29,342926,0,P1777,STUDY0009,SESS1511,multi_select,semantic_blocked,ms_blocked,0,"{""Q0"":[""shape""]}",category_organization_2x2,plate,household
ROW41958,5236,survey-multi-select,28,336062,0,P1777,STUDY0009,SESS1511,multi_select,semantic_blocked,ms_blocked,0,"{""Q0"":[""shape""]}",category_organization_2x2,coin,household
ROW41959,7037,html-button-response,30,349964,0,P1777,STUDY0009,SESS1511,multi_select,semantic_blocked,ms_blocked,0,0,category_section_intro,,outside
ROW41960,5709,survey-multi-select,31,355675,0,P1777,STUDY0009,SESS1511,multi_select,semantic_blocked,ms_blocked,0,"{""Q0"":[""shape""]}",category_organization_2x2,watering can,outside
ROW41961,5956,survey-multi-select,32,361634,0,P1777,STUDY0009,SESS1511,multi_select,semantic_blocked,ms_blocked,0,"{""Q0"":[""none of these""]}",category_organization_2x2,lavender,attention_check
ROW41962,17176,instructions,34,381244,0,P1777,STUDY0009,SESS1511,multi_select,semantic_blocked,ms_blocked,0,,,,
ROW41963,2432,html-button-response,33,364067,0,P1777,STUDY0009,SESS1511,multi_select,semantic_blocked,ms_blocked,0,0,,,
ROW41964,7529,html-button-response,1,15590,0,P1618,STUDY0009,SESS1514,forced_choice,semantic_blocked,fc_blocked,0,0,precautions_survey,,
ROW41965,8056,instructions,0,8059,0,P1618,STUDY0009,SESS1514,forced_choice,semantic_blocked,fc_blocked,0,,,,
ROW41966,29125,html-button-response,2,44717,0,P1618,STUDY0009,SESS1514,forced_choice,semantic_blocked,fc_blocked,0,0,vocabulary_classification_criteria,,
ROW41967,9376,html-button-response,3,54094,0,P1618,STUDY0009,SESS1514,forced_choice,semantic_blocked,fc_blocked,0,0,lavender_instruction,,
ROW41968,23884,html-button-response,4,77980,0,P1618,STUDY0009,SESS1514,forced_choice,semantic_blocked,fc_blocked,0,0,category_section_intro,,toys
ROW41969,13271,survey-multi-choice,5,91254,0,P1618,STUDY0009,SESS1514,forced_choice,semantic_blocked,fc_blocked,0,"{""Q0"":""none of these""}",category_organization_2x2,bat (object),toys
ROW41970,5046,survey-multi-choice,6,96302,0,P1618,STUDY0009,SESS1514,forced_choice,semantic_blocked,fc_blocked,0,"{""Q0"":""material""}",category_organization_2x2,mold,toys
ROW41971,4022,html-button-response,7,100325,0,P1618,STUDY0009,SESS1514,forced_choice,semantic_blocked,fc_blocked,0,0,category_section_intro,,animals
ROW41972,8111,survey-multi-choice,8,108437,0,P1618,STUDY0009,SESS1514,forced_choice,semantic_blocked,fc_blocked,0,"{""Q0"":""color""}",category_organization_2x2,cockroach,animals
ROW41973,5317,survey-multi-choice,9,113756,0,P1618,STUDY0009,SESS1514,forced_choice,semantic_blocked,fc_blocked,0,"{""Q0"":""shape""}",category_organization_2x2,hedgehog,animals
ROW41974,7168,survey-multi-choice,10,120926,0,P1618,STUDY0009,SESS1514,forced_choice,semantic_blocked,fc_blocked,0,"{""Q0"":""none of these""}",category_organization_2x2,swallow (animal),animals
ROW41975,2050,html-button-response,11,122977,0,P1618,STUDY0009,SESS1514,forced_choice,semantic_blocked,fc_blocked,0,0,category_section_intro,,furniture_rooms
ROW41976,8024,survey-multi-choice,12,131002,0,P1618,STUDY0009,SESS1514,forced_choice,semantic_blocked,fc_blocked,0,"{""Q0"":""shape""}",category_organization_2x2,oven,furniture_rooms
ROW41977,2618,html-button-response,13,133621,0,P1618,STUDY0009,SESS1514,forced_choice,semantic_blocked,fc_blocked,0,0,category_section_intro,,food_drink
ROW41978,5943,survey-multi-choice,14,139566,0,P1618,STUDY0009,SESS1514,forced_choice,semantic_blocked,fc_blocked,0,"{""Q0"":""shape""}",category_organization_2x2,cheerios,food_drink
ROW41979,4488,survey-multi-choice,15,144055,0,P1618,STUDY0009,SESS1514,forced_choice,semantic_blocked,fc_blocked,0,"{""Q0"":""color""}",category_organization_2x2,drink (beverage),food_drink
ROW41980,10829,survey-multi-choice,16,154885,0,P1618,STUDY0009,SESS1514,forced_choice,semantic_blocked,fc_blocked,0,"{""Q0"":""shape""}",category_organization_2x2,egg,food_drink
ROW41981,6957,survey-multi-choice,17,161843,0,P1618,STUDY0009,SESS1514,forced_choice,semantic_blocked,fc_blocked,0,"{""Q0"":""none of these""}",category_organization_2x2,hamburger,food_drink
ROW41982,2956,survey-multi-choice,18,164801,0,P1618,STUDY0009,SESS1514,forced_choice,semantic_blocked,fc_blocked,0,"{""Q0"":""color""}",category_organization_2x2,papaya,food_drink
ROW41983,1542,html-button-response,19,166344,0,P1618,STUDY0009,SESS1514,forced_choice,semantic_blocked,fc_blocked,0,0,category_section_intro,,body_parts
ROW41984,5008,survey-multi-choice,20,171354,0,P1618,STUDY0009,SESS1514,forced_choice,semantic_blocked,fc_blocked,0,"{""Q0"":""material""}",category_organization_2x2,cheek,body_parts
ROW41985,1662,html-button-response,21,173017,0,P1618,STUDY0009,SESS1514,forced_choice,semantic_blocked,fc_blocked,0,0,category_section_intro,,household
ROW41986,3546,survey-multi-choice,22,176564,0,P1618,STUDY0009,SESS1514,forced_choice,semantic_blocked,fc_blocked,0,"{""Q0"":""shape""}",category_organization_2x2,cd,household
ROW41987,4467,survey-multi-choice,23,181032,0,P1618,STUDY0009,SESS1514,forced_choice,semantic_blocked,fc_blocked,0,"{""Q0"":""shape""}",category_organization_2x2,hammer,household
ROW41988,5657,survey-multi-choice,24,186691,0,P1618,STUDY0009,SESS1514,forced_choice,semantic_blocked,fc_blocked,0,"{""Q0"":""color""}",category_organization_2x2,light (object),household
ROW41989,54071,html-button-response,25,240763,0,P1618,STUDY0009,SESS1514,forced_choice,semantic_blocked,fc_blocked,0,0,category_section_intro,,outside
ROW41990,4242,survey-multi-choice,26,245006,0,P1618,STUDY0009,SESS1514,forced_choice,semantic_blocked,fc_blocked,0,"{""Q0"":""color""}",category_organization_2x2,garden,outside
ROW41991,3999,survey-multi-choice,27,249007,0,P1618,STUDY0009,SESS1514,forced_choice,semantic_blocked,fc_blocked,0,"{""Q0"":""shape""}",category_organization_2x2,tunnel,outside
ROW41992,3009,html-button-response,28,252017,0,P1618,STUDY0009,SESS1514,forced_choice,semantic_blocked,fc_blocked,0,0,category_section_intro,,other
ROW41993,3590,survey-multi-choice,29,255608,0,P1618,STUDY0009,SESS1514,forced_choice,semantic_blocked,fc_blocked,0,"{""Q0"":""shape""}",category_organization_2x2,cot,other
ROW41994,4528,survey-multi-choice,30,260137,0,P1618,STUDY0009,SESS1514,forced_choice,semantic_blocked,fc_blocked,0,"{""Q0"":""color""}",category_organization_2x2,panther,other
ROW41995,25215,survey-multi-choice,31,285354,0,P1618,STUDY0009,SESS1514,forced_choice,semantic_blocked,fc_blocked,0,"{""Q0"":""none of these""}",category_organization_2x2,party,other
ROW41996,3630,survey-multi-choice,32,288985,0,P1618,STUDY0009,SESS1514,forced_choice,semantic_blocked,fc_blocked,0,"{""Q0"":""none of these""}",category_organization_2x2,lavender,attention_check
ROW41997,1413,html-button-response,33,290399,0,P1618,STUDY0009,SESS1514,forced_choice,semantic_blocked,fc_blocked,0,0,,,
ROW41998,8299,instructions,34,298698,0,P1618,STUDY0009,SESS1514,forced_choice,semantic_blocked,fc_blocked,0,,,,
ROW41999,3106,instructions,0,3108,0,P1632,STUDY0009,SESS1439,forced_choice,random,fc_random,0,,,,
ROW42000,39111,html-button-response,1,42222,0,P1632,STUDY0009,SESS1439,forced_choice,random,fc_random,0,0,precautions_survey,,
ROW42001,82018,html-button-response,2,124240,0,P1632,STUDY0009,SESS1439,forced_choice,random,fc_random,0,0,vocabulary_classification_criteria,,
ROW42002,5344,html-button-response,3,129585,0,P1632,STUDY0009,SESS1439,forced_choice,random,fc_random,0,0,lavender_instruction,,
ROW42003,12404,survey-multi-choice,4,141991,0,P1632,STUDY0009,SESS1439,forced_choice,random,fc_random,0,"{""Q0"":""none of these""}",category_organization_2x2,rooster,animals
ROW42004,10158,survey-multi-choice,5,152151,0,P1632,STUDY0009,SESS1439,forced_choice,random,fc_random,0,"{""Q0"":""none of these""}",category_organization_2x2,carrot,food_drink
ROW42005,7508,survey-multi-choice,6,159660,0,P1632,STUDY0009,SESS1439,forced_choice,random,fc_random,0,"{""Q0"":""color""}",category_organization_2x2,broccoli,other
ROW42006,13294,survey-multi-choice,7,172956,0,P1632,STUDY0009,SESS1439,forced_choice,random,fc_random,0,"{""Q0"":""shape""}",category_organization_2x2,car,vehicles
ROW42007,14728,survey-multi-choice,8,187685,0,P1632,STUDY0009,SESS1439,forced_choice,random,fc_random,0,"{""Q0"":""none of these""}",category_organization_2x2,beef,other
ROW42008,8345,survey-multi-choice,9,196031,0,P1632,STUDY0009,SESS1439,forced_choice,random,fc_random,0,"{""Q0"":""color""}",category_organization_2x2,clown,toys
ROW42009,8179,survey-multi-choice,10,204211,0,P1632,STUDY0009,SESS1439,forced_choice,random,fc_random,0,"{""Q0"":""none of these""}",category_organization_2x2,animal,animals
ROW42010,47038,survey-multi-choice,11,251251,0,P1632,STUDY0009,SESS1439,forced_choice,random,fc_random,0,"{""Q0"":""none of these""}",category_organization_2x2,biscuit,food_drink
ROW42011,8405,survey-multi-choice,13,263693,0,P1632,STUDY0009,SESS1439,forced_choice,random,fc_random,0,"{""Q0"":""material""}",category_organization_2x2,sofa,furniture_rooms
ROW42012,4035,survey-multi-choice,12,255287,0,P1632,STUDY0009,SESS1439,forced_choice,random,fc_random,0,"{""Q0"":""none of these""}",category_organization_2x2,lavender,attention_check
ROW42013,6925,survey-multi-choice,14,270620,0,P1632,STUDY0009,SESS1439,forced_choice,random,fc_random,0,"{""Q0"":""none of these""}",category_organization_2x2,mayonnaise,other
ROW42014,5438,survey-multi-choice,15,276059,0,P1632,STUDY0009,SESS1439,forced_choice,random,fc_random,0,"{""Q0"":""shape""}",category_organization_2x2,eye,body_parts
ROW42015,5499,survey-multi-choice,16,281559,0,P1632,STUDY0009,SESS1439,forced_choice,random,fc_random,0,"{""Q0"":""shape""}",category_organization_2x2,cucumber,food_drink
ROW42016,4541,survey-multi-choice,17,286101,0,P1632,STUDY0009,SESS1439,forced_choice,random,fc_random,0,"{""Q0"":""shape""}",category_organization_2x2,apple,food_drink
ROW42017,5383,survey-multi-choice,18,291486,0,P1632,STUDY0009,SESS1439,forced_choice,random,fc_random,0,"{""Q0"":""shape""}",category_organization_2x2,bottle,household
ROW42019,5599,survey-multi-choice,19,297085,0,P1632,STUDY0009,SESS1439,forced_choice,random,fc_random,0,"{""Q0"":""material""}",category_organization_2x2,sandbox,outside
ROW42018,8087,survey-multi-choice,20,305174,0,P1632,STUDY0009,SESS1439,forced_choice,random,fc_random,0,"{""Q0"":""material""}",category_organization_2x2,overalls,clothing
ROW42020,5932,survey-multi-choice,21,311107,0,P1632,STUDY0009,SESS1439,forced_choice,random,fc_random,0,"{""Q0"":""color""}",category_organization_2x2,tissue,household
ROW42021,7538,survey-multi-choice,23,323372,0,P1632,STUDY0009,SESS1439,forced_choice,random,fc_random,0,"{""Q0"":""shape""}",category_organization_2x2,robot,toys
ROW42022,4725,survey-multi-choice,22,315832,0,P1632,STUDY0009,SESS1439,forced_choice,random,fc_random,0,"{""Q0"":""color""}",category_organization_2x2,ribbon,clothing
ROW42023,5216,survey-multi-choice,24,328588,0,P1632,STUDY0009,SESS1439,forced_choice,random,fc_random,0,"{""Q0"":""shape""}",category_organization_2x2,popsicle,food_drink
ROW42024,5995,instructions,26,338164,0,P1632,STUDY0009,SESS1439,forced_choice,random,fc_random,0,,,,
ROW42025,3579,html-button-response,25,332169,0,P1632,STUDY0009,SESS1439,forced_choice,random,fc_random,0,0,,,
ROW42026,8728,html-button-response,1,16468,0,P1611,STUDY0009,SESS1524,forced_choice,semantic_blocked,fc_blocked,0,0,precautions_survey,,
ROW42027,7739,instructions,0,7740,0,P1611,STUDY0009,SESS1524,forced_choice,semantic_blocked,fc_blocked,0,,,,
ROW42028,13724,html-button-response,2,30193,0,P1611,STUDY0009,SESS1524,forced_choice,semantic_blocked,fc_blocked,0,0,vocabulary_classification_criteria,,
ROW42029,5131,html-button-response,3,35325,0,P1611,STUDY0009,SESS1524,forced_choice,semantic_blocked,fc_blocked,0,0,lavender_instruction,,
ROW42030,6845,html-button-response,4,42172,0,P1611,STUDY0009,SESS1524,forced_choice,semantic_blocked,fc_blocked,0,0,category_section_intro,,toys
ROW42031,6223,survey-multi-choice,5,48398,0,P1611,STUDY0009,SESS1524,forced_choice,semantic_blocked,fc_blocked,0,"{""Q0"":""material""}",category_organization_2x2,pencil,toys
ROW42034,3561,html-button-response,8,58747,0,P1611,STUDY0009,SESS1524,forced_choice,semantic_blocked,fc_blocked,0,0,category_section_intro,,clothing
ROW42032,2278,html-button-response,6,50677,0,P1611,STUDY0009,SESS1524,forced_choice,semantic_blocked,fc_blocked,0,0,category_section_intro,,animals
ROW42033,4506,survey-multi-choice,7,55184,0,P1611,STUDY0009,SESS1524,forced_choice,semantic_blocked,fc_blocked,0,"{""Q0"":""shape""}",category_organization_2x2,owl,animals
ROW42035,9163,survey-multi-choice,9,67911,0,P1611,STUDY0009,SESS1524,forced_choice,semantic_blocked,fc_blocked,0,"{""Q0"":""shape""}",category_organization_2x2,underpants,clothing
ROW42036,3458,html-button-response,10,71370,0,P1611,STUDY0009,SESS1524,forced_choice,semantic_blocked,fc_blocked,0,0,category_section_intro,,furniture_rooms
ROW42037,6036,survey-multi-choice,11,77406,0,P1611,STUDY0009,SESS1524,forced_choice,semantic_blocked,fc_blocked,0,"{""Q0"":""material""}",category_organization_2x2,radiator,furniture_rooms
ROW42038,1561,html-button-response,12,78968,0,P1611,STUDY0009,SESS1524,forced_choice,semantic_blocked,fc_blocked,0,0,category_section_intro,,food_drink
ROW42039,3217,survey-multi-choice,14,84915,0,P1611,STUDY0009,SESS1524,forced_choice,semantic_blocked,fc_blocked,0,"{""Q0"":""shape""}",category_organization_2x2,nugget,food_drink
ROW42040,2728,survey-multi-choice,13,81697,0,P1611,STUDY0009,SESS1524,forced_choice,semantic_blocked,fc_blocked,0,"{""Q0"":""material""}",category_organization_2x2,coffee,food_drink
ROW42041,4628,survey-multi-choice,15,89543,0,P1611,STUDY0009,SESS1524,forced_choice,semantic_blocked,fc_blocked,0,"{""Q0"":""material""}",category_organization_2x2,raisin,food_drink
ROW42042,2225,survey-multi-choice,16,91770,0,P1611,STUDY0009,SESS1524,forced_choice,semantic_blocked,fc_blocked,0,"{""Q0"":""material""}",category_organization_2x2,yogurt,food_drink
ROW42043,1259,html-button-response,17,93030,0,P1611,STUDY0009,SESS1524,forced_choice,semantic_blocked,fc_blocked,0,0,category_section_intro,,household
ROW42044,3868,survey-multi-choice,18,96899,0,P1611,STUDY0009,SESS1524,forced_choice,semantic_blocked,fc_blocked,0,"{""Q0"":""shape""}",category_organization_2x2,cd,household
ROW42045,33271,survey-multi-choice,19,130171,0,P1611,STUDY0009,SESS1524,forced_choice,semantic_blocked,fc_blocked,0,"{""Q0"":""material""}",category_organization_2x2,dustpan,household
ROW42046,2667,survey-multi-choice,21,137408,0,P1611,STUDY0009,SESS1524,forced_choice,semantic_blocked,fc_blocked,0,"{""Q0"":""none of these""}",category_organization_2x2,telephone,household
ROW42047,4568,survey-multi-choice,20,134740,0,P1611,STUDY0009,SESS1524,forced_choice,semantic_blocked,fc_blocked,0,"{""Q0"":""shape""}",category_organization_2x2,iron (object),household
ROW42048,3479,survey-multi-choice,22,140888,0,P1611,STUDY0009,SESS1524,forced_choice,semantic_blocked,fc_blocked,0,"{""Q0"":""material""}",category_organization_2x2,video,household
ROW42049,982,html-button-response,23,141871,0,P1611,STUDY0009,SESS1524,forced_choice,semantic_blocked,fc_blocked,0,0,category_section_intro,,outside
ROW42050,3554,survey-multi-choice,24,145426,0,P1611,STUDY0009,SESS1524,forced_choice,semantic_blocked,fc_blocked,0,"{""Q0"":""shape""}",category_organization_2x2,bank,outside
ROW42051,2083,survey-multi-choice,25,147510,0,P1611,STUDY0009,SESS1524,forced_choice,semantic_blocked,fc_blocked,0,"{""Q0"":""material""}",category_organization_2x2,sprinkler,outside
ROW42052,3766,survey-multi-choice,26,151277,0,P1611,STUDY0009,SESS1524,forced_choice,semantic_blocked,fc_blocked,0,"{""Q0"":""color""}",category_organization_2x2,sun,outside
ROW42053,2699,survey-multi-choice,28,155011,0,P1611,STUDY0009,SESS1524,forced_choice,semantic_blocked,fc_blocked,0,"{""Q0"":""none of these""}",category_organization_2x2,and,other
ROW42054,1034,html-button-response,27,152311,0,P1611,STUDY0009,SESS1524,forced_choice,semantic_blocked,fc_blocked,0,0,category_section_intro,,other
ROW42055,2835,survey-multi-choice,29,157847,0,P1611,STUDY0009,SESS1524,forced_choice,semantic_blocked,fc_blocked,0,"{""Q0"":""material""}",category_organization_2x2,cot,other
ROW42056,2639,survey-multi-choice,30,160487,0,P1611,STUDY0009,SESS1524,forced_choice,semantic_blocked,fc_blocked,0,"{""Q0"":""material""}",category_organization_2x2,lemonade,other
ROW42057,1618,survey-multi-choice,31,162107,0,P1611,STUDY0009,SESS1524,forced_choice,semantic_blocked,fc_blocked,0,"{""Q0"":""material""}",category_organization_2x2,mayonnaise,other
ROW42058,1537,survey-multi-choice,32,163645,0,P1611,STUDY0009,SESS1524,forced_choice,semantic_blocked,fc_blocked,0,"{""Q0"":""none of these""}",category_organization_2x2,lavender,attention_check
ROW42059,891,html-button-response,33,164537,0,P1611,STUDY0009,SESS1524,forced_choice,semantic_blocked,fc_blocked,0,0,,,
ROW42060,1334,instructions,34,165871,0,P1611,STUDY0009,SESS1524,forced_choice,semantic_blocked,fc_blocked,0,,,,
ROW42061,7695,instructions,0,7697,0,P0919,STUDY0009,SESS1515,multi_select,semantic_blocked,ms_blocked,0,,,,
ROW42062,14406,html-button-response,1,22104,0,P0919,STUDY0009,SESS1515,multi_select,semantic_blocked,ms_blocked,0,0,precautions_survey,,
ROW42063,19439,html-button-response,2,41544,0,P0919,STUDY0009,SESS1515,multi_select,semantic_blocked,ms_blocked,0,0,vocabulary_classification_criteria,,
ROW42064,10791,html-button-response,4,70568,0,P0919,STUDY0009,SESS1515,multi_select,semantic_blocked,ms_blocked,0,0,category_section_intro,,toys
ROW42065,11950,survey-multi-select,5,82521,0,P0919,STUDY0009,SESS1515,multi_select,semantic_blocked,ms_blocked,0,"{""Q0"":[""shape"",""material""]}",category_organization_2x2,bat (object),toys
ROW42066,18247,html-button-response,3,59776,0,P0919,STUDY0009,SESS1515,multi_select,semantic_blocked,ms_blocked,0,0,lavender_instruction,,
ROW42067,15478,survey-multi-select,6,98000,0,P0919,STUDY0009,SESS1515,multi_select,semantic_blocked,ms_blocked,0,"{""Q0"":[""shape""]}",category_organization_2x2,mold,toys
ROW42068,9351,html-button-response,7,107352,0,P0919,STUDY0009,SESS1515,multi_select,semantic_blocked,ms_blocked,0,0,category_section_intro,,animals
ROW42069,20551,survey-multi-select,8,127889,0,P0919,STUDY0009,SESS1515,multi_select,semantic_blocked,ms_blocked,0,"{""Q0"":[""shape""]}",category_organization_2x2,cockroach,animals
ROW42070,13022,survey-multi-select,9,140913,0,P0919,STUDY0009,SESS1515,multi_select,semantic_blocked,ms_blocked,0,"{""Q0"":[""shape""]}",category_organization_2x2,hedgehog,animals
ROW42071,11007,html-button-response,11,161000,0,P0919,STUDY0009,SESS1515,multi_select,semantic_blocked,ms_blocked,0,0,category_section_intro,,furniture_rooms
ROW42072,9078,survey-multi-select,10,149993,0,P0919,STUDY0009,SESS1515,multi_select,semantic_blocked,ms_blocked,0,"{""Q0"":[""shape""]}",category_organization_2x2,swallow (animal),animals
ROW42073,9823,survey-multi-select,12,170825,0,P0919,STUDY0009,SESS1515,multi_select,semantic_blocked,ms_blocked,0,"{""Q0"":[""shape"",""material""]}",category_organization_2x2,oven,furniture_rooms
ROW42074,8375,survey-multi-select,14,187865,0,P0919,STUDY0009,SESS1515,multi_select,semantic_blocked,ms_blocked,0,"{""Q0"":[""shape"",""material""]}",category_organization_2x2,cheerios,food_drink
ROW42075,8671,html-button-response,13,179496,0,P0919,STUDY0009,SESS1515,multi_select,semantic_blocked,ms_blocked,0,0,category_section_intro,,food_drink
ROW42076,9158,survey-multi-select,15,197025,0,P0919,STUDY0009,SESS1515,multi_select,semantic_blocked,ms_blocked,0,"{""Q0"":[""material""]}",category_organization_2x2,drink (beverage),food_drink
ROW42077,10494,survey-multi-select,16,207520,0,P0919,STUDY0009,SESS1515,multi_select,semantic_blocked,ms_blocked,0,"{""Q0"":[""shape"",""material""]}",category_organization_2x2,egg,food_drink
ROW42078,5879,survey-multi-select,17,213400,0,P0919,STUDY0009,SESS1515,multi_select,semantic_blocked,ms_blocked,0,"{""Q0"":[""shape"",""material""]}",category_organization_2x2,hamburger,food_drink
ROW42079,11246,survey-multi-select,18,224648,0,P0919,STUDY0009,SESS1515,multi_select,semantic_blocked,ms_blocked,0,"{""Q0"":[""shape"",""material""]}",category_organization_2x2,papaya,food_drink
ROW42080,7271,html-button-response,19,231920,0,P0919,STUDY0009,SESS1515,multi_select,semantic_blocked,ms_blocked,0,0,category_section_intro,,body_parts
ROW42081,9431,survey-multi-select,20,241346,0,P0919,STUDY0009,SESS1515,multi_select,semantic_blocked,ms_blocked,0,"{""Q0"":[""shape"",""material""]}",category_organization_2x2,cheek,body_parts
ROW42082,5199,html-button-response,21,246545,0,P0919,STUDY0009,SESS1515,multi_select,semantic_blocked,ms_blocked,0,0,category_section_intro,,household
ROW42083,6015,survey-multi-select,22,252562,0,P0919,STUDY0009,SESS1515,multi_select,semantic_blocked,ms_blocked,0,"{""Q0"":[""shape"",""material""]}",category_organization_2x2,cd,household
ROW42084,4719,survey-multi-select,23,257282,0,P0919,STUDY0009,SESS1515,multi_select,semantic_blocked,ms_blocked,0,"{""Q0"":[""shape"",""material""]}",category_organization_2x2,hammer,household
ROW42085,24302,survey-multi-select,24,281585,0,P0919,STUDY0009,SESS1515,multi_select,semantic_blocked,ms_blocked,0,"{""Q0"":[""shape"",""color"",""material""]}",category_organization_2x2,light (object),household
ROW42086,7359,html-button-response,25,288945,0,P0919,STUDY0009,SESS1515,multi_select,semantic_blocked,ms_blocked,0,0,category_section_intro,,outside
ROW42087,16743,survey-multi-select,26,305683,0,P0919,STUDY0009,SESS1515,multi_select,semantic_blocked,ms_blocked,0,"{""Q0"":[""material""]}",category_organization_2x2,garden,outside
ROW42088,7271,survey-multi-select,27,312955,0,P0919,STUDY0009,SESS1515,multi_select,semantic_blocked,ms_blocked,0,"{""Q0"":[""shape""]}",category_organization_2x2,tunnel,outside
ROW42089,5295,html-button-response,28,318250,0,P0919,STUDY0009,SESS1515,multi_select,semantic_blocked,ms_blocked,0,0,category_section_intro,,other
ROW42090,12007,survey-multi-select,29,330258,0,P0919,STUDY0009,SESS1515,multi_select,semantic_blocked,ms_blocked,0,"{""Q0"":[""material""]}",category_organization_2x2,cot,other
ROW42091,12663,survey-multi-select,30,342922,0,P0919,STUDY0009,SESS1515,multi_select,semantic_blocked,ms_blocked,0,"{""Q0"":[""shape""]}",category_organization_2x2,panther,other
ROW42092,12622,survey-multi-select,31,355546,0,P0919,STUDY0009,SESS1515,multi_select,semantic_blocked,ms_blocked,0,"{""Q0"":[""none of these""]}",category_organization_2x2,party,other
ROW42093,4159,survey-multi-select,32,359706,0,P0919,STUDY0009,SESS1515,multi_select,semantic_blocked,ms_blocked,0,"{""Q0"":[""none of these""]}",category_organization_2x2,lavender,attention_check
ROW42094,1359,html-button-response,33,361066,0,P0919,STUDY0009,SESS1515,multi_select,semantic_blocked,ms_blocked,0,0,,,
ROW42095,4072,instructions,34,365131,0,P0919,STUDY0009,SESS1515,multi_select,semantic_blocked,ms_blocked,0,,,,
ROW42096,1399,html-button-response,1,5979,0,P1865,STUDY0009,SESS1530,multi_select,random,ms_random,0,0,precautions_survey,,
ROW42097,4577,instructions,0,4578,0,P1865,STUDY0009,SESS1530,multi_select,random,ms_random,0,,,,
ROW42098,5148,html-button-response,2,11127,0,P1865,STUDY0009,SESS1530,multi_select,random,ms_random,0,0,vocabulary_classification_criteria,,
ROW42099,38230,html-button-response,3,49358,0,P1865,STUDY0009,SESS1530,multi_select,random,ms_random,0,0,lavender_instruction,,
ROW42100,3989,survey-multi-select,5,59640,0,P1865,STUDY0009,SESS1530,multi_select,random,ms_random,0,"{""Q0"":[""none of these""]}",category_organization_2x2,sleeve,clothing
ROW42101,6291,survey-multi-select,4,55650,0,P1865,STUDY0009,SESS1530,multi_select,random,ms_random,0,"{""Q0"":[""shape""]}",category_organization_2x2,hill,other
ROW42102,3631,survey-multi-select,6,63272,0,P1865,STUDY0009,SESS1530,multi_select,random,ms_random,0,"{""Q0"":[""shape""]}",category_organization_2x2,tv,furniture_rooms
ROW42103,4607,survey-multi-select,7,67880,0,P1865,STUDY0009,SESS1530,multi_select,random,ms_random,0,"{""Q0"":[""material""]}",category_organization_2x2,puppet,toys
ROW42104,10965,survey-multi-select,8,78846,0,P1865,STUDY0009,SESS1530,multi_select,random,ms_random,0,"{""Q0"":[""none of these""]}",category_organization_2x2,accident,outside
ROW42105,3341,survey-multi-select,9,82188,0,P1865,STUDY0009,SESS1530,multi_select,random,ms_random,0,"{""Q0"":[""none of these""]}",category_organization_2x2,skate (object),vehicles
ROW42106,2616,survey-multi-select,10,84805,0,P1865,STUDY0009,SESS1530,multi_select,random,ms_random,0,"{""Q0"":[""shape""]}",category_organization_2x2,bed,furniture_rooms
ROW42107,2399,survey-multi-select,11,87204,0,P1865,STUDY0009,SESS1530,multi_select,random,ms_random,0,"{""Q0"":[""color""]}",category_organization_2x2,dragonfly,animals
ROW42108,1733,survey-multi-select,12,88938,0,P1865,STUDY0009,SESS1530,multi_select,random,ms_random,0,"{""Q0"":[""none of these""]}",category_organization_2x2,scallion,food_drink
ROW42109,4273,survey-multi-select,13,93211,0,P1865,STUDY0009,SESS1530,multi_select,random,ms_random,0,"{""Q0"":[""none of these""]}",category_organization_2x2,lettuce,food_drink
ROW42110,3586,survey-multi-select,15,100498,0,P1865,STUDY0009,SESS1530,multi_select,random,ms_random,0,"{""Q0"":[""shape""]}",category_organization_2x2,wood,household
ROW42111,3699,survey-multi-select,14,96911,0,P1865,STUDY0009,SESS1530,multi_select,random,ms_random,0,"{""Q0"":[""none of these""]}",category_organization_2x2,market,other
ROW42113,1826,survey-multi-select,17,105059,0,P1865,STUDY0009,SESS1530,multi_select,random,ms_random,0,"{""Q0"":[""none of these""]}",category_organization_2x2,mouse,animals
ROW42112,2734,survey-multi-select,16,103232,0,P1865,STUDY0009,SESS1530,multi_select,random,ms_random,0,"{""Q0"":[""none of these""]}",category_organization_2x2,elevator,furniture_rooms
ROW42114,1904,survey-multi-select,18,106964,0,P1865,STUDY0009,SESS1530,multi_select,random,ms_random,0,"{""Q0"":[""color""]}",category_organization_2x2,baby food,other
ROW42115,2823,survey-multi-select,19,109788,0,P1865,STUDY0009,SESS1530,multi_select,random,ms_random,0,"{""Q0"":[""none of these""]}",category_organization_2x2,eagle,animals
ROW42116,1672,survey-multi-select,20,111461,0,P1865,STUDY0009,SESS1530,multi_select,random,ms_random,0,"{""Q0"":[""none of these""]}",category_organization_2x2,trolley,vehicles
ROW42117,9214,survey-multi-select,22,122314,0,P1865,STUDY0009,SESS1530,multi_select,random,ms_random,0,"{""Q0"":[""shape""]}",category_organization_2x2,tie (action),other
ROW42118,1636,survey-multi-select,21,113098,0,P1865,STUDY0009,SESS1530,multi_select,random,ms_random,0,"{""Q0"":[""none of these""]}",category_organization_2x2,lavender,attention_check
ROW42119,3251,survey-multi-select,23,125566,0,P1865,STUDY0009,SESS1530,multi_select,random,ms_random,0,"{""Q0"":[""shape""]}",category_organization_2x2,leg,body_parts
ROW42120,5133,survey-multi-select,24,130699,0,P1865,STUDY0009,SESS1530,multi_select,random,ms_random,0,"{""Q0"":[""shape"",""color"",""material""]}",category_organization_2x2,earring,clothing
ROW42121,1266,html-button-response,25,131966,0,P1865,STUDY0009,SESS1530,multi_select,random,ms_random,0,0,,,
ROW42122,1572,instructions,26,133539,0,P1865,STUDY0009,SESS1530,multi_select,random,ms_random,0,,,,
ROW42123,3491,instructions,0,3492,0,P1231,STUDY0009,SESS1529,multi_select,random,ms_random,0,,,,
ROW42124,12315,html-button-response,2,20775,0,P1231,STUDY0009,SESS1529,multi_select,random,ms_random,0,0,vocabulary_classification_criteria,,
ROW42125,10597,survey-multi-select,4,38276,0,P1231,STUDY0009,SESS1529,multi_select,random,ms_random,0,"{""Q0"":[""none of these""]}",category_organization_2x2,yogurt,food_drink
ROW42126,4965,html-button-response,1,8459,0,P1231,STUDY0009,SESS1529,multi_select,random,ms_random,0,0,precautions_survey,,
ROW42127,3347,survey-multi-select,5,41626,0,P1231,STUDY0009,SESS1529,multi_select,random,ms_random,0,"{""Q0"":[""none of these""]}",category_organization_2x2,lavender,attention_check
ROW42128,6898,html-button-response,3,27674,0,P1231,STUDY0009,SESS1529,multi_select,random,ms_random,0,0,lavender_instruction,,
ROW42130,8747,survey-multi-select,6,50375,0,P1231,STUDY0009,SESS1529,multi_select,random,ms_random,0,"{""Q0"":[""color""]}",category_organization_2x2,coffee,food_drink
ROW42129,6747,survey-multi-select,7,57125,0,P1231,STUDY0009,SESS1529,multi_select,random,ms_random,0,"{""Q0"":[""material""]}",category_organization_2x2,mayonnaise,other
ROW42131,4731,survey-multi-select,8,61858,0,P1231,STUDY0009,SESS1529,multi_select,random,ms_random,0,"{""Q0"":[""shape""]}",category_organization_2x2,bank,outside
ROW42132,3249,survey-multi-select,10,68376,0,P1231,STUDY0009,SESS1529,multi_select,random,ms_random,0,"{""Q0"":[""color""]}",category_organization_2x2,sun,outside
ROW42133,3265,survey-multi-select,9,65125,0,P1231,STUDY0009,SESS1529,multi_select,random,ms_random,0,"{""Q0"":[""shape""]}",category_organization_2x2,telephone,household
ROW42134,3546,survey-multi-select,11,71925,0,P1231,STUDY0009,SESS1529,multi_select,random,ms_random,0,"{""Q0"":[""color""]}",category_organization_2x2,lemonade,other
ROW42135,4131,survey-multi-select,12,76058,0,P1231,STUDY0009,SESS1529,multi_select,random,ms_random,0,"{""Q0"":[""shape""]}",category_organization_2x2,owl,animals
ROW42136,4032,survey-multi-select,13,80092,0,P1231,STUDY0009,SESS1529,multi_select,random,ms_random,0,"{""Q0"":[""shape""]}",category_organization_2x2,video,household
ROW42137,4030,survey-multi-select,14,84124,0,P1231,STUDY0009,SESS1529,multi_select,random,ms_random,0,"{""Q0"":[""shape""]}",category_organization_2x2,nugget,food_drink
ROW42138,4014,survey-multi-select,16,92108,0,P1231,STUDY0009,SESS1529,multi_select,random,ms_random,0,"{""Q0"":[""none of these""]}",category_organization_2x2,and,other
ROW42139,3966,survey-multi-select,15,88092,0,P1231,STUDY0009,SESS1529,multi_select,random,ms_random,0,"{""Q0"":[""material""]}",category_organization_2x2,underpants,clothing
ROW42140,3181,survey-multi-select,17,95291,0,P1231,STUDY0009,SESS1529,multi_select,random,ms_random,0,"{""Q0"":[""shape""]}",category_organization_2x2,cd,household
ROW42141,4633,survey-multi-select,18,99926,0,P1231,STUDY0009,SESS1529,multi_select,random,ms_random,0,"{""Q0"":[""shape""]}",category_organization_2x2,sprinkler,outside
ROW42142,3513,survey-multi-select,19,103441,0,P1231,STUDY0009,SESS1529,multi_select,random,ms_random,0,"{""Q0"":[""shape""]}",category_organization_2x2,pencil,toys
ROW42143,7181,survey-multi-select,20,110625,0,P1231,STUDY0009,SESS1529,multi_select,random,ms_random,0,"{""Q0"":[""shape"",""material""]}",category_organization_2x2,iron (object),household
ROW42144,3747,survey-multi-select,21,114375,0,P1231,STUDY0009,SESS1529,multi_select,random,ms_random,0,"{""Q0"":[""shape""]}",category_organization_2x2,dustpan,household
ROW42145,3347,survey-multi-select,22,117725,0,P1231,STUDY0009,SESS1529,multi_select,random,ms_random,0,"{""Q0"":[""shape""]}",category_organization_2x2,cot,other
ROW42146,4600,survey-multi-select,23,122326,0,P1231,STUDY0009,SESS1529,multi_select,random,ms_random,0,"{""Q0"":[""shape""]}",category_organization_2x2,radiator,furniture_rooms
ROW42147,6813,survey-multi-select,24,129142,0,P1231,STUDY0009,SESS1529,multi_select,random,ms_random,0,"{""Q0"":[""none of these""]}",category_organization_2x2,raisin,food_drink
ROW42148,12597,html-button-response,25,141741,0,P1231,STUDY0009,SESS1529,multi_select,random,ms_random,0,0,,,
ROW42149,4750,instructions,26,146491,0,P1231,STUDY0009,SESS1529,multi_select,random,ms_random,0,,,,
ROW42151,3957,html-button-response,1,7134,0,P1700,STUDY0009,SESS1520,multi_select,random,ms_random,0,0,precautions_survey,,
ROW42150,3174,instructions,0,3175,0,P1700,STUDY0009,SESS1520,multi_select,random,ms_random,0,,,,
ROW42152,55039,html-button-response,2,62173,0,P1700,STUDY0009,SESS1520,multi_select,random,ms_random,0,0,vocabulary_classification_criteria,,
ROW42153,32560,html-button-response,3,94734,0,P1700,STUDY0009,SESS1520,multi_select,random,ms_random,0,0,lavender_instruction,,
ROW42154,3526,survey-multi-select,5,105070,0,P1700,STUDY0009,SESS1520,multi_select,random,ms_random,0,"{""Q0"":[""material""]}",category_organization_2x2,sleeve,clothing
ROW42155,6804,survey-multi-select,4,101542,0,P1700,STUDY0009,SESS1520,multi_select,random,ms_random,0,"{""Q0"":[""material""]}",category_organization_2x2,radiator,furniture_rooms
ROW42156,2790,survey-multi-select,6,107861,0,P1700,STUDY0009,SESS1520,multi_select,random,ms_random,0,"{""Q0"":[""material""]}",category_organization_2x2,sugar,food_drink
ROW42157,2823,survey-multi-select,7,110685,0,P1700,STUDY0009,SESS1520,multi_select,random,ms_random,0,"{""Q0"":[""material""]}",category_organization_2x2,mug,household
ROW42158,3423,survey-multi-select,8,114110,0,P1700,STUDY0009,SESS1520,multi_select,random,ms_random,0,"{""Q0"":[""shape""]}",category_organization_2x2,tunnel,outside
ROW42159,51262,survey-multi-select,9,165373,0,P1700,STUDY0009,SESS1520,multi_select,random,ms_random,0,"{""Q0"":[""none of these""]}",category_organization_2x2,lavender,attention_check
ROW42160,3742,survey-multi-select,10,169116,0,P1700,STUDY0009,SESS1520,multi_select,random,ms_random,0,"{""Q0"":[""material""]}",category_organization_2x2,pajamas,clothing
ROW42161,3895,survey-multi-select,11,173012,0,P1700,STUDY0009,SESS1520,multi_select,random,ms_random,0,"{""Q0"":[""none of these""]}",category_organization_2x2,ant,animals
ROW42162,8207,survey-multi-select,12,181221,0,P1700,STUDY0009,SESS1520,multi_select,random,ms_random,0,"{""Q0"":[""shape""]}",category_organization_2x2,wombat,other
ROW42163,3359,survey-multi-select,13,184581,0,P1700,STUDY0009,SESS1520,multi_select,random,ms_random,0,"{""Q0"":[""material""]}",category_organization_2x2,ruler,other
ROW42164,9383,survey-multi-select,14,193965,0,P1700,STUDY0009,SESS1520,multi_select,random,ms_random,0,"{""Q0"":[""color"",""material""]}",category_organization_2x2,fir,outside
ROW42165,2878,survey-multi-select,16,201684,0,P1700,STUDY0009,SESS1520,multi_select,random,ms_random,0,"{""Q0"":[""shape"",""color""]}",category_organization_2x2,apple,food_drink
ROW42166,4837,survey-multi-select,15,198805,0,P1700,STUDY0009,SESS1520,multi_select,random,ms_random,0,"{""Q0"":[""shape"",""material""]}",category_organization_2x2,armchair,furniture_rooms
ROW42167,5686,survey-multi-select,17,207372,0,P1700,STUDY0009,SESS1520,multi_select,random,ms_random,0,"{""Q0"":[""material""]}",category_organization_2x2,computer,furniture_rooms
ROW42168,4182,survey-multi-select,18,211556,0,P1700,STUDY0009,SESS1520,multi_select,random,ms_random,0,"{""Q0"":[""shape""]}",category_organization_2x2,ball,toys
ROW42169,16400,survey-multi-select,19,227957,0,P1700,STUDY0009,SESS1520,multi_select,random,ms_random,0,"{""Q0"":[""none of these""]}",category_organization_2x2,insect,animals
ROW42170,3070,survey-multi-select,20,231028,0,P1700,STUDY0009,SESS1520,multi_select,random,ms_random,0,"{""Q0"":[""material""]}",category_organization_2x2,hose,outside
ROW42171,3975,survey-multi-select,21,235005,0,P1700,STUDY0009,SESS1520,multi_select,random,ms_random,0,"{""Q0"":[""color""]}",category_organization_2x2,kiwi,food_drink
ROW42172,12606,survey-multi-select,22,247612,0,P1700,STUDY0009,SESS1520,multi_select,random,ms_random,0,"{""Q0"":[""material""]}",category_organization_2x2,vinegar,food_drink
ROW42173,4054,survey-multi-select,23,251668,0,P1700,STUDY0009,SESS1520,multi_select,random,ms_random,0,"{""Q0"":[""material""]}",category_organization_2x2,jacket,clothing
ROW42174,4286,survey-multi-select,24,255955,0,P1700,STUDY0009,SESS1520,multi_select,random,ms_random,0,"{""Q0"":[""shape""]}",category_organization_2x2,picture,household
ROW42175,2624,html-button-response,25,258580,0,P1700,STUDY0009,SESS1520,multi_select,random,ms_random,0,0,,,
ROW42176,7063,instructions,26,265644,0,P1700,STUDY0009,SESS1520,multi_select,random,ms_random,0,,,,
ROW42177,1080,html-button-response,1,18892,0,P1586,STUDY0009,SESS1517,forced_choice,semantic_blocked,fc_blocked,0,0,precautions_survey,,
ROW42178,17808,instructions,0,17810,0,P1586,STUDY0009,SESS1517,forced_choice,semantic_blocked,fc_blocked,0,,,,
ROW42179,5271,survey-multi-choice,5,37993,0,P1586,STUDY0009,SESS1517,forced_choice,semantic_blocked,fc_blocked,0,"{""Q0"":""material""}",category_organization_2x2,airplane,vehicles
ROW42180,4023,html-button-response,3,31245,0,P1586,STUDY0009,SESS1517,forced_choice,semantic_blocked,fc_blocked,0,0,lavender_instruction,,
ROW42181,8328,html-button-response,2,27221,0,P1586,STUDY0009,SESS1517,forced_choice,semantic_blocked,fc_blocked,0,0,vocabulary_classification_criteria,,
ROW42182,1469,html-button-response,4,32716,0,P1586,STUDY0009,SESS1517,forced_choice,semantic_blocked,fc_blocked,0,0,category_section_intro,,vehicles
ROW42183,1142,html-button-response,6,39136,0,P1586,STUDY0009,SESS1517,forced_choice,semantic_blocked,fc_blocked,0,0,category_section_intro,,toys
ROW42184,3693,survey-multi-choice,7,42830,0,P1586,STUDY0009,SESS1517,forced_choice,semantic_blocked,fc_blocked,0,"{""Q0"":""material""}",category_organization_2x2,bell,toys
ROW42185,2515,survey-multi-choice,8,45347,0,P1586,STUDY0009,SESS1517,forced_choice,semantic_blocked,fc_blocked,0,"{""Q0"":""material""}",category_organization_2x2,doll,toys
ROW42186,1920,html-button-response,9,47268,0,P1586,STUDY0009,SESS1517,forced_choice,semantic_blocked,fc_blocked,0,0,category_section_intro,,animals
ROW42187,2882,survey-multi-choice,10,50152,0,P1586,STUDY0009,SESS1517,forced_choice,semantic_blocked,fc_blocked,0,"{""Q0"":""material""}",category_organization_2x2,deer,animals
ROW42188,2307,survey-multi-choice,11,52461,0,P1586,STUDY0009,SESS1517,forced_choice,semantic_blocked,fc_blocked,0,"{""Q0"":""material""}",category_organization_2x2,fly (animal),animals
ROW42189,2176,survey-multi-choice,12,54638,0,P1586,STUDY0009,SESS1517,forced_choice,semantic_blocked,fc_blocked,0,"{""Q0"":""material""}",category_organization_2x2,hen,animals
ROW42190,1345,survey-multi-choice,13,55984,0,P1586,STUDY0009,SESS1517,forced_choice,semantic_blocked,fc_blocked,0,"{""Q0"":""material""}",category_organization_2x2,turtle,animals
ROW42191,2877,html-button-response,14,58864,0,P1586,STUDY0009,SESS1517,forced_choice,semantic_blocked,fc_blocked,0,0,category_section_intro,,furniture_rooms
ROW42192,2144,survey-multi-choice,19,72126,0,P1586,STUDY0009,SESS1517,forced_choice,semantic_blocked,fc_blocked,0,"{""Q0"":""material""}",category_organization_2x2,sandwich,food_drink
ROW42193,2470,survey-multi-choice,15,61336,0,P1586,STUDY0009,SESS1517,forced_choice,semantic_blocked,fc_blocked,0,"{""Q0"":""material""}",category_organization_2x2,living room,furniture_rooms
ROW42195,832,html-button-response,16,62169,0,P1586,STUDY0009,SESS1517,forced_choice,semantic_blocked,fc_blocked,0,0,category_section_intro,,food_drink
ROW42194,4270,survey-multi-choice,18,69980,0,P1586,STUDY0009,SESS1517,forced_choice,semantic_blocked,fc_blocked,0,"{""Q0"":""color""}",category_organization_2x2,peach,food_drink
ROW42196,3538,survey-multi-choice,17,65708,0,P1586,STUDY0009,SESS1517,forced_choice,semantic_blocked,fc_blocked,0,"{""Q0"":""material""}",category_organization_2x2,kimchi,food_drink
ROW42197,737,html-button-response,22,76556,0,P1586,STUDY0009,SESS1517,forced_choice,semantic_blocked,fc_blocked,0,0,category_section_intro,,household
ROW42198,2073,survey-multi-choice,20,74200,0,P1586,STUDY0009,SESS1517,forced_choice,semantic_blocked,fc_blocked,0,"{""Q0"":""material""}",category_organization_2x2,soda,food_drink
ROW42199,3621,survey-multi-choice,25,83526,0,P1586,STUDY0009,SESS1517,forced_choice,semantic_blocked,fc_blocked,0,"{""Q0"":""shape""}",category_organization_2x2,cloud,outside
ROW42200,774,html-button-response,24,79904,0,P1586,STUDY0009,SESS1517,forced_choice,semantic_blocked,fc_blocked,0,0,category_section_intro,,outside
ROW42201,1616,survey-multi-choice,21,75818,0,P1586,STUDY0009,SESS1517,forced_choice,semantic_blocked,fc_blocked,0,"{""Q0"":""material""}",category_organization_2x2,tofu,food_drink
ROW42202,2572,survey-multi-choice,23,79130,0,P1586,STUDY0009,SESS1517,forced_choice,semantic_blocked,fc_blocked,0,"{""Q0"":""shape""}",category_organization_2x2,mug,household
ROW42203,1424,survey-multi-choice,28,89502,0,P1586,STUDY0009,SESS1517,forced_choice,semantic_blocked,fc_blocked,0,"{""Q0"":""material""}",category_organization_2x2,umbrella,outside
ROW42204,2274,survey-multi-choice,31,95502,0,P1586,STUDY0009,SESS1517,forced_choice,semantic_blocked,fc_blocked,0,"{""Q0"":""material""}",category_organization_2x2,shutter,other
ROW42205,704,html-button-response,29,90206,0,P1586,STUDY0009,SESS1517,forced_choice,semantic_blocked,fc_blocked,0,0,category_section_intro,,other
ROW42206,2627,survey-multi-choice,27,88076,0,P1586,STUDY0009,SESS1517,forced_choice,semantic_blocked,fc_blocked,0,"{""Q0"":""material""}",category_organization_2x2,snow,outside
ROW42207,3019,survey-multi-choice,30,93226,0,P1586,STUDY0009,SESS1517,forced_choice,semantic_blocked,fc_blocked,0,"{""Q0"":""color""}",category_organization_2x2,birch,other
ROW42208,1713,survey-multi-choice,32,97216,0,P1586,STUDY0009,SESS1517,forced_choice,semantic_blocked,fc_blocked,0,"{""Q0"":""none of these""}",category_organization_2x2,lavender,attention_check
ROW42209,911,html-button-response,33,98128,0,P1586,STUDY0009,SESS1517,forced_choice,semantic_blocked,fc_blocked,0,0,,,
ROW42210,1921,survey-multi-choice,26,85448,0,P1586,STUDY0009,SESS1517,forced_choice,semantic_blocked,fc_blocked,0,"{""Q0"":""material""}",category_organization_2x2,ladder,outside
ROW42211,184999,instructions,34,283128,0,P1586,STUDY0009,SESS1517,forced_choice,semantic_blocked,fc_blocked,0,,,,
ROW42212,28820,instructions,0,28822,0,P1759,STUDY0009,SESS1488,multi_select,semantic_blocked,ms_blocked,0,,,,
ROW42213,82415,html-button-response,1,111240,0,P1759,STUDY0009,SESS1488,multi_select,semantic_blocked,ms_blocked,0,0,precautions_survey,,
ROW42214,82998,html-button-response,2,194240,0,P1759,STUDY0009,SESS1488,multi_select,semantic_blocked,ms_blocked,0,0,vocabulary_classification_criteria,,
ROW42215,13398,html-button-response,3,207639,0,P1759,STUDY0009,SESS1488,multi_select,semantic_blocked,ms_blocked,0,0,lavender_instruction,,
ROW42216,8044,survey-multi-select,5,221942,0,P1759,STUDY0009,SESS1488,multi_select,semantic_blocked,ms_blocked,0,"{""Q0"":[""none of these""]}",category_organization_2x2,stroller,vehicles
ROW42217,6254,html-button-response,4,213894,0,P1759,STUDY0009,SESS1488,multi_select,semantic_blocked,ms_blocked,0,0,category_section_intro,,vehicles
ROW42218,7918,html-button-response,6,229862,0,P1759,STUDY0009,SESS1488,multi_select,semantic_blocked,ms_blocked,0,0,category_section_intro,,toys
ROW42219,7462,survey-multi-select,7,237326,0,P1759,STUDY0009,SESS1488,multi_select,semantic_blocked,ms_blocked,0,"{""Q0"":[""shape""]}",category_organization_2x2,board game,toys
ROW42220,3589,survey-multi-select,8,240917,0,P1759,STUDY0009,SESS1488,multi_select,semantic_blocked,ms_blocked,0,"{""Q0"":[""color""]}",category_organization_2x2,colors,toys
ROW42221,5589,survey-multi-select,9,246509,0,P1759,STUDY0009,SESS1488,multi_select,semantic_blocked,ms_blocked,0,"{""Q0"":[""material""]}",category_organization_2x2,glue (object),toys
ROW42222,4685,survey-multi-select,10,251196,0,P1759,STUDY0009,SESS1488,multi_select,semantic_blocked,ms_blocked,0,"{""Q0"":[""shape""]}",category_organization_2x2,microphone,toys
ROW42223,2822,html-button-response,11,254020,0,P1759,STUDY0009,SESS1488,multi_select,semantic_blocked,ms_blocked,0,0,category_section_intro,,animals
ROW42224,4926,survey-multi-select,12,258948,0,P1759,STUDY0009,SESS1488,multi_select,semantic_blocked,ms_blocked,0,"{""Q0"":[""none of these""]}",category_organization_2x2,goat,animals
ROW42225,3013,survey-multi-select,13,261964,0,P1759,STUDY0009,SESS1488,multi_select,semantic_blocked,ms_blocked,0,"{""Q0"":[""none of these""]}",category_organization_2x2,sparrow,animals
ROW42226,2343,html-button-response,14,264307,0,P1759,STUDY0009,SESS1488,multi_select,semantic_blocked,ms_blocked,0,0,category_section_intro,,furniture_rooms
ROW42227,3982,survey-multi-select,15,268291,0,P1759,STUDY0009,SESS1488,multi_select,semantic_blocked,ms_blocked,0,"{""Q0"":[""material""]}",category_organization_2x2,gas,furniture_rooms
ROW42229,3070,survey-multi-select,17,277387,0,P1759,STUDY0009,SESS1488,multi_select,semantic_blocked,ms_blocked,0,"{""Q0"":[""material""]}",category_organization_2x2,stool,furniture_rooms
ROW42228,6021,survey-multi-select,16,274315,0,P1759,STUDY0009,SESS1488,multi_select,semantic_blocked,ms_blocked,0,"{""Q0"":[""shape""]}",category_organization_2x2,play pen,furniture_rooms
ROW42230,2942,html-button-response,18,280330,0,P1759,STUDY0009,SESS1488,multi_select,semantic_blocked,ms_blocked,0,0,category_section_intro,,food_drink
ROW42231,3094,survey-multi-select,19,283426,0,P1759,STUDY0009,SESS1488,multi_select,semantic_blocked,ms_blocked,0,"{""Q0"":[""color""]}",category_organization_2x2,beet,food_drink
ROW42232,2461,survey-multi-select,20,285890,0,P1759,STUDY0009,SESS1488,multi_select,semantic_blocked,ms_blocked,0,"{""Q0"":[""shape""]}",category_organization_2x2,egg,food_drink
ROW42233,3566,survey-multi-select,21,289458,0,P1759,STUDY0009,SESS1488,multi_select,semantic_blocked,ms_blocked,0,"{""Q0"":[""material""]}",category_organization_2x2,ice,food_drink
ROW42234,4925,survey-multi-select,22,294385,0,P1759,STUDY0009,SESS1488,multi_select,semantic_blocked,ms_blocked,0,"{""Q0"":[""none of these""]}",category_organization_2x2,peas,food_drink
ROW42235,2718,survey-multi-select,23,297105,0,P1759,STUDY0009,SESS1488,multi_select,semantic_blocked,ms_blocked,0,"{""Q0"":[""material""]}",category_organization_2x2,puree,food_drink
ROW42236,3245,survey-multi-select,24,300353,0,P1759,STUDY0009,SESS1488,multi_select,semantic_blocked,ms_blocked,0,"{""Q0"":[""material""]}",category_organization_2x2,sour cream,food_drink
ROW42237,1686,html-button-response,25,302040,0,P1759,STUDY0009,SESS1488,multi_select,semantic_blocked,ms_blocked,0,0,category_section_intro,,body_parts
ROW42238,4606,survey-multi-select,26,306648,0,P1759,STUDY0009,SESS1488,multi_select,semantic_blocked,ms_blocked,0,"{""Q0"":[""none of these""]}",category_organization_2x2,foot,body_parts
ROW42239,2086,survey-multi-select,27,308736,0,P1759,STUDY0009,SESS1488,multi_select,semantic_blocked,ms_blocked,0,"{""Q0"":[""none of these""]}",category_organization_2x2,mustache,body_parts
ROW42240,2463,html-button-response,28,311200,0,P1759,STUDY0009,SESS1488,multi_select,semantic_blocked,ms_blocked,0,0,category_section_intro,,outside
ROW42241,4694,survey-multi-select,29,315896,0,P1759,STUDY0009,SESS1488,multi_select,semantic_blocked,ms_blocked,0,"{""Q0"":[""none of these""]}",category_organization_2x2,garden,outside
ROW42242,4326,html-button-response,30,320223,0,P1759,STUDY0009,SESS1488,multi_select,semantic_blocked,ms_blocked,0,0,category_section_intro,,other
ROW42243,7757,survey-multi-select,31,327982,0,P1759,STUDY0009,SESS1488,multi_select,semantic_blocked,ms_blocked,0,"{""Q0"":[""none of these""]}",category_organization_2x2,mayonnaise,other
ROW42245,863,html-button-response,33,350388,0,P1759,STUDY0009,SESS1488,multi_select,semantic_blocked,ms_blocked,0,0,,,
ROW42244,21540,survey-multi-select,32,349524,0,P1759,STUDY0009,SESS1488,multi_select,semantic_blocked,ms_blocked,0,"{""Q0"":[""none of these""]}",category_organization_2x2,lavender,attention_check
ROW42246,4463,instructions,34,354852,0,P1759,STUDY0009,SESS1488,multi_select,semantic_blocked,ms_blocked,0,,,,
ROW42247,3935,instructions,0,3937,0,P1066,STUDY0009,SESS1527,forced_choice,random,fc_random,0,,,,
ROW42248,22525,html-button-response,2,33303,0,P1066,STUDY0009,SESS1527,forced_choice,random,fc_random,0,0,vocabulary_classification_criteria,,
ROW42249,11774,html-button-response,3,45079,0,P1066,STUDY0009,SESS1527,forced_choice,random,fc_random,0,0,lavender_instruction,,
ROW42250,6836,html-button-response,1,10775,0,P1066,STUDY0009,SESS1527,forced_choice,random,fc_random,0,0,precautions_survey,,
ROW42251,11334,survey-multi-choice,4,56415,0,P1066,STUDY0009,SESS1527,forced_choice,random,fc_random,0,"{""Q0"":""none of these""}",category_organization_2x2,yogurt,food_drink
ROW42252,6429,survey-multi-choice,5,62847,0,P1066,STUDY0009,SESS1527,forced_choice,random,fc_random,0,"{""Q0"":""color""}",category_organization_2x2,coffee,food_drink
ROW42253,4678,survey-multi-choice,6,67527,0,P1066,STUDY0009,SESS1527,forced_choice,random,fc_random,0,"{""Q0"":""none of these""}",category_organization_2x2,mayonnaise,other
ROW42254,5526,survey-multi-choice,7,73055,0,P1066,STUDY0009,SESS1527,forced_choice,random,fc_random,0,"{""Q0"":""none of these""}",category_organization_2x2,bank,outside
ROW42255,9343,survey-multi-choice,8,82399,0,P1066,STUDY0009,SESS1527,forced_choice,random,fc_random,0,"{""Q0"":""none of these""}",category_organization_2x2,telephone,household
ROW42256,9997,survey-multi-choice,9,92398,0,P1066,STUDY0009,SESS1527,forced_choice,random,fc_random,0,"{""Q0"":""shape""}",category_organization_2x2,sun,outside
ROW42257,4615,survey-multi-choice,10,97015,0,P1066,STUDY0009,SESS1527,forced_choice,random,fc_random,0,"{""Q0"":""color""}",category_organization_2x2,lemonade,other
ROW42258,5902,survey-multi-choice,11,102918,0,P1066,STUDY0009,SESS1527,forced_choice,random,fc_random,0,"{""Q0"":""shape""}",category_organization_2x2,owl,animals
ROW42259,2550,survey-multi-choice,12,105470,0,P1066,STUDY0009,SESS1527,forced_choice,random,fc_random,0,"{""Q0"":""none of these""}",category_organization_2x2,lavender,attention_check
ROW42260,8143,survey-multi-choice,14,124390,0,P1066,STUDY0009,SESS1527,forced_choice,random,fc_random,0,"{""Q0"":""material""}",category_organization_2x2,nugget,food_drink
ROW42261,10774,survey-multi-choice,13,116246,0,P1066,STUDY0009,SESS1527,forced_choice,random,fc_random,0,"{""Q0"":""material""}",category_organization_2x2,video,household
ROW42262,3367,survey-multi-choice,15,127759,0,P1066,STUDY0009,SESS1527,forced_choice,random,fc_random,0,"{""Q0"":""material""}",category_organization_2x2,underpants,clothing
ROW42263,4830,survey-multi-choice,16,132590,0,P1066,STUDY0009,SESS1527,forced_choice,random,fc_random,0,"{""Q0"":""none of these""}",category_organization_2x2,and,other
ROW42264,4095,survey-multi-choice,17,136686,0,P1066,STUDY0009,SESS1527,forced_choice,random,fc_random,0,"{""Q0"":""material""}",category_organization_2x2,cd,household
ROW42266,8550,survey-multi-choice,19,152078,0,P1066,STUDY0009,SESS1527,forced_choice,random,fc_random,0,"{""Q0"":""material""}",category_organization_2x2,pencil,toys
ROW42265,6839,survey-multi-choice,18,143526,0,P1066,STUDY0009,SESS1527,forced_choice,random,fc_random,0,"{""Q0"":""material""}",category_organization_2x2,sprinkler,outside
ROW42267,4479,survey-multi-choice,20,156558,0,P1066,STUDY0009,SESS1527,forced_choice,random,fc_random,0,"{""Q0"":""material""}",category_organization_2x2,iron (object),household
ROW42268,3734,survey-multi-choice,21,160294,0,P1066,STUDY0009,SESS1527,forced_choice,random,fc_random,0,"{""Q0"":""material""}",category_organization_2x2,dustpan,household
ROW42270,3230,survey-multi-choice,23,167278,0,P1066,STUDY0009,SESS1527,forced_choice,random,fc_random,0,"{""Q0"":""material""}",category_organization_2x2,radiator,furniture_rooms
ROW42269,3750,survey-multi-choice,22,164046,0,P1066,STUDY0009,SESS1527,forced_choice,random,fc_random,0,"{""Q0"":""shape""}",category_organization_2x2,cot,other
ROW42271,6135,survey-multi-choice,24,173414,0,P1066,STUDY0009,SESS1527,forced_choice,random,fc_random,0,"{""Q0"":""material""}",category_organization_2x2,raisin,food_drink
ROW42272,1623,html-button-response,25,175038,0,P1066,STUDY0009,SESS1527,forced_choice,random,fc_random,0,0,,,
ROW42273,5063,instructions,26,180102,0,P1066,STUDY0009,SESS1527,forced_choice,random,fc_random,0,,,,
ROW42274,2936,instructions,0,2937,0,P1795,STUDY0009,SESS1532,multi_select,semantic_blocked,ms_blocked,0,,,,
ROW42275,5249,html-button-response,2,10086,0,P1795,STUDY0009,SESS1532,multi_select,semantic_blocked,ms_blocked,0,0,vocabulary_classification_criteria,,
ROW42276,1898,html-button-response,1,4836,0,P1795,STUDY0009,SESS1532,multi_select,semantic_blocked,ms_blocked,0,0,precautions_survey,,
ROW42278,9326,survey-multi-select,5,28146,0,P1795,STUDY0009,SESS1532,multi_select,semantic_blocked,ms_blocked,0,"{""Q0"":[""none of these""]}",category_organization_2x2,skate (object),vehicles
ROW42277,3019,html-button-response,4,18819,0,P1795,STUDY0009,SESS1532,multi_select,semantic_blocked,ms_blocked,0,0,category_section_intro,,vehicles
ROW42279,5713,html-button-response,3,15799,0,P1795,STUDY0009,SESS1532,multi_select,semantic_blocked,ms_blocked,0,0,lavender_instruction,,
ROW42280,2861,html-button-response,7,37115,0,P1795,STUDY0009,SESS1532,multi_select,semantic_blocked,ms_blocked,0,0,category_section_intro,,toys
ROW42281,3727,survey-multi-select,11,54029,0,P1795,STUDY0009,SESS1532,multi_select,semantic_blocked,ms_blocked,0,"{""Q0"":[""shape""]}",category_organization_2x2,eagle,animals
ROW42282,6106,survey-multi-select,6,34254,0,P1795,STUDY0009,SESS1532,multi_select,semantic_blocked,ms_blocked,0,"{""Q0"":[""shape""]}",category_organization_2x2,trolley,vehicles
ROW42283,3910,survey-multi-select,10,50301,0,P1795,STUDY0009,SESS1532,multi_select,semantic_blocked,ms_blocked,0,"{""Q0"":[""shape""]}",category_organization_2x2,dragonfly,animals
ROW42284,7865,survey-multi-select,8,44981,0,P1795,STUDY0009,SESS1532,multi_select,semantic_blocked,ms_blocked,0,"{""Q0"":[""shape"",""material""]}",category_organization_2x2,puppet,toys
ROW42285,1408,html-button-response,9,46390,0,P1795,STUDY0009,SESS1532,multi_select,semantic_blocked,ms_blocked,0,0,category_section_intro,,animals
ROW42286,3735,survey-multi-select,12,57764,0,P1795,STUDY0009,SESS1532,multi_select,semantic_blocked,ms_blocked,0,"{""Q0"":[""shape""]}",category_organization_2x2,mouse,animals
ROW42287,5417,survey-multi-select,14,64380,0,P1795,STUDY0009,SESS1532,multi_select,semantic_blocked,ms_blocked,0,"{""Q0"":[""shape""]}",category_organization_2x2,earring,clothing
ROW42288,3183,survey-multi-select,15,67564,0,P1795,STUDY0009,SESS1532,multi_select,semantic_blocked,ms_blocked,0,"{""Q0"":[""material""]}",category_organization_2x2,sleeve,clothing
ROW42289,1198,html-button-response,13,58963,0,P1795,STUDY0009,SESS1532,multi_select,semantic_blocked,ms_blocked,0,0,category_section_intro,,clothing
ROW42290,1575,html-button-response,16,69140,0,P1795,STUDY0009,SESS1532,multi_select,semantic_blocked,ms_blocked,0,0,category_section_intro,,furniture_rooms
ROW42291,3665,survey-multi-select,17,72806,0,P1795,STUDY0009,SESS1532,multi_select,semantic_blocked,ms_blocked,0,"{""Q0"":[""shape""]}",category_organization_2x2,bed,furniture_rooms
ROW42292,3481,survey-multi-select,18,76288,0,P1795,STUDY0009,SESS1532,multi_select,semantic_blocked,ms_blocked,0,"{""Q0"":[""none of these""]}",category_organization_2x2,elevator,furniture_rooms
ROW42293,4681,survey-multi-select,19,80970,0,P1795,STUDY0009,SESS1532,multi_select,semantic_blocked,ms_blocked,0,"{""Q0"":[""none of these""]}",category_organization_2x2,tv,furniture_rooms
ROW42294,1224,html-button-response,20,82195,0,P1795,STUDY0009,SESS1532,multi_select,semantic_blocked,ms_blocked,0,0,category_section_intro,,food_drink
ROW42295,3665,survey-multi-select,22,90174,0,P1795,STUDY0009,SESS1532,multi_select,semantic_blocked,ms_blocked,0,"{""Q0"":[""material""]}",category_organization_2x2,scallion,food_drink
ROW42296,4313,survey-multi-select,21,86508,0,P1795,STUDY0009,SESS1532,multi_select,semantic_blocked,ms_blocked,0,"{""Q0"":[""material""]}",category_organization_2x2,lettuce,food_drink
ROW42297,1427,html-button-response,23,91601,0,P1795,STUDY0009,SESS1532,multi_select,semantic_blocked,ms_blocked,0,0,category_section_intro,,body_parts
ROW42298,3962,survey-multi-select,24,95564,0,P1795,STUDY0009,SESS1532,multi_select,semantic_blocked,ms_blocked,0,"{""Q0"":[""shape""]}",category_organization_2x2,leg,body_parts
ROW42299,1119,html-button-response,27,101199,0,P1795,STUDY0009,SESS1532,multi_select,semantic_blocked,ms_blocked,0,0,category_section_intro,,outside
ROW42300,2046,html-button-response,29,107744,0,P1795,STUDY0009,SESS1532,multi_select,semantic_blocked,ms_blocked,0,0,category_section_intro,,other
ROW42301,1085,html-button-response,25,96649,0,P1795,STUDY0009,SESS1532,multi_select,semantic_blocked,ms_blocked,0,0,category_section_intro,,household
ROW42302,3430,survey-multi-select,26,100080,0,P1795,STUDY0009,SESS1532,multi_select,semantic_blocked,ms_blocked,0,"{""Q0"":[""material""]}",category_organization_2x2,wood,household
ROW42303,4498,survey-multi-select,28,105697,0,P1795,STUDY0009,SESS1532,multi_select,semantic_blocked,ms_blocked,0,"{""Q0"":[""none of these""]}",category_organization_2x2,accident,outside
ROW42304,3534,survey-multi-select,30,111279,0,P1795,STUDY0009,SESS1532,multi_select,semantic_blocked,ms_blocked,0,"{""Q0"":[""material""]}",category_organization_2x2,baby food,other
ROW42305,2834,survey-multi-select,34,124326,0,P1795,STUDY0009,SESS1532,multi_select,semantic_blocked,ms_blocked,0,"{""Q0"":[""none of these""]}",category_organization_2x2,lavender,attention_check
ROW42306,2755,survey-multi-select,32,117334,0,P1795,STUDY0009,SESS1532,multi_select,semantic_blocked,ms_blocked,0,"{""Q0"":[""none of these""]}",category_organization_2x2,market,other
ROW42307,3299,survey-multi-select,31,114579,0,P1795,STUDY0009,SESS1532,multi_select,semantic_blocked,ms_blocked,0,"{""Q0"":[""none of these""]}",category_organization_2x2,hill,other
ROW42308,4156,survey-multi-select,33,121491,0,P1795,STUDY0009,SESS1532,multi_select,semantic_blocked,ms_blocked,0,"{""Q0"":[""none of these""]}",category_organization_2x2,tie (action),other
ROW42309,1610,html-button-response,35,125936,0,P1795,STUDY0009,SESS1532,multi_select,semantic_blocked,ms_blocked,0,0,,,
ROW42310,1916,instructions,36,127852,0,P1795,STUDY0009,SESS1532,multi_select,semantic_blocked,ms_blocked,0,,,,
ROW42311,5822,html-button-response,1,13426,0,P1813,STUDY0009,SESS1475,forced_choice,semantic_blocked,fc_blocked,0,0,precautions_survey,,
ROW42312,7601,instructions,0,7603,0,P1813,STUDY0009,SESS1475,forced_choice,semantic_blocked,fc_blocked,0,,,,
ROW42313,17214,html-button-response,3,61806,0,P1813,STUDY0009,SESS1475,forced_choice,semantic_blocked,fc_blocked,0,0,lavender_instruction,,
ROW42314,31165,html-button-response,2,44591,0,P1813,STUDY0009,SESS1475,forced_choice,semantic_blocked,fc_blocked,0,0,vocabulary_classification_criteria,,
ROW42315,25995,survey-multi-choice,5,107861,0,P1813,STUDY0009,SESS1475,forced_choice,semantic_blocked,fc_blocked,0,"{""Q0"":""shape""}",category_organization_2x2,kite,toys
ROW42316,20056,html-button-response,4,81863,0,P1813,STUDY0009,SESS1475,forced_choice,semantic_blocked,fc_blocked,0,0,category_section_intro,,toys
ROW42317,19908,survey-multi-choice,6,127769,0,P1813,STUDY0009,SESS1475,forced_choice,semantic_blocked,fc_blocked,0,"{""Q0"":""shape""}",category_organization_2x2,racket,toys
ROW42318,8261,html-button-response,7,136031,0,P1813,STUDY0009,SESS1475,forced_choice,semantic_blocked,fc_blocked,0,0,category_section_intro,,animals
ROW42319,18442,survey-multi-choice,8,154473,0,P1813,STUDY0009,SESS1475,forced_choice,semantic_blocked,fc_blocked,0,"{""Q0"":""shape""}",category_organization_2x2,moose,animals
ROW42320,20974,survey-multi-choice,9,175448,0,P1813,STUDY0009,SESS1475,forced_choice,semantic_blocked,fc_blocked,0,"{""Q0"":""shape""}",category_organization_2x2,penguin,animals
ROW42321,23181,survey-multi-choice,11,206632,0,P1813,STUDY0009,SESS1475,forced_choice,semantic_blocked,fc_blocked,0,"{""Q0"":""shape""}",category_organization_2x2,gloves,clothing
ROW42322,8001,html-button-response,10,183451,0,P1813,STUDY0009,SESS1475,forced_choice,semantic_blocked,fc_blocked,0,0,category_section_intro,,clothing
ROW42323,39164,survey-multi-choice,13,280444,0,P1813,STUDY0009,SESS1475,forced_choice,semantic_blocked,fc_blocked,0,"{""Q0"":""shape""}",category_organization_2x2,air conditioner,furniture_rooms
ROW42324,34647,html-button-response,12,241280,0,P1813,STUDY0009,SESS1475,forced_choice,semantic_blocked,fc_blocked,0,0,category_section_intro,,furniture_rooms
ROW42325,21515,survey-multi-choice,14,301960,0,P1813,STUDY0009,SESS1475,forced_choice,semantic_blocked,fc_blocked,0,"{""Q0"":""none of these""}",category_organization_2x2,kitchen,furniture_rooms
ROW42326,6043,html-button-response,15,308004,0,P1813,STUDY0009,SESS1475,forced_choice,semantic_blocked,fc_blocked,0,0,category_section_intro,,food_drink
ROW42327,21794,survey-multi-choice,17,351595,0,P1813,STUDY0009,SESS1475,forced_choice,semantic_blocked,fc_blocked,0,"{""Q0"":""color""}",category_organization_2x2,peach,food_drink
ROW42328,21795,survey-multi-choice,16,329800,0,P1813,STUDY0009,SESS1475,forced_choice,semantic_blocked,fc_blocked,0,"{""Q0"":""shape""}",category_organization_2x2,kiwi,food_drink
ROW42329,36758,survey-multi-choice,18,388353,0,P1813,STUDY0009,SESS1475,forced_choice,semantic_blocked,fc_blocked,0,"{""Q0"":""none of these""}",category_organization_2x2,soup,food_drink
ROW42330,24947,survey-multi-choice,19,413301,0,P1813,STUDY0009,SESS1475,forced_choice,semantic_blocked,fc_blocked,0,"{""Q0"":""none of these""}",category_organization_2x2,vegetable,food_drink
ROW42331,1970,html-button-response,22,478385,0,P1813,STUDY0009,SESS1475,forced_choice,semantic_blocked,fc_blocked,0,0,category_section_intro,,household
ROW42332,48350,survey-multi-choice,21,476415,0,P1813,STUDY0009,SESS1475,forced_choice,semantic_blocked,fc_blocked,0,"{""Q0"":""shape""}",category_organization_2x2,foot,body_parts
ROW42333,35961,survey-multi-choice,23,514347,0,P1813,STUDY0009,SESS1475,forced_choice,semantic_blocked,fc_blocked,0,"{""Q0"":""shape""}",category_organization_2x2,brush (object),household
ROW42334,14762,html-button-response,20,428063,0,P1813,STUDY0009,SESS1475,forced_choice,semantic_blocked,fc_blocked,0,0,category_section_intro,,body_parts
ROW42335,8973,survey-multi-choice,24,523320,0,P1813,STUDY0009,SESS1475,forced_choice,semantic_blocked,fc_blocked,0,"{""Q0"":""shape""}",category_organization_2x2,spoon,household
ROW42336,11579,html-button-response,25,534899,0,P1813,STUDY0009,SESS1475,forced_choice,semantic_blocked,fc_blocked,0,0,category_section_intro,,outside
ROW42337,12655,survey-multi-choice,26,547556,0,P1813,STUDY0009,SESS1475,forced_choice,semantic_blocked,fc_blocked,0,"{""Q0"":""shape""}",category_organization_2x2,seesaw,outside
ROW42338,5587,survey-multi-choice,27,553144,0,P1813,STUDY0009,SESS1475,forced_choice,semantic_blocked,fc_blocked,0,"{""Q0"":""material""}",category_organization_2x2,stone,outside
ROW42339,29113,survey-multi-choice,29,584063,0,P1813,STUDY0009,SESS1475,forced_choice,semantic_blocked,fc_blocked,0,"{""Q0"":""none of these""}",category_organization_2x2,basement,other
ROW42340,1804,html-button-response,28,554948,0,P1813,STUDY0009,SESS1475,forced_choice,semantic_blocked,fc_blocked,0,0,category_section_intro,,other
ROW42341,35704,survey-multi-choice,30,619767,0,P1813,STUDY0009,SESS1475,forced_choice,semantic_blocked,fc_blocked,0,"{""Q0"":""shape""}",category_organization_2x2,can opener,other
ROW42342,12223,survey-multi-choice,31,631991,0,P1813,STUDY0009,SESS1475,forced_choice,semantic_blocked,fc_blocked,0,"{""Q0"":""shape""}",category_organization_2x2,drain (object),other
ROW42343,37550,survey-multi-choice,32,669541,0,P1813,STUDY0009,SESS1475,forced_choice,semantic_blocked,fc_blocked,0,"{""Q0"":""none of these""}",category_organization_2x2,lawn,other
ROW42344,4952,survey-multi-choice,33,674494,0,P1813,STUDY0009,SESS1475,forced_choice,semantic_blocked,fc_blocked,0,"{""Q0"":""color""}",category_organization_2x2,lavender,attention_check
ROW42345,1793,html-button-response,34,676287,0,P1813,STUDY0009,SESS1475,forced_choice,semantic_blocked,fc_blocked,0,0,,,
ROW42346,7923,instructions,35,684211,0,P1813,STUDY0009,SESS1475,forced_choice,semantic_blocked,fc_blocked,0,,,,
ROW42347,8346,instructions,0,8346,0,P1604,STUDY0009,SESS1525,multi_select,semantic_blocked,ms_blocked,0,,,,
ROW42348,12567,html-button-response,1,20916,0,P1604,STUDY0009,SESS1525,multi_select,semantic_blocked,ms_blocked,0,0,precautions_survey,,
ROW42349,16953,html-button-response,2,37870,0,P1604,STUDY0009,SESS1525,multi_select,semantic_blocked,ms_blocked,0,0,vocabulary_classification_criteria,,
ROW42350,7101,html-button-response,3,44972,0,P1604,STUDY0009,SESS1525,multi_select,semantic_blocked,ms_blocked,0,0,lavender_instruction,,
ROW42351,5984,html-button-response,4,50957,0,P1604,STUDY0009,SESS1525,multi_select,semantic_blocked,ms_blocked,0,0,category_section_intro,,toys
ROW42352,6893,survey-multi-select,5,57856,0,P1604,STUDY0009,SESS1525,multi_select,semantic_blocked,ms_blocked,0,"{""Q0"":[""shape"",""color"",""material""]}",category_organization_2x2,pencil,toys
ROW42353,3819,html-button-response,6,61677,0,P1604,STUDY0009,SESS1525,multi_select,semantic_blocked,ms_blocked,0,0,category_section_intro,,animals
ROW42354,9046,survey-multi-select,7,70725,0,P1604,STUDY0009,SESS1525,multi_select,semantic_blocked,ms_blocked,0,"{""Q0"":[""none of these""]}",category_organization_2x2,owl,animals
ROW42355,12507,html-button-response,8,83233,0,P1604,STUDY0009,SESS1525,multi_select,semantic_blocked,ms_blocked,0,0,category_section_intro,,clothing
ROW42356,6762,survey-multi-select,9,89997,0,P1604,STUDY0009,SESS1525,multi_select,semantic_blocked,ms_blocked,0,"{""Q0"":[""shape"",""material""]}",category_organization_2x2,underpants,clothing
ROW42357,4404,html-button-response,10,94402,0,P1604,STUDY0009,SESS1525,multi_select,semantic_blocked,ms_blocked,0,0,category_section_intro,,furniture_rooms
ROW42358,14053,survey-multi-select,11,108457,0,P1604,STUDY0009,SESS1525,multi_select,semantic_blocked,ms_blocked,0,"{""Q0"":[""none of these""]}",category_organization_2x2,radiator,furniture_rooms
ROW42359,2282,html-button-response,12,110740,0,P1604,STUDY0009,SESS1525,multi_select,semantic_blocked,ms_blocked,0,0,category_section_intro,,food_drink
ROW42360,9285,survey-multi-select,13,120027,0,P1604,STUDY0009,SESS1525,multi_select,semantic_blocked,ms_blocked,0,"{""Q0"":[""color"",""material""]}",category_organization_2x2,coffee,food_drink
ROW42361,12451,survey-multi-select,14,132480,0,P1604,STUDY0009,SESS1525,multi_select,semantic_blocked,ms_blocked,0,"{""Q0"":[""shape""]}",category_organization_2x2,nugget,food_drink
ROW42362,7067,survey-multi-select,15,139549,0,P1604,STUDY0009,SESS1525,multi_select,semantic_blocked,ms_blocked,0,"{""Q0"":[""shape""]}",category_organization_2x2,raisin,food_drink
ROW42363,3812,html-button-response,17,151113,0,P1604,STUDY0009,SESS1525,multi_select,semantic_blocked,ms_blocked,0,0,category_section_intro,,household
ROW42364,7749,survey-multi-select,16,147300,0,P1604,STUDY0009,SESS1525,multi_select,semantic_blocked,ms_blocked,0,"{""Q0"":[""material""]}",category_organization_2x2,yogurt,food_drink
ROW42365,4921,survey-multi-select,18,156036,0,P1604,STUDY0009,SESS1525,multi_select,semantic_blocked,ms_blocked,0,"{""Q0"":[""shape"",""material""]}",category_organization_2x2,cd,household
ROW42366,13103,survey-multi-select,19,169141,0,P1604,STUDY0009,SESS1525,multi_select,semantic_blocked,ms_blocked,0,"{""Q0"":[""shape""]}",category_organization_2x2,dustpan,household
ROW42368,11317,survey-multi-select,20,180461,0,P1604,STUDY0009,SESS1525,multi_select,semantic_blocked,ms_blocked,0,"{""Q0"":[""shape""]}",category_organization_2x2,iron (object),household
ROW42367,6716,survey-multi-select,21,187179,0,P1604,STUDY0009,SESS1525,multi_select,semantic_blocked,ms_blocked,0,"{""Q0"":[""shape""]}",category_organization_2x2,telephone,household
ROW42369,2082,html-button-response,23,196598,0,P1604,STUDY0009,SESS1525,multi_select,semantic_blocked,ms_blocked,0,0,category_section_intro,,outside
ROW42370,7334,survey-multi-select,22,194514,0,P1604,STUDY0009,SESS1525,multi_select,semantic_blocked,ms_blocked,0,"{""Q0"":[""none of these""]}",category_organization_2x2,video,household
ROW42371,9134,survey-multi-select,24,205734,0,P1604,STUDY0009,SESS1525,multi_select,semantic_blocked,ms_blocked,0,"{""Q0"":[""none of these""]}",category_organization_2x2,bank,outside
ROW42372,7550,survey-multi-select,25,213286,0,P1604,STUDY0009,SESS1525,multi_select,semantic_blocked,ms_blocked,0,"{""Q0"":[""none of these""]}",category_organization_2x2,sprinkler,outside
ROW42373,7517,survey-multi-select,26,220805,0,P1604,STUDY0009,SESS1525,multi_select,semantic_blocked,ms_blocked,0,"{""Q0"":[""shape"",""color""]}",category_organization_2x2,sun,outside
ROW42374,3800,html-button-response,27,224606,0,P1604,STUDY0009,SESS1525,multi_select,semantic_blocked,ms_blocked,0,0,category_section_intro,,other
ROW42375,3566,survey-multi-select,28,228174,0,P1604,STUDY0009,SESS1525,multi_select,semantic_blocked,ms_blocked,0,"{""Q0"":[""none of these""]}",category_organization_2x2,and,other
ROW42376,10779,survey-multi-select,29,238955,0,P1604,STUDY0009,SESS1525,multi_select,semantic_blocked,ms_blocked,0,"{""Q0"":[""shape""]}",category_organization_2x2,cot,other
ROW42377,4999,survey-multi-select,30,243957,0,P1604,STUDY0009,SESS1525,multi_select,semantic_blocked,ms_blocked,0,"{""Q0"":[""color"",""material""]}",category_organization_2x2,lemonade,other
ROW42378,8521,survey-multi-select,31,252480,0,P1604,STUDY0009,SESS1525,multi_select,semantic_blocked,ms_blocked,0,"{""Q0"":[""color"",""material""]}",category_organization_2x2,mayonnaise,other
ROW42379,2877,survey-multi-select,32,255359,0,P1604,STUDY0009,SESS1525,multi_select,semantic_blocked,ms_blocked,0,"{""Q0"":[""none of these""]}",category_organization_2x2,lavender,attention_check
ROW42380,2783,instructions,34,278650,0,P1604,STUDY0009,SESS1525,multi_select,semantic_blocked,ms_blocked,0,,,,
ROW42381,20505,html-button-response,33,275866,0,P1604,STUDY0009,SESS1525,multi_select,semantic_blocked,ms_blocked,0,0,,,
ROW42382,8275,html-button-response,1,12101,0,P0133,STUDY0009,SESS1496,multi_select,random,ms_random,0,0,precautions_survey,,
ROW42383,238844,html-button-response,2,250946,0,P0133,STUDY0009,SESS1496,multi_select,random,ms_random,0,0,vocabulary_classification_criteria,,
ROW42384,3824,instructions,0,3825,0,P0133,STUDY0009,SESS1496,multi_select,random,ms_random,0,,,,
ROW42385,6405,survey-multi-select,5,275815,0,P0133,STUDY0009,SESS1496,multi_select,random,ms_random,0,"{""Q0"":[""shape""]}",category_organization_2x2,airplane,vehicles
ROW42386,3686,html-button-response,3,254633,0,P0133,STUDY0009,SESS1496,multi_select,random,ms_random,0,0,lavender_instruction,,
ROW42387,14775,survey-multi-select,4,269409,0,P0133,STUDY0009,SESS1496,multi_select,random,ms_random,0,"{""Q0"":[""shape""]}",category_organization_2x2,hen,animals
ROW42388,8634,survey-multi-select,6,284450,0,P0133,STUDY0009,SESS1496,multi_select,random,ms_random,0,"{""Q0"":[""shape"",""color"",""material""]}",category_organization_2x2,tofu,food_drink
ROW42389,4837,survey-multi-select,7,289288,0,P0133,STUDY0009,SESS1496,multi_select,random,ms_random,0,"{""Q0"":[""shape""]}",category_organization_2x2,ladder,outside
ROW42391,9582,survey-multi-select,9,303609,0,P0133,STUDY0009,SESS1496,multi_select,random,ms_random,0,"{""Q0"":[""color"",""material""]}",category_organization_2x2,snow,outside
ROW42390,4738,survey-multi-select,8,294026,0,P0133,STUDY0009,SESS1496,multi_select,random,ms_random,0,"{""Q0"":[""shape""]}",category_organization_2x2,umbrella,outside
ROW42392,4002,survey-multi-select,10,307613,0,P0133,STUDY0009,SESS1496,multi_select,random,ms_random,0,"{""Q0"":[""shape"",""color""]}",category_organization_2x2,bell,toys
ROW42393,5597,survey-multi-select,11,313211,0,P0133,STUDY0009,SESS1496,multi_select,random,ms_random,0,"{""Q0"":[""shape"",""color""]}",category_organization_2x2,peach,food_drink
ROW42395,5781,survey-multi-select,13,330740,0,P0133,STUDY0009,SESS1496,multi_select,random,ms_random,0,"{""Q0"":[""shape"",""color""]}",category_organization_2x2,cloud,outside
ROW42394,11747,survey-multi-select,12,324959,0,P0133,STUDY0009,SESS1496,multi_select,random,ms_random,0,"{""Q0"":[""shape"",""material""]}",category_organization_2x2,sandwich,food_drink
ROW42396,22305,survey-multi-select,14,353047,0,P0133,STUDY0009,SESS1496,multi_select,random,ms_random,0,"{""Q0"":[""shape"",""color""]}",category_organization_2x2,soda,food_drink
ROW42397,18742,survey-multi-select,15,371789,0,P0133,STUDY0009,SESS1496,multi_select,random,ms_random,0,"{""Q0"":[""shape"",""color""]}",category_organization_2x2,mug,household
ROW42398,8908,survey-multi-select,17,385237,0,P0133,STUDY0009,SESS1496,multi_select,random,ms_random,0,"{""Q0"":[""shape"",""material""]}",category_organization_2x2,shutter,other
ROW42399,4538,survey-multi-select,16,376328,0,P0133,STUDY0009,SESS1496,multi_select,random,ms_random,0,"{""Q0"":[""shape"",""color""]}",category_organization_2x2,living room,furniture_rooms
ROW42400,14225,survey-multi-select,18,399463,0,P0133,STUDY0009,SESS1496,multi_select,random,ms_random,0,"{""Q0"":[""shape"",""color""]}",category_organization_2x2,kimchi,food_drink
ROW42401,5750,survey-multi-select,19,405214,0,P0133,STUDY0009,SESS1496,multi_select,random,ms_random,0,"{""Q0"":[""shape"",""material""]}",category_organization_2x2,doll,toys
ROW42402,4734,survey-multi-select,20,409949,0,P0133,STUDY0009,SESS1496,multi_select,random,ms_random,0,"{""Q0"":[""shape""]}",category_organization_2x2,fly (animal),animals
ROW42403,8190,survey-multi-select,21,418140,0,P0133,STUDY0009,SESS1496,multi_select,random,ms_random,0,"{""Q0"":[""shape"",""color""]}",category_organization_2x2,deer,animals
ROW42405,2688,survey-multi-select,23,428114,0,P0133,STUDY0009,SESS1496,multi_select,random,ms_random,0,"{""Q0"":[""none of these""]}",category_organization_2x2,lavender,attention_check
ROW42404,7285,survey-multi-select,22,425425,0,P0133,STUDY0009,SESS1496,multi_select,random,ms_random,0,"{""Q0"":[""shape"",""color"",""material""]}",category_organization_2x2,birch,other
ROW42406,4790,survey-multi-select,24,432905,0,P0133,STUDY0009,SESS1496,multi_select,random,ms_random,0,"{""Q0"":[""shape"",""color""]}",category_organization_2x2,turtle,animals
ROW42407,1055,html-button-response,25,433961,0,P0133,STUDY0009,SESS1496,multi_select,random,ms_random,0,0,,,
ROW42408,1479,instructions,26,435440,0,P0133,STUDY0009,SESS1496,multi_select,random,ms_random,0,,,,
ROW42409,3141,instructions,0,3142,0,P1677,STUDY0009,SESS1531,forced_choice,semantic_blocked,fc_blocked,0,,,,
ROW42410,12028,html-button-response,1,15171,0,P1677,STUDY0009,SESS1531,forced_choice,semantic_blocked,fc_blocked,0,0,precautions_survey,,
ROW42411,13792,html-button-response,4,57327,0,P1677,STUDY0009,SESS1531,forced_choice,semantic_blocked,fc_blocked,0,0,category_section_intro,,vehicles
ROW42412,19411,html-button-response,2,34582,0,P1677,STUDY0009,SESS1531,forced_choice,semantic_blocked,fc_blocked,0,0,vocabulary_classification_criteria,,
ROW42413,8952,html-button-response,3,43535,0,P1677,STUDY0009,SESS1531,forced_choice,semantic_blocked,fc_blocked,0,0,lavender_instruction,,
ROW42414,13479,survey-multi-choice,5,70807,0,P1677,STUDY0009,SESS1531,forced_choice,semantic_blocked,fc_blocked,0,"{""Q0"":""none of these""}",category_organization_2x2,skate (object),vehicles
ROW42415,7399,survey-multi-choice,6,78208,0,P1677,STUDY0009,SESS1531,forced_choice,semantic_blocked,fc_blocked,0,"{""Q0"":""shape""}",category_organization_2x2,trolley,vehicles
ROW42416,72855,html-button-response,7,151063,0,P1677,STUDY0009,SESS1531,forced_choice,semantic_blocked,fc_blocked,0,0,category_section_intro,,toys
ROW42417,4701,survey-multi-choice,8,155765,0,P1677,STUDY0009,SESS1531,forced_choice,semantic_blocked,fc_blocked,0,"{""Q0"":""material""}",category_organization_2x2,puppet,toys
ROW42418,5812,survey-multi-choice,10,169219,0,P1677,STUDY0009,SESS1531,forced_choice,semantic_blocked,fc_blocked,0,"{""Q0"":""shape""}",category_organization_2x2,dragonfly,animals
ROW42419,7640,html-button-response,9,163406,0,P1677,STUDY0009,SESS1531,forced_choice,semantic_blocked,fc_blocked,0,0,category_section_intro,,animals
ROW42420,4844,survey-multi-choice,11,174063,0,P1677,STUDY0009,SESS1531,forced_choice,semantic_blocked,fc_blocked,0,"{""Q0"":""shape""}",category_organization_2x2,eagle,animals
ROW42421,6121,survey-multi-choice,12,180185,0,P1677,STUDY0009,SESS1531,forced_choice,semantic_blocked,fc_blocked,0,"{""Q0"":""color""}",category_organization_2x2,mouse,animals
ROW42422,2431,html-button-response,13,182617,0,P1677,STUDY0009,SESS1531,forced_choice,semantic_blocked,fc_blocked,0,0,category_section_intro,,clothing
ROW42423,4814,survey-multi-choice,15,197838,0,P1677,STUDY0009,SESS1531,forced_choice,semantic_blocked,fc_blocked,0,"{""Q0"":""material""}",category_organization_2x2,sleeve,clothing
ROW42424,10406,survey-multi-choice,14,193023,0,P1677,STUDY0009,SESS1531,forced_choice,semantic_blocked,fc_blocked,0,"{""Q0"":""material""}",category_organization_2x2,earring,clothing
ROW42425,2489,html-button-response,16,200328,0,P1677,STUDY0009,SESS1531,forced_choice,semantic_blocked,fc_blocked,0,0,category_section_intro,,furniture_rooms
ROW42426,5002,instructions,0,5005,0,P0198,STUDY0009,SESS1533,multi_select,semantic_blocked,ms_blocked,0,,,,
ROW42427,8312,html-button-response,1,13318,0,P0198,STUDY0009,SESS1533,multi_select,semantic_blocked,ms_blocked,0,0,precautions_survey,,
ROW42428,21291,html-button-response,2,34611,0,P0198,STUDY0009,SESS1533,multi_select,semantic_blocked,ms_blocked,0,0,vocabulary_classification_criteria,,
ROW42429,3961,html-button-response,3,38573,0,P0198,STUDY0009,SESS1533,multi_select,semantic_blocked,ms_blocked,0,0,lavender_instruction,,
ROW42430,6877,html-button-response,4,45451,0,P0198,STUDY0009,SESS1533,multi_select,semantic_blocked,ms_blocked,0,0,category_section_intro,,animals
ROW42431,5805,survey-multi-select,5,51268,0,P0198,STUDY0009,SESS1533,multi_select,semantic_blocked,ms_blocked,0,"{""Q0"":[""shape"",""color""]}",category_organization_2x2,wolf,animals
ROW42432,2868,html-button-response,6,54138,0,P0198,STUDY0009,SESS1533,multi_select,semantic_blocked,ms_blocked,0,0,category_section_intro,,clothing
ROW42433,4269,survey-multi-select,7,58409,0,P0198,STUDY0009,SESS1533,multi_select,semantic_blocked,ms_blocked,0,"{""Q0"":[""shape"",""color"",""material""]}",category_organization_2x2,blouse,clothing
ROW42434,3340,html-button-response,8,61750,0,P0198,STUDY0009,SESS1533,multi_select,semantic_blocked,ms_blocked,0,0,category_section_intro,,furniture_rooms
ROW42435,6171,survey-multi-select,9,67923,0,P0198,STUDY0009,SESS1533,multi_select,semantic_blocked,ms_blocked,0,"{""Q0"":[""shape"",""color"",""material""]}",category_organization_2x2,stairs,furniture_rooms
ROW42436,4562,survey-multi-select,10,72487,0,P0198,STUDY0009,SESS1533,multi_select,semantic_blocked,ms_blocked,0,"{""Q0"":[""shape"",""color"",""material""]}",category_organization_2x2,tv,furniture_rooms
ROW42437,4995,html-button-response,11,77483,0,P0198,STUDY0009,SESS1533,multi_select,semantic_blocked,ms_blocked,0,0,category_section_intro,,food_drink
ROW42438,5107,survey-multi-select,12,82592,0,P0198,STUDY0009,SESS1533,multi_select,semantic_blocked,ms_blocked,0,"{""Q0"":[""shape"",""color""]}",category_organization_2x2,corn,food_drink
ROW42439,4762,survey-multi-select,13,87356,0,P0198,STUDY0009,SESS1533,multi_select,semantic_blocked,ms_blocked,0,"{""Q0"":[""color""]}",category_organization_2x2,ketchup,food_drink
ROW42440,5468,survey-multi-select,14,92826,0,P0198,STUDY0009,SESS1533,multi_select,semantic_blocked,ms_blocked,0,"{""Q0"":[""shape"",""color""]}",category_organization_2x2,olive,food_drink
ROW42441,4855,survey-multi-select,15,97683,0,P0198,STUDY0009,SESS1533,multi_select,semantic_blocked,ms_blocked,0,"{""Q0"":[""shape"",""color""]}",category_organization_2x2,peanut,food_drink
ROW42442,3684,survey-multi-select,16,101368,0,P0198,STUDY0009,SESS1533,multi_select,semantic_blocked,ms_blocked,0,"{""Q0"":[""shape"",""color""]}",category_organization_2x2,pudding,food_drink
ROW42443,3665,survey-multi-select,17,105034,0,P0198,STUDY0009,SESS1533,multi_select,semantic_blocked,ms_blocked,0,"{""Q0"":[""shape"",""color""]}",category_organization_2x2,pumpkin,food_drink
ROW42444,4762,survey-multi-select,18,109798,0,P0198,STUDY0009,SESS1533,multi_select,semantic_blocked,ms_blocked,0,"{""Q0"":[""color""]}",category_organization_2x2,sauce,food_drink
ROW42445,3617,survey-multi-select,19,113416,0,P0198,STUDY0009,SESS1533,multi_select,semantic_blocked,ms_blocked,0,"{""Q0"":[""shape"",""color""]}",category_organization_2x2,sweet potato,food_drink
ROW42446,2806,html-button-response,20,116223,0,P0198,STUDY0009,SESS1533,multi_select,semantic_blocked,ms_blocked,0,0,category_section_intro,,household
ROW42447,4404,survey-multi-select,21,120629,0,P0198,STUDY0009,SESS1533,multi_select,semantic_blocked,ms_blocked,0,"{""Q0"":[""shape"",""color"",""material""]}",category_organization_2x2,bag,household
ROW42448,4762,survey-multi-select,22,125393,0,P0198,STUDY0009,SESS1533,multi_select,semantic_blocked,ms_blocked,0,"{""Q0"":[""shape"",""color"",""material""]}",category_organization_2x2,clock,household
ROW42449,5757,survey-multi-select,23,131151,0,P0198,STUDY0009,SESS1533,multi_select,semantic_blocked,ms_blocked,0,"{""Q0"":[""shape"",""color"",""material""]}",category_organization_2x2,iron (object),household
ROW42450,2478,html-button-response,24,133630,0,P0198,STUDY0009,SESS1533,multi_select,semantic_blocked,ms_blocked,0,0,category_section_intro,,outside
ROW42451,4779,survey-multi-select,25,138411,0,P0198,STUDY0009,SESS1533,multi_select,semantic_blocked,ms_blocked,0,"{""Q0"":[""shape"",""color"",""material""]}",category_organization_2x2,icicle,outside
ROW42452,2984,html-button-response,26,141396,0,P0198,STUDY0009,SESS1533,multi_select,semantic_blocked,ms_blocked,0,0,category_section_intro,,other
ROW42453,4919,survey-multi-select,27,146317,0,P0198,STUDY0009,SESS1533,multi_select,semantic_blocked,ms_blocked,0,"{""Q0"":[""color""]}",category_organization_2x2,lemonade,other
ROW42454,4979,survey-multi-select,28,151297,0,P0198,STUDY0009,SESS1533,multi_select,semantic_blocked,ms_blocked,0,"{""Q0"":[""none of these""]}",category_organization_2x2,market,other
ROW42455,5956,survey-multi-select,29,157255,0,P0198,STUDY0009,SESS1533,multi_select,semantic_blocked,ms_blocked,0,"{""Q0"":[""shape"",""color""]}",category_organization_2x2,persimmon,other
ROW42456,3466,survey-multi-select,30,160722,0,P0198,STUDY0009,SESS1533,multi_select,semantic_blocked,ms_blocked,0,"{""Q0"":[""none of these""]}",category_organization_2x2,tie (action),other
ROW42457,2414,survey-multi-select,31,163138,0,P0198,STUDY0009,SESS1533,multi_select,semantic_blocked,ms_blocked,0,"{""Q0"":[""none of these""]}",category_organization_2x2,lavender,attention_check
ROW42458,1360,html-button-response,32,164499,0,P0198,STUDY0009,SESS1533,multi_select,semantic_blocked,ms_blocked,0,0,,,
ROW42459,3488,instructions,33,167987,0,P0198,STUDY0009,SESS1533,multi_select,semantic_blocked,ms_blocked,0,,,,
ROW42460,5953,instructions,0,5958,0,P1785,STUDY0009,SESS1528,forced_choice,random,fc_random,0,,,,
ROW42461,15685,html-button-response,2,25576,0,P1785,STUDY0009,SESS1528,forced_choice,random,fc_random,0,0,vocabulary_classification_criteria,,
ROW42462,3930,html-button-response,1,9891,0,P1785,STUDY0009,SESS1528,forced_choice,random,fc_random,0,0,precautions_survey,,
ROW42463,12300,html-button-response,3,37878,0,P1785,STUDY0009,SESS1528,forced_choice,random,fc_random,0,0,lavender_instruction,,
ROW42464,51545,survey-multi-choice,4,89427,0,P1785,STUDY0009,SESS1528,forced_choice,random,fc_random,0,"{""Q0"":""shape""}",category_organization_2x2,blouse,clothing
ROW42465,22854,survey-multi-choice,5,112282,0,P1785,STUDY0009,SESS1528,forced_choice,random,fc_random,0,"{""Q0"":""shape""}",category_organization_2x2,icicle,outside
ROW42466,19862,survey-multi-choice,6,132146,0,P1785,STUDY0009,SESS1528,forced_choice,random,fc_random,0,"{""Q0"":""none of these""}",category_organization_2x2,tie (action),other
ROW42467,3455,survey-multi-choice,8,142558,0,P1785,STUDY0009,SESS1528,forced_choice,random,fc_random,0,"{""Q0"":""none of these""}",category_organization_2x2,lavender,attention_check
ROW42468,6955,survey-multi-choice,7,139102,0,P1785,STUDY0009,SESS1528,forced_choice,random,fc_random,0,"{""Q0"":""material""}",category_organization_2x2,sweet potato,food_drink
ROW42469,5283,survey-multi-choice,9,147843,0,P1785,STUDY0009,SESS1528,forced_choice,random,fc_random,0,"{""Q0"":""material""}",category_organization_2x2,lemonade,other
ROW42470,5546,survey-multi-choice,10,153390,0,P1785,STUDY0009,SESS1528,forced_choice,random,fc_random,0,"{""Q0"":""none of these""}",category_organization_2x2,clock,household
ROW42471,8680,survey-multi-choice,11,162072,0,P1785,STUDY0009,SESS1528,forced_choice,random,fc_random,0,"{""Q0"":""none of these""}",category_organization_2x2,market,other
ROW42472,7777,html-button-response,3,138698,0,P1708,STUDY0009,SESS1523,multi_select,semantic_blocked,ms_blocked,0,0,lavender_instruction,,
ROW42473,12958,html-button-response,1,43411,0,P1708,STUDY0009,SESS1523,multi_select,semantic_blocked,ms_blocked,0,0,precautions_survey,,
ROW42474,87501,html-button-response,2,130917,0,P1708,STUDY0009,SESS1523,multi_select,semantic_blocked,ms_blocked,0,0,vocabulary_classification_criteria,,
ROW42475,30443,instructions,0,30448,0,P1708,STUDY0009,SESS1523,multi_select,semantic_blocked,ms_blocked,0,,,,
ROW42476,76141,html-button-response,4,214842,0,P1708,STUDY0009,SESS1523,multi_select,semantic_blocked,ms_blocked,0,0,category_section_intro,,vehicles
ROW42477,27141,survey-multi-select,5,242004,0,P1708,STUDY0009,SESS1523,multi_select,semantic_blocked,ms_blocked,0,"{""Q0"":[""shape"",""color"",""material""]}",category_organization_2x2,train,vehicles
ROW42478,9004,html-button-response,6,251013,0,P1708,STUDY0009,SESS1523,multi_select,semantic_blocked,ms_blocked,0,0,category_section_intro,,animals
ROW42479,17867,survey-multi-select,7,268894,0,P1708,STUDY0009,SESS1523,multi_select,semantic_blocked,ms_blocked,0,"{""Q0"":[""shape"",""color""]}",category_organization_2x2,goat,animals
ROW42480,8425,survey-multi-select,8,277325,0,P1708,STUDY0009,SESS1523,multi_select,semantic_blocked,ms_blocked,0,"{""Q0"":[""shape"",""color""]}",category_organization_2x2,lion,animals
ROW42481,29688,survey-multi-select,9,307018,0,P1708,STUDY0009,SESS1523,multi_select,semantic_blocked,ms_blocked,0,"{""Q0"":[""shape"",""color"",""material""]}",category_organization_2x2,sparrow,animals
ROW42482,10207,html-button-response,10,317228,0,P1708,STUDY0009,SESS1523,multi_select,semantic_blocked,ms_blocked,0,0,category_section_intro,,clothing
ROW42483,7142,survey-multi-select,11,324373,0,P1708,STUDY0009,SESS1523,multi_select,semantic_blocked,ms_blocked,0,"{""Q0"":[""color"",""material""]}",category_organization_2x2,pajamas,clothing
ROW42484,2599,html-button-response,12,326975,0,P1708,STUDY0009,SESS1523,multi_select,semantic_blocked,ms_blocked,0,0,category_section_intro,,furniture_rooms
ROW42485,7424,survey-multi-select,13,334405,0,P1708,STUDY0009,SESS1523,multi_select,semantic_blocked,ms_blocked,0,"{""Q0"":[""shape"",""color"",""material""]}",category_organization_2x2,radiator,furniture_rooms
ROW42486,15426,html-button-response,14,349836,0,P1708,STUDY0009,SESS1523,multi_select,semantic_blocked,ms_blocked,0,0,category_section_intro,,food_drink
ROW42487,9236,survey-multi-select,15,359077,0,P1708,STUDY0009,SESS1523,multi_select,semantic_blocked,ms_blocked,0,"{""Q0"":[""shape"",""color""]}",category_organization_2x2,biscuit,food_drink
ROW42488,35290,survey-multi-select,17,402717,0,P1708,STUDY0009,SESS1523,multi_select,semantic_blocked,ms_blocked,0,"{""Q0"":[""shape"",""color""]}",category_organization_2x2,guava,food_drink
ROW42489,8338,survey-multi-select,16,367420,0,P1708,STUDY0009,SESS1523,multi_select,semantic_blocked,ms_blocked,0,"{""Q0"":[""shape"",""color""]}",category_organization_2x2,cheese,food_drink
ROW42490,21826,survey-multi-select,18,424548,0,P1708,STUDY0009,SESS1523,multi_select,semantic_blocked,ms_blocked,0,"{""Q0"":[""shape"",""color""]}",category_organization_2x2,ice cream,food_drink
ROW42491,6983,survey-multi-select,19,431537,0,P1708,STUDY0009,SESS1523,multi_select,semantic_blocked,ms_blocked,0,"{""Q0"":[""shape"",""color""]}",category_organization_2x2,ice cream,food_drink
ROW42492,10959,survey-multi-select,20,442501,0,P1708,STUDY0009,SESS1523,multi_select,semantic_blocked,ms_blocked,0,"{""Q0"":[""color"",""material""]}",category_organization_2x2,kimchi,food_drink
ROW42493,5632,survey-multi-select,21,448139,0,P1708,STUDY0009,SESS1523,multi_select,semantic_blocked,ms_blocked,0,"{""Q0"":[""shape"",""color""]}",category_organization_2x2,peanut,food_drink
ROW42494,4789,survey-multi-select,22,452934,0,P1708,STUDY0009,SESS1523,multi_select,semantic_blocked,ms_blocked,0,"{""Q0"":[""shape"",""color""]}",category_organization_2x2,pear,food_drink
ROW42495,6998,survey-multi-select,23,459938,0,P1708,STUDY0009,SESS1523,multi_select,semantic_blocked,ms_blocked,0,"{""Q0"":[""shape"",""color""]}",category_organization_2x2,sprouts,food_drink
ROW42496,4475,survey-multi-select,24,464418,0,P1708,STUDY0009,SESS1523,multi_select,semantic_blocked,ms_blocked,0,"{""Q0"":[""shape"",""color""]}",category_organization_2x2,strawberry,food_drink
ROW42497,15986,html-button-response,25,480406,0,P1708,STUDY0009,SESS1523,multi_select,semantic_blocked,ms_blocked,0,0,category_section_intro,,outside
ROW42498,6648,survey-multi-select,26,487060,0,P1708,STUDY0009,SESS1523,multi_select,semantic_blocked,ms_blocked,0,"{""Q0"":[""shape"",""color"",""material""]}",category_organization_2x2,flower pot,outside
ROW42499,33084,survey-multi-select,27,520151,0,P1708,STUDY0009,SESS1523,multi_select,semantic_blocked,ms_blocked,0,"{""Q0"":[""shape"",""material""]}",category_organization_2x2,seesaw,outside
ROW42500,6832,survey-multi-select,29,538218,0,P1708,STUDY0009,SESS1523,multi_select,semantic_blocked,ms_blocked,0,"{""Q0"":[""shape"",""color"",""material""]}",category_organization_2x2,can,other
ROW42501,11229,html-button-response,28,531382,0,P1708,STUDY0009,SESS1523,multi_select,semantic_blocked,ms_blocked,0,0,category_section_intro,,other
ROW42502,5441,survey-multi-select,30,543664,0,P1708,STUDY0009,SESS1523,multi_select,semantic_blocked,ms_blocked,0,"{""Q0"":[""shape"",""color""]}",category_organization_2x2,lemonade,other
ROW42503,3416,survey-multi-select,31,547084,0,P1708,STUDY0009,SESS1523,multi_select,semantic_blocked,ms_blocked,0,"{""Q0"":[""none of these""]}",category_organization_2x2,lavender,attention_check
ROW42504,2055,html-button-response,32,549143,0,P1708,STUDY0009,SESS1523,multi_select,semantic_blocked,ms_blocked,0,0,,,
ROW42505,7644,instructions,33,556790,0,P1708,STUDY0009,SESS1523,multi_select,semantic_blocked,ms_blocked,0,,,,
ROW42506,21424,instructions,0,21425,0,P1874,STUDY0009,SESS1535,multi_select,random,ms_random,0,,,,
ROW42507,14032,html-button-response,1,35458,0,P1874,STUDY0009,SESS1535,multi_select,random,ms_random,0,0,precautions_survey,,
ROW42508,7245,survey-multi-select,5,76567,0,P1874,STUDY0009,SESS1535,multi_select,random,ms_random,0,"{""Q0"":[""shape""]}",category_organization_2x2,bookshelf,other
ROW42510,13956,survey-multi-select,4,69321,0,P1874,STUDY0009,SESS1535,multi_select,random,ms_random,0,"{""Q0"":[""color""]}",category_organization_2x2,soy milk,food_drink
ROW42509,14465,html-button-response,2,49923,0,P1874,STUDY0009,SESS1535,multi_select,random,ms_random,0,0,vocabulary_classification_criteria,,
ROW42511,5440,html-button-response,3,55363,0,P1874,STUDY0009,SESS1535,multi_select,random,ms_random,0,0,lavender_instruction,,
ROW42512,9652,html-button-response,2,20887,0,P1496,STUDY0009,SESS1536,multi_select,semantic_blocked,ms_blocked,0,0,vocabulary_classification_criteria,,
ROW42513,10741,survey-multi-select,5,40640,0,P1496,STUDY0009,SESS1536,multi_select,semantic_blocked,ms_blocked,0,"{""Q0"":[""shape""]}",category_organization_2x2,helicopter,vehicles
ROW42514,3363,html-button-response,4,29891,0,P1496,STUDY0009,SESS1536,multi_select,semantic_blocked,ms_blocked,0,0,category_section_intro,,vehicles
ROW42515,5348,instructions,0,5355,0,P1496,STUDY0009,SESS1536,multi_select,semantic_blocked,ms_blocked,0,,,,
ROW42516,5872,html-button-response,1,11232,0,P1496,STUDY0009,SESS1536,multi_select,semantic_blocked,ms_blocked,0,0,precautions_survey,,
ROW42517,5632,html-button-response,3,26523,0,P1496,STUDY0009,SESS1536,multi_select,semantic_blocked,ms_blocked,0,0,lavender_instruction,,
ROW42518,5377,survey-multi-select,7,48802,0,P1496,STUDY0009,SESS1536,multi_select,semantic_blocked,ms_blocked,0,"{""Q0"":[""shape""]}",category_organization_2x2,ball,toys
ROW42519,2777,html-button-response,6,43419,0,P1496,STUDY0009,SESS1536,multi_select,semantic_blocked,ms_blocked,0,0,category_section_intro,,toys
ROW42520,6393,survey-multi-select,8,55201,0,P1496,STUDY0009,SESS1536,multi_select,semantic_blocked,ms_blocked,0,"{""Q0"":[""shape""]}",category_organization_2x2,whistle (object),toys
ROW42521,5855,survey-multi-select,10,62173,0,P1496,STUDY0009,SESS1536,multi_select,semantic_blocked,ms_blocked,0,"{""Q0"":[""shape"",""color""]}",category_organization_2x2,bunny,animals
ROW42522,1109,html-button-response,9,56315,0,P1496,STUDY0009,SESS1536,multi_select,semantic_blocked,ms_blocked,0,0,category_section_intro,,animals
ROW42523,6242,survey-multi-select,11,68421,0,P1496,STUDY0009,SESS1536,multi_select,semantic_blocked,ms_blocked,0,"{""Q0"":[""shape""]}",category_organization_2x2,calf,animals
ROW42524,4619,survey-multi-select,12,73044,0,P1496,STUDY0009,SESS1536,multi_select,semantic_blocked,ms_blocked,0,"{""Q0"":[""shape"",""color""]}",category_organization_2x2,cockroach,animals
ROW42525,3917,survey-multi-select,13,76964,0,P1496,STUDY0009,SESS1536,multi_select,semantic_blocked,ms_blocked,0,"{""Q0"":[""shape"",""color""]}",category_organization_2x2,stork,animals
ROW42526,1341,html-button-response,14,78309,0,P1496,STUDY0009,SESS1536,multi_select,semantic_blocked,ms_blocked,0,0,category_section_intro,,clothing
ROW42527,5123,survey-multi-select,17,88771,0,P1496,STUDY0009,SESS1536,multi_select,semantic_blocked,ms_blocked,0,"{""Q0"":[""shape"",""material""]}",category_organization_2x2,bed,furniture_rooms
ROW42528,1078,html-button-response,16,83644,0,P1496,STUDY0009,SESS1536,multi_select,semantic_blocked,ms_blocked,0,0,category_section_intro,,furniture_rooms
ROW42529,4248,survey-multi-select,15,82563,0,P1496,STUDY0009,SESS1536,multi_select,semantic_blocked,ms_blocked,0,"{""Q0"":[""material""]}",category_organization_2x2,tights,clothing
ROW42530,3796,survey-multi-select,23,107936,0,P1496,STUDY0009,SESS1536,multi_select,semantic_blocked,ms_blocked,0,"{""Q0"":[""shape""]}",category_organization_2x2,candle,household
ROW42532,3902,survey-multi-select,19,93824,0,P1496,STUDY0009,SESS1536,multi_select,semantic_blocked,ms_blocked,0,"{""Q0"":[""shape""]}",category_organization_2x2,muffin,food_drink
ROW42531,3981,survey-multi-select,22,104135,0,P1496,STUDY0009,SESS1536,multi_select,semantic_blocked,ms_blocked,0,"{""Q0"":[""shape"",""material""]}",category_organization_2x2,battery,household
ROW42533,5209,survey-multi-select,20,99038,0,P1496,STUDY0009,SESS1536,multi_select,semantic_blocked,ms_blocked,0,"{""Q0"":[""shape"",""color""]}",category_organization_2x2,onion,food_drink
ROW42534,1110,html-button-response,21,100150,0,P1496,STUDY0009,SESS1536,multi_select,semantic_blocked,ms_blocked,0,0,category_section_intro,,household
ROW42535,1143,html-button-response,18,89917,0,P1496,STUDY0009,SESS1536,multi_select,semantic_blocked,ms_blocked,0,0,category_section_intro,,food_drink
ROW42536,3291,survey-multi-select,27,123961,0,P1496,STUDY0009,SESS1536,multi_select,semantic_blocked,ms_blocked,0,"{""Q0"":[""shape"",""material""]}",category_organization_2x2,knife,household
ROW42537,1714,html-button-response,29,128282,0,P1496,STUDY0009,SESS1536,multi_select,semantic_blocked,ms_blocked,0,0,category_section_intro,,outside
ROW42538,4322,survey-multi-select,26,120665,0,P1496,STUDY0009,SESS1536,multi_select,semantic_blocked,ms_blocked,0,"{""Q0"":[""material""]}",category_organization_2x2,glass,household
ROW42539,2601,survey-multi-select,28,126566,0,P1496,STUDY0009,SESS1536,multi_select,semantic_blocked,ms_blocked,0,"{""Q0"":[""shape""]}",category_organization_2x2,lighter,household
ROW42540,4988,survey-multi-select,25,116341,0,P1496,STUDY0009,SESS1536,multi_select,semantic_blocked,ms_blocked,0,"{""Q0"":[""shape"",""material""]}",category_organization_2x2,fork,household
ROW42541,3404,survey-multi-select,24,111345,0,P1496,STUDY0009,SESS1536,multi_select,semantic_blocked,ms_blocked,0,"{""Q0"":[""shape"",""material""]}",category_organization_2x2,dustpan,household
ROW42542,2544,instructions,35,143943,0,P1496,STUDY0009,SESS1536,multi_select,semantic_blocked,ms_blocked,0,,,,
ROW42543,1346,html-button-response,34,141397,0,P1496,STUDY0009,SESS1536,multi_select,semantic_blocked,ms_blocked,0,0,,,
ROW42544,4277,survey-multi-select,32,137434,0,P1496,STUDY0009,SESS1536,multi_select,semantic_blocked,ms_blocked,0,"{""Q0"":[""color""]}",category_organization_2x2,vanilla,other
ROW42545,2610,survey-multi-select,33,140049,0,P1496,STUDY0009,SESS1536,multi_select,semantic_blocked,ms_blocked,0,"{""Q0"":[""none of these""]}",category_organization_2x2,lavender,attention_check
ROW42546,1066,html-button-response,31,133152,0,P1496,STUDY0009,SESS1536,multi_select,semantic_blocked,ms_blocked,0,0,category_section_intro,,other
ROW42547,3798,survey-multi-select,30,132084,0,P1496,STUDY0009,SESS1536,multi_select,semantic_blocked,ms_blocked,0,"{""Q0"":[""shape""]}",category_organization_2x2,hole,outside
ROW42548,10392,html-button-response,1,68249,0,P1798,STUDY0009,SESS1534,forced_choice,semantic_blocked,fc_blocked,0,0,precautions_survey,,
ROW42549,10895,html-button-response,2,79146,0,P1798,STUDY0009,SESS1534,forced_choice,semantic_blocked,fc_blocked,0,0,vocabulary_classification_criteria,,
ROW42550,57848,instructions,0,57853,0,P1798,STUDY0009,SESS1534,forced_choice,semantic_blocked,fc_blocked,0,,,,
ROW42551,46793,html-button-response,3,125941,0,P1798,STUDY0009,SESS1534,forced_choice,semantic_blocked,fc_blocked,0,0,lavender_instruction,,
ROW42552,11742,html-button-response,4,137685,0,P1798,STUDY0009,SESS1534,forced_choice,semantic_blocked,fc_blocked,0,0,category_section_intro,,vehicles
ROW42553,15434,survey-multi-choice,5,153124,0,P1798,STUDY0009,SESS1534,forced_choice,semantic_blocked,fc_blocked,0,"{""Q0"":""shape""}",category_organization_2x2,jeep,vehicles
ROW42554,5700,survey-multi-choice,6,158827,0,P1798,STUDY0009,SESS1534,forced_choice,semantic_blocked,fc_blocked,0,"{""Q0"":""shape""}",category_organization_2x2,sled,vehicles
ROW42555,7366,html-button-response,7,166194,0,P1798,STUDY0009,SESS1534,forced_choice,semantic_blocked,fc_blocked,0,0,category_section_intro,,clothing
ROW42556,6497,survey-multi-choice,8,172693,0,P1798,STUDY0009,SESS1534,forced_choice,semantic_blocked,fc_blocked,0,"{""Q0"":""material""}",category_organization_2x2,cap,clothing
ROW42557,2196,survey-multi-choice,9,174892,0,P1798,STUDY0009,SESS1534,forced_choice,semantic_blocked,fc_blocked,0,"{""Q0"":""material""}",category_organization_2x2,mask,clothing
ROW42558,1920,survey-multi-choice,10,176815,0,P1798,STUDY0009,SESS1534,forced_choice,semantic_blocked,fc_blocked,0,"{""Q0"":""color""}",category_organization_2x2,tights,clothing
ROW42559,2462,survey-multi-choice,11,179279,0,P1798,STUDY0009,SESS1534,forced_choice,semantic_blocked,fc_blocked,0,"{""Q0"":""color""}",category_organization_2x2,tracksuit,clothing
ROW42560,6146,html-button-response,12,185428,0,P1798,STUDY0009,SESS1534,forced_choice,semantic_blocked,fc_blocked,0,0,category_section_intro,,furniture_rooms
ROW42561,2873,survey-multi-choice,13,188302,0,P1798,STUDY0009,SESS1534,forced_choice,semantic_blocked,fc_blocked,0,"{""Q0"":""shape""}",category_organization_2x2,oven,furniture_rooms
ROW42562,5495,html-button-response,14,193798,0,P1798,STUDY0009,SESS1534,forced_choice,semantic_blocked,fc_blocked,0,0,category_section_intro,,food_drink
ROW42563,1625,survey-multi-choice,17,200731,0,P1798,STUDY0009,SESS1534,forced_choice,semantic_blocked,fc_blocked,0,"{""Q0"":""color""}",category_organization_2x2,soy milk,food_drink
ROW42564,3474,survey-multi-choice,15,197273,0,P1798,STUDY0009,SESS1534,forced_choice,semantic_blocked,fc_blocked,0,"{""Q0"":""color""}",category_organization_2x2,honey,food_drink
ROW42565,1828,survey-multi-choice,16,199104,0,P1798,STUDY0009,SESS1534,forced_choice,semantic_blocked,fc_blocked,0,"{""Q0"":""color""}",category_organization_2x2,jam,food_drink
ROW42566,2925,survey-multi-choice,18,203657,0,P1798,STUDY0009,SESS1534,forced_choice,semantic_blocked,fc_blocked,0,"{""Q0"":""color""}",category_organization_2x2,soy sauce,food_drink
ROW42567,1393,html-button-response,19,205052,0,P1798,STUDY0009,SESS1534,forced_choice,semantic_blocked,fc_blocked,0,0,category_section_intro,,body_parts
ROW42568,2392,survey-multi-choice,20,207446,0,P1798,STUDY0009,SESS1534,forced_choice,semantic_blocked,fc_blocked,0,"{""Q0"":""shape""}",category_organization_2x2,heart,body_parts
ROW42569,3048,html-button-response,21,210495,0,P1798,STUDY0009,SESS1534,forced_choice,semantic_blocked,fc_blocked,0,0,category_section_intro,,household
ROW42570,3520,survey-multi-choice,22,214016,0,P1798,STUDY0009,SESS1534,forced_choice,semantic_blocked,fc_blocked,0,"{""Q0"":""shape""}",category_organization_2x2,teapot,household
ROW42571,3137,survey-multi-choice,23,217156,0,P1798,STUDY0009,SESS1534,forced_choice,semantic_blocked,fc_blocked,0,"{""Q0"":""material""}",category_organization_2x2,voice recorder,household
ROW42572,2426,survey-multi-choice,25,222249,0,P1798,STUDY0009,SESS1534,forced_choice,semantic_blocked,fc_blocked,0,"{""Q0"":""material""}",category_organization_2x2,bookshelf,other
ROW42573,2472,survey-multi-choice,26,224723,0,P1798,STUDY0009,SESS1534,forced_choice,semantic_blocked,fc_blocked,0,"{""Q0"":""shape""}",category_organization_2x2,cradle,other
ROW42574,2064,survey-multi-choice,27,226789,0,P1798,STUDY0009,SESS1534,forced_choice,semantic_blocked,fc_blocked,0,"{""Q0"":""color""}",category_organization_2x2,eraser,other
ROW42575,1681,survey-multi-choice,28,228472,0,P1798,STUDY0009,SESS1534,forced_choice,semantic_blocked,fc_blocked,0,"{""Q0"":""color""}",category_organization_2x2,lemonade,other
ROW42576,6917,survey-multi-choice,29,235391,0,P1798,STUDY0009,SESS1534,forced_choice,semantic_blocked,fc_blocked,0,"{""Q0"":""shape""}",category_organization_2x2,store,other
ROW42577,2663,html-button-response,24,219821,0,P1798,STUDY0009,SESS1534,forced_choice,semantic_blocked,fc_blocked,0,0,category_section_intro,,other
ROW42578,3746,survey-multi-choice,30,239139,0,P1798,STUDY0009,SESS1534,forced_choice,semantic_blocked,fc_blocked,0,"{""Q0"":""shape""}",category_organization_2x2,store,other
ROW42579,1906,survey-multi-choice,31,241046,0,P1798,STUDY0009,SESS1534,forced_choice,semantic_blocked,fc_blocked,0,"{""Q0"":""none of these""}",category_organization_2x2,lavender,attention_check
ROW42580,949,html-button-response,32,241997,0,P1798,STUDY0009,SESS1534,forced_choice,semantic_blocked,fc_blocked,0,0,,,
ROW42581,88480,instructions,33,330478,0,P1798,STUDY0009,SESS1534,forced_choice,semantic_blocked,fc_blocked,0,,,,
ROW42582,3096,instructions,0,3099,0,P0936,STUDY0009,SESS1539,multi_select,random,ms_random,0,,,,
ROW42583,5228,html-button-response,3,16112,0,P0936,STUDY0009,SESS1539,multi_select,random,ms_random,0,0,lavender_instruction,,
ROW42584,6147,survey-multi-select,4,22266,0,P0936,STUDY0009,SESS1539,multi_select,random,ms_random,0,"{""Q0"":[""material""]}",category_organization_2x2,candle,household
ROW42585,1730,html-button-response,1,4832,0,P0936,STUDY0009,SESS1539,multi_select,random,ms_random,0,0,precautions_survey,,
ROW42586,6050,html-button-response,2,10884,0,P0936,STUDY0009,SESS1539,multi_select,random,ms_random,0,0,vocabulary_classification_criteria,,
ROW42587,7516,survey-multi-select,5,29785,0,P0936,STUDY0009,SESS1539,multi_select,random,ms_random,0,"{""Q0"":[""shape""]}",category_organization_2x2,hole,outside
ROW42588,7312,survey-multi-select,6,37100,0,P0936,STUDY0009,SESS1539,multi_select,random,ms_random,0,"{""Q0"":[""shape""]}",category_organization_2x2,helicopter,vehicles
ROW42589,2994,survey-multi-select,7,40097,0,P0936,STUDY0009,SESS1539,multi_select,random,ms_random,0,"{""Q0"":[""none of these""]}",category_organization_2x2,lavender,attention_check
ROW42590,5953,survey-multi-select,8,46052,0,P0936,STUDY0009,SESS1539,multi_select,random,ms_random,0,"{""Q0"":[""shape""]}",category_organization_2x2,dustpan,household
ROW42591,3688,survey-multi-select,9,49744,0,P0936,STUDY0009,SESS1539,multi_select,random,ms_random,0,"{""Q0"":[""material""]}",category_organization_2x2,knife,household
ROW42592,6154,survey-multi-select,11,59723,0,P0936,STUDY0009,SESS1539,multi_select,random,ms_random,0,"{""Q0"":[""shape""]}",category_organization_2x2,stork,animals
ROW42593,3820,survey-multi-select,10,53566,0,P0936,STUDY0009,SESS1539,multi_select,random,ms_random,0,"{""Q0"":[""material""]}",category_organization_2x2,muffin,food_drink
ROW42594,3936,survey-multi-select,12,63661,0,P0936,STUDY0009,SESS1539,multi_select,random,ms_random,0,"{""Q0"":[""shape""]}",category_organization_2x2,ball,toys
ROW42595,7645,survey-multi-select,13,71309,0,P0936,STUDY0009,SESS1539,multi_select,random,ms_random,0,"{""Q0"":[""none of these""]}",category_organization_2x2,lighter,household
ROW42596,4445,survey-multi-select,14,75756,0,P0936,STUDY0009,SESS1539,multi_select,random,ms_random,0,"{""Q0"":[""shape""]}",category_organization_2x2,bunny,animals
ROW42597,9589,survey-multi-select,15,85346,0,P0936,STUDY0009,SESS1539,multi_select,random,ms_random,0,"{""Q0"":[""material""]}",category_organization_2x2,onion,food_drink
ROW42598,4025,survey-multi-select,16,89374,0,P0936,STUDY0009,SESS1539,multi_select,random,ms_random,0,"{""Q0"":[""shape""]}",category_organization_2x2,bed,furniture_rooms
ROW42599,7925,survey-multi-select,17,97301,0,P0936,STUDY0009,SESS1539,multi_select,random,ms_random,0,"{""Q0"":[""shape""]}",category_organization_2x2,whistle (object),toys
ROW42600,3762,survey-multi-select,18,101066,0,P0936,STUDY0009,SESS1539,multi_select,random,ms_random,0,"{""Q0"":[""shape""]}",category_organization_2x2,battery,household
ROW42601,5578,survey-multi-select,19,106645,0,P0936,STUDY0009,SESS1539,multi_select,random,ms_random,0,"{""Q0"":[""color""]}",category_organization_2x2,vanilla,other
ROW42602,5245,survey-multi-select,20,111894,0,P0936,STUDY0009,SESS1539,multi_select,random,ms_random,0,"{""Q0"":[""shape""]}",category_organization_2x2,cockroach,animals
ROW42603,3307,survey-multi-select,21,115203,0,P0936,STUDY0009,SESS1539,multi_select,random,ms_random,0,"{""Q0"":[""shape""]}",category_organization_2x2,tights,clothing
ROW42604,2548,survey-multi-select,22,117754,0,P0936,STUDY0009,SESS1539,multi_select,random,ms_random,0,"{""Q0"":[""shape""]}",category_organization_2x2,fork,household
ROW42605,2625,survey-multi-select,23,120381,0,P0936,STUDY0009,SESS1539,multi_select,random,ms_random,0,"{""Q0"":[""shape""]}",category_organization_2x2,calf,animals
ROW42606,5276,survey-multi-select,24,125659,0,P0936,STUDY0009,SESS1539,multi_select,random,ms_random,0,"{""Q0"":[""material""]}",category_organization_2x2,glass,household
ROW42607,1500,html-button-response,25,127160,0,P0936,STUDY0009,SESS1539,multi_select,random,ms_random,0,0,,,
ROW42608,2359,instructions,26,129519,0,P0936,STUDY0009,SESS1539,multi_select,random,ms_random,0,,,,
ROW42609,2895,instructions,0,2895,0,P0621,STUDY0009,SESS1537,forced_choice,semantic_blocked,fc_blocked,0,,,,
ROW42610,353372,html-button-response,1,356260,0,P0621,STUDY0009,SESS1537,forced_choice,semantic_blocked,fc_blocked,0,0,precautions_survey,,
ROW42611,8399,survey-multi-choice,5,376878,0,P0621,STUDY0009,SESS1537,forced_choice,semantic_blocked,fc_blocked,0,"{""Q0"":""shape""}",category_organization_2x2,helicopter,vehicles
ROW42612,2149,html-button-response,3,365477,0,P0621,STUDY0009,SESS1537,forced_choice,semantic_blocked,fc_blocked,0,0,lavender_instruction,,
ROW42613,7067,html-button-response,2,363327,0,P0621,STUDY0009,SESS1537,forced_choice,semantic_blocked,fc_blocked,0,0,vocabulary_classification_criteria,,
ROW42614,2999,html-button-response,4,368476,0,P0621,STUDY0009,SESS1537,forced_choice,semantic_blocked,fc_blocked,0,0,category_section_intro,,vehicles
ROW42615,2964,html-button-response,6,379843,0,P0621,STUDY0009,SESS1537,forced_choice,semantic_blocked,fc_blocked,0,0,category_section_intro,,toys
ROW42616,5115,survey-multi-choice,8,387659,0,P0621,STUDY0009,SESS1537,forced_choice,semantic_blocked,fc_blocked,0,"{""Q0"":""shape""}",category_organization_2x2,whistle (object),toys
ROW42618,2700,survey-multi-choice,7,382544,0,P0621,STUDY0009,SESS1537,forced_choice,semantic_blocked,fc_blocked,0,"{""Q0"":""shape""}",category_organization_2x2,ball,toys
ROW42617,2882,html-button-response,9,390543,0,P0621,STUDY0009,SESS1537,forced_choice,semantic_blocked,fc_blocked,0,0,category_section_intro,,animals
ROW42619,3198,survey-multi-choice,10,393742,0,P0621,STUDY0009,SESS1537,forced_choice,semantic_blocked,fc_blocked,0,"{""Q0"":""shape""}",category_organization_2x2,bunny,animals
ROW42621,1850,survey-multi-choice,12,397242,0,P0621,STUDY0009,SESS1537,forced_choice,semantic_blocked,fc_blocked,0,"{""Q0"":""shape""}",category_organization_2x2,cockroach,animals
ROW42620,1650,survey-multi-choice,11,395392,0,P0621,STUDY0009,SESS1537,forced_choice,semantic_blocked,fc_blocked,0,"{""Q0"":""shape""}",category_organization_2x2,calf,animals
ROW42622,1432,survey-multi-choice,13,398675,0,P0621,STUDY0009,SESS1537,forced_choice,semantic_blocked,fc_blocked,0,"{""Q0"":""shape""}",category_organization_2x2,stork,animals
ROW42623,1683,html-button-response,16,404126,0,P0621,STUDY0009,SESS1537,forced_choice,semantic_blocked,fc_blocked,0,0,category_section_intro,,furniture_rooms
ROW42626,5783,survey-multi-choice,17,409910,0,P0621,STUDY0009,SESS1537,forced_choice,semantic_blocked,fc_blocked,0,"{""Q0"":""material""}",category_organization_2x2,bed,furniture_rooms
ROW42627,1100,html-button-response,18,411010,0,P0621,STUDY0009,SESS1537,forced_choice,semantic_blocked,fc_blocked,0,0,category_section_intro,,food_drink
ROW42624,2184,survey-multi-choice,15,402443,0,P0621,STUDY0009,SESS1537,forced_choice,semantic_blocked,fc_blocked,0,"{""Q0"":""material""}",category_organization_2x2,tights,clothing
ROW42625,1584,html-button-response,14,400259,0,P0621,STUDY0009,SESS1537,forced_choice,semantic_blocked,fc_blocked,0,0,category_section_intro,,clothing
ROW42628,10415,survey-multi-choice,19,421426,0,P0621,STUDY0009,SESS1537,forced_choice,semantic_blocked,fc_blocked,0,"{""Q0"":""shape""}",category_organization_2x2,muffin,food_drink
ROW42629,3579,survey-multi-choice,22,429108,0,P0621,STUDY0009,SESS1537,forced_choice,semantic_blocked,fc_blocked,0,"{""Q0"":""material""}",category_organization_2x2,battery,household
ROW42630,2998,survey-multi-choice,20,424425,0,P0621,STUDY0009,SESS1537,forced_choice,semantic_blocked,fc_blocked,0,"{""Q0"":""shape""}",category_organization_2x2,onion,food_drink
ROW42631,1102,html-button-response,21,425528,0,P0621,STUDY0009,SESS1537,forced_choice,semantic_blocked,fc_blocked,0,0,category_section_intro,,household
ROW42632,1917,survey-multi-choice,25,435509,0,P0621,STUDY0009,SESS1537,forced_choice,semantic_blocked,fc_blocked,0,"{""Q0"":""shape""}",category_organization_2x2,fork,household
ROW42633,2018,survey-multi-choice,23,431127,0,P0621,STUDY0009,SESS1537,forced_choice,semantic_blocked,fc_blocked,0,"{""Q0"":""material""}",category_organization_2x2,candle,household
ROW42634,2464,survey-multi-choice,24,433591,0,P0621,STUDY0009,SESS1537,forced_choice,semantic_blocked,fc_blocked,0,"{""Q0"":""shape""}",category_organization_2x2,dustpan,household
ROW42636,3266,survey-multi-choice,27,443975,0,P0621,STUDY0009,SESS1537,forced_choice,semantic_blocked,fc_blocked,0,"{""Q0"":""shape""}",category_organization_2x2,knife,household
ROW42638,3083,survey-multi-choice,28,447059,0,P0621,STUDY0009,SESS1537,forced_choice,semantic_blocked,fc_blocked,0,"{""Q0"":""shape""}",category_organization_2x2,lighter,household
ROW42635,5199,survey-multi-choice,26,440709,0,P0621,STUDY0009,SESS1537,forced_choice,semantic_blocked,fc_blocked,0,"{""Q0"":""material""}",category_organization_2x2,glass,household
ROW42637,982,html-button-response,29,448041,0,P0621,STUDY0009,SESS1537,forced_choice,semantic_blocked,fc_blocked,0,0,category_section_intro,,outside
ROW42639,5783,survey-multi-choice,30,453825,0,P0621,STUDY0009,SESS1537,forced_choice,semantic_blocked,fc_blocked,0,"{""Q0"":""none of these""}",category_organization_2x2,hole,outside
ROW42640,1133,html-button-response,31,454958,0,P0621,STUDY0009,SESS1537,forced_choice,semantic_blocked,fc_blocked,0,0,category_section_intro,,other
ROW42641,799,html-button-response,34,464059,0,P0621,STUDY0009,SESS1537,forced_choice,semantic_blocked,fc_blocked,0,0,,,
ROW42642,2183,instructions,35,466243,0,P0621,STUDY0009,SESS1537,forced_choice,semantic_blocked,fc_blocked,0,,,,
ROW42643,2599,survey-multi-choice,33,463259,0,P0621,STUDY0009,SESS1537,forced_choice,semantic_blocked,fc_blocked,0,"{""Q0"":""none of these""}",category_organization_2x2,lavender,attention_check
ROW42644,5700,survey-multi-choice,32,460659,0,P0621,STUDY0009,SESS1537,forced_choice,semantic_blocked,fc_blocked,0,"{""Q0"":""none of these""}",category_organization_2x2,vanilla,other
ROW42645,14795,instructions,0,14796,0,P1870,STUDY0009,SESS1540,forced_choice,random,fc_random,0,,,,
ROW42646,22914,html-button-response,1,37712,0,P1870,STUDY0009,SESS1540,forced_choice,random,fc_random,0,0,precautions_survey,,
ROW42647,43989,html-button-response,2,81702,0,P1870,STUDY0009,SESS1540,forced_choice,random,fc_random,0,0,vocabulary_classification_criteria,,
ROW42648,13857,html-button-response,3,95560,0,P1870,STUDY0009,SESS1540,forced_choice,random,fc_random,0,0,lavender_instruction,,
ROW42649,12244,survey-multi-choice,4,107806,0,P1870,STUDY0009,SESS1540,forced_choice,random,fc_random,0,"{""Q0"":""shape""}",category_organization_2x2,candle,household
ROW42650,7494,survey-multi-choice,5,115302,0,P1870,STUDY0009,SESS1540,forced_choice,random,fc_random,0,"{""Q0"":""shape""}",category_organization_2x2,hole,outside
ROW42651,8832,survey-multi-choice,6,124135,0,P1870,STUDY0009,SESS1540,forced_choice,random,fc_random,0,"{""Q0"":""material""}",category_organization_2x2,helicopter,vehicles
ROW42652,5894,survey-multi-choice,8,137707,0,P1870,STUDY0009,SESS1540,forced_choice,random,fc_random,0,"{""Q0"":""material""}",category_organization_2x2,knife,household
ROW42653,7673,survey-multi-choice,7,131811,0,P1870,STUDY0009,SESS1540,forced_choice,random,fc_random,0,"{""Q0"":""shape""}",category_organization_2x2,dustpan,household
ROW42654,7441,survey-multi-choice,9,145150,0,P1870,STUDY0009,SESS1540,forced_choice,random,fc_random,0,"{""Q0"":""none of these""}",category_organization_2x2,muffin,food_drink
ROW42655,12551,survey-multi-choice,10,157702,0,P1870,STUDY0009,SESS1540,forced_choice,random,fc_random,0,"{""Q0"":""none of these""}",category_organization_2x2,stork,animals
ROW42656,4819,survey-multi-choice,11,162522,0,P1870,STUDY0009,SESS1540,forced_choice,random,fc_random,0,"{""Q0"":""shape""}",category_organization_2x2,ball,toys
ROW42657,6777,survey-multi-choice,17,207295,0,P1870,STUDY0009,SESS1540,forced_choice,random,fc_random,0,"{""Q0"":""none of these""}",category_organization_2x2,battery,household
ROW42658,10685,survey-multi-choice,16,200518,0,P1870,STUDY0009,SESS1540,forced_choice,random,fc_random,0,"{""Q0"":""material""}",category_organization_2x2,whistle (object),toys
ROW42659,4605,survey-multi-choice,15,189832,0,P1870,STUDY0009,SESS1540,forced_choice,random,fc_random,0,"{""Q0"":""material""}",category_organization_2x2,bed,furniture_rooms
ROW42660,6469,survey-multi-choice,14,185226,0,P1870,STUDY0009,SESS1540,forced_choice,random,fc_random,0,"{""Q0"":""material""}",category_organization_2x2,onion,food_drink
ROW42661,10273,survey-multi-choice,13,178756,0,P1870,STUDY0009,SESS1540,forced_choice,random,fc_random,0,"{""Q0"":""none of these""}",category_organization_2x2,bunny,animals
ROW42662,5959,survey-multi-choice,12,168482,0,P1870,STUDY0009,SESS1540,forced_choice,random,fc_random,0,"{""Q0"":""none of these""}",category_organization_2x2,lighter,household
ROW42663,3719,survey-multi-choice,18,211016,0,P1870,STUDY0009,SESS1540,forced_choice,random,fc_random,0,"{""Q0"":""color""}",category_organization_2x2,vanilla,other
ROW42664,4255,survey-multi-choice,20,218172,0,P1870,STUDY0009,SESS1540,forced_choice,random,fc_random,0,"{""Q0"":""none of these""}",category_organization_2x2,cockroach,animals
ROW42665,2899,survey-multi-choice,19,213916,0,P1870,STUDY0009,SESS1540,forced_choice,random,fc_random,0,"{""Q0"":""none of these""}",category_organization_2x2,lavender,attention_check
ROW42666,7231,survey-multi-choice,21,225404,0,P1870,STUDY0009,SESS1540,forced_choice,random,fc_random,0,"{""Q0"":""shape""}",category_organization_2x2,tights,clothing
ROW42667,3685,survey-multi-choice,22,229090,0,P1870,STUDY0009,SESS1540,forced_choice,random,fc_random,0,"{""Q0"":""material""}",category_organization_2x2,fork,household
ROW42668,3566,survey-multi-choice,23,232657,0,P1870,STUDY0009,SESS1540,forced_choice,random,fc_random,0,"{""Q0"":""none of these""}",category_organization_2x2,calf,animals
ROW42669,5445,survey-multi-choice,24,238104,0,P1870,STUDY0009,SESS1540,forced_choice,random,fc_random,0,"{""Q0"":""material""}",category_organization_2x2,glass,household
ROW42670,1905,html-button-response,25,240009,0,P1870,STUDY0009,SESS1540,forced_choice,random,fc_random,0,0,,,
ROW42671,5286,instructions,26,245296,0,P1870,STUDY0009,SESS1540,forced_choice,random,fc_random,0,,,,
ROW42672,2915,instructions,0,2917,0,P1862,STUDY0009,SESS1544,forced_choice,semantic_blocked,fc_blocked,0,,,,
ROW42673,12265,html-button-response,2,17271,0,P1862,STUDY0009,SESS1544,forced_choice,semantic_blocked,fc_blocked,0,0,vocabulary_classification_criteria,,
ROW42674,2520,html-button-response,3,19792,0,P1862,STUDY0009,SESS1544,forced_choice,semantic_blocked,fc_blocked,0,0,lavender_instruction,,
ROW42676,3429,html-button-response,4,23222,0,P1862,STUDY0009,SESS1544,forced_choice,semantic_blocked,fc_blocked,0,0,category_section_intro,,toys
ROW42675,2086,html-button-response,1,5005,0,P1862,STUDY0009,SESS1544,forced_choice,semantic_blocked,fc_blocked,0,0,precautions_survey,,
ROW42677,5337,survey-multi-choice,5,28562,0,P1862,STUDY0009,SESS1544,forced_choice,semantic_blocked,fc_blocked,0,"{""Q0"":""shape""}",category_organization_2x2,kite,toys
ROW42678,3360,html-button-response,6,31923,0,P1862,STUDY0009,SESS1544,forced_choice,semantic_blocked,fc_blocked,0,0,category_section_intro,,animals
ROW42679,6803,survey-multi-choice,7,38728,0,P1862,STUDY0009,SESS1544,forced_choice,semantic_blocked,fc_blocked,0,"{""Q0"":""material""}",category_organization_2x2,calf,animals
ROW42680,4045,survey-multi-choice,8,42775,0,P1862,STUDY0009,SESS1544,forced_choice,semantic_blocked,fc_blocked,0,"{""Q0"":""none of these""}",category_organization_2x2,dog,animals
ROW42681,4151,survey-multi-choice,10,50433,0,P1862,STUDY0009,SESS1544,forced_choice,semantic_blocked,fc_blocked,0,"{""Q0"":""none of these""}",category_organization_2x2,turkey,animals
ROW42682,1098,html-button-response,11,51532,0,P1862,STUDY0009,SESS1544,forced_choice,semantic_blocked,fc_blocked,0,0,category_section_intro,,clothing
ROW42683,3505,survey-multi-choice,9,46282,0,P1862,STUDY0009,SESS1544,forced_choice,semantic_blocked,fc_blocked,0,"{""Q0"":""none of these""}",category_organization_2x2,frog,animals
ROW42684,3352,survey-multi-choice,12,54885,0,P1862,STUDY0009,SESS1544,forced_choice,semantic_blocked,fc_blocked,0,"{""Q0"":""none of these""}",category_organization_2x2,boots,clothing
ROW42685,3817,survey-multi-choice,13,58703,0,P1862,STUDY0009,SESS1544,forced_choice,semantic_blocked,fc_blocked,0,"{""Q0"":""none of these""}",category_organization_2x2,shoe,clothing
ROW42686,1123,html-button-response,14,59827,0,P1862,STUDY0009,SESS1544,forced_choice,semantic_blocked,fc_blocked,0,0,category_section_intro,,furniture_rooms
ROW42687,4306,survey-multi-choice,15,64134,0,P1862,STUDY0009,SESS1544,forced_choice,semantic_blocked,fc_blocked,0,"{""Q0"":""none of these""}",category_organization_2x2,mirror,furniture_rooms
ROW42688,2782,survey-multi-choice,16,66917,0,P1862,STUDY0009,SESS1544,forced_choice,semantic_blocked,fc_blocked,0,"{""Q0"":""none of these""}",category_organization_2x2,porch,furniture_rooms
ROW42689,1082,html-button-response,17,68001,0,P1862,STUDY0009,SESS1544,forced_choice,semantic_blocked,fc_blocked,0,0,category_section_intro,,food_drink
ROW42690,3754,survey-multi-choice,18,71756,0,P1862,STUDY0009,SESS1544,forced_choice,semantic_blocked,fc_blocked,0,"{""Q0"":""none of these""}",category_organization_2x2,bun,food_drink
ROW42691,3171,survey-multi-choice,19,74929,0,P1862,STUDY0009,SESS1544,forced_choice,semantic_blocked,fc_blocked,0,"{""Q0"":""none of these""}",category_organization_2x2,cheese,food_drink
ROW42692,2477,survey-multi-choice,20,77409,0,P1862,STUDY0009,SESS1544,forced_choice,semantic_blocked,fc_blocked,0,"{""Q0"":""none of these""}",category_organization_2x2,popsicle,food_drink
ROW42693,1075,html-button-response,21,78485,0,P1862,STUDY0009,SESS1544,forced_choice,semantic_blocked,fc_blocked,0,0,category_section_intro,,body_parts
ROW42694,3968,survey-multi-choice,22,82454,0,P1862,STUDY0009,SESS1544,forced_choice,semantic_blocked,fc_blocked,0,"{""Q0"":""none of these""}",category_organization_2x2,tail,body_parts
ROW42695,2853,survey-multi-choice,23,85309,0,P1862,STUDY0009,SESS1544,forced_choice,semantic_blocked,fc_blocked,0,"{""Q0"":""none of these""}",category_organization_2x2,vagina,body_parts
ROW42696,1014,html-button-response,24,86324,0,P1862,STUDY0009,SESS1544,forced_choice,semantic_blocked,fc_blocked,0,0,category_section_intro,,household
ROW42697,6238,survey-multi-choice,25,92563,0,P1862,STUDY0009,SESS1544,forced_choice,semantic_blocked,fc_blocked,0,"{""Q0"":""material""}",category_organization_2x2,light (object),household
ROW42698,2861,survey-multi-choice,26,95426,0,P1862,STUDY0009,SESS1544,forced_choice,semantic_blocked,fc_blocked,0,"{""Q0"":""none of these""}",category_organization_2x2,napkin,household
ROW42699,2429,survey-multi-choice,27,97856,0,P1862,STUDY0009,SESS1544,forced_choice,semantic_blocked,fc_blocked,0,"{""Q0"":""none of these""}",category_organization_2x2,neighborhood,household
ROW42701,2415,survey-multi-choice,29,101251,0,P1862,STUDY0009,SESS1544,forced_choice,semantic_blocked,fc_blocked,0,"{""Q0"":""none of these""}",category_organization_2x2,rain,outside
ROW42700,977,html-button-response,28,98834,0,P1862,STUDY0009,SESS1544,forced_choice,semantic_blocked,fc_blocked,0,0,category_section_intro,,outside
ROW42702,964,html-button-response,30,102216,0,P1862,STUDY0009,SESS1544,forced_choice,semantic_blocked,fc_blocked,0,0,category_section_intro,,other
ROW42703,5746,survey-multi-choice,31,107963,0,P1862,STUDY0009,SESS1544,forced_choice,semantic_blocked,fc_blocked,0,"{""Q0"":""material""}",category_organization_2x2,firewood,other
ROW42704,2634,survey-multi-choice,32,110598,0,P1862,STUDY0009,SESS1544,forced_choice,semantic_blocked,fc_blocked,0,"{""Q0"":""none of these""}",category_organization_2x2,time,other
ROW42705,2301,survey-multi-choice,33,112901,0,P1862,STUDY0009,SESS1544,forced_choice,semantic_blocked,fc_blocked,0,"{""Q0"":""none of these""}",category_organization_2x2,lavender,attention_check
ROW42706,1103,html-button-response,34,114005,0,P1862,STUDY0009,SESS1544,forced_choice,semantic_blocked,fc_blocked,0,0,,,
ROW42707,1176,instructions,35,115182,0,P1862,STUDY0009,SESS1544,forced_choice,semantic_blocked,fc_blocked,0,,,,
ROW42708,5946,instructions,0,5948,0,P0117,STUDY0009,SESS1538,multi_select,semantic_blocked,ms_blocked,0,,,,
ROW42709,5450,html-button-response,3,20870,0,P0117,STUDY0009,SESS1538,multi_select,semantic_blocked,ms_blocked,0,0,lavender_instruction,,
ROW42710,2821,html-button-response,2,15419,0,P0117,STUDY0009,SESS1538,multi_select,semantic_blocked,ms_blocked,0,0,vocabulary_classification_criteria,,
ROW42712,5435,html-button-response,4,26305,0,P0117,STUDY0009,SESS1538,multi_select,semantic_blocked,ms_blocked,0,0,category_section_intro,,toys
ROW42711,6649,html-button-response,1,12598,0,P0117,STUDY0009,SESS1538,multi_select,semantic_blocked,ms_blocked,0,0,precautions_survey,,
ROW42713,7881,survey-multi-select,5,34188,0,P0117,STUDY0009,SESS1538,multi_select,semantic_blocked,ms_blocked,0,"{""Q0"":[""shape"",""color"",""material""]}",category_organization_2x2,game,toys
ROW42714,5288,html-button-response,6,39477,0,P0117,STUDY0009,SESS1538,multi_select,semantic_blocked,ms_blocked,0,0,category_section_intro,,animals
ROW42715,11699,survey-multi-select,7,51177,0,P0117,STUDY0009,SESS1538,multi_select,semantic_blocked,ms_blocked,0,"{""Q0"":[""shape"",""color""]}",category_organization_2x2,elephant,animals
ROW42716,4285,html-button-response,8,55463,0,P0117,STUDY0009,SESS1538,multi_select,semantic_blocked,ms_blocked,0,0,category_section_intro,,clothing
ROW42717,2724,html-button-response,10,63787,0,P0117,STUDY0009,SESS1538,multi_select,semantic_blocked,ms_blocked,0,0,category_section_intro,,furniture_rooms
ROW42718,5599,survey-multi-select,9,61063,0,P0117,STUDY0009,SESS1538,multi_select,semantic_blocked,ms_blocked,0,"{""Q0"":[""shape"",""color"",""material""]}",category_organization_2x2,slipper,clothing
ROW42719,10407,survey-multi-select,11,74195,0,P0117,STUDY0009,SESS1538,multi_select,semantic_blocked,ms_blocked,0,"{""Q0"":[""shape""]}",category_organization_2x2,living room,furniture_rooms
ROW42720,7634,survey-multi-select,12,81830,0,P0117,STUDY0009,SESS1538,multi_select,semantic_blocked,ms_blocked,0,"{""Q0"":[""shape"",""color"",""material""]}",category_organization_2x2,radiator,furniture_rooms
ROW42721,8161,survey-multi-select,14,93028,0,P0117,STUDY0009,SESS1538,multi_select,semantic_blocked,ms_blocked,0,"{""Q0"":[""color"",""material""]}",category_organization_2x2,cheese,food_drink
ROW42723,3035,html-button-response,13,84867,0,P0117,STUDY0009,SESS1538,multi_select,semantic_blocked,ms_blocked,0,0,category_section_intro,,food_drink
ROW42722,6190,survey-multi-select,16,106110,0,P0117,STUDY0009,SESS1538,multi_select,semantic_blocked,ms_blocked,0,"{""Q0"":[""shape"",""color"",""material""]}",category_organization_2x2,corn,food_drink
ROW42724,7354,survey-multi-select,17,113466,0,P0117,STUDY0009,SESS1538,multi_select,semantic_blocked,ms_blocked,0,"{""Q0"":[""material""]}",category_organization_2x2,pork,food_drink
ROW42725,6889,survey-multi-select,15,99918,0,P0117,STUDY0009,SESS1538,multi_select,semantic_blocked,ms_blocked,0,"{""Q0"":[""color""]}",category_organization_2x2,coke,food_drink
ROW42726,21471,html-button-response,18,134937,0,P0117,STUDY0009,SESS1538,multi_select,semantic_blocked,ms_blocked,0,0,category_section_intro,,body_parts
ROW42727,6727,survey-multi-select,19,141665,0,P0117,STUDY0009,SESS1538,multi_select,semantic_blocked,ms_blocked,0,"{""Q0"":[""shape""]}",category_organization_2x2,belly button,body_parts
ROW42728,4903,survey-multi-select,20,146569,0,P0117,STUDY0009,SESS1538,multi_select,semantic_blocked,ms_blocked,0,"{""Q0"":[""shape"",""color"",""material""]}",category_organization_2x2,fingernail,body_parts
ROW42729,5719,survey-multi-select,21,152289,0,P0117,STUDY0009,SESS1538,multi_select,semantic_blocked,ms_blocked,0,"{""Q0"":[""shape"",""color"",""material""]}",category_organization_2x2,tongue,body_parts
ROW42730,4734,html-button-response,22,157023,0,P0117,STUDY0009,SESS1538,multi_select,semantic_blocked,ms_blocked,0,0,category_section_intro,,outside
ROW42731,5645,survey-multi-select,23,162669,0,P0117,STUDY0009,SESS1538,multi_select,semantic_blocked,ms_blocked,0,"{""Q0"":[""shape"",""color"",""material""]}",category_organization_2x2,snowman,outside
ROW42732,5039,survey-multi-select,24,167709,0,P0117,STUDY0009,SESS1538,multi_select,semantic_blocked,ms_blocked,0,"{""Q0"":[""shape"",""material""]}",category_organization_2x2,umbrella,outside
ROW42733,9683,html-button-response,25,177393,0,P0117,STUDY0009,SESS1538,multi_select,semantic_blocked,ms_blocked,0,0,category_section_intro,,other
ROW42734,3979,survey-multi-select,26,181373,0,P0117,STUDY0009,SESS1538,multi_select,semantic_blocked,ms_blocked,0,"{""Q0"":[""none of these""]}",category_organization_2x2,and,other
ROW42735,4474,survey-multi-select,28,191762,0,P0117,STUDY0009,SESS1538,multi_select,semantic_blocked,ms_blocked,0,"{""Q0"":[""shape"",""material""]}",category_organization_2x2,cot,other
ROW42736,5913,survey-multi-select,27,187287,0,P0117,STUDY0009,SESS1538,multi_select,semantic_blocked,ms_blocked,0,"{""Q0"":[""shape"",""material""]}",category_organization_2x2,bookshelf,other
ROW42737,4549,survey-multi-select,29,196312,0,P0117,STUDY0009,SESS1538,multi_select,semantic_blocked,ms_blocked,0,"{""Q0"":[""color""]}",category_organization_2x2,mayonnaise,other
ROW42738,5671,survey-multi-select,30,201984,0,P0117,STUDY0009,SESS1538,multi_select,semantic_blocked,ms_blocked,0,"{""Q0"":[""material""]}",category_organization_2x2,salad,other
ROW42739,6265,survey-multi-select,31,208250,0,P0117,STUDY0009,SESS1538,multi_select,semantic_blocked,ms_blocked,0,"{""Q0"":[""material""]}",category_organization_2x2,schnitzel,other
ROW42740,1561,html-button-response,33,228506,0,P0117,STUDY0009,SESS1538,multi_select,semantic_blocked,ms_blocked,0,0,,,
ROW42741,5994,instructions,34,234499,0,P0117,STUDY0009,SESS1538,multi_select,semantic_blocked,ms_blocked,0,,,,
ROW42742,18693,survey-multi-select,32,226944,0,P0117,STUDY0009,SESS1538,multi_select,semantic_blocked,ms_blocked,0,"{""Q0"":[""color"",""material""]}",category_organization_2x2,lavender,attention_check
ROW42743,4639,instructions,0,4640,0,P1756,STUDY0009,SESS1542,multi_select,random,ms_random,0,,,,
ROW42744,31424,html-button-response,2,46026,0,P1756,STUDY0009,SESS1542,multi_select,random,ms_random,0,0,vocabulary_classification_criteria,,
ROW42745,9969,html-button-response,1,14602,0,P1756,STUDY0009,SESS1542,multi_select,random,ms_random,0,0,precautions_survey,,
ROW42746,4825,html-button-response,3,50852,0,P1756,STUDY0009,SESS1542,multi_select,random,ms_random,0,0,lavender_instruction,,
ROW42747,7234,survey-multi-select,5,70548,0,P1756,STUDY0009,SESS1542,multi_select,random,ms_random,0,"{""Q0"":[""shape"",""material""]}",category_organization_2x2,fingernail,body_parts
ROW42748,12459,survey-multi-select,4,63313,0,P1756,STUDY0009,SESS1542,multi_select,random,ms_random,0,"{""Q0"":[""shape"",""material""]}",category_organization_2x2,living room,furniture_rooms
ROW42749,5454,survey-multi-select,6,75996,0,P1756,STUDY0009,SESS1542,multi_select,random,ms_random,0,"{""Q0"":[""color"",""material""]}",category_organization_2x2,mayonnaise,other
ROW42750,5358,survey-multi-select,7,81355,0,P1756,STUDY0009,SESS1542,multi_select,random,ms_random,0,"{""Q0"":[""shape"",""material""]}",category_organization_2x2,cot,other
ROW42751,10679,survey-multi-select,8,92035,0,P1756,STUDY0009,SESS1542,multi_select,random,ms_random,0,"{""Q0"":[""shape"",""color""]}",category_organization_2x2,corn,food_drink
ROW42752,5241,survey-multi-select,9,97276,0,P1756,STUDY0009,SESS1542,multi_select,random,ms_random,0,"{""Q0"":[""shape"",""color""]}",category_organization_2x2,elephant,animals
ROW42753,4628,survey-multi-select,10,101905,0,P1756,STUDY0009,SESS1542,multi_select,random,ms_random,0,"{""Q0"":[""shape""]}",category_organization_2x2,tongue,body_parts
ROW42754,4152,survey-multi-select,11,106057,0,P1756,STUDY0009,SESS1542,multi_select,random,ms_random,0,"{""Q0"":[""material""]}",category_organization_2x2,cheese,food_drink
ROW42756,6343,survey-multi-select,13,117582,0,P1756,STUDY0009,SESS1542,multi_select,random,ms_random,0,"{""Q0"":[""color"",""material""]}",category_organization_2x2,schnitzel,other
ROW42755,5181,survey-multi-select,12,111238,0,P1756,STUDY0009,SESS1542,multi_select,random,ms_random,0,"{""Q0"":[""color"",""material""]}",category_organization_2x2,coke,food_drink
ROW42757,3826,survey-multi-select,14,121409,0,P1756,STUDY0009,SESS1542,multi_select,random,ms_random,0,"{""Q0"":[""shape"",""color""]}",category_organization_2x2,salad,other
ROW42758,4031,survey-multi-select,15,125440,0,P1756,STUDY0009,SESS1542,multi_select,random,ms_random,0,"{""Q0"":[""shape""]}",category_organization_2x2,umbrella,outside
ROW42759,4398,survey-multi-select,16,129839,0,P1756,STUDY0009,SESS1542,multi_select,random,ms_random,0,"{""Q0"":[""none of these""]}",category_organization_2x2,and,other
ROW42760,5689,survey-multi-select,17,135522,0,P1756,STUDY0009,SESS1542,multi_select,random,ms_random,0,"{""Q0"":[""none of these""]}",category_organization_2x2,game,toys
ROW42761,7372,survey-multi-select,18,142895,0,P1756,STUDY0009,SESS1542,multi_select,random,ms_random,0,"{""Q0"":[""color"",""material""]}",category_organization_2x2,pork,food_drink
ROW42762,5316,survey-multi-select,20,153971,0,P1756,STUDY0009,SESS1542,multi_select,random,ms_random,0,"{""Q0"":[""shape""]}",category_organization_2x2,slipper,clothing
ROW42763,5760,survey-multi-select,19,148655,0,P1756,STUDY0009,SESS1542,multi_select,random,ms_random,0,"{""Q0"":[""material""]}",category_organization_2x2,radiator,furniture_rooms
ROW42764,5451,survey-multi-select,21,159423,0,P1756,STUDY0009,SESS1542,multi_select,random,ms_random,0,"{""Q0"":[""shape"",""color"",""material""]}",category_organization_2x2,snowman,outside
ROW42765,1861,survey-multi-select,22,161285,0,P1756,STUDY0009,SESS1542,multi_select,random,ms_random,0,"{""Q0"":[""none of these""]}",category_organization_2x2,lavender,attention_check
ROW42766,930,html-button-response,25,172497,0,P1756,STUDY0009,SESS1542,multi_select,random,ms_random,0,0,,,
ROW42767,4754,survey-multi-select,24,171567,0,P1756,STUDY0009,SESS1542,multi_select,random,ms_random,0,"{""Q0"":[""shape""]}",category_organization_2x2,bookshelf,other
ROW42768,2316,instructions,26,174813,0,P1756,STUDY0009,SESS1542,multi_select,random,ms_random,0,,,,
ROW42769,5526,survey-multi-select,23,166812,0,P1756,STUDY0009,SESS1542,multi_select,random,ms_random,0,"{""Q0"":[""shape""]}",category_organization_2x2,belly button,body_parts
ROW42770,277728,instructions,0,277726,0,P0719,STUDY0009,SESS1541,forced_choice,semantic_blocked,fc_blocked,0,,,,
ROW42771,3591,html-button-response,1,281320,0,P0719,STUDY0009,SESS1541,forced_choice,semantic_blocked,fc_blocked,0,0,precautions_survey,,
ROW42772,18558,html-button-response,2,299879,0,P0719,STUDY0009,SESS1541,forced_choice,semantic_blocked,fc_blocked,0,0,vocabulary_classification_criteria,,
ROW42773,5266,html-button-response,3,305147,0,P0719,STUDY0009,SESS1541,forced_choice,semantic_blocked,fc_blocked,0,0,lavender_instruction,,
ROW42774,5324,html-button-response,4,310472,0,P0719,STUDY0009,SESS1541,forced_choice,semantic_blocked,fc_blocked,0,0,category_section_intro,,toys
ROW42775,4799,survey-multi-choice,5,315274,0,P0719,STUDY0009,SESS1541,forced_choice,semantic_blocked,fc_blocked,0,"{""Q0"":""material""}",category_organization_2x2,game,toys
ROW42776,1490,html-button-response,6,316765,0,P0719,STUDY0009,SESS1541,forced_choice,semantic_blocked,fc_blocked,0,0,category_section_intro,,animals
ROW42777,2736,survey-multi-choice,7,319503,0,P0719,STUDY0009,SESS1541,forced_choice,semantic_blocked,fc_blocked,0,"{""Q0"":""shape""}",category_organization_2x2,elephant,animals
ROW42778,1085,html-button-response,8,320589,0,P0719,STUDY0009,SESS1541,forced_choice,semantic_blocked,fc_blocked,0,0,category_section_intro,,clothing
ROW42779,3021,survey-multi-choice,9,323611,0,P0719,STUDY0009,SESS1541,forced_choice,semantic_blocked,fc_blocked,0,"{""Q0"":""color""}",category_organization_2x2,slipper,clothing
ROW42780,1024,html-button-response,10,324637,0,P0719,STUDY0009,SESS1541,forced_choice,semantic_blocked,fc_blocked,0,0,category_section_intro,,furniture_rooms
ROW42781,2761,survey-multi-choice,11,327399,0,P0719,STUDY0009,SESS1541,forced_choice,semantic_blocked,fc_blocked,0,"{""Q0"":""material""}",category_organization_2x2,living room,furniture_rooms
ROW42782,3680,survey-multi-choice,12,331081,0,P0719,STUDY0009,SESS1541,forced_choice,semantic_blocked,fc_blocked,0,"{""Q0"":""material""}",category_organization_2x2,radiator,furniture_rooms
ROW42783,817,html-button-response,13,331899,0,P0719,STUDY0009,SESS1541,forced_choice,semantic_blocked,fc_blocked,0,0,category_section_intro,,food_drink
ROW42784,3101,survey-multi-choice,14,335001,0,P0719,STUDY0009,SESS1541,forced_choice,semantic_blocked,fc_blocked,0,"{""Q0"":""color""}",category_organization_2x2,cheese,food_drink
ROW42785,1529,survey-multi-choice,15,336531,0,P0719,STUDY0009,SESS1541,forced_choice,semantic_blocked,fc_blocked,0,"{""Q0"":""color""}",category_organization_2x2,coke,food_drink
ROW42786,1305,survey-multi-choice,16,337837,0,P0719,STUDY0009,SESS1541,forced_choice,semantic_blocked,fc_blocked,0,"{""Q0"":""shape""}",category_organization_2x2,corn,food_drink
ROW42787,1659,survey-multi-choice,17,339497,0,P0719,STUDY0009,SESS1541,forced_choice,semantic_blocked,fc_blocked,0,"{""Q0"":""material""}",category_organization_2x2,pork,food_drink
ROW42788,851,html-button-response,18,340349,0,P0719,STUDY0009,SESS1541,forced_choice,semantic_blocked,fc_blocked,0,0,category_section_intro,,body_parts
ROW42789,1392,survey-multi-choice,19,341743,0,P0719,STUDY0009,SESS1541,forced_choice,semantic_blocked,fc_blocked,0,"{""Q0"":""shape""}",category_organization_2x2,belly button,body_parts
ROW42790,1653,survey-multi-choice,20,343397,0,P0719,STUDY0009,SESS1541,forced_choice,semantic_blocked,fc_blocked,0,"{""Q0"":""color""}",category_organization_2x2,fingernail,body_parts
ROW42791,1560,survey-multi-choice,21,344959,0,P0719,STUDY0009,SESS1541,forced_choice,semantic_blocked,fc_blocked,0,"{""Q0"":""shape""}",category_organization_2x2,tongue,body_parts
ROW42792,2191,html-button-response,22,347151,0,P0719,STUDY0009,SESS1541,forced_choice,semantic_blocked,fc_blocked,0,0,category_section_intro,,outside
ROW42793,1142,survey-multi-choice,23,348294,0,P0719,STUDY0009,SESS1541,forced_choice,semantic_blocked,fc_blocked,0,"{""Q0"":""material""}",category_organization_2x2,snowman,outside
ROW42794,1244,survey-multi-choice,24,349539,0,P0719,STUDY0009,SESS1541,forced_choice,semantic_blocked,fc_blocked,0,"{""Q0"":""material""}",category_organization_2x2,umbrella,outside
ROW42795,701,html-button-response,25,350240,0,P0719,STUDY0009,SESS1541,forced_choice,semantic_blocked,fc_blocked,0,0,category_section_intro,,other
ROW42796,1021,survey-multi-choice,26,351263,0,P0719,STUDY0009,SESS1541,forced_choice,semantic_blocked,fc_blocked,0,"{""Q0"":""color""}",category_organization_2x2,and,other
ROW42797,1467,survey-multi-choice,27,352731,0,P0719,STUDY0009,SESS1541,forced_choice,semantic_blocked,fc_blocked,0,"{""Q0"":""material""}",category_organization_2x2,bookshelf,other
ROW42798,1265,survey-multi-choice,28,353996,0,P0719,STUDY0009,SESS1541,forced_choice,semantic_blocked,fc_blocked,0,"{""Q0"":""color""}",category_organization_2x2,cot,other
ROW42799,1066,survey-multi-choice,29,355063,0,P0719,STUDY0009,SESS1541,forced_choice,semantic_blocked,fc_blocked,0,"{""Q0"":""shape""}",category_organization_2x2,mayonnaise,other
ROW42800,1426,survey-multi-choice,30,356490,0,P0719,STUDY0009,SESS1541,forced_choice,semantic_blocked,fc_blocked,0,"{""Q0"":""material""}",category_organization_2x2,salad,other
ROW42801,970,survey-multi-choice,31,357461,0,P0719,STUDY0009,SESS1541,forced_choice,semantic_blocked,fc_blocked,0,"{""Q0"":""color""}",category_organization_2x2,schnitzel,other
ROW42802,1601,survey-multi-choice,32,359063,0,P0719,STUDY0009,SESS1541,forced_choice,semantic_blocked,fc_blocked,0,"{""Q0"":""shape""}",category_organization_2x2,lavender,attention_check
ROW42803,1128,instructions,34,360937,0,P0719,STUDY0009,SESS1541,forced_choice,semantic_blocked,fc_blocked,0,,,,
ROW42804,744,html-button-response,33,359808,0,P0719,STUDY0009,SESS1541,forced_choice,semantic_blocked,fc_blocked,0,0,,,
ROW42805,5703,survey-multi-select,4,30512,0,P1854,STUDY0009,SESS1545,multi_select,random,ms_random,0,"{""Q0"":[""material""]}",category_organization_2x2,light (object),household
ROW42806,4346,html-button-response,1,14883,0,P1854,STUDY0009,SESS1545,multi_select,random,ms_random,0,0,precautions_survey,,
ROW42807,4340,html-button-response,3,24802,0,P1854,STUDY0009,SESS1545,multi_select,random,ms_random,0,0,lavender_instruction,,
ROW42808,10529,instructions,0,10534,0,P1854,STUDY0009,SESS1545,multi_select,random,ms_random,0,,,,
ROW42809,5577,html-button-response,2,20461,0,P1854,STUDY0009,SESS1545,multi_select,random,ms_random,0,0,vocabulary_classification_criteria,,
ROW42810,8885,survey-multi-select,5,39399,0,P1854,STUDY0009,SESS1545,multi_select,random,ms_random,0,"{""Q0"":[""shape""]}",category_organization_2x2,tail,body_parts
ROW42811,4187,survey-multi-select,7,45709,0,P1854,STUDY0009,SESS1545,multi_select,random,ms_random,0,"{""Q0"":[""shape""]}",category_organization_2x2,napkin,household
ROW42812,3823,survey-multi-select,8,49539,0,P1854,STUDY0009,SESS1545,multi_select,random,ms_random,0,"{""Q0"":[""material""]}",category_organization_2x2,turkey,animals
ROW42814,6894,survey-multi-select,11,67510,0,P1854,STUDY0009,SESS1545,multi_select,random,ms_random,0,"{""Q0"":[""shape"",""material""]}",category_organization_2x2,popsicle,food_drink
ROW42813,2112,survey-multi-select,6,41516,0,P1854,STUDY0009,SESS1545,multi_select,random,ms_random,0,"{""Q0"":[""none of these""]}",category_organization_2x2,lavender,attention_check
ROW42815,3647,survey-multi-select,10,60613,0,P1854,STUDY0009,SESS1545,multi_select,random,ms_random,0,"{""Q0"":[""shape"",""material""]}",category_organization_2x2,shoe,clothing
ROW42816,7418,survey-multi-select,9,56960,0,P1854,STUDY0009,SESS1545,multi_select,random,ms_random,0,"{""Q0"":[""material""]}",category_organization_2x2,firewood,other
ROW42817,7809,survey-multi-select,12,75321,0,P1854,STUDY0009,SESS1545,multi_select,random,ms_random,0,"{""Q0"":[""none of these""]}",category_organization_2x2,neighborhood,household
ROW42818,6434,survey-multi-select,14,106997,0,P1854,STUDY0009,SESS1545,multi_select,random,ms_random,0,"{""Q0"":[""shape""]}",category_organization_2x2,vagina,body_parts
ROW42819,25235,survey-multi-select,13,100562,0,P1854,STUDY0009,SESS1545,multi_select,random,ms_random,0,"{""Q0"":[""shape"",""material""]}",category_organization_2x2,bun,food_drink
ROW42820,5823,survey-multi-select,16,115173,0,P1854,STUDY0009,SESS1545,multi_select,random,ms_random,0,"{""Q0"":[""material""]}",category_organization_2x2,porch,furniture_rooms
ROW42821,3165,survey-multi-select,17,118342,0,P1854,STUDY0009,SESS1545,multi_select,random,ms_random,0,"{""Q0"":[""material""]}",category_organization_2x2,rain,outside
ROW42822,2340,survey-multi-select,15,109345,0,P1854,STUDY0009,SESS1545,multi_select,random,ms_random,0,"{""Q0"":[""none of these""]}",category_organization_2x2,time,other
ROW42823,5702,survey-multi-select,18,124049,0,P1854,STUDY0009,SESS1545,multi_select,random,ms_random,0,"{""Q0"":[""shape"",""material""]}",category_organization_2x2,kite,toys
ROW42824,2926,survey-multi-select,22,151627,0,P1854,STUDY0009,SESS1545,multi_select,random,ms_random,0,"{""Q0"":[""material""]}",category_organization_2x2,cheese,food_drink
ROW42825,17160,survey-multi-select,20,145190,0,P1854,STUDY0009,SESS1545,multi_select,random,ms_random,0,"{""Q0"":[""none of these""]}",category_organization_2x2,frog,animals
ROW42826,10714,survey-multi-select,23,162344,0,P1854,STUDY0009,SESS1545,multi_select,random,ms_random,0,"{""Q0"":[""none of these""]}",category_organization_2x2,calf,animals
ROW42827,3972,survey-multi-select,19,128026,0,P1854,STUDY0009,SESS1545,multi_select,random,ms_random,0,"{""Q0"":[""shape""]}",category_organization_2x2,dog,animals
ROW42828,3500,survey-multi-select,21,148696,0,P1854,STUDY0009,SESS1545,multi_select,random,ms_random,0,"{""Q0"":[""shape"",""material""]}",category_organization_2x2,mirror,furniture_rooms
ROW42829,1183,html-button-response,25,165412,0,P1854,STUDY0009,SESS1545,multi_select,random,ms_random,0,0,,,
ROW42830,1878,survey-multi-select,24,164228,0,P1854,STUDY0009,SESS1545,multi_select,random,ms_random,0,"{""Q0"":[""material""]}",category_organization_2x2,boots,clothing
ROW42831,2074,instructions,26,167487,0,P1854,STUDY0009,SESS1545,multi_select,random,ms_random,0,,,,
ROW42832,2729,instructions,0,2732,0,P1513,STUDY0009,SESS1546,forced_choice,random,fc_random,0,,,,
ROW42833,41245,html-button-response,1,43979,0,P1513,STUDY0009,SESS1546,forced_choice,random,fc_random,0,0,precautions_survey,,
ROW42834,37585,html-button-response,2,81565,0,P1513,STUDY0009,SESS1546,forced_choice,random,fc_random,0,0,vocabulary_classification_criteria,,
ROW42835,13999,survey-multi-choice,4,103746,0,P1513,STUDY0009,SESS1546,forced_choice,random,fc_random,0,"{""Q0"":""material""}",category_organization_2x2,light (object),household
ROW42836,6812,survey-multi-choice,5,110560,0,P1513,STUDY0009,SESS1546,forced_choice,random,fc_random,0,"{""Q0"":""shape""}",category_organization_2x2,tail,body_parts
ROW42837,8179,html-button-response,3,89745,0,P1513,STUDY0009,SESS1546,forced_choice,random,fc_random,0,0,lavender_instruction,,
ROW42838,4647,survey-multi-choice,6,115208,0,P1513,STUDY0009,SESS1546,forced_choice,random,fc_random,0,"{""Q0"":""material""}",category_organization_2x2,napkin,household
ROW42839,5139,survey-multi-choice,7,120349,0,P1513,STUDY0009,SESS1546,forced_choice,random,fc_random,0,"{""Q0"":""shape""}",category_organization_2x2,turkey,animals
ROW42840,6480,survey-multi-choice,8,126829,0,P1513,STUDY0009,SESS1546,forced_choice,random,fc_random,0,"{""Q0"":""material""}",category_organization_2x2,firewood,other
ROW42841,3906,survey-multi-choice,9,130737,0,P1513,STUDY0009,SESS1546,forced_choice,random,fc_random,0,"{""Q0"":""shape""}",category_organization_2x2,shoe,clothing
ROW42842,10117,survey-multi-choice,11,144549,0,P1513,STUDY0009,SESS1546,forced_choice,random,fc_random,0,"{""Q0"":""none of these""}",category_organization_2x2,neighborhood,household
ROW42843,3693,survey-multi-choice,10,134431,0,P1513,STUDY0009,SESS1546,forced_choice,random,fc_random,0,"{""Q0"":""shape""}",category_organization_2x2,popsicle,food_drink
ROW42844,3065,survey-multi-choice,12,147615,0,P1513,STUDY0009,SESS1546,forced_choice,random,fc_random,0,"{""Q0"":""shape""}",category_organization_2x2,bun,food_drink
ROW42845,2340,survey-multi-choice,13,149956,0,P1513,STUDY0009,SESS1546,forced_choice,random,fc_random,0,"{""Q0"":""none of these""}",category_organization_2x2,lavender,attention_check
ROW42846,3655,survey-multi-choice,14,153611,0,P1513,STUDY0009,SESS1546,forced_choice,random,fc_random,0,"{""Q0"":""shape""}",category_organization_2x2,vagina,body_parts
ROW42847,6831,survey-multi-choice,15,160444,0,P1513,STUDY0009,SESS1546,forced_choice,random,fc_random,0,"{""Q0"":""none of these""}",category_organization_2x2,time,other
ROW42848,4159,survey-multi-choice,16,164604,0,P1513,STUDY0009,SESS1546,forced_choice,random,fc_random,0,"{""Q0"":""shape""}",category_organization_2x2,porch,furniture_rooms
ROW42849,5083,survey-multi-choice,17,169688,0,P1513,STUDY0009,SESS1546,forced_choice,random,fc_random,0,"{""Q0"":""shape""}",category_organization_2x2,rain,outside
ROW42850,4466,survey-multi-choice,19,176836,0,P1513,STUDY0009,SESS1546,forced_choice,random,fc_random,0,"{""Q0"":""shape""}",category_organization_2x2,dog,animals
ROW42851,2680,survey-multi-choice,18,172369,0,P1513,STUDY0009,SESS1546,forced_choice,random,fc_random,0,"{""Q0"":""shape""}",category_organization_2x2,kite,toys
ROW42852,2778,survey-multi-choice,20,179616,0,P1513,STUDY0009,SESS1546,forced_choice,random,fc_random,0,"{""Q0"":""shape""}",category_organization_2x2,frog,animals
ROW42853,4445,survey-multi-choice,21,184062,0,P1513,STUDY0009,SESS1546,forced_choice,random,fc_random,0,"{""Q0"":""material""}",category_organization_2x2,mirror,furniture_rooms
ROW42854,4697,survey-multi-choice,22,188760,0,P1513,STUDY0009,SESS1546,forced_choice,random,fc_random,0,"{""Q0"":""material""}",category_organization_2x2,cheese,food_drink
ROW42855,3537,survey-multi-choice,23,192297,0,P1513,STUDY0009,SESS1546,forced_choice,random,fc_random,0,"{""Q0"":""material""}",category_organization_2x2,calf,animals
ROW42856,2781,survey-multi-choice,24,195079,0,P1513,STUDY0009,SESS1546,forced_choice,random,fc_random,0,"{""Q0"":""shape""}",category_organization_2x2,boots,clothing
ROW42857,1334,html-button-response,25,196414,0,P1513,STUDY0009,SESS1546,forced_choice,random,fc_random,0,0,,,
ROW42858,3143,instructions,26,199558,0,P1513,STUDY0009,SESS1546,forced_choice,random,fc_random,0,,,,
ROW42859,6828,instructions,0,6835,0,P1894,STUDY0009,SESS1543,forced_choice,random,fc_random,0,,,,
ROW42860,5856,html-button-response,1,12694,0,P1894,STUDY0009,SESS1543,forced_choice,random,fc_random,0,0,precautions_survey,,
ROW42861,7769,html-button-response,2,20465,0,P1894,STUDY0009,SESS1543,forced_choice,random,fc_random,0,0,vocabulary_classification_criteria,,
ROW42862,10386,html-button-response,3,30856,0,P1894,STUDY0009,SESS1543,forced_choice,random,fc_random,0,0,lavender_instruction,,
ROW42863,21239,survey-multi-choice,5,93960,0,P1894,STUDY0009,SESS1543,forced_choice,random,fc_random,0,"{""Q0"":""none of these""}",category_organization_2x2,fingernail,body_parts
ROW42864,41848,survey-multi-choice,4,72717,0,P1894,STUDY0009,SESS1543,forced_choice,random,fc_random,0,"{""Q0"":""none of these""}",category_organization_2x2,living room,furniture_rooms
ROW42865,21052,survey-multi-choice,6,115021,0,P1894,STUDY0009,SESS1543,forced_choice,random,fc_random,0,"{""Q0"":""none of these""}",category_organization_2x2,mayonnaise,other
ROW42866,3880,survey-multi-choice,10,189379,0,P1894,STUDY0009,SESS1543,forced_choice,random,fc_random,0,"{""Q0"":""none of these""}",category_organization_2x2,lavender,attention_check
ROW42867,28722,survey-multi-choice,7,143751,0,P1894,STUDY0009,SESS1543,forced_choice,random,fc_random,0,"{""Q0"":""none of these""}",category_organization_2x2,cot,other
ROW42868,20143,survey-multi-choice,8,163902,0,P1894,STUDY0009,SESS1543,forced_choice,random,fc_random,0,"{""Q0"":""none of these""}",category_organization_2x2,corn,food_drink
ROW42869,17130,survey-multi-choice,11,206513,0,P1894,STUDY0009,SESS1543,forced_choice,random,fc_random,0,"{""Q0"":""none of these""}",category_organization_2x2,tongue,body_parts
ROW42870,21589,survey-multi-choice,9,185494,0,P1894,STUDY0009,SESS1543,forced_choice,random,fc_random,0,"{""Q0"":""none of these""}",category_organization_2x2,elephant,animals
ROW42871,18780,survey-multi-choice,12,225296,0,P1894,STUDY0009,SESS1543,forced_choice,random,fc_random,0,"{""Q0"":""none of these""}",category_organization_2x2,cheese,food_drink
ROW42872,18853,survey-multi-choice,13,244154,0,P1894,STUDY0009,SESS1543,forced_choice,random,fc_random,0,"{""Q0"":""none of these""}",category_organization_2x2,coke,food_drink
ROW42873,20340,survey-multi-choice,16,306237,0,P1894,STUDY0009,SESS1543,forced_choice,random,fc_random,0,"{""Q0"":""none of these""}",category_organization_2x2,umbrella,outside
ROW42874,21302,survey-multi-choice,14,265461,0,P1894,STUDY0009,SESS1543,forced_choice,random,fc_random,0,"{""Q0"":""none of these""}",category_organization_2x2,schnitzel,other
ROW42875,20426,survey-multi-choice,15,285892,0,P1894,STUDY0009,SESS1543,forced_choice,random,fc_random,0,"{""Q0"":""none of these""}",category_organization_2x2,salad,other
ROW42876,19589,survey-multi-choice,17,325830,0,P1894,STUDY0009,SESS1543,forced_choice,random,fc_random,0,"{""Q0"":""none of these""}",category_organization_2x2,and,other
ROW42877,23529,survey-multi-choice,19,367200,0,P1894,STUDY0009,SESS1543,forced_choice,random,fc_random,0,"{""Q0"":""none of these""}",category_organization_2x2,pork,food_drink
ROW42878,17831,survey-multi-choice,18,343665,0,P1894,STUDY0009,SESS1543,forced_choice,random,fc_random,0,"{""Q0"":""none of these""}",category_organization_2x2,game,toys
ROW42879,32846,survey-multi-choice,21,418609,0,P1894,STUDY0009,SESS1543,forced_choice,random,fc_random,0,"{""Q0"":""none of these""}",category_organization_2x2,slipper,clothing
ROW42880,18556,survey-multi-choice,20,385760,0,P1894,STUDY0009,SESS1543,forced_choice,random,fc_random,0,"{""Q0"":""none of these""}",category_organization_2x2,radiator,furniture_rooms
ROW42881,18894,survey-multi-choice,24,481117,0,P1894,STUDY0009,SESS1543,forced_choice,random,fc_random,0,"{""Q0"":""none of these""}",category_organization_2x2,bookshelf,other
ROW42882,18138,survey-multi-choice,23,462218,0,P1894,STUDY0009,SESS1543,forced_choice,random,fc_random,0,"{""Q0"":""none of these""}",category_organization_2x2,belly button,body_parts
ROW42883,25457,survey-multi-choice,22,444074,0,P1894,STUDY0009,SESS1543,forced_choice,random,fc_random,0,"{""Q0"":""material""}",category_organization_2x2,snowman,outside
ROW42884,1986,html-button-response,25,483107,0,P1894,STUDY0009,SESS1543,forced_choice,random,fc_random,0,0,,,
ROW42885,5216,instructions,26,488325,0,P1894,STUDY0009,SESS1543,forced_choice,random,fc_random,0,,,,
ROW42886,4796,instructions,0,4800,0,P0561,STUDY0009,SESS1547,multi_select,semantic_blocked,ms_blocked,0,,,,
ROW42887,7661,survey-multi-choice,5,26474,0,P1607,STUDY0009,SESS1549,forced_choice,semantic_blocked,fc_blocked,0,"{""Q0"":""shape""}",category_organization_2x2,locomotive,vehicles
ROW42889,2784,instructions,0,2786,0,P1607,STUDY0009,SESS1549,forced_choice,semantic_blocked,fc_blocked,0,,,,
ROW42888,1662,html-button-response,1,4450,0,P1607,STUDY0009,SESS1549,forced_choice,semantic_blocked,fc_blocked,0,0,precautions_survey,,
ROW42890,3704,html-button-response,4,18810,0,P1607,STUDY0009,SESS1549,forced_choice,semantic_blocked,fc_blocked,0,0,category_section_intro,,vehicles
ROW42891,6631,html-button-response,2,11082,0,P1607,STUDY0009,SESS1549,forced_choice,semantic_blocked,fc_blocked,0,0,vocabulary_classification_criteria,,
ROW42892,4022,html-button-response,3,15106,0,P1607,STUDY0009,SESS1549,forced_choice,semantic_blocked,fc_blocked,0,0,lavender_instruction,,
ROW42893,3422,survey-multi-choice,6,29898,0,P1607,STUDY0009,SESS1549,forced_choice,semantic_blocked,fc_blocked,0,"{""Q0"":""shape""}",category_organization_2x2,train,vehicles
ROW42894,2703,survey-multi-choice,7,32602,0,P1607,STUDY0009,SESS1549,forced_choice,semantic_blocked,fc_blocked,0,"{""Q0"":""shape""}",category_organization_2x2,trolley,vehicles
ROW42895,3990,html-button-response,8,36593,0,P1607,STUDY0009,SESS1549,forced_choice,semantic_blocked,fc_blocked,0,0,category_section_intro,,toys
ROW42896,5471,survey-multi-choice,9,42068,0,P1607,STUDY0009,SESS1549,forced_choice,semantic_blocked,fc_blocked,0,"{""Q0"":""color""}",category_organization_2x2,robot,toys
ROW42897,3197,survey-multi-choice,10,45266,0,P1607,STUDY0009,SESS1549,forced_choice,semantic_blocked,fc_blocked,0,"{""Q0"":""material""}",category_organization_2x2,sticker,toys
ROW42898,2502,survey-multi-choice,12,49362,0,P1607,STUDY0009,SESS1549,forced_choice,semantic_blocked,fc_blocked,0,"{""Q0"":""color""}",category_organization_2x2,beads,clothing
ROW42899,1590,html-button-response,11,46858,0,P1607,STUDY0009,SESS1549,forced_choice,semantic_blocked,fc_blocked,0,0,category_section_intro,,clothing
ROW42900,1382,html-button-response,13,50746,0,P1607,STUDY0009,SESS1549,forced_choice,semantic_blocked,fc_blocked,0,0,category_section_intro,,furniture_rooms
ROW42901,5278,survey-multi-choice,14,56025,0,P1607,STUDY0009,SESS1549,forced_choice,semantic_blocked,fc_blocked,0,"{""Q0"":""shape""}",category_organization_2x2,oven,furniture_rooms
ROW42902,3850,survey-multi-choice,15,59876,0,P1607,STUDY0009,SESS1549,forced_choice,semantic_blocked,fc_blocked,0,"{""Q0"":""color""}",category_organization_2x2,puddle,furniture_rooms
ROW42903,1044,html-button-response,16,60921,0,P1607,STUDY0009,SESS1549,forced_choice,semantic_blocked,fc_blocked,0,0,category_section_intro,,food_drink
ROW42904,6431,survey-multi-choice,17,67354,0,P1607,STUDY0009,SESS1549,forced_choice,semantic_blocked,fc_blocked,0,"{""Q0"":""color""}",category_organization_2x2,applesauce,food_drink
ROW42905,5999,survey-multi-choice,18,73353,0,P1607,STUDY0009,SESS1549,forced_choice,semantic_blocked,fc_blocked,0,"{""Q0"":""material""}",category_organization_2x2,hot dog,food_drink
ROW42906,1967,survey-multi-choice,19,75322,0,P1607,STUDY0009,SESS1549,forced_choice,semantic_blocked,fc_blocked,0,"{""Q0"":""color""}",category_organization_2x2,juice,food_drink
ROW42907,3935,survey-multi-choice,20,79258,0,P1607,STUDY0009,SESS1549,forced_choice,semantic_blocked,fc_blocked,0,"{""Q0"":""material""}",category_organization_2x2,meat,food_drink
ROW42908,3597,survey-multi-choice,22,86250,0,P1607,STUDY0009,SESS1549,forced_choice,semantic_blocked,fc_blocked,0,"{""Q0"":""none of these""}",category_organization_2x2,tarhana,food_drink
ROW42909,3392,survey-multi-choice,21,82651,0,P1607,STUDY0009,SESS1549,forced_choice,semantic_blocked,fc_blocked,0,"{""Q0"":""material""}",category_organization_2x2,taco,food_drink
ROW42910,1022,html-button-response,24,90713,0,P1607,STUDY0009,SESS1549,forced_choice,semantic_blocked,fc_blocked,0,0,category_section_intro,,household
ROW42911,3439,survey-multi-choice,23,89690,0,P1607,STUDY0009,SESS1549,forced_choice,semantic_blocked,fc_blocked,0,"{""Q0"":""color""}",category_organization_2x2,tomato,food_drink
ROW42912,3354,survey-multi-choice,25,94069,0,P1607,STUDY0009,SESS1549,forced_choice,semantic_blocked,fc_blocked,0,"{""Q0"":""shape""}",category_organization_2x2,light (object),household
ROW42913,3859,survey-multi-choice,26,97930,0,P1607,STUDY0009,SESS1549,forced_choice,semantic_blocked,fc_blocked,0,"{""Q0"":""material""}",category_organization_2x2,soap,household
ROW42914,3839,survey-multi-choice,27,101770,0,P1607,STUDY0009,SESS1549,forced_choice,semantic_blocked,fc_blocked,0,"{""Q0"":""none of these""}",category_organization_2x2,voice recorder,household
ROW42915,910,html-button-response,28,102681,0,P1607,STUDY0009,SESS1549,forced_choice,semantic_blocked,fc_blocked,0,0,category_section_intro,,outside
ROW42916,1061,html-button-response,30,106866,0,P1607,STUDY0009,SESS1549,forced_choice,semantic_blocked,fc_blocked,0,0,category_section_intro,,other
ROW42917,2437,survey-multi-choice,31,109305,0,P1607,STUDY0009,SESS1549,forced_choice,semantic_blocked,fc_blocked,0,"{""Q0"":""color""}",category_organization_2x2,avocado,other
ROW42918,3120,survey-multi-choice,29,105803,0,P1607,STUDY0009,SESS1549,forced_choice,semantic_blocked,fc_blocked,0,"{""Q0"":""shape""}",category_organization_2x2,tunnel,outside
ROW42919,1919,survey-multi-choice,32,111226,0,P1607,STUDY0009,SESS1549,forced_choice,semantic_blocked,fc_blocked,0,"{""Q0"":""none of these""}",category_organization_2x2,lavender,attention_check
ROW42920,807,html-button-response,33,112034,0,P1607,STUDY0009,SESS1549,forced_choice,semantic_blocked,fc_blocked,0,0,,,
ROW42921,1903,instructions,34,113937,0,P1607,STUDY0009,SESS1549,forced_choice,semantic_blocked,fc_blocked,0,,,,
ROW42922,1789,instructions,0,1790,0,P0150,STUDY0009,SESS1550,multi_select,random,ms_random,0,,,,
ROW42923,6658,html-button-response,2,9823,0,P0150,STUDY0009,SESS1550,multi_select,random,ms_random,0,0,vocabulary_classification_criteria,,
ROW42924,1372,html-button-response,1,3164,0,P0150,STUDY0009,SESS1550,multi_select,random,ms_random,0,0,precautions_survey,,
ROW42925,5363,survey-multi-select,4,18026,0,P0150,STUDY0009,SESS1550,multi_select,random,ms_random,0,"{""Q0"":[""shape""]}",category_organization_2x2,oven,furniture_rooms
ROW42926,2835,html-button-response,3,12659,0,P0150,STUDY0009,SESS1550,multi_select,random,ms_random,0,0,lavender_instruction,,
ROW42927,2573,survey-multi-select,5,20602,0,P0150,STUDY0009,SESS1550,multi_select,random,ms_random,0,"{""Q0"":[""none of these""]}",category_organization_2x2,lavender,attention_check
ROW42928,4243,survey-multi-select,6,24847,0,P0150,STUDY0009,SESS1550,multi_select,random,ms_random,0,"{""Q0"":[""shape""]}",category_organization_2x2,taco,food_drink
ROW42929,5489,survey-multi-select,8,36873,0,P0150,STUDY0009,SESS1550,multi_select,random,ms_random,0,"{""Q0"":[""material""]}",category_organization_2x2,puddle,furniture_rooms
ROW42930,3137,survey-multi-select,9,40013,0,P0150,STUDY0009,SESS1550,multi_select,random,ms_random,0,"{""Q0"":[""none of these""]}",category_organization_2x2,tarhana,food_drink
ROW42931,6531,survey-multi-select,7,31381,0,P0150,STUDY0009,SESS1550,multi_select,random,ms_random,0,"{""Q0"":[""color""]}",category_organization_2x2,avocado,other
ROW42932,3371,survey-multi-select,10,43386,0,P0150,STUDY0009,SESS1550,multi_select,random,ms_random,0,"{""Q0"":[""material""]}",category_organization_2x2,sticker,toys
ROW42933,4156,survey-multi-select,11,47544,0,P0150,STUDY0009,SESS1550,multi_select,random,ms_random,0,"{""Q0"":[""material""]}",category_organization_2x2,robot,toys
ROW42934,6508,survey-multi-select,12,54056,0,P0150,STUDY0009,SESS1550,multi_select,random,ms_random,0,"{""Q0"":[""color""]}",category_organization_2x2,meat,food_drink
ROW42935,4442,survey-multi-select,14,64142,0,P0150,STUDY0009,SESS1550,multi_select,random,ms_random,0,"{""Q0"":[""color"",""material""]}",category_organization_2x2,juice,food_drink
ROW42936,5638,survey-multi-select,13,59697,0,P0150,STUDY0009,SESS1550,multi_select,random,ms_random,0,"{""Q0"":[""shape"",""material""]}",category_organization_2x2,trolley,vehicles
ROW42937,6111,survey-multi-select,15,70255,0,P0150,STUDY0009,SESS1550,multi_select,random,ms_random,0,"{""Q0"":[""color"",""material""]}",category_organization_2x2,tomato,food_drink
ROW42939,3780,survey-multi-select,17,80853,0,P0150,STUDY0009,SESS1550,multi_select,random,ms_random,0,"{""Q0"":[""shape"",""color"",""material""]}",category_organization_2x2,beads,clothing
ROW42940,3664,survey-multi-select,18,84520,0,P0150,STUDY0009,SESS1550,multi_select,random,ms_random,0,"{""Q0"":[""shape"",""material""]}",category_organization_2x2,train,vehicles
ROW42938,4985,survey-multi-select,16,77070,0,P0150,STUDY0009,SESS1550,multi_select,random,ms_random,0,"{""Q0"":[""shape""]}",category_organization_2x2,locomotive,vehicles
ROW42941,5895,survey-multi-select,20,97194,0,P0150,STUDY0009,SESS1550,multi_select,random,ms_random,0,"{""Q0"":[""shape"",""material""]}",category_organization_2x2,voice recorder,household
ROW42942,6774,survey-multi-select,19,91296,0,P0150,STUDY0009,SESS1550,multi_select,random,ms_random,0,"{""Q0"":[""color""]}",category_organization_2x2,light (object),household
ROW42943,4342,survey-multi-select,22,106898,0,P0150,STUDY0009,SESS1550,multi_select,random,ms_random,0,"{""Q0"":[""shape"",""material""]}",category_organization_2x2,hot dog,food_drink
ROW42944,5357,survey-multi-select,21,102554,0,P0150,STUDY0009,SESS1550,multi_select,random,ms_random,0,"{""Q0"":[""color"",""material""]}",category_organization_2x2,applesauce,food_drink
ROW42945,6048,survey-multi-select,23,112949,0,P0150,STUDY0009,SESS1550,multi_select,random,ms_random,0,"{""Q0"":[""shape"",""color"",""material""]}",category_organization_2x2,soap,household
ROW42946,3422,survey-multi-select,24,116374,0,P0150,STUDY0009,SESS1550,multi_select,random,ms_random,0,"{""Q0"":[""shape""]}",category_organization_2x2,tunnel,outside
ROW42947,1321,html-button-response,25,117697,0,P0150,STUDY0009,SESS1550,multi_select,random,ms_random,0,0,,,
ROW42948,1209,instructions,26,118907,0,P0150,STUDY0009,SESS1550,multi_select,random,ms_random,0,,,,
ROW42949,18143,instructions,0,18145,0,P1860,STUDY0009,SESS1548,forced_choice,random,fc_random,0,,,,
ROW42950,35110,html-button-response,1,53257,0,P1860,STUDY0009,SESS1548,forced_choice,random,fc_random,0,0,precautions_survey,,
ROW42951,38734,html-button-response,2,91992,0,P1860,STUDY0009,SESS1548,forced_choice,random,fc_random,0,0,vocabulary_classification_criteria,,
ROW42952,30751,html-button-response,3,122745,0,P1860,STUDY0009,SESS1548,forced_choice,random,fc_random,0,0,lavender_instruction,,
ROW42953,39607,survey-multi-choice,4,162353,0,P1860,STUDY0009,SESS1548,forced_choice,random,fc_random,0,"{""Q0"":""none of these""}",category_organization_2x2,oven,furniture_rooms
ROW42954,19039,survey-multi-choice,5,181394,0,P1860,STUDY0009,SESS1548,forced_choice,random,fc_random,0,"{""Q0"":""none of these""}",category_organization_2x2,taco,food_drink
ROW42955,9943,survey-multi-choice,6,191337,0,P1860,STUDY0009,SESS1548,forced_choice,random,fc_random,0,"{""Q0"":""none of these""}",category_organization_2x2,avocado,other
ROW42956,3055,survey-multi-choice,7,194393,0,P1860,STUDY0009,SESS1548,forced_choice,random,fc_random,0,"{""Q0"":""none of these""}",category_organization_2x2,lavender,attention_check
ROW42957,18255,survey-multi-choice,10,247530,0,P1860,STUDY0009,SESS1548,forced_choice,random,fc_random,0,"{""Q0"":""none of these""}",category_organization_2x2,sticker,toys
ROW42958,17399,survey-multi-choice,9,229273,0,P1860,STUDY0009,SESS1548,forced_choice,random,fc_random,0,"{""Q0"":""none of these""}",category_organization_2x2,tarhana,food_drink
ROW42959,17479,survey-multi-choice,8,211873,0,P1860,STUDY0009,SESS1548,forced_choice,random,fc_random,0,"{""Q0"":""none of these""}",category_organization_2x2,puddle,furniture_rooms
ROW42960,10847,survey-multi-choice,11,258378,0,P1860,STUDY0009,SESS1548,forced_choice,random,fc_random,0,"{""Q0"":""none of these""}",category_organization_2x2,robot,toys
ROW42961,15127,survey-multi-choice,12,273506,0,P1860,STUDY0009,SESS1548,forced_choice,random,fc_random,0,"{""Q0"":""none of these""}",category_organization_2x2,meat,food_drink
ROW42962,11703,survey-multi-choice,13,285210,0,P1860,STUDY0009,SESS1548,forced_choice,random,fc_random,0,"{""Q0"":""none of these""}",category_organization_2x2,trolley,vehicles
ROW42963,16454,survey-multi-choice,15,318170,0,P1860,STUDY0009,SESS1548,forced_choice,random,fc_random,0,"{""Q0"":""none of these""}",category_organization_2x2,tomato,food_drink
ROW42964,16503,survey-multi-choice,14,301714,0,P1860,STUDY0009,SESS1548,forced_choice,random,fc_random,0,"{""Q0"":""none of these""}",category_organization_2x2,juice,food_drink
ROW42965,16487,survey-multi-choice,16,334658,0,P1860,STUDY0009,SESS1548,forced_choice,random,fc_random,0,"{""Q0"":""none of these""}",category_organization_2x2,locomotive,vehicles
ROW42966,48831,survey-multi-choice,17,383491,0,P1860,STUDY0009,SESS1548,forced_choice,random,fc_random,0,"{""Q0"":""none of these""}",category_organization_2x2,beads,clothing
ROW42967,3671,survey-multi-choice,18,387163,0,P1860,STUDY0009,SESS1548,forced_choice,random,fc_random,0,"{""Q0"":""none of these""}",category_organization_2x2,train,vehicles
ROW42968,20687,survey-multi-choice,19,407851,0,P1860,STUDY0009,SESS1548,forced_choice,random,fc_random,0,"{""Q0"":""none of these""}",category_organization_2x2,light (object),household
ROW42969,52719,survey-multi-choice,20,460571,0,P1860,STUDY0009,SESS1548,forced_choice,random,fc_random,0,"{""Q0"":""none of these""}",category_organization_2x2,voice recorder,household
ROW42970,19439,survey-multi-choice,21,480012,0,P1860,STUDY0009,SESS1548,forced_choice,random,fc_random,0,"{""Q0"":""none of these""}",category_organization_2x2,applesauce,food_drink
ROW42972,12279,survey-multi-choice,23,522028,0,P1860,STUDY0009,SESS1548,forced_choice,random,fc_random,0,"{""Q0"":""material""}",category_organization_2x2,soap,household
ROW42971,29735,survey-multi-choice,22,509747,0,P1860,STUDY0009,SESS1548,forced_choice,random,fc_random,0,"{""Q0"":""shape""}",category_organization_2x2,hot dog,food_drink
ROW42973,9551,survey-multi-choice,24,531580,0,P1860,STUDY0009,SESS1548,forced_choice,random,fc_random,0,"{""Q0"":""shape""}",category_organization_2x2,tunnel,outside
ROW42974,1543,html-button-response,25,533124,0,P1860,STUDY0009,SESS1548,forced_choice,random,fc_random,0,0,,,
ROW42975,10295,instructions,26,543420,0,P1860,STUDY0009,SESS1548,forced_choice,random,fc_random,0,,,,
ROW42976,3262,html-button-response,1,14488,0,P1522,STUDY0009,SESS1551,multi_select,semantic_blocked,ms_blocked,0,0,precautions_survey,,
ROW42977,11213,instructions,0,11218,0,P1522,STUDY0009,SESS1551,multi_select,semantic_blocked,ms_blocked,0,,,,
ROW42978,3230,html-button-response,3,26694,0,P1522,STUDY0009,SESS1551,multi_select,semantic_blocked,ms_blocked,0,0,lavender_instruction,,
ROW42979,5224,survey-multi-select,5,34763,0,P1522,STUDY0009,SESS1551,multi_select,semantic_blocked,ms_blocked,0,"{""Q0"":[""shape""]}",category_organization_2x2,bell,toys
ROW42980,2827,html-button-response,4,29524,0,P1522,STUDY0009,SESS1551,multi_select,semantic_blocked,ms_blocked,0,0,category_section_intro,,toys
ROW42981,8969,html-button-response,2,23460,0,P1522,STUDY0009,SESS1551,multi_select,semantic_blocked,ms_blocked,0,0,vocabulary_classification_criteria,,
ROW42982,3944,survey-multi-select,6,38714,0,P1522,STUDY0009,SESS1551,multi_select,semantic_blocked,ms_blocked,0,"{""Q0"":[""material""]}",category_organization_2x2,card,toys
ROW42983,3492,html-button-response,7,42208,0,P1522,STUDY0009,SESS1551,multi_select,semantic_blocked,ms_blocked,0,0,category_section_intro,,animals
ROW42984,6443,survey-multi-select,8,48658,0,P1522,STUDY0009,SESS1551,multi_select,semantic_blocked,ms_blocked,0,"{""Q0"":[""none of these""]}",category_organization_2x2,deer,animals
ROW42985,2721,survey-multi-select,10,52592,0,P1522,STUDY0009,SESS1551,multi_select,semantic_blocked,ms_blocked,0,"{""Q0"":[""shape""]}",category_organization_2x2,button,clothing
ROW42986,1201,html-button-response,9,49863,0,P1522,STUDY0009,SESS1551,multi_select,semantic_blocked,ms_blocked,0,0,category_section_intro,,clothing
ROW42987,3142,survey-multi-select,11,55742,0,P1522,STUDY0009,SESS1551,multi_select,semantic_blocked,ms_blocked,0,"{""Q0"":[""material""]}",category_organization_2x2,sweater,clothing
ROW42988,1414,html-button-response,12,57160,0,P1522,STUDY0009,SESS1551,multi_select,semantic_blocked,ms_blocked,0,0,category_section_intro,,food_drink
ROW42989,2351,survey-multi-select,13,59519,0,P1522,STUDY0009,SESS1551,multi_select,semantic_blocked,ms_blocked,0,"{""Q0"":[""shape""]}",category_organization_2x2,banana,food_drink
ROW42990,4439,survey-multi-select,14,63966,0,P1522,STUDY0009,SESS1551,multi_select,semantic_blocked,ms_blocked,0,"{""Q0"":[""shape""]}",category_organization_2x2,bread,food_drink
ROW42991,2212,survey-multi-select,15,66188,0,P1522,STUDY0009,SESS1551,multi_select,semantic_blocked,ms_blocked,0,"{""Q0"":[""shape""]}",category_organization_2x2,cheerios,food_drink
ROW42992,4406,survey-multi-select,17,72753,0,P1522,STUDY0009,SESS1551,multi_select,semantic_blocked,ms_blocked,0,"{""Q0"":[""color""]}",category_organization_2x2,raspberry,food_drink
ROW42993,2145,survey-multi-select,16,68341,0,P1522,STUDY0009,SESS1551,multi_select,semantic_blocked,ms_blocked,0,"{""Q0"":[""shape""]}",category_organization_2x2,croissant,food_drink
ROW42994,931,html-button-response,22,82238,0,P1522,STUDY0009,SESS1551,multi_select,semantic_blocked,ms_blocked,0,0,category_section_intro,,household
ROW42995,2834,survey-multi-select,20,79030,0,P1522,STUDY0009,SESS1551,multi_select,semantic_blocked,ms_blocked,0,"{""Q0"":[""color""]}",category_organization_2x2,eyelash,body_parts
ROW42996,2347,survey-multi-select,19,76189,0,P1522,STUDY0009,SESS1551,multi_select,semantic_blocked,ms_blocked,0,"{""Q0"":[""shape""]}",category_organization_2x2,ear,body_parts
ROW42997,2267,survey-multi-select,21,81304,0,P1522,STUDY0009,SESS1551,multi_select,semantic_blocked,ms_blocked,0,"{""Q0"":[""shape""]}",category_organization_2x2,knee,body_parts
ROW42998,1078,html-button-response,18,73835,0,P1522,STUDY0009,SESS1551,multi_select,semantic_blocked,ms_blocked,0,0,category_section_intro,,body_parts
ROW42999,3705,survey-multi-select,23,85950,0,P1522,STUDY0009,SESS1551,multi_select,semantic_blocked,ms_blocked,0,"{""Q0"":[""shape""]}",category_organization_2x2,battery,household
ROW43000,938,html-button-response,26,92720,0,P1522,STUDY0009,SESS1551,multi_select,semantic_blocked,ms_blocked,0,0,category_section_intro,,outside
ROW43001,1831,survey-multi-select,24,87789,0,P1522,STUDY0009,SESS1551,multi_select,semantic_blocked,ms_blocked,0,"{""Q0"":[""shape""]}",category_organization_2x2,pacifier,household
ROW43002,3984,survey-multi-select,25,91779,0,P1522,STUDY0009,SESS1551,multi_select,semantic_blocked,ms_blocked,0,"{""Q0"":[""color""]}",category_organization_2x2,photo,household
ROW43003,6307,survey-multi-select,27,99034,0,P1522,STUDY0009,SESS1551,multi_select,semantic_blocked,ms_blocked,0,"{""Q0"":[""material""]}",category_organization_2x2,earth,outside
ROW43004,1130,html-button-response,28,100167,0,P1522,STUDY0009,SESS1551,multi_select,semantic_blocked,ms_blocked,0,0,category_section_intro,,other
ROW43005,3920,survey-multi-select,29,104095,0,P1522,STUDY0009,SESS1551,multi_select,semantic_blocked,ms_blocked,0,"{""Q0"":[""shape""]}",category_organization_2x2,can,other
ROW43006,3327,survey-multi-select,30,107429,0,P1522,STUDY0009,SESS1551,multi_select,semantic_blocked,ms_blocked,0,"{""Q0"":[""none of these""]}",category_organization_2x2,plaza,other
ROW43007,1986,survey-multi-select,32,111916,0,P1522,STUDY0009,SESS1551,multi_select,semantic_blocked,ms_blocked,0,"{""Q0"":[""none of these""]}",category_organization_2x2,lavender,attention_check
ROW43008,2486,survey-multi-select,31,109924,0,P1522,STUDY0009,SESS1551,multi_select,semantic_blocked,ms_blocked,0,"{""Q0"":[""shape""]}",category_organization_2x2,sailboat,other
ROW43009,870,html-button-response,33,112789,0,P1522,STUDY0009,SESS1551,multi_select,semantic_blocked,ms_blocked,0,0,,,
ROW43010,2273,instructions,34,115063,0,P1522,STUDY0009,SESS1551,multi_select,semantic_blocked,ms_blocked,0,,,,
ROW43011,1097,html-button-response,1,2850,0,P1667,STUDY0009,SESS1553,forced_choice,random,fc_random,0,0,precautions_survey,,
ROW43012,1266,html-button-response,2,4117,0,P1667,STUDY0009,SESS1553,forced_choice,random,fc_random,0,0,vocabulary_classification_criteria,,
ROW43013,14732,survey-multi-choice,5,34301,0,P1667,STUDY0009,SESS1553,forced_choice,random,fc_random,0,"{""Q0"":""none of these""}",category_organization_2x2,bread,food_drink
ROW43014,7199,html-button-response,3,11316,0,P1667,STUDY0009,SESS1553,forced_choice,random,fc_random,0,0,lavender_instruction,,
ROW43015,8249,survey-multi-choice,4,19567,0,P1667,STUDY0009,SESS1553,forced_choice,random,fc_random,0,"{""Q0"":""shape""}",category_organization_2x2,sailboat,other
ROW43016,1749,instructions,0,1751,0,P1667,STUDY0009,SESS1553,forced_choice,random,fc_random,0,,,,
ROW43017,4698,survey-multi-choice,6,39001,0,P1667,STUDY0009,SESS1553,forced_choice,random,fc_random,0,"{""Q0"":""none of these""}",category_organization_2x2,plaza,other
ROW43018,3199,survey-multi-choice,10,55533,0,P1667,STUDY0009,SESS1553,forced_choice,random,fc_random,0,"{""Q0"":""material""}",category_organization_2x2,eyelash,body_parts
ROW43019,2233,survey-multi-choice,9,52333,0,P1667,STUDY0009,SESS1553,forced_choice,random,fc_random,0,"{""Q0"":""material""}",category_organization_2x2,pacifier,household
ROW43020,8197,survey-multi-choice,7,47200,0,P1667,STUDY0009,SESS1553,forced_choice,random,fc_random,0,"{""Q0"":""none of these""}",category_organization_2x2,banana,food_drink
ROW43021,2899,survey-multi-choice,8,50100,0,P1667,STUDY0009,SESS1553,forced_choice,random,fc_random,0,"{""Q0"":""material""}",category_organization_2x2,bell,toys
ROW43022,4682,survey-multi-choice,11,60216,0,P1667,STUDY0009,SESS1553,forced_choice,random,fc_random,0,"{""Q0"":""none of these""}",category_organization_2x2,ear,body_parts
ROW43023,2433,survey-multi-choice,12,62650,0,P1667,STUDY0009,SESS1553,forced_choice,random,fc_random,0,"{""Q0"":""none of these""}",category_organization_2x2,lavender,attention_check
ROW43024,7099,survey-multi-choice,14,73866,0,P1667,STUDY0009,SESS1553,forced_choice,random,fc_random,0,"{""Q0"":""shape""}",category_organization_2x2,photo,household
ROW43025,4750,survey-multi-choice,15,78616,0,P1667,STUDY0009,SESS1553,forced_choice,random,fc_random,0,"{""Q0"":""none of these""}",category_organization_2x2,deer,animals
ROW43026,4115,survey-multi-choice,13,66766,0,P1667,STUDY0009,SESS1553,forced_choice,random,fc_random,0,"{""Q0"":""none of these""}",category_organization_2x2,raspberry,food_drink
ROW43027,2833,survey-multi-choice,17,85101,0,P1667,STUDY0009,SESS1553,forced_choice,random,fc_random,0,"{""Q0"":""material""}",category_organization_2x2,button,clothing
ROW43028,3649,survey-multi-choice,16,82266,0,P1667,STUDY0009,SESS1553,forced_choice,random,fc_random,0,"{""Q0"":""material""}",category_organization_2x2,can,other
ROW43029,3315,survey-multi-choice,18,88417,0,P1667,STUDY0009,SESS1553,forced_choice,random,fc_random,0,"{""Q0"":""shape""}",category_organization_2x2,earth,outside
ROW43030,2483,survey-multi-choice,19,90901,0,P1667,STUDY0009,SESS1553,forced_choice,random,fc_random,0,"{""Q0"":""color""}",category_organization_2x2,sweater,clothing
ROW43031,3249,survey-multi-choice,20,94151,0,P1667,STUDY0009,SESS1553,forced_choice,random,fc_random,0,"{""Q0"":""none of these""}",category_organization_2x2,croissant,food_drink
ROW43032,2249,survey-multi-choice,21,96401,0,P1667,STUDY0009,SESS1553,forced_choice,random,fc_random,0,"{""Q0"":""none of these""}",category_organization_2x2,cheerios,food_drink
ROW43033,3331,survey-multi-choice,22,99733,0,P1667,STUDY0009,SESS1553,forced_choice,random,fc_random,0,"{""Q0"":""material""}",category_organization_2x2,battery,household
ROW43034,1732,survey-multi-choice,23,101466,0,P1667,STUDY0009,SESS1553,forced_choice,random,fc_random,0,"{""Q0"":""none of these""}",category_organization_2x2,knee,body_parts
ROW43035,5849,instructions,26,111084,0,P1667,STUDY0009,SESS1553,forced_choice,random,fc_random,0,,,,
ROW43036,1432,html-button-response,25,105234,0,P1667,STUDY0009,SESS1553,forced_choice,random,fc_random,0,0,,,
ROW43037,2334,survey-multi-choice,24,103801,0,P1667,STUDY0009,SESS1553,forced_choice,random,fc_random,0,"{""Q0"":""none of these""}",category_organization_2x2,card,toys
ROW43039,8261,html-button-response,2,13656,0,P0069,STUDY0009,SESS1565,forced_choice,semantic_blocked,fc_blocked,0,0,vocabulary_classification_criteria,,
ROW43038,3268,instructions,0,3274,0,P0069,STUDY0009,SESS1565,forced_choice,semantic_blocked,fc_blocked,0,,,,
ROW43040,3123,html-button-response,3,16781,0,P0069,STUDY0009,SESS1565,forced_choice,semantic_blocked,fc_blocked,0,0,lavender_instruction,,
ROW43041,2112,html-button-response,1,5392,0,P0069,STUDY0009,SESS1565,forced_choice,semantic_blocked,fc_blocked,0,0,precautions_survey,,
ROW43042,2901,html-button-response,4,19686,0,P0069,STUDY0009,SESS1565,forced_choice,semantic_blocked,fc_blocked,0,0,category_section_intro,,vehicles
ROW43043,4243,survey-multi-choice,5,23936,0,P0069,STUDY0009,SESS1565,forced_choice,semantic_blocked,fc_blocked,0,"{""Q0"":""shape""}",category_organization_2x2,locomotive,vehicles
ROW43044,2110,survey-multi-choice,7,28694,0,P0069,STUDY0009,SESS1565,forced_choice,semantic_blocked,fc_blocked,0,"{""Q0"":""shape""}",category_organization_2x2,tricycle,vehicles
ROW43045,2639,survey-multi-choice,6,26580,0,P0069,STUDY0009,SESS1565,forced_choice,semantic_blocked,fc_blocked,0,"{""Q0"":""shape""}",category_organization_2x2,sled,vehicles
ROW43046,4820,survey-multi-choice,9,35231,0,P0069,STUDY0009,SESS1565,forced_choice,semantic_blocked,fc_blocked,0,"{""Q0"":""color""}",category_organization_2x2,crayon,toys
ROW43047,1710,html-button-response,8,30407,0,P0069,STUDY0009,SESS1565,forced_choice,semantic_blocked,fc_blocked,0,0,category_section_intro,,toys
ROW43048,2252,html-button-response,10,37487,0,P0069,STUDY0009,SESS1565,forced_choice,semantic_blocked,fc_blocked,0,0,category_section_intro,,animals
ROW43049,2630,survey-multi-choice,11,40119,0,P0069,STUDY0009,SESS1565,forced_choice,semantic_blocked,fc_blocked,0,"{""Q0"":""shape""}",category_organization_2x2,alligator,animals
ROW43050,1874,survey-multi-choice,12,41997,0,P0069,STUDY0009,SESS1565,forced_choice,semantic_blocked,fc_blocked,0,"{""Q0"":""shape""}",category_organization_2x2,dinosaur,animals
ROW43051,1757,survey-multi-choice,13,43757,0,P0069,STUDY0009,SESS1565,forced_choice,semantic_blocked,fc_blocked,0,"{""Q0"":""shape""}",category_organization_2x2,hedgehog,animals
ROW43052,2157,survey-multi-choice,14,45917,0,P0069,STUDY0009,SESS1565,forced_choice,semantic_blocked,fc_blocked,0,"{""Q0"":""shape""}",category_organization_2x2,kangaroo,animals
ROW43053,2118,survey-multi-choice,15,48038,0,P0069,STUDY0009,SESS1565,forced_choice,semantic_blocked,fc_blocked,0,"{""Q0"":""shape""}",category_organization_2x2,swallow (animal),animals
ROW43054,1104,html-button-response,16,49145,0,P0069,STUDY0009,SESS1565,forced_choice,semantic_blocked,fc_blocked,0,0,category_section_intro,,clothing
ROW43055,3310,survey-multi-choice,17,52457,0,P0069,STUDY0009,SESS1565,forced_choice,semantic_blocked,fc_blocked,0,"{""Q0"":""material""}",category_organization_2x2,clothes,clothing
ROW43056,1787,survey-multi-choice,18,54248,0,P0069,STUDY0009,SESS1565,forced_choice,semantic_blocked,fc_blocked,0,"{""Q0"":""material""}",category_organization_2x2,sweater,clothing
ROW43057,1142,html-button-response,19,55393,0,P0069,STUDY0009,SESS1565,forced_choice,semantic_blocked,fc_blocked,0,0,category_section_intro,,furniture_rooms
ROW43058,2388,survey-multi-choice,20,57783,0,P0069,STUDY0009,SESS1565,forced_choice,semantic_blocked,fc_blocked,0,"{""Q0"":""shape""}",category_organization_2x2,drawer,furniture_rooms
ROW43060,1031,html-button-response,23,62103,0,P0069,STUDY0009,SESS1565,forced_choice,semantic_blocked,fc_blocked,0,0,category_section_intro,,food_drink
ROW43059,3107,survey-multi-choice,24,65213,0,P0069,STUDY0009,SESS1565,forced_choice,semantic_blocked,fc_blocked,0,"{""Q0"":""color""}",category_organization_2x2,vinegar,food_drink
ROW43061,1635,survey-multi-choice,22,61069,0,P0069,STUDY0009,SESS1565,forced_choice,semantic_blocked,fc_blocked,0,"{""Q0"":""shape""}",category_organization_2x2,window,furniture_rooms
ROW43062,1645,survey-multi-choice,21,59431,0,P0069,STUDY0009,SESS1565,forced_choice,semantic_blocked,fc_blocked,0,"{""Q0"":""shape""}",category_organization_2x2,hair dryer,furniture_rooms
ROW43063,1003,html-button-response,25,66219,0,P0069,STUDY0009,SESS1565,forced_choice,semantic_blocked,fc_blocked,0,0,category_section_intro,,household
ROW43064,2959,survey-multi-choice,26,69181,0,P0069,STUDY0009,SESS1565,forced_choice,semantic_blocked,fc_blocked,0,"{""Q0"":""material""}",category_organization_2x2,blanket,household
ROW43065,1666,survey-multi-choice,27,70850,0,P0069,STUDY0009,SESS1565,forced_choice,semantic_blocked,fc_blocked,0,"{""Q0"":""shape""}",category_organization_2x2,light (object),household
ROW43066,1294,survey-multi-choice,28,72147,0,P0069,STUDY0009,SESS1565,forced_choice,semantic_blocked,fc_blocked,0,"{""Q0"":""shape""}",category_organization_2x2,soap,household
ROW43067,932,html-button-response,29,73082,0,P0069,STUDY0009,SESS1565,forced_choice,semantic_blocked,fc_blocked,0,0,category_section_intro,,other
ROW43068,1703,survey-multi-choice,30,74788,0,P0069,STUDY0009,SESS1565,forced_choice,semantic_blocked,fc_blocked,0,"{""Q0"":""shape""}",category_organization_2x2,sailboat,other
ROW43069,1714,survey-multi-choice,31,76507,0,P0069,STUDY0009,SESS1565,forced_choice,semantic_blocked,fc_blocked,0,"{""Q0"":""shape""}",category_organization_2x2,tower,other
ROW43070,2142,survey-multi-choice,32,78652,0,P0069,STUDY0009,SESS1565,forced_choice,semantic_blocked,fc_blocked,0,"{""Q0"":""none of these""}",category_organization_2x2,lavender,attention_check
ROW43071,1221,html-button-response,33,79876,0,P0069,STUDY0009,SESS1565,forced_choice,semantic_blocked,fc_blocked,0,0,,,
ROW43072,1716,instructions,34,81593,0,P0069,STUDY0009,SESS1565,forced_choice,semantic_blocked,fc_blocked,0,,,,
ROW43073,2968,instructions,0,2976,0,P0270,STUDY0009,SESS1554,forced_choice,semantic_blocked,fc_blocked,0,,,,
ROW43074,5749,html-button-response,1,8731,0,P0270,STUDY0009,SESS1554,forced_choice,semantic_blocked,fc_blocked,0,0,precautions_survey,,
ROW43075,7644,html-button-response,3,25967,0,P0270,STUDY0009,SESS1554,forced_choice,semantic_blocked,fc_blocked,0,0,lavender_instruction,,
ROW43076,11113,html-button-response,4,37084,0,P0270,STUDY0009,SESS1554,forced_choice,semantic_blocked,fc_blocked,0,0,category_section_intro,,toys
ROW43077,9585,html-button-response,2,18319,0,P0270,STUDY0009,SESS1554,forced_choice,semantic_blocked,fc_blocked,0,0,vocabulary_classification_criteria,,
ROW43078,6951,survey-multi-choice,5,44043,0,P0270,STUDY0009,SESS1554,forced_choice,semantic_blocked,fc_blocked,0,"{""Q0"":""shape""}",category_organization_2x2,bell,toys
ROW43079,3901,survey-multi-choice,6,47951,0,P0270,STUDY0009,SESS1554,forced_choice,semantic_blocked,fc_blocked,0,"{""Q0"":""material""}",category_organization_2x2,card,toys
ROW43080,1604,html-button-response,7,49558,0,P0270,STUDY0009,SESS1554,forced_choice,semantic_blocked,fc_blocked,0,0,category_section_intro,,animals
ROW43081,6737,survey-multi-choice,8,56299,0,P0270,STUDY0009,SESS1554,forced_choice,semantic_blocked,fc_blocked,0,"{""Q0"":""none of these""}",category_organization_2x2,deer,animals
ROW43082,1241,html-button-response,9,57544,0,P0270,STUDY0009,SESS1554,forced_choice,semantic_blocked,fc_blocked,0,0,category_section_intro,,clothing
ROW43083,8623,survey-multi-choice,10,66171,0,P0270,STUDY0009,SESS1554,forced_choice,semantic_blocked,fc_blocked,0,"{""Q0"":""material""}",category_organization_2x2,button,clothing
ROW43084,2489,survey-multi-choice,11,68665,0,P0270,STUDY0009,SESS1554,forced_choice,semantic_blocked,fc_blocked,0,"{""Q0"":""material""}",category_organization_2x2,sweater,clothing
ROW43085,867,html-button-response,12,69536,0,P0270,STUDY0009,SESS1554,forced_choice,semantic_blocked,fc_blocked,0,0,category_section_intro,,food_drink
ROW43086,4913,survey-multi-choice,13,74452,0,P0270,STUDY0009,SESS1554,forced_choice,semantic_blocked,fc_blocked,0,"{""Q0"":""material""}",category_organization_2x2,banana,food_drink
ROW43087,2516,survey-multi-choice,14,76971,0,P0270,STUDY0009,SESS1554,forced_choice,semantic_blocked,fc_blocked,0,"{""Q0"":""material""}",category_organization_2x2,bread,food_drink
ROW43088,2347,survey-multi-choice,15,79322,0,P0270,STUDY0009,SESS1554,forced_choice,semantic_blocked,fc_blocked,0,"{""Q0"":""material""}",category_organization_2x2,cheerios,food_drink
ROW43089,3427,survey-multi-choice,17,84695,0,P0270,STUDY0009,SESS1554,forced_choice,semantic_blocked,fc_blocked,0,"{""Q0"":""material""}",category_organization_2x2,raspberry,food_drink
ROW43090,1938,survey-multi-choice,16,81264,0,P0270,STUDY0009,SESS1554,forced_choice,semantic_blocked,fc_blocked,0,"{""Q0"":""material""}",category_organization_2x2,croissant,food_drink
ROW43091,1231,html-button-response,18,85929,0,P0270,STUDY0009,SESS1554,forced_choice,semantic_blocked,fc_blocked,0,0,category_section_intro,,body_parts
ROW43092,4656,survey-multi-choice,19,90589,0,P0270,STUDY0009,SESS1554,forced_choice,semantic_blocked,fc_blocked,0,"{""Q0"":""material""}",category_organization_2x2,ear,body_parts
ROW43093,3275,survey-multi-choice,20,93869,0,P0270,STUDY0009,SESS1554,forced_choice,semantic_blocked,fc_blocked,0,"{""Q0"":""material""}",category_organization_2x2,eyelash,body_parts
ROW43094,2574,survey-multi-choice,21,96446,0,P0270,STUDY0009,SESS1554,forced_choice,semantic_blocked,fc_blocked,0,"{""Q0"":""material""}",category_organization_2x2,knee,body_parts
ROW43095,2421,html-button-response,22,98871,0,P0270,STUDY0009,SESS1554,forced_choice,semantic_blocked,fc_blocked,0,0,category_section_intro,,household
ROW43096,3252,survey-multi-choice,23,102126,0,P0270,STUDY0009,SESS1554,forced_choice,semantic_blocked,fc_blocked,0,"{""Q0"":""material""}",category_organization_2x2,battery,household
ROW43098,772,html-button-response,26,109550,0,P0270,STUDY0009,SESS1554,forced_choice,semantic_blocked,fc_blocked,0,0,category_section_intro,,outside
ROW43097,3796,survey-multi-choice,24,105926,0,P0270,STUDY0009,SESS1554,forced_choice,semantic_blocked,fc_blocked,0,"{""Q0"":""material""}",category_organization_2x2,pacifier,household
ROW43099,2846,survey-multi-choice,25,108775,0,P0270,STUDY0009,SESS1554,forced_choice,semantic_blocked,fc_blocked,0,"{""Q0"":""material""}",category_organization_2x2,photo,household
ROW43100,4203,survey-multi-choice,27,113757,0,P0270,STUDY0009,SESS1554,forced_choice,semantic_blocked,fc_blocked,0,"{""Q0"":""material""}",category_organization_2x2,earth,outside
ROW43101,881,html-button-response,28,114641,0,P0270,STUDY0009,SESS1554,forced_choice,semantic_blocked,fc_blocked,0,0,category_section_intro,,other
ROW43102,4481,survey-multi-choice,29,119125,0,P0270,STUDY0009,SESS1554,forced_choice,semantic_blocked,fc_blocked,0,"{""Q0"":""material""}",category_organization_2x2,can,other
ROW43103,3526,survey-multi-choice,30,122655,0,P0270,STUDY0009,SESS1554,forced_choice,semantic_blocked,fc_blocked,0,"{""Q0"":""material""}",category_organization_2x2,plaza,other
ROW43104,1703,survey-multi-choice,31,124361,0,P0270,STUDY0009,SESS1554,forced_choice,semantic_blocked,fc_blocked,0,"{""Q0"":""material""}",category_organization_2x2,sailboat,other
ROW43105,2294,survey-multi-choice,32,126659,0,P0270,STUDY0009,SESS1554,forced_choice,semantic_blocked,fc_blocked,0,"{""Q0"":""none of these""}",category_organization_2x2,lavender,attention_check
ROW43106,918,html-button-response,33,127582,0,P0270,STUDY0009,SESS1554,forced_choice,semantic_blocked,fc_blocked,0,0,,,
ROW43107,1749,instructions,34,129332,0,P0270,STUDY0009,SESS1554,forced_choice,semantic_blocked,fc_blocked,0,,,,
ROW43108,4621,instructions,0,4624,0,P0273,STUDY0009,SESS1552,multi_select,random,ms_random,0,,,,
ROW43110,14026,html-button-response,2,23908,0,P0273,STUDY0009,SESS1552,multi_select,random,ms_random,0,0,vocabulary_classification_criteria,,
ROW43111,3221,html-button-response,3,27130,0,P0273,STUDY0009,SESS1552,multi_select,random,ms_random,0,0,lavender_instruction,,
ROW43109,5256,html-button-response,1,9881,0,P0273,STUDY0009,SESS1552,multi_select,random,ms_random,0,0,precautions_survey,,
ROW43112,4990,survey-multi-select,5,41213,0,P0273,STUDY0009,SESS1552,multi_select,random,ms_random,0,"{""Q0"":[""material""]}",category_organization_2x2,bread,food_drink
ROW43113,9088,survey-multi-select,4,36221,0,P0273,STUDY0009,SESS1552,multi_select,random,ms_random,0,"{""Q0"":[""shape"",""material""]}",category_organization_2x2,sailboat,other
ROW43114,2486,survey-multi-select,6,43700,0,P0273,STUDY0009,SESS1552,multi_select,random,ms_random,0,"{""Q0"":[""shape""]}",category_organization_2x2,plaza,other
ROW43115,2642,survey-multi-select,7,46344,0,P0273,STUDY0009,SESS1552,multi_select,random,ms_random,0,"{""Q0"":[""shape"",""color""]}",category_organization_2x2,banana,food_drink
ROW43116,2835,survey-multi-select,9,52441,0,P0273,STUDY0009,SESS1552,multi_select,random,ms_random,0,"{""Q0"":[""shape""]}",category_organization_2x2,pacifier,household
ROW43117,3489,survey-multi-select,10,55932,0,P0273,STUDY0009,SESS1552,multi_select,random,ms_random,0,"{""Q0"":[""shape"",""material""]}",category_organization_2x2,eyelash,body_parts
ROW43118,2852,survey-multi-select,11,58785,0,P0273,STUDY0009,SESS1552,multi_select,random,ms_random,0,"{""Q0"":[""shape""]}",category_organization_2x2,ear,body_parts
ROW43119,3260,survey-multi-select,8,49605,0,P0273,STUDY0009,SESS1552,multi_select,random,ms_random,0,"{""Q0"":[""shape"",""material""]}",category_organization_2x2,bell,toys
ROW43120,3162,survey-multi-select,12,61948,0,P0273,STUDY0009,SESS1552,multi_select,random,ms_random,0,"{""Q0"":[""shape"",""color""]}",category_organization_2x2,raspberry,food_drink
ROW43121,2951,survey-multi-select,14,68586,0,P0273,STUDY0009,SESS1552,multi_select,random,ms_random,0,"{""Q0"":[""shape""]}",category_organization_2x2,deer,animals
ROW43122,3684,survey-multi-select,13,65634,0,P0273,STUDY0009,SESS1552,multi_select,random,ms_random,0,"{""Q0"":[""shape""]}",category_organization_2x2,photo,household
ROW43123,3666,survey-multi-select,15,72253,0,P0273,STUDY0009,SESS1552,multi_select,random,ms_random,0,"{""Q0"":[""shape"",""material""]}",category_organization_2x2,can,other
ROW43124,3014,survey-multi-select,16,75268,0,P0273,STUDY0009,SESS1552,multi_select,random,ms_random,0,"{""Q0"":[""shape"",""material""]}",category_organization_2x2,button,clothing
ROW43125,2726,survey-multi-select,17,77995,0,P0273,STUDY0009,SESS1552,multi_select,random,ms_random,0,"{""Q0"":[""shape""]}",category_organization_2x2,earth,outside
ROW43126,2685,survey-multi-select,19,83721,0,P0273,STUDY0009,SESS1552,multi_select,random,ms_random,0,"{""Q0"":[""shape"",""material""]}",category_organization_2x2,croissant,food_drink
ROW43127,3137,survey-multi-select,20,86859,0,P0273,STUDY0009,SESS1552,multi_select,random,ms_random,0,"{""Q0"":[""shape"",""color"",""material""]}",category_organization_2x2,cheerios,food_drink
ROW43129,3005,survey-multi-select,21,89865,0,P0273,STUDY0009,SESS1552,multi_select,random,ms_random,0,"{""Q0"":[""shape"",""material""]}",category_organization_2x2,battery,household
ROW43128,3039,survey-multi-select,18,81035,0,P0273,STUDY0009,SESS1552,multi_select,random,ms_random,0,"{""Q0"":[""shape"",""material""]}",category_organization_2x2,sweater,clothing
ROW43130,2259,survey-multi-select,22,92125,0,P0273,STUDY0009,SESS1552,multi_select,random,ms_random,0,"{""Q0"":[""shape""]}",category_organization_2x2,knee,body_parts
ROW43131,1878,survey-multi-select,23,94005,0,P0273,STUDY0009,SESS1552,multi_select,random,ms_random,0,"{""Q0"":[""none of these""]}",category_organization_2x2,lavender,attention_check
ROW43132,4581,survey-multi-select,24,98588,0,P0273,STUDY0009,SESS1552,multi_select,random,ms_random,0,"{""Q0"":[""shape"",""material""]}",category_organization_2x2,card,toys
ROW43133,1321,instructions,26,150367,0,P0273,STUDY0009,SESS1552,multi_select,random,ms_random,0,,,,
ROW43134,50457,html-button-response,25,149045,0,P0273,STUDY0009,SESS1552,multi_select,random,ms_random,0,0,,,
ROW43135,1378,html-button-response,1,4382,0,P1826,STUDY0009,SESS1572,forced_choice,random,fc_random,0,0,precautions_survey,,
ROW43136,2471,html-button-response,2,6854,0,P1826,STUDY0009,SESS1572,forced_choice,random,fc_random,0,0,vocabulary_classification_criteria,,
ROW43137,3002,instructions,0,3003,0,P1826,STUDY0009,SESS1572,forced_choice,random,fc_random,0,,,,
ROW43138,7045,survey-multi-choice,5,40673,0,P1826,STUDY0009,SESS1572,forced_choice,random,fc_random,0,"{""Q0"":""shape""}",category_organization_2x2,pasta,food_drink
ROW43139,19533,survey-multi-choice,4,33627,0,P1826,STUDY0009,SESS1572,forced_choice,random,fc_random,0,"{""Q0"":""color""}",category_organization_2x2,flower pot,outside
ROW43140,7238,html-button-response,3,14093,0,P1826,STUDY0009,SESS1572,forced_choice,random,fc_random,0,0,lavender_instruction,,
ROW43141,3351,survey-multi-choice,7,50050,0,P1826,STUDY0009,SESS1572,forced_choice,random,fc_random,0,"{""Q0"":""material""}",category_organization_2x2,clothing,clothing
ROW43142,6024,survey-multi-choice,6,46698,0,P1826,STUDY0009,SESS1572,forced_choice,random,fc_random,0,"{""Q0"":""material""}",category_organization_2x2,fingernail,body_parts
ROW43143,4530,survey-multi-choice,8,54580,0,P1826,STUDY0009,SESS1572,forced_choice,random,fc_random,0,"{""Q0"":""none of these""}",category_organization_2x2,animal,animals
ROW43144,2790,survey-multi-choice,10,60764,0,P1826,STUDY0009,SESS1572,forced_choice,random,fc_random,0,"{""Q0"":""none of these""}",category_organization_2x2,pelican,other
ROW43145,3392,survey-multi-choice,9,57973,0,P1826,STUDY0009,SESS1572,forced_choice,random,fc_random,0,"{""Q0"":""none of these""}",category_organization_2x2,fan,household
ROW43146,3009,survey-multi-choice,11,63774,0,P1826,STUDY0009,SESS1572,forced_choice,random,fc_random,0,"{""Q0"":""none of these""}",category_organization_2x2,traffic,outside
ROW43147,1976,survey-multi-choice,12,65751,0,P1826,STUDY0009,SESS1572,forced_choice,random,fc_random,0,"{""Q0"":""none of these""}",category_organization_2x2,cat,animals
ROW43148,3149,survey-multi-choice,13,68901,0,P1826,STUDY0009,SESS1572,forced_choice,random,fc_random,0,"{""Q0"":""none of these""}",category_organization_2x2,wallet,household
ROW43149,2302,survey-multi-choice,14,71203,0,P1826,STUDY0009,SESS1572,forced_choice,random,fc_random,0,"{""Q0"":""material""}",category_organization_2x2,teddybear,animals
ROW43150,4040,survey-multi-choice,15,75244,0,P1826,STUDY0009,SESS1572,forced_choice,random,fc_random,0,"{""Q0"":""shape""}",category_organization_2x2,sink,furniture_rooms
ROW43151,2124,survey-multi-choice,16,77368,0,P1826,STUDY0009,SESS1572,forced_choice,random,fc_random,0,"{""Q0"":""none of these""}",category_organization_2x2,lavender,attention_check
ROW43152,2241,survey-multi-choice,17,79610,0,P1826,STUDY0009,SESS1572,forced_choice,random,fc_random,0,"{""Q0"":""none of these""}",category_organization_2x2,whale,animals
ROW43153,3309,survey-multi-choice,18,82920,0,P1826,STUDY0009,SESS1572,forced_choice,random,fc_random,0,"{""Q0"":""material""}",category_organization_2x2,sandbox,outside
ROW43154,3220,survey-multi-choice,20,88943,0,P1826,STUDY0009,SESS1572,forced_choice,random,fc_random,0,"{""Q0"":""shape""}",category_organization_2x2,telephone,household
ROW43155,2803,survey-multi-choice,19,85723,0,P1826,STUDY0009,SESS1572,forced_choice,random,fc_random,0,"{""Q0"":""none of these""}",category_organization_2x2,airplane,vehicles
ROW43156,3654,survey-multi-choice,21,92598,0,P1826,STUDY0009,SESS1572,forced_choice,random,fc_random,0,"{""Q0"":""none of these""}",category_organization_2x2,quesadilla,food_drink
ROW43157,2469,survey-multi-choice,22,95067,0,P1826,STUDY0009,SESS1572,forced_choice,random,fc_random,0,"{""Q0"":""none of these""}",category_organization_2x2,pear,food_drink
ROW43158,3658,survey-multi-choice,23,98725,0,P1826,STUDY0009,SESS1572,forced_choice,random,fc_random,0,"{""Q0"":""material""}",category_organization_2x2,toothbrush,household
ROW43159,3649,survey-multi-choice,24,102375,0,P1826,STUDY0009,SESS1572,forced_choice,random,fc_random,0,"{""Q0"":""material""}",category_organization_2x2,rock (object),outside
ROW43160,1591,html-button-response,25,103966,0,P1826,STUDY0009,SESS1572,forced_choice,random,fc_random,0,0,,,
ROW43161,2592,instructions,26,106559,0,P1826,STUDY0009,SESS1572,forced_choice,random,fc_random,0,,,,
ROW43162,12606,instructions,0,12607,0,P1610,STUDY0009,SESS1571,forced_choice,random,fc_random,0,,,,
ROW43163,1064,html-button-response,1,13673,0,P1610,STUDY0009,SESS1571,forced_choice,random,fc_random,0,0,precautions_survey,,
ROW43164,1165,html-button-response,2,14839,0,P1610,STUDY0009,SESS1571,forced_choice,random,fc_random,0,0,vocabulary_classification_criteria,,
ROW43165,5232,survey-multi-choice,4,23894,0,P1610,STUDY0009,SESS1571,forced_choice,random,fc_random,0,"{""Q0"":""color""}",category_organization_2x2,soy sauce,food_drink
ROW43166,3817,html-button-response,3,18657,0,P1610,STUDY0009,SESS1571,forced_choice,random,fc_random,0,0,lavender_instruction,,
ROW43167,3865,survey-multi-choice,5,27761,0,P1610,STUDY0009,SESS1571,forced_choice,random,fc_random,0,"{""Q0"":""material""}",category_organization_2x2,table,furniture_rooms
ROW43168,2248,survey-multi-choice,6,30012,0,P1610,STUDY0009,SESS1571,forced_choice,random,fc_random,0,"{""Q0"":""material""}",category_organization_2x2,bench,furniture_rooms
ROW43169,2949,survey-multi-choice,7,32963,0,P1610,STUDY0009,SESS1571,forced_choice,random,fc_random,0,"{""Q0"":""shape""}",category_organization_2x2,biscuit,food_drink
ROW43170,2082,survey-multi-choice,8,35046,0,P1610,STUDY0009,SESS1571,forced_choice,random,fc_random,0,"{""Q0"":""material""}",category_organization_2x2,drawer,furniture_rooms
ROW43171,5333,survey-multi-choice,9,40381,0,P1610,STUDY0009,SESS1571,forced_choice,random,fc_random,0,"{""Q0"":""color""}",category_organization_2x2,orange (food),food_drink
ROW43172,4217,survey-multi-choice,10,44600,0,P1610,STUDY0009,SESS1571,forced_choice,random,fc_random,0,"{""Q0"":""color""}",category_organization_2x2,apricot,food_drink
ROW43173,10867,survey-multi-choice,11,55469,0,P1610,STUDY0009,SESS1571,forced_choice,random,fc_random,0,"{""Q0"":""none of these""}",category_organization_2x2,lotion,other
ROW43174,8455,survey-multi-choice,12,63926,0,P1610,STUDY0009,SESS1571,forced_choice,random,fc_random,0,"{""Q0"":""none of these""}",category_organization_2x2,piglet,animals
ROW43175,3029,survey-multi-choice,13,66957,0,P1610,STUDY0009,SESS1571,forced_choice,random,fc_random,0,"{""Q0"":""material""}",category_organization_2x2,watch (object),household
ROW43176,2982,survey-multi-choice,14,69941,0,P1610,STUDY0009,SESS1571,forced_choice,random,fc_random,0,"{""Q0"":""shape""}",category_organization_2x2,bubbles,toys
ROW43177,2765,survey-multi-choice,15,72708,0,P1610,STUDY0009,SESS1571,forced_choice,random,fc_random,0,"{""Q0"":""color""}",category_organization_2x2,pastry,food_drink
ROW43178,6634,survey-multi-choice,16,79344,0,P1610,STUDY0009,SESS1571,forced_choice,random,fc_random,0,"{""Q0"":""material""}",category_organization_2x2,shawl,other
ROW43179,2649,survey-multi-choice,17,81995,0,P1610,STUDY0009,SESS1571,forced_choice,random,fc_random,0,"{""Q0"":""shape""}",category_organization_2x2,ruler,other
ROW43180,5316,survey-multi-choice,18,87313,0,P1610,STUDY0009,SESS1571,forced_choice,random,fc_random,0,"{""Q0"":""material""}",category_organization_2x2,baby food,other
ROW43181,4070,survey-multi-choice,19,91385,0,P1610,STUDY0009,SESS1571,forced_choice,random,fc_random,0,"{""Q0"":""shape""}",category_organization_2x2,back,body_parts
ROW43182,6463,survey-multi-choice,20,97850,0,P1610,STUDY0009,SESS1571,forced_choice,random,fc_random,0,"{""Q0"":""shape""}",category_organization_2x2,pacifier,household
ROW43183,2148,survey-multi-choice,21,100000,0,P1610,STUDY0009,SESS1571,forced_choice,random,fc_random,0,"{""Q0"":""material""}",category_organization_2x2,rocking chair,furniture_rooms
ROW43184,6167,survey-multi-choice,22,106169,0,P1610,STUDY0009,SESS1571,forced_choice,random,fc_random,0,"{""Q0"":""shape""}",category_organization_2x2,gut,body_parts
ROW43185,3716,survey-multi-choice,23,109887,0,P1610,STUDY0009,SESS1571,forced_choice,random,fc_random,0,"{""Q0"":""material""}",category_organization_2x2,vacuum cleaner,household
ROW43186,2487,survey-multi-choice,24,112376,0,P1610,STUDY0009,SESS1571,forced_choice,random,fc_random,0,"{""Q0"":""none of these""}",category_organization_2x2,lavender,attention_check
ROW43187,1027,html-button-response,25,113404,0,P1610,STUDY0009,SESS1571,forced_choice,random,fc_random,0,0,,,
ROW43188,1333,instructions,26,114738,0,P1610,STUDY0009,SESS1571,forced_choice,random,fc_random,0,,,,
ROW43189,10987,instructions,0,10990,0,P0721,STUDY0009,SESS1564,forced_choice,random,fc_random,0,,,,
ROW43190,20106,html-button-response,1,31098,0,P0721,STUDY0009,SESS1564,forced_choice,random,fc_random,0,0,precautions_survey,,
ROW43191,25076,html-button-response,2,56175,0,P0721,STUDY0009,SESS1564,forced_choice,random,fc_random,0,0,vocabulary_classification_criteria,,
ROW43192,6364,survey-multi-choice,5,73694,0,P0721,STUDY0009,SESS1564,forced_choice,random,fc_random,0,"{""Q0"":""color""}",category_organization_2x2,orange juice,other
ROW43193,4895,survey-multi-choice,4,67327,0,P0721,STUDY0009,SESS1564,forced_choice,random,fc_random,0,"{""Q0"":""material""}",category_organization_2x2,smoothie,food_drink
ROW43194,6252,html-button-response,3,62428,0,P0721,STUDY0009,SESS1564,forced_choice,random,fc_random,0,0,lavender_instruction,,
ROW43195,4358,survey-multi-choice,6,78053,0,P0721,STUDY0009,SESS1564,forced_choice,random,fc_random,0,"{""Q0"":""shape""}",category_organization_2x2,puppy,animals
ROW43196,5961,survey-multi-choice,7,84016,0,P0721,STUDY0009,SESS1564,forced_choice,random,fc_random,0,"{""Q0"":""shape""}",category_organization_2x2,rake (object),toys
ROW43197,2974,survey-multi-choice,8,86991,0,P0721,STUDY0009,SESS1564,forced_choice,random,fc_random,0,"{""Q0"":""shape""}",category_organization_2x2,pie,food_drink
ROW43198,3538,survey-multi-choice,9,90531,0,P0721,STUDY0009,SESS1564,forced_choice,random,fc_random,0,"{""Q0"":""material""}",category_organization_2x2,belt,clothing
ROW43199,3336,survey-multi-choice,10,93869,0,P0721,STUDY0009,SESS1564,forced_choice,random,fc_random,0,"{""Q0"":""shape""}",category_organization_2x2,watermelon,food_drink
ROW43200,3920,survey-multi-choice,11,97790,0,P0721,STUDY0009,SESS1564,forced_choice,random,fc_random,0,"{""Q0"":""material""}",category_organization_2x2,tissue,household
ROW43201,2473,survey-multi-choice,12,100264,0,P0721,STUDY0009,SESS1564,forced_choice,random,fc_random,0,"{""Q0"":""shape""}",category_organization_2x2,balloon,toys
ROW43202,3741,survey-multi-choice,13,104007,0,P0721,STUDY0009,SESS1564,forced_choice,random,fc_random,0,"{""Q0"":""material""}",category_organization_2x2,jar,household
ROW43203,1601,survey-multi-choice,14,105610,0,P0721,STUDY0009,SESS1564,forced_choice,random,fc_random,0,"{""Q0"":""shape""}",category_organization_2x2,pie,food_drink
ROW43204,3866,survey-multi-choice,15,109477,0,P0721,STUDY0009,SESS1564,forced_choice,random,fc_random,0,"{""Q0"":""shape""}",category_organization_2x2,mushroom,food_drink
ROW43205,3255,survey-multi-choice,16,112734,0,P0721,STUDY0009,SESS1564,forced_choice,random,fc_random,0,"{""Q0"":""material""}",category_organization_2x2,meatball,food_drink
ROW43206,3735,survey-multi-choice,17,116471,0,P0721,STUDY0009,SESS1564,forced_choice,random,fc_random,0,"{""Q0"":""shape""}",category_organization_2x2,atole,food_drink
ROW43207,2180,survey-multi-choice,18,118652,0,P0721,STUDY0009,SESS1564,forced_choice,random,fc_random,0,"{""Q0"":""material""}",category_organization_2x2,ribbon,clothing
ROW43208,2611,survey-multi-choice,19,121264,0,P0721,STUDY0009,SESS1564,forced_choice,random,fc_random,0,"{""Q0"":""material""}",category_organization_2x2,glue (object),toys
ROW43209,4348,survey-multi-choice,20,125614,0,P0721,STUDY0009,SESS1564,forced_choice,random,fc_random,0,"{""Q0"":""shape""}",category_organization_2x2,pen,toys
ROW43210,3526,survey-multi-choice,21,129141,0,P0721,STUDY0009,SESS1564,forced_choice,random,fc_random,0,"{""Q0"":""material""}",category_organization_2x2,table,furniture_rooms
ROW43211,2773,survey-multi-choice,22,131915,0,P0721,STUDY0009,SESS1564,forced_choice,random,fc_random,0,"{""Q0"":""shape""}",category_organization_2x2,food,food_drink
ROW43212,1870,survey-multi-choice,24,136368,0,P0721,STUDY0009,SESS1564,forced_choice,random,fc_random,0,"{""Q0"":""none of these""}",category_organization_2x2,lavender,attention_check
ROW43213,2580,survey-multi-choice,23,134497,0,P0721,STUDY0009,SESS1564,forced_choice,random,fc_random,0,"{""Q0"":""shape""}",category_organization_2x2,elephant,animals
ROW43214,870,html-button-response,25,137240,0,P0721,STUDY0009,SESS1564,forced_choice,random,fc_random,0,0,,,
ROW43215,2716,instructions,26,139957,0,P0721,STUDY0009,SESS1564,forced_choice,random,fc_random,0,,,,
ROW43216,3351,instructions,0,3351,0,P1886,STUDY0009,SESS1569,multi_select,random,ms_random,0,,,,
ROW43217,16249,html-button-response,2,21018,0,P1886,STUDY0009,SESS1569,multi_select,random,ms_random,0,0,vocabulary_classification_criteria,,
ROW43218,1415,html-button-response,1,4768,0,P1886,STUDY0009,SESS1569,multi_select,random,ms_random,0,0,precautions_survey,,
ROW43219,8398,survey-multi-select,5,38434,0,P1886,STUDY0009,SESS1569,multi_select,random,ms_random,0,"{""Q0"":[""shape""]}",category_organization_2x2,tricycle,vehicles
ROW43220,3314,survey-multi-select,4,30034,0,P1886,STUDY0009,SESS1569,multi_select,random,ms_random,0,"{""Q0"":[""none of these""]}",category_organization_2x2,lavender,attention_check
ROW43221,5699,html-button-response,3,26718,0,P1886,STUDY0009,SESS1569,multi_select,random,ms_random,0,0,lavender_instruction,,
ROW43222,4148,survey-multi-select,7,45968,0,P1886,STUDY0009,SESS1569,multi_select,random,ms_random,0,"{""Q0"":[""material""]}",category_organization_2x2,crayon,toys
ROW43223,3382,survey-multi-select,6,41818,0,P1886,STUDY0009,SESS1569,multi_select,random,ms_random,0,"{""Q0"":[""material""]}",category_organization_2x2,window,furniture_rooms
ROW43224,8031,survey-multi-select,9,58818,0,P1886,STUDY0009,SESS1569,multi_select,random,ms_random,0,"{""Q0"":[""shape"",""material""]}",category_organization_2x2,tower,other
ROW43225,4815,survey-multi-select,8,50785,0,P1886,STUDY0009,SESS1569,multi_select,random,ms_random,0,"{""Q0"":[""shape""]}",category_organization_2x2,swallow (animal),animals
ROW43226,5065,survey-multi-select,10,63884,0,P1886,STUDY0009,SESS1569,multi_select,random,ms_random,0,"{""Q0"":[""shape"",""color""]}",category_organization_2x2,hedgehog,animals
ROW43227,4648,survey-multi-select,11,68534,0,P1886,STUDY0009,SESS1569,multi_select,random,ms_random,0,"{""Q0"":[""shape"",""material""]}",category_organization_2x2,blanket,household
ROW43228,5484,instructions,0,5485,0,P1754,STUDY0009,SESS1561,forced_choice,semantic_blocked,fc_blocked,0,,,,
ROW43229,12289,html-button-response,1,17774,0,P1754,STUDY0009,SESS1561,forced_choice,semantic_blocked,fc_blocked,0,0,precautions_survey,,
ROW43230,18843,html-button-response,2,36618,0,P1754,STUDY0009,SESS1561,forced_choice,semantic_blocked,fc_blocked,0,0,vocabulary_classification_criteria,,
ROW43231,4642,html-button-response,4,46818,0,P1754,STUDY0009,SESS1561,forced_choice,semantic_blocked,fc_blocked,0,0,category_section_intro,,vehicles
ROW43232,5557,html-button-response,3,42176,0,P1754,STUDY0009,SESS1561,forced_choice,semantic_blocked,fc_blocked,0,0,lavender_instruction,,
ROW43233,7375,survey-multi-choice,5,54194,0,P1754,STUDY0009,SESS1561,forced_choice,semantic_blocked,fc_blocked,0,"{""Q0"":""shape""}",category_organization_2x2,ambulance,vehicles
ROW43234,6110,survey-multi-choice,6,60306,0,P1754,STUDY0009,SESS1561,forced_choice,semantic_blocked,fc_blocked,0,"{""Q0"":""shape""}",category_organization_2x2,kayak,vehicles
ROW43235,5213,survey-multi-choice,7,65520,0,P1754,STUDY0009,SESS1561,forced_choice,semantic_blocked,fc_blocked,0,"{""Q0"":""material""}",category_organization_2x2,stroller,vehicles
ROW43236,3252,html-button-response,8,68772,0,P1754,STUDY0009,SESS1561,forced_choice,semantic_blocked,fc_blocked,0,0,category_section_intro,,toys
ROW43238,2153,html-button-response,10,75926,0,P1754,STUDY0009,SESS1561,forced_choice,semantic_blocked,fc_blocked,0,0,category_section_intro,,furniture_rooms
ROW43237,4999,survey-multi-choice,9,73772,0,P1754,STUDY0009,SESS1561,forced_choice,semantic_blocked,fc_blocked,0,"{""Q0"":""shape""}",category_organization_2x2,bubbles,toys
ROW43239,6150,survey-multi-choice,11,82076,0,P1754,STUDY0009,SESS1561,forced_choice,semantic_blocked,fc_blocked,0,"{""Q0"":""shape""}",category_organization_2x2,balcony,furniture_rooms
ROW43240,4003,survey-multi-choice,12,86080,0,P1754,STUDY0009,SESS1561,forced_choice,semantic_blocked,fc_blocked,0,"{""Q0"":""material""}",category_organization_2x2,furniture,furniture_rooms
ROW43241,2576,html-button-response,13,88656,0,P1754,STUDY0009,SESS1561,forced_choice,semantic_blocked,fc_blocked,0,0,category_section_intro,,food_drink
ROW43242,3511,survey-multi-choice,14,92168,0,P1754,STUDY0009,SESS1561,forced_choice,semantic_blocked,fc_blocked,0,"{""Q0"":""color""}",category_organization_2x2,cracker,food_drink
ROW43243,3149,survey-multi-choice,15,95318,0,P1754,STUDY0009,SESS1561,forced_choice,semantic_blocked,fc_blocked,0,"{""Q0"":""shape""}",category_organization_2x2,cucumber,food_drink
ROW43244,4718,survey-multi-choice,17,103668,0,P1754,STUDY0009,SESS1561,forced_choice,semantic_blocked,fc_blocked,0,"{""Q0"":""color""}",category_organization_2x2,green beans,food_drink
ROW43245,3631,survey-multi-choice,16,98950,0,P1754,STUDY0009,SESS1561,forced_choice,semantic_blocked,fc_blocked,0,"{""Q0"":""color""}",category_organization_2x2,french fries,food_drink
ROW43246,4959,survey-multi-choice,18,108628,0,P1754,STUDY0009,SESS1561,forced_choice,semantic_blocked,fc_blocked,0,"{""Q0"":""material""}",category_organization_2x2,ham,food_drink
ROW43247,4300,html-button-response,19,112928,0,P1754,STUDY0009,SESS1561,forced_choice,semantic_blocked,fc_blocked,0,0,category_section_intro,,body_parts
ROW43248,3635,survey-multi-choice,20,116564,0,P1754,STUDY0009,SESS1561,forced_choice,semantic_blocked,fc_blocked,0,"{""Q0"":""shape""}",category_organization_2x2,arm,body_parts
ROW43249,3291,survey-multi-choice,23,124984,0,P1754,STUDY0009,SESS1561,forced_choice,semantic_blocked,fc_blocked,0,"{""Q0"":""material""}",category_organization_2x2,newspaper,household
ROW43250,1896,html-button-response,21,118460,0,P1754,STUDY0009,SESS1561,forced_choice,semantic_blocked,fc_blocked,0,0,category_section_intro,,household
ROW43251,3232,survey-multi-choice,22,121693,0,P1754,STUDY0009,SESS1561,forced_choice,semantic_blocked,fc_blocked,0,"{""Q0"":""shape""}",category_organization_2x2,cup,household
ROW43252,4328,survey-multi-choice,24,129312,0,P1754,STUDY0009,SESS1561,forced_choice,semantic_blocked,fc_blocked,0,"{""Q0"":""shape""}",category_organization_2x2,plate,household
ROW43253,3877,survey-multi-choice,25,133190,0,P1754,STUDY0009,SESS1561,forced_choice,semantic_blocked,fc_blocked,0,"{""Q0"":""color""}",category_organization_2x2,straw,household
ROW43254,4899,survey-multi-choice,26,138090,0,P1754,STUDY0009,SESS1561,forced_choice,semantic_blocked,fc_blocked,0,"{""Q0"":""none of these""}",category_organization_2x2,vacuum,household
ROW43255,3592,html-button-response,27,141682,0,P1754,STUDY0009,SESS1561,forced_choice,semantic_blocked,fc_blocked,0,0,category_section_intro,,outside
ROW43256,2617,survey-multi-choice,28,144300,0,P1754,STUDY0009,SESS1561,forced_choice,semantic_blocked,fc_blocked,0,"{""Q0"":""color""}",category_organization_2x2,sea,outside
ROW43257,1745,html-button-response,29,146046,0,P1754,STUDY0009,SESS1561,forced_choice,semantic_blocked,fc_blocked,0,0,category_section_intro,,other
ROW43258,3947,survey-multi-choice,30,149994,0,P1754,STUDY0009,SESS1561,forced_choice,semantic_blocked,fc_blocked,0,"{""Q0"":""color""}",category_organization_2x2,beach,other
ROW43259,6530,survey-multi-choice,31,156524,0,P1754,STUDY0009,SESS1561,forced_choice,semantic_blocked,fc_blocked,0,"{""Q0"":""none of these""}",category_organization_2x2,store,other
ROW43260,2261,survey-multi-choice,32,158786,0,P1754,STUDY0009,SESS1561,forced_choice,semantic_blocked,fc_blocked,0,"{""Q0"":""none of these""}",category_organization_2x2,lavender,attention_check
ROW43261,993,html-button-response,33,159780,0,P1754,STUDY0009,SESS1561,forced_choice,semantic_blocked,fc_blocked,0,0,,,
ROW43262,2558,instructions,34,162338,0,P1754,STUDY0009,SESS1561,forced_choice,semantic_blocked,fc_blocked,0,,,,
ROW43263,11628,html-button-response,2,50667,0,P1802,STUDY0009,SESS1568,forced_choice,random,fc_random,0,0,vocabulary_classification_criteria,,
ROW43264,19078,instructions,0,19083,0,P1802,STUDY0009,SESS1568,forced_choice,random,fc_random,0,,,,
ROW43265,8105,survey-multi-choice,4,62984,0,P1802,STUDY0009,SESS1568,forced_choice,random,fc_random,0,"{""Q0"":""none of these""}",category_organization_2x2,tricycle,vehicles
ROW43266,5940,survey-multi-choice,5,68926,0,P1802,STUDY0009,SESS1568,forced_choice,random,fc_random,0,"{""Q0"":""none of these""}",category_organization_2x2,window,furniture_rooms
ROW43267,4210,html-button-response,3,54877,0,P1802,STUDY0009,SESS1568,forced_choice,random,fc_random,0,0,lavender_instruction,,
ROW43268,19952,html-button-response,1,39037,0,P1802,STUDY0009,SESS1568,forced_choice,random,fc_random,0,0,precautions_survey,,
ROW43269,6882,survey-multi-choice,6,75810,0,P1802,STUDY0009,SESS1568,forced_choice,random,fc_random,0,"{""Q0"":""none of these""}",category_organization_2x2,crayon,toys
ROW43270,3493,survey-multi-choice,7,79304,0,P1802,STUDY0009,SESS1568,forced_choice,random,fc_random,0,"{""Q0"":""none of these""}",category_organization_2x2,swallow (animal),animals
ROW43271,6824,survey-multi-choice,8,86130,0,P1802,STUDY0009,SESS1568,forced_choice,random,fc_random,0,"{""Q0"":""none of these""}",category_organization_2x2,tower,other
ROW43272,27846,survey-multi-choice,9,113977,0,P1802,STUDY0009,SESS1568,forced_choice,random,fc_random,0,"{""Q0"":""none of these""}",category_organization_2x2,hedgehog,animals
ROW43273,4650,survey-multi-choice,10,118628,0,P1802,STUDY0009,SESS1568,forced_choice,random,fc_random,0,"{""Q0"":""shape""}",category_organization_2x2,blanket,household
ROW43274,2238,survey-multi-choice,11,120867,0,P1802,STUDY0009,SESS1568,forced_choice,random,fc_random,0,"{""Q0"":""none of these""}",category_organization_2x2,hair dryer,furniture_rooms
ROW43275,5755,survey-multi-choice,12,126624,0,P1802,STUDY0009,SESS1568,forced_choice,random,fc_random,0,"{""Q0"":""none of these""}",category_organization_2x2,light (object),household
ROW43276,2173,survey-multi-choice,13,128798,0,P1802,STUDY0009,SESS1568,forced_choice,random,fc_random,0,"{""Q0"":""none of these""}",category_organization_2x2,locomotive,vehicles
ROW43277,1898,survey-multi-choice,14,130697,0,P1802,STUDY0009,SESS1568,forced_choice,random,fc_random,0,"{""Q0"":""none of these""}",category_organization_2x2,drawer,furniture_rooms
ROW43278,3718,survey-multi-choice,16,138441,0,P1802,STUDY0009,SESS1568,forced_choice,random,fc_random,0,"{""Q0"":""none of these""}",category_organization_2x2,sailboat,other
ROW43279,4023,survey-multi-choice,15,134721,0,P1802,STUDY0009,SESS1568,forced_choice,random,fc_random,0,"{""Q0"":""material""}",category_organization_2x2,vinegar,food_drink
ROW43280,2224,survey-multi-choice,17,140666,0,P1802,STUDY0009,SESS1568,forced_choice,random,fc_random,0,"{""Q0"":""none of these""}",category_organization_2x2,alligator,animals
ROW43281,2650,survey-multi-choice,18,143317,0,P1802,STUDY0009,SESS1568,forced_choice,random,fc_random,0,"{""Q0"":""none of these""}",category_organization_2x2,kangaroo,animals
ROW43282,2975,survey-multi-choice,19,146293,0,P1802,STUDY0009,SESS1568,forced_choice,random,fc_random,0,"{""Q0"":""none of these""}",category_organization_2x2,dinosaur,animals
ROW43283,4195,survey-multi-choice,20,150489,0,P1802,STUDY0009,SESS1568,forced_choice,random,fc_random,0,"{""Q0"":""none of these""}",category_organization_2x2,soap,household
ROW43284,7194,survey-multi-choice,21,157684,0,P1802,STUDY0009,SESS1568,forced_choice,random,fc_random,0,"{""Q0"":""material""}",category_organization_2x2,sweater,clothing
ROW43285,2866,survey-multi-choice,22,160551,0,P1802,STUDY0009,SESS1568,forced_choice,random,fc_random,0,"{""Q0"":""none of these""}",category_organization_2x2,sled,vehicles
ROW43286,3141,survey-multi-choice,23,163694,0,P1802,STUDY0009,SESS1568,forced_choice,random,fc_random,0,"{""Q0"":""material""}",category_organization_2x2,clothes,clothing
ROW43287,1934,survey-multi-choice,24,165629,0,P1802,STUDY0009,SESS1568,forced_choice,random,fc_random,0,"{""Q0"":""none of these""}",category_organization_2x2,lavender,attention_check
ROW43288,1978,html-button-response,25,167609,0,P1802,STUDY0009,SESS1568,forced_choice,random,fc_random,0,0,,,
ROW43289,2694,instructions,26,170303,0,P1802,STUDY0009,SESS1568,forced_choice,random,fc_random,0,,,,
ROW43290,3018,instructions,0,3019,0,P1723,STUDY0009,SESS1558,multi_select,semantic_blocked,ms_blocked,0,,,,
ROW43291,19698,html-button-response,1,22720,0,P1723,STUDY0009,SESS1558,multi_select,semantic_blocked,ms_blocked,0,0,precautions_survey,,
ROW43292,12651,html-button-response,2,35373,0,P1723,STUDY0009,SESS1558,multi_select,semantic_blocked,ms_blocked,0,0,vocabulary_classification_criteria,,
ROW43293,6965,html-button-response,3,42339,0,P1723,STUDY0009,SESS1558,multi_select,semantic_blocked,ms_blocked,0,0,lavender_instruction,,
ROW43294,12756,survey-multi-select,5,62975,0,P1723,STUDY0009,SESS1558,multi_select,semantic_blocked,ms_blocked,0,"{""Q0"":[""none of these""]}",category_organization_2x2,locomotive,vehicles
ROW43295,7873,html-button-response,4,50214,0,P1723,STUDY0009,SESS1558,multi_select,semantic_blocked,ms_blocked,0,0,category_section_intro,,vehicles
ROW43296,6198,survey-multi-select,6,69176,0,P1723,STUDY0009,SESS1558,multi_select,semantic_blocked,ms_blocked,0,"{""Q0"":[""shape""]}",category_organization_2x2,sled,vehicles
ROW43297,3525,survey-multi-select,7,72703,0,P1723,STUDY0009,SESS1558,multi_select,semantic_blocked,ms_blocked,0,"{""Q0"":[""shape""]}",category_organization_2x2,tricycle,vehicles
ROW43298,2203,html-button-response,8,74908,0,P1723,STUDY0009,SESS1558,multi_select,semantic_blocked,ms_blocked,0,0,category_section_intro,,toys
ROW43299,4886,survey-multi-select,9,79796,0,P1723,STUDY0009,SESS1558,multi_select,semantic_blocked,ms_blocked,0,"{""Q0"":[""color"",""material""]}",category_organization_2x2,crayon,toys
ROW43300,5901,survey-multi-select,11,88456,0,P1723,STUDY0009,SESS1558,multi_select,semantic_blocked,ms_blocked,0,"{""Q0"":[""shape"",""color""]}",category_organization_2x2,alligator,animals
ROW43301,2756,html-button-response,10,82554,0,P1723,STUDY0009,SESS1558,multi_select,semantic_blocked,ms_blocked,0,0,category_section_intro,,animals
ROW43302,1471,html-button-response,16,108841,0,P1723,STUDY0009,SESS1558,multi_select,semantic_blocked,ms_blocked,0,0,category_section_intro,,clothing
ROW43303,4682,survey-multi-select,15,107368,0,P1723,STUDY0009,SESS1558,multi_select,semantic_blocked,ms_blocked,0,"{""Q0"":[""shape"",""color""]}",category_organization_2x2,swallow (animal),animals
ROW43304,3787,survey-multi-select,13,98067,0,P1723,STUDY0009,SESS1558,multi_select,semantic_blocked,ms_blocked,0,"{""Q0"":[""shape"",""color""]}",category_organization_2x2,hedgehog,animals
ROW43305,5821,survey-multi-select,12,94279,0,P1723,STUDY0009,SESS1558,multi_select,semantic_blocked,ms_blocked,0,"{""Q0"":[""shape""]}",category_organization_2x2,dinosaur,animals
ROW43306,4614,survey-multi-select,14,102683,0,P1723,STUDY0009,SESS1558,multi_select,semantic_blocked,ms_blocked,0,"{""Q0"":[""shape""]}",category_organization_2x2,kangaroo,animals
ROW43307,5485,survey-multi-select,17,114328,0,P1723,STUDY0009,SESS1558,multi_select,semantic_blocked,ms_blocked,0,"{""Q0"":[""shape"",""color"",""material""]}",category_organization_2x2,clothes,clothing
ROW43308,4717,survey-multi-select,18,119047,0,P1723,STUDY0009,SESS1558,multi_select,semantic_blocked,ms_blocked,0,"{""Q0"":[""shape"",""color"",""material""]}",category_organization_2x2,sweater,clothing
ROW43309,1324,html-button-response,19,120379,0,P1723,STUDY0009,SESS1558,multi_select,semantic_blocked,ms_blocked,0,0,category_section_intro,,furniture_rooms
ROW43310,3444,survey-multi-select,21,132493,0,P1723,STUDY0009,SESS1558,multi_select,semantic_blocked,ms_blocked,0,"{""Q0"":[""shape""]}",category_organization_2x2,hair dryer,furniture_rooms
ROW43311,8667,survey-multi-select,20,129047,0,P1723,STUDY0009,SESS1558,multi_select,semantic_blocked,ms_blocked,0,"{""Q0"":[""shape"",""color"",""material""]}",category_organization_2x2,drawer,furniture_rooms
ROW43312,5887,survey-multi-select,22,138381,0,P1723,STUDY0009,SESS1558,multi_select,semantic_blocked,ms_blocked,0,"{""Q0"":[""shape"",""material""]}",category_organization_2x2,window,furniture_rooms
ROW43313,1481,html-button-response,23,139864,0,P1723,STUDY0009,SESS1558,multi_select,semantic_blocked,ms_blocked,0,0,category_section_intro,,food_drink
ROW43314,5748,survey-multi-select,24,145614,0,P1723,STUDY0009,SESS1558,multi_select,semantic_blocked,ms_blocked,0,"{""Q0"":[""color""]}",category_organization_2x2,vinegar,food_drink
ROW43315,5272,survey-multi-select,26,152329,0,P1723,STUDY0009,SESS1558,multi_select,semantic_blocked,ms_blocked,0,"{""Q0"":[""color"",""material""]}",category_organization_2x2,blanket,household
ROW43316,1440,html-button-response,25,147055,0,P1723,STUDY0009,SESS1558,multi_select,semantic_blocked,ms_blocked,0,0,category_section_intro,,household
ROW43317,5836,survey-multi-select,27,158167,0,P1723,STUDY0009,SESS1558,multi_select,semantic_blocked,ms_blocked,0,"{""Q0"":[""shape"",""color"",""material""]}",category_organization_2x2,light (object),household
ROW43318,6311,survey-multi-select,28,164480,0,P1723,STUDY0009,SESS1558,multi_select,semantic_blocked,ms_blocked,0,"{""Q0"":[""shape"",""color""]}",category_organization_2x2,soap,household
ROW43319,1622,html-button-response,29,166103,0,P1723,STUDY0009,SESS1558,multi_select,semantic_blocked,ms_blocked,0,0,category_section_intro,,other
ROW43320,5408,survey-multi-select,30,171513,0,P1723,STUDY0009,SESS1558,multi_select,semantic_blocked,ms_blocked,0,"{""Q0"":[""shape"",""color""]}",category_organization_2x2,sailboat,other
ROW43321,3718,survey-multi-select,31,175233,0,P1723,STUDY0009,SESS1558,multi_select,semantic_blocked,ms_blocked,0,"{""Q0"":[""shape""]}",category_organization_2x2,tower,other
ROW43322,2742,survey-multi-select,32,177976,0,P1723,STUDY0009,SESS1558,multi_select,semantic_blocked,ms_blocked,0,"{""Q0"":[""none of these""]}",category_organization_2x2,lavender,attention_check
ROW43323,1364,html-button-response,33,179341,0,P1723,STUDY0009,SESS1558,multi_select,semantic_blocked,ms_blocked,0,0,,,
ROW43324,3343,instructions,34,182692,0,P1723,STUDY0009,SESS1558,multi_select,semantic_blocked,ms_blocked,0,,,,
ROW43325,42873,instructions,0,42879,0,P1768,STUDY0009,SESS1559,multi_select,semantic_blocked,ms_blocked,0,,,,
ROW43326,9421,html-button-response,1,52305,0,P1768,STUDY0009,SESS1559,multi_select,semantic_blocked,ms_blocked,0,0,precautions_survey,,
ROW43327,13052,html-button-response,2,65358,0,P1768,STUDY0009,SESS1559,multi_select,semantic_blocked,ms_blocked,0,0,vocabulary_classification_criteria,,
ROW43328,7942,html-button-response,3,73304,0,P1768,STUDY0009,SESS1559,multi_select,semantic_blocked,ms_blocked,0,0,lavender_instruction,,
ROW43329,6381,html-button-response,4,79689,0,P1768,STUDY0009,SESS1559,multi_select,semantic_blocked,ms_blocked,0,0,category_section_intro,,toys
ROW43330,9736,survey-multi-select,5,89437,0,P1768,STUDY0009,SESS1559,multi_select,semantic_blocked,ms_blocked,0,"{""Q0"":[""shape""]}",category_organization_2x2,balloon,toys
ROW43331,5175,survey-multi-select,6,94619,0,P1768,STUDY0009,SESS1559,multi_select,semantic_blocked,ms_blocked,0,"{""Q0"":[""material""]}",category_organization_2x2,glue (object),toys
ROW43332,5051,survey-multi-select,7,99676,0,P1768,STUDY0009,SESS1559,multi_select,semantic_blocked,ms_blocked,0,"{""Q0"":[""material""]}",category_organization_2x2,pen,toys
ROW43333,5309,survey-multi-select,8,104988,0,P1768,STUDY0009,SESS1559,multi_select,semantic_blocked,ms_blocked,0,"{""Q0"":[""shape""]}",category_organization_2x2,rake (object),toys
ROW43334,1862,html-button-response,9,106852,0,P1768,STUDY0009,SESS1559,multi_select,semantic_blocked,ms_blocked,0,0,category_section_intro,,animals
ROW43335,4759,survey-multi-select,10,111617,0,P1768,STUDY0009,SESS1559,multi_select,semantic_blocked,ms_blocked,0,"{""Q0"":[""shape""]}",category_organization_2x2,elephant,animals
ROW43336,3680,survey-multi-select,11,115303,0,P1768,STUDY0009,SESS1559,multi_select,semantic_blocked,ms_blocked,0,"{""Q0"":[""shape""]}",category_organization_2x2,puppy,animals
ROW43337,1278,html-button-response,12,116583,0,P1768,STUDY0009,SESS1559,multi_select,semantic_blocked,ms_blocked,0,0,category_section_intro,,clothing
ROW43338,8876,survey-multi-select,13,125464,0,P1768,STUDY0009,SESS1559,multi_select,semantic_blocked,ms_blocked,0,"{""Q0"":[""shape""]}",category_organization_2x2,belt,clothing
ROW43339,7994,survey-multi-select,14,133465,0,P1768,STUDY0009,SESS1559,multi_select,semantic_blocked,ms_blocked,0,"{""Q0"":[""color"",""material""]}",category_organization_2x2,ribbon,clothing
ROW43340,1764,html-button-response,15,135232,0,P1768,STUDY0009,SESS1559,multi_select,semantic_blocked,ms_blocked,0,0,category_section_intro,,furniture_rooms
ROW43341,5192,survey-multi-select,16,140429,0,P1768,STUDY0009,SESS1559,multi_select,semantic_blocked,ms_blocked,0,"{""Q0"":[""shape""]}",category_organization_2x2,table,furniture_rooms
ROW43342,1433,html-button-response,17,141865,0,P1768,STUDY0009,SESS1559,multi_select,semantic_blocked,ms_blocked,0,0,category_section_intro,,food_drink
ROW43343,4493,survey-multi-select,18,146362,0,P1768,STUDY0009,SESS1559,multi_select,semantic_blocked,ms_blocked,0,"{""Q0"":[""shape""]}",category_organization_2x2,atole,food_drink
ROW43344,4179,survey-multi-select,19,150546,0,P1768,STUDY0009,SESS1559,multi_select,semantic_blocked,ms_blocked,0,"{""Q0"":[""material""]}",category_organization_2x2,food,food_drink
ROW43345,4327,survey-multi-select,20,154879,0,P1768,STUDY0009,SESS1559,multi_select,semantic_blocked,ms_blocked,0,"{""Q0"":[""shape""]}",category_organization_2x2,meatball,food_drink
ROW43346,7413,survey-multi-select,21,162297,0,P1768,STUDY0009,SESS1559,multi_select,semantic_blocked,ms_blocked,0,"{""Q0"":[""shape"",""material""]}",category_organization_2x2,mushroom,food_drink
ROW43347,4338,survey-multi-select,22,166641,0,P1768,STUDY0009,SESS1559,multi_select,semantic_blocked,ms_blocked,0,"{""Q0"":[""shape""]}",category_organization_2x2,pie,food_drink
ROW43348,5548,survey-multi-select,23,172193,0,P1768,STUDY0009,SESS1559,multi_select,semantic_blocked,ms_blocked,0,"{""Q0"":[""shape""]}",category_organization_2x2,pie,food_drink
ROW43349,3826,survey-multi-select,24,176024,0,P1768,STUDY0009,SESS1559,multi_select,semantic_blocked,ms_blocked,0,"{""Q0"":[""material""]}",category_organization_2x2,smoothie,food_drink
ROW43350,5296,survey-multi-select,25,181326,0,P1768,STUDY0009,SESS1559,multi_select,semantic_blocked,ms_blocked,0,"{""Q0"":[""shape""]}",category_organization_2x2,watermelon,food_drink
ROW43351,1629,html-button-response,26,182958,0,P1768,STUDY0009,SESS1559,multi_select,semantic_blocked,ms_blocked,0,0,category_section_intro,,household
ROW43352,5744,survey-multi-select,27,188707,0,P1768,STUDY0009,SESS1559,multi_select,semantic_blocked,ms_blocked,0,"{""Q0"":[""shape""]}",category_organization_2x2,jar,household
ROW43353,5295,survey-multi-select,28,194006,0,P1768,STUDY0009,SESS1559,multi_select,semantic_blocked,ms_blocked,0,"{""Q0"":[""material""]}",category_organization_2x2,tissue,household
ROW43354,1548,html-button-response,29,195557,0,P1768,STUDY0009,SESS1559,multi_select,semantic_blocked,ms_blocked,0,0,category_section_intro,,other
ROW43355,5913,survey-multi-select,30,201475,0,P1768,STUDY0009,SESS1559,multi_select,semantic_blocked,ms_blocked,0,"{""Q0"":[""color""]}",category_organization_2x2,orange juice,other
ROW43356,3760,survey-multi-select,31,205241,0,P1768,STUDY0009,SESS1559,multi_select,semantic_blocked,ms_blocked,0,"{""Q0"":[""none of these""]}",category_organization_2x2,lavender,attention_check
ROW43357,1527,html-button-response,32,206772,0,P1768,STUDY0009,SESS1559,multi_select,semantic_blocked,ms_blocked,0,0,,,
ROW43358,2330,instructions,33,209103,0,P1768,STUDY0009,SESS1559,multi_select,semantic_blocked,ms_blocked,0,,,,
ROW43359,18235,html-button-response,1,26539,0,P1559,STUDY0009,SESS1567,forced_choice,random,fc_random,0,0,precautions_survey,,
ROW43360,8298,instructions,0,8300,0,P1559,STUDY0009,SESS1567,forced_choice,random,fc_random,0,,,,
ROW43361,8692,html-button-response,3,60930,0,P1559,STUDY0009,SESS1567,forced_choice,random,fc_random,0,0,lavender_instruction,,
ROW43362,16585,survey-multi-choice,4,77518,0,P1559,STUDY0009,SESS1567,forced_choice,random,fc_random,0,"{""Q0"":""shape""}",category_organization_2x2,newspaper,household
ROW43363,25695,html-button-response,2,52237,0,P1559,STUDY0009,SESS1567,forced_choice,random,fc_random,0,0,vocabulary_classification_criteria,,
ROW43364,9113,survey-multi-choice,5,86634,0,P1559,STUDY0009,SESS1567,forced_choice,random,fc_random,0,"{""Q0"":""material""}",category_organization_2x2,vacuum,household
ROW43365,4252,survey-multi-choice,6,90888,0,P1559,STUDY0009,SESS1567,forced_choice,random,fc_random,0,"{""Q0"":""color""}",category_organization_2x2,cucumber,food_drink
ROW43366,5500,survey-multi-choice,7,96390,0,P1559,STUDY0009,SESS1567,forced_choice,random,fc_random,0,"{""Q0"":""shape""}",category_organization_2x2,cracker,food_drink
ROW43367,6137,survey-multi-choice,8,102530,0,P1559,STUDY0009,SESS1567,forced_choice,random,fc_random,0,"{""Q0"":""color""}",category_organization_2x2,store,other
ROW43368,8364,survey-multi-choice,9,110897,0,P1559,STUDY0009,SESS1567,forced_choice,random,fc_random,0,"{""Q0"":""color""}",category_organization_2x2,sea,outside
ROW43369,4580,survey-multi-choice,11,119878,0,P1559,STUDY0009,SESS1567,forced_choice,random,fc_random,0,"{""Q0"":""color""}",category_organization_2x2,green beans,food_drink
ROW43370,4394,survey-multi-choice,10,115294,0,P1559,STUDY0009,SESS1567,forced_choice,random,fc_random,0,"{""Q0"":""shape""}",category_organization_2x2,cup,household
ROW43371,5037,survey-multi-choice,15,141523,0,P1559,STUDY0009,SESS1567,forced_choice,random,fc_random,0,"{""Q0"":""shape""}",category_organization_2x2,kayak,vehicles
ROW43372,6528,survey-multi-choice,13,131160,0,P1559,STUDY0009,SESS1567,forced_choice,random,fc_random,0,"{""Q0"":""material""}",category_organization_2x2,ham,food_drink
ROW43373,4746,survey-multi-choice,12,124628,0,P1559,STUDY0009,SESS1567,forced_choice,random,fc_random,0,"{""Q0"":""shape""}",category_organization_2x2,plate,household
ROW43374,3844,survey-multi-choice,16,145372,0,P1559,STUDY0009,SESS1567,forced_choice,random,fc_random,0,"{""Q0"":""color""}",category_organization_2x2,beach,other
ROW43375,5318,survey-multi-choice,14,136482,0,P1559,STUDY0009,SESS1567,forced_choice,random,fc_random,0,"{""Q0"":""color""}",category_organization_2x2,ambulance,vehicles
ROW43376,3658,survey-multi-choice,17,149033,0,P1559,STUDY0009,SESS1567,forced_choice,random,fc_random,0,"{""Q0"":""shape""}",category_organization_2x2,balcony,furniture_rooms
ROW43377,8139,survey-multi-choice,18,157173,0,P1559,STUDY0009,SESS1567,forced_choice,random,fc_random,0,"{""Q0"":""shape""}",category_organization_2x2,stroller,vehicles
ROW43378,7002,survey-multi-choice,19,164179,0,P1559,STUDY0009,SESS1567,forced_choice,random,fc_random,0,"{""Q0"":""shape""}",category_organization_2x2,french fries,food_drink
ROW43379,4691,survey-multi-choice,20,168873,0,P1559,STUDY0009,SESS1567,forced_choice,random,fc_random,0,"{""Q0"":""none of these""}",category_organization_2x2,lavender,attention_check
ROW43381,5862,survey-multi-choice,21,174738,0,P1559,STUDY0009,SESS1567,forced_choice,random,fc_random,0,"{""Q0"":""shape""}",category_organization_2x2,bubbles,toys
ROW43382,4323,survey-multi-choice,23,183258,0,P1559,STUDY0009,SESS1567,forced_choice,random,fc_random,0,"{""Q0"":""shape""}",category_organization_2x2,arm,body_parts
ROW43380,4193,survey-multi-choice,22,178933,0,P1559,STUDY0009,SESS1567,forced_choice,random,fc_random,0,"{""Q0"":""shape""}",category_organization_2x2,straw,household
ROW43383,3676,survey-multi-choice,24,186937,0,P1559,STUDY0009,SESS1567,forced_choice,random,fc_random,0,"{""Q0"":""shape""}",category_organization_2x2,furniture,furniture_rooms
ROW43384,1843,html-button-response,25,188783,0,P1559,STUDY0009,SESS1567,forced_choice,random,fc_random,0,0,,,
ROW43385,7987,instructions,26,196772,0,P1559,STUDY0009,SESS1567,forced_choice,random,fc_random,0,,,,
ROW43386,8524,instructions,0,8529,0,P1885,STUDY0009,SESS1557,multi_select,random,ms_random,0,,,,
ROW43387,4705,html-button-response,1,13239,0,P1885,STUDY0009,SESS1557,multi_select,random,ms_random,0,0,precautions_survey,,
ROW43388,11918,html-button-response,2,25159,0,P1885,STUDY0009,SESS1557,multi_select,random,ms_random,0,0,vocabulary_classification_criteria,,
ROW43389,7073,html-button-response,3,32234,0,P1885,STUDY0009,SESS1557,multi_select,random,ms_random,0,0,lavender_instruction,,
ROW43390,15632,survey-multi-select,4,47875,0,P1885,STUDY0009,SESS1557,multi_select,random,ms_random,0,"{""Q0"":[""shape""]}",category_organization_2x2,ribbon,clothing
ROW43391,8926,survey-multi-select,5,56806,0,P1885,STUDY0009,SESS1557,multi_select,random,ms_random,0,"{""Q0"":[""shape""]}",category_organization_2x2,t-shirt,clothing
ROW43392,13322,survey-multi-select,6,70135,0,P1885,STUDY0009,SESS1557,multi_select,random,ms_random,0,"{""Q0"":[""color""]}",category_organization_2x2,flag,outside
ROW43393,19787,survey-multi-select,7,89925,0,P1885,STUDY0009,SESS1557,multi_select,random,ms_random,0,"{""Q0"":[""material""]}",category_organization_2x2,mosquito,animals
ROW43394,14121,survey-multi-select,8,104049,0,P1885,STUDY0009,SESS1557,multi_select,random,ms_random,0,"{""Q0"":[""none of these""]}",category_organization_2x2,seal (animal),animals
ROW43395,13590,survey-multi-select,9,117643,0,P1885,STUDY0009,SESS1557,multi_select,random,ms_random,0,"{""Q0"":[""none of these""]}",category_organization_2x2,cloud,outside
ROW43396,17344,survey-multi-select,10,134994,0,P1885,STUDY0009,SESS1557,multi_select,random,ms_random,0,"{""Q0"":[""shape""]}",category_organization_2x2,taco,food_drink
ROW43397,6079,survey-multi-select,11,141075,0,P1885,STUDY0009,SESS1557,multi_select,random,ms_random,0,"{""Q0"":[""material""]}",category_organization_2x2,card,toys
ROW43398,5615,survey-multi-select,12,146693,0,P1885,STUDY0009,SESS1557,multi_select,random,ms_random,0,"{""Q0"":[""none of these""]}",category_organization_2x2,peacock,animals
ROW43399,3248,survey-multi-select,13,149944,0,P1885,STUDY0009,SESS1557,multi_select,random,ms_random,0,"{""Q0"":[""none of these""]}",category_organization_2x2,lavender,attention_check
ROW43400,8651,survey-multi-select,14,158598,0,P1885,STUDY0009,SESS1557,multi_select,random,ms_random,0,"{""Q0"":[""shape""]}",category_organization_2x2,tray,household
ROW43401,6575,survey-multi-select,15,165177,0,P1885,STUDY0009,SESS1557,multi_select,random,ms_random,0,"{""Q0"":[""color""]}",category_organization_2x2,tangerine,food_drink
ROW43402,6145,survey-multi-select,16,171325,0,P1885,STUDY0009,SESS1557,multi_select,random,ms_random,0,"{""Q0"":[""material""]}",category_organization_2x2,hair,body_parts
ROW43403,8764,survey-multi-select,17,180091,0,P1885,STUDY0009,SESS1557,multi_select,random,ms_random,0,"{""Q0"":[""shape""]}",category_organization_2x2,rope,household
ROW43404,8863,survey-multi-select,18,188961,0,P1885,STUDY0009,SESS1557,multi_select,random,ms_random,0,"{""Q0"":[""material""]}",category_organization_2x2,tv,furniture_rooms
ROW43405,6947,survey-multi-select,19,195911,0,P1885,STUDY0009,SESS1557,multi_select,random,ms_random,0,"{""Q0"":[""shape""]}",category_organization_2x2,chopstick,household
ROW43406,10663,survey-multi-select,20,206577,0,P1885,STUDY0009,SESS1557,multi_select,random,ms_random,0,"{""Q0"":[""shape""]}",category_organization_2x2,money,household
ROW43407,7947,survey-multi-select,21,214526,0,P1885,STUDY0009,SESS1557,multi_select,random,ms_random,0,"{""Q0"":[""material""]}",category_organization_2x2,plug,household
ROW43408,5130,survey-multi-select,22,219659,0,P1885,STUDY0009,SESS1557,multi_select,random,ms_random,0,"{""Q0"":[""none of these""]}",category_organization_2x2,ginger,other
ROW43409,9944,survey-multi-select,23,229608,0,P1885,STUDY0009,SESS1557,multi_select,random,ms_random,0,"{""Q0"":[""shape""]}",category_organization_2x2,corridor,furniture_rooms
ROW43410,7913,survey-multi-select,24,237524,0,P1885,STUDY0009,SESS1557,multi_select,random,ms_random,0,"{""Q0"":[""material""]}",category_organization_2x2,air conditioner,furniture_rooms
ROW43411,2116,html-button-response,25,239642,0,P1885,STUDY0009,SESS1557,multi_select,random,ms_random,0,0,,,
ROW43412,3813,instructions,26,243460,0,P1885,STUDY0009,SESS1557,multi_select,random,ms_random,0,,,,
ROW43413,6722,instructions,0,6723,0,P1557,STUDY0009,SESS1560,forced_choice,semantic_blocked,fc_blocked,0,,,,
ROW43414,68913,html-button-response,1,75637,0,P1557,STUDY0009,SESS1560,forced_choice,semantic_blocked,fc_blocked,0,0,precautions_survey,,
ROW43415,18783,html-button-response,2,94421,0,P1557,STUDY0009,SESS1560,forced_choice,semantic_blocked,fc_blocked,0,0,vocabulary_classification_criteria,,
ROW43416,6199,html-button-response,3,100621,0,P1557,STUDY0009,SESS1560,forced_choice,semantic_blocked,fc_blocked,0,0,lavender_instruction,,
ROW43417,4296,survey-multi-choice,5,112487,0,P1557,STUDY0009,SESS1560,forced_choice,semantic_blocked,fc_blocked,0,"{""Q0"":""material""}",category_organization_2x2,bubbles,toys
ROW43418,7568,html-button-response,4,108189,0,P1557,STUDY0009,SESS1560,forced_choice,semantic_blocked,fc_blocked,0,0,category_section_intro,,toys
ROW43419,4299,html-button-response,6,116787,0,P1557,STUDY0009,SESS1560,forced_choice,semantic_blocked,fc_blocked,0,0,category_section_intro,,animals
ROW43420,6163,html-button-response,8,130387,0,P1557,STUDY0009,SESS1560,forced_choice,semantic_blocked,fc_blocked,0,0,category_section_intro,,furniture_rooms
ROW43421,6734,survey-multi-choice,9,137122,0,P1557,STUDY0009,SESS1560,forced_choice,semantic_blocked,fc_blocked,0,"{""Q0"":""shape""}",category_organization_2x2,bench,furniture_rooms
ROW43422,7434,survey-multi-choice,7,124222,0,P1557,STUDY0009,SESS1560,forced_choice,semantic_blocked,fc_blocked,0,"{""Q0"":""shape""}",category_organization_2x2,piglet,animals
ROW43423,8014,survey-multi-choice,10,145137,0,P1557,STUDY0009,SESS1560,forced_choice,semantic_blocked,fc_blocked,0,"{""Q0"":""shape""}",category_organization_2x2,drawer,furniture_rooms
ROW43424,2582,survey-multi-choice,11,147721,0,P1557,STUDY0009,SESS1560,forced_choice,semantic_blocked,fc_blocked,0,"{""Q0"":""shape""}",category_organization_2x2,rocking chair,furniture_rooms
ROW43425,2448,survey-multi-choice,12,150170,0,P1557,STUDY0009,SESS1560,forced_choice,semantic_blocked,fc_blocked,0,"{""Q0"":""shape""}",category_organization_2x2,table,furniture_rooms
ROW43426,4983,html-button-response,13,155153,0,P1557,STUDY0009,SESS1560,forced_choice,semantic_blocked,fc_blocked,0,0,category_section_intro,,food_drink
ROW43427,4285,survey-multi-choice,15,164138,0,P1557,STUDY0009,SESS1560,forced_choice,semantic_blocked,fc_blocked,0,"{""Q0"":""material""}",category_organization_2x2,biscuit,food_drink
ROW43428,3315,survey-multi-choice,17,172987,0,P1557,STUDY0009,SESS1560,forced_choice,semantic_blocked,fc_blocked,0,"{""Q0"":""material""}",category_organization_2x2,pastry,food_drink
ROW43429,5530,survey-multi-choice,16,169670,0,P1557,STUDY0009,SESS1560,forced_choice,semantic_blocked,fc_blocked,0,"{""Q0"":""material""}",category_organization_2x2,orange (food),food_drink
ROW43430,4698,survey-multi-choice,14,159853,0,P1557,STUDY0009,SESS1560,forced_choice,semantic_blocked,fc_blocked,0,"{""Q0"":""color""}",category_organization_2x2,apricot,food_drink
ROW43431,3315,survey-multi-choice,18,176302,0,P1557,STUDY0009,SESS1560,forced_choice,semantic_blocked,fc_blocked,0,"{""Q0"":""material""}",category_organization_2x2,soy sauce,food_drink
ROW43432,4617,html-button-response,19,180920,0,P1557,STUDY0009,SESS1560,forced_choice,semantic_blocked,fc_blocked,0,0,category_section_intro,,body_parts
ROW43433,7782,survey-multi-choice,20,188703,0,P1557,STUDY0009,SESS1560,forced_choice,semantic_blocked,fc_blocked,0,"{""Q0"":""shape""}",category_organization_2x2,back,body_parts
ROW43434,4015,survey-multi-choice,21,192720,0,P1557,STUDY0009,SESS1560,forced_choice,semantic_blocked,fc_blocked,0,"{""Q0"":""shape""}",category_organization_2x2,gut,body_parts
ROW43435,2731,survey-multi-choice,24,202486,0,P1557,STUDY0009,SESS1560,forced_choice,semantic_blocked,fc_blocked,0,"{""Q0"":""material""}",category_organization_2x2,vacuum cleaner,household
ROW43436,7234,survey-multi-choice,25,209721,0,P1557,STUDY0009,SESS1560,forced_choice,semantic_blocked,fc_blocked,0,"{""Q0"":""material""}",category_organization_2x2,watch (object),household
ROW43437,3199,html-button-response,22,195920,0,P1557,STUDY0009,SESS1560,forced_choice,semantic_blocked,fc_blocked,0,0,category_section_intro,,household
ROW43438,3832,survey-multi-choice,23,199753,0,P1557,STUDY0009,SESS1560,forced_choice,semantic_blocked,fc_blocked,0,"{""Q0"":""material""}",category_organization_2x2,pacifier,household
ROW43439,2864,html-button-response,26,212586,0,P1557,STUDY0009,SESS1560,forced_choice,semantic_blocked,fc_blocked,0,0,category_section_intro,,other
ROW43440,3581,survey-multi-choice,28,219870,0,P1557,STUDY0009,SESS1560,forced_choice,semantic_blocked,fc_blocked,0,"{""Q0"":""material""}",category_organization_2x2,lotion,other
ROW43441,2230,survey-multi-choice,29,222102,0,P1557,STUDY0009,SESS1560,forced_choice,semantic_blocked,fc_blocked,0,"{""Q0"":""material""}",category_organization_2x2,ruler,other
ROW43442,2652,survey-multi-choice,30,224754,0,P1557,STUDY0009,SESS1560,forced_choice,semantic_blocked,fc_blocked,0,"{""Q0"":""material""}",category_organization_2x2,shawl,other
ROW43443,3701,survey-multi-choice,27,216288,0,P1557,STUDY0009,SESS1560,forced_choice,semantic_blocked,fc_blocked,0,"{""Q0"":""material""}",category_organization_2x2,baby food,other
ROW43444,2714,survey-multi-choice,31,227469,0,P1557,STUDY0009,SESS1560,forced_choice,semantic_blocked,fc_blocked,0,"{""Q0"":""none of these""}",category_organization_2x2,lavender,attention_check
ROW43445,1215,html-button-response,32,228686,0,P1557,STUDY0009,SESS1560,forced_choice,semantic_blocked,fc_blocked,0,0,,,
ROW43446,3835,instructions,33,232521,0,P1557,STUDY0009,SESS1560,forced_choice,semantic_blocked,fc_blocked,0,,,,
ROW43447,5538,instructions,0,5540,0,P1571,STUDY0009,SESS1570,multi_select,random,ms_random,0,,,,
ROW43448,12955,html-button-response,1,18496,0,P1571,STUDY0009,SESS1570,multi_select,random,ms_random,0,0,precautions_survey,,
ROW43449,52312,html-button-response,2,70809,0,P1571,STUDY0009,SESS1570,multi_select,random,ms_random,0,0,vocabulary_classification_criteria,,
ROW43450,8453,survey-multi-select,5,105478,0,P1571,STUDY0009,SESS1570,multi_select,random,ms_random,0,"{""Q0"":[""material""]}",category_organization_2x2,pasta,food_drink
ROW43451,17554,survey-multi-select,4,97023,0,P1571,STUDY0009,SESS1570,multi_select,random,ms_random,0,"{""Q0"":[""material""]}",category_organization_2x2,flower pot,outside
ROW43452,8657,html-button-response,3,79467,0,P1571,STUDY0009,SESS1570,multi_select,random,ms_random,0,0,lavender_instruction,,
ROW43453,5714,survey-multi-select,6,111193,0,P1571,STUDY0009,SESS1570,multi_select,random,ms_random,0,"{""Q0"":[""material""]}",category_organization_2x2,fingernail,body_parts
ROW43454,8569,survey-multi-select,7,119763,0,P1571,STUDY0009,SESS1570,multi_select,random,ms_random,0,"{""Q0"":[""material""]}",category_organization_2x2,clothing,clothing
ROW43455,7761,survey-multi-select,8,127526,0,P1571,STUDY0009,SESS1570,multi_select,random,ms_random,0,"{""Q0"":[""material""]}",category_organization_2x2,animal,animals
ROW43456,3456,survey-multi-select,9,130984,0,P1571,STUDY0009,SESS1570,multi_select,random,ms_random,0,"{""Q0"":[""material""]}",category_organization_2x2,fan,household
ROW43457,5030,survey-multi-select,10,136016,0,P1571,STUDY0009,SESS1570,multi_select,random,ms_random,0,"{""Q0"":[""material""]}",category_organization_2x2,pelican,other
ROW43458,6611,survey-multi-select,12,158980,0,P1571,STUDY0009,SESS1570,multi_select,random,ms_random,0,"{""Q0"":[""shape"",""material""]}",category_organization_2x2,cat,animals
ROW43459,16350,survey-multi-select,11,152367,0,P1571,STUDY0009,SESS1570,multi_select,random,ms_random,0,"{""Q0"":[""shape"",""material""]}",category_organization_2x2,traffic,outside
ROW43460,23624,html-button-response,1,33751,0,P0927,STUDY0009,SESS1555,forced_choice,semantic_blocked,fc_blocked,0,0,precautions_survey,,
ROW43461,12025,html-button-response,4,78898,0,P0927,STUDY0009,SESS1555,forced_choice,semantic_blocked,fc_blocked,0,0,category_section_intro,,toys
ROW43462,19935,html-button-response,2,53689,0,P0927,STUDY0009,SESS1555,forced_choice,semantic_blocked,fc_blocked,0,0,vocabulary_classification_criteria,,
ROW43463,24709,survey-multi-choice,5,103614,0,P0927,STUDY0009,SESS1555,forced_choice,semantic_blocked,fc_blocked,0,"{""Q0"":""color""}",category_organization_2x2,card,toys
ROW43464,10110,instructions,0,10119,0,P0927,STUDY0009,SESS1555,forced_choice,semantic_blocked,fc_blocked,0,,,,
ROW43465,13177,html-button-response,3,66870,0,P0927,STUDY0009,SESS1555,forced_choice,semantic_blocked,fc_blocked,0,0,lavender_instruction,,
ROW43466,5496,html-button-response,6,109114,0,P0927,STUDY0009,SESS1555,forced_choice,semantic_blocked,fc_blocked,0,0,category_section_intro,,animals
ROW43467,3909,survey-multi-choice,8,121578,0,P0927,STUDY0009,SESS1555,forced_choice,semantic_blocked,fc_blocked,0,"{""Q0"":""color""}",category_organization_2x2,peacock,animals
ROW43468,8549,survey-multi-choice,7,117666,0,P0927,STUDY0009,SESS1555,forced_choice,semantic_blocked,fc_blocked,0,"{""Q0"":""shape""}",category_organization_2x2,mosquito,animals
ROW43469,3753,survey-multi-choice,11,134153,0,P0927,STUDY0009,SESS1555,forced_choice,semantic_blocked,fc_blocked,0,"{""Q0"":""color""}",category_organization_2x2,ribbon,clothing
ROW43470,7372,survey-multi-choice,9,128953,0,P0927,STUDY0009,SESS1555,forced_choice,semantic_blocked,fc_blocked,0,"{""Q0"":""color""}",category_organization_2x2,seal (animal),animals
ROW43471,1442,html-button-response,10,130398,0,P0927,STUDY0009,SESS1555,forced_choice,semantic_blocked,fc_blocked,0,0,category_section_intro,,clothing
ROW43472,4248,survey-multi-choice,12,138405,0,P0927,STUDY0009,SESS1555,forced_choice,semantic_blocked,fc_blocked,0,"{""Q0"":""material""}",category_organization_2x2,t-shirt,clothing
ROW43473,6806,html-button-response,13,145213,0,P0927,STUDY0009,SESS1555,forced_choice,semantic_blocked,fc_blocked,0,0,category_section_intro,,furniture_rooms
ROW43474,4424,survey-multi-choice,14,149640,0,P0927,STUDY0009,SESS1555,forced_choice,semantic_blocked,fc_blocked,0,"{""Q0"":""shape""}",category_organization_2x2,air conditioner,furniture_rooms
ROW43475,5814,survey-multi-choice,15,155457,0,P0927,STUDY0009,SESS1555,forced_choice,semantic_blocked,fc_blocked,0,"{""Q0"":""color""}",category_organization_2x2,corridor,furniture_rooms
ROW43476,5238,survey-multi-choice,16,160698,0,P0927,STUDY0009,SESS1555,forced_choice,semantic_blocked,fc_blocked,0,"{""Q0"":""shape""}",category_organization_2x2,tv,furniture_rooms
ROW43477,1991,html-button-response,17,162691,0,P0927,STUDY0009,SESS1555,forced_choice,semantic_blocked,fc_blocked,0,0,category_section_intro,,food_drink
ROW43478,6586,survey-multi-choice,18,169280,0,P0927,STUDY0009,SESS1555,forced_choice,semantic_blocked,fc_blocked,0,"{""Q0"":""material""}",category_organization_2x2,taco,food_drink
ROW43479,4742,survey-multi-choice,19,174025,0,P0927,STUDY0009,SESS1555,forced_choice,semantic_blocked,fc_blocked,0,"{""Q0"":""color""}",category_organization_2x2,tangerine,food_drink
ROW43480,2832,html-button-response,20,176860,0,P0927,STUDY0009,SESS1555,forced_choice,semantic_blocked,fc_blocked,0,0,category_section_intro,,body_parts
ROW43481,3672,survey-multi-choice,21,180534,0,P0927,STUDY0009,SESS1555,forced_choice,semantic_blocked,fc_blocked,0,"{""Q0"":""color""}",category_organization_2x2,hair,body_parts
ROW43482,1288,html-button-response,22,181824,0,P0927,STUDY0009,SESS1555,forced_choice,semantic_blocked,fc_blocked,0,0,category_section_intro,,household
ROW43483,6625,survey-multi-choice,23,188451,0,P0927,STUDY0009,SESS1555,forced_choice,semantic_blocked,fc_blocked,0,"{""Q0"":""material""}",category_organization_2x2,chopstick,household
ROW43484,42647,survey-multi-choice,24,231101,0,P0927,STUDY0009,SESS1555,forced_choice,semantic_blocked,fc_blocked,0,"{""Q0"":""material""}",category_organization_2x2,money,household
ROW43485,7872,survey-multi-choice,25,238976,0,P0927,STUDY0009,SESS1555,forced_choice,semantic_blocked,fc_blocked,0,"{""Q0"":""color""}",category_organization_2x2,plug,household
ROW43486,3594,survey-multi-choice,26,242573,0,P0927,STUDY0009,SESS1555,forced_choice,semantic_blocked,fc_blocked,0,"{""Q0"":""material""}",category_organization_2x2,rope,household
ROW43487,4087,survey-multi-choice,29,254498,0,P0927,STUDY0009,SESS1555,forced_choice,semantic_blocked,fc_blocked,0,"{""Q0"":""shape""}",category_organization_2x2,cloud,outside
ROW43488,2050,html-button-response,28,250408,0,P0927,STUDY0009,SESS1555,forced_choice,semantic_blocked,fc_blocked,0,0,category_section_intro,,outside
ROW43489,5781,survey-multi-choice,27,248356,0,P0927,STUDY0009,SESS1555,forced_choice,semantic_blocked,fc_blocked,0,"{""Q0"":""shape""}",category_organization_2x2,tray,household
ROW43490,3280,survey-multi-choice,30,257779,0,P0927,STUDY0009,SESS1555,forced_choice,semantic_blocked,fc_blocked,0,"{""Q0"":""material""}",category_organization_2x2,flag,outside
ROW43491,6519,html-button-response,31,264301,0,P0927,STUDY0009,SESS1555,forced_choice,semantic_blocked,fc_blocked,0,0,category_section_intro,,other
ROW43492,8407,survey-multi-choice,32,272710,0,P0927,STUDY0009,SESS1555,forced_choice,semantic_blocked,fc_blocked,0,"{""Q0"":""color""}",category_organization_2x2,ginger,other
ROW43493,4418,survey-multi-choice,33,277131,0,P0927,STUDY0009,SESS1555,forced_choice,semantic_blocked,fc_blocked,0,"{""Q0"":""none of these""}",category_organization_2x2,lavender,attention_check
ROW43495,10452,instructions,35,289268,0,P0927,STUDY0009,SESS1555,forced_choice,semantic_blocked,fc_blocked,0,,,,
ROW43494,1682,html-button-response,34,278815,0,P0927,STUDY0009,SESS1555,forced_choice,semantic_blocked,fc_blocked,0,0,,,
ROW43496,13770,html-button-response,1,25483,0,P0031,STUDY0009,SESS1556,multi_select,semantic_blocked,ms_blocked,0,0,precautions_survey,,
ROW43497,21836,html-button-response,2,47320,0,P0031,STUDY0009,SESS1556,multi_select,semantic_blocked,ms_blocked,0,0,vocabulary_classification_criteria,,
ROW43498,10006,html-button-response,3,57327,0,P0031,STUDY0009,SESS1556,multi_select,semantic_blocked,ms_blocked,0,0,lavender_instruction,,
ROW43499,20057,survey-multi-select,5,83998,0,P0031,STUDY0009,SESS1556,multi_select,semantic_blocked,ms_blocked,0,"{""Q0"":[""shape"",""material""]}",category_organization_2x2,card,toys
ROW43500,11709,instructions,0,11711,0,P0031,STUDY0009,SESS1556,multi_select,semantic_blocked,ms_blocked,0,,,,
ROW43501,6609,html-button-response,4,63937,0,P0031,STUDY0009,SESS1556,multi_select,semantic_blocked,ms_blocked,0,0,category_section_intro,,toys
ROW43502,5855,html-button-response,6,89854,0,P0031,STUDY0009,SESS1556,multi_select,semantic_blocked,ms_blocked,0,0,category_section_intro,,animals
ROW43503,29711,survey-multi-select,7,119567,0,P0031,STUDY0009,SESS1556,multi_select,semantic_blocked,ms_blocked,0,"{""Q0"":[""color""]}",category_organization_2x2,mosquito,animals
ROW43504,7636,survey-multi-select,8,127205,0,P0031,STUDY0009,SESS1556,multi_select,semantic_blocked,ms_blocked,0,"{""Q0"":[""color""]}",category_organization_2x2,peacock,animals
ROW43505,10451,survey-multi-select,9,137657,0,P0031,STUDY0009,SESS1556,multi_select,semantic_blocked,ms_blocked,0,"{""Q0"":[""color""]}",category_organization_2x2,seal (animal),animals
ROW43506,5425,html-button-response,10,143083,0,P0031,STUDY0009,SESS1556,multi_select,semantic_blocked,ms_blocked,0,0,category_section_intro,,clothing
ROW43507,12641,survey-multi-select,11,155725,0,P0031,STUDY0009,SESS1556,multi_select,semantic_blocked,ms_blocked,0,"{""Q0"":[""shape"",""color"",""material""]}",category_organization_2x2,ribbon,clothing
ROW43508,15840,survey-multi-select,12,171567,0,P0031,STUDY0009,SESS1556,multi_select,semantic_blocked,ms_blocked,0,"{""Q0"":[""shape"",""color"",""material""]}",category_organization_2x2,t-shirt,clothing
ROW43509,5523,html-button-response,13,177091,0,P0031,STUDY0009,SESS1556,multi_select,semantic_blocked,ms_blocked,0,0,category_section_intro,,furniture_rooms
ROW43510,6490,survey-multi-select,15,195438,0,P0031,STUDY0009,SESS1556,multi_select,semantic_blocked,ms_blocked,0,"{""Q0"":[""shape""]}",category_organization_2x2,corridor,furniture_rooms
ROW43511,11854,survey-multi-select,14,188947,0,P0031,STUDY0009,SESS1556,multi_select,semantic_blocked,ms_blocked,0,"{""Q0"":[""shape""]}",category_organization_2x2,air conditioner,furniture_rooms
ROW43512,9658,survey-multi-select,16,205098,0,P0031,STUDY0009,SESS1556,multi_select,semantic_blocked,ms_blocked,0,"{""Q0"":[""shape"",""color""]}",category_organization_2x2,tv,furniture_rooms
ROW43513,5038,html-button-response,17,210136,0,P0031,STUDY0009,SESS1556,multi_select,semantic_blocked,ms_blocked,0,0,category_section_intro,,food_drink
ROW43514,11211,survey-multi-select,18,221349,0,P0031,STUDY0009,SESS1556,multi_select,semantic_blocked,ms_blocked,0,"{""Q0"":[""shape""]}",category_organization_2x2,taco,food_drink
ROW43515,6937,survey-multi-select,19,228288,0,P0031,STUDY0009,SESS1556,multi_select,semantic_blocked,ms_blocked,0,"{""Q0"":[""shape"",""color""]}",category_organization_2x2,tangerine,food_drink
ROW43516,9772,survey-multi-select,21,241613,0,P0031,STUDY0009,SESS1556,multi_select,semantic_blocked,ms_blocked,0,"{""Q0"":[""shape"",""color""]}",category_organization_2x2,hair,body_parts
ROW43517,3551,html-button-response,20,231840,0,P0031,STUDY0009,SESS1556,multi_select,semantic_blocked,ms_blocked,0,0,category_section_intro,,body_parts
ROW43518,9871,survey-multi-select,23,255720,0,P0031,STUDY0009,SESS1556,multi_select,semantic_blocked,ms_blocked,0,"{""Q0"":[""shape"",""material""]}",category_organization_2x2,chopstick,household
ROW43519,4234,html-button-response,22,245848,0,P0031,STUDY0009,SESS1556,multi_select,semantic_blocked,ms_blocked,0,0,category_section_intro,,household
ROW43520,9008,survey-multi-select,24,264730,0,P0031,STUDY0009,SESS1556,multi_select,semantic_blocked,ms_blocked,0,"{""Q0"":[""shape"",""color"",""material""]}",category_organization_2x2,money,household
ROW43521,5485,survey-multi-select,25,270216,0,P0031,STUDY0009,SESS1556,multi_select,semantic_blocked,ms_blocked,0,"{""Q0"":[""shape"",""material""]}",category_organization_2x2,plug,household
ROW43522,7547,survey-multi-select,26,277764,0,P0031,STUDY0009,SESS1556,multi_select,semantic_blocked,ms_blocked,0,"{""Q0"":[""shape"",""material""]}",category_organization_2x2,rope,household
ROW43523,6824,survey-multi-select,29,293091,0,P0031,STUDY0009,SESS1556,multi_select,semantic_blocked,ms_blocked,0,"{""Q0"":[""shape"",""color""]}",category_organization_2x2,cloud,outside
ROW43524,4407,survey-multi-select,27,282172,0,P0031,STUDY0009,SESS1556,multi_select,semantic_blocked,ms_blocked,0,"{""Q0"":[""shape"",""material""]}",category_organization_2x2,tray,household
ROW43525,4093,html-button-response,28,286266,0,P0031,STUDY0009,SESS1556,multi_select,semantic_blocked,ms_blocked,0,0,category_section_intro,,outside
ROW43526,5431,survey-multi-select,30,298524,0,P0031,STUDY0009,SESS1556,multi_select,semantic_blocked,ms_blocked,0,"{""Q0"":[""shape"",""color"",""material""]}",category_organization_2x2,flag,outside
ROW43527,2761,html-button-response,31,301287,0,P0031,STUDY0009,SESS1556,multi_select,semantic_blocked,ms_blocked,0,0,category_section_intro,,other
ROW43528,6384,survey-multi-select,32,307672,0,P0031,STUDY0009,SESS1556,multi_select,semantic_blocked,ms_blocked,0,"{""Q0"":[""color""]}",category_organization_2x2,ginger,other
ROW43529,1926,html-button-response,34,315357,0,P0031,STUDY0009,SESS1556,multi_select,semantic_blocked,ms_blocked,0,0,,,
ROW43530,5756,survey-multi-select,33,313429,0,P0031,STUDY0009,SESS1556,multi_select,semantic_blocked,ms_blocked,0,"{""Q0"":[""none of these""]}",category_organization_2x2,lavender,attention_check
ROW43531,5315,instructions,35,320672,0,P0031,STUDY0009,SESS1556,multi_select,semantic_blocked,ms_blocked,0,,,,
ROW43532,3645,instructions,0,3646,0,P1859,STUDY0009,SESS1566,multi_select,random,ms_random,0,,,,
ROW43533,3807,html-button-response,1,7454,0,P1859,STUDY0009,SESS1566,multi_select,random,ms_random,0,0,precautions_survey,,
ROW43534,62854,html-button-response,2,70308,0,P1859,STUDY0009,SESS1566,multi_select,random,ms_random,0,0,vocabulary_classification_criteria,,
ROW43535,8057,html-button-response,3,78366,0,P1859,STUDY0009,SESS1566,multi_select,random,ms_random,0,0,lavender_instruction,,
ROW43536,11623,survey-multi-select,5,120063,0,P1859,STUDY0009,SESS1566,multi_select,random,ms_random,0,"{""Q0"":[""none of these""]}",category_organization_2x2,vacuum,household
ROW43537,30071,survey-multi-select,4,108439,0,P1859,STUDY0009,SESS1566,multi_select,random,ms_random,0,"{""Q0"":[""material""]}",category_organization_2x2,newspaper,household
ROW43538,18720,survey-multi-select,7,157634,0,P1859,STUDY0009,SESS1566,multi_select,random,ms_random,0,"{""Q0"":[""none of these""]}",category_organization_2x2,lavender,attention_check
ROW43539,18848,survey-multi-select,6,138913,0,P1859,STUDY0009,SESS1566,multi_select,random,ms_random,0,"{""Q0"":[""none of these""]}",category_organization_2x2,cucumber,food_drink
ROW43541,11139,survey-multi-select,9,183806,0,P1859,STUDY0009,SESS1566,multi_select,random,ms_random,0,"{""Q0"":[""none of these""]}",category_organization_2x2,store,other
ROW43542,11275,survey-multi-select,11,208207,0,P1859,STUDY0009,SESS1566,multi_select,random,ms_random,0,"{""Q0"":[""shape""]}",category_organization_2x2,cup,household
ROW43540,15031,survey-multi-select,8,172666,0,P1859,STUDY0009,SESS1566,multi_select,random,ms_random,0,"{""Q0"":[""none of these""]}",category_organization_2x2,cracker,food_drink
ROW43543,13123,survey-multi-select,10,196930,0,P1859,STUDY0009,SESS1566,multi_select,random,ms_random,0,"{""Q0"":[""material""]}",category_organization_2x2,sea,outside
ROW43544,13856,survey-multi-select,12,222064,0,P1859,STUDY0009,SESS1566,multi_select,random,ms_random,0,"{""Q0"":[""color""]}",category_organization_2x2,green beans,food_drink
ROW43545,11671,survey-multi-select,13,233736,0,P1859,STUDY0009,SESS1566,multi_select,random,ms_random,0,"{""Q0"":[""shape""]}",category_organization_2x2,plate,household
ROW43546,11384,survey-multi-select,15,270171,0,P1859,STUDY0009,SESS1566,multi_select,random,ms_random,0,"{""Q0"":[""none of these""]}",category_organization_2x2,ambulance,vehicles
ROW43547,25048,survey-multi-select,14,258785,0,P1859,STUDY0009,SESS1566,multi_select,random,ms_random,0,"{""Q0"":[""material""]}",category_organization_2x2,ham,food_drink
ROW43548,9851,survey-multi-select,16,280023,0,P1859,STUDY0009,SESS1566,multi_select,random,ms_random,0,"{""Q0"":[""shape""]}",category_organization_2x2,kayak,vehicles
ROW43549,12098,survey-multi-select,17,292123,0,P1859,STUDY0009,SESS1566,multi_select,random,ms_random,0,"{""Q0"":[""material""]}",category_organization_2x2,beach,other
ROW43551,18775,survey-multi-select,19,322214,0,P1859,STUDY0009,SESS1566,multi_select,random,ms_random,0,"{""Q0"":[""none of these""]}",category_organization_2x2,stroller,vehicles
ROW43550,11314,survey-multi-select,18,303438,0,P1859,STUDY0009,SESS1566,multi_select,random,ms_random,0,"{""Q0"":[""none of these""]}",category_organization_2x2,balcony,furniture_rooms
ROW43553,9970,survey-multi-select,22,359631,0,P1859,STUDY0009,SESS1566,multi_select,random,ms_random,0,"{""Q0"":[""shape""]}",category_organization_2x2,straw,household
ROW43554,13214,survey-multi-select,20,335429,0,P1859,STUDY0009,SESS1566,multi_select,random,ms_random,0,"{""Q0"":[""shape""]}",category_organization_2x2,french fries,food_drink
ROW43552,14228,survey-multi-select,21,349658,0,P1859,STUDY0009,SESS1566,multi_select,random,ms_random,0,"{""Q0"":[""shape""]}",category_organization_2x2,bubbles,toys
ROW43555,10167,survey-multi-select,23,369798,0,P1859,STUDY0009,SESS1566,multi_select,random,ms_random,0,"{""Q0"":[""shape""]}",category_organization_2x2,arm,body_parts
ROW43556,13696,survey-multi-select,24,383496,0,P1859,STUDY0009,SESS1566,multi_select,random,ms_random,0,"{""Q0"":[""none of these""]}",category_organization_2x2,furniture,furniture_rooms
ROW43557,1526,html-button-response,25,385023,0,P1859,STUDY0009,SESS1566,multi_select,random,ms_random,0,0,,,
ROW43558,2015,instructions,26,387038,0,P1859,STUDY0009,SESS1566,multi_select,random,ms_random,0,,,,
ROW43559,4563,instructions,0,4567,0,P1688,STUDY0009,SESS1562,multi_select,semantic_blocked,ms_blocked,0,,,,
ROW43560,20413,html-button-response,1,24983,0,P1688,STUDY0009,SESS1562,multi_select,semantic_blocked,ms_blocked,0,0,precautions_survey,,
ROW43561,16169,survey-multi-select,5,79923,0,P1688,STUDY0009,SESS1562,multi_select,semantic_blocked,ms_blocked,0,"{""Q0"":[""shape"",""color""]}",category_organization_2x2,bubbles,toys
ROW43562,9476,html-button-response,2,34461,0,P1688,STUDY0009,SESS1562,multi_select,semantic_blocked,ms_blocked,0,0,vocabulary_classification_criteria,,
ROW43563,15311,html-button-response,4,63747,0,P1688,STUDY0009,SESS1562,multi_select,semantic_blocked,ms_blocked,0,0,category_section_intro,,toys
ROW43564,13972,html-button-response,3,48435,0,P1688,STUDY0009,SESS1562,multi_select,semantic_blocked,ms_blocked,0,0,lavender_instruction,,
ROW43565,13843,html-button-response,6,93767,0,P1688,STUDY0009,SESS1562,multi_select,semantic_blocked,ms_blocked,0,0,category_section_intro,,animals
ROW43566,15788,survey-multi-select,7,109558,0,P1688,STUDY0009,SESS1562,multi_select,semantic_blocked,ms_blocked,0,"{""Q0"":[""shape"",""color""]}",category_organization_2x2,piglet,animals
ROW43567,14025,html-button-response,8,123584,0,P1688,STUDY0009,SESS1562,multi_select,semantic_blocked,ms_blocked,0,0,category_section_intro,,furniture_rooms
ROW43568,18943,survey-multi-select,9,142531,0,P1688,STUDY0009,SESS1562,multi_select,semantic_blocked,ms_blocked,0,"{""Q0"":[""shape"",""color"",""material""]}",category_organization_2x2,bench,furniture_rooms
ROW43569,17808,survey-multi-select,10,160343,0,P1688,STUDY0009,SESS1562,multi_select,semantic_blocked,ms_blocked,0,"{""Q0"":[""shape"",""color"",""material""]}",category_organization_2x2,drawer,furniture_rooms
ROW43570,21888,survey-multi-select,11,182233,0,P1688,STUDY0009,SESS1562,multi_select,semantic_blocked,ms_blocked,0,"{""Q0"":[""shape"",""color"",""material""]}",category_organization_2x2,rocking chair,furniture_rooms
ROW43571,2175,html-button-response,13,192531,0,P1688,STUDY0009,SESS1562,multi_select,semantic_blocked,ms_blocked,0,0,category_section_intro,,food_drink
ROW43572,8118,survey-multi-select,12,190354,0,P1688,STUDY0009,SESS1562,multi_select,semantic_blocked,ms_blocked,0,"{""Q0"":[""shape"",""color"",""material""]}",category_organization_2x2,table,furniture_rooms
ROW43573,14539,survey-multi-select,14,207072,0,P1688,STUDY0009,SESS1562,multi_select,semantic_blocked,ms_blocked,0,"{""Q0"":[""shape"",""color""]}",category_organization_2x2,apricot,food_drink
ROW43574,16527,survey-multi-select,16,238223,0,P1688,STUDY0009,SESS1562,multi_select,semantic_blocked,ms_blocked,0,"{""Q0"":[""shape"",""color""]}",category_organization_2x2,orange (food),food_drink
ROW43575,14617,survey-multi-select,15,221693,0,P1688,STUDY0009,SESS1562,multi_select,semantic_blocked,ms_blocked,0,"{""Q0"":[""shape"",""color""]}",category_organization_2x2,biscuit,food_drink
ROW43576,16213,survey-multi-select,17,254439,0,P1688,STUDY0009,SESS1562,multi_select,semantic_blocked,ms_blocked,0,"{""Q0"":[""shape"",""color""]}",category_organization_2x2,pastry,food_drink
ROW43577,1770,html-button-response,19,269790,0,P1688,STUDY0009,SESS1562,multi_select,semantic_blocked,ms_blocked,0,0,category_section_intro,,body_parts
ROW43578,13576,survey-multi-select,18,268018,0,P1688,STUDY0009,SESS1562,multi_select,semantic_blocked,ms_blocked,0,"{""Q0"":[""color""]}",category_organization_2x2,soy sauce,food_drink
ROW43579,17808,survey-multi-select,20,287600,0,P1688,STUDY0009,SESS1562,multi_select,semantic_blocked,ms_blocked,0,"{""Q0"":[""shape""]}",category_organization_2x2,back,body_parts
ROW43580,17139,survey-multi-select,21,304743,0,P1688,STUDY0009,SESS1562,multi_select,semantic_blocked,ms_blocked,0,"{""Q0"":[""shape""]}",category_organization_2x2,gut,body_parts
ROW43581,1540,html-button-response,22,306285,0,P1688,STUDY0009,SESS1562,multi_select,semantic_blocked,ms_blocked,0,0,category_section_intro,,household
ROW43582,18861,survey-multi-select,23,325149,0,P1688,STUDY0009,SESS1562,multi_select,semantic_blocked,ms_blocked,0,"{""Q0"":[""shape"",""color"",""material""]}",category_organization_2x2,pacifier,household
ROW43583,17945,survey-multi-select,24,343097,0,P1688,STUDY0009,SESS1562,multi_select,semantic_blocked,ms_blocked,0,"{""Q0"":[""shape"",""color"",""material""]}",category_organization_2x2,vacuum cleaner,household
ROW43584,19468,survey-multi-select,25,362568,0,P1688,STUDY0009,SESS1562,multi_select,semantic_blocked,ms_blocked,0,"{""Q0"":[""shape"",""color"",""material""]}",category_organization_2x2,watch (object),household
ROW43585,16015,survey-multi-select,27,380105,0,P1688,STUDY0009,SESS1562,multi_select,semantic_blocked,ms_blocked,0,"{""Q0"":[""shape"",""color""]}",category_organization_2x2,baby food,other
ROW43586,1517,html-button-response,26,364087,0,P1688,STUDY0009,SESS1562,multi_select,semantic_blocked,ms_blocked,0,0,category_section_intro,,other
ROW43587,15529,survey-multi-select,28,395637,0,P1688,STUDY0009,SESS1562,multi_select,semantic_blocked,ms_blocked,0,"{""Q0"":[""shape"",""color""]}",category_organization_2x2,lotion,other
ROW43588,19755,survey-multi-select,29,415395,0,P1688,STUDY0009,SESS1562,multi_select,semantic_blocked,ms_blocked,0,"{""Q0"":[""shape"",""color"",""material""]}",category_organization_2x2,ruler,other
ROW43589,17264,survey-multi-select,30,432661,0,P1688,STUDY0009,SESS1562,multi_select,semantic_blocked,ms_blocked,0,"{""Q0"":[""shape"",""color"",""material""]}",category_organization_2x2,shawl,other
ROW43590,6204,survey-multi-select,31,438868,0,P1688,STUDY0009,SESS1562,multi_select,semantic_blocked,ms_blocked,0,"{""Q0"":[""none of these""]}",category_organization_2x2,lavender,attention_check
ROW43591,1723,html-button-response,32,440592,0,P1688,STUDY0009,SESS1562,multi_select,semantic_blocked,ms_blocked,0,0,,,
ROW43592,1927,instructions,33,442520,0,P1688,STUDY0009,SESS1562,multi_select,semantic_blocked,ms_blocked,0,,,,
ROW43593,7837,instructions,0,7838,0,P0881,STUDY0009,SESS1563,multi_select,random,ms_random,0,,,,
ROW43594,19774,html-button-response,1,27613,0,P0881,STUDY0009,SESS1563,multi_select,random,ms_random,0,0,precautions_survey,,
ROW43595,17304,html-button-response,3,79213,0,P0881,STUDY0009,SESS1563,multi_select,random,ms_random,0,0,lavender_instruction,,
ROW43596,34295,html-button-response,2,61909,0,P0881,STUDY0009,SESS1563,multi_select,random,ms_random,0,0,vocabulary_classification_criteria,,
ROW43597,40286,survey-multi-select,4,119501,0,P0881,STUDY0009,SESS1563,multi_select,random,ms_random,0,"{""Q0"":[""none of these""]}",category_organization_2x2,smoothie,food_drink
ROW43598,18470,survey-multi-select,5,137973,0,P0881,STUDY0009,SESS1563,multi_select,random,ms_random,0,"{""Q0"":[""color""]}",category_organization_2x2,orange juice,other
ROW43599,19799,survey-multi-select,6,157773,0,P0881,STUDY0009,SESS1563,multi_select,random,ms_random,0,"{""Q0"":[""none of these""]}",category_organization_2x2,puppy,animals
ROW43601,19031,survey-multi-select,8,230669,0,P0881,STUDY0009,SESS1563,multi_select,random,ms_random,0,"{""Q0"":[""shape""]}",category_organization_2x2,pie,food_drink
ROW43600,53863,survey-multi-select,7,211637,0,P0881,STUDY0009,SESS1563,multi_select,random,ms_random,0,"{""Q0"":[""shape""]}",category_organization_2x2,rake (object),toys
ROW43602,16031,survey-multi-select,9,246701,0,P0881,STUDY0009,SESS1563,multi_select,random,ms_random,0,"{""Q0"":[""shape""]}",category_organization_2x2,belt,clothing
ROW43603,13111,survey-multi-select,11,281989,0,P0881,STUDY0009,SESS1563,multi_select,random,ms_random,0,"{""Q0"":[""none of these""]}",category_organization_2x2,lavender,attention_check
ROW43604,22175,survey-multi-select,10,268877,0,P0881,STUDY0009,SESS1563,multi_select,random,ms_random,0,"{""Q0"":[""shape"",""color""]}",category_organization_2x2,watermelon,food_drink
ROW43605,14023,survey-multi-select,12,296013,0,P0881,STUDY0009,SESS1563,multi_select,random,ms_random,0,"{""Q0"":[""material""]}",category_organization_2x2,tissue,household
ROW43606,14239,survey-multi-select,13,310253,0,P0881,STUDY0009,SESS1563,multi_select,random,ms_random,0,"{""Q0"":[""material""]}",category_organization_2x2,balloon,toys
ROW43607,16327,survey-multi-select,14,326581,0,P0881,STUDY0009,SESS1563,multi_select,random,ms_random,0,"{""Q0"":[""shape""]}",category_organization_2x2,jar,household
ROW43608,13991,survey-multi-select,15,340573,0,P0881,STUDY0009,SESS1563,multi_select,random,ms_random,0,"{""Q0"":[""shape""]}",category_organization_2x2,pie,food_drink
ROW43609,18695,survey-multi-select,16,359269,0,P0881,STUDY0009,SESS1563,multi_select,random,ms_random,0,"{""Q0"":[""shape""]}",category_organization_2x2,mushroom,food_drink
ROW43610,14735,survey-multi-select,17,374005,0,P0881,STUDY0009,SESS1563,multi_select,random,ms_random,0,"{""Q0"":[""shape""]}",category_organization_2x2,meatball,food_drink
ROW43611,17263,survey-multi-select,18,391269,0,P0881,STUDY0009,SESS1563,multi_select,random,ms_random,0,"{""Q0"":[""none of these""]}",category_organization_2x2,atole,food_drink
ROW43612,14359,survey-multi-select,19,405629,0,P0881,STUDY0009,SESS1563,multi_select,random,ms_random,0,"{""Q0"":[""shape""]}",category_organization_2x2,ribbon,clothing
ROW43613,15255,survey-multi-select,20,420885,0,P0881,STUDY0009,SESS1563,multi_select,random,ms_random,0,"{""Q0"":[""material""]}",category_organization_2x2,glue (object),toys
ROW43614,13503,survey-multi-select,21,434389,0,P0881,STUDY0009,SESS1563,multi_select,random,ms_random,0,"{""Q0"":[""shape""]}",category_organization_2x2,pen,toys
ROW43615,12719,survey-multi-select,22,447109,0,P0881,STUDY0009,SESS1563,multi_select,random,ms_random,0,"{""Q0"":[""shape""]}",category_organization_2x2,table,furniture_rooms
ROW43616,17599,survey-multi-select,23,464709,0,P0881,STUDY0009,SESS1563,multi_select,random,ms_random,0,"{""Q0"":[""none of these""]}",category_organization_2x2,food,food_drink
ROW43617,23327,survey-multi-select,24,488037,0,P0881,STUDY0009,SESS1563,multi_select,random,ms_random,0,"{""Q0"":[""color""]}",category_organization_2x2,elephant,animals
ROW43618,1287,html-button-response,25,489325,0,P0881,STUDY0009,SESS1563,multi_select,random,ms_random,0,0,,,
ROW43619,6703,instructions,26,496029,0,P0881,STUDY0009,SESS1563,multi_select,random,ms_random,0,,,,
