_id,rt,trial_type,trial_index,time_elapsed,internal_node_id,subject,study_id,session_id,__v,response,theword,block
6820cc0d8f6c92b7216fd312,4486,instructions,0,4486,0,5ed94af267e7bf10f180c5b0,6816be1334bc5f118b922621,6820ca467a4ed180da985d52,0,,,
6820cc0d8f6c92b7216fd314,4634,instructions,1,9122,0,5ed94af267e7bf10f180c5b0,6816be1334bc5f118b922621,6820ca467a4ed180da985d52,0,,,
6820cc0d8f6c92b7216fd316,9044,html-button-response,2,18167,0,5ed94af267e7bf10f180c5b0,6816be1334bc5f118b922621,6820ca467a4ed180da985d52,0,0,,
6820cc0d8f6c92b7216fd318,3073,html-button-response,3,21241,0,5ed94af267e7bf10f180c5b0,6816be1334bc5f118b922621,6820ca467a4ed180da985d52,0,0,,
6820cc0d8f6c92b7216fd31a,25318,html-button-response,4,46560,0,5ed94af267e7bf10f180c5b0,6816be1334bc5f118b922621,6820ca467a4ed180da985d52,0,0,,
6820cc0d8f6c92b7216fd31c,3469,html-button-response,5,50030,0,5ed94af267e7bf10f180c5b0,6816be1334bc5f118b922621,6820ca467a4ed180da985d52,0,0,,
6820cc0d8f6c92b7216fd31e,3284,survey-multi-choice,6,53316,0,5ed94af267e7bf10f180c5b0,6816be1334bc5f118b922621,6820ca467a4ed180da985d52,0,"{""Q0"":""고형물""}",책상,practice_solidity
6820cc0d8f6c92b7216fd320,2773,html-button-response,7,56091,0,5ed94af267e7bf10f180c5b0,6816be1334bc5f118b922621,6820ca467a4ed180da985d52,0,0,,
6820cc0d8f6c92b7216fd322,2783,survey-multi-choice,8,58875,0,5ed94af267e7bf10f180c5b0,6816be1334bc5f118b922621,6820ca467a4ed180da985d52,0,"{""Q0"":""비고형물""}",우유,practice_solidity
6820cc0d8f6c92b7216fd324,840,html-button-response,9,59716,0,5ed94af267e7bf10f180c5b0,6816be1334bc5f118b922621,6820ca467a4ed180da985d52,0,0,,
6820cc0d8f6c92b7216fd326,1342,html-button-response,10,61059,0,5ed94af267e7bf10f180c5b0,6816be1334bc5f118b922621,6820ca467a4ed180da985d52,0,0,,
6820cc0d8f6c92b7216fd328,4959,survey-multi-choice,11,66020,0,5ed94af267e7bf10f180c5b0,6816be1334bc5f118b922621,6820ca467a4ed180da985d52,0,"{""Q0"":""고형물""}",바나나,solidity
6820cc0d8f6c92b7216fd32a,1827,survey-multi-choice,12,67848,0,5ed94af267e7bf10f180c5b0,6816be1334bc5f118b922621,6820ca467a4ed180da985d52,0,"{""Q0"":""고형물""}",장난감,solidity
6820cc0d8f6c92b7216fd32c,2791,survey-multi-choice,13,70639,0,5ed94af267e7bf10f180c5b0,6816be1334bc5f118b922621,6820ca467a4ed180da985d52,0,"{""Q0"":""고형물""}",서랍,solidity
6820cc0d8f6c92b7216fd32e,2838,survey-multi-choice,14,73478,0,5ed94af267e7bf10f180c5b0,6816be1334bc5f118b922621,6820ca467a4ed180da985d52,0,"{""Q0"":""고형물""}",양,solidity
6820cc0d8f6c92b7216fd330,1991,survey-multi-choice,15,75470,0,5ed94af267e7bf10f180c5b0,6816be1334bc5f118b922621,6820ca467a4ed180da985d52,0,"{""Q0"":""고형물""}",닭,solidity
6820cc0d8f6c92b7216fd332,2144,survey-multi-choice,16,77614,0,5ed94af267e7bf10f180c5b0,6816be1334bc5f118b922621,6820ca467a4ed180da985d52,0,"{""Q0"":""고형물""}",피아노,solidity
6820cc0d8f6c92b7216fd334,67778,survey-multi-choice,17,145393,0,5ed94af267e7bf10f180c5b0,6816be1334bc5f118b922621,6820ca467a4ed180da985d52,0,"{""Q0"":""해당 사항 없음""}",눈,solidity
6820cc0d8f6c92b7216fd336,3663,survey-multi-choice,18,149058,0,5ed94af267e7bf10f180c5b0,6816be1334bc5f118b922621,6820ca467a4ed180da985d52,0,"{""Q0"":""고형물""}",그림,solidity
6820cc0d8f6c92b7216fd338,1942,survey-multi-choice,19,151000,0,5ed94af267e7bf10f180c5b0,6816be1334bc5f118b922621,6820ca467a4ed180da985d52,0,"{""Q0"":""고형물""}",바지,solidity
6820cc0d8f6c92b7216fd33a,2101,survey-multi-choice,20,153103,0,5ed94af267e7bf10f180c5b0,6816be1334bc5f118b922621,6820ca467a4ed180da985d52,0,"{""Q0"":""고형물""}",비누,solidity
6820cc0d8f6c92b7216fd33c,2378,survey-multi-choice,21,155482,0,5ed94af267e7bf10f180c5b0,6816be1334bc5f118b922621,6820ca467a4ed180da985d52,0,"{""Q0"":""고형물""}",뺨,solidity
6820cc0d8f6c92b7216fd33e,1804,survey-multi-choice,22,157287,0,5ed94af267e7bf10f180c5b0,6816be1334bc5f118b922621,6820ca467a4ed180da985d52,0,"{""Q0"":""고형물""}",라벤더,solidity
6820cc0d8f6c92b7216fd340,2191,survey-multi-choice,23,159479,0,5ed94af267e7bf10f180c5b0,6816be1334bc5f118b922621,6820ca467a4ed180da985d52,0,"{""Q0"":""고형물""}",라면,solidity
6820cc0d8f6c92b7216fd342,1843,survey-multi-choice,24,161322,0,5ed94af267e7bf10f180c5b0,6816be1334bc5f118b922621,6820ca467a4ed180da985d52,0,"{""Q0"":""고형물""}",소금,solidity
6820cc0d8f6c92b7216fd344,2030,survey-multi-choice,25,163354,0,5ed94af267e7bf10f180c5b0,6816be1334bc5f118b922621,6820ca467a4ed180da985d52,0,"{""Q0"":""고형물""}",옷/꼬까,solidity
6820cc0d8f6c92b7216fd346,1813,survey-multi-choice,26,165167,0,5ed94af267e7bf10f180c5b0,6816be1334bc5f118b922621,6820ca467a4ed180da985d52,0,"{""Q0"":""고형물""}",칼,solidity
6820cc0d8f6c92b7216fd348,8428,survey-multi-choice,27,173597,0,5ed94af267e7bf10f180c5b0,6816be1334bc5f118b922621,6820ca467a4ed180da985d52,0,"{""Q0"":""고형물""}",별,solidity
6820cc0d8f6c92b7216fd34a,2054,survey-multi-choice,28,175651,0,5ed94af267e7bf10f180c5b0,6816be1334bc5f118b922621,6820ca467a4ed180da985d52,0,"{""Q0"":""고형물""}",컵,solidity
6820cc0d8f6c92b7216fd34c,1798,survey-multi-choice,29,177451,0,5ed94af267e7bf10f180c5b0,6816be1334bc5f118b922621,6820ca467a4ed180da985d52,0,"{""Q0"":""고형물""}",하마,solidity
6820cc0d8f6c92b7216fd34e,1962,survey-multi-choice,30,179413,0,5ed94af267e7bf10f180c5b0,6816be1334bc5f118b922621,6820ca467a4ed180da985d52,0,"{""Q0"":""고형물""}",김치,solidity
6820cc0d8f6c92b7216fd350,2442,survey-multi-choice,31,181857,0,5ed94af267e7bf10f180c5b0,6816be1334bc5f118b922621,6820ca467a4ed180da985d52,0,"{""Q0"":""고형물""}",귀,solidity
6820cc0d8f6c92b7216fd352,20483,html-button-response,32,202342,0,5ed94af267e7bf10f180c5b0,6816be1334bc5f118b922621,6820ca467a4ed180da985d52,0,0,,
6820cc0d8f6c92b7216fd354,4570,html-button-response,33,206913,0,5ed94af267e7bf10f180c5b0,6816be1334bc5f118b922621,6820ca467a4ed180da985d52,0,0,,
6820cc0d8f6c92b7216fd356,8429,html-button-response,34,215343,0,5ed94af267e7bf10f180c5b0,6816be1334bc5f118b922621,6820ca467a4ed180da985d52,0,0,,
6820cc0d8f6c92b7216fd358,1540,html-button-response,35,216884,0,5ed94af267e7bf10f180c5b0,6816be1334bc5f118b922621,6820ca467a4ed180da985d52,0,0,,
6820cc0d8f6c92b7216fd35a,4162,html-button-response,36,221047,0,5ed94af267e7bf10f180c5b0,6816be1334bc5f118b922621,6820ca467a4ed180da985d52,0,0,,
6820cc0d8f6c92b7216fd35c,8428,survey-multi-choice,37,229477,0,5ed94af267e7bf10f180c5b0,6816be1334bc5f118b922621,6820ca467a4ed180da985d52,0,"{""Q0"":""형태""}",정사각형,practice_category
6820cc0d8f6c92b7216fd35e,1189,html-button-response,38,230666,0,5ed94af267e7bf10f180c5b0,6816be1334bc5f118b922621,6820ca467a4ed180da985d52,0,0,,
6820cc0d8f6c92b7216fd360,7647,survey-multi-choice,39,238314,0,5ed94af267e7bf10f180c5b0,6816be1334bc5f118b922621,6820ca467a4ed180da985d52,0,"{""Q0"":""물질""}",도자기,practice_category
6820cc0d8f6c92b7216fd362,1752,html-button-response,40,240067,0,5ed94af267e7bf10f180c5b0,6816be1334bc5f118b922621,6820ca467a4ed180da985d52,0,0,,
6820cc0d8f6c92b7216fd364,7815,survey-multi-choice,41,247883,0,5ed94af267e7bf10f180c5b0,6816be1334bc5f118b922621,6820ca467a4ed180da985d52,0,"{""Q0"":""색상""}",빨간불,practice_category
6820cc0d8f6c92b7216fd366,916,html-button-response,42,248801,0,5ed94af267e7bf10f180c5b0,6816be1334bc5f118b922621,6820ca467a4ed180da985d52,0,0,,
6820cc0d8f6c92b7216fd368,5886,survey-multi-choice,43,254687,0,5ed94af267e7bf10f180c5b0,6816be1334bc5f118b922621,6820ca467a4ed180da985d52,0,"{""Q0"":""해당 사항 없음""}",불안감,practice_category
6820cc0d8f6c92b7216fd36a,864,html-button-response,44,255552,0,5ed94af267e7bf10f180c5b0,6816be1334bc5f118b922621,6820ca467a4ed180da985d52,0,0,,
6820cc0d8f6c92b7216fd36c,2071,html-button-response,45,257624,0,5ed94af267e7bf10f180c5b0,6816be1334bc5f118b922621,6820ca467a4ed180da985d52,0,0,,
6820cc0d8f6c92b7216fd36e,8517,survey-multi-choice,46,266142,0,5ed94af267e7bf10f180c5b0,6816be1334bc5f118b922621,6820ca467a4ed180da985d52,0,"{""Q0"":""형태""}",어깨,category_organization
6820cc0d8f6c92b7216fd370,3141,survey-multi-choice,47,269284,0,5ed94af267e7bf10f180c5b0,6816be1334bc5f118b922621,6820ca467a4ed180da985d52,0,"{""Q0"":""해당 사항 없음""}",시계,category_organization
6820cc0d8f6c92b7216fd372,2448,survey-multi-choice,48,271733,0,5ed94af267e7bf10f180c5b0,6816be1334bc5f118b922621,6820ca467a4ed180da985d52,0,"{""Q0"":""물질""}",치즈,category_organization
6820cc0d8f6c92b7216fd374,5807,survey-multi-choice,49,277542,0,5ed94af267e7bf10f180c5b0,6816be1334bc5f118b922621,6820ca467a4ed180da985d52,0,"{""Q0"":""해당 사항 없음""}",하늘,category_organization
6820cc0d8f6c92b7216fd376,15507,survey-multi-choice,50,293051,0,5ed94af267e7bf10f180c5b0,6816be1334bc5f118b922621,6820ca467a4ed180da985d52,0,"{""Q0"":""물질""}",안경,category_organization
6820cc0d8f6c92b7216fd378,4280,survey-multi-choice,51,297332,0,5ed94af267e7bf10f180c5b0,6816be1334bc5f118b922621,6820ca467a4ed180da985d52,0,"{""Q0"":""해당 사항 없음""}",동물,category_organization
6820cc0d8f6c92b7216fd37a,7974,survey-multi-choice,52,305307,0,5ed94af267e7bf10f180c5b0,6816be1334bc5f118b922621,6820ca467a4ed180da985d52,0,"{""Q0"":""형태""}",창문,category_organization
6820cc0d8f6c92b7216fd37c,2273,survey-multi-choice,53,307581,0,5ed94af267e7bf10f180c5b0,6816be1334bc5f118b922621,6820ca467a4ed180da985d52,0,"{""Q0"":""물질""}",호박,category_organization
6820cc0d8f6c92b7216fd37e,4659,survey-multi-choice,54,312240,0,5ed94af267e7bf10f180c5b0,6816be1334bc5f118b922621,6820ca467a4ed180da985d52,0,"{""Q0"":""형태""}",의자,category_organization
6820cc0d8f6c92b7216fd380,2466,survey-multi-choice,55,314707,0,5ed94af267e7bf10f180c5b0,6816be1334bc5f118b922621,6820ca467a4ed180da985d52,0,"{""Q0"":""해당 사항 없음""}",곰,category_organization
6820cc0d8f6c92b7216fd382,2507,survey-multi-choice,56,317215,0,5ed94af267e7bf10f180c5b0,6816be1334bc5f118b922621,6820ca467a4ed180da985d52,0,"{""Q0"":""해당 사항 없음""}",밤,category_organization
6820cc0d8f6c92b7216fd384,2977,survey-multi-choice,57,320193,0,5ed94af267e7bf10f180c5b0,6816be1334bc5f118b922621,6820ca467a4ed180da985d52,0,"{""Q0"":""해당 사항 없음""}",비둘기,category_organization
6820cc0d8f6c92b7216fd386,2685,survey-multi-choice,58,322879,0,5ed94af267e7bf10f180c5b0,6816be1334bc5f118b922621,6820ca467a4ed180da985d52,0,"{""Q0"":""해당 사항 없음""}",다람쥐,category_organization
6820cc0d8f6c92b7216fd388,1810,survey-multi-choice,59,324690,0,5ed94af267e7bf10f180c5b0,6816be1334bc5f118b922621,6820ca467a4ed180da985d52,0,"{""Q0"":""해당 사항 없음""}",호랑이,category_organization
6820cc0d8f6c92b7216fd38a,2571,survey-multi-choice,60,327263,0,5ed94af267e7bf10f180c5b0,6816be1334bc5f118b922621,6820ca467a4ed180da985d52,0,"{""Q0"":""물질""}",불,category_organization
6820cc0d8f6c92b7216fd38c,4732,survey-multi-choice,61,331996,0,5ed94af267e7bf10f180c5b0,6816be1334bc5f118b922621,6820ca467a4ed180da985d52,0,"{""Q0"":""물질""}",잠옷,category_organization
6820cc0d8f6c92b7216fd38e,7483,survey-multi-choice,62,339480,0,5ed94af267e7bf10f180c5b0,6816be1334bc5f118b922621,6820ca467a4ed180da985d52,0,"{""Q0"":""물질""}",감자,category_organization
6820cc0d8f6c92b7216fd390,1803,survey-multi-choice,63,341283,0,5ed94af267e7bf10f180c5b0,6816be1334bc5f118b922621,6820ca467a4ed180da985d52,0,"{""Q0"":""해당 사항 없음""}",라벤더,category_organization
6820cc0d8f6c92b7216fd392,5088,survey-multi-choice,64,346372,0,5ed94af267e7bf10f180c5b0,6816be1334bc5f118b922621,6820ca467a4ed180da985d52,0,"{""Q0"":""물질""}",눈,category_organization
6820cc0d8f6c92b7216fd394,4967,survey-multi-choice,65,351340,0,5ed94af267e7bf10f180c5b0,6816be1334bc5f118b922621,6820ca467a4ed180da985d52,0,"{""Q0"":""형태""}",썰매,category_organization
6820cc0d8f6c92b7216fd396,6641,survey-multi-choice,66,357982,0,5ed94af267e7bf10f180c5b0,6816be1334bc5f118b922621,6820ca467a4ed180da985d52,0,"{""Q0"":""해당 사항 없음""}",배,category_organization
6820cc0d8f6c92b7216fd398,3834,html-button-response,67,361816,0,5ed94af267e7bf10f180c5b0,6816be1334bc5f118b922621,6820ca467a4ed180da985d52,0,0,,
6820cc0d8f6c92b7216fd39a,2192,html-button-response,68,364009,0,5ed94af267e7bf10f180c5b0,6816be1334bc5f118b922621,6820ca467a4ed180da985d52,0,0,,
6820cc0d8f6c92b7216fd39c,1003,html-button-response,69,365013,0,5ed94af267e7bf10f180c5b0,6816be1334bc5f118b922621,6820ca467a4ed180da985d52,0,0,,
6820cc0d8f6c92b7216fd39e,5999,html-button-response,70,371012,0,5ed94af267e7bf10f180c5b0,6816be1334bc5f118b922621,6820ca467a4ed180da985d52,0,0,,
6820cc0d8f6c92b7216fd3a0,10217,survey-multi-choice,71,381231,0,5ed94af267e7bf10f180c5b0,6816be1334bc5f118b922621,6820ca467a4ed180da985d52,0,"{""Q0"":""셀 수 없다""}",설탕,practice_countmass
6820cc0e8f6c92b7216fd3a2,2481,html-button-response,72,383714,0,5ed94af267e7bf10f180c5b0,6816be1334bc5f118b922621,6820ca467a4ed180da985d52,0,0,,
6820cc0e8f6c92b7216fd3a4,4207,survey-multi-choice,73,387922,0,5ed94af267e7bf10f180c5b0,6816be1334bc5f118b922621,6820ca467a4ed180da985d52,0,"{""Q0"":""셀 수 있다""}",의자,practice_countmass
6820cc0e8f6c92b7216fd3a6,2522,html-button-response,74,390445,0,5ed94af267e7bf10f180c5b0,6816be1334bc5f118b922621,6820ca467a4ed180da985d52,0,0,,
6820cc0e8f6c92b7216fd3a8,1262,html-button-response,75,391707,0,5ed94af267e7bf10f180c5b0,6816be1334bc5f118b922621,6820ca467a4ed180da985d52,0,0,,
6820cc0e8f6c92b7216fd3aa,2668,survey-multi-choice,76,394377,0,5ed94af267e7bf10f180c5b0,6816be1334bc5f118b922621,6820ca467a4ed180da985d52,0,"{""Q0"":""셀 수 있다""}",화장실,count_mass
6820cc0e8f6c92b7216fd3ac,2111,survey-multi-choice,77,396489,0,5ed94af267e7bf10f180c5b0,6816be1334bc5f118b922621,6820ca467a4ed180da985d52,0,"{""Q0"":""셀 수 있다""}",물고기,count_mass
6820cc0e8f6c92b7216fd3ae,3243,survey-multi-choice,78,399733,0,5ed94af267e7bf10f180c5b0,6816be1334bc5f118b922621,6820ca467a4ed180da985d52,0,"{""Q0"":""셀 수 없다""}",바람,count_mass
6820cc0e8f6c92b7216fd3b0,2014,survey-multi-choice,79,401747,0,5ed94af267e7bf10f180c5b0,6816be1334bc5f118b922621,6820ca467a4ed180da985d52,0,"{""Q0"":""셀 수 있다""}",껌,count_mass
6820cc0e8f6c92b7216fd3b2,1795,survey-multi-choice,80,403543,0,5ed94af267e7bf10f180c5b0,6816be1334bc5f118b922621,6820ca467a4ed180da985d52,0,"{""Q0"":""셀 수 있다""}",돼지,count_mass
6820cc0e8f6c92b7216fd3b6,1427,survey-multi-choice,82,406468,0,5ed94af267e7bf10f180c5b0,6816be1334bc5f118b922621,6820ca467a4ed180da985d52,0,"{""Q0"":""셀 수 있다""}",버스,count_mass
6820cc0e8f6c92b7216fd3b8,5634,survey-multi-choice,83,412103,0,5ed94af267e7bf10f180c5b0,6816be1334bc5f118b922621,6820ca467a4ed180da985d52,0,"{""Q0"":""셀 수 있다""}",쓰레기통/휴지통,count_mass
6820cc0e8f6c92b7216fd3b4,1495,survey-multi-choice,81,405040,0,5ed94af267e7bf10f180c5b0,6816be1334bc5f118b922621,6820ca467a4ed180da985d52,0,"{""Q0"":""셀 수 있다""}",고추,count_mass
6820cc0e8f6c92b7216fd3ba,2581,survey-multi-choice,84,414685,0,5ed94af267e7bf10f180c5b0,6816be1334bc5f118b922621,6820ca467a4ed180da985d52,0,"{""Q0"":""셀 수 있다""}",인형,count_mass
6820cc0e8f6c92b7216fd3bc,3218,survey-multi-choice,85,417904,0,5ed94af267e7bf10f180c5b0,6816be1334bc5f118b922621,6820ca467a4ed180da985d52,0,"{""Q0"":""셀 수 있다""}",나비,count_mass
6820cc0e8f6c92b7216fd3be,3543,survey-multi-choice,86,421447,0,5ed94af267e7bf10f180c5b0,6816be1334bc5f118b922621,6820ca467a4ed180da985d52,0,"{""Q0"":""잘 모르겠다/구분이 어렵다""}",머리카락,count_mass
6820cc0e8f6c92b7216fd3c2,2539,survey-multi-choice,87,423988,0,5ed94af267e7bf10f180c5b0,6816be1334bc5f118b922621,6820ca467a4ed180da985d52,0,"{""Q0"":""셀 수 있다""}",회색,count_mass
6820cc0e8f6c92b7216fd3c4,3324,survey-multi-choice,89,430467,0,5ed94af267e7bf10f180c5b0,6816be1334bc5f118b922621,6820ca467a4ed180da985d52,0,"{""Q0"":""셀 수 있다""}",땅콩,count_mass
6820cc0e8f6c92b7216fd3c0,3154,survey-multi-choice,88,427143,0,5ed94af267e7bf10f180c5b0,6816be1334bc5f118b922621,6820ca467a4ed180da985d52,0,"{""Q0"":""셀 수 있다""}",그릇,count_mass
6820cc0e8f6c92b7216fd3c6,1737,survey-multi-choice,90,432206,0,5ed94af267e7bf10f180c5b0,6816be1334bc5f118b922621,6820ca467a4ed180da985d52,0,"{""Q0"":""셀 수 있다""}",부엉이,count_mass
6820cc0e8f6c92b7216fd3ca,5429,survey-multi-choice,92,439019,0,5ed94af267e7bf10f180c5b0,6816be1334bc5f118b922621,6820ca467a4ed180da985d52,0,"{""Q0"":""셀 수 있다""}",모자,count_mass
6820cc0e8f6c92b7216fd3c8,1381,survey-multi-choice,91,433588,0,5ed94af267e7bf10f180c5b0,6816be1334bc5f118b922621,6820ca467a4ed180da985d52,0,"{""Q0"":""셀 수 없다""}",개,count_mass
6820cc0e8f6c92b7216fd3cc,1990,survey-multi-choice,93,441010,0,5ed94af267e7bf10f180c5b0,6816be1334bc5f118b922621,6820ca467a4ed180da985d52,0,"{""Q0"":""셀 수 있다""}",거북이,count_mass
6820cc0e8f6c92b7216fd3ce,2028,survey-multi-choice,94,443040,0,5ed94af267e7bf10f180c5b0,6816be1334bc5f118b922621,6820ca467a4ed180da985d52,0,"{""Q0"":""셀 수 있다""}",손가락,count_mass
6820cc0e8f6c92b7216fd3d0,1884,survey-multi-choice,95,444925,0,5ed94af267e7bf10f180c5b0,6816be1334bc5f118b922621,6820ca467a4ed180da985d52,0,"{""Q0"":""셀 수 있다""}",미끄럼틀,count_mass
6820cc0e8f6c92b7216fd3d2,3939,survey-multi-choice,96,448865,0,5ed94af267e7bf10f180c5b0,6816be1334bc5f118b922621,6820ca467a4ed180da985d52,0,"{""Q0"":""잘 모르겠다/구분이 어렵다""}",닭고기,count_mass
6820cc0e8f6c92b7216fd3d4,2434,html-button-response,97,451300,0,5ed94af267e7bf10f180c5b0,6816be1334bc5f118b922621,6820ca467a4ed180da985d52,0,0,,
6820cd658f6c92b7216fd3d6,84970,instructions,0,84974,0,5df5b73cd52c7b4021e0d0b6,6816be1334bc5f118b922621,6820cba0089185c2e805c519,0,,,
6820cd658f6c92b7216fd3d8,3762,instructions,1,88738,0,5df5b73cd52c7b4021e0d0b6,6816be1334bc5f118b922621,6820cba0089185c2e805c519,0,,,
6820cd658f6c92b7216fd3da,7924,html-button-response,2,96664,0,5df5b73cd52c7b4021e0d0b6,6816be1334bc5f118b922621,6820cba0089185c2e805c519,0,0,,
6820cd658f6c92b7216fd3dc,2084,html-button-response,3,98750,0,5df5b73cd52c7b4021e0d0b6,6816be1334bc5f118b922621,6820cba0089185c2e805c519,0,0,,
6820cd658f6c92b7216fd3de,1265,html-button-response,4,100016,0,5df5b73cd52c7b4021e0d0b6,6816be1334bc5f118b922621,6820cba0089185c2e805c519,0,0,,
6820cd658f6c92b7216fd3e0,3460,html-button-response,5,103478,0,5df5b73cd52c7b4021e0d0b6,6816be1334bc5f118b922621,6820cba0089185c2e805c519,0,0,,
6820cd658f6c92b7216fd3e2,4944,survey-multi-choice,6,108425,0,5df5b73cd52c7b4021e0d0b6,6816be1334bc5f118b922621,6820cba0089185c2e805c519,0,"{""Q0"":""비고형물""}",우유,practice_solidity
6820cd658f6c92b7216fd3e4,1505,html-button-response,7,109932,0,5df5b73cd52c7b4021e0d0b6,6816be1334bc5f118b922621,6820cba0089185c2e805c519,0,0,,
6820cd658f6c92b7216fd3e6,2333,survey-multi-choice,8,112267,0,5df5b73cd52c7b4021e0d0b6,6816be1334bc5f118b922621,6820cba0089185c2e805c519,0,"{""Q0"":""고형물""}",책상,practice_solidity
6820cd658f6c92b7216fd3e8,666,html-button-response,9,112934,0,5df5b73cd52c7b4021e0d0b6,6816be1334bc5f118b922621,6820cba0089185c2e805c519,0,0,,
6820cd658f6c92b7216fd3ea,1663,html-button-response,10,114599,0,5df5b73cd52c7b4021e0d0b6,6816be1334bc5f118b922621,6820cba0089185c2e805c519,0,0,,
6820cd658f6c92b7216fd3ec,4081,survey-multi-choice,11,118681,0,5df5b73cd52c7b4021e0d0b6,6816be1334bc5f118b922621,6820cba0089185c2e805c519,0,"{""Q0"":""비고형물""}",치즈,solidity
6820cd658f6c92b7216fd3ee,2027,survey-multi-choice,12,120712,0,5df5b73cd52c7b4021e0d0b6,6816be1334bc5f118b922621,6820cba0089185c2e805c519,0,"{""Q0"":""고형물""}",청소기,solidity
6820cd658f6c92b7216fd3f0,2056,survey-multi-choice,13,122770,0,5df5b73cd52c7b4021e0d0b6,6816be1334bc5f118b922621,6820cba0089185c2e805c519,0,"{""Q0"":""고형물""}",컵,solidity
6820cd658f6c92b7216fd3f2,1369,survey-multi-choice,14,124140,0,5df5b73cd52c7b4021e0d0b6,6816be1334bc5f118b922621,6820cba0089185c2e805c519,0,"{""Q0"":""고형물""}",세탁기,solidity
6820cd658f6c92b7216fd3f4,9555,survey-multi-choice,15,133697,0,5df5b73cd52c7b4021e0d0b6,6816be1334bc5f118b922621,6820cba0089185c2e805c519,0,"{""Q0"":""해당 사항 없음""}",원숭이,solidity
6820cd658f6c92b7216fd3f6,4696,survey-multi-choice,16,138395,0,5df5b73cd52c7b4021e0d0b6,6816be1334bc5f118b922621,6820cba0089185c2e805c519,0,"{""Q0"":""고형물""}",땅,solidity
6820cd658f6c92b7216fd3f8,1982,survey-multi-choice,17,140379,0,5df5b73cd52c7b4021e0d0b6,6816be1334bc5f118b922621,6820cba0089185c2e805c519,0,"{""Q0"":""고형물""}",젓가락,solidity
6820cd658f6c92b7216fd3fa,1919,survey-multi-choice,18,142300,0,5df5b73cd52c7b4021e0d0b6,6816be1334bc5f118b922621,6820cba0089185c2e805c519,0,"{""Q0"":""고형물""}",총,solidity
6820cd658f6c92b7216fd3fc,7636,survey-multi-choice,19,149937,0,5df5b73cd52c7b4021e0d0b6,6816be1334bc5f118b922621,6820cba0089185c2e805c519,0,"{""Q0"":""고형물""}",배,solidity
6820cd658f6c92b7216fd3fe,9821,survey-multi-choice,20,159760,0,5df5b73cd52c7b4021e0d0b6,6816be1334bc5f118b922621,6820cba0089185c2e805c519,0,"{""Q0"":""비고형물""}",팬티,solidity
6820cd658f6c92b7216fd400,5389,survey-multi-choice,21,165150,0,5df5b73cd52c7b4021e0d0b6,6816be1334bc5f118b922621,6820cba0089185c2e805c519,0,"{""Q0"":""해당 사항 없음""}",소,solidity
6820cd658f6c92b7216fd402,4984,survey-multi-choice,22,170136,0,5df5b73cd52c7b4021e0d0b6,6816be1334bc5f118b922621,6820cba0089185c2e805c519,0,"{""Q0"":""해당 사항 없음""}",베개,solidity
6820cd658f6c92b7216fd404,3195,survey-multi-choice,23,173332,0,5df5b73cd52c7b4021e0d0b6,6816be1334bc5f118b922621,6820cba0089185c2e805c519,0,"{""Q0"":""해당 사항 없음""}",구름,solidity
6820cd658f6c92b7216fd406,4189,survey-multi-choice,24,177523,0,5df5b73cd52c7b4021e0d0b6,6816be1334bc5f118b922621,6820cba0089185c2e805c519,0,"{""Q0"":""비고형물""}",라벤더,solidity
6820cd658f6c92b7216fd408,1734,survey-multi-choice,25,179258,0,5df5b73cd52c7b4021e0d0b6,6816be1334bc5f118b922621,6820cba0089185c2e805c519,0,"{""Q0"":""고형물""}",우산,solidity
6820cd658f6c92b7216fd40a,2929,survey-multi-choice,26,182189,0,5df5b73cd52c7b4021e0d0b6,6816be1334bc5f118b922621,6820cba0089185c2e805c519,0,"{""Q0"":""비고형물""}",염소,solidity
6820cd658f6c92b7216fd40c,3358,survey-multi-choice,27,185548,0,5df5b73cd52c7b4021e0d0b6,6816be1334bc5f118b922621,6820cba0089185c2e805c519,0,"{""Q0"":""고형물""}",피아노,solidity
6820cd658f6c92b7216fd40e,2955,survey-multi-choice,28,188505,0,5df5b73cd52c7b4021e0d0b6,6816be1334bc5f118b922621,6820cba0089185c2e805c519,0,"{""Q0"":""고형물""}",모자,solidity
6820cd658f6c92b7216fd410,2146,survey-multi-choice,29,190652,0,5df5b73cd52c7b4021e0d0b6,6816be1334bc5f118b922621,6820cba0089185c2e805c519,0,"{""Q0"":""고형물""}",사다리,solidity
6820cd658f6c92b7216fd412,5875,survey-multi-choice,30,196528,0,5df5b73cd52c7b4021e0d0b6,6816be1334bc5f118b922621,6820cba0089185c2e805c519,0,"{""Q0"":""해당 사항 없음""}",돈,solidity
6820cd658f6c92b7216fd414,11650,survey-multi-choice,31,208180,0,5df5b73cd52c7b4021e0d0b6,6816be1334bc5f118b922621,6820cba0089185c2e805c519,0,"{""Q0"":""해당 사항 없음""}",닭고기,solidity
6820cd658f6c92b7216fd416,20389,html-button-response,32,228571,0,5df5b73cd52c7b4021e0d0b6,6816be1334bc5f118b922621,6820cba0089185c2e805c519,0,0,,
6820cd658f6c92b7216fd418,1934,html-button-response,33,230507,0,5df5b73cd52c7b4021e0d0b6,6816be1334bc5f118b922621,6820cba0089185c2e805c519,0,0,,
6820cd658f6c92b7216fd41a,1035,html-button-response,34,231543,0,5df5b73cd52c7b4021e0d0b6,6816be1334bc5f118b922621,6820cba0089185c2e805c519,0,0,,
6820cd658f6c92b7216fd41c,5644,html-button-response,35,237189,0,5df5b73cd52c7b4021e0d0b6,6816be1334bc5f118b922621,6820cba0089185c2e805c519,0,0,,
6820cd658f6c92b7216fd41e,5115,survey-multi-choice,36,242306,0,5df5b73cd52c7b4021e0d0b6,6816be1334bc5f118b922621,6820cba0089185c2e805c519,0,"{""Q0"":""셀 수 있다""}",의자,practice_countmass
6820cd658f6c92b7216fd420,5606,html-button-response,37,247914,0,5df5b73cd52c7b4021e0d0b6,6816be1334bc5f118b922621,6820cba0089185c2e805c519,0,0,,
6820cd658f6c92b7216fd422,3677,survey-multi-choice,38,251592,0,5df5b73cd52c7b4021e0d0b6,6816be1334bc5f118b922621,6820cba0089185c2e805c519,0,"{""Q0"":""셀 수 없다""}",설탕,practice_countmass
6820cd658f6c92b7216fd424,1253,html-button-response,39,252846,0,5df5b73cd52c7b4021e0d0b6,6816be1334bc5f118b922621,6820cba0089185c2e805c519,0,0,,
6820cd658f6c92b7216fd426,1038,html-button-response,40,253886,0,5df5b73cd52c7b4021e0d0b6,6816be1334bc5f118b922621,6820cba0089185c2e805c519,0,0,,
6820cd658f6c92b7216fd428,2045,survey-multi-choice,41,255933,0,5df5b73cd52c7b4021e0d0b6,6816be1334bc5f118b922621,6820cba0089185c2e805c519,0,"{""Q0"":""셀 수 있다""}",회색,count_mass
6820cd658f6c92b7216fd42a,2610,survey-multi-choice,42,258544,0,5df5b73cd52c7b4021e0d0b6,6816be1334bc5f118b922621,6820cba0089185c2e805c519,0,"{""Q0"":""셀 수 있다""}",치약,count_mass
6820cd658f6c92b7216fd42c,1732,survey-multi-choice,43,260278,0,5df5b73cd52c7b4021e0d0b6,6816be1334bc5f118b922621,6820cba0089185c2e805c519,0,"{""Q0"":""셀 수 있다""}",옷/꼬까,count_mass
6820cd658f6c92b7216fd42e,1571,survey-multi-choice,44,261851,0,5df5b73cd52c7b4021e0d0b6,6816be1334bc5f118b922621,6820cba0089185c2e805c519,0,"{""Q0"":""셀 수 있다""}",비둘기,count_mass
6820cd658f6c92b7216fd430,3753,survey-multi-choice,45,265606,0,5df5b73cd52c7b4021e0d0b6,6816be1334bc5f118b922621,6820cba0089185c2e805c519,0,"{""Q0"":""셀 수 있다""}",양,count_mass
6820cd658f6c92b7216fd432,2503,survey-multi-choice,46,268110,0,5df5b73cd52c7b4021e0d0b6,6816be1334bc5f118b922621,6820cba0089185c2e805c519,0,"{""Q0"":""셀 수 있다""}",참새,count_mass
6820cd668f6c92b7216fd434,3041,survey-multi-choice,47,271152,0,5df5b73cd52c7b4021e0d0b6,6816be1334bc5f118b922621,6820cba0089185c2e805c519,0,"{""Q0"":""셀 수 있다""}",상자,count_mass
6820cd668f6c92b7216fd436,4680,survey-multi-choice,48,275833,0,5df5b73cd52c7b4021e0d0b6,6816be1334bc5f118b922621,6820cba0089185c2e805c519,0,"{""Q0"":""셀 수 있다""}",달,count_mass
6820cd668f6c92b7216fd438,3474,survey-multi-choice,49,279308,0,5df5b73cd52c7b4021e0d0b6,6816be1334bc5f118b922621,6820cba0089185c2e805c519,0,"{""Q0"":""셀 수 있다""}",사슴,count_mass
6820cd668f6c92b7216fd43a,3142,survey-multi-choice,50,282452,0,5df5b73cd52c7b4021e0d0b6,6816be1334bc5f118b922621,6820cba0089185c2e805c519,0,"{""Q0"":""셀 수 있다""}",시계,count_mass
6820cd668f6c92b7216fd43c,2526,survey-multi-choice,51,284979,0,5df5b73cd52c7b4021e0d0b6,6816be1334bc5f118b922621,6820cba0089185c2e805c519,0,"{""Q0"":""셀 수 있다""}",돼지,count_mass
6820cd668f6c92b7216fd43e,1841,survey-multi-choice,52,286822,0,5df5b73cd52c7b4021e0d0b6,6816be1334bc5f118b922621,6820cba0089185c2e805c519,0,"{""Q0"":""셀 수 있다""}",오렌지,count_mass
6820cd668f6c92b7216fd440,2861,survey-multi-choice,53,289684,0,5df5b73cd52c7b4021e0d0b6,6816be1334bc5f118b922621,6820cba0089185c2e805c519,0,"{""Q0"":""셀 수 있다""}",입술,count_mass
6820cd668f6c92b7216fd442,2378,survey-multi-choice,54,292063,0,5df5b73cd52c7b4021e0d0b6,6816be1334bc5f118b922621,6820cba0089185c2e805c519,0,"{""Q0"":""셀 수 있다""}",망치,count_mass
6820cd668f6c92b7216fd444,1905,survey-multi-choice,55,293969,0,5df5b73cd52c7b4021e0d0b6,6816be1334bc5f118b922621,6820cba0089185c2e805c519,0,"{""Q0"":""셀 수 있다""}",껌,count_mass
6820cd668f6c92b7216fd446,3357,survey-multi-choice,56,297328,0,5df5b73cd52c7b4021e0d0b6,6816be1334bc5f118b922621,6820cba0089185c2e805c519,0,"{""Q0"":""셀 수 있다""}",옷걸이,count_mass
6820cd668f6c92b7216fd448,1499,survey-multi-choice,57,298828,0,5df5b73cd52c7b4021e0d0b6,6816be1334bc5f118b922621,6820cba0089185c2e805c519,0,"{""Q0"":""셀 수 있다""}",바나나,count_mass
6820cd668f6c92b7216fd44a,1423,survey-multi-choice,58,300252,0,5df5b73cd52c7b4021e0d0b6,6816be1334bc5f118b922621,6820cba0089185c2e805c519,0,"{""Q0"":""셀 수 있다""}",병,count_mass
6820cd668f6c92b7216fd44c,1468,survey-multi-choice,59,301722,0,5df5b73cd52c7b4021e0d0b6,6816be1334bc5f118b922621,6820cba0089185c2e805c519,0,"{""Q0"":""셀 수 있다""}",옷장,count_mass
6820cd668f6c92b7216fd44e,1157,survey-multi-choice,60,302880,0,5df5b73cd52c7b4021e0d0b6,6816be1334bc5f118b922621,6820cba0089185c2e805c519,0,"{""Q0"":""셀 수 있다""}",포도,count_mass
6820cd668f6c92b7216fd450,1228,survey-multi-choice,61,304109,0,5df5b73cd52c7b4021e0d0b6,6816be1334bc5f118b922621,6820cba0089185c2e805c519,0,"{""Q0"":""셀 수 있다""}",신/신발,count_mass
6820cd668f6c92b7216fd452,9633,html-button-response,62,313744,0,5df5b73cd52c7b4021e0d0b6,6816be1334bc5f118b922621,6820cba0089185c2e805c519,0,0,,
6820cd668f6c92b7216fd454,5233,html-button-response,63,318979,0,5df5b73cd52c7b4021e0d0b6,6816be1334bc5f118b922621,6820cba0089185c2e805c519,0,0,,
6820cd668f6c92b7216fd456,7486,html-button-response,64,326467,0,5df5b73cd52c7b4021e0d0b6,6816be1334bc5f118b922621,6820cba0089185c2e805c519,0,0,,
6820cd668f6c92b7216fd458,1197,html-button-response,65,327666,0,5df5b73cd52c7b4021e0d0b6,6816be1334bc5f118b922621,6820cba0089185c2e805c519,0,0,,
6820cd668f6c92b7216fd45a,2012,html-button-response,66,329680,0,5df5b73cd52c7b4021e0d0b6,6816be1334bc5f118b922621,6820cba0089185c2e805c519,0,0,,
6820cd668f6c92b7216fd45c,9005,survey-multi-choice,67,338687,0,5df5b73cd52c7b4021e0d0b6,6816be1334bc5f118b922621,6820cba0089185c2e805c519,0,"{""Q0"":""색상""}",빨간불,practice_category
6820cd668f6c92b7216fd45e,1255,html-button-response,68,339943,0,5df5b73cd52c7b4021e0d0b6,6816be1334bc5f118b922621,6820cba0089185c2e805c519,0,0,,
6820cd668f6c92b7216fd460,3376,survey-multi-choice,69,343320,0,5df5b73cd52c7b4021e0d0b6,6816be1334bc5f118b922621,6820cba0089185c2e805c519,0,"{""Q0"":""형태""}",정사각형,practice_category
6820cd668f6c92b7216fd462,604,html-button-response,70,343926,0,5df5b73cd52c7b4021e0d0b6,6816be1334bc5f118b922621,6820cba0089185c2e805c519,0,0,,
6820cd668f6c92b7216fd464,8796,survey-multi-choice,71,352724,0,5df5b73cd52c7b4021e0d0b6,6816be1334bc5f118b922621,6820cba0089185c2e805c519,0,"{""Q0"":""해당 사항 없음""}",불안감,practice_category
6820cd668f6c92b7216fd466,1047,html-button-response,72,353772,0,5df5b73cd52c7b4021e0d0b6,6816be1334bc5f118b922621,6820cba0089185c2e805c519,0,0,,
6820cd668f6c92b7216fd468,5155,survey-multi-choice,73,358929,0,5df5b73cd52c7b4021e0d0b6,6816be1334bc5f118b922621,6820cba0089185c2e805c519,0,"{""Q0"":""물질""}",도자기,practice_category
6820cd668f6c92b7216fd46a,1086,html-button-response,74,360016,0,5df5b73cd52c7b4021e0d0b6,6816be1334bc5f118b922621,6820cba0089185c2e805c519,0,0,,
6820cd668f6c92b7216fd46c,1018,html-button-response,75,361037,0,5df5b73cd52c7b4021e0d0b6,6816be1334bc5f118b922621,6820cba0089185c2e805c519,0,0,,
6820cd668f6c92b7216fd46e,3295,survey-multi-choice,76,364334,0,5df5b73cd52c7b4021e0d0b6,6816be1334bc5f118b922621,6820cba0089185c2e805c519,0,"{""Q0"":""물질""}",음식,category_organization
6820cd668f6c92b7216fd470,6725,survey-multi-choice,77,371061,0,5df5b73cd52c7b4021e0d0b6,6816be1334bc5f118b922621,6820cba0089185c2e805c519,0,"{""Q0"":""물질""}",엉덩이,category_organization
6820cd668f6c92b7216fd472,3016,survey-multi-choice,78,374079,0,5df5b73cd52c7b4021e0d0b6,6816be1334bc5f118b922621,6820cba0089185c2e805c519,0,"{""Q0"":""물질""}",기차,category_organization
6820cd668f6c92b7216fd474,1851,survey-multi-choice,79,375931,0,5df5b73cd52c7b4021e0d0b6,6816be1334bc5f118b922621,6820cba0089185c2e805c519,0,"{""Q0"":""물질""}",구두,category_organization
6820cd668f6c92b7216fd476,2004,survey-multi-choice,80,377937,0,5df5b73cd52c7b4021e0d0b6,6816be1334bc5f118b922621,6820cba0089185c2e805c519,0,"{""Q0"":""물질""}",기저귀,category_organization
6820cd668f6c92b7216fd478,2736,survey-multi-choice,81,380675,0,5df5b73cd52c7b4021e0d0b6,6816be1334bc5f118b922621,6820cba0089185c2e805c519,0,"{""Q0"":""물질""}",목도리,category_organization
6820cd668f6c92b7216fd47a,13325,survey-multi-choice,82,394002,0,5df5b73cd52c7b4021e0d0b6,6816be1334bc5f118b922621,6820cba0089185c2e805c519,0,"{""Q0"":""물질""}",도너츠,category_organization
6820cd668f6c92b7216fd47c,6471,survey-multi-choice,84,403639,0,5df5b73cd52c7b4021e0d0b6,6816be1334bc5f118b922621,6820cba0089185c2e805c519,0,"{""Q0"":""해당 사항 없음""}",허리,category_organization
6820cd668f6c92b7216fd47e,3161,survey-multi-choice,83,397166,0,5df5b73cd52c7b4021e0d0b6,6816be1334bc5f118b922621,6820cba0089185c2e805c519,0,"{""Q0"":""물질""}",무/무우,category_organization
6820cd668f6c92b7216fd480,2089,survey-multi-choice,85,405730,0,5df5b73cd52c7b4021e0d0b6,6816be1334bc5f118b922621,6820cba0089185c2e805c519,0,"{""Q0"":""물질""}",치마,category_organization
6820cd668f6c92b7216fd482,4213,survey-multi-choice,86,409945,0,5df5b73cd52c7b4021e0d0b6,6816be1334bc5f118b922621,6820cba0089185c2e805c519,0,"{""Q0"":""물질""}",밤,category_organization
6820cd668f6c92b7216fd484,1693,survey-multi-choice,88,414253,0,5df5b73cd52c7b4021e0d0b6,6816be1334bc5f118b922621,6820cba0089185c2e805c519,0,"{""Q0"":""물질""}",돌,category_organization
6820cd668f6c92b7216fd486,2027,survey-multi-choice,89,416282,0,5df5b73cd52c7b4021e0d0b6,6816be1334bc5f118b922621,6820cba0089185c2e805c519,0,"{""Q0"":""물질""}",풍선,category_organization
6820cd668f6c92b7216fd488,2612,survey-multi-choice,87,412558,0,5df5b73cd52c7b4021e0d0b6,6816be1334bc5f118b922621,6820cba0089185c2e805c519,0,"{""Q0"":""물질""}",트럭,category_organization
6820cd668f6c92b7216fd48a,5310,survey-multi-choice,90,421594,0,5df5b73cd52c7b4021e0d0b6,6816be1334bc5f118b922621,6820cba0089185c2e805c519,0,"{""Q0"":""물질""}",라벤더,category_organization
6820cd668f6c92b7216fd48c,1482,survey-multi-choice,93,429433,0,5df5b73cd52c7b4021e0d0b6,6816be1334bc5f118b922621,6820cba0089185c2e805c519,0,"{""Q0"":""물질""}",땅콩,category_organization
6820cd668f6c92b7216fd48e,4142,survey-multi-choice,92,427949,0,5df5b73cd52c7b4021e0d0b6,6816be1334bc5f118b922621,6820cba0089185c2e805c519,0,"{""Q0"":""물질""}",커피,category_organization
6820cd668f6c92b7216fd490,2208,survey-multi-choice,91,423804,0,5df5b73cd52c7b4021e0d0b6,6816be1334bc5f118b922621,6820cba0089185c2e805c519,0,"{""Q0"":""물질""}",휴지,category_organization
6820cd668f6c92b7216fd492,4159,survey-multi-choice,94,433593,0,5df5b73cd52c7b4021e0d0b6,6816be1334bc5f118b922621,6820cba0089185c2e805c519,0,"{""Q0"":""물질""}",나비,category_organization
6820cd668f6c92b7216fd494,2052,survey-multi-choice,95,435646,0,5df5b73cd52c7b4021e0d0b6,6816be1334bc5f118b922621,6820cba0089185c2e805c519,0,"{""Q0"":""물질""}",계란/달걀,category_organization
6820cd668f6c92b7216fd496,2107,survey-multi-choice,96,437755,0,5df5b73cd52c7b4021e0d0b6,6816be1334bc5f118b922621,6820cba0089185c2e805c519,0,"{""Q0"":""물질""}",사이다,category_organization
6820cd668f6c92b7216fd498,2470,html-button-response,97,440227,0,5df5b73cd52c7b4021e0d0b6,6816be1334bc5f118b922621,6820cba0089185c2e805c519,0,0,,
6820d36b8f6c92b7216fd49a,7938,instructions,0,7942,0,5fbd92e32c9c841bb352e09f,6816be1334bc5f118b922621,6820d1ced97146ea6ae612a8,0,,,
6820d36b8f6c92b7216fd49c,8382,survey-multi-choice,6,49254,0,5fbd92e32c9c841bb352e09f,6816be1334bc5f118b922621,6820d1ced97146ea6ae612a8,0,"{""Q0"":""셀 수 없다""}",설탕,practice_countmass
6820d36b8f6c92b7216fd49e,7070,instructions,1,15015,0,5fbd92e32c9c841bb352e09f,6816be1334bc5f118b922621,6820d1ced97146ea6ae612a8,0,,,
6820d36b8f6c92b7216fd4a0,10121,html-button-response,2,25141,0,5fbd92e32c9c841bb352e09f,6816be1334bc5f118b922621,6820d1ced97146ea6ae612a8,0,0,,
6820d36b8f6c92b7216fd4a2,3616,html-button-response,3,28758,0,5fbd92e32c9c841bb352e09f,6816be1334bc5f118b922621,6820d1ced97146ea6ae612a8,0,0,,
6820d36b8f6c92b7216fd4a4,2462,html-button-response,4,31223,0,5fbd92e32c9c841bb352e09f,6816be1334bc5f118b922621,6820d1ced97146ea6ae612a8,0,0,,
6820d36b8f6c92b7216fd4a6,9641,html-button-response,5,40866,0,5fbd92e32c9c841bb352e09f,6816be1334bc5f118b922621,6820d1ced97146ea6ae612a8,0,0,,
6820d36b8f6c92b7216fd4a8,7925,html-button-response,7,57182,0,5fbd92e32c9c841bb352e09f,6816be1334bc5f118b922621,6820d1ced97146ea6ae612a8,0,0,,
6820d36b8f6c92b7216fd4aa,5341,survey-multi-choice,8,62526,0,5fbd92e32c9c841bb352e09f,6816be1334bc5f118b922621,6820d1ced97146ea6ae612a8,0,"{""Q0"":""셀 수 있다""}",의자,practice_countmass
6820d36b8f6c92b7216fd4ac,4323,html-button-response,9,66851,0,5fbd92e32c9c841bb352e09f,6816be1334bc5f118b922621,6820d1ced97146ea6ae612a8,0,0,,
6820d36b8f6c92b7216fd4ae,3989,html-button-response,10,70842,0,5fbd92e32c9c841bb352e09f,6816be1334bc5f118b922621,6820d1ced97146ea6ae612a8,0,0,,
6820d36b8f6c92b7216fd4b0,3989,survey-multi-choice,12,79080,0,5fbd92e32c9c841bb352e09f,6816be1334bc5f118b922621,6820d1ced97146ea6ae612a8,0,"{""Q0"":""셀 수 없다""}",회색,count_mass
6820d36b8f6c92b7216fd4b2,4241,survey-multi-choice,11,75087,0,5fbd92e32c9c841bb352e09f,6816be1334bc5f118b922621,6820d1ced97146ea6ae612a8,0,"{""Q0"":""셀 수 있다""}",걸레,count_mass
6820d36b8f6c92b7216fd4b4,6780,survey-multi-choice,13,85863,0,5fbd92e32c9c841bb352e09f,6816be1334bc5f118b922621,6820d1ced97146ea6ae612a8,0,"{""Q0"":""셀 수 있다""}",옷/꼬까,count_mass
6820d36b8f6c92b7216fd4b6,2557,survey-multi-choice,15,91890,0,5fbd92e32c9c841bb352e09f,6816be1334bc5f118b922621,6820d1ced97146ea6ae612a8,0,"{""Q0"":""셀 수 있다""}",피아노,count_mass
6820d36b8f6c92b7216fd4b8,3465,survey-multi-choice,14,89331,0,5fbd92e32c9c841bb352e09f,6816be1334bc5f118b922621,6820d1ced97146ea6ae612a8,0,"{""Q0"":""셀 수 있다""}",호떡,count_mass
6820d36b8f6c92b7216fd4ba,2137,survey-multi-choice,16,94030,0,5fbd92e32c9c841bb352e09f,6816be1334bc5f118b922621,6820d1ced97146ea6ae612a8,0,"{""Q0"":""셀 수 없다""}",곰,count_mass
6820d36b8f6c92b7216fd4bc,3576,survey-multi-choice,17,97608,0,5fbd92e32c9c841bb352e09f,6816be1334bc5f118b922621,6820d1ced97146ea6ae612a8,0,"{""Q0"":""셀 수 있다""}",크레용/크레파스,count_mass
6820d36b8f6c92b7216fd4be,3222,survey-multi-choice,18,100832,0,5fbd92e32c9c841bb352e09f,6816be1334bc5f118b922621,6820d1ced97146ea6ae612a8,0,"{""Q0"":""셀 수 있다""}",떡,count_mass
6820d36b8f6c92b7216fd4c0,17383,survey-multi-choice,19,118217,0,5fbd92e32c9c841bb352e09f,6816be1334bc5f118b922621,6820d1ced97146ea6ae612a8,0,"{""Q0"":""잘 모르겠다/구분이 어렵다""}",얼음,count_mass
6820d36b8f6c92b7216fd4c2,2191,survey-multi-choice,20,120409,0,5fbd92e32c9c841bb352e09f,6816be1334bc5f118b922621,6820d1ced97146ea6ae612a8,0,"{""Q0"":""셀 수 있다""}",모자,count_mass
6820d36b8f6c92b7216fd4c4,2885,survey-multi-choice,21,123297,0,5fbd92e32c9c841bb352e09f,6816be1334bc5f118b922621,6820d1ced97146ea6ae612a8,0,"{""Q0"":""셀 수 있다""}",다람쥐,count_mass
6820d36b8f6c92b7216fd4c6,2850,survey-multi-choice,22,126149,0,5fbd92e32c9c841bb352e09f,6816be1334bc5f118b922621,6820d1ced97146ea6ae612a8,0,"{""Q0"":""셀 수 없다""}",주스,count_mass
6820d36b8f6c92b7216fd4c8,6419,survey-multi-choice,23,132570,0,5fbd92e32c9c841bb352e09f,6816be1334bc5f118b922621,6820d1ced97146ea6ae612a8,0,"{""Q0"":""셀 수 있다""}",콩,count_mass
6820d36b8f6c92b7216fd4ca,2396,survey-multi-choice,24,134969,0,5fbd92e32c9c841bb352e09f,6816be1334bc5f118b922621,6820d1ced97146ea6ae612a8,0,"{""Q0"":""셀 수 있다""}",소파,count_mass
6820d36b8f6c92b7216fd4cc,2916,survey-multi-choice,25,137887,0,5fbd92e32c9c841bb352e09f,6816be1334bc5f118b922621,6820d1ced97146ea6ae612a8,0,"{""Q0"":""셀 수 없다""}",비,count_mass
6820d36b8f6c92b7216fd4ce,8043,survey-multi-choice,26,145932,0,5fbd92e32c9c841bb352e09f,6816be1334bc5f118b922621,6820d1ced97146ea6ae612a8,0,"{""Q0"":""잘 모르겠다/구분이 어렵다""}",동물,count_mass
6820d36b8f6c92b7216fd4d0,5440,survey-multi-choice,27,151373,0,5fbd92e32c9c841bb352e09f,6816be1334bc5f118b922621,6820d1ced97146ea6ae612a8,0,"{""Q0"":""잘 모르겠다/구분이 어렵다""}",치즈,count_mass
6820d36b8f6c92b7216fd4d2,2870,survey-multi-choice,28,154245,0,5fbd92e32c9c841bb352e09f,6816be1334bc5f118b922621,6820d1ced97146ea6ae612a8,0,"{""Q0"":""셀 수 있다""}",자전거,count_mass
6820d36b8f6c92b7216fd4d4,7026,survey-multi-choice,29,161272,0,5fbd92e32c9c841bb352e09f,6816be1334bc5f118b922621,6820d1ced97146ea6ae612a8,0,"{""Q0"":""셀 수 있다""}",고기,count_mass
6820d36b8f6c92b7216fd4d6,2955,survey-multi-choice,30,164230,0,5fbd92e32c9c841bb352e09f,6816be1334bc5f118b922621,6820d1ced97146ea6ae612a8,0,"{""Q0"":""셀 수 있다""}",잠옷,count_mass
6820d36b8f6c92b7216fd4d8,2751,survey-multi-choice,31,166983,0,5fbd92e32c9c841bb352e09f,6816be1334bc5f118b922621,6820d1ced97146ea6ae612a8,0,"{""Q0"":""셀 수 없다""}",하늘,count_mass
6820d36b8f6c92b7216fd4da,9867,html-button-response,32,176852,0,5fbd92e32c9c841bb352e09f,6816be1334bc5f118b922621,6820d1ced97146ea6ae612a8,0,0,,
6820d36b8f6c92b7216fd4dc,3033,html-button-response,33,179886,0,5fbd92e32c9c841bb352e09f,6816be1334bc5f118b922621,6820d1ced97146ea6ae612a8,0,0,,
6820d36b8f6c92b7216fd4de,1106,html-button-response,34,180994,0,5fbd92e32c9c841bb352e09f,6816be1334bc5f118b922621,6820d1ced97146ea6ae612a8,0,0,,
6820d36b8f6c92b7216fd4e0,2239,html-button-response,35,183235,0,5fbd92e32c9c841bb352e09f,6816be1334bc5f118b922621,6820d1ced97146ea6ae612a8,0,0,,
6820d36b8f6c92b7216fd4e2,9642,survey-multi-choice,36,192877,0,5fbd92e32c9c841bb352e09f,6816be1334bc5f118b922621,6820d1ced97146ea6ae612a8,0,"{""Q0"":""고형물""}",책상,practice_solidity
6820d36b8f6c92b7216fd4e4,1045,html-button-response,37,193924,0,5fbd92e32c9c841bb352e09f,6816be1334bc5f118b922621,6820d1ced97146ea6ae612a8,0,0,,
6820d36b8f6c92b7216fd4e6,3887,survey-multi-choice,38,197813,0,5fbd92e32c9c841bb352e09f,6816be1334bc5f118b922621,6820d1ced97146ea6ae612a8,0,"{""Q0"":""비고형물""}",우유,practice_solidity
6820d36b8f6c92b7216fd4e8,862,html-button-response,39,198677,0,5fbd92e32c9c841bb352e09f,6816be1334bc5f118b922621,6820d1ced97146ea6ae612a8,0,0,,
6820d36b8f6c92b7216fd4ea,1344,html-button-response,40,200022,0,5fbd92e32c9c841bb352e09f,6816be1334bc5f118b922621,6820d1ced97146ea6ae612a8,0,0,,
6820d36b8f6c92b7216fd4ec,5674,survey-multi-choice,41,205699,0,5fbd92e32c9c841bb352e09f,6816be1334bc5f118b922621,6820d1ced97146ea6ae612a8,0,"{""Q0"":""고형물""}",라벤더,solidity
6820d36b8f6c92b7216fd4ee,2808,survey-multi-choice,42,208509,0,5fbd92e32c9c841bb352e09f,6816be1334bc5f118b922621,6820d1ced97146ea6ae612a8,0,"{""Q0"":""고형물""}",풀,solidity
6820d36b8f6c92b7216fd4f0,2322,survey-multi-choice,43,210833,0,5fbd92e32c9c841bb352e09f,6816be1334bc5f118b922621,6820d1ced97146ea6ae612a8,0,"{""Q0"":""고형물""}",돈,solidity
6820d36b8f6c92b7216fd4f2,1942,survey-multi-choice,44,212777,0,5fbd92e32c9c841bb352e09f,6816be1334bc5f118b922621,6820d1ced97146ea6ae612a8,0,"{""Q0"":""고형물""}",청소기,solidity
6820d36b8f6c92b7216fd4f4,1801,survey-multi-choice,45,214580,0,5fbd92e32c9c841bb352e09f,6816be1334bc5f118b922621,6820d1ced97146ea6ae612a8,0,"{""Q0"":""고형물""}",총,solidity
6820d36b8f6c92b7216fd4f6,2038,survey-multi-choice,46,216621,0,5fbd92e32c9c841bb352e09f,6816be1334bc5f118b922621,6820d1ced97146ea6ae612a8,0,"{""Q0"":""고형물""}",카메라,solidity
6820d36b8f6c92b7216fd4f8,3905,survey-multi-choice,47,220529,0,5fbd92e32c9c841bb352e09f,6816be1334bc5f118b922621,6820d1ced97146ea6ae612a8,0,"{""Q0"":""고형물""}",병아리,solidity
6820d36b8f6c92b7216fd4fa,3626,survey-multi-choice,48,224160,0,5fbd92e32c9c841bb352e09f,6816be1334bc5f118b922621,6820d1ced97146ea6ae612a8,0,"{""Q0"":""고형물""}",창문,solidity
6820d36b8f6c92b7216fd4fc,2165,survey-multi-choice,49,226328,0,5fbd92e32c9c841bb352e09f,6816be1334bc5f118b922621,6820d1ced97146ea6ae612a8,0,"{""Q0"":""비고형물""}",콜라,solidity
6820d36b8f6c92b7216fd4fe,1888,survey-multi-choice,50,228218,0,5fbd92e32c9c841bb352e09f,6816be1334bc5f118b922621,6820d1ced97146ea6ae612a8,0,"{""Q0"":""고형물""}",도너츠,solidity
6820d36b8f6c92b7216fd500,1836,survey-multi-choice,51,230056,0,5fbd92e32c9c841bb352e09f,6816be1334bc5f118b922621,6820d1ced97146ea6ae612a8,0,"{""Q0"":""고형물""}",빗자루,solidity
6820d36b8f6c92b7216fd502,2072,survey-multi-choice,52,232130,0,5fbd92e32c9c841bb352e09f,6816be1334bc5f118b922621,6820d1ced97146ea6ae612a8,0,"{""Q0"":""고형물""}",옷걸이,solidity
6820d36b8f6c92b7216fd504,3421,survey-multi-choice,53,235554,0,5fbd92e32c9c841bb352e09f,6816be1334bc5f118b922621,6820d1ced97146ea6ae612a8,0,"{""Q0"":""비고형물""}",구름,solidity
6820d36b8f6c92b7216fd506,2253,survey-multi-choice,54,237810,0,5fbd92e32c9c841bb352e09f,6816be1334bc5f118b922621,6820d1ced97146ea6ae612a8,0,"{""Q0"":""고형물""}",그릇,solidity
6820d36b8f6c92b7216fd508,1641,survey-multi-choice,55,239454,0,5fbd92e32c9c841bb352e09f,6816be1334bc5f118b922621,6820d1ced97146ea6ae612a8,0,"{""Q0"":""고형물""}",버스,solidity
6820d36b8f6c92b7216fd50a,1942,survey-multi-choice,56,241397,0,5fbd92e32c9c841bb352e09f,6816be1334bc5f118b922621,6820d1ced97146ea6ae612a8,0,"{""Q0"":""고형물""}",텔레비전,solidity
6820d36b8f6c92b7216fd50c,1892,survey-multi-choice,57,243291,0,5fbd92e32c9c841bb352e09f,6816be1334bc5f118b922621,6820d1ced97146ea6ae612a8,0,"{""Q0"":""고형물""}",고양이,solidity
6820d36b8f6c92b7216fd50e,3132,survey-multi-choice,58,246425,0,5fbd92e32c9c841bb352e09f,6816be1334bc5f118b922621,6820d1ced97146ea6ae612a8,0,"{""Q0"":""고형물""}",김,solidity
6820d36b8f6c92b7216fd510,2307,survey-multi-choice,59,248734,0,5fbd92e32c9c841bb352e09f,6816be1334bc5f118b922621,6820d1ced97146ea6ae612a8,0,"{""Q0"":""고형물""}",김치,solidity
6820d36b8f6c92b7216fd512,1628,survey-multi-choice,60,250364,0,5fbd92e32c9c841bb352e09f,6816be1334bc5f118b922621,6820d1ced97146ea6ae612a8,0,"{""Q0"":""고형물""}",젓가락,solidity
6820d36b8f6c92b7216fd514,13108,html-button-response,62,265591,0,5fbd92e32c9c841bb352e09f,6816be1334bc5f118b922621,6820d1ced97146ea6ae612a8,0,0,,
6820d36b8f6c92b7216fd516,2115,survey-multi-choice,61,252481,0,5fbd92e32c9c841bb352e09f,6816be1334bc5f118b922621,6820d1ced97146ea6ae612a8,0,"{""Q0"":""고형물""}",유리,solidity
6820d36b8f6c92b7216fd518,6427,html-button-response,64,276655,0,5fbd92e32c9c841bb352e09f,6816be1334bc5f118b922621,6820d1ced97146ea6ae612a8,0,0,,
6820d36b8f6c92b7216fd51a,4633,html-button-response,63,270226,0,5fbd92e32c9c841bb352e09f,6816be1334bc5f118b922621,6820d1ced97146ea6ae612a8,0,0,,
6820d36b8f6c92b7216fd51c,1152,html-button-response,65,277808,0,5fbd92e32c9c841bb352e09f,6816be1334bc5f118b922621,6820d1ced97146ea6ae612a8,0,0,,
6820d36b8f6c92b7216fd51e,4663,html-button-response,66,282473,0,5fbd92e32c9c841bb352e09f,6816be1334bc5f118b922621,6820d1ced97146ea6ae612a8,0,0,,
6820d36b8f6c92b7216fd520,14765,survey-multi-choice,67,297240,0,5fbd92e32c9c841bb352e09f,6816be1334bc5f118b922621,6820d1ced97146ea6ae612a8,0,"{""Q0"":""해당 사항 없음""}",불안감,practice_category
6820d36b8f6c92b7216fd522,1183,html-button-response,68,298424,0,5fbd92e32c9c841bb352e09f,6816be1334bc5f118b922621,6820d1ced97146ea6ae612a8,0,0,,
6820d36b8f6c92b7216fd524,7706,survey-multi-choice,69,306132,0,5fbd92e32c9c841bb352e09f,6816be1334bc5f118b922621,6820d1ced97146ea6ae612a8,0,"{""Q0"":""형태""}",정사각형,practice_category
6820d36b8f6c92b7216fd526,679,html-button-response,70,306814,0,5fbd92e32c9c841bb352e09f,6816be1334bc5f118b922621,6820d1ced97146ea6ae612a8,0,0,,
6820d36b8f6c92b7216fd528,6722,survey-multi-choice,71,313537,0,5fbd92e32c9c841bb352e09f,6816be1334bc5f118b922621,6820d1ced97146ea6ae612a8,0,"{""Q0"":""물질""}",도자기,practice_category
6820d36b8f6c92b7216fd52a,881,html-button-response,72,314419,0,5fbd92e32c9c841bb352e09f,6816be1334bc5f118b922621,6820d1ced97146ea6ae612a8,0,0,,
6820d36c8f6c92b7216fd52c,3236,survey-multi-choice,73,317657,0,5fbd92e32c9c841bb352e09f,6816be1334bc5f118b922621,6820d1ced97146ea6ae612a8,0,"{""Q0"":""색상""}",빨간불,practice_category
6820d36c8f6c92b7216fd52e,701,html-button-response,74,318359,0,5fbd92e32c9c841bb352e09f,6816be1334bc5f118b922621,6820d1ced97146ea6ae612a8,0,0,,
6820d36c8f6c92b7216fd530,1489,html-button-response,75,319849,0,5fbd92e32c9c841bb352e09f,6816be1334bc5f118b922621,6820d1ced97146ea6ae612a8,0,0,,
6820d36c8f6c92b7216fd532,8357,survey-multi-choice,76,328209,0,5fbd92e32c9c841bb352e09f,6816be1334bc5f118b922621,6820d1ced97146ea6ae612a8,0,"{""Q0"":""형태""}",병,category_organization
6820d36c8f6c92b7216fd534,6047,survey-multi-choice,77,334259,0,5fbd92e32c9c841bb352e09f,6816be1334bc5f118b922621,6820d1ced97146ea6ae612a8,0,"{""Q0"":""형태""}",이/이빨,category_organization
6820d36c8f6c92b7216fd536,2415,survey-multi-choice,78,336676,0,5fbd92e32c9c841bb352e09f,6816be1334bc5f118b922621,6820d1ced97146ea6ae612a8,0,"{""Q0"":""형태""}",엉덩이,category_organization
6820d36c8f6c92b7216fd538,3193,survey-multi-choice,79,339872,0,5fbd92e32c9c841bb352e09f,6816be1334bc5f118b922621,6820d1ced97146ea6ae612a8,0,"{""Q0"":""형태""}",침대,category_organization
6820d36c8f6c92b7216fd53a,6050,survey-multi-choice,80,345924,0,5fbd92e32c9c841bb352e09f,6816be1334bc5f118b922621,6820d1ced97146ea6ae612a8,0,"{""Q0"":""형태""}",고추,category_organization
6820d36c8f6c92b7216fd53c,3344,survey-multi-choice,81,349269,0,5fbd92e32c9c841bb352e09f,6816be1334bc5f118b922621,6820d1ced97146ea6ae612a8,0,"{""Q0"":""형태""}",소,category_organization
6820d36c8f6c92b7216fd53e,3375,survey-multi-choice,82,352646,0,5fbd92e32c9c841bb352e09f,6816be1334bc5f118b922621,6820d1ced97146ea6ae612a8,0,"{""Q0"":""형태""}",장갑,category_organization
6820d36c8f6c92b7216fd540,2309,survey-multi-choice,83,354957,0,5fbd92e32c9c841bb352e09f,6816be1334bc5f118b922621,6820d1ced97146ea6ae612a8,0,"{""Q0"":""형태""}",신/신발,category_organization
6820d36c8f6c92b7216fd542,2862,survey-multi-choice,84,357822,0,5fbd92e32c9c841bb352e09f,6816be1334bc5f118b922621,6820d1ced97146ea6ae612a8,0,"{""Q0"":""형태""}",사슴,category_organization
6820d36c8f6c92b7216fd544,1910,survey-multi-choice,85,359737,0,5fbd92e32c9c841bb352e09f,6816be1334bc5f118b922621,6820d1ced97146ea6ae612a8,0,"{""Q0"":""해당 사항 없음""}",라벤더,category_organization
6820d36c8f6c92b7216fd546,3267,survey-multi-choice,86,363007,0,5fbd92e32c9c841bb352e09f,6816be1334bc5f118b922621,6820d1ced97146ea6ae612a8,0,"{""Q0"":""형태""}",칼,category_organization
6820d36c8f6c92b7216fd548,2833,survey-multi-choice,87,365842,0,5fbd92e32c9c841bb352e09f,6816be1334bc5f118b922621,6820d1ced97146ea6ae612a8,0,"{""Q0"":""형태""}",계단,category_organization
6820d36c8f6c92b7216fd54a,2659,survey-multi-choice,88,368503,0,5fbd92e32c9c841bb352e09f,6816be1334bc5f118b922621,6820d1ced97146ea6ae612a8,0,"{""Q0"":""형태""}",머리,category_organization
6820d36c8f6c92b7216fd54c,2794,survey-multi-choice,89,371299,0,5fbd92e32c9c841bb352e09f,6816be1334bc5f118b922621,6820d1ced97146ea6ae612a8,0,"{""Q0"":""형태""}",문,category_organization
6820d36c8f6c92b7216fd54e,2884,survey-multi-choice,90,374186,0,5fbd92e32c9c841bb352e09f,6816be1334bc5f118b922621,6820d1ced97146ea6ae612a8,0,"{""Q0"":""형태""}",닭,category_organization
6820d36c8f6c92b7216fd550,3197,survey-multi-choice,91,377385,0,5fbd92e32c9c841bb352e09f,6816be1334bc5f118b922621,6820d1ced97146ea6ae612a8,0,"{""Q0"":""형태""}",상자,category_organization
6820d36c8f6c92b7216fd552,3381,survey-multi-choice,92,380768,0,5fbd92e32c9c841bb352e09f,6816be1334bc5f118b922621,6820d1ced97146ea6ae612a8,0,"{""Q0"":""형태""}",스파게티,category_organization
6820d36c8f6c92b7216fd554,3290,survey-multi-choice,93,384060,0,5fbd92e32c9c841bb352e09f,6816be1334bc5f118b922621,6820d1ced97146ea6ae612a8,0,"{""Q0"":""형태""}",풍선,category_organization
6820d36c8f6c92b7216fd556,3759,survey-multi-choice,94,387822,0,5fbd92e32c9c841bb352e09f,6816be1334bc5f118b922621,6820d1ced97146ea6ae612a8,0,"{""Q0"":""형태""}",목걸이,category_organization
6820d36c8f6c92b7216fd558,4342,survey-multi-choice,95,392166,0,5fbd92e32c9c841bb352e09f,6816be1334bc5f118b922621,6820d1ced97146ea6ae612a8,0,"{""Q0"":""형태""}",감,category_organization
6820d36c8f6c92b7216fd55a,4332,survey-multi-choice,96,396501,0,5fbd92e32c9c841bb352e09f,6816be1334bc5f118b922621,6820d1ced97146ea6ae612a8,0,"{""Q0"":""물질""}",흙,category_organization
6820d36c8f6c92b7216fd55c,3598,html-button-response,97,400101,0,5fbd92e32c9c841bb352e09f,6816be1334bc5f118b922621,6820d1ced97146ea6ae612a8,0,0,,
6820d9108f6c92b7216fd55e,2372,instructions,0,2374,0,65db69556be407b409c06431,6816be1334bc5f118b922621,6820d6707885698d8bf4f292,0,,,
6820d9108f6c92b7216fd560,1497,instructions,1,3872,0,65db69556be407b409c06431,6816be1334bc5f118b922621,6820d6707885698d8bf4f292,0,,,
6820d9108f6c92b7216fd562,33830,html-button-response,3,39241,0,65db69556be407b409c06431,6816be1334bc5f118b922621,6820d6707885698d8bf4f292,0,0,,
6820d9108f6c92b7216fd564,11365,html-button-response,4,50608,0,65db69556be407b409c06431,6816be1334bc5f118b922621,6820d6707885698d8bf4f292,0,0,,
6820d9108f6c92b7216fd566,1534,html-button-response,2,5409,0,65db69556be407b409c06431,6816be1334bc5f118b922621,6820d6707885698d8bf4f292,0,0,,
6820d9108f6c92b7216fd568,10664,html-button-response,5,61273,0,65db69556be407b409c06431,6816be1334bc5f118b922621,6820d6707885698d8bf4f292,0,0,,
6820d9108f6c92b7216fd56a,15168,survey-multi-choice,6,76445,0,65db69556be407b409c06431,6816be1334bc5f118b922621,6820d6707885698d8bf4f292,0,"{""Q0"":""셀 수 없다""}",설탕,practice_countmass
6820d9108f6c92b7216fd56c,14894,html-button-response,7,91342,0,65db69556be407b409c06431,6816be1334bc5f118b922621,6820d6707885698d8bf4f292,0,0,,
6820d9108f6c92b7216fd56e,9698,survey-multi-choice,8,101043,0,65db69556be407b409c06431,6816be1334bc5f118b922621,6820d6707885698d8bf4f292,0,"{""Q0"":""셀 수 있다""}",의자,practice_countmass
6820d9108f6c92b7216fd570,10977,html-button-response,9,112023,0,65db69556be407b409c06431,6816be1334bc5f118b922621,6820d6707885698d8bf4f292,0,0,,
6820d9108f6c92b7216fd572,5466,html-button-response,10,117491,0,65db69556be407b409c06431,6816be1334bc5f118b922621,6820d6707885698d8bf4f292,0,0,,
6820d9108f6c92b7216fd574,16200,survey-multi-choice,11,133694,0,65db69556be407b409c06431,6816be1334bc5f118b922621,6820d6707885698d8bf4f292,0,"{""Q0"":""셀 수 있다""}",피아노,count_mass
6820d9108f6c92b7216fd576,5095,survey-multi-choice,12,138793,0,65db69556be407b409c06431,6816be1334bc5f118b922621,6820d6707885698d8bf4f292,0,"{""Q0"":""셀 수 없다""}",회색,count_mass
6820d9108f6c92b7216fd578,3346,survey-multi-choice,13,142142,0,65db69556be407b409c06431,6816be1334bc5f118b922621,6820d6707885698d8bf4f292,0,"{""Q0"":""셀 수 있다""}",감자,count_mass
6820d9108f6c92b7216fd57a,2015,survey-multi-choice,14,144159,0,65db69556be407b409c06431,6816be1334bc5f118b922621,6820d6707885698d8bf4f292,0,"{""Q0"":""셀 수 있다""}",창문,count_mass
6820d9108f6c92b7216fd57c,2799,survey-multi-choice,15,146959,0,65db69556be407b409c06431,6816be1334bc5f118b922621,6820d6707885698d8bf4f292,0,"{""Q0"":""셀 수 있다""}",컵,count_mass
6820d9108f6c92b7216fd57e,1914,survey-multi-choice,16,148876,0,65db69556be407b409c06431,6816be1334bc5f118b922621,6820d6707885698d8bf4f292,0,"{""Q0"":""셀 수 없다""}",등,count_mass
6820d9108f6c92b7216fd580,2781,survey-multi-choice,17,151659,0,65db69556be407b409c06431,6816be1334bc5f118b922621,6820d6707885698d8bf4f292,0,"{""Q0"":""셀 수 있다""}",계단,count_mass
6820d9108f6c92b7216fd582,2465,survey-multi-choice,18,154125,0,65db69556be407b409c06431,6816be1334bc5f118b922621,6820d6707885698d8bf4f292,0,"{""Q0"":""셀 수 없다""}",다리,count_mass
6820d9108f6c92b7216fd584,2232,survey-multi-choice,19,156359,0,65db69556be407b409c06431,6816be1334bc5f118b922621,6820d6707885698d8bf4f292,0,"{""Q0"":""셀 수 없다""}",기차,count_mass
6820d9108f6c92b7216fd586,2298,survey-multi-choice,20,158660,0,65db69556be407b409c06431,6816be1334bc5f118b922621,6820d6707885698d8bf4f292,0,"{""Q0"":""셀 수 있다""}",고추,count_mass
6820d9108f6c92b7216fd588,3565,survey-multi-choice,21,162226,0,65db69556be407b409c06431,6816be1334bc5f118b922621,6820d6707885698d8bf4f292,0,"{""Q0"":""셀 수 없다""}",카메라,count_mass
6820d9108f6c92b7216fd58a,10429,survey-multi-choice,23,175375,0,65db69556be407b409c06431,6816be1334bc5f118b922621,6820d6707885698d8bf4f292,0,"{""Q0"":""셀 수 있다""}",귤,count_mass
6820d9108f6c92b7216fd58c,2715,survey-multi-choice,22,164944,0,65db69556be407b409c06431,6816be1334bc5f118b922621,6820d6707885698d8bf4f292,0,"{""Q0"":""셀 수 있다""}",머리,count_mass
6820d9108f6c92b7216fd58e,1847,survey-multi-choice,24,177225,0,65db69556be407b409c06431,6816be1334bc5f118b922621,6820d6707885698d8bf4f292,0,"{""Q0"":""셀 수 있다""}",고구마,count_mass
6820d9108f6c92b7216fd590,2265,survey-multi-choice,25,179493,0,65db69556be407b409c06431,6816be1334bc5f118b922621,6820d6707885698d8bf4f292,0,"{""Q0"":""셀 수 있다""}",감,count_mass
6820d9108f6c92b7216fd592,4599,survey-multi-choice,28,189409,0,65db69556be407b409c06431,6816be1334bc5f118b922621,6820d6707885698d8bf4f292,0,"{""Q0"":""셀 수 없다""}",전자레인지,count_mass
6820d9108f6c92b7216fd594,3298,survey-multi-choice,27,184809,0,65db69556be407b409c06431,6816be1334bc5f118b922621,6820d6707885698d8bf4f292,0,"{""Q0"":""잘 모르겠다/구분이 어렵다""}",불자동차/소방차,count_mass
6820d9108f6c92b7216fd596,2014,survey-multi-choice,26,181509,0,65db69556be407b409c06431,6816be1334bc5f118b922621,6820d6707885698d8bf4f292,0,"{""Q0"":""셀 수 있다""}",돌,count_mass
6820d9108f6c92b7216fd598,2846,survey-multi-choice,29,192259,0,65db69556be407b409c06431,6816be1334bc5f118b922621,6820d6707885698d8bf4f292,0,"{""Q0"":""셀 수 있다""}",손,count_mass
6820d9108f6c92b7216fd59a,3232,survey-multi-choice,31,199076,0,65db69556be407b409c06431,6816be1334bc5f118b922621,6820d6707885698d8bf4f292,0,"{""Q0"":""셀 수 없다""}",고양이,count_mass
6820d9108f6c92b7216fd59c,3581,survey-multi-choice,30,195842,0,65db69556be407b409c06431,6816be1334bc5f118b922621,6820d6707885698d8bf4f292,0,"{""Q0"":""셀 수 있다""}",입술,count_mass
6820d9108f6c92b7216fd59e,26464,html-button-response,34,263541,0,65db69556be407b409c06431,6816be1334bc5f118b922621,6820d6707885698d8bf4f292,0,0,,
6820d9108f6c92b7216fd5a0,7098,html-button-response,35,270642,0,65db69556be407b409c06431,6816be1334bc5f118b922621,6820d6707885698d8bf4f292,0,0,,
6820d9108f6c92b7216fd5a2,20799,html-button-response,33,237074,0,65db69556be407b409c06431,6816be1334bc5f118b922621,6820d6707885698d8bf4f292,0,0,,
6820d9108f6c92b7216fd5a4,17194,html-button-response,32,216273,0,65db69556be407b409c06431,6816be1334bc5f118b922621,6820d6707885698d8bf4f292,0,0,,
6820d9108f6c92b7216fd5a6,12332,html-button-response,36,282975,0,65db69556be407b409c06431,6816be1334bc5f118b922621,6820d6707885698d8bf4f292,0,0,,
6820d9108f6c92b7216fd5a8,58135,survey-multi-choice,37,341113,0,65db69556be407b409c06431,6816be1334bc5f118b922621,6820d6707885698d8bf4f292,0,"{""Q0"":""물질""}",도자기,practice_category
6820d9108f6c92b7216fd5aa,7691,html-button-response,38,348808,0,65db69556be407b409c06431,6816be1334bc5f118b922621,6820d6707885698d8bf4f292,0,0,,
6820d9108f6c92b7216fd5ac,730,html-button-response,40,366326,0,65db69556be407b409c06431,6816be1334bc5f118b922621,6820d6707885698d8bf4f292,0,0,,
6820d9108f6c92b7216fd5ae,16783,survey-multi-choice,39,365593,0,65db69556be407b409c06431,6816be1334bc5f118b922621,6820d6707885698d8bf4f292,0,"{""Q0"":""색상""}",빨간불,practice_category
6820d9108f6c92b7216fd5b0,15333,survey-multi-choice,41,381660,0,65db69556be407b409c06431,6816be1334bc5f118b922621,6820d6707885698d8bf4f292,0,"{""Q0"":""형태""}",정사각형,practice_category
6820d9108f6c92b7216fd5b2,563,html-button-response,42,382225,0,65db69556be407b409c06431,6816be1334bc5f118b922621,6820d6707885698d8bf4f292,0,0,,
6820d9108f6c92b7216fd5b4,7617,survey-multi-choice,43,389844,0,65db69556be407b409c06431,6816be1334bc5f118b922621,6820d6707885698d8bf4f292,0,"{""Q0"":""해당 사항 없음""}",불안감,practice_category
6820d9108f6c92b7216fd5b6,617,html-button-response,44,390462,0,65db69556be407b409c06431,6816be1334bc5f118b922621,6820d6707885698d8bf4f292,0,0,,
6820d9108f6c92b7216fd5b8,2279,html-button-response,45,392743,0,65db69556be407b409c06431,6816be1334bc5f118b922621,6820d6707885698d8bf4f292,0,0,,
6820d9108f6c92b7216fd5ba,14749,survey-multi-choice,48,430561,0,65db69556be407b409c06431,6816be1334bc5f118b922621,6820d6707885698d8bf4f292,0,"{""Q0"":""물질""}",배추,category_organization
6820d9108f6c92b7216fd5bc,11463,survey-multi-choice,47,415810,0,65db69556be407b409c06431,6816be1334bc5f118b922621,6820d6707885698d8bf4f292,0,"{""Q0"":""물질""}",소금,category_organization
6820d9108f6c92b7216fd5be,11599,survey-multi-choice,46,404344,0,65db69556be407b409c06431,6816be1334bc5f118b922621,6820d6707885698d8bf4f292,0,"{""Q0"":""해당 사항 없음""}",그림,category_organization
6820d9108f6c92b7216fd5c0,8330,survey-multi-choice,49,438893,0,65db69556be407b409c06431,6816be1334bc5f118b922621,6820d6707885698d8bf4f292,0,"{""Q0"":""해당 사항 없음""}",라면,category_organization
6820d9108f6c92b7216fd5c2,2498,survey-multi-choice,54,475511,0,65db69556be407b409c06431,6816be1334bc5f118b922621,6820d6707885698d8bf4f292,0,"{""Q0"":""물질""}",호박,category_organization
6820d9108f6c92b7216fd5c4,7630,survey-multi-choice,55,483143,0,65db69556be407b409c06431,6816be1334bc5f118b922621,6820d6707885698d8bf4f292,0,"{""Q0"":""형태""}",숟가락,category_organization
6820d9108f6c92b7216fd5c6,9915,survey-multi-choice,53,473011,0,65db69556be407b409c06431,6816be1334bc5f118b922621,6820d6707885698d8bf4f292,0,"{""Q0"":""물질""}",피자,category_organization
6820d9108f6c92b7216fd5c8,7131,survey-multi-choice,51,453761,0,65db69556be407b409c06431,6816be1334bc5f118b922621,6820d6707885698d8bf4f292,0,"{""Q0"":""물질""}",사탕,category_organization
6820d9108f6c92b7216fd5ca,9330,survey-multi-choice,52,463093,0,65db69556be407b409c06431,6816be1334bc5f118b922621,6820d6707885698d8bf4f292,0,"{""Q0"":""해당 사항 없음""}",공룡,category_organization
6820d9108f6c92b7216fd5cc,7732,survey-multi-choice,50,446628,0,65db69556be407b409c06431,6816be1334bc5f118b922621,6820d6707885698d8bf4f292,0,"{""Q0"":""물질""}",라디오,category_organization
6820d9108f6c92b7216fd5ce,9378,survey-multi-choice,57,509645,0,65db69556be407b409c06431,6816be1334bc5f118b922621,6820d6707885698d8bf4f292,0,"{""Q0"":""형태""}",열쇠,category_organization
6820d9108f6c92b7216fd5d0,10380,survey-multi-choice,60,530994,0,65db69556be407b409c06431,6816be1334bc5f118b922621,6820d6707885698d8bf4f292,0,"{""Q0"":""물질""}",눈사람,category_organization
6820d9108f6c92b7216fd5d2,7931,survey-multi-choice,61,538928,0,65db69556be407b409c06431,6816be1334bc5f118b922621,6820d6707885698d8bf4f292,0,"{""Q0"":""물질""}",병아리,category_organization
6820d9108f6c92b7216fd5d4,8013,survey-multi-choice,58,517661,0,65db69556be407b409c06431,6816be1334bc5f118b922621,6820d6707885698d8bf4f292,0,"{""Q0"":""해당 사항 없음""}",여우,category_organization
6820d9108f6c92b7216fd5d6,2948,survey-multi-choice,59,520611,0,65db69556be407b409c06431,6816be1334bc5f118b922621,6820d6707885698d8bf4f292,0,"{""Q0"":""해당 사항 없음""}",라벤더,category_organization
6820d9108f6c92b7216fd5d8,17118,survey-multi-choice,56,500264,0,65db69556be407b409c06431,6816be1334bc5f118b922621,6820d6707885698d8bf4f292,0,"{""Q0"":""형태""}",미끄럼틀,category_organization
6820d9108f6c92b7216fd5da,4314,survey-multi-choice,62,543244,0,65db69556be407b409c06431,6816be1334bc5f118b922621,6820d6707885698d8bf4f292,0,"{""Q0"":""해당 사항 없음""}",책,category_organization
6820d9108f6c92b7216fd5dc,5664,survey-multi-choice,64,554877,0,65db69556be407b409c06431,6816be1334bc5f118b922621,6820d6707885698d8bf4f292,0,"{""Q0"":""형태""}",이/이빨,category_organization
6820d9108f6c92b7216fd5de,5964,survey-multi-choice,63,549211,0,65db69556be407b409c06431,6816be1334bc5f118b922621,6820d6707885698d8bf4f292,0,"{""Q0"":""색상""}",택시,category_organization
6820d9108f6c92b7216fd5e0,3332,survey-multi-choice,65,558212,0,65db69556be407b409c06431,6816be1334bc5f118b922621,6820d6707885698d8bf4f292,0,"{""Q0"":""형태""}",벌,category_organization
6820d9108f6c92b7216fd5e2,7214,survey-multi-choice,66,565428,0,65db69556be407b409c06431,6816be1334bc5f118b922621,6820d6707885698d8bf4f292,0,"{""Q0"":""형태""}",헬리콥터,category_organization
6820d9108f6c92b7216fd5e4,11479,html-button-response,67,576909,0,65db69556be407b409c06431,6816be1334bc5f118b922621,6820d6707885698d8bf4f292,0,0,,
6820d9108f6c92b7216fd5e6,7665,html-button-response,70,589293,0,65db69556be407b409c06431,6816be1334bc5f118b922621,6820d6707885698d8bf4f292,0,0,,
6820d9108f6c92b7216fd5e8,1413,html-button-response,69,581626,0,65db69556be407b409c06431,6816be1334bc5f118b922621,6820d6707885698d8bf4f292,0,0,,
6820d9108f6c92b7216fd5ea,3300,html-button-response,68,580211,0,65db69556be407b409c06431,6816be1334bc5f118b922621,6820d6707885698d8bf4f292,0,0,,
6820d9108f6c92b7216fd5ec,5099,survey-multi-choice,71,594395,0,65db69556be407b409c06431,6816be1334bc5f118b922621,6820d6707885698d8bf4f292,0,"{""Q0"":""비고형물""}",우유,practice_solidity
6820d9108f6c92b7216fd5ee,579,html-button-response,72,594977,0,65db69556be407b409c06431,6816be1334bc5f118b922621,6820d6707885698d8bf4f292,0,0,,
6820d9108f6c92b7216fd5f0,3933,survey-multi-choice,73,598912,0,65db69556be407b409c06431,6816be1334bc5f118b922621,6820d6707885698d8bf4f292,0,"{""Q0"":""고형물""}",책상,practice_solidity
6820d9118f6c92b7216fd5f2,5332,survey-multi-choice,76,605911,0,65db69556be407b409c06431,6816be1334bc5f118b922621,6820d6707885698d8bf4f292,0,"{""Q0"":""고형물""}",텔레비전,solidity
6820d9118f6c92b7216fd5f4,5464,survey-multi-choice,78,613412,0,65db69556be407b409c06431,6816be1334bc5f118b922621,6820d6707885698d8bf4f292,0,"{""Q0"":""고형물""}",똥꼬,solidity
6820d9118f6c92b7216fd5f6,2032,survey-multi-choice,77,607945,0,65db69556be407b409c06431,6816be1334bc5f118b922621,6820d6707885698d8bf4f292,0,"{""Q0"":""고형물""}",나무,solidity
6820d9118f6c92b7216fd5f8,446,html-button-response,74,599359,0,65db69556be407b409c06431,6816be1334bc5f118b922621,6820d6707885698d8bf4f292,0,0,,
6820d9118f6c92b7216fd5fa,1215,html-button-response,75,600576,0,65db69556be407b409c06431,6816be1334bc5f118b922621,6820d6707885698d8bf4f292,0,0,,
6820d9118f6c92b7216fd5fc,3247,survey-multi-choice,79,616661,0,65db69556be407b409c06431,6816be1334bc5f118b922621,6820d6707885698d8bf4f292,0,"{""Q0"":""고형물""}",블록,solidity
6820d9118f6c92b7216fd5fe,2166,survey-multi-choice,83,627431,0,65db69556be407b409c06431,6816be1334bc5f118b922621,6820d6707885698d8bf4f292,0,"{""Q0"":""고형물""}",연필,solidity
6820d9118f6c92b7216fd600,2665,survey-multi-choice,81,622045,0,65db69556be407b409c06431,6816be1334bc5f118b922621,6820d6707885698d8bf4f292,0,"{""Q0"":""고형물""}",부엌,solidity
6820d9118f6c92b7216fd602,3214,survey-multi-choice,82,625262,0,65db69556be407b409c06431,6816be1334bc5f118b922621,6820d6707885698d8bf4f292,0,"{""Q0"":""고형물""}",기저귀,solidity
6820d9118f6c92b7216fd604,2714,survey-multi-choice,80,619378,0,65db69556be407b409c06431,6816be1334bc5f118b922621,6820d6707885698d8bf4f292,0,"{""Q0"":""고형물""}",젓가락,solidity
6820d9118f6c92b7216fd606,2696,survey-multi-choice,84,630129,0,65db69556be407b409c06431,6816be1334bc5f118b922621,6820d6707885698d8bf4f292,0,"{""Q0"":""고형물""}",원숭이,solidity
6820d9118f6c92b7216fd608,2562,survey-multi-choice,85,632695,0,65db69556be407b409c06431,6816be1334bc5f118b922621,6820d6707885698d8bf4f292,0,"{""Q0"":""고형물""}",서랍,solidity
6820d9118f6c92b7216fd60a,2296,survey-multi-choice,87,637878,0,65db69556be407b409c06431,6816be1334bc5f118b922621,6820d6707885698d8bf4f292,0,"{""Q0"":""고형물""}",하마,solidity
6820d9118f6c92b7216fd60c,2881,survey-multi-choice,86,635579,0,65db69556be407b409c06431,6816be1334bc5f118b922621,6820d6707885698d8bf4f292,0,"{""Q0"":""고형물""}",떡,solidity
6820d9118f6c92b7216fd60e,2148,survey-multi-choice,88,640029,0,65db69556be407b409c06431,6816be1334bc5f118b922621,6820d6707885698d8bf4f292,0,"{""Q0"":""고형물""}",딸기,solidity
6820d9118f6c92b7216fd610,3614,survey-multi-choice,89,643645,0,65db69556be407b409c06431,6816be1334bc5f118b922621,6820d6707885698d8bf4f292,0,"{""Q0"":""고형물""}",복숭아,solidity
6820d9118f6c92b7216fd612,1731,survey-multi-choice,90,645379,0,65db69556be407b409c06431,6816be1334bc5f118b922621,6820d6707885698d8bf4f292,0,"{""Q0"":""고형물""}",고기,solidity
6820d9118f6c92b7216fd614,2780,survey-multi-choice,91,648161,0,65db69556be407b409c06431,6816be1334bc5f118b922621,6820d6707885698d8bf4f292,0,"{""Q0"":""고형물""}",악어,solidity
6820d9118f6c92b7216fd616,2481,survey-multi-choice,94,655362,0,65db69556be407b409c06431,6816be1334bc5f118b922621,6820d6707885698d8bf4f292,0,"{""Q0"":""고형물""}",칫솔,solidity
6820d9118f6c92b7216fd618,1831,survey-multi-choice,92,649995,0,65db69556be407b409c06431,6816be1334bc5f118b922621,6820d6707885698d8bf4f292,0,"{""Q0"":""고형물""}",접시,solidity
6820d9118f6c92b7216fd61a,2498,survey-multi-choice,96,662046,0,65db69556be407b409c06431,6816be1334bc5f118b922621,6820d6707885698d8bf4f292,0,"{""Q0"":""고형물""}",얼굴,solidity
6820d9118f6c92b7216fd61c,4181,survey-multi-choice,95,659545,0,65db69556be407b409c06431,6816be1334bc5f118b922621,6820d6707885698d8bf4f292,0,"{""Q0"":""고형물""}",손가락,solidity
6820d9118f6c92b7216fd61e,1361,html-button-response,97,663410,0,65db69556be407b409c06431,6816be1334bc5f118b922621,6820d6707885698d8bf4f292,0,0,,
6820d9118f6c92b7216fd620,2881,survey-multi-choice,93,652879,0,65db69556be407b409c06431,6816be1334bc5f118b922621,6820d6707885698d8bf4f292,0,"{""Q0"":""고형물""}",라벤더,solidity
6820e0398f6c92b7216fd622,3765,instructions,0,3770,0,67170696755c8adafd349d3e,6816be1334bc5f118b922621,6820defc93a87332a6190396,0,,,
6820e0398f6c92b7216fd624,8681,survey-multi-choice,6,25748,0,67170696755c8adafd349d3e,6816be1334bc5f118b922621,6820defc93a87332a6190396,0,"{""Q0"":""셀 수 없다""}",설탕,practice_countmass
6820e0398f6c92b7216fd626,3590,html-button-response,5,17065,0,67170696755c8adafd349d3e,6816be1334bc5f118b922621,6820defc93a87332a6190396,0,0,,
6820e0398f6c92b7216fd628,3486,instructions,1,7256,0,67170696755c8adafd349d3e,6816be1334bc5f118b922621,6820defc93a87332a6190396,0,,,
6820e0398f6c92b7216fd62a,1591,html-button-response,4,13473,0,67170696755c8adafd349d3e,6816be1334bc5f118b922621,6820defc93a87332a6190396,0,0,,
6820e0398f6c92b7216fd62c,1672,html-button-response,3,11881,0,67170696755c8adafd349d3e,6816be1334bc5f118b922621,6820defc93a87332a6190396,0,0,,
6820e0398f6c92b7216fd62e,2949,html-button-response,2,10208,0,67170696755c8adafd349d3e,6816be1334bc5f118b922621,6820defc93a87332a6190396,0,0,,
6820e0398f6c92b7216fd630,2517,html-button-response,7,28267,0,67170696755c8adafd349d3e,6816be1334bc5f118b922621,6820defc93a87332a6190396,0,0,,
6820e0398f6c92b7216fd632,4719,survey-multi-choice,8,32988,0,67170696755c8adafd349d3e,6816be1334bc5f118b922621,6820defc93a87332a6190396,0,"{""Q0"":""셀 수 있다""}",의자,practice_countmass
6820e0398f6c92b7216fd634,1855,html-button-response,9,34844,0,67170696755c8adafd349d3e,6816be1334bc5f118b922621,6820defc93a87332a6190396,0,0,,
6820e0398f6c92b7216fd636,3798,survey-multi-choice,11,39692,0,67170696755c8adafd349d3e,6816be1334bc5f118b922621,6820defc93a87332a6190396,0,"{""Q0"":""잘 모르겠다/구분이 어렵다""}",밤,count_mass
6820e0398f6c92b7216fd638,1047,html-button-response,10,35892,0,67170696755c8adafd349d3e,6816be1334bc5f118b922621,6820defc93a87332a6190396,0,0,,
6820e0398f6c92b7216fd63a,2255,survey-multi-choice,12,41949,0,67170696755c8adafd349d3e,6816be1334bc5f118b922621,6820defc93a87332a6190396,0,"{""Q0"":""셀 수 있다""}",고양이,count_mass
6820e0398f6c92b7216fd63c,2047,survey-multi-choice,13,43997,0,67170696755c8adafd349d3e,6816be1334bc5f118b922621,6820defc93a87332a6190396,0,"{""Q0"":""셀 수 있다""}",물고기,count_mass
6820e0398f6c92b7216fd63e,1902,survey-multi-choice,14,45901,0,67170696755c8adafd349d3e,6816be1334bc5f118b922621,6820defc93a87332a6190396,0,"{""Q0"":""셀 수 있다""}",단추,count_mass
6820e0398f6c92b7216fd640,1895,survey-multi-choice,15,47798,0,67170696755c8adafd349d3e,6816be1334bc5f118b922621,6820defc93a87332a6190396,0,"{""Q0"":""셀 수 있다""}",메론,count_mass
6820e0398f6c92b7216fd642,5031,survey-multi-choice,16,52830,0,67170696755c8adafd349d3e,6816be1334bc5f118b922621,6820defc93a87332a6190396,0,"{""Q0"":""잘 모르겠다/구분이 어렵다""}",등,count_mass
6820e0398f6c92b7216fd644,1960,survey-multi-choice,17,54791,0,67170696755c8adafd349d3e,6816be1334bc5f118b922621,6820defc93a87332a6190396,0,"{""Q0"":""셀 수 있다""}",코트/외투,count_mass
6820e0398f6c92b7216fd646,1654,survey-multi-choice,18,56446,0,67170696755c8adafd349d3e,6816be1334bc5f118b922621,6820defc93a87332a6190396,0,"{""Q0"":""셀 수 있다""}",컵,count_mass
6820e03a8f6c92b7216fd648,1744,survey-multi-choice,19,58191,0,67170696755c8adafd349d3e,6816be1334bc5f118b922621,6820defc93a87332a6190396,0,"{""Q0"":""셀 수 있다""}",전자레인지,count_mass
6820e03a8f6c92b7216fd64a,1703,survey-multi-choice,20,59895,0,67170696755c8adafd349d3e,6816be1334bc5f118b922621,6820defc93a87332a6190396,0,"{""Q0"":""셀 수 있다""}",거북이,count_mass
6820e03a8f6c92b7216fd64c,1488,survey-multi-choice,23,64361,0,67170696755c8adafd349d3e,6816be1334bc5f118b922621,6820defc93a87332a6190396,0,"{""Q0"":""셀 수 있다""}",풍선,count_mass
6820e03a8f6c92b7216fd64e,1607,survey-multi-choice,21,61504,0,67170696755c8adafd349d3e,6816be1334bc5f118b922621,6820defc93a87332a6190396,0,"{""Q0"":""셀 수 있다""}",우산,count_mass
6820e03a8f6c92b7216fd650,1366,survey-multi-choice,22,62871,0,67170696755c8adafd349d3e,6816be1334bc5f118b922621,6820defc93a87332a6190396,0,"{""Q0"":""셀 수 있다""}",핫도그,count_mass
6820e03a8f6c92b7216fd652,5070,survey-multi-choice,24,69432,0,67170696755c8adafd349d3e,6816be1334bc5f118b922621,6820defc93a87332a6190396,0,"{""Q0"":""잘 모르겠다/구분이 어렵다""}",발톱,count_mass
6820e03a8f6c92b7216fd654,2735,survey-multi-choice,26,74081,0,67170696755c8adafd349d3e,6816be1334bc5f118b922621,6820defc93a87332a6190396,0,"{""Q0"":""잘 모르겠다/구분이 어렵다""}",엉덩이,count_mass
6820e03a8f6c92b7216fd656,1912,survey-multi-choice,25,71345,0,67170696755c8adafd349d3e,6816be1334bc5f118b922621,6820defc93a87332a6190396,0,"{""Q0"":""셀 수 있다""}",펭귄,count_mass
6820e03a8f6c92b7216fd65a,1631,survey-multi-choice,30,83555,0,67170696755c8adafd349d3e,6816be1334bc5f118b922621,6820defc93a87332a6190396,0,"{""Q0"":""셀 수 있다""}",공룡,count_mass
6820e03a8f6c92b7216fd658,1597,survey-multi-choice,29,81922,0,67170696755c8adafd349d3e,6816be1334bc5f118b922621,6820defc93a87332a6190396,0,"{""Q0"":""셀 수 있다""}",회색,count_mass
6820e03a8f6c92b7216fd65c,2647,survey-multi-choice,28,80322,0,67170696755c8adafd349d3e,6816be1334bc5f118b922621,6820defc93a87332a6190396,0,"{""Q0"":""셀 수 없다""}",풀,count_mass
6820e03a8f6c92b7216fd65e,3592,survey-multi-choice,27,77674,0,67170696755c8adafd349d3e,6816be1334bc5f118b922621,6820defc93a87332a6190396,0,"{""Q0"":""잘 모르겠다/구분이 어렵다""}",몸,count_mass
6820e03a8f6c92b7216fd660,8144,html-button-response,34,104949,0,67170696755c8adafd349d3e,6816be1334bc5f118b922621,6820defc93a87332a6190396,0,0,,
6820e03a8f6c92b7216fd662,3447,html-button-response,33,96804,0,67170696755c8adafd349d3e,6816be1334bc5f118b922621,6820defc93a87332a6190396,0,0,,
6820e03a8f6c92b7216fd664,1767,survey-multi-choice,31,85323,0,67170696755c8adafd349d3e,6816be1334bc5f118b922621,6820defc93a87332a6190396,0,"{""Q0"":""셀 수 있다""}",불자동차/소방차,count_mass
6820e03a8f6c92b7216fd666,8030,html-button-response,32,93355,0,67170696755c8adafd349d3e,6816be1334bc5f118b922621,6820defc93a87332a6190396,0,0,,
6820e03a8f6c92b7216fd668,1593,html-button-response,36,108022,0,67170696755c8adafd349d3e,6816be1334bc5f118b922621,6820defc93a87332a6190396,0,0,,
6820e03a8f6c92b7216fd66a,1478,html-button-response,35,106428,0,67170696755c8adafd349d3e,6816be1334bc5f118b922621,6820defc93a87332a6190396,0,0,,
6820e03a8f6c92b7216fd66c,782,html-button-response,38,114669,0,67170696755c8adafd349d3e,6816be1334bc5f118b922621,6820defc93a87332a6190396,0,0,,
6820e03a8f6c92b7216fd66e,3376,survey-multi-choice,39,118046,0,67170696755c8adafd349d3e,6816be1334bc5f118b922621,6820defc93a87332a6190396,0,"{""Q0"":""색상""}",빨간불,practice_category
6820e03a8f6c92b7216fd670,5862,survey-multi-choice,37,113886,0,67170696755c8adafd349d3e,6816be1334bc5f118b922621,6820defc93a87332a6190396,0,"{""Q0"":""형태""}",정사각형,practice_category
6820e03a8f6c92b7216fd672,615,html-button-response,40,118663,0,67170696755c8adafd349d3e,6816be1334bc5f118b922621,6820defc93a87332a6190396,0,0,,
6820e03a8f6c92b7216fd674,662,html-button-response,42,123615,0,67170696755c8adafd349d3e,6816be1334bc5f118b922621,6820defc93a87332a6190396,0,0,,
6820e03a8f6c92b7216fd676,4287,survey-multi-choice,41,122952,0,67170696755c8adafd349d3e,6816be1334bc5f118b922621,6820defc93a87332a6190396,0,"{""Q0"":""해당 사항 없음""}",불안감,practice_category
6820e03a8f6c92b7216fd678,4328,survey-multi-choice,43,127945,0,67170696755c8adafd349d3e,6816be1334bc5f118b922621,6820defc93a87332a6190396,0,"{""Q0"":""형태""}",도자기,practice_category
6820e03a8f6c92b7216fd67a,4280,html-button-response,44,132226,0,67170696755c8adafd349d3e,6816be1334bc5f118b922621,6820defc93a87332a6190396,0,0,,
6820e03a8f6c92b7216fd67c,3463,survey-multi-choice,46,136410,0,67170696755c8adafd349d3e,6816be1334bc5f118b922621,6820defc93a87332a6190396,0,"{""Q0"":""형태""}",원숭이,category_organization
6820e03a8f6c92b7216fd67e,717,html-button-response,45,132944,0,67170696755c8adafd349d3e,6816be1334bc5f118b922621,6820defc93a87332a6190396,0,0,,
6820e03a8f6c92b7216fd680,3958,survey-multi-choice,48,146634,0,67170696755c8adafd349d3e,6816be1334bc5f118b922621,6820defc93a87332a6190396,0,"{""Q0"":""형태""}",유모차,category_organization
6820e03a8f6c92b7216fd682,6264,survey-multi-choice,47,142675,0,67170696755c8adafd349d3e,6816be1334bc5f118b922621,6820defc93a87332a6190396,0,"{""Q0"":""형태""}",과일,category_organization
6820e03a8f6c92b7216fd684,8257,survey-multi-choice,49,154892,0,67170696755c8adafd349d3e,6816be1334bc5f118b922621,6820defc93a87332a6190396,0,"{""Q0"":""형태""}",돈,category_organization
6820e03a8f6c92b7216fd686,8080,survey-multi-choice,50,162973,0,67170696755c8adafd349d3e,6816be1334bc5f118b922621,6820defc93a87332a6190396,0,"{""Q0"":""형태""}",구두,category_organization
6820e03a8f6c92b7216fd688,5897,survey-multi-choice,51,168871,0,67170696755c8adafd349d3e,6816be1334bc5f118b922621,6820defc93a87332a6190396,0,"{""Q0"":""형태""}",새,category_organization
6820e03a8f6c92b7216fd68a,1781,survey-multi-choice,52,170654,0,67170696755c8adafd349d3e,6816be1334bc5f118b922621,6820defc93a87332a6190396,0,"{""Q0"":""해당 사항 없음""}",라벤더,category_organization
6820e03a8f6c92b7216fd68c,3606,survey-multi-choice,53,174262,0,67170696755c8adafd349d3e,6816be1334bc5f118b922621,6820defc93a87332a6190396,0,"{""Q0"":""형태""}",수박,category_organization
6820e03a8f6c92b7216fd68e,4008,survey-multi-choice,54,178271,0,67170696755c8adafd349d3e,6816be1334bc5f118b922621,6820defc93a87332a6190396,0,"{""Q0"":""형태""}",피아노,category_organization
6820e03a8f6c92b7216fd690,3535,survey-multi-choice,55,181807,0,67170696755c8adafd349d3e,6816be1334bc5f118b922621,6820defc93a87332a6190396,0,"{""Q0"":""형태""}",사슴,category_organization
6820e03a8f6c92b7216fd692,6952,survey-multi-choice,56,188760,0,67170696755c8adafd349d3e,6816be1334bc5f118b922621,6820defc93a87332a6190396,0,"{""Q0"":""물질""}",유리,category_organization
6820e03a8f6c92b7216fd694,3889,survey-multi-choice,57,192650,0,67170696755c8adafd349d3e,6816be1334bc5f118b922621,6820defc93a87332a6190396,0,"{""Q0"":""형태""}",장갑,category_organization
6820e03a8f6c92b7216fd696,2165,survey-multi-choice,58,194817,0,67170696755c8adafd349d3e,6816be1334bc5f118b922621,6820defc93a87332a6190396,0,"{""Q0"":""형태""}",고추,category_organization
6820e03a8f6c92b7216fd698,2734,survey-multi-choice,59,197553,0,67170696755c8adafd349d3e,6816be1334bc5f118b922621,6820defc93a87332a6190396,0,"{""Q0"":""형태""}",모자,category_organization
6820e03a8f6c92b7216fd69a,5408,survey-multi-choice,60,202962,0,67170696755c8adafd349d3e,6816be1334bc5f118b922621,6820defc93a87332a6190396,0,"{""Q0"":""색상""}",종이,category_organization
6820e03b8f6c92b7216fd69c,2967,survey-multi-choice,61,205931,0,67170696755c8adafd349d3e,6816be1334bc5f118b922621,6820defc93a87332a6190396,0,"{""Q0"":""형태""}",라면,category_organization
6820e03b8f6c92b7216fd69e,15993,survey-multi-choice,62,221926,0,67170696755c8adafd349d3e,6816be1334bc5f118b922621,6820defc93a87332a6190396,0,"{""Q0"":""색상""}",생선,category_organization
6820e03b8f6c92b7216fd6a0,3383,survey-multi-choice,63,225310,0,67170696755c8adafd349d3e,6816be1334bc5f118b922621,6820defc93a87332a6190396,0,"{""Q0"":""형태""}",입술,category_organization
6820e03b8f6c92b7216fd6a2,6367,survey-multi-choice,64,231679,0,67170696755c8adafd349d3e,6816be1334bc5f118b922621,6820defc93a87332a6190396,0,"{""Q0"":""형태""}",바나나,category_organization
6820e03b8f6c92b7216fd6a4,3280,survey-multi-choice,66,236840,0,67170696755c8adafd349d3e,6816be1334bc5f118b922621,6820defc93a87332a6190396,0,"{""Q0"":""색상""}",꽃,category_organization
6820e03b8f6c92b7216fd6a6,1878,survey-multi-choice,65,233558,0,67170696755c8adafd349d3e,6816be1334bc5f118b922621,6820defc93a87332a6190396,0,"{""Q0"":""형태""}",복숭아,category_organization
6820e03b8f6c92b7216fd6a8,2653,html-button-response,67,239494,0,67170696755c8adafd349d3e,6816be1334bc5f118b922621,6820defc93a87332a6190396,0,0,,
6820e03b8f6c92b7216fd6aa,1599,html-button-response,68,241095,0,67170696755c8adafd349d3e,6816be1334bc5f118b922621,6820defc93a87332a6190396,0,0,,
6820e03b8f6c92b7216fd6ac,583,html-button-response,69,241679,0,67170696755c8adafd349d3e,6816be1334bc5f118b922621,6820defc93a87332a6190396,0,0,,
6820e03b8f6c92b7216fd6ae,982,html-button-response,70,242662,0,67170696755c8adafd349d3e,6816be1334bc5f118b922621,6820defc93a87332a6190396,0,0,,
6820e03b8f6c92b7216fd6b0,2448,survey-multi-choice,71,245112,0,67170696755c8adafd349d3e,6816be1334bc5f118b922621,6820defc93a87332a6190396,0,"{""Q0"":""고형물""}",책상,practice_solidity
6820e03b8f6c92b7216fd6b2,470,html-button-response,72,245584,0,67170696755c8adafd349d3e,6816be1334bc5f118b922621,6820defc93a87332a6190396,0,0,,
6820e03b8f6c92b7216fd6b4,1887,survey-multi-choice,73,247472,0,67170696755c8adafd349d3e,6816be1334bc5f118b922621,6820defc93a87332a6190396,0,"{""Q0"":""비고형물""}",우유,practice_solidity
6820e03b8f6c92b7216fd6b6,382,html-button-response,74,247855,0,67170696755c8adafd349d3e,6816be1334bc5f118b922621,6820defc93a87332a6190396,0,0,,
6820e03b8f6c92b7216fd6b8,583,html-button-response,75,248439,0,67170696755c8adafd349d3e,6816be1334bc5f118b922621,6820defc93a87332a6190396,0,0,,
6820e03b8f6c92b7216fd6ba,2111,survey-multi-choice,76,250552,0,67170696755c8adafd349d3e,6816be1334bc5f118b922621,6820defc93a87332a6190396,0,"{""Q0"":""고형물""}",감,solidity
6820e03b8f6c92b7216fd6bc,2151,survey-multi-choice,77,252705,0,67170696755c8adafd349d3e,6816be1334bc5f118b922621,6820defc93a87332a6190396,0,"{""Q0"":""비고형물""}",비,solidity
6820e03b8f6c92b7216fd6be,1606,survey-multi-choice,78,254313,0,67170696755c8adafd349d3e,6816be1334bc5f118b922621,6820defc93a87332a6190396,0,"{""Q0"":""고형물""}",쌀,solidity
6820e03b8f6c92b7216fd6c0,2575,survey-multi-choice,79,256889,0,67170696755c8adafd349d3e,6816be1334bc5f118b922621,6820defc93a87332a6190396,0,"{""Q0"":""고형물""}",하마,solidity
6820e03b8f6c92b7216fd6c2,1655,survey-multi-choice,80,258545,0,67170696755c8adafd349d3e,6816be1334bc5f118b922621,6820defc93a87332a6190396,0,"{""Q0"":""비고형물""}",구름,solidity
6820e03b8f6c92b7216fd6c4,5751,survey-multi-choice,81,264298,0,67170696755c8adafd349d3e,6816be1334bc5f118b922621,6820defc93a87332a6190396,0,"{""Q0"":""비고형물""}",눈,solidity
6820e03b8f6c92b7216fd6c6,1879,survey-multi-choice,82,266178,0,67170696755c8adafd349d3e,6816be1334bc5f118b922621,6820defc93a87332a6190396,0,"{""Q0"":""고형물""}",송아지,solidity
6820e03b8f6c92b7216fd6c8,1704,survey-multi-choice,83,267884,0,67170696755c8adafd349d3e,6816be1334bc5f118b922621,6820defc93a87332a6190396,0,"{""Q0"":""비고형물""}",커피,solidity
6820e03b8f6c92b7216fd6ca,1734,survey-multi-choice,84,269619,0,67170696755c8adafd349d3e,6816be1334bc5f118b922621,6820defc93a87332a6190396,0,"{""Q0"":""고형물""}",비누,solidity
6820e03b8f6c92b7216fd6cc,1518,survey-multi-choice,85,271139,0,67170696755c8adafd349d3e,6816be1334bc5f118b922621,6820defc93a87332a6190396,0,"{""Q0"":""고형물""}",포도,solidity
6820e03b8f6c92b7216fd6ce,1824,survey-multi-choice,87,275580,0,67170696755c8adafd349d3e,6816be1334bc5f118b922621,6820defc93a87332a6190396,0,"{""Q0"":""비고형물""}",요구르트,solidity
6820e03b8f6c92b7216fd6d0,2615,survey-multi-choice,86,273755,0,67170696755c8adafd349d3e,6816be1334bc5f118b922621,6820defc93a87332a6190396,0,"{""Q0"":""고형물""}",헬리콥터,solidity
6820e03b8f6c92b7216fd6d2,1270,survey-multi-choice,88,276851,0,67170696755c8adafd349d3e,6816be1334bc5f118b922621,6820defc93a87332a6190396,0,"{""Q0"":""고형물""}",트럭,solidity
6820e03b8f6c92b7216fd6d4,1672,survey-multi-choice,89,278524,0,67170696755c8adafd349d3e,6816be1334bc5f118b922621,6820defc93a87332a6190396,0,"{""Q0"":""고형물""}",흙,solidity
6820e03b8f6c92b7216fd6d6,1607,survey-multi-choice,90,280132,0,67170696755c8adafd349d3e,6816be1334bc5f118b922621,6820defc93a87332a6190396,0,"{""Q0"":""고형물""}",머리카락,solidity
6820e03b8f6c92b7216fd6d8,1606,survey-multi-choice,91,281741,0,67170696755c8adafd349d3e,6816be1334bc5f118b922621,6820defc93a87332a6190396,0,"{""Q0"":""고형물""}",고기,solidity
6820e03b8f6c92b7216fd6da,1247,survey-multi-choice,92,282989,0,67170696755c8adafd349d3e,6816be1334bc5f118b922621,6820defc93a87332a6190396,0,"{""Q0"":""해당 사항 없음""}",라벤더,solidity
6820e03b8f6c92b7216fd6dc,2327,survey-multi-choice,93,285317,0,67170696755c8adafd349d3e,6816be1334bc5f118b922621,6820defc93a87332a6190396,0,"{""Q0"":""고형물""}",잠옷,solidity
6820e03b8f6c92b7216fd6de,1518,survey-multi-choice,94,286836,0,67170696755c8adafd349d3e,6816be1334bc5f118b922621,6820defc93a87332a6190396,0,"{""Q0"":""고형물""}",무/무우,solidity
6820e03b8f6c92b7216fd6e0,1543,survey-multi-choice,95,288381,0,67170696755c8adafd349d3e,6816be1334bc5f118b922621,6820defc93a87332a6190396,0,"{""Q0"":""고형물""}",당근,solidity
6820e03b8f6c92b7216fd6e2,1607,survey-multi-choice,96,289989,0,67170696755c8adafd349d3e,6816be1334bc5f118b922621,6820defc93a87332a6190396,0,"{""Q0"":""고형물""}",못,solidity
6820e03b8f6c92b7216fd6e4,1656,html-button-response,97,291647,0,67170696755c8adafd349d3e,6816be1334bc5f118b922621,6820defc93a87332a6190396,0,0,,
6820e68d8f6c92b7216fd6e6,3073,instructions,0,3076,0,675f561f904ad7159d119dfc,6816be1334bc5f118b922621,6820e48fce2513be6a0ffb3d,0,,,
6820e68d8f6c92b7216fd6e8,738,instructions,1,3815,0,675f561f904ad7159d119dfc,6816be1334bc5f118b922621,6820e48fce2513be6a0ffb3d,0,,,
6820e68d8f6c92b7216fd6ea,1238,html-button-response,2,5057,0,675f561f904ad7159d119dfc,6816be1334bc5f118b922621,6820e48fce2513be6a0ffb3d,0,0,,
6820e68d8f6c92b7216fd6ec,1172,html-button-response,3,6231,0,675f561f904ad7159d119dfc,6816be1334bc5f118b922621,6820e48fce2513be6a0ffb3d,0,0,,
6820e68d8f6c92b7216fd6ee,1790,html-button-response,4,8023,0,675f561f904ad7159d119dfc,6816be1334bc5f118b922621,6820e48fce2513be6a0ffb3d,0,0,,
6820e68d8f6c92b7216fd6f0,5389,survey-multi-choice,7,17194,0,675f561f904ad7159d119dfc,6816be1334bc5f118b922621,6820e48fce2513be6a0ffb3d,0,"{""Q0"":""해당 사항 없음""}",불안감,practice_category
6820e68d8f6c92b7216fd6f2,2275,html-button-response,6,11800,0,675f561f904ad7159d119dfc,6816be1334bc5f118b922621,6820e48fce2513be6a0ffb3d,0,0,,
6820e68d8f6c92b7216fd6f4,1498,html-button-response,5,9523,0,675f561f904ad7159d119dfc,6816be1334bc5f118b922621,6820e48fce2513be6a0ffb3d,0,0,,
6820e68d8f6c92b7216fd6f6,587,html-button-response,8,17783,0,675f561f904ad7159d119dfc,6816be1334bc5f118b922621,6820e48fce2513be6a0ffb3d,0,0,,
6820e68d8f6c92b7216fd6f8,2033,survey-multi-choice,9,19819,0,675f561f904ad7159d119dfc,6816be1334bc5f118b922621,6820e48fce2513be6a0ffb3d,0,"{""Q0"":""형태""}",정사각형,practice_category
6820e68d8f6c92b7216fd6fa,574,html-button-response,10,20394,0,675f561f904ad7159d119dfc,6816be1334bc5f118b922621,6820e48fce2513be6a0ffb3d,0,0,,
6820e68d8f6c92b7216fd6fc,3732,survey-multi-choice,13,28260,0,675f561f904ad7159d119dfc,6816be1334bc5f118b922621,6820e48fce2513be6a0ffb3d,0,"{""Q0"":""색상""}",빨간불,practice_category
6820e68d8f6c92b7216fd6fe,551,html-button-response,12,24526,0,675f561f904ad7159d119dfc,6816be1334bc5f118b922621,6820e48fce2513be6a0ffb3d,0,0,,
6820e68d8f6c92b7216fd700,3578,survey-multi-choice,11,23974,0,675f561f904ad7159d119dfc,6816be1334bc5f118b922621,6820e48fce2513be6a0ffb3d,0,"{""Q0"":""물질""}",도자기,practice_category
6820e68e8f6c92b7216fd702,1240,html-button-response,14,29502,0,675f561f904ad7159d119dfc,6816be1334bc5f118b922621,6820e48fce2513be6a0ffb3d,0,0,,
6820e68e8f6c92b7216fd704,1994,survey-multi-choice,18,38244,0,675f561f904ad7159d119dfc,6816be1334bc5f118b922621,6820e48fce2513be6a0ffb3d,0,"{""Q0"":""형태""}",로봇,category_organization
6820e68e8f6c92b7216fd706,1098,html-button-response,15,30602,0,675f561f904ad7159d119dfc,6816be1334bc5f118b922621,6820e48fce2513be6a0ffb3d,0,0,,
6820e68e8f6c92b7216fd708,2762,survey-multi-choice,16,33366,0,675f561f904ad7159d119dfc,6816be1334bc5f118b922621,6820e48fce2513be6a0ffb3d,0,"{""Q0"":""형태""}",바지,category_organization
6820e68e8f6c92b7216fd70a,2534,survey-multi-choice,19,40779,0,675f561f904ad7159d119dfc,6816be1334bc5f118b922621,6820e48fce2513be6a0ffb3d,0,"{""Q0"":""형태""}",길,category_organization
6820e68e8f6c92b7216fd70c,2878,survey-multi-choice,17,36247,0,675f561f904ad7159d119dfc,6816be1334bc5f118b922621,6820e48fce2513be6a0ffb3d,0,"{""Q0"":""형태""}",배,category_organization
6820e68e8f6c92b7216fd70e,1755,survey-multi-choice,20,42536,0,675f561f904ad7159d119dfc,6816be1334bc5f118b922621,6820e48fce2513be6a0ffb3d,0,"{""Q0"":""형태""}",젓가락,category_organization
6820e68e8f6c92b7216fd710,2116,survey-multi-choice,21,44654,0,675f561f904ad7159d119dfc,6816be1334bc5f118b922621,6820e48fce2513be6a0ffb3d,0,"{""Q0"":""물질""}",생선,category_organization
6820e68f8f6c92b7216fd712,4387,survey-multi-choice,22,49044,0,675f561f904ad7159d119dfc,6816be1334bc5f118b922621,6820e48fce2513be6a0ffb3d,0,"{""Q0"":""형태""}",포크,category_organization
6820e68f8f6c92b7216fd714,1731,survey-multi-choice,23,50776,0,675f561f904ad7159d119dfc,6816be1334bc5f118b922621,6820e48fce2513be6a0ffb3d,0,"{""Q0"":""물질""}",수박,category_organization
6820e68f8f6c92b7216fd716,4276,survey-multi-choice,24,55053,0,675f561f904ad7159d119dfc,6816be1334bc5f118b922621,6820e48fce2513be6a0ffb3d,0,"{""Q0"":""형태""}",국,category_organization
6820e68f8f6c92b7216fd718,1691,survey-multi-choice,25,56746,0,675f561f904ad7159d119dfc,6816be1334bc5f118b922621,6820e48fce2513be6a0ffb3d,0,"{""Q0"":""해당 사항 없음""}",라벤더,category_organization
6820e68f8f6c92b7216fd71a,2006,survey-multi-choice,28,63537,0,675f561f904ad7159d119dfc,6816be1334bc5f118b922621,6820e48fce2513be6a0ffb3d,0,"{""Q0"":""물질""}",김,category_organization
6820e68f8f6c92b7216fd71c,2855,survey-multi-choice,26,59603,0,675f561f904ad7159d119dfc,6816be1334bc5f118b922621,6820e48fce2513be6a0ffb3d,0,"{""Q0"":""형태""}",기차,category_organization
6820e68f8f6c92b7216fd71e,1925,survey-multi-choice,27,61529,0,675f561f904ad7159d119dfc,6816be1334bc5f118b922621,6820e48fce2513be6a0ffb3d,0,"{""Q0"":""형태""}",목걸이,category_organization
6820e68f8f6c92b7216fd720,2241,survey-multi-choice,29,65780,0,675f561f904ad7159d119dfc,6816be1334bc5f118b922621,6820e48fce2513be6a0ffb3d,0,"{""Q0"":""형태""}",입,category_organization
6820e68f8f6c92b7216fd722,1989,survey-multi-choice,30,67772,0,675f561f904ad7159d119dfc,6816be1334bc5f118b922621,6820e48fce2513be6a0ffb3d,0,"{""Q0"":""형태""}",소파,category_organization
6820e68f8f6c92b7216fd724,2545,survey-multi-choice,31,70319,0,675f561f904ad7159d119dfc,6816be1334bc5f118b922621,6820e48fce2513be6a0ffb3d,0,"{""Q0"":""형태""}",엉덩이,category_organization
6820e68f8f6c92b7216fd726,2444,survey-multi-choice,32,72764,0,675f561f904ad7159d119dfc,6816be1334bc5f118b922621,6820e48fce2513be6a0ffb3d,0,"{""Q0"":""형태""}",안경,category_organization
6820e6908f6c92b7216fd728,4238,survey-multi-choice,33,77004,0,675f561f904ad7159d119dfc,6816be1334bc5f118b922621,6820e48fce2513be6a0ffb3d,0,"{""Q0"":""물질""}",밤,category_organization
6820e6908f6c92b7216fd72a,2324,survey-multi-choice,35,81324,0,675f561f904ad7159d119dfc,6816be1334bc5f118b922621,6820e48fce2513be6a0ffb3d,0,"{""Q0"":""물질""}",음식,category_organization
6820e6908f6c92b7216fd72c,1993,survey-multi-choice,34,78998,0,675f561f904ad7159d119dfc,6816be1334bc5f118b922621,6820e48fce2513be6a0ffb3d,0,"{""Q0"":""형태""}",시소,category_organization
6820e6908f6c92b7216fd72e,1880,survey-multi-choice,36,83206,0,675f561f904ad7159d119dfc,6816be1334bc5f118b922621,6820e48fce2513be6a0ffb3d,0,"{""Q0"":""형태""}",가방,category_organization
6820e6908f6c92b7216fd730,1905,html-button-response,37,85112,0,675f561f904ad7159d119dfc,6816be1334bc5f118b922621,6820e48fce2513be6a0ffb3d,0,0,,
6820e6908f6c92b7216fd732,528,html-button-response,38,85641,0,675f561f904ad7159d119dfc,6816be1334bc5f118b922621,6820e48fce2513be6a0ffb3d,0,0,,
6820e6908f6c92b7216fd734,555,html-button-response,39,86198,0,675f561f904ad7159d119dfc,6816be1334bc5f118b922621,6820e48fce2513be6a0ffb3d,0,0,,
6820e6908f6c92b7216fd736,3066,survey-multi-choice,41,90499,0,675f561f904ad7159d119dfc,6816be1334bc5f118b922621,6820e48fce2513be6a0ffb3d,0,"{""Q0"":""고형물""}",책상,practice_solidity
6820e6908f6c92b7216fd738,1232,html-button-response,40,87431,0,675f561f904ad7159d119dfc,6816be1334bc5f118b922621,6820e48fce2513be6a0ffb3d,0,0,,
6820e6908f6c92b7216fd73a,536,html-button-response,42,91037,0,675f561f904ad7159d119dfc,6816be1334bc5f118b922621,6820e48fce2513be6a0ffb3d,0,0,,
6820e6908f6c92b7216fd73c,527,html-button-response,44,92762,0,675f561f904ad7159d119dfc,6816be1334bc5f118b922621,6820e48fce2513be6a0ffb3d,0,0,,
6820e6908f6c92b7216fd73e,1196,survey-multi-choice,43,92234,0,675f561f904ad7159d119dfc,6816be1334bc5f118b922621,6820e48fce2513be6a0ffb3d,0,"{""Q0"":""비고형물""}",우유,practice_solidity
6820e6908f6c92b7216fd740,551,html-button-response,45,93314,0,675f561f904ad7159d119dfc,6816be1334bc5f118b922621,6820e48fce2513be6a0ffb3d,0,0,,
6820e6908f6c92b7216fd742,2074,survey-multi-choice,46,95390,0,675f561f904ad7159d119dfc,6816be1334bc5f118b922621,6820e48fce2513be6a0ffb3d,0,"{""Q0"":""고형물""}",똥꼬,solidity
6820e6908f6c92b7216fd744,984,survey-multi-choice,47,96377,0,675f561f904ad7159d119dfc,6816be1334bc5f118b922621,6820e48fce2513be6a0ffb3d,0,"{""Q0"":""고형물""}",송아지,solidity
6820e6908f6c92b7216fd746,1230,survey-multi-choice,48,97609,0,675f561f904ad7159d119dfc,6816be1334bc5f118b922621,6820e48fce2513be6a0ffb3d,0,"{""Q0"":""고형물""}",허리,solidity
6820e6908f6c92b7216fd748,1596,survey-multi-choice,50,100765,0,675f561f904ad7159d119dfc,6816be1334bc5f118b922621,6820e48fce2513be6a0ffb3d,0,"{""Q0"":""고형물""}",택시,solidity
6820e6908f6c92b7216fd74a,1556,survey-multi-choice,49,99167,0,675f561f904ad7159d119dfc,6816be1334bc5f118b922621,6820e48fce2513be6a0ffb3d,0,"{""Q0"":""비고형물""}",콜라,solidity
6820e6908f6c92b7216fd74c,1828,survey-multi-choice,52,105623,0,675f561f904ad7159d119dfc,6816be1334bc5f118b922621,6820e48fce2513be6a0ffb3d,0,"{""Q0"":""고형물""}",머리,solidity
6820e6908f6c92b7216fd74e,1577,survey-multi-choice,53,107200,0,675f561f904ad7159d119dfc,6816be1334bc5f118b922621,6820e48fce2513be6a0ffb3d,0,"{""Q0"":""고형물""}",풍선,solidity
6820e6908f6c92b7216fd750,3025,survey-multi-choice,51,103792,0,675f561f904ad7159d119dfc,6816be1334bc5f118b922621,6820e48fce2513be6a0ffb3d,0,"{""Q0"":""고형물""}",라벤더,solidity
6820e6908f6c92b7216fd752,1757,survey-multi-choice,54,108959,0,675f561f904ad7159d119dfc,6816be1334bc5f118b922621,6820e48fce2513be6a0ffb3d,0,"{""Q0"":""고형물""}",발톱,solidity
6820e6908f6c92b7216fd754,1473,survey-multi-choice,55,110434,0,675f561f904ad7159d119dfc,6816be1334bc5f118b922621,6820e48fce2513be6a0ffb3d,0,"{""Q0"":""고형물""}",돌,solidity
6820e6908f6c92b7216fd756,1307,survey-multi-choice,56,111744,0,675f561f904ad7159d119dfc,6816be1334bc5f118b922621,6820e48fce2513be6a0ffb3d,0,"{""Q0"":""고형물""}",개,solidity
6820e6908f6c92b7216fd758,1423,survey-multi-choice,57,113168,0,675f561f904ad7159d119dfc,6816be1334bc5f118b922621,6820e48fce2513be6a0ffb3d,0,"{""Q0"":""고형물""}",스파게티,solidity
6820e6908f6c92b7216fd75a,1506,survey-multi-choice,59,116326,0,675f561f904ad7159d119dfc,6816be1334bc5f118b922621,6820e48fce2513be6a0ffb3d,0,"{""Q0"":""고형물""}",바위,solidity
6820e6908f6c92b7216fd75c,1648,survey-multi-choice,58,114818,0,675f561f904ad7159d119dfc,6816be1334bc5f118b922621,6820e48fce2513be6a0ffb3d,0,"{""Q0"":""고형물""}",턱,solidity
6820e6908f6c92b7216fd75e,1272,survey-multi-choice,60,117601,0,675f561f904ad7159d119dfc,6816be1334bc5f118b922621,6820e48fce2513be6a0ffb3d,0,"{""Q0"":""고형물""}",팬티,solidity
6820e6908f6c92b7216fd760,1122,survey-multi-choice,61,118725,0,675f561f904ad7159d119dfc,6816be1334bc5f118b922621,6820e48fce2513be6a0ffb3d,0,"{""Q0"":""고형물""}",무릎,solidity
6820e6908f6c92b7216fd762,1351,survey-multi-choice,62,120078,0,675f561f904ad7159d119dfc,6816be1334bc5f118b922621,6820e48fce2513be6a0ffb3d,0,"{""Q0"":""비고형물""}",주스,solidity
6820e6908f6c92b7216fd764,1198,survey-multi-choice,63,121279,0,675f561f904ad7159d119dfc,6816be1334bc5f118b922621,6820e48fce2513be6a0ffb3d,0,"{""Q0"":""고형물""}",소,solidity
6820e6908f6c92b7216fd766,1431,survey-multi-choice,64,122712,0,675f561f904ad7159d119dfc,6816be1334bc5f118b922621,6820e48fce2513be6a0ffb3d,0,"{""Q0"":""고형물""}",이/이빨,solidity
6820e6908f6c92b7216fd768,1245,survey-multi-choice,65,123959,0,675f561f904ad7159d119dfc,6816be1334bc5f118b922621,6820e48fce2513be6a0ffb3d,0,"{""Q0"":""고형물""}",치즈,solidity
6820e6918f6c92b7216fd76a,1804,html-button-response,68,128867,0,675f561f904ad7159d119dfc,6816be1334bc5f118b922621,6820e48fce2513be6a0ffb3d,0,0,,
6820e6918f6c92b7216fd76c,1292,survey-multi-choice,66,125253,0,675f561f904ad7159d119dfc,6816be1334bc5f118b922621,6820e48fce2513be6a0ffb3d,0,"{""Q0"":""고형물""}",얼굴,solidity
6820e6918f6c92b7216fd76e,1806,html-button-response,67,127061,0,675f561f904ad7159d119dfc,6816be1334bc5f118b922621,6820e48fce2513be6a0ffb3d,0,0,,
6820e6918f6c92b7216fd770,552,html-button-response,69,129419,0,675f561f904ad7159d119dfc,6816be1334bc5f118b922621,6820e48fce2513be6a0ffb3d,0,0,,
6820e6918f6c92b7216fd774,2813,html-button-response,70,132233,0,675f561f904ad7159d119dfc,6816be1334bc5f118b922621,6820e48fce2513be6a0ffb3d,0,0,,
6820e6918f6c92b7216fd772,2203,survey-multi-choice,71,134438,0,675f561f904ad7159d119dfc,6816be1334bc5f118b922621,6820e48fce2513be6a0ffb3d,0,"{""Q0"":""셀 수 없다""}",설탕,practice_countmass
6820e6918f6c92b7216fd776,2221,html-button-response,72,136662,0,675f561f904ad7159d119dfc,6816be1334bc5f118b922621,6820e48fce2513be6a0ffb3d,0,0,,
6820e6918f6c92b7216fd778,3059,survey-multi-choice,73,139723,0,675f561f904ad7159d119dfc,6816be1334bc5f118b922621,6820e48fce2513be6a0ffb3d,0,"{""Q0"":""셀 수 있다""}",의자,practice_countmass
6820e6918f6c92b7216fd77a,1800,html-button-response,74,141525,0,675f561f904ad7159d119dfc,6816be1334bc5f118b922621,6820e48fce2513be6a0ffb3d,0,0,,
6820e6918f6c92b7216fd77c,845,html-button-response,75,142371,0,675f561f904ad7159d119dfc,6816be1334bc5f118b922621,6820e48fce2513be6a0ffb3d,0,0,,
6820e6918f6c92b7216fd77e,1647,survey-multi-choice,76,144020,0,675f561f904ad7159d119dfc,6816be1334bc5f118b922621,6820e48fce2513be6a0ffb3d,0,"{""Q0"":""셀 수 있다""}",이불,count_mass
6820e6918f6c92b7216fd780,2690,survey-multi-choice,77,146711,0,675f561f904ad7159d119dfc,6816be1334bc5f118b922621,6820e48fce2513be6a0ffb3d,0,"{""Q0"":""셀 수 있다""}",베개,count_mass
6820e6918f6c92b7216fd782,2953,survey-multi-choice,78,149666,0,675f561f904ad7159d119dfc,6816be1334bc5f118b922621,6820e48fce2513be6a0ffb3d,0,"{""Q0"":""셀 수 없다""}",얼음,count_mass
6820e6918f6c92b7216fd784,1905,survey-multi-choice,79,151572,0,675f561f904ad7159d119dfc,6816be1334bc5f118b922621,6820e48fce2513be6a0ffb3d,0,"{""Q0"":""셀 수 있다""}",별,count_mass
6820e6918f6c92b7216fd788,1824,survey-multi-choice,83,158623,0,675f561f904ad7159d119dfc,6816be1334bc5f118b922621,6820e48fce2513be6a0ffb3d,0,"{""Q0"":""셀 수 있다""}",닭,count_mass
6820e6918f6c92b7216fd78a,1717,survey-multi-choice,82,156797,0,675f561f904ad7159d119dfc,6816be1334bc5f118b922621,6820e48fce2513be6a0ffb3d,0,"{""Q0"":""셀 수 있다""}",병아리,count_mass
6820e6918f6c92b7216fd78c,2198,survey-multi-choice,80,153773,0,675f561f904ad7159d119dfc,6816be1334bc5f118b922621,6820e48fce2513be6a0ffb3d,0,"{""Q0"":""셀 수 없다""}",풀,count_mass
6820e6918f6c92b7216fd786,1304,survey-multi-choice,81,155079,0,675f561f904ad7159d119dfc,6816be1334bc5f118b922621,6820e48fce2513be6a0ffb3d,0,"{""Q0"":""셀 수 있다""}",케이크,count_mass
6820e6938f6c92b7216fd78e,1665,survey-multi-choice,84,160290,0,675f561f904ad7159d119dfc,6816be1334bc5f118b922621,6820e48fce2513be6a0ffb3d,0,"{""Q0"":""셀 수 있다""}",참새,count_mass
6820e6938f6c92b7216fd790,1838,survey-multi-choice,85,162130,0,675f561f904ad7159d119dfc,6816be1334bc5f118b922621,6820e48fce2513be6a0ffb3d,0,"{""Q0"":""셀 수 있다""}",고구마,count_mass
6820e6948f6c92b7216fd792,2881,survey-multi-choice,86,165012,0,675f561f904ad7159d119dfc,6816be1334bc5f118b922621,6820e48fce2513be6a0ffb3d,0,"{""Q0"":""셀 수 있다""}",장난감,count_mass
6820e6948f6c92b7216fd794,1707,survey-multi-choice,87,166721,0,675f561f904ad7159d119dfc,6816be1334bc5f118b922621,6820e48fce2513be6a0ffb3d,0,"{""Q0"":""셀 수 있다""}",호떡,count_mass
6820f19d8f6c92b7216fd796,8392,instructions,0,8393,0,67c5ecc5d3377ed77546fd0f,6816be1334bc5f118b922621,6820f009bbf0c963abf4c23f,0,,,
6820f19d8f6c92b7216fd798,8055,survey-multi-choice,6,65617,0,67c5ecc5d3377ed77546fd0f,6816be1334bc5f118b922621,6820f009bbf0c963abf4c23f,0,"{""Q0"":""셀 수 있다""}",의자,practice_countmass
6820f19d8f6c92b7216fd79a,6206,html-button-response,3,52280,0,67c5ecc5d3377ed77546fd0f,6816be1334bc5f118b922621,6820f009bbf0c963abf4c23f,0,0,,
6820f19d8f6c92b7216fd79c,1798,html-button-response,4,54080,0,67c5ecc5d3377ed77546fd0f,6816be1334bc5f118b922621,6820f009bbf0c963abf4c23f,0,0,,
6820f19d8f6c92b7216fd79e,24893,html-button-response,2,46071,0,67c5ecc5d3377ed77546fd0f,6816be1334bc5f118b922621,6820f009bbf0c963abf4c23f,0,0,,
6820f19d8f6c92b7216fd7a0,12779,instructions,1,21173,0,67c5ecc5d3377ed77546fd0f,6816be1334bc5f118b922621,6820f009bbf0c963abf4c23f,0,,,
6820f19d8f6c92b7216fd7a2,3464,html-button-response,5,57548,0,67c5ecc5d3377ed77546fd0f,6816be1334bc5f118b922621,6820f009bbf0c963abf4c23f,0,0,,
6820f19d8f6c92b7216fd7a4,5165,html-button-response,7,70787,0,67c5ecc5d3377ed77546fd0f,6816be1334bc5f118b922621,6820f009bbf0c963abf4c23f,0,0,,
6820f19d8f6c92b7216fd7a6,7001,survey-multi-choice,8,77791,0,67c5ecc5d3377ed77546fd0f,6816be1334bc5f118b922621,6820f009bbf0c963abf4c23f,0,"{""Q0"":""셀 수 없다""}",설탕,practice_countmass
6820f19d8f6c92b7216fd7a8,7154,html-button-response,9,84948,0,67c5ecc5d3377ed77546fd0f,6816be1334bc5f118b922621,6820f009bbf0c963abf4c23f,0,0,,
6820f19d8f6c92b7216fd7aa,6247,html-button-response,10,91198,0,67c5ecc5d3377ed77546fd0f,6816be1334bc5f118b922621,6820f009bbf0c963abf4c23f,0,0,,
6820f19d8f6c92b7216fd7ac,3537,survey-multi-choice,11,94740,0,67c5ecc5d3377ed77546fd0f,6816be1334bc5f118b922621,6820f009bbf0c963abf4c23f,0,"{""Q0"":""셀 수 있다""}",이불,count_mass
6820f19d8f6c92b7216fd7ae,2479,survey-multi-choice,12,97223,0,67c5ecc5d3377ed77546fd0f,6816be1334bc5f118b922621,6820f009bbf0c963abf4c23f,0,"{""Q0"":""셀 수 있다""}",그림,count_mass
6820f19d8f6c92b7216fd7b0,2462,survey-multi-choice,13,99688,0,67c5ecc5d3377ed77546fd0f,6816be1334bc5f118b922621,6820f009bbf0c963abf4c23f,0,"{""Q0"":""셀 수 있다""}",케이크,count_mass
6820f19d8f6c92b7216fd7b2,9096,survey-multi-choice,15,110824,0,67c5ecc5d3377ed77546fd0f,6816be1334bc5f118b922621,6820f009bbf0c963abf4c23f,0,"{""Q0"":""셀 수 없다""}",스파게티,count_mass
6820f19d8f6c92b7216fd7b4,2033,survey-multi-choice,14,101724,0,67c5ecc5d3377ed77546fd0f,6816be1334bc5f118b922621,6820f009bbf0c963abf4c23f,0,"{""Q0"":""셀 수 있다""}",택시,count_mass
6820f19d8f6c92b7216fd7b6,1947,survey-multi-choice,16,112774,0,67c5ecc5d3377ed77546fd0f,6816be1334bc5f118b922621,6820f009bbf0c963abf4c23f,0,"{""Q0"":""셀 수 있다""}",개,count_mass
6820f19d8f6c92b7216fd7b8,2111,survey-multi-choice,17,114889,0,67c5ecc5d3377ed77546fd0f,6816be1334bc5f118b922621,6820f009bbf0c963abf4c23f,0,"{""Q0"":""셀 수 없다""}",회색,count_mass
6820f19d8f6c92b7216fd7ba,1981,survey-multi-choice,18,116873,0,67c5ecc5d3377ed77546fd0f,6816be1334bc5f118b922621,6820f009bbf0c963abf4c23f,0,"{""Q0"":""셀 수 있다""}",돼지,count_mass
6820f19d8f6c92b7216fd7bc,1862,survey-multi-choice,19,118739,0,67c5ecc5d3377ed77546fd0f,6816be1334bc5f118b922621,6820f009bbf0c963abf4c23f,0,"{""Q0"":""셀 수 있다""}",토마토,count_mass
6820f19d8f6c92b7216fd7be,1713,survey-multi-choice,20,120456,0,67c5ecc5d3377ed77546fd0f,6816be1334bc5f118b922621,6820f009bbf0c963abf4c23f,0,"{""Q0"":""셀 수 있다""}",고구마,count_mass
6820f19d8f6c92b7216fd7c0,1880,survey-multi-choice,21,122340,0,67c5ecc5d3377ed77546fd0f,6816be1334bc5f118b922621,6820f009bbf0c963abf4c23f,0,"{""Q0"":""셀 수 있다""}",헬리콥터,count_mass
6820f19d8f6c92b7216fd7c2,2229,survey-multi-choice,22,124572,0,67c5ecc5d3377ed77546fd0f,6816be1334bc5f118b922621,6820f009bbf0c963abf4c23f,0,"{""Q0"":""셀 수 없다""}",소금,count_mass
6820f19d8f6c92b7216fd7c4,2096,survey-multi-choice,24,129339,0,67c5ecc5d3377ed77546fd0f,6816be1334bc5f118b922621,6820f009bbf0c963abf4c23f,0,"{""Q0"":""셀 수 있다""}",귀,count_mass
6820f19d8f6c92b7216fd7c6,2663,survey-multi-choice,23,127239,0,67c5ecc5d3377ed77546fd0f,6816be1334bc5f118b922621,6820f009bbf0c963abf4c23f,0,"{""Q0"":""셀 수 있다""}",김,count_mass
6820f19d8f6c92b7216fd7c8,1831,survey-multi-choice,25,131173,0,67c5ecc5d3377ed77546fd0f,6816be1334bc5f118b922621,6820f009bbf0c963abf4c23f,0,"{""Q0"":""셀 수 있다""}",신/신발,count_mass
6820f19d8f6c92b7216fd7ca,1813,survey-multi-choice,26,132989,0,67c5ecc5d3377ed77546fd0f,6816be1334bc5f118b922621,6820f009bbf0c963abf4c23f,0,"{""Q0"":""셀 수 있다""}",바나나,count_mass
6820f19d8f6c92b7216fd7cc,1698,survey-multi-choice,27,134690,0,67c5ecc5d3377ed77546fd0f,6816be1334bc5f118b922621,6820f009bbf0c963abf4c23f,0,"{""Q0"":""셀 수 있다""}",코끼리,count_mass
6820f19d8f6c92b7216fd7ce,1746,survey-multi-choice,28,136440,0,67c5ecc5d3377ed77546fd0f,6816be1334bc5f118b922621,6820f009bbf0c963abf4c23f,0,"{""Q0"":""셀 수 있다""}",모자,count_mass
6820f19d8f6c92b7216fd7d0,2097,survey-multi-choice,29,138540,0,67c5ecc5d3377ed77546fd0f,6816be1334bc5f118b922621,6820f009bbf0c963abf4c23f,0,"{""Q0"":""셀 수 있다""}",입술,count_mass
6820f19d8f6c92b7216fd7d2,1763,survey-multi-choice,30,140307,0,67c5ecc5d3377ed77546fd0f,6816be1334bc5f118b922621,6820f009bbf0c963abf4c23f,0,"{""Q0"":""셀 수 있다""}",펭귄,count_mass
6820f19d8f6c92b7216fd7d4,2963,survey-multi-choice,31,143274,0,67c5ecc5d3377ed77546fd0f,6816be1334bc5f118b922621,6820f009bbf0c963abf4c23f,0,"{""Q0"":""셀 수 있다""}",떡,count_mass
6820f19d8f6c92b7216fd7d6,7675,html-button-response,32,150952,0,67c5ecc5d3377ed77546fd0f,6816be1334bc5f118b922621,6820f009bbf0c963abf4c23f,0,0,,
6820f19d8f6c92b7216fd7d8,5145,html-button-response,33,156100,0,67c5ecc5d3377ed77546fd0f,6816be1334bc5f118b922621,6820f009bbf0c963abf4c23f,0,0,,
6820f19d8f6c92b7216fd7da,1415,html-button-response,34,157518,0,67c5ecc5d3377ed77546fd0f,6816be1334bc5f118b922621,6820f009bbf0c963abf4c23f,0,0,,
6820f19d8f6c92b7216fd7dc,3332,html-button-response,35,160853,0,67c5ecc5d3377ed77546fd0f,6816be1334bc5f118b922621,6820f009bbf0c963abf4c23f,0,0,,
6820f19d8f6c92b7216fd7de,5085,survey-multi-choice,36,165942,0,67c5ecc5d3377ed77546fd0f,6816be1334bc5f118b922621,6820f009bbf0c963abf4c23f,0,"{""Q0"":""비고형물""}",우유,practice_solidity
6820f19d8f6c92b7216fd7e0,1340,html-button-response,37,167285,0,67c5ecc5d3377ed77546fd0f,6816be1334bc5f118b922621,6820f009bbf0c963abf4c23f,0,0,,
6820f19d8f6c92b7216fd7e2,3622,survey-multi-choice,38,170910,0,67c5ecc5d3377ed77546fd0f,6816be1334bc5f118b922621,6820f009bbf0c963abf4c23f,0,"{""Q0"":""고형물""}",책상,practice_solidity
6820f19d8f6c92b7216fd7e4,1004,html-button-response,39,171918,0,67c5ecc5d3377ed77546fd0f,6816be1334bc5f118b922621,6820f009bbf0c963abf4c23f,0,0,,
6820f19d8f6c92b7216fd7e6,1131,html-button-response,40,173051,0,67c5ecc5d3377ed77546fd0f,6816be1334bc5f118b922621,6820f009bbf0c963abf4c23f,0,0,,
6820f19d8f6c92b7216fd7e8,4271,survey-multi-choice,41,177325,0,67c5ecc5d3377ed77546fd0f,6816be1334bc5f118b922621,6820f009bbf0c963abf4c23f,0,"{""Q0"":""고형물""}",쓰레기통/휴지통,solidity
6820f19d8f6c92b7216fd7ea,5647,survey-multi-choice,42,182976,0,67c5ecc5d3377ed77546fd0f,6816be1334bc5f118b922621,6820f009bbf0c963abf4c23f,0,"{""Q0"":""고형물""}",라벤더,solidity
6820f19d8f6c92b7216fd7ec,2463,survey-multi-choice,43,185442,0,67c5ecc5d3377ed77546fd0f,6816be1334bc5f118b922621,6820f009bbf0c963abf4c23f,0,"{""Q0"":""고형물""}",풍선,solidity
6820f19d8f6c92b7216fd7ee,2163,survey-multi-choice,44,187609,0,67c5ecc5d3377ed77546fd0f,6816be1334bc5f118b922621,6820f009bbf0c963abf4c23f,0,"{""Q0"":""비고형물""}",불,solidity
6820f19d8f6c92b7216fd7f0,2179,survey-multi-choice,45,189791,0,67c5ecc5d3377ed77546fd0f,6816be1334bc5f118b922621,6820f009bbf0c963abf4c23f,0,"{""Q0"":""고형물""}",머리카락,solidity
6820f19d8f6c92b7216fd7f2,1747,survey-multi-choice,46,191541,0,67c5ecc5d3377ed77546fd0f,6816be1334bc5f118b922621,6820f009bbf0c963abf4c23f,0,"{""Q0"":""고형물""}",포도,solidity
6820f19d8f6c92b7216fd7f4,2867,survey-multi-choice,47,194411,0,67c5ecc5d3377ed77546fd0f,6816be1334bc5f118b922621,6820f009bbf0c963abf4c23f,0,"{""Q0"":""고형물""}",자전거,solidity
6820f19d8f6c92b7216fd7f6,1711,survey-multi-choice,48,196125,0,67c5ecc5d3377ed77546fd0f,6816be1334bc5f118b922621,6820f009bbf0c963abf4c23f,0,"{""Q0"":""고형물""}",컵,solidity
6820f19d8f6c92b7216fd7f8,1881,survey-multi-choice,49,198009,0,67c5ecc5d3377ed77546fd0f,6816be1334bc5f118b922621,6820f009bbf0c963abf4c23f,0,"{""Q0"":""비고형물""}",바람,solidity
6820f19d8f6c92b7216fd7fa,1847,survey-multi-choice,50,199859,0,67c5ecc5d3377ed77546fd0f,6816be1334bc5f118b922621,6820f009bbf0c963abf4c23f,0,"{""Q0"":""고형물""}",사과,solidity
6820f19d8f6c92b7216fd7fc,1780,survey-multi-choice,51,201642,0,67c5ecc5d3377ed77546fd0f,6816be1334bc5f118b922621,6820f009bbf0c963abf4c23f,0,"{""Q0"":""고형물""}",나무,solidity
6820f19d8f6c92b7216fd7fe,1760,survey-multi-choice,52,203404,0,67c5ecc5d3377ed77546fd0f,6816be1334bc5f118b922621,6820f009bbf0c963abf4c23f,0,"{""Q0"":""고형물""}",복숭아,solidity
6820f19e8f6c92b7216fd800,1768,survey-multi-choice,53,205175,0,67c5ecc5d3377ed77546fd0f,6816be1334bc5f118b922621,6820f009bbf0c963abf4c23f,0,"{""Q0"":""고형물""}",닭,solidity
6820f19e8f6c92b7216fd802,1713,survey-multi-choice,54,206892,0,67c5ecc5d3377ed77546fd0f,6816be1334bc5f118b922621,6820f009bbf0c963abf4c23f,0,"{""Q0"":""고형물""}",칼,solidity
6820f19e8f6c92b7216fd804,1863,survey-multi-choice,57,212258,0,67c5ecc5d3377ed77546fd0f,6816be1334bc5f118b922621,6820f009bbf0c963abf4c23f,0,"{""Q0"":""고형물""}",선물,solidity
6820f19e8f6c92b7216fd806,1781,survey-multi-choice,55,208676,0,67c5ecc5d3377ed77546fd0f,6816be1334bc5f118b922621,6820f009bbf0c963abf4c23f,0,"{""Q0"":""고형물""}",무/무우,solidity
6820f19e8f6c92b7216fd808,1713,survey-multi-choice,56,210392,0,67c5ecc5d3377ed77546fd0f,6816be1334bc5f118b922621,6820f009bbf0c963abf4c23f,0,"{""Q0"":""고형물""}",라디오,solidity
6820f19e8f6c92b7216fd80a,3280,survey-multi-choice,58,215542,0,67c5ecc5d3377ed77546fd0f,6816be1334bc5f118b922621,6820f009bbf0c963abf4c23f,0,"{""Q0"":""비고형물""}",아이스크림,solidity
6820f19e8f6c92b7216fd80c,1813,survey-multi-choice,59,217358,0,67c5ecc5d3377ed77546fd0f,6816be1334bc5f118b922621,6820f009bbf0c963abf4c23f,0,"{""Q0"":""고형물""}",목욕탕,solidity
6820f19e8f6c92b7216fd80e,4181,survey-multi-choice,60,221542,0,67c5ecc5d3377ed77546fd0f,6816be1334bc5f118b922621,6820f009bbf0c963abf4c23f,0,"{""Q0"":""고형물""}",비둘기,solidity
6820f19e8f6c92b7216fd810,12360,html-button-response,62,235872,0,67c5ecc5d3377ed77546fd0f,6816be1334bc5f118b922621,6820f009bbf0c963abf4c23f,0,0,,
6820f19e8f6c92b7216fd812,1964,survey-multi-choice,61,223509,0,67c5ecc5d3377ed77546fd0f,6816be1334bc5f118b922621,6820f009bbf0c963abf4c23f,0,"{""Q0"":""고형물""}",총,solidity
6820f19e8f6c92b7216fd814,10106,html-button-response,64,254390,0,67c5ecc5d3377ed77546fd0f,6816be1334bc5f118b922621,6820f009bbf0c963abf4c23f,0,0,,
6820f19e8f6c92b7216fd816,8396,html-button-response,63,244277,0,67c5ecc5d3377ed77546fd0f,6816be1334bc5f118b922621,6820f009bbf0c963abf4c23f,0,0,,
6820f19e8f6c92b7216fd818,1581,html-button-response,65,255973,0,67c5ecc5d3377ed77546fd0f,6816be1334bc5f118b922621,6820f009bbf0c963abf4c23f,0,0,,
6820f19e8f6c92b7216fd81a,1747,html-button-response,66,257722,0,67c5ecc5d3377ed77546fd0f,6816be1334bc5f118b922621,6820f009bbf0c963abf4c23f,0,0,,
6820f19e8f6c92b7216fd81c,1089,html-button-response,68,266540,0,67c5ecc5d3377ed77546fd0f,6816be1334bc5f118b922621,6820f009bbf0c963abf4c23f,0,0,,
6820f19e8f6c92b7216fd81e,7721,survey-multi-choice,67,265448,0,67c5ecc5d3377ed77546fd0f,6816be1334bc5f118b922621,6820f009bbf0c963abf4c23f,0,"{""Q0"":""색상""}",빨간불,practice_category
6820f19e8f6c92b7216fd820,4086,survey-multi-choice,69,270628,0,67c5ecc5d3377ed77546fd0f,6816be1334bc5f118b922621,6820f009bbf0c963abf4c23f,0,"{""Q0"":""형태""}",정사각형,practice_category
6820f19e8f6c92b7216fd822,958,html-button-response,70,271589,0,67c5ecc5d3377ed77546fd0f,6816be1334bc5f118b922621,6820f009bbf0c963abf4c23f,0,0,,
6820f19e8f6c92b7216fd824,5853,survey-multi-choice,71,277446,0,67c5ecc5d3377ed77546fd0f,6816be1334bc5f118b922621,6820f009bbf0c963abf4c23f,0,"{""Q0"":""물질""}",도자기,practice_category
6820f19e8f6c92b7216fd826,925,html-button-response,72,278373,0,67c5ecc5d3377ed77546fd0f,6816be1334bc5f118b922621,6820f009bbf0c963abf4c23f,0,0,,
6820f19e8f6c92b7216fd828,3125,html-button-response,74,287224,0,67c5ecc5d3377ed77546fd0f,6816be1334bc5f118b922621,6820f009bbf0c963abf4c23f,0,0,,
6820f19e8f6c92b7216fd82a,5720,survey-multi-choice,73,284096,0,67c5ecc5d3377ed77546fd0f,6816be1334bc5f118b922621,6820f009bbf0c963abf4c23f,0,"{""Q0"":""해당 사항 없음""}",불안감,practice_category
6820f19e8f6c92b7216fd82c,3530,html-button-response,75,290757,0,67c5ecc5d3377ed77546fd0f,6816be1334bc5f118b922621,6820f009bbf0c963abf4c23f,0,0,,
6820f19e8f6c92b7216fd82e,5536,survey-multi-choice,76,296296,0,67c5ecc5d3377ed77546fd0f,6816be1334bc5f118b922621,6820f009bbf0c963abf4c23f,0,"{""Q0"":""형태""}",쥐,category_organization
6820f19e8f6c92b7216fd830,4265,survey-multi-choice,77,300563,0,67c5ecc5d3377ed77546fd0f,6816be1334bc5f118b922621,6820f009bbf0c963abf4c23f,0,"{""Q0"":""형태""}",턱,category_organization
6820f19e8f6c92b7216fd832,3879,survey-multi-choice,78,304446,0,67c5ecc5d3377ed77546fd0f,6816be1334bc5f118b922621,6820f009bbf0c963abf4c23f,0,"{""Q0"":""형태""}",혀,category_organization
6820f19e8f6c92b7216fd834,2747,survey-multi-choice,79,307196,0,67c5ecc5d3377ed77546fd0f,6816be1334bc5f118b922621,6820f009bbf0c963abf4c23f,0,"{""Q0"":""형태""}",피아노,category_organization
6820f19e8f6c92b7216fd836,3180,survey-multi-choice,80,310380,0,67c5ecc5d3377ed77546fd0f,6816be1334bc5f118b922621,6820f009bbf0c963abf4c23f,0,"{""Q0"":""해당 사항 없음""}",라벤더,category_organization
6820f19e8f6c92b7216fd838,2863,survey-multi-choice,81,313246,0,67c5ecc5d3377ed77546fd0f,6816be1334bc5f118b922621,6820f009bbf0c963abf4c23f,0,"{""Q0"":""형태""}",길,category_organization
6820f19e8f6c92b7216fd83a,2013,survey-multi-choice,82,315263,0,67c5ecc5d3377ed77546fd0f,6816be1334bc5f118b922621,6820f009bbf0c963abf4c23f,0,"{""Q0"":""형태""}",하마,category_organization
6820f19e8f6c92b7216fd83c,4681,survey-multi-choice,83,319947,0,67c5ecc5d3377ed77546fd0f,6816be1334bc5f118b922621,6820f009bbf0c963abf4c23f,0,"{""Q0"":""형태""}",다리,category_organization
6820f19e8f6c92b7216fd83e,5079,survey-multi-choice,84,325030,0,67c5ecc5d3377ed77546fd0f,6816be1334bc5f118b922621,6820f009bbf0c963abf4c23f,0,"{""Q0"":""형태""}",칫솔,category_organization
6820f19e8f6c92b7216fd840,2597,survey-multi-choice,85,327631,0,67c5ecc5d3377ed77546fd0f,6816be1334bc5f118b922621,6820f009bbf0c963abf4c23f,0,"{""Q0"":""형태""}",사슴,category_organization
6820f19e8f6c92b7216fd842,3797,survey-multi-choice,86,331430,0,67c5ecc5d3377ed77546fd0f,6816be1334bc5f118b922621,6820f009bbf0c963abf4c23f,0,"{""Q0"":""물질""}",치즈,category_organization
6820f19e8f6c92b7216fd844,2430,survey-multi-choice,87,333864,0,67c5ecc5d3377ed77546fd0f,6816be1334bc5f118b922621,6820f009bbf0c963abf4c23f,0,"{""Q0"":""형태""}",빗자루,category_organization
6820f19e8f6c92b7216fd846,8381,survey-multi-choice,89,344081,0,67c5ecc5d3377ed77546fd0f,6816be1334bc5f118b922621,6820f009bbf0c963abf4c23f,0,"{""Q0"":""물질""}",돌,category_organization
6820f19e8f6c92b7216fd848,1829,survey-multi-choice,88,335697,0,67c5ecc5d3377ed77546fd0f,6816be1334bc5f118b922621,6820f009bbf0c963abf4c23f,0,"{""Q0"":""형태""}",입,category_organization
6820f19e8f6c92b7216fd84a,2081,survey-multi-choice,90,346165,0,67c5ecc5d3377ed77546fd0f,6816be1334bc5f118b922621,6820f009bbf0c963abf4c23f,0,"{""Q0"":""형태""}",나비,category_organization
6820f19e8f6c92b7216fd84c,8213,survey-multi-choice,92,356548,0,67c5ecc5d3377ed77546fd0f,6816be1334bc5f118b922621,6820f009bbf0c963abf4c23f,0,"{""Q0"":""형태""}",병,category_organization
6820f19e8f6c92b7216fd84e,2163,survey-multi-choice,91,348331,0,67c5ecc5d3377ed77546fd0f,6816be1334bc5f118b922621,6820f009bbf0c963abf4c23f,0,"{""Q0"":""형태""}",오토바이,category_organization
6820f19e8f6c92b7216fd850,21648,survey-multi-choice,93,378199,0,67c5ecc5d3377ed77546fd0f,6816be1334bc5f118b922621,6820f009bbf0c963abf4c23f,0,"{""Q0"":""형태""}",사자,category_organization
6820f19e8f6c92b7216fd852,2180,survey-multi-choice,95,384100,0,67c5ecc5d3377ed77546fd0f,6816be1334bc5f118b922621,6820f009bbf0c963abf4c23f,0,"{""Q0"":""형태""}",열쇠,category_organization
6820f19e8f6c92b7216fd854,3714,survey-multi-choice,94,381916,0,67c5ecc5d3377ed77546fd0f,6816be1334bc5f118b922621,6820f009bbf0c963abf4c23f,0,"{""Q0"":""물질""}",초콜렛,category_organization
6820f19e8f6c92b7216fd856,3413,survey-multi-choice,96,387517,0,67c5ecc5d3377ed77546fd0f,6816be1334bc5f118b922621,6820f009bbf0c963abf4c23f,0,"{""Q0"":""형태""}",햄버거,category_organization
6820f19e8f6c92b7216fd858,4088,html-button-response,97,391612,0,67c5ecc5d3377ed77546fd0f,6816be1334bc5f118b922621,6820f009bbf0c963abf4c23f,0,0,,
682142af8f6c92b7216fd85a,4844,instructions,0,4849,0,657f72616ed0bed85dec6feb,6816be1334bc5f118b922621,6821414d332cd2db8ce8e8be,0,,,
682142af8f6c92b7216fd85c,13138,instructions,1,17990,0,657f72616ed0bed85dec6feb,6816be1334bc5f118b922621,6821414d332cd2db8ce8e8be,0,,,
682142b08f6c92b7216fd85e,11468,html-button-response,2,29465,0,657f72616ed0bed85dec6feb,6816be1334bc5f118b922621,6821414d332cd2db8ce8e8be,0,0,,
682142b08f6c92b7216fd860,4719,html-button-response,3,34188,0,657f72616ed0bed85dec6feb,6816be1334bc5f118b922621,6821414d332cd2db8ce8e8be,0,0,,
682142b08f6c92b7216fd862,2878,html-button-response,4,37069,0,657f72616ed0bed85dec6feb,6816be1334bc5f118b922621,6821414d332cd2db8ce8e8be,0,0,,
682142b08f6c92b7216fd864,4267,html-button-response,5,41340,0,657f72616ed0bed85dec6feb,6816be1334bc5f118b922621,6821414d332cd2db8ce8e8be,0,0,,
682142b08f6c92b7216fd866,6642,survey-multi-choice,6,47988,0,657f72616ed0bed85dec6feb,6816be1334bc5f118b922621,6821414d332cd2db8ce8e8be,0,"{""Q0"":""고형물""}",책상,practice_solidity
682142b08f6c92b7216fd868,1890,html-button-response,7,49882,0,657f72616ed0bed85dec6feb,6816be1334bc5f118b922621,6821414d332cd2db8ce8e8be,0,0,,
682142b08f6c92b7216fd86a,2550,survey-multi-choice,8,52435,0,657f72616ed0bed85dec6feb,6816be1334bc5f118b922621,6821414d332cd2db8ce8e8be,0,"{""Q0"":""비고형물""}",우유,practice_solidity
682142b08f6c92b7216fd86c,1191,html-button-response,9,53630,0,657f72616ed0bed85dec6feb,6816be1334bc5f118b922621,6821414d332cd2db8ce8e8be,0,0,,
682142b08f6c92b7216fd86e,1660,html-button-response,10,55294,0,657f72616ed0bed85dec6feb,6816be1334bc5f118b922621,6821414d332cd2db8ce8e8be,0,0,,
682142b08f6c92b7216fd870,3181,survey-multi-choice,11,58480,0,657f72616ed0bed85dec6feb,6816be1334bc5f118b922621,6821414d332cd2db8ce8e8be,0,"{""Q0"":""고형물""}",망치,solidity
682142b08f6c92b7216fd872,6029,survey-multi-choice,12,64515,0,657f72616ed0bed85dec6feb,6816be1334bc5f118b922621,6821414d332cd2db8ce8e8be,0,"{""Q0"":""해당 사항 없음""}",치즈,solidity
682142b08f6c92b7216fd874,2249,survey-multi-choice,13,66768,0,657f72616ed0bed85dec6feb,6816be1334bc5f118b922621,6821414d332cd2db8ce8e8be,0,"{""Q0"":""고형물""}",닭,solidity
682142b08f6c92b7216fd876,2481,survey-multi-choice,15,70681,0,657f72616ed0bed85dec6feb,6816be1334bc5f118b922621,6821414d332cd2db8ce8e8be,0,"{""Q0"":""해당 사항 없음""}",콩,solidity
682142b08f6c92b7216fd878,1423,survey-multi-choice,14,68196,0,657f72616ed0bed85dec6feb,6816be1334bc5f118b922621,6821414d332cd2db8ce8e8be,0,"{""Q0"":""고형물""}",단추,solidity
682142b08f6c92b7216fd87a,1414,survey-multi-choice,16,72099,0,657f72616ed0bed85dec6feb,6816be1334bc5f118b922621,6821414d332cd2db8ce8e8be,0,"{""Q0"":""고형물""}",염소,solidity
682142b08f6c92b7216fd87c,1597,survey-multi-choice,17,73700,0,657f72616ed0bed85dec6feb,6816be1334bc5f118b922621,6821414d332cd2db8ce8e8be,0,"{""Q0"":""고형물""}",운동화,solidity
682142b08f6c92b7216fd87e,1400,survey-multi-choice,18,75104,0,657f72616ed0bed85dec6feb,6816be1334bc5f118b922621,6821414d332cd2db8ce8e8be,0,"{""Q0"":""고형물""}",그림,solidity
682142b08f6c92b7216fd880,1274,survey-multi-choice,19,76383,0,657f72616ed0bed85dec6feb,6816be1334bc5f118b922621,6821414d332cd2db8ce8e8be,0,"{""Q0"":""고형물""}",접시,solidity
682142b18f6c92b7216fd882,2044,survey-multi-choice,20,78432,0,657f72616ed0bed85dec6feb,6816be1334bc5f118b922621,6821414d332cd2db8ce8e8be,0,"{""Q0"":""해당 사항 없음""}",사탕,solidity
682142b18f6c92b7216fd884,1526,survey-multi-choice,21,79963,0,657f72616ed0bed85dec6feb,6816be1334bc5f118b922621,6821414d332cd2db8ce8e8be,0,"{""Q0"":""고형물""}",병아리,solidity
682142b18f6c92b7216fd886,1845,survey-multi-choice,22,81811,0,657f72616ed0bed85dec6feb,6816be1334bc5f118b922621,6821414d332cd2db8ce8e8be,0,"{""Q0"":""고형물""}",목걸이,solidity
682142b18f6c92b7216fd888,2591,survey-multi-choice,23,84406,0,657f72616ed0bed85dec6feb,6816be1334bc5f118b922621,6821414d332cd2db8ce8e8be,0,"{""Q0"":""고형물""}",라벤더,solidity
682142b18f6c92b7216fd88a,2103,survey-multi-choice,24,86513,0,657f72616ed0bed85dec6feb,6816be1334bc5f118b922621,6821414d332cd2db8ce8e8be,0,"{""Q0"":""고형물""}",머리,solidity
682142b18f6c92b7216fd88c,1354,survey-multi-choice,25,87871,0,657f72616ed0bed85dec6feb,6816be1334bc5f118b922621,6821414d332cd2db8ce8e8be,0,"{""Q0"":""고형물""}",닭고기,solidity
682142b18f6c92b7216fd88e,1281,survey-multi-choice,27,90430,0,657f72616ed0bed85dec6feb,6816be1334bc5f118b922621,6821414d332cd2db8ce8e8be,0,"{""Q0"":""고형물""}",화장실,solidity
682142b18f6c92b7216fd890,1312,survey-multi-choice,28,91746,0,657f72616ed0bed85dec6feb,6816be1334bc5f118b922621,6821414d332cd2db8ce8e8be,0,"{""Q0"":""고형물""}",달,solidity
682142b18f6c92b7216fd892,1270,survey-multi-choice,26,89145,0,657f72616ed0bed85dec6feb,6816be1334bc5f118b922621,6821414d332cd2db8ce8e8be,0,"{""Q0"":""고형물""}",피자,solidity
682142b18f6c92b7216fd894,1770,survey-multi-choice,29,93520,0,657f72616ed0bed85dec6feb,6816be1334bc5f118b922621,6821414d332cd2db8ce8e8be,0,"{""Q0"":""고형물""}",포도,solidity
682142b18f6c92b7216fd896,1104,survey-multi-choice,30,94628,0,657f72616ed0bed85dec6feb,6816be1334bc5f118b922621,6821414d332cd2db8ce8e8be,0,"{""Q0"":""고형물""}",생선,solidity
682142b18f6c92b7216fd898,1602,survey-multi-choice,31,96233,0,657f72616ed0bed85dec6feb,6816be1334bc5f118b922621,6821414d332cd2db8ce8e8be,0,"{""Q0"":""고형물""}",턱,solidity
682142b18f6c92b7216fd89a,13014,html-button-response,32,109250,0,657f72616ed0bed85dec6feb,6816be1334bc5f118b922621,6821414d332cd2db8ce8e8be,0,0,,
682142b18f6c92b7216fd89c,4198,html-button-response,33,113451,0,657f72616ed0bed85dec6feb,6816be1334bc5f118b922621,6821414d332cd2db8ce8e8be,0,0,,
682142b18f6c92b7216fd89e,1564,html-button-response,34,115018,0,657f72616ed0bed85dec6feb,6816be1334bc5f118b922621,6821414d332cd2db8ce8e8be,0,0,,
682142b18f6c92b7216fd8a0,4424,html-button-response,35,119446,0,657f72616ed0bed85dec6feb,6816be1334bc5f118b922621,6821414d332cd2db8ce8e8be,0,0,,
682142b18f6c92b7216fd8a2,5411,survey-multi-choice,36,124861,0,657f72616ed0bed85dec6feb,6816be1334bc5f118b922621,6821414d332cd2db8ce8e8be,0,"{""Q0"":""셀 수 있다""}",의자,practice_countmass
682142b18f6c92b7216fd8a4,2796,html-button-response,37,127660,0,657f72616ed0bed85dec6feb,6816be1334bc5f118b922621,6821414d332cd2db8ce8e8be,0,0,,
682142b18f6c92b7216fd8a6,3367,survey-multi-choice,38,131030,0,657f72616ed0bed85dec6feb,6816be1334bc5f118b922621,6821414d332cd2db8ce8e8be,0,"{""Q0"":""셀 수 없다""}",설탕,practice_countmass
682142b18f6c92b7216fd8a8,3465,html-button-response,39,134498,0,657f72616ed0bed85dec6feb,6816be1334bc5f118b922621,6821414d332cd2db8ce8e8be,0,0,,
682142b18f6c92b7216fd8aa,1971,html-button-response,40,136472,0,657f72616ed0bed85dec6feb,6816be1334bc5f118b922621,6821414d332cd2db8ce8e8be,0,0,,
682142b18f6c92b7216fd8ac,3295,survey-multi-choice,41,139771,0,657f72616ed0bed85dec6feb,6816be1334bc5f118b922621,6821414d332cd2db8ce8e8be,0,"{""Q0"":""셀 수 있다""}",양,count_mass
682142b18f6c92b7216fd8ae,1545,survey-multi-choice,42,141319,0,657f72616ed0bed85dec6feb,6816be1334bc5f118b922621,6821414d332cd2db8ce8e8be,0,"{""Q0"":""셀 수 있다""}",당근,count_mass
682142b18f6c92b7216fd8b0,2913,survey-multi-choice,43,144237,0,657f72616ed0bed85dec6feb,6816be1334bc5f118b922621,6821414d332cd2db8ce8e8be,0,"{""Q0"":""셀 수 없다""}",풀,count_mass
682142b28f6c92b7216fd8b2,1528,survey-multi-choice,44,145768,0,657f72616ed0bed85dec6feb,6816be1334bc5f118b922621,6821414d332cd2db8ce8e8be,0,"{""Q0"":""셀 수 있다""}",양말,count_mass
682142b28f6c92b7216fd8b4,2290,survey-multi-choice,45,148062,0,657f72616ed0bed85dec6feb,6816be1334bc5f118b922621,6821414d332cd2db8ce8e8be,0,"{""Q0"":""셀 수 있다""}",발,count_mass
682142b28f6c92b7216fd8b6,1293,survey-multi-choice,46,149359,0,657f72616ed0bed85dec6feb,6816be1334bc5f118b922621,6821414d332cd2db8ce8e8be,0,"{""Q0"":""셀 수 있다""}",옷장,count_mass
682142b28f6c92b7216fd8b8,1790,survey-multi-choice,47,151154,0,657f72616ed0bed85dec6feb,6816be1334bc5f118b922621,6821414d332cd2db8ce8e8be,0,"{""Q0"":""셀 수 없다""}",풀,count_mass
682142b28f6c92b7216fd8ba,2277,survey-multi-choice,48,153435,0,657f72616ed0bed85dec6feb,6816be1334bc5f118b922621,6821414d332cd2db8ce8e8be,0,"{""Q0"":""셀 수 있다""}",못,count_mass
682142b28f6c92b7216fd8bc,1786,survey-multi-choice,49,155225,0,657f72616ed0bed85dec6feb,6816be1334bc5f118b922621,6821414d332cd2db8ce8e8be,0,"{""Q0"":""셀 수 있다""}",참새,count_mass
682142b28f6c92b7216fd8be,2343,survey-multi-choice,50,157572,0,657f72616ed0bed85dec6feb,6816be1334bc5f118b922621,6821414d332cd2db8ce8e8be,0,"{""Q0"":""셀 수 없다""}",아이스크림,count_mass
682142b28f6c92b7216fd8c0,1589,survey-multi-choice,51,159166,0,657f72616ed0bed85dec6feb,6816be1334bc5f118b922621,6821414d332cd2db8ce8e8be,0,"{""Q0"":""셀 수 있다""}",전자레인지,count_mass
682142b28f6c92b7216fd8c2,1811,survey-multi-choice,52,160981,0,657f72616ed0bed85dec6feb,6816be1334bc5f118b922621,6821414d332cd2db8ce8e8be,0,"{""Q0"":""셀 수 있다""}",무/무우,count_mass
682142b28f6c92b7216fd8c4,1362,survey-multi-choice,53,162346,0,657f72616ed0bed85dec6feb,6816be1334bc5f118b922621,6821414d332cd2db8ce8e8be,0,"{""Q0"":""셀 수 있다""}",비둘기,count_mass
682142b28f6c92b7216fd8c6,1351,survey-multi-choice,54,163701,0,657f72616ed0bed85dec6feb,6816be1334bc5f118b922621,6821414d332cd2db8ce8e8be,0,"{""Q0"":""셀 수 있다""}",사다리,count_mass
682142b28f6c92b7216fd8c8,4571,survey-multi-choice,55,168276,0,657f72616ed0bed85dec6feb,6816be1334bc5f118b922621,6821414d332cd2db8ce8e8be,0,"{""Q0"":""잘 모르겠다/구분이 어렵다""}",음식,count_mass
682142b28f6c92b7216fd8ca,1740,survey-multi-choice,56,170020,0,657f72616ed0bed85dec6feb,6816be1334bc5f118b922621,6821414d332cd2db8ce8e8be,0,"{""Q0"":""셀 수 있다""}",새,count_mass
682142b28f6c92b7216fd8cc,2935,survey-multi-choice,57,172957,0,657f72616ed0bed85dec6feb,6816be1334bc5f118b922621,6821414d332cd2db8ce8e8be,0,"{""Q0"":""셀 수 없다""}",국수,count_mass
682142b28f6c92b7216fd8ce,1257,survey-multi-choice,58,174218,0,657f72616ed0bed85dec6feb,6816be1334bc5f118b922621,6821414d332cd2db8ce8e8be,0,"{""Q0"":""셀 수 있다""}",발목,count_mass
682142b28f6c92b7216fd8d0,2261,survey-multi-choice,59,176482,0,657f72616ed0bed85dec6feb,6816be1334bc5f118b922621,6821414d332cd2db8ce8e8be,0,"{""Q0"":""셀 수 있다""}",택시,count_mass
682142b28f6c92b7216fd8d2,1187,survey-multi-choice,60,177672,0,657f72616ed0bed85dec6feb,6816be1334bc5f118b922621,6821414d332cd2db8ce8e8be,0,"{""Q0"":""셀 수 있다""}",바위,count_mass
682142b28f6c92b7216fd8d4,3063,survey-multi-choice,61,180739,0,657f72616ed0bed85dec6feb,6816be1334bc5f118b922621,6821414d332cd2db8ce8e8be,0,"{""Q0"":""셀 수 있다""}",회색,count_mass
682142b28f6c92b7216fd8d6,24257,html-button-response,62,204998,0,657f72616ed0bed85dec6feb,6816be1334bc5f118b922621,6821414d332cd2db8ce8e8be,0,0,,
682142b28f6c92b7216fd8d8,7421,html-button-response,63,212421,0,657f72616ed0bed85dec6feb,6816be1334bc5f118b922621,6821414d332cd2db8ce8e8be,0,0,,
682142b28f6c92b7216fd8da,14381,html-button-response,64,226804,0,657f72616ed0bed85dec6feb,6816be1334bc5f118b922621,6821414d332cd2db8ce8e8be,0,0,,
682142b28f6c92b7216fd8dc,1615,html-button-response,65,228422,0,657f72616ed0bed85dec6feb,6816be1334bc5f118b922621,6821414d332cd2db8ce8e8be,0,0,,
682142b28f6c92b7216fd8de,2420,html-button-response,66,230844,0,657f72616ed0bed85dec6feb,6816be1334bc5f118b922621,6821414d332cd2db8ce8e8be,0,0,,
682142b28f6c92b7216fd8e0,8601,survey-multi-choice,67,239450,0,657f72616ed0bed85dec6feb,6816be1334bc5f118b922621,6821414d332cd2db8ce8e8be,0,"{""Q0"":""형태""}",정사각형,practice_category
682142b38f6c92b7216fd8e2,987,html-button-response,68,240440,0,657f72616ed0bed85dec6feb,6816be1334bc5f118b922621,6821414d332cd2db8ce8e8be,0,0,,
682142b38f6c92b7216fd8e4,6643,survey-multi-choice,69,247087,0,657f72616ed0bed85dec6feb,6816be1334bc5f118b922621,6821414d332cd2db8ce8e8be,0,"{""Q0"":""색상""}",빨간불,practice_category
682142b38f6c92b7216fd8e6,696,html-button-response,70,247786,0,657f72616ed0bed85dec6feb,6816be1334bc5f118b922621,6821414d332cd2db8ce8e8be,0,0,,
682142b38f6c92b7216fd8e8,6355,survey-multi-choice,71,254144,0,657f72616ed0bed85dec6feb,6816be1334bc5f118b922621,6821414d332cd2db8ce8e8be,0,"{""Q0"":""물질""}",도자기,practice_category
682142b38f6c92b7216fd8ea,1093,html-button-response,72,255240,0,657f72616ed0bed85dec6feb,6816be1334bc5f118b922621,6821414d332cd2db8ce8e8be,0,0,,
682142b38f6c92b7216fd8ec,4095,survey-multi-choice,73,259337,0,657f72616ed0bed85dec6feb,6816be1334bc5f118b922621,6821414d332cd2db8ce8e8be,0,"{""Q0"":""해당 사항 없음""}",불안감,practice_category
682142b38f6c92b7216fd8ee,694,html-button-response,74,260035,0,657f72616ed0bed85dec6feb,6816be1334bc5f118b922621,6821414d332cd2db8ce8e8be,0,0,,
682142b38f6c92b7216fd8f0,810,html-button-response,75,260848,0,657f72616ed0bed85dec6feb,6816be1334bc5f118b922621,6821414d332cd2db8ce8e8be,0,0,,
682142b38f6c92b7216fd8f2,4092,survey-multi-choice,76,264945,0,657f72616ed0bed85dec6feb,6816be1334bc5f118b922621,6821414d332cd2db8ce8e8be,0,"{""Q0"":""형태""}",코끼리,category_organization
682142b38f6c92b7216fd8f4,2568,survey-multi-choice,77,267517,0,657f72616ed0bed85dec6feb,6816be1334bc5f118b922621,6821414d332cd2db8ce8e8be,0,"{""Q0"":""형태""}",귤,category_organization
682142b38f6c92b7216fd8f6,3186,survey-multi-choice,78,270707,0,657f72616ed0bed85dec6feb,6816be1334bc5f118b922621,6821414d332cd2db8ce8e8be,0,"{""Q0"":""형태""}",카메라,category_organization
682142b38f6c92b7216fd8f8,3548,survey-multi-choice,79,274259,0,657f72616ed0bed85dec6feb,6816be1334bc5f118b922621,6821414d332cd2db8ce8e8be,0,"{""Q0"":""형태""}",장난감,category_organization
682142b38f6c92b7216fd8fa,2397,survey-multi-choice,80,276660,0,657f72616ed0bed85dec6feb,6816be1334bc5f118b922621,6821414d332cd2db8ce8e8be,0,"{""Q0"":""물질""}",모래,category_organization
682142b38f6c92b7216fd8fc,3710,survey-multi-choice,81,280375,0,657f72616ed0bed85dec6feb,6816be1334bc5f118b922621,6821414d332cd2db8ce8e8be,0,"{""Q0"":""물질""}",설탕,category_organization
682142b38f6c92b7216fd8fe,3512,survey-multi-choice,82,283891,0,657f72616ed0bed85dec6feb,6816be1334bc5f118b922621,6821414d332cd2db8ce8e8be,0,"{""Q0"":""형태""}",어깨,category_organization
682142b38f6c92b7216fd900,4284,survey-multi-choice,83,288180,0,657f72616ed0bed85dec6feb,6816be1334bc5f118b922621,6821414d332cd2db8ce8e8be,0,"{""Q0"":""형태""}",방,category_organization
682142b38f6c92b7216fd902,1721,survey-multi-choice,84,289904,0,657f72616ed0bed85dec6feb,6816be1334bc5f118b922621,6821414d332cd2db8ce8e8be,0,"{""Q0"":""형태""}",혀,category_organization
682142b38f6c92b7216fd904,2278,survey-multi-choice,85,292185,0,657f72616ed0bed85dec6feb,6816be1334bc5f118b922621,6821414d332cd2db8ce8e8be,0,"{""Q0"":""형태""}",쥐,category_organization
682142b48f6c92b7216fd906,3078,survey-multi-choice,86,295267,0,657f72616ed0bed85dec6feb,6816be1334bc5f118b922621,6821414d332cd2db8ce8e8be,0,"{""Q0"":""물질""}",요구르트,category_organization
682142b48f6c92b7216fd908,4200,survey-multi-choice,87,299470,0,657f72616ed0bed85dec6feb,6816be1334bc5f118b922621,6821414d332cd2db8ce8e8be,0,"{""Q0"":""물질""}",호떡,category_organization
682142b48f6c92b7216fd90a,4969,survey-multi-choice,88,304443,0,657f72616ed0bed85dec6feb,6816be1334bc5f118b922621,6821414d332cd2db8ce8e8be,0,"{""Q0"":""물질""}",기저귀,category_organization
682142b48f6c92b7216fd90c,1867,survey-multi-choice,89,306313,0,657f72616ed0bed85dec6feb,6816be1334bc5f118b922621,6821414d332cd2db8ce8e8be,0,"{""Q0"":""형태""}",팔,category_organization
682142b48f6c92b7216fd90e,2928,survey-multi-choice,90,309245,0,657f72616ed0bed85dec6feb,6816be1334bc5f118b922621,6821414d332cd2db8ce8e8be,0,"{""Q0"":""형태""}",총,category_organization
682142b48f6c92b7216fd910,1342,survey-multi-choice,91,310592,0,657f72616ed0bed85dec6feb,6816be1334bc5f118b922621,6821414d332cd2db8ce8e8be,0,"{""Q0"":""형태""}",입,category_organization
682142b48f6c92b7216fd912,2024,survey-multi-choice,92,312621,0,657f72616ed0bed85dec6feb,6816be1334bc5f118b922621,6821414d332cd2db8ce8e8be,0,"{""Q0"":""물질""}",눈사람,category_organization
682142b48f6c92b7216fd914,5415,survey-multi-choice,93,318039,0,657f72616ed0bed85dec6feb,6816be1334bc5f118b922621,6821414d332cd2db8ce8e8be,0,"{""Q0"":""물질""}",꽃,category_organization
682142b48f6c92b7216fd916,3076,survey-multi-choice,94,321119,0,657f72616ed0bed85dec6feb,6816be1334bc5f118b922621,6821414d332cd2db8ce8e8be,0,"{""Q0"":""형태""}",개,category_organization
682142b48f6c92b7216fd918,1629,survey-multi-choice,95,322752,0,657f72616ed0bed85dec6feb,6816be1334bc5f118b922621,6821414d332cd2db8ce8e8be,0,"{""Q0"":""해당 사항 없음""}",라벤더,category_organization
682142b48f6c92b7216fd91a,4227,survey-multi-choice,96,326984,0,657f72616ed0bed85dec6feb,6816be1334bc5f118b922621,6821414d332cd2db8ce8e8be,0,"{""Q0"":""물질""}",햄버거,category_organization
682142b48f6c92b7216fd91c,4720,html-button-response,97,331709,0,657f72616ed0bed85dec6feb,6816be1334bc5f118b922621,6821414d332cd2db8ce8e8be,0,0,,
682152a48f6c92b7216fd91e,4848,instructions,1,6650,0,61325851c8a9eb311bc63c3d,6816be1334bc5f118b922621,68215164496a2b273f6ccf1f,0,,,
682152a48f6c92b7216fd920,1797,instructions,0,1801,0,61325851c8a9eb311bc63c3d,6816be1334bc5f118b922621,68215164496a2b273f6ccf1f,0,,,
682152a48f6c92b7216fd922,9588,html-button-response,2,16240,0,61325851c8a9eb311bc63c3d,6816be1334bc5f118b922621,68215164496a2b273f6ccf1f,0,0,,
682152a48f6c92b7216fd924,4631,html-button-response,3,20872,0,61325851c8a9eb311bc63c3d,6816be1334bc5f118b922621,68215164496a2b273f6ccf1f,0,0,,
682152a48f6c92b7216fd926,2291,html-button-response,4,23165,0,61325851c8a9eb311bc63c3d,6816be1334bc5f118b922621,68215164496a2b273f6ccf1f,0,0,,
682152a48f6c92b7216fd928,6773,html-button-response,5,29939,0,61325851c8a9eb311bc63c3d,6816be1334bc5f118b922621,68215164496a2b273f6ccf1f,0,0,,
682152a48f6c92b7216fd92a,2563,html-button-response,10,42494,0,61325851c8a9eb311bc63c3d,6816be1334bc5f118b922621,68215164496a2b273f6ccf1f,0,0,,
682152a48f6c92b7216fd92c,2571,survey-multi-choice,11,45067,0,61325851c8a9eb311bc63c3d,6816be1334bc5f118b922621,68215164496a2b273f6ccf1f,0,"{""Q0"":""셀 수 없다""}",구름,count_mass
682152a48f6c92b7216fd92e,3124,survey-multi-choice,6,33065,0,61325851c8a9eb311bc63c3d,6816be1334bc5f118b922621,68215164496a2b273f6ccf1f,0,"{""Q0"":""셀 수 없다""}",설탕,practice_countmass
682152a48f6c92b7216fd930,1784,html-button-response,9,39931,0,61325851c8a9eb311bc63c3d,6816be1334bc5f118b922621,68215164496a2b273f6ccf1f,0,0,,
682152a48f6c92b7216fd932,1919,html-button-response,7,34986,0,61325851c8a9eb311bc63c3d,6816be1334bc5f118b922621,68215164496a2b273f6ccf1f,0,0,,
682152a48f6c92b7216fd934,1335,survey-multi-choice,13,51234,0,61325851c8a9eb311bc63c3d,6816be1334bc5f118b922621,68215164496a2b273f6ccf1f,0,"{""Q0"":""셀 수 있다""}",운동화,count_mass
682152a48f6c92b7216fd936,3156,survey-multi-choice,8,38144,0,61325851c8a9eb311bc63c3d,6816be1334bc5f118b922621,68215164496a2b273f6ccf1f,0,"{""Q0"":""셀 수 있다""}",의자,practice_countmass
682152a48f6c92b7216fd938,3026,survey-multi-choice,15,55792,0,61325851c8a9eb311bc63c3d,6816be1334bc5f118b922621,68215164496a2b273f6ccf1f,0,"{""Q0"":""셀 수 있다""}",회색,count_mass
682152a48f6c92b7216fd93a,1504,survey-multi-choice,16,57298,0,61325851c8a9eb311bc63c3d,6816be1334bc5f118b922621,68215164496a2b273f6ccf1f,0,"{""Q0"":""셀 수 있다""}",크레용/크레파스,count_mass
682152a48f6c92b7216fd93c,1496,survey-multi-choice,17,58797,0,61325851c8a9eb311bc63c3d,6816be1334bc5f118b922621,68215164496a2b273f6ccf1f,0,"{""Q0"":""셀 수 있다""}",배,count_mass
682152a48f6c92b7216fd93e,5550,survey-multi-choice,18,64348,0,61325851c8a9eb311bc63c3d,6816be1334bc5f118b922621,68215164496a2b273f6ccf1f,0,"{""Q0"":""셀 수 없다""}",라면,count_mass
682152a48f6c92b7216fd940,1528,survey-multi-choice,14,52764,0,61325851c8a9eb311bc63c3d,6816be1334bc5f118b922621,68215164496a2b273f6ccf1f,0,"{""Q0"":""셀 수 없다""}",해/햇빛,count_mass
682152a48f6c92b7216fd942,2400,survey-multi-choice,20,68240,0,61325851c8a9eb311bc63c3d,6816be1334bc5f118b922621,68215164496a2b273f6ccf1f,0,"{""Q0"":""셀 수 없다""}",유리,count_mass
682152a48f6c92b7216fd944,4830,survey-multi-choice,12,49897,0,61325851c8a9eb311bc63c3d,6816be1334bc5f118b922621,68215164496a2b273f6ccf1f,0,"{""Q0"":""셀 수 있다""}",입술,count_mass
682152a48f6c92b7216fd946,1490,survey-multi-choice,19,65839,0,61325851c8a9eb311bc63c3d,6816be1334bc5f118b922621,68215164496a2b273f6ccf1f,0,"{""Q0"":""셀 수 없다""}",스파게티,count_mass
682152a48f6c92b7216fd948,2498,survey-multi-choice,21,70740,0,61325851c8a9eb311bc63c3d,6816be1334bc5f118b922621,68215164496a2b273f6ccf1f,0,"{""Q0"":""셀 수 없다""}",쌀,count_mass
682152a48f6c92b7216fd94a,1849,survey-multi-choice,22,72590,0,61325851c8a9eb311bc63c3d,6816be1334bc5f118b922621,68215164496a2b273f6ccf1f,0,"{""Q0"":""셀 수 있다""}",햄버거,count_mass
682152a48f6c92b7216fd94c,3732,survey-multi-choice,23,76324,0,61325851c8a9eb311bc63c3d,6816be1334bc5f118b922621,68215164496a2b273f6ccf1f,0,"{""Q0"":""셀 수 없다""}",계단,count_mass
682152a48f6c92b7216fd94e,2635,survey-multi-choice,36,103699,0,61325851c8a9eb311bc63c3d,6816be1334bc5f118b922621,68215164496a2b273f6ccf1f,0,"{""Q0"":""비고형물""}",우유,practice_solidity
682152a48f6c92b7216fd950,736,html-button-response,37,104436,0,61325851c8a9eb311bc63c3d,6816be1334bc5f118b922621,68215164496a2b273f6ccf1f,0,0,,
682152a48f6c92b7216fd952,3443,html-button-response,35,101062,0,61325851c8a9eb311bc63c3d,6816be1334bc5f118b922621,68215164496a2b273f6ccf1f,0,0,,
682152a48f6c92b7216fd954,1777,survey-multi-choice,24,78102,0,61325851c8a9eb311bc63c3d,6816be1334bc5f118b922621,68215164496a2b273f6ccf1f,0,"{""Q0"":""셀 수 있다""}",허리,count_mass
682152a48f6c92b7216fd956,1352,survey-multi-choice,44,117990,0,61325851c8a9eb311bc63c3d,6816be1334bc5f118b922621,68215164496a2b273f6ccf1f,0,"{""Q0"":""비고형물""}",치약,solidity
682152a48f6c92b7216fd958,1560,survey-multi-choice,50,126032,0,61325851c8a9eb311bc63c3d,6816be1334bc5f118b922621,68215164496a2b273f6ccf1f,0,"{""Q0"":""비고형물""}",비누방울,solidity
682152a48f6c92b7216fd95a,1096,survey-multi-choice,54,130663,0,61325851c8a9eb311bc63c3d,6816be1334bc5f118b922621,68215164496a2b273f6ccf1f,0,"{""Q0"":""고형물""}",귀,solidity
682152a48f6c92b7216fd95c,1095,survey-multi-choice,49,124470,0,61325851c8a9eb311bc63c3d,6816be1334bc5f118b922621,68215164496a2b273f6ccf1f,0,"{""Q0"":""고형물""}",연필,solidity
682152a48f6c92b7216fd95e,1144,survey-multi-choice,61,140410,0,61325851c8a9eb311bc63c3d,6816be1334bc5f118b922621,68215164496a2b273f6ccf1f,0,"{""Q0"":""고형물""}",벌,solidity
682152a48f6c92b7216fd960,1928,survey-multi-choice,87,231129,0,61325851c8a9eb311bc63c3d,6816be1334bc5f118b922621,68215164496a2b273f6ccf1f,0,"{""Q0"":""물질""}",치즈,category_organization
682152a48f6c92b7216fd962,1270,survey-multi-choice,60,139265,0,61325851c8a9eb311bc63c3d,6816be1334bc5f118b922621,68215164496a2b273f6ccf1f,0,"{""Q0"":""고형물""}",그릇,solidity
682152a48f6c92b7216fd964,1742,survey-multi-choice,86,229198,0,61325851c8a9eb311bc63c3d,6816be1334bc5f118b922621,68215164496a2b273f6ccf1f,0,"{""Q0"":""형태""}",구두,category_organization
682152a48f6c92b7216fd966,1066,survey-multi-choice,59,137993,0,61325851c8a9eb311bc63c3d,6816be1334bc5f118b922621,68215164496a2b273f6ccf1f,0,"{""Q0"":""고형물""}",로봇,solidity
682152a48f6c92b7216fd968,7697,survey-multi-choice,85,227453,0,61325851c8a9eb311bc63c3d,6816be1334bc5f118b922621,68215164496a2b273f6ccf1f,0,"{""Q0"":""형태""}",목욕탕,category_organization
682152a48f6c92b7216fd96a,4836,html-button-response,97,258262,0,61325851c8a9eb311bc63c3d,6816be1334bc5f118b922621,68215164496a2b273f6ccf1f,0,0,,
682152a48f6c92b7216fd96c,2336,survey-multi-choice,84,219753,0,61325851c8a9eb311bc63c3d,6816be1334bc5f118b922621,68215164496a2b273f6ccf1f,0,"{""Q0"":""물질""}",흙,category_organization
682152a48f6c92b7216fd96e,2684,survey-multi-choice,96,253424,0,61325851c8a9eb311bc63c3d,6816be1334bc5f118b922621,68215164496a2b273f6ccf1f,0,"{""Q0"":""물질""}",비누,category_organization
682152a48f6c92b7216fd970,4260,survey-multi-choice,83,217414,0,61325851c8a9eb311bc63c3d,6816be1334bc5f118b922621,68215164496a2b273f6ccf1f,0,"{""Q0"":""물질""}",토마토,category_organization
682152a48f6c92b7216fd972,1562,survey-multi-choice,95,250740,0,61325851c8a9eb311bc63c3d,6816be1334bc5f118b922621,68215164496a2b273f6ccf1f,0,"{""Q0"":""형태""}",혀,category_organization
682152a48f6c92b7216fd974,2043,survey-multi-choice,82,213153,0,61325851c8a9eb311bc63c3d,6816be1334bc5f118b922621,68215164496a2b273f6ccf1f,0,"{""Q0"":""형태""}",여우,category_organization
682152a48f6c92b7216fd976,1384,survey-multi-choice,81,211108,0,61325851c8a9eb311bc63c3d,6816be1334bc5f118b922621,68215164496a2b273f6ccf1f,0,"{""Q0"":""형태""}",목,category_organization
682152a48f6c92b7216fd978,2738,survey-multi-choice,94,249178,0,61325851c8a9eb311bc63c3d,6816be1334bc5f118b922621,68215164496a2b273f6ccf1f,0,"{""Q0"":""물질""}",팔,category_organization
682152a48f6c92b7216fd97a,1771,survey-multi-choice,80,209724,0,61325851c8a9eb311bc63c3d,6816be1334bc5f118b922621,68215164496a2b273f6ccf1f,0,"{""Q0"":""형태""}",창문,category_organization
682152a48f6c92b7216fd97c,1793,survey-multi-choice,93,246439,0,61325851c8a9eb311bc63c3d,6816be1334bc5f118b922621,68215164496a2b273f6ccf1f,0,"{""Q0"":""물질""}",콩,category_organization
682152a48f6c92b7216fd97e,2522,survey-multi-choice,92,244644,0,61325851c8a9eb311bc63c3d,6816be1334bc5f118b922621,68215164496a2b273f6ccf1f,0,"{""Q0"":""형태""}",이불,category_organization
682152a48f6c92b7216fd980,3027,survey-multi-choice,79,207952,0,61325851c8a9eb311bc63c3d,6816be1334bc5f118b922621,68215164496a2b273f6ccf1f,0,"{""Q0"":""형태""}",장갑,category_organization
682152a48f6c92b7216fd982,4270,survey-multi-choice,91,242121,0,61325851c8a9eb311bc63c3d,6816be1334bc5f118b922621,68215164496a2b273f6ccf1f,0,"{""Q0"":""형태""}",손가락,category_organization
682152a48f6c92b7216fd984,2416,survey-multi-choice,78,204924,0,61325851c8a9eb311bc63c3d,6816be1334bc5f118b922621,68215164496a2b273f6ccf1f,0,"{""Q0"":""형태""}",머리,category_organization
682152a48f6c92b7216fd986,1849,survey-multi-choice,90,237850,0,61325851c8a9eb311bc63c3d,6816be1334bc5f118b922621,68215164496a2b273f6ccf1f,0,"{""Q0"":""해당 사항 없음""}",라벤더,category_organization
682152a48f6c92b7216fd988,3540,survey-multi-choice,77,202506,0,61325851c8a9eb311bc63c3d,6816be1334bc5f118b922621,68215164496a2b273f6ccf1f,0,"{""Q0"":""물질""}",포도,category_organization
682152a48f6c92b7216fd98a,1522,survey-multi-choice,89,236000,0,61325851c8a9eb311bc63c3d,6816be1334bc5f118b922621,68215164496a2b273f6ccf1f,0,"{""Q0"":""형태""}",숟가락,category_organization
682152a48f6c92b7216fd98c,3508,survey-multi-choice,76,198964,0,61325851c8a9eb311bc63c3d,6816be1334bc5f118b922621,68215164496a2b273f6ccf1f,0,"{""Q0"":""형태""}",가방,category_organization
682152a48f6c92b7216fd98e,607,html-button-response,75,195455,0,61325851c8a9eb311bc63c3d,6816be1334bc5f118b922621,68215164496a2b273f6ccf1f,0,0,,
682152a48f6c92b7216fd990,3346,survey-multi-choice,88,234477,0,61325851c8a9eb311bc63c3d,6816be1334bc5f118b922621,68215164496a2b273f6ccf1f,0,"{""Q0"":""형태""}",코트/외투,category_organization
682152a48f6c92b7216fd992,1633,survey-multi-choice,58,136926,0,61325851c8a9eb311bc63c3d,6816be1334bc5f118b922621,68215164496a2b273f6ccf1f,0,"{""Q0"":""고형물""}",기저귀,solidity
682152a48f6c92b7216fd994,2395,survey-multi-choice,57,135292,0,61325851c8a9eb311bc63c3d,6816be1334bc5f118b922621,68215164496a2b273f6ccf1f,0,"{""Q0"":""고형물""}",라벤더,solidity
682152a48f6c92b7216fd996,736,html-button-response,74,194848,0,61325851c8a9eb311bc63c3d,6816be1334bc5f118b922621,68215164496a2b273f6ccf1f,0,0,,
682152a48f6c92b7216fd998,3747,survey-multi-choice,73,194110,0,61325851c8a9eb311bc63c3d,6816be1334bc5f118b922621,68215164496a2b273f6ccf1f,0,"{""Q0"":""색상""}",빨간불,practice_category
682152a48f6c92b7216fd99a,1093,survey-multi-choice,56,132896,0,61325851c8a9eb311bc63c3d,6816be1334bc5f118b922621,68215164496a2b273f6ccf1f,0,"{""Q0"":""고형물""}",달,solidity
682152a48f6c92b7216fd99c,727,html-button-response,72,190362,0,61325851c8a9eb311bc63c3d,6816be1334bc5f118b922621,68215164496a2b273f6ccf1f,0,0,,
682152a48f6c92b7216fd99e,1137,survey-multi-choice,55,131801,0,61325851c8a9eb311bc63c3d,6816be1334bc5f118b922621,68215164496a2b273f6ccf1f,0,"{""Q0"":""고형물""}",어깨,solidity
682152a48f6c92b7216fd9a0,3019,survey-multi-choice,71,189633,0,61325851c8a9eb311bc63c3d,6816be1334bc5f118b922621,68215164496a2b273f6ccf1f,0,"{""Q0"":""형태""}",정사각형,practice_category
682152a48f6c92b7216fd9a2,1296,html-button-response,70,186612,0,61325851c8a9eb311bc63c3d,6816be1334bc5f118b922621,68215164496a2b273f6ccf1f,0,0,,
682152a48f6c92b7216fd9a4,1210,survey-multi-choice,53,129565,0,61325851c8a9eb311bc63c3d,6816be1334bc5f118b922621,68215164496a2b273f6ccf1f,0,"{""Q0"":""고형물""}",발톱,solidity
682152a48f6c92b7216fd9a6,1119,survey-multi-choice,52,128355,0,61325851c8a9eb311bc63c3d,6816be1334bc5f118b922621,68215164496a2b273f6ccf1f,0,"{""Q0"":""고형물""}",선물,solidity
682152a48f6c92b7216fd9a8,4653,survey-multi-choice,69,185315,0,61325851c8a9eb311bc63c3d,6816be1334bc5f118b922621,68215164496a2b273f6ccf1f,0,"{""Q0"":""형태""}",도자기,practice_category
682152a48f6c92b7216fd9aa,1201,survey-multi-choice,51,127234,0,61325851c8a9eb311bc63c3d,6816be1334bc5f118b922621,68215164496a2b273f6ccf1f,0,"{""Q0"":""고형물""}",열쇠,solidity
682152a48f6c92b7216fd9ac,744,html-button-response,68,180660,0,61325851c8a9eb311bc63c3d,6816be1334bc5f118b922621,68215164496a2b273f6ccf1f,0,0,,
682152a48f6c92b7216fd9ae,1145,survey-multi-choice,43,116636,0,61325851c8a9eb311bc63c3d,6816be1334bc5f118b922621,68215164496a2b273f6ccf1f,0,"{""Q0"":""고형물""}",공룡,solidity
682152a48f6c92b7216fd9b0,9311,survey-multi-choice,67,179916,0,61325851c8a9eb311bc63c3d,6816be1334bc5f118b922621,68215164496a2b273f6ccf1f,0,"{""Q0"":""해당 사항 없음""}",불안감,practice_category
682152a48f6c92b7216fd9b2,1570,survey-multi-choice,42,115490,0,61325851c8a9eb311bc63c3d,6816be1334bc5f118b922621,68215164496a2b273f6ccf1f,0,"{""Q0"":""고형물""}",개,solidity
682152a48f6c92b7216fd9b4,6035,html-button-response,66,170604,0,61325851c8a9eb311bc63c3d,6816be1334bc5f118b922621,68215164496a2b273f6ccf1f,0,0,,
682152a48f6c92b7216fd9b6,5623,survey-multi-choice,41,113921,0,61325851c8a9eb311bc63c3d,6816be1334bc5f118b922621,68215164496a2b273f6ccf1f,0,"{""Q0"":""고형물""}",닭고기,solidity
682152a48f6c92b7216fd9b8,1047,html-button-response,65,164568,0,61325851c8a9eb311bc63c3d,6816be1334bc5f118b922621,68215164496a2b273f6ccf1f,0,0,,
682152a48f6c92b7216fd9ba,583,html-button-response,40,108296,0,61325851c8a9eb311bc63c3d,6816be1334bc5f118b922621,68215164496a2b273f6ccf1f,0,0,,
682152a48f6c92b7216fd9bc,6360,html-button-response,64,163518,0,61325851c8a9eb311bc63c3d,6816be1334bc5f118b922621,68215164496a2b273f6ccf1f,0,0,,
682152a58f6c92b7216fd9be,441,html-button-response,39,107713,0,61325851c8a9eb311bc63c3d,6816be1334bc5f118b922621,68215164496a2b273f6ccf1f,0,0,,
682152a58f6c92b7216fd9c0,2833,survey-multi-choice,38,107271,0,61325851c8a9eb311bc63c3d,6816be1334bc5f118b922621,68215164496a2b273f6ccf1f,0,"{""Q0"":""고형물""}",책상,practice_solidity
682152a58f6c92b7216fd9c2,4045,html-button-response,63,157155,0,61325851c8a9eb311bc63c3d,6816be1334bc5f118b922621,68215164496a2b273f6ccf1f,0,0,,
682152a58f6c92b7216fd9c4,12696,html-button-response,62,153108,0,61325851c8a9eb311bc63c3d,6816be1334bc5f118b922621,68215164496a2b273f6ccf1f,0,0,,
682152a58f6c92b7216fd9c6,1441,html-button-response,34,97619,0,61325851c8a9eb311bc63c3d,6816be1334bc5f118b922621,68215164496a2b273f6ccf1f,0,0,,
682152a58f6c92b7216fd9c8,1289,survey-multi-choice,48,123373,0,61325851c8a9eb311bc63c3d,6816be1334bc5f118b922621,68215164496a2b273f6ccf1f,0,"{""Q0"":""고형물""}",오렌지,solidity
682152a58f6c92b7216fd9ca,1456,html-button-response,33,96177,0,61325851c8a9eb311bc63c3d,6816be1334bc5f118b922621,68215164496a2b273f6ccf1f,0,0,,
682152a58f6c92b7216fd9cc,1289,survey-multi-choice,47,122082,0,61325851c8a9eb311bc63c3d,6816be1334bc5f118b922621,68215164496a2b273f6ccf1f,0,"{""Q0"":""고형물""}",텔레비전,solidity
682152a58f6c92b7216fd9ce,4524,html-button-response,32,94719,0,61325851c8a9eb311bc63c3d,6816be1334bc5f118b922621,68215164496a2b273f6ccf1f,0,0,,
682152a58f6c92b7216fd9d0,1416,survey-multi-choice,46,120793,0,61325851c8a9eb311bc63c3d,6816be1334bc5f118b922621,68215164496a2b273f6ccf1f,0,"{""Q0"":""고형물""}",총,solidity
682152a58f6c92b7216fd9d2,1424,survey-multi-choice,31,90191,0,61325851c8a9eb311bc63c3d,6816be1334bc5f118b922621,68215164496a2b273f6ccf1f,0,"{""Q0"":""셀 수 있다""}",헬리콥터,count_mass
682152a58f6c92b7216fd9d4,1384,survey-multi-choice,45,119375,0,61325851c8a9eb311bc63c3d,6816be1334bc5f118b922621,68215164496a2b273f6ccf1f,0,"{""Q0"":""고형물""}",쓰레기,solidity
682152a58f6c92b7216fd9d6,1465,survey-multi-choice,30,88765,0,61325851c8a9eb311bc63c3d,6816be1334bc5f118b922621,68215164496a2b273f6ccf1f,0,"{""Q0"":""셀 수 있다""}",몸,count_mass
682152a58f6c92b7216fd9d8,1297,survey-multi-choice,25,79400,0,61325851c8a9eb311bc63c3d,6816be1334bc5f118b922621,68215164496a2b273f6ccf1f,0,"{""Q0"":""셀 수 있다""}",피자,count_mass
682152a58f6c92b7216fd9da,3298,survey-multi-choice,29,87298,0,61325851c8a9eb311bc63c3d,6816be1334bc5f118b922621,68215164496a2b273f6ccf1f,0,"{""Q0"":""셀 수 없다""}",피,count_mass
682152a58f6c92b7216fd9dc,1952,survey-multi-choice,26,81354,0,61325851c8a9eb311bc63c3d,6816be1334bc5f118b922621,68215164496a2b273f6ccf1f,0,"{""Q0"":""셀 수 있다""}",사이다,count_mass
682152a58f6c92b7216fd9de,1232,survey-multi-choice,28,83999,0,61325851c8a9eb311bc63c3d,6816be1334bc5f118b922621,68215164496a2b273f6ccf1f,0,"{""Q0"":""셀 수 있다""}",토끼,count_mass
682152a58f6c92b7216fd9e0,1409,survey-multi-choice,27,82765,0,61325851c8a9eb311bc63c3d,6816be1334bc5f118b922621,68215164496a2b273f6ccf1f,0,"{""Q0"":""셀 수 있다""}",안경,count_mass
682179f78f6c92b7216fd9e2,3333,instructions,0,3335,0,66b2afad1ce6aaaf28ceaa12,6816be1334bc5f118b922621,682173bd96c71ebb131b850c,0,,,
682179f78f6c92b7216fd9e6,3001,html-button-response,2,7128,0,66b2afad1ce6aaaf28ceaa12,6816be1334bc5f118b922621,682173bd96c71ebb131b850c,0,0,,
682179f78f6c92b7216fd9e4,790,instructions,1,4125,0,66b2afad1ce6aaaf28ceaa12,6816be1334bc5f118b922621,682173bd96c71ebb131b850c,0,,,
682179f78f6c92b7216fd9e8,3654,html-button-response,3,10782,0,66b2afad1ce6aaaf28ceaa12,6816be1334bc5f118b922621,682173bd96c71ebb131b850c,0,0,,
682179f78f6c92b7216fd9ea,1725,html-button-response,5,13639,0,66b2afad1ce6aaaf28ceaa12,6816be1334bc5f118b922621,682173bd96c71ebb131b850c,0,0,,
682179f78f6c92b7216fd9ec,1131,html-button-response,4,11914,0,66b2afad1ce6aaaf28ceaa12,6816be1334bc5f118b922621,682173bd96c71ebb131b850c,0,0,,
682179f78f6c92b7216fd9ee,12984,survey-multi-choice,6,26624,0,66b2afad1ce6aaaf28ceaa12,6816be1334bc5f118b922621,682173bd96c71ebb131b850c,0,"{""Q0"":""셀 수 없다""}",설탕,practice_countmass
682179f78f6c92b7216fd9f0,3328,survey-multi-choice,8,32945,0,66b2afad1ce6aaaf28ceaa12,6816be1334bc5f118b922621,682173bd96c71ebb131b850c,0,"{""Q0"":""셀 수 있다""}",의자,practice_countmass
682179f78f6c92b7216fd9f2,2991,html-button-response,7,29616,0,66b2afad1ce6aaaf28ceaa12,6816be1334bc5f118b922621,682173bd96c71ebb131b850c,0,0,,
682179f78f6c92b7216fd9f4,2695,html-button-response,9,35640,0,66b2afad1ce6aaaf28ceaa12,6816be1334bc5f118b922621,682173bd96c71ebb131b850c,0,0,,
682179f78f6c92b7216fd9f6,1397,html-button-response,10,37037,0,66b2afad1ce6aaaf28ceaa12,6816be1334bc5f118b922621,682173bd96c71ebb131b850c,0,0,,
682179f78f6c92b7216fd9f8,3129,survey-multi-choice,11,40167,0,66b2afad1ce6aaaf28ceaa12,6816be1334bc5f118b922621,682173bd96c71ebb131b850c,0,"{""Q0"":""셀 수 있다""}",구두,count_mass
682179f78f6c92b7216fd9fa,1285,survey-multi-choice,12,41452,0,66b2afad1ce6aaaf28ceaa12,6816be1334bc5f118b922621,682173bd96c71ebb131b850c,0,"{""Q0"":""셀 수 없다""}",주스,count_mass
682179f78f6c92b7216fd9fc,1428,survey-multi-choice,14,44646,0,66b2afad1ce6aaaf28ceaa12,6816be1334bc5f118b922621,682173bd96c71ebb131b850c,0,"{""Q0"":""셀 수 있다""}",썰매,count_mass
682179f78f6c92b7216fd9fe,1764,survey-multi-choice,13,43217,0,66b2afad1ce6aaaf28ceaa12,6816be1334bc5f118b922621,682173bd96c71ebb131b850c,0,"{""Q0"":""셀 수 있다""}",불자동차/소방차,count_mass
682179f78f6c92b7216fda00,12748,survey-multi-choice,15,57394,0,66b2afad1ce6aaaf28ceaa12,6816be1334bc5f118b922621,682173bd96c71ebb131b850c,0,"{""Q0"":""셀 수 있다""}",회색,count_mass
682179f78f6c92b7216fda02,1398,survey-multi-choice,16,58793,0,66b2afad1ce6aaaf28ceaa12,6816be1334bc5f118b922621,682173bd96c71ebb131b850c,0,"{""Q0"":""셀 수 있다""}",양말,count_mass
682179f78f6c92b7216fda04,4625,survey-multi-choice,17,63418,0,66b2afad1ce6aaaf28ceaa12,6816be1334bc5f118b922621,682173bd96c71ebb131b850c,0,"{""Q0"":""셀 수 있다""}",달,count_mass
682179f78f6c92b7216fda06,1089,survey-multi-choice,18,64508,0,66b2afad1ce6aaaf28ceaa12,6816be1334bc5f118b922621,682173bd96c71ebb131b850c,0,"{""Q0"":""셀 수 있다""}",침대,count_mass
682179f78f6c92b7216fda08,1168,survey-multi-choice,19,65677,0,66b2afad1ce6aaaf28ceaa12,6816be1334bc5f118b922621,682173bd96c71ebb131b850c,0,"{""Q0"":""셀 수 있다""}",팔,count_mass
682179f78f6c92b7216fda0a,1720,survey-multi-choice,20,67397,0,66b2afad1ce6aaaf28ceaa12,6816be1334bc5f118b922621,682173bd96c71ebb131b850c,0,"{""Q0"":""셀 수 있다""}",컵,count_mass
682179f78f6c92b7216fda0c,914,survey-multi-choice,22,69285,0,66b2afad1ce6aaaf28ceaa12,6816be1334bc5f118b922621,682173bd96c71ebb131b850c,0,"{""Q0"":""셀 수 있다""}",비행기,count_mass
682179f78f6c92b7216fda0e,972,survey-multi-choice,21,68370,0,66b2afad1ce6aaaf28ceaa12,6816be1334bc5f118b922621,682173bd96c71ebb131b850c,0,"{""Q0"":""셀 수 있다""}",어깨,count_mass
682179f78f6c92b7216fda10,2457,survey-multi-choice,23,71743,0,66b2afad1ce6aaaf28ceaa12,6816be1334bc5f118b922621,682173bd96c71ebb131b850c,0,"{""Q0"":""셀 수 있다""}",밤,count_mass
682179f78f6c92b7216fda12,1620,survey-multi-choice,24,73364,0,66b2afad1ce6aaaf28ceaa12,6816be1334bc5f118b922621,682173bd96c71ebb131b850c,0,"{""Q0"":""셀 수 있다""}",무/무우,count_mass
682179f78f6c92b7216fda14,1309,survey-multi-choice,25,74674,0,66b2afad1ce6aaaf28ceaa12,6816be1334bc5f118b922621,682173bd96c71ebb131b850c,0,"{""Q0"":""셀 수 있다""}",장갑,count_mass
682179f78f6c92b7216fda16,1337,survey-multi-choice,26,76012,0,66b2afad1ce6aaaf28ceaa12,6816be1334bc5f118b922621,682173bd96c71ebb131b850c,0,"{""Q0"":""셀 수 있다""}",코끼리,count_mass
682179f78f6c92b7216fda18,1311,survey-multi-choice,27,77323,0,66b2afad1ce6aaaf28ceaa12,6816be1334bc5f118b922621,682173bd96c71ebb131b850c,0,"{""Q0"":""셀 수 있다""}",포도,count_mass
682179f78f6c92b7216fda1a,892,survey-multi-choice,28,78216,0,66b2afad1ce6aaaf28ceaa12,6816be1334bc5f118b922621,682173bd96c71ebb131b850c,0,"{""Q0"":""셀 수 있다""}",핫도그,count_mass
682179f78f6c92b7216fda1c,1208,survey-multi-choice,29,79424,0,66b2afad1ce6aaaf28ceaa12,6816be1334bc5f118b922621,682173bd96c71ebb131b850c,0,"{""Q0"":""셀 수 없다""}",소금,count_mass
682179f78f6c92b7216fda1e,1394,survey-multi-choice,30,80818,0,66b2afad1ce6aaaf28ceaa12,6816be1334bc5f118b922621,682173bd96c71ebb131b850c,0,"{""Q0"":""셀 수 있다""}",땅콩,count_mass
682179f78f6c92b7216fda20,20769,survey-multi-choice,31,101589,0,66b2afad1ce6aaaf28ceaa12,6816be1334bc5f118b922621,682173bd96c71ebb131b850c,0,"{""Q0"":""셀 수 있다""}",턱,count_mass
682179f78f6c92b7216fda22,1273751,html-button-response,32,1375340,0,66b2afad1ce6aaaf28ceaa12,6816be1334bc5f118b922621,682173bd96c71ebb131b850c,0,0,,
682179f78f6c92b7216fda24,1511,html-button-response,34,1379110,0,66b2afad1ce6aaaf28ceaa12,6816be1334bc5f118b922621,682173bd96c71ebb131b850c,0,0,,
682179f78f6c92b7216fda26,2258,html-button-response,33,1377598,0,66b2afad1ce6aaaf28ceaa12,6816be1334bc5f118b922621,682173bd96c71ebb131b850c,0,0,,
682179f78f6c92b7216fda28,2328,html-button-response,35,1381439,0,66b2afad1ce6aaaf28ceaa12,6816be1334bc5f118b922621,682173bd96c71ebb131b850c,0,0,,
682179f78f6c92b7216fda2a,3399,survey-multi-choice,36,1384839,0,66b2afad1ce6aaaf28ceaa12,6816be1334bc5f118b922621,682173bd96c71ebb131b850c,0,"{""Q0"":""고형물""}",책상,practice_solidity
682179f78f6c92b7216fda2c,733,html-button-response,37,1385573,0,66b2afad1ce6aaaf28ceaa12,6816be1334bc5f118b922621,682173bd96c71ebb131b850c,0,0,,
682179f78f6c92b7216fda2e,1961,survey-multi-choice,38,1387535,0,66b2afad1ce6aaaf28ceaa12,6816be1334bc5f118b922621,682173bd96c71ebb131b850c,0,"{""Q0"":""비고형물""}",우유,practice_solidity
682179f78f6c92b7216fda30,426,html-button-response,39,1387961,0,66b2afad1ce6aaaf28ceaa12,6816be1334bc5f118b922621,682173bd96c71ebb131b850c,0,0,,
682179f78f6c92b7216fda32,983,html-button-response,40,1388945,0,66b2afad1ce6aaaf28ceaa12,6816be1334bc5f118b922621,682173bd96c71ebb131b850c,0,0,,
682179f78f6c92b7216fda34,1550,survey-multi-choice,41,1390496,0,66b2afad1ce6aaaf28ceaa12,6816be1334bc5f118b922621,682173bd96c71ebb131b850c,0,"{""Q0"":""고형물""}",사탕,solidity
682179f78f6c92b7216fda36,1694,survey-multi-choice,42,1392190,0,66b2afad1ce6aaaf28ceaa12,6816be1334bc5f118b922621,682173bd96c71ebb131b850c,0,"{""Q0"":""고형물""}",바나나,solidity
682179f78f6c92b7216fda38,6635,survey-multi-choice,44,1401190,0,66b2afad1ce6aaaf28ceaa12,6816be1334bc5f118b922621,682173bd96c71ebb131b850c,0,"{""Q0"":""고형물""}",문,solidity
682179f78f6c92b7216fda3a,2363,survey-multi-choice,43,1394554,0,66b2afad1ce6aaaf28ceaa12,6816be1334bc5f118b922621,682173bd96c71ebb131b850c,0,"{""Q0"":""비고형물""}",땅,solidity
682179f78f6c92b7216fda3c,1409,survey-multi-choice,45,1402599,0,66b2afad1ce6aaaf28ceaa12,6816be1334bc5f118b922621,682173bd96c71ebb131b850c,0,"{""Q0"":""고형물""}",라벤더,solidity
682179f78f6c92b7216fda3e,2590,survey-multi-choice,46,1405189,0,66b2afad1ce6aaaf28ceaa12,6816be1334bc5f118b922621,682173bd96c71ebb131b850c,0,"{""Q0"":""고형물""}",유리,solidity
682179f78f6c92b7216fda40,1434,survey-multi-choice,47,1406624,0,66b2afad1ce6aaaf28ceaa12,6816be1334bc5f118b922621,682173bd96c71ebb131b850c,0,"{""Q0"":""고형물""}",양,solidity
682179f78f6c92b7216fda42,1102,survey-multi-choice,48,1407727,0,66b2afad1ce6aaaf28ceaa12,6816be1334bc5f118b922621,682173bd96c71ebb131b850c,0,"{""Q0"":""고형물""}",기린,solidity
682179f78f6c92b7216fda44,1176,survey-multi-choice,49,1408904,0,66b2afad1ce6aaaf28ceaa12,6816be1334bc5f118b922621,682173bd96c71ebb131b850c,0,"{""Q0"":""고형물""}",소파,solidity
682179f78f6c92b7216fda46,1313,survey-multi-choice,50,1410219,0,66b2afad1ce6aaaf28ceaa12,6816be1334bc5f118b922621,682173bd96c71ebb131b850c,0,"{""Q0"":""비고형물""}",머리카락,solidity
682179f78f6c92b7216fda48,1500,survey-multi-choice,51,1411720,0,66b2afad1ce6aaaf28ceaa12,6816be1334bc5f118b922621,682173bd96c71ebb131b850c,0,"{""Q0"":""고형물""}",오리,solidity
682179f78f6c92b7216fda4a,1253,survey-multi-choice,53,1414290,0,66b2afad1ce6aaaf28ceaa12,6816be1334bc5f118b922621,682173bd96c71ebb131b850c,0,"{""Q0"":""고형물""}",택시,solidity
682179f78f6c92b7216fda4c,1315,survey-multi-choice,52,1413035,0,66b2afad1ce6aaaf28ceaa12,6816be1334bc5f118b922621,682173bd96c71ebb131b850c,0,"{""Q0"":""고형물""}",고양이,solidity
682179f78f6c92b7216fda4e,1045,survey-multi-choice,54,1415335,0,66b2afad1ce6aaaf28ceaa12,6816be1334bc5f118b922621,682173bd96c71ebb131b850c,0,"{""Q0"":""고형물""}",인형,solidity
682179f78f6c92b7216fda50,1485,survey-multi-choice,55,1416821,0,66b2afad1ce6aaaf28ceaa12,6816be1334bc5f118b922621,682173bd96c71ebb131b850c,0,"{""Q0"":""고형물""}",배,solidity
682179f78f6c92b7216fda52,974,survey-multi-choice,56,1417797,0,66b2afad1ce6aaaf28ceaa12,6816be1334bc5f118b922621,682173bd96c71ebb131b850c,0,"{""Q0"":""고형물""}",총,solidity
682179f78f6c92b7216fda54,1955,survey-multi-choice,57,1419752,0,66b2afad1ce6aaaf28ceaa12,6816be1334bc5f118b922621,682173bd96c71ebb131b850c,0,"{""Q0"":""고형물""}",꽃,solidity
682179f78f6c92b7216fda56,1431,survey-multi-choice,58,1421183,0,66b2afad1ce6aaaf28ceaa12,6816be1334bc5f118b922621,682173bd96c71ebb131b850c,0,"{""Q0"":""고형물""}",기차,solidity
682179f78f6c92b7216fda58,956,survey-multi-choice,59,1422140,0,66b2afad1ce6aaaf28ceaa12,6816be1334bc5f118b922621,682173bd96c71ebb131b850c,0,"{""Q0"":""고형물""}",쟁반,solidity
682179f78f6c92b7216fda5a,754,survey-multi-choice,60,1422895,0,66b2afad1ce6aaaf28ceaa12,6816be1334bc5f118b922621,682173bd96c71ebb131b850c,0,"{""Q0"":""고형물""}",딸기,solidity
682179f78f6c92b7216fda5c,2294,survey-multi-choice,61,1425189,0,66b2afad1ce6aaaf28ceaa12,6816be1334bc5f118b922621,682173bd96c71ebb131b850c,0,"{""Q0"":""고형물""}",여우,solidity
682179f78f6c92b7216fda5e,1347,html-button-response,62,1426537,0,66b2afad1ce6aaaf28ceaa12,6816be1334bc5f118b922621,682173bd96c71ebb131b850c,0,0,,
682179f78f6c92b7216fda60,3296,html-button-response,63,1429834,0,66b2afad1ce6aaaf28ceaa12,6816be1334bc5f118b922621,682173bd96c71ebb131b850c,0,0,,
682179f78f6c92b7216fda62,4091,html-button-response,64,1433926,0,66b2afad1ce6aaaf28ceaa12,6816be1334bc5f118b922621,682173bd96c71ebb131b850c,0,0,,
682179f78f6c92b7216fda64,798,html-button-response,65,1434724,0,66b2afad1ce6aaaf28ceaa12,6816be1334bc5f118b922621,682173bd96c71ebb131b850c,0,0,,
682179f78f6c92b7216fda66,974,html-button-response,66,1435699,0,66b2afad1ce6aaaf28ceaa12,6816be1334bc5f118b922621,682173bd96c71ebb131b850c,0,0,,
682179f78f6c92b7216fda68,10507,survey-multi-choice,67,1446206,0,66b2afad1ce6aaaf28ceaa12,6816be1334bc5f118b922621,682173bd96c71ebb131b850c,0,"{""Q0"":""물질""}",도자기,practice_category
682179f78f6c92b7216fda6a,1052,html-button-response,68,1447258,0,66b2afad1ce6aaaf28ceaa12,6816be1334bc5f118b922621,682173bd96c71ebb131b850c,0,0,,
682179f78f6c92b7216fda6c,5866,survey-multi-choice,69,1453125,0,66b2afad1ce6aaaf28ceaa12,6816be1334bc5f118b922621,682173bd96c71ebb131b850c,0,"{""Q0"":""색상""}",빨간불,practice_category
682179f78f6c92b7216fda6e,1774,survey-multi-choice,71,1455355,0,66b2afad1ce6aaaf28ceaa12,6816be1334bc5f118b922621,682173bd96c71ebb131b850c,0,"{""Q0"":""형태""}",불안감,practice_category
682179f78f6c92b7216fda70,455,html-button-response,70,1453581,0,66b2afad1ce6aaaf28ceaa12,6816be1334bc5f118b922621,682173bd96c71ebb131b850c,0,0,,
682179f78f6c92b7216fda72,2746,html-button-response,72,1458102,0,66b2afad1ce6aaaf28ceaa12,6816be1334bc5f118b922621,682173bd96c71ebb131b850c,0,0,,
682179f78f6c92b7216fda74,3678,survey-multi-choice,73,1461781,0,66b2afad1ce6aaaf28ceaa12,6816be1334bc5f118b922621,682173bd96c71ebb131b850c,0,"{""Q0"":""형태""}",정사각형,practice_category
682179f78f6c92b7216fda76,625,html-button-response,74,1462406,0,66b2afad1ce6aaaf28ceaa12,6816be1334bc5f118b922621,682173bd96c71ebb131b850c,0,0,,
682179f78f6c92b7216fda78,579,html-button-response,75,1462985,0,66b2afad1ce6aaaf28ceaa12,6816be1334bc5f118b922621,682173bd96c71ebb131b850c,0,0,,
682179f78f6c92b7216fda7a,4574,survey-multi-choice,76,1467560,0,66b2afad1ce6aaaf28ceaa12,6816be1334bc5f118b922621,682173bd96c71ebb131b850c,0,"{""Q0"":""물질""}",돼지,category_organization
682179f78f6c92b7216fda7c,3966,survey-multi-choice,77,1471526,0,66b2afad1ce6aaaf28ceaa12,6816be1334bc5f118b922621,682173bd96c71ebb131b850c,0,"{""Q0"":""형태""}",길,category_organization
682179f78f6c92b7216fda7e,1978,survey-multi-choice,78,1473506,0,66b2afad1ce6aaaf28ceaa12,6816be1334bc5f118b922621,682173bd96c71ebb131b850c,0,"{""Q0"":""물질""}",얼음,category_organization
682179f78f6c92b7216fda80,2887,survey-multi-choice,79,1476394,0,66b2afad1ce6aaaf28ceaa12,6816be1334bc5f118b922621,682173bd96c71ebb131b850c,0,"{""Q0"":""물질""}",다람쥐,category_organization
682179f78f6c92b7216fda82,3350,survey-multi-choice,80,1479745,0,66b2afad1ce6aaaf28ceaa12,6816be1334bc5f118b922621,682173bd96c71ebb131b850c,0,"{""Q0"":""해당 사항 없음""}",뺨,category_organization
682179f78f6c92b7216fda84,3721,survey-multi-choice,81,1483466,0,66b2afad1ce6aaaf28ceaa12,6816be1334bc5f118b922621,682173bd96c71ebb131b850c,0,"{""Q0"":""물질""}",모자,category_organization
682179f78f6c92b7216fda86,2493,survey-multi-choice,82,1485960,0,66b2afad1ce6aaaf28ceaa12,6816be1334bc5f118b922621,682173bd96c71ebb131b850c,0,"{""Q0"":""물질""}",돌,category_organization
682179f78f6c92b7216fda88,3429,survey-multi-choice,83,1489390,0,66b2afad1ce6aaaf28ceaa12,6816be1334bc5f118b922621,682173bd96c71ebb131b850c,0,"{""Q0"":""물질""}",라면,category_organization
682179f78f6c92b7216fda8a,1994,survey-multi-choice,84,1491385,0,66b2afad1ce6aaaf28ceaa12,6816be1334bc5f118b922621,682173bd96c71ebb131b850c,0,"{""Q0"":""형태""}",배꼽,category_organization
682179f78f6c92b7216fda8c,34777,survey-multi-choice,86,1527901,0,66b2afad1ce6aaaf28ceaa12,6816be1334bc5f118b922621,682173bd96c71ebb131b850c,0,"{""Q0"":""형태""}",똥꼬,category_organization
682179f78f6c92b7216fda8e,1737,survey-multi-choice,85,1493123,0,66b2afad1ce6aaaf28ceaa12,6816be1334bc5f118b922621,682173bd96c71ebb131b850c,0,"{""Q0"":""물질""}",닭,category_organization
682179f88f6c92b7216fda90,1504,survey-multi-choice,87,1529406,0,66b2afad1ce6aaaf28ceaa12,6816be1334bc5f118b922621,682173bd96c71ebb131b850c,0,"{""Q0"":""물질""}",수건,category_organization
682179f88f6c92b7216fda92,1747,survey-multi-choice,88,1531154,0,66b2afad1ce6aaaf28ceaa12,6816be1334bc5f118b922621,682173bd96c71ebb131b850c,0,"{""Q0"":""물질""}",로봇,category_organization
682179f88f6c92b7216fda94,1387,survey-multi-choice,89,1532541,0,66b2afad1ce6aaaf28ceaa12,6816be1334bc5f118b922621,682173bd96c71ebb131b850c,0,"{""Q0"":""해당 사항 없음""}",라벤더,category_organization
682179f88f6c92b7216fda96,31815,survey-multi-choice,90,1564357,0,66b2afad1ce6aaaf28ceaa12,6816be1334bc5f118b922621,682173bd96c71ebb131b850c,0,"{""Q0"":""물질""}",잠옷,category_organization
682179f88f6c92b7216fda98,1676,survey-multi-choice,91,1566034,0,66b2afad1ce6aaaf28ceaa12,6816be1334bc5f118b922621,682173bd96c71ebb131b850c,0,"{""Q0"":""형태""}",불,category_organization
682179f88f6c92b7216fda9a,1769,survey-multi-choice,92,1567804,0,66b2afad1ce6aaaf28ceaa12,6816be1334bc5f118b922621,682173bd96c71ebb131b850c,0,"{""Q0"":""물질""}",가위,category_organization
682179f88f6c92b7216fda9c,1198,survey-multi-choice,93,1569002,0,66b2afad1ce6aaaf28ceaa12,6816be1334bc5f118b922621,682173bd96c71ebb131b850c,0,"{""Q0"":""물질""}",미끄럼틀,category_organization
682179f88f6c92b7216fda9e,1183,survey-multi-choice,94,1570185,0,66b2afad1ce6aaaf28ceaa12,6816be1334bc5f118b922621,682173bd96c71ebb131b850c,0,"{""Q0"":""물질""}",사슴,category_organization
682179f88f6c92b7216fdaa0,1562,survey-multi-choice,96,1576789,0,66b2afad1ce6aaaf28ceaa12,6816be1334bc5f118b922621,682173bd96c71ebb131b850c,0,"{""Q0"":""물질""}",사과,category_organization
682179f88f6c92b7216fdaa2,5041,survey-multi-choice,95,1575226,0,66b2afad1ce6aaaf28ceaa12,6816be1334bc5f118b922621,682173bd96c71ebb131b850c,0,"{""Q0"":""물질""}",과일,category_organization
682179f88f6c92b7216fdaa4,3161,html-button-response,97,1579951,0,66b2afad1ce6aaaf28ceaa12,6816be1334bc5f118b922621,682173bd96c71ebb131b850c,0,0,,
6821b26e8f6c92b7216fdaa6,2480,instructions,0,2481,0,60caf58c38ce3e0f5a51f62b,6816be1334bc5f118b922621,6821b148892435f36ff05703,0,,,
6821b26e8f6c92b7216fdaa8,2431,instructions,1,4913,0,60caf58c38ce3e0f5a51f62b,6816be1334bc5f118b922621,6821b148892435f36ff05703,0,,,
6821b26e8f6c92b7216fdaaa,7071,html-button-response,2,11985,0,60caf58c38ce3e0f5a51f62b,6816be1334bc5f118b922621,6821b148892435f36ff05703,0,0,,
6821b26e8f6c92b7216fdaac,4963,html-button-response,3,16949,0,60caf58c38ce3e0f5a51f62b,6816be1334bc5f118b922621,6821b148892435f36ff05703,0,0,,
6821b26e8f6c92b7216fdaae,3727,html-button-response,4,20677,0,60caf58c38ce3e0f5a51f62b,6816be1334bc5f118b922621,6821b148892435f36ff05703,0,0,,
6821b26e8f6c92b7216fdab0,1079,html-button-response,5,21757,0,60caf58c38ce3e0f5a51f62b,6816be1334bc5f118b922621,6821b148892435f36ff05703,0,0,,
6821b26e8f6c92b7216fdab2,3181,html-button-response,6,24939,0,60caf58c38ce3e0f5a51f62b,6816be1334bc5f118b922621,6821b148892435f36ff05703,0,0,,
6821b26e8f6c92b7216fdab4,8008,survey-multi-choice,7,32956,0,60caf58c38ce3e0f5a51f62b,6816be1334bc5f118b922621,6821b148892435f36ff05703,0,"{""Q0"":""해당 사항 없음""}",불안감,practice_category
6821b26e8f6c92b7216fdab6,1038,html-button-response,8,33995,0,60caf58c38ce3e0f5a51f62b,6816be1334bc5f118b922621,6821b148892435f36ff05703,0,0,,
6821b26e8f6c92b7216fdab8,3535,survey-multi-choice,9,37539,0,60caf58c38ce3e0f5a51f62b,6816be1334bc5f118b922621,6821b148892435f36ff05703,0,"{""Q0"":""색상""}",빨간불,practice_category
6821b26f8f6c92b7216fdaba,623,html-button-response,10,38164,0,60caf58c38ce3e0f5a51f62b,6816be1334bc5f118b922621,6821b148892435f36ff05703,0,0,,
6821b26f8f6c92b7216fdabc,11051,survey-multi-choice,11,49216,0,60caf58c38ce3e0f5a51f62b,6816be1334bc5f118b922621,6821b148892435f36ff05703,0,"{""Q0"":""물질""}",도자기,practice_category
6821b26f8f6c92b7216fdabe,695,html-button-response,12,49911,0,60caf58c38ce3e0f5a51f62b,6816be1334bc5f118b922621,6821b148892435f36ff05703,0,0,,
6821b26f8f6c92b7216fdac0,3003,survey-multi-choice,13,52915,0,60caf58c38ce3e0f5a51f62b,6816be1334bc5f118b922621,6821b148892435f36ff05703,0,"{""Q0"":""형태""}",정사각형,practice_category
6821b26f8f6c92b7216fdac2,985,html-button-response,14,53901,0,60caf58c38ce3e0f5a51f62b,6816be1334bc5f118b922621,6821b148892435f36ff05703,0,0,,
6821b26f8f6c92b7216fdac4,2249,html-button-response,15,56151,0,60caf58c38ce3e0f5a51f62b,6816be1334bc5f118b922621,6821b148892435f36ff05703,0,0,,
6821b26f8f6c92b7216fdac6,6305,survey-multi-choice,16,62460,0,60caf58c38ce3e0f5a51f62b,6816be1334bc5f118b922621,6821b148892435f36ff05703,0,"{""Q0"":""해당 사항 없음""}",라디오,category_organization
6821b26f8f6c92b7216fdac8,4379,survey-multi-choice,17,66840,0,60caf58c38ce3e0f5a51f62b,6816be1334bc5f118b922621,6821b148892435f36ff05703,0,"{""Q0"":""물질""}",이불,category_organization
6821b26f8f6c92b7216fdaca,2919,survey-multi-choice,18,69760,0,60caf58c38ce3e0f5a51f62b,6816be1334bc5f118b922621,6821b148892435f36ff05703,0,"{""Q0"":""물질""}",햄버거,category_organization
6821b26f8f6c92b7216fdacc,2487,survey-multi-choice,19,72248,0,60caf58c38ce3e0f5a51f62b,6816be1334bc5f118b922621,6821b148892435f36ff05703,0,"{""Q0"":""물질""}",땅,category_organization
6821b26f8f6c92b7216fdace,4544,survey-multi-choice,20,76793,0,60caf58c38ce3e0f5a51f62b,6816be1334bc5f118b922621,6821b148892435f36ff05703,0,"{""Q0"":""형태""}",오토바이,category_organization
6821b26f8f6c92b7216fdad0,2409,survey-multi-choice,22,81272,0,60caf58c38ce3e0f5a51f62b,6816be1334bc5f118b922621,6821b148892435f36ff05703,0,"{""Q0"":""형태""}",피아노,category_organization
6821b26f8f6c92b7216fdad2,2067,survey-multi-choice,21,78862,0,60caf58c38ce3e0f5a51f62b,6816be1334bc5f118b922621,6821b148892435f36ff05703,0,"{""Q0"":""형태""}",컵,category_organization
6821b26f8f6c92b7216fdad4,5377,survey-multi-choice,23,86649,0,60caf58c38ce3e0f5a51f62b,6816be1334bc5f118b922621,6821b148892435f36ff05703,0,"{""Q0"":""물질""}",딸기,category_organization
6821b2708f6c92b7216fdad6,5684,survey-multi-choice,24,92334,0,60caf58c38ce3e0f5a51f62b,6816be1334bc5f118b922621,6821b148892435f36ff05703,0,"{""Q0"":""물질""}",계란/달걀,category_organization
6821b2708f6c92b7216fdad8,2321,survey-multi-choice,25,94655,0,60caf58c38ce3e0f5a51f62b,6816be1334bc5f118b922621,6821b148892435f36ff05703,0,"{""Q0"":""형태""}",쟁반,category_organization
6821b2708f6c92b7216fdada,3893,survey-multi-choice,26,98549,0,60caf58c38ce3e0f5a51f62b,6816be1334bc5f118b922621,6821b148892435f36ff05703,0,"{""Q0"":""물질""}",잠옷,category_organization
6821b2708f6c92b7216fdadc,5109,survey-multi-choice,28,105605,0,60caf58c38ce3e0f5a51f62b,6816be1334bc5f118b922621,6821b148892435f36ff05703,0,"{""Q0"":""형태""}",블록,category_organization
6821b2708f6c92b7216fdade,1946,survey-multi-choice,27,100496,0,60caf58c38ce3e0f5a51f62b,6816be1334bc5f118b922621,6821b148892435f36ff05703,0,"{""Q0"":""해당 사항 없음""}",라벤더,category_organization
6821b2708f6c92b7216fdae0,2257,survey-multi-choice,29,107864,0,60caf58c38ce3e0f5a51f62b,6816be1334bc5f118b922621,6821b148892435f36ff05703,0,"{""Q0"":""형태""}",버스,category_organization
6821b2708f6c92b7216fdae2,2414,survey-multi-choice,30,110279,0,60caf58c38ce3e0f5a51f62b,6816be1334bc5f118b922621,6821b148892435f36ff05703,0,"{""Q0"":""형태""}",세탁기,category_organization
6821b2708f6c92b7216fdae4,2203,survey-multi-choice,31,112484,0,60caf58c38ce3e0f5a51f62b,6816be1334bc5f118b922621,6821b148892435f36ff05703,0,"{""Q0"":""물질""}",불,category_organization
6821b2708f6c92b7216fdae6,2751,survey-multi-choice,32,115236,0,60caf58c38ce3e0f5a51f62b,6816be1334bc5f118b922621,6821b148892435f36ff05703,0,"{""Q0"":""형태""}",원숭이,category_organization
6821b2708f6c92b7216fdae8,4909,survey-multi-choice,34,121876,0,60caf58c38ce3e0f5a51f62b,6816be1334bc5f118b922621,6821b148892435f36ff05703,0,"{""Q0"":""물질""}",밤,category_organization
6821b2708f6c92b7216fdaea,1727,survey-multi-choice,33,116966,0,60caf58c38ce3e0f5a51f62b,6816be1334bc5f118b922621,6821b148892435f36ff05703,0,"{""Q0"":""형태""}",펭귄,category_organization
6821b2708f6c92b7216fdaec,1647,survey-multi-choice,35,123524,0,60caf58c38ce3e0f5a51f62b,6816be1334bc5f118b922621,6821b148892435f36ff05703,0,"{""Q0"":""형태""}",기린,category_organization
6821b2708f6c92b7216fdaee,1638,survey-multi-choice,36,125162,0,60caf58c38ce3e0f5a51f62b,6816be1334bc5f118b922621,6821b148892435f36ff05703,0,"{""Q0"":""형태""}",헬리콥터,category_organization
6821b2718f6c92b7216fdaf0,3813,html-button-response,37,128976,0,60caf58c38ce3e0f5a51f62b,6816be1334bc5f118b922621,6821b148892435f36ff05703,0,0,,
6821b2718f6c92b7216fdaf2,605,html-button-response,39,131014,0,60caf58c38ce3e0f5a51f62b,6816be1334bc5f118b922621,6821b148892435f36ff05703,0,0,,
6821b2718f6c92b7216fdaf4,1431,html-button-response,38,130408,0,60caf58c38ce3e0f5a51f62b,6816be1334bc5f118b922621,6821b148892435f36ff05703,0,0,,
6821b2718f6c92b7216fdaf6,1998,html-button-response,40,133012,0,60caf58c38ce3e0f5a51f62b,6816be1334bc5f118b922621,6821b148892435f36ff05703,0,0,,
6821b2718f6c92b7216fdaf8,3690,survey-multi-choice,41,136703,0,60caf58c38ce3e0f5a51f62b,6816be1334bc5f118b922621,6821b148892435f36ff05703,0,"{""Q0"":""비고형물""}",우유,practice_solidity
6821b2718f6c92b7216fdafa,638,html-button-response,42,137342,0,60caf58c38ce3e0f5a51f62b,6816be1334bc5f118b922621,6821b148892435f36ff05703,0,0,,
6821b2718f6c92b7216fdafc,2316,survey-multi-choice,43,139658,0,60caf58c38ce3e0f5a51f62b,6816be1334bc5f118b922621,6821b148892435f36ff05703,0,"{""Q0"":""비고형물""}",책상,practice_solidity
6821b2718f6c92b7216fdafe,871,html-button-response,44,140530,0,60caf58c38ce3e0f5a51f62b,6816be1334bc5f118b922621,6821b148892435f36ff05703,0,0,,
6821b2718f6c92b7216fdb00,13550,survey-multi-choice,46,155651,0,60caf58c38ce3e0f5a51f62b,6816be1334bc5f118b922621,6821b148892435f36ff05703,0,"{""Q0"":""고형물""}",나비,solidity
6821b2718f6c92b7216fdb02,1412,survey-multi-choice,47,157064,0,60caf58c38ce3e0f5a51f62b,6816be1334bc5f118b922621,6821b148892435f36ff05703,0,"{""Q0"":""고형물""}",사과,solidity
6821b2718f6c92b7216fdb04,1570,html-button-response,45,142100,0,60caf58c38ce3e0f5a51f62b,6816be1334bc5f118b922621,6821b148892435f36ff05703,0,0,,
6821b2718f6c92b7216fdb06,2149,survey-multi-choice,48,159214,0,60caf58c38ce3e0f5a51f62b,6816be1334bc5f118b922621,6821b148892435f36ff05703,0,"{""Q0"":""고형물""}",풀,solidity
6821b2718f6c92b7216fdb08,1376,survey-multi-choice,49,160590,0,60caf58c38ce3e0f5a51f62b,6816be1334bc5f118b922621,6821b148892435f36ff05703,0,"{""Q0"":""고형물""}",유모차,solidity
6821b2728f6c92b7216fdb0a,1801,survey-multi-choice,50,162392,0,60caf58c38ce3e0f5a51f62b,6816be1334bc5f118b922621,6821b148892435f36ff05703,0,"{""Q0"":""고형물""}",빗자루,solidity
6821b2728f6c92b7216fdb0c,1565,survey-multi-choice,51,163958,0,60caf58c38ce3e0f5a51f62b,6816be1334bc5f118b922621,6821b148892435f36ff05703,0,"{""Q0"":""고형물""}",그릇,solidity
6821b2728f6c92b7216fdb0e,1724,survey-multi-choice,52,165682,0,60caf58c38ce3e0f5a51f62b,6816be1334bc5f118b922621,6821b148892435f36ff05703,0,"{""Q0"":""고형물""}",바나나,solidity
6821b2728f6c92b7216fdb10,1387,survey-multi-choice,53,167070,0,60caf58c38ce3e0f5a51f62b,6816be1334bc5f118b922621,6821b148892435f36ff05703,0,"{""Q0"":""비고형물""}",커피,solidity
6821b2728f6c92b7216fdb14,2211,survey-multi-choice,54,169282,0,60caf58c38ce3e0f5a51f62b,6816be1334bc5f118b922621,6821b148892435f36ff05703,0,"{""Q0"":""비고형물""}",아이스크림,solidity
6821b2728f6c92b7216fdb12,3303,survey-multi-choice,55,172586,0,60caf58c38ce3e0f5a51f62b,6816be1334bc5f118b922621,6821b148892435f36ff05703,0,"{""Q0"":""고형물""}",라벤더,solidity
6821b2728f6c92b7216fdb16,2245,survey-multi-choice,56,174832,0,60caf58c38ce3e0f5a51f62b,6816be1334bc5f118b922621,6821b148892435f36ff05703,0,"{""Q0"":""비고형물""}",바람,solidity
6821b2728f6c92b7216fdb18,2767,survey-multi-choice,57,177603,0,60caf58c38ce3e0f5a51f62b,6816be1334bc5f118b922621,6821b148892435f36ff05703,0,"{""Q0"":""고형물""}",가방,solidity
6821b2728f6c92b7216fdb1a,1113,survey-multi-choice,58,178717,0,60caf58c38ce3e0f5a51f62b,6816be1334bc5f118b922621,6821b148892435f36ff05703,0,"{""Q0"":""고형물""}",개구리,solidity
6821b2728f6c92b7216fdb1c,1773,survey-multi-choice,59,180491,0,60caf58c38ce3e0f5a51f62b,6816be1334bc5f118b922621,6821b148892435f36ff05703,0,"{""Q0"":""고형물""}",국수,solidity
6821b2728f6c92b7216fdb1e,1359,survey-multi-choice,60,181850,0,60caf58c38ce3e0f5a51f62b,6816be1334bc5f118b922621,6821b148892435f36ff05703,0,"{""Q0"":""고형물""}",배추,solidity
6821b2728f6c92b7216fdb20,1608,survey-multi-choice,62,185147,0,60caf58c38ce3e0f5a51f62b,6816be1334bc5f118b922621,6821b148892435f36ff05703,0,"{""Q0"":""고형물""}",구두,solidity
6821b2738f6c92b7216fdb22,1686,survey-multi-choice,61,183538,0,60caf58c38ce3e0f5a51f62b,6816be1334bc5f118b922621,6821b148892435f36ff05703,0,"{""Q0"":""해당 사항 없음""}",해/햇빛,solidity
6821b2738f6c92b7216fdb24,1434,survey-multi-choice,63,186581,0,60caf58c38ce3e0f5a51f62b,6816be1334bc5f118b922621,6821b148892435f36ff05703,0,"{""Q0"":""고형물""}",호떡,solidity
6821b2738f6c92b7216fdb26,2426,survey-multi-choice,65,190433,0,60caf58c38ce3e0f5a51f62b,6816be1334bc5f118b922621,6821b148892435f36ff05703,0,"{""Q0"":""고형물""}",토끼,solidity
6821b2738f6c92b7216fdb28,1425,survey-multi-choice,64,188006,0,60caf58c38ce3e0f5a51f62b,6816be1334bc5f118b922621,6821b148892435f36ff05703,0,"{""Q0"":""고형물""}",칼,solidity
6821b2738f6c92b7216fdb2a,3591,survey-multi-choice,66,194024,0,60caf58c38ce3e0f5a51f62b,6816be1334bc5f118b922621,6821b148892435f36ff05703,0,"{""Q0"":""고형물""}",팬티,solidity
6821b2738f6c92b7216fdb2c,18659,html-button-response,67,212685,0,60caf58c38ce3e0f5a51f62b,6816be1334bc5f118b922621,6821b148892435f36ff05703,0,0,,
6821b2738f6c92b7216fdb2e,2161,html-button-response,68,214847,0,60caf58c38ce3e0f5a51f62b,6816be1334bc5f118b922621,6821b148892435f36ff05703,0,0,,
6821b2738f6c92b7216fdb30,917,html-button-response,69,215765,0,60caf58c38ce3e0f5a51f62b,6816be1334bc5f118b922621,6821b148892435f36ff05703,0,0,,
6821b2738f6c92b7216fdb32,2465,survey-multi-choice,71,222381,0,60caf58c38ce3e0f5a51f62b,6816be1334bc5f118b922621,6821b148892435f36ff05703,0,"{""Q0"":""셀 수 있다""}",의자,practice_countmass
6821b2738f6c92b7216fdb34,4148,html-button-response,70,219914,0,60caf58c38ce3e0f5a51f62b,6816be1334bc5f118b922621,6821b148892435f36ff05703,0,0,,
6821b2738f6c92b7216fdb36,1867,html-button-response,72,224249,0,60caf58c38ce3e0f5a51f62b,6816be1334bc5f118b922621,6821b148892435f36ff05703,0,0,,
6821b2748f6c92b7216fdb38,2083,html-button-response,74,231296,0,60caf58c38ce3e0f5a51f62b,6816be1334bc5f118b922621,6821b148892435f36ff05703,0,0,,
6821b2748f6c92b7216fdb3a,2929,html-button-response,75,234226,0,60caf58c38ce3e0f5a51f62b,6816be1334bc5f118b922621,6821b148892435f36ff05703,0,0,,
6821b2748f6c92b7216fdb3c,4963,survey-multi-choice,73,229213,0,60caf58c38ce3e0f5a51f62b,6816be1334bc5f118b922621,6821b148892435f36ff05703,0,"{""Q0"":""셀 수 없다""}",설탕,practice_countmass
6821b2748f6c92b7216fdb3e,2698,survey-multi-choice,76,236925,0,60caf58c38ce3e0f5a51f62b,6816be1334bc5f118b922621,6821b148892435f36ff05703,0,"{""Q0"":""셀 수 있다""}",배꼽,count_mass
6821b2748f6c92b7216fdb40,3756,survey-multi-choice,77,240683,0,60caf58c38ce3e0f5a51f62b,6816be1334bc5f118b922621,6821b148892435f36ff05703,0,"{""Q0"":""셀 수 있다""}",코끼리,count_mass
6821b2748f6c92b7216fdb42,1649,survey-multi-choice,78,242332,0,60caf58c38ce3e0f5a51f62b,6816be1334bc5f118b922621,6821b148892435f36ff05703,0,"{""Q0"":""셀 수 있다""}",참새,count_mass
6821b2748f6c92b7216fdb44,1471,survey-multi-choice,79,243804,0,60caf58c38ce3e0f5a51f62b,6816be1334bc5f118b922621,6821b148892435f36ff05703,0,"{""Q0"":""셀 수 있다""}",사탕,count_mass
6821b2748f6c92b7216fdb46,3490,survey-multi-choice,81,249012,0,60caf58c38ce3e0f5a51f62b,6816be1334bc5f118b922621,6821b148892435f36ff05703,0,"{""Q0"":""셀 수 있다""}",사다리,count_mass
6821b2748f6c92b7216fdb48,1715,survey-multi-choice,80,245520,0,60caf58c38ce3e0f5a51f62b,6816be1334bc5f118b922621,6821b148892435f36ff05703,0,"{""Q0"":""셀 수 있다""}",물고기,count_mass
6821b2748f6c92b7216fdb4a,1877,survey-multi-choice,82,250889,0,60caf58c38ce3e0f5a51f62b,6816be1334bc5f118b922621,6821b148892435f36ff05703,0,"{""Q0"":""셀 수 없다""}",회색,count_mass
6821b2748f6c92b7216fdb4c,1468,survey-multi-choice,83,252358,0,60caf58c38ce3e0f5a51f62b,6816be1334bc5f118b922621,6821b148892435f36ff05703,0,"{""Q0"":""셀 수 있다""}",썰매,count_mass
6821b2748f6c92b7216fdb4e,3237,survey-multi-choice,84,255596,0,60caf58c38ce3e0f5a51f62b,6816be1334bc5f118b922621,6821b148892435f36ff05703,0,"{""Q0"":""셀 수 있다""}",창문,count_mass
6821b2748f6c92b7216fdb50,1541,survey-multi-choice,85,257138,0,60caf58c38ce3e0f5a51f62b,6816be1334bc5f118b922621,6821b148892435f36ff05703,0,"{""Q0"":""셀 수 있다""}",신/신발,count_mass
6821b2748f6c92b7216fdb52,1845,survey-multi-choice,86,258984,0,60caf58c38ce3e0f5a51f62b,6816be1334bc5f118b922621,6821b148892435f36ff05703,0,"{""Q0"":""셀 수 있다""}",이/이빨,count_mass
6821b2748f6c92b7216fdb54,1481,survey-multi-choice,88,266126,0,60caf58c38ce3e0f5a51f62b,6816be1334bc5f118b922621,6821b148892435f36ff05703,0,"{""Q0"":""셀 수 있다""}",사자,count_mass
6821b2748f6c92b7216fdb56,5659,survey-multi-choice,87,264644,0,60caf58c38ce3e0f5a51f62b,6816be1334bc5f118b922621,6821b148892435f36ff05703,0,"{""Q0"":""셀 수 없다""}",고기,count_mass
6821b2758f6c92b7216fdb58,2164,survey-multi-choice,89,268290,0,60caf58c38ce3e0f5a51f62b,6816be1334bc5f118b922621,6821b148892435f36ff05703,0,"{""Q0"":""셀 수 있다""}",그림,count_mass
6821b2758f6c92b7216fdb5a,1461,survey-multi-choice,91,271094,0,60caf58c38ce3e0f5a51f62b,6816be1334bc5f118b922621,6821b148892435f36ff05703,0,"{""Q0"":""셀 수 있다""}",비누,count_mass
6821b2758f6c92b7216fdb5c,1341,survey-multi-choice,90,269632,0,60caf58c38ce3e0f5a51f62b,6816be1334bc5f118b922621,6821b148892435f36ff05703,0,"{""Q0"":""셀 수 있다""}",지갑,count_mass
6821b2758f6c92b7216fdb5e,2394,survey-multi-choice,92,273488,0,60caf58c38ce3e0f5a51f62b,6816be1334bc5f118b922621,6821b148892435f36ff05703,0,"{""Q0"":""셀 수 없다""}",설탕,count_mass
6821b2758f6c92b7216fdb60,1865,survey-multi-choice,93,275354,0,60caf58c38ce3e0f5a51f62b,6816be1334bc5f118b922621,6821b148892435f36ff05703,0,"{""Q0"":""셀 수 없다""}",쌀,count_mass
6821b2758f6c92b7216fdb62,1464,survey-multi-choice,94,276820,0,60caf58c38ce3e0f5a51f62b,6816be1334bc5f118b922621,6821b148892435f36ff05703,0,"{""Q0"":""셀 수 있다""}",소,count_mass
6821b2758f6c92b7216fdb64,2099,survey-multi-choice,95,278920,0,60caf58c38ce3e0f5a51f62b,6816be1334bc5f118b922621,6821b148892435f36ff05703,0,"{""Q0"":""셀 수 있다""}",오렌지,count_mass
6821b2758f6c92b7216fdb66,1497,survey-multi-choice,96,280418,0,60caf58c38ce3e0f5a51f62b,6816be1334bc5f118b922621,6821b148892435f36ff05703,0,"{""Q0"":""셀 수 있다""}",서랍,count_mass
6821b2758f6c92b7216fdb68,2829,html-button-response,97,283248,0,60caf58c38ce3e0f5a51f62b,6816be1334bc5f118b922621,6821b148892435f36ff05703,0,0,,
6821c8378f6c92b7216fdb6a,5131,instructions,0,5132,0,669686f9c0223af02c0e8c1f,6816be1334bc5f118b922621,6821c67949b46941a036de1b,0,,,
6821c8378f6c92b7216fdb6c,10064,html-button-response,2,21114,0,669686f9c0223af02c0e8c1f,6816be1334bc5f118b922621,6821c67949b46941a036de1b,0,0,,
6821c8378f6c92b7216fdb6e,5231,html-button-response,3,26347,0,669686f9c0223af02c0e8c1f,6816be1334bc5f118b922621,6821c67949b46941a036de1b,0,0,,
6821c8378f6c92b7216fdb70,5914,instructions,1,11048,0,669686f9c0223af02c0e8c1f,6816be1334bc5f118b922621,6821c67949b46941a036de1b,0,,,
6821c8378f6c92b7216fdb72,1856,html-button-response,4,28205,0,669686f9c0223af02c0e8c1f,6816be1334bc5f118b922621,6821c67949b46941a036de1b,0,0,,
6821c8378f6c92b7216fdb74,4061,html-button-response,5,32268,0,669686f9c0223af02c0e8c1f,6816be1334bc5f118b922621,6821c67949b46941a036de1b,0,0,,
6821c8378f6c92b7216fdb76,1251,html-button-response,7,38389,0,669686f9c0223af02c0e8c1f,6816be1334bc5f118b922621,6821c67949b46941a036de1b,0,0,,
6821c8378f6c92b7216fdb78,4865,survey-multi-choice,6,37136,0,669686f9c0223af02c0e8c1f,6816be1334bc5f118b922621,6821c67949b46941a036de1b,0,"{""Q0"":""고형물""}",책상,practice_solidity
6821c8378f6c92b7216fdb7a,3640,survey-multi-choice,8,42031,0,669686f9c0223af02c0e8c1f,6816be1334bc5f118b922621,6821c67949b46941a036de1b,0,"{""Q0"":""비고형물""}",우유,practice_solidity
6821c8378f6c92b7216fdb7c,1215,html-button-response,9,43247,0,669686f9c0223af02c0e8c1f,6816be1334bc5f118b922621,6821c67949b46941a036de1b,0,0,,
6821c8378f6c92b7216fdb7e,4098,survey-multi-choice,11,49473,0,669686f9c0223af02c0e8c1f,6816be1334bc5f118b922621,6821c67949b46941a036de1b,0,"{""Q0"":""고형물""}",곰,solidity
6821c8378f6c92b7216fdb80,2123,html-button-response,10,45372,0,669686f9c0223af02c0e8c1f,6816be1334bc5f118b922621,6821c67949b46941a036de1b,0,0,,
6821c8388f6c92b7216fdb82,2372,survey-multi-choice,12,51847,0,669686f9c0223af02c0e8c1f,6816be1334bc5f118b922621,6821c67949b46941a036de1b,0,"{""Q0"":""고형물""}",책,solidity
6821c8388f6c92b7216fdb84,4307,survey-multi-choice,13,56156,0,669686f9c0223af02c0e8c1f,6816be1334bc5f118b922621,6821c67949b46941a036de1b,0,"{""Q0"":""고형물""}",초콜렛,solidity
6821c8388f6c92b7216fdb86,3832,survey-multi-choice,14,59989,0,669686f9c0223af02c0e8c1f,6816be1334bc5f118b922621,6821c67949b46941a036de1b,0,"{""Q0"":""고형물""}",크레용/크레파스,solidity
6821c8388f6c92b7216fdb88,10415,survey-multi-choice,15,70405,0,669686f9c0223af02c0e8c1f,6816be1334bc5f118b922621,6821c67949b46941a036de1b,0,"{""Q0"":""고형물""}",포도,solidity
6821c8388f6c92b7216fdb8a,2325,survey-multi-choice,16,72731,0,669686f9c0223af02c0e8c1f,6816be1334bc5f118b922621,6821c67949b46941a036de1b,0,"{""Q0"":""고형물""}",라벤더,solidity
6821c8388f6c92b7216fdb8c,2402,survey-multi-choice,17,75135,0,669686f9c0223af02c0e8c1f,6816be1334bc5f118b922621,6821c67949b46941a036de1b,0,"{""Q0"":""고형물""}",양말,solidity
6821c8388f6c92b7216fdb8e,2478,survey-multi-choice,18,77614,0,669686f9c0223af02c0e8c1f,6816be1334bc5f118b922621,6821c67949b46941a036de1b,0,"{""Q0"":""고형물""}",단추,solidity
6821c8388f6c92b7216fdb90,1894,survey-multi-choice,19,79510,0,669686f9c0223af02c0e8c1f,6816be1334bc5f118b922621,6821c67949b46941a036de1b,0,"{""Q0"":""고형물""}",운동화,solidity
6821c8388f6c92b7216fdb92,2390,survey-multi-choice,20,81902,0,669686f9c0223af02c0e8c1f,6816be1334bc5f118b922621,6821c67949b46941a036de1b,0,"{""Q0"":""고형물""}",쓰레기통/휴지통,solidity
6821c8388f6c92b7216fdb94,10323,survey-multi-choice,21,92227,0,669686f9c0223af02c0e8c1f,6816be1334bc5f118b922621,6821c67949b46941a036de1b,0,"{""Q0"":""고형물""}",사탕,solidity
6821c8388f6c92b7216fdb96,1781,survey-multi-choice,22,94010,0,669686f9c0223af02c0e8c1f,6816be1334bc5f118b922621,6821c67949b46941a036de1b,0,"{""Q0"":""고형물""}",의자,solidity
6821c8388f6c92b7216fdb98,2577,survey-multi-choice,23,96588,0,669686f9c0223af02c0e8c1f,6816be1334bc5f118b922621,6821c67949b46941a036de1b,0,"{""Q0"":""고형물""}",물고기,solidity
6821c8388f6c92b7216fdb9a,2183,survey-multi-choice,24,98772,0,669686f9c0223af02c0e8c1f,6816be1334bc5f118b922621,6821c67949b46941a036de1b,0,"{""Q0"":""고형물""}",벌,solidity
6821c8388f6c92b7216fdb9c,2140,survey-multi-choice,25,100913,0,669686f9c0223af02c0e8c1f,6816be1334bc5f118b922621,6821c67949b46941a036de1b,0,"{""Q0"":""고형물""}",부엉이,solidity
6821c8388f6c92b7216fdb9e,2045,survey-multi-choice,26,102960,0,669686f9c0223af02c0e8c1f,6816be1334bc5f118b922621,6821c67949b46941a036de1b,0,"{""Q0"":""비고형물""}",눈,solidity
6821c8388f6c92b7216fdba0,1986,survey-multi-choice,27,104947,0,669686f9c0223af02c0e8c1f,6816be1334bc5f118b922621,6821c67949b46941a036de1b,0,"{""Q0"":""고형물""}",돼지,solidity
6821c8388f6c92b7216fdba2,1974,survey-multi-choice,28,106922,0,669686f9c0223af02c0e8c1f,6816be1334bc5f118b922621,6821c67949b46941a036de1b,0,"{""Q0"":""고형물""}",나무,solidity
6821c8388f6c92b7216fdba4,2044,survey-multi-choice,29,108968,0,669686f9c0223af02c0e8c1f,6816be1334bc5f118b922621,6821c67949b46941a036de1b,0,"{""Q0"":""고형물""}",오리,solidity
6821c8388f6c92b7216fdba6,3640,survey-multi-choice,30,112609,0,669686f9c0223af02c0e8c1f,6816be1334bc5f118b922621,6821c67949b46941a036de1b,0,"{""Q0"":""고형물""}",생선,solidity
6821c8388f6c92b7216fdba8,2149,survey-multi-choice,31,114760,0,669686f9c0223af02c0e8c1f,6816be1334bc5f118b922621,6821c67949b46941a036de1b,0,"{""Q0"":""고형물""}",가방,solidity
6821c8388f6c92b7216fdbaa,25452,html-button-response,32,140214,0,669686f9c0223af02c0e8c1f,6816be1334bc5f118b922621,6821c67949b46941a036de1b,0,0,,
6821c8388f6c92b7216fdbac,12615,html-button-response,34,165779,0,669686f9c0223af02c0e8c1f,6816be1334bc5f118b922621,6821c67949b46941a036de1b,0,0,,
6821c8388f6c92b7216fdbae,2232,html-button-response,35,168012,0,669686f9c0223af02c0e8c1f,6816be1334bc5f118b922621,6821c67949b46941a036de1b,0,0,,
6821c8388f6c92b7216fdbb0,12948,html-button-response,33,153163,0,669686f9c0223af02c0e8c1f,6816be1334bc5f118b922621,6821c67949b46941a036de1b,0,0,,
6821c8388f6c92b7216fdbb2,2583,html-button-response,36,170596,0,669686f9c0223af02c0e8c1f,6816be1334bc5f118b922621,6821c67949b46941a036de1b,0,0,,
6821c8388f6c92b7216fdbb4,8197,survey-multi-choice,37,178795,0,669686f9c0223af02c0e8c1f,6816be1334bc5f118b922621,6821c67949b46941a036de1b,0,"{""Q0"":""형태""}",정사각형,practice_category
6821c8388f6c92b7216fdbb6,2525,html-button-response,38,181321,0,669686f9c0223af02c0e8c1f,6816be1334bc5f118b922621,6821c67949b46941a036de1b,0,0,,
6821c8388f6c92b7216fdbb8,16031,survey-multi-choice,39,197354,0,669686f9c0223af02c0e8c1f,6816be1334bc5f118b922621,6821c67949b46941a036de1b,0,"{""Q0"":""형태""}",도자기,practice_category
6821c8388f6c92b7216fdbba,5020,html-button-response,40,202375,0,669686f9c0223af02c0e8c1f,6816be1334bc5f118b922621,6821c67949b46941a036de1b,0,0,,
6821c8388f6c92b7216fdbbc,6024,survey-multi-choice,41,208400,0,669686f9c0223af02c0e8c1f,6816be1334bc5f118b922621,6821c67949b46941a036de1b,0,"{""Q0"":""색상""}",빨간불,practice_category
6821c8388f6c92b7216fdbbe,2232,html-button-response,42,210633,0,669686f9c0223af02c0e8c1f,6816be1334bc5f118b922621,6821c67949b46941a036de1b,0,0,,
6821c8388f6c92b7216fdbc0,7282,survey-multi-choice,43,217917,0,669686f9c0223af02c0e8c1f,6816be1334bc5f118b922621,6821c67949b46941a036de1b,0,"{""Q0"":""해당 사항 없음""}",불안감,practice_category
6821c8388f6c92b7216fdbc2,1420,html-button-response,44,219338,0,669686f9c0223af02c0e8c1f,6816be1334bc5f118b922621,6821c67949b46941a036de1b,0,0,,
6821c8388f6c92b7216fdbc4,1336,html-button-response,45,220675,0,669686f9c0223af02c0e8c1f,6816be1334bc5f118b922621,6821c67949b46941a036de1b,0,0,,
6821c8388f6c92b7216fdbc6,7185,survey-multi-choice,46,227862,0,669686f9c0223af02c0e8c1f,6816be1334bc5f118b922621,6821c67949b46941a036de1b,0,"{""Q0"":""형태""}",발톱,category_organization
6821c8388f6c92b7216fdbc8,2933,survey-multi-choice,47,230796,0,669686f9c0223af02c0e8c1f,6816be1334bc5f118b922621,6821c67949b46941a036de1b,0,"{""Q0"":""물질""}",돌,category_organization
6821c8398f6c92b7216fdbca,3415,survey-multi-choice,48,234213,0,669686f9c0223af02c0e8c1f,6816be1334bc5f118b922621,6821c67949b46941a036de1b,0,"{""Q0"":""형태""}",풍선,category_organization
6821c8398f6c92b7216fdbcc,2711,survey-multi-choice,49,236926,0,669686f9c0223af02c0e8c1f,6816be1334bc5f118b922621,6821c67949b46941a036de1b,0,"{""Q0"":""해당 사항 없음""}",라벤더,category_organization
6821c8398f6c92b7216fdbce,4540,survey-multi-choice,50,241468,0,669686f9c0223af02c0e8c1f,6816be1334bc5f118b922621,6821c67949b46941a036de1b,0,"{""Q0"":""형태""}",공룡,category_organization
6821c8398f6c92b7216fdbd0,8113,survey-multi-choice,51,249583,0,669686f9c0223af02c0e8c1f,6816be1334bc5f118b922621,6821c67949b46941a036de1b,0,"{""Q0"":""물질""}",과일,category_organization
6821c8398f6c92b7216fdbd2,10674,survey-multi-choice,52,260257,0,669686f9c0223af02c0e8c1f,6816be1334bc5f118b922621,6821c67949b46941a036de1b,0,"{""Q0"":""물질""}",토마토,category_organization
6821c8398f6c92b7216fdbd4,3228,survey-multi-choice,53,263486,0,669686f9c0223af02c0e8c1f,6816be1334bc5f118b922621,6821c67949b46941a036de1b,0,"{""Q0"":""물질""}",쓰레기,category_organization
6821c8398f6c92b7216fdbd6,4050,survey-multi-choice,54,267537,0,669686f9c0223af02c0e8c1f,6816be1334bc5f118b922621,6821c67949b46941a036de1b,0,"{""Q0"":""형태""}",핫도그,category_organization
6821c8398f6c92b7216fdbd8,4310,survey-multi-choice,55,271849,0,669686f9c0223af02c0e8c1f,6816be1334bc5f118b922621,6821c67949b46941a036de1b,0,"{""Q0"":""형태""}",개구리,category_organization
6821c8398f6c92b7216fdbda,3724,survey-multi-choice,56,275574,0,669686f9c0223af02c0e8c1f,6816be1334bc5f118b922621,6821c67949b46941a036de1b,0,"{""Q0"":""형태""}",썰매,category_organization
6821c8398f6c92b7216fdbdc,3146,survey-multi-choice,57,278722,0,669686f9c0223af02c0e8c1f,6816be1334bc5f118b922621,6821c67949b46941a036de1b,0,"{""Q0"":""형태""}",하마,category_organization
6821c8398f6c92b7216fdbde,14832,survey-multi-choice,58,293555,0,669686f9c0223af02c0e8c1f,6816be1334bc5f118b922621,6821c67949b46941a036de1b,0,"{""Q0"":""물질""}",로봇,category_organization
6821c8398f6c92b7216fdbe0,8573,survey-multi-choice,59,302130,0,669686f9c0223af02c0e8c1f,6816be1334bc5f118b922621,6821c67949b46941a036de1b,0,"{""Q0"":""형태""}",전자레인지,category_organization
6821c8398f6c92b7216fdbe2,6148,survey-multi-choice,60,308280,0,669686f9c0223af02c0e8c1f,6816be1334bc5f118b922621,6821c67949b46941a036de1b,0,"{""Q0"":""형태""}",목욕탕,category_organization
6821c8398f6c92b7216fdbe4,3485,survey-multi-choice,61,311766,0,669686f9c0223af02c0e8c1f,6816be1334bc5f118b922621,6821c67949b46941a036de1b,0,"{""Q0"":""형태""}",배꼽,category_organization
6821c8398f6c92b7216fdbe6,3545,survey-multi-choice,62,315312,0,669686f9c0223af02c0e8c1f,6816be1334bc5f118b922621,6821c67949b46941a036de1b,0,"{""Q0"":""형태""}",유모차,category_organization
6821c8398f6c92b7216fdbe8,2682,survey-multi-choice,63,317996,0,669686f9c0223af02c0e8c1f,6816be1334bc5f118b922621,6821c67949b46941a036de1b,0,"{""Q0"":""물질""}",치즈,category_organization
6821c8398f6c92b7216fdbea,3561,survey-multi-choice,64,321559,0,669686f9c0223af02c0e8c1f,6816be1334bc5f118b922621,6821c67949b46941a036de1b,0,"{""Q0"":""형태""}",신/신발,category_organization
6821c8398f6c92b7216fdbec,4276,survey-multi-choice,65,325837,0,669686f9c0223af02c0e8c1f,6816be1334bc5f118b922621,6821c67949b46941a036de1b,0,"{""Q0"":""형태""}",피아노,category_organization
6821c8398f6c92b7216fdbee,5396,survey-multi-choice,66,331234,0,669686f9c0223af02c0e8c1f,6816be1334bc5f118b922621,6821c67949b46941a036de1b,0,"{""Q0"":""형태""}",어깨,category_organization
6821c8398f6c92b7216fdbf0,5460,html-button-response,67,336696,0,669686f9c0223af02c0e8c1f,6816be1334bc5f118b922621,6821c67949b46941a036de1b,0,0,,
6821c8398f6c92b7216fdbf2,2974,html-button-response,68,339671,0,669686f9c0223af02c0e8c1f,6816be1334bc5f118b922621,6821c67949b46941a036de1b,0,0,,
6821c8398f6c92b7216fdbf4,978,html-button-response,69,340650,0,669686f9c0223af02c0e8c1f,6816be1334bc5f118b922621,6821c67949b46941a036de1b,0,0,,
6821c8398f6c92b7216fdbf6,4490,survey-multi-choice,71,346479,0,669686f9c0223af02c0e8c1f,6816be1334bc5f118b922621,6821c67949b46941a036de1b,0,"{""Q0"":""셀 수 있다""}",의자,practice_countmass
6821c8398f6c92b7216fdbf8,1336,html-button-response,70,341987,0,669686f9c0223af02c0e8c1f,6816be1334bc5f118b922621,6821c67949b46941a036de1b,0,0,,
6821c8398f6c92b7216fdbfa,2286,html-button-response,72,348767,0,669686f9c0223af02c0e8c1f,6816be1334bc5f118b922621,6821c67949b46941a036de1b,0,0,,
6821c8398f6c92b7216fdbfc,5632,survey-multi-choice,73,354400,0,669686f9c0223af02c0e8c1f,6816be1334bc5f118b922621,6821c67949b46941a036de1b,0,"{""Q0"":""셀 수 없다""}",설탕,practice_countmass
6821c8398f6c92b7216fdbfe,3227,html-button-response,74,357629,0,669686f9c0223af02c0e8c1f,6816be1334bc5f118b922621,6821c67949b46941a036de1b,0,0,,
6821c8398f6c92b7216fdc00,1253,html-button-response,75,358883,0,669686f9c0223af02c0e8c1f,6816be1334bc5f118b922621,6821c67949b46941a036de1b,0,0,,
6821c8398f6c92b7216fdc02,4790,survey-multi-choice,76,363675,0,669686f9c0223af02c0e8c1f,6816be1334bc5f118b922621,6821c67949b46941a036de1b,0,"{""Q0"":""셀 수 없다""}",허리,count_mass
6821c8398f6c92b7216fdc04,2819,survey-multi-choice,77,366496,0,669686f9c0223af02c0e8c1f,6816be1334bc5f118b922621,6821c67949b46941a036de1b,0,"{""Q0"":""셀 수 있다""}",그릇,count_mass
6821c8398f6c92b7216fdc06,3044,survey-multi-choice,78,369542,0,669686f9c0223af02c0e8c1f,6816be1334bc5f118b922621,6821c67949b46941a036de1b,0,"{""Q0"":""셀 수 있다""}",여우,count_mass
6821c8398f6c92b7216fdc08,2802,survey-multi-choice,79,372346,0,669686f9c0223af02c0e8c1f,6816be1334bc5f118b922621,6821c67949b46941a036de1b,0,"{""Q0"":""셀 수 있다""}",코끼리,count_mass
6821c8398f6c92b7216fdc0a,2144,survey-multi-choice,80,374491,0,669686f9c0223af02c0e8c1f,6816be1334bc5f118b922621,6821c67949b46941a036de1b,0,"{""Q0"":""셀 수 있다""}",가위,count_mass
6821c8398f6c92b7216fdc0c,3128,survey-multi-choice,81,377621,0,669686f9c0223af02c0e8c1f,6816be1334bc5f118b922621,6821c67949b46941a036de1b,0,"{""Q0"":""셀 수 없다""}",회색,count_mass
6821c8398f6c92b7216fdc0e,16106,survey-multi-choice,82,393729,0,669686f9c0223af02c0e8c1f,6816be1334bc5f118b922621,6821c67949b46941a036de1b,0,"{""Q0"":""잘 모르겠다/구분이 어렵다""}",휴지,count_mass
6821c8398f6c92b7216fdc10,1914,survey-multi-choice,83,395645,0,669686f9c0223af02c0e8c1f,6816be1334bc5f118b922621,6821c67949b46941a036de1b,0,"{""Q0"":""셀 수 있다""}",송아지,count_mass
6821c83a8f6c92b7216fdc12,2124,survey-multi-choice,84,397770,0,669686f9c0223af02c0e8c1f,6816be1334bc5f118b922621,6821c67949b46941a036de1b,0,"{""Q0"":""셀 수 없다""}",설탕,count_mass
6821c83a8f6c92b7216fdc14,2028,survey-multi-choice,85,399800,0,669686f9c0223af02c0e8c1f,6816be1334bc5f118b922621,6821c67949b46941a036de1b,0,"{""Q0"":""셀 수 있다""}",다리,count_mass
6821c83a8f6c92b7216fdc16,2698,survey-multi-choice,86,402500,0,669686f9c0223af02c0e8c1f,6816be1334bc5f118b922621,6821c67949b46941a036de1b,0,"{""Q0"":""셀 수 있다""}",몸,count_mass
6821c83a8f6c92b7216fdc18,2837,survey-multi-choice,87,405338,0,669686f9c0223af02c0e8c1f,6816be1334bc5f118b922621,6821c67949b46941a036de1b,0,"{""Q0"":""셀 수 있다""}",양,count_mass
6821c83a8f6c92b7216fdc1a,7613,survey-multi-choice,88,412952,0,669686f9c0223af02c0e8c1f,6816be1334bc5f118b922621,6821c67949b46941a036de1b,0,"{""Q0"":""셀 수 있다""}",피자,count_mass
6821c83a8f6c92b7216fdc1c,2075,survey-multi-choice,89,415029,0,669686f9c0223af02c0e8c1f,6816be1334bc5f118b922621,6821c67949b46941a036de1b,0,"{""Q0"":""셀 수 없다""}",눈,count_mass
6821c83a8f6c92b7216fdc1e,1927,survey-multi-choice,90,416958,0,669686f9c0223af02c0e8c1f,6816be1334bc5f118b922621,6821c67949b46941a036de1b,0,"{""Q0"":""셀 수 있다""}",자전거,count_mass
6821c83a8f6c92b7216fdc20,1849,survey-multi-choice,91,418808,0,669686f9c0223af02c0e8c1f,6816be1334bc5f118b922621,6821c67949b46941a036de1b,0,"{""Q0"":""셀 수 있다""}",콩,count_mass
6821c83a8f6c92b7216fdc22,2149,survey-multi-choice,92,420958,0,669686f9c0223af02c0e8c1f,6816be1334bc5f118b922621,6821c67949b46941a036de1b,0,"{""Q0"":""셀 수 있다""}",얼굴,count_mass
6821c83a8f6c92b7216fdc24,1861,survey-multi-choice,93,422820,0,669686f9c0223af02c0e8c1f,6816be1334bc5f118b922621,6821c67949b46941a036de1b,0,"{""Q0"":""셀 수 있다""}",케이크,count_mass
6821c83a8f6c92b7216fdc26,3623,survey-multi-choice,94,426445,0,669686f9c0223af02c0e8c1f,6816be1334bc5f118b922621,6821c67949b46941a036de1b,0,"{""Q0"":""잘 모르겠다/구분이 어렵다""}",김치,count_mass
6821c83a8f6c92b7216fdc28,2687,survey-multi-choice,95,429133,0,669686f9c0223af02c0e8c1f,6816be1334bc5f118b922621,6821c67949b46941a036de1b,0,"{""Q0"":""셀 수 있다""}",문,count_mass
6821c83a8f6c92b7216fdc2a,1940,survey-multi-choice,96,431074,0,669686f9c0223af02c0e8c1f,6816be1334bc5f118b922621,6821c67949b46941a036de1b,0,"{""Q0"":""셀 수 있다""}",별,count_mass
6821c83a8f6c92b7216fdc2c,5803,html-button-response,97,436879,0,669686f9c0223af02c0e8c1f,6816be1334bc5f118b922621,6821c67949b46941a036de1b,0,0,,
6821d2b18f6c92b7216fdc2e,3102,instructions,0,3104,0,5f6197a71c6f64000ae1a298,6816be1334bc5f118b922621,6821d18300ae992bb9644d90,0,,,
6821d2b18f6c92b7216fdc30,8280,html-button-response,2,12624,0,5f6197a71c6f64000ae1a298,6816be1334bc5f118b922621,6821d18300ae992bb9644d90,0,0,,
6821d2b18f6c92b7216fdc32,1238,instructions,1,4343,0,5f6197a71c6f64000ae1a298,6816be1334bc5f118b922621,6821d18300ae992bb9644d90,0,,,
6821d2b18f6c92b7216fdc34,1271,html-button-response,4,16264,0,5f6197a71c6f64000ae1a298,6816be1334bc5f118b922621,6821d18300ae992bb9644d90,0,0,,
6821d2b18f6c92b7216fdc36,2367,html-button-response,3,14992,0,5f6197a71c6f64000ae1a298,6816be1334bc5f118b922621,6821d18300ae992bb9644d90,0,0,,
6821d2b18f6c92b7216fdc38,2623,survey-multi-choice,6,22856,0,5f6197a71c6f64000ae1a298,6816be1334bc5f118b922621,6821d18300ae992bb9644d90,0,"{""Q0"":""비고형물""}",우유,practice_solidity
6821d2b18f6c92b7216fdc3a,3968,html-button-response,5,20233,0,5f6197a71c6f64000ae1a298,6816be1334bc5f118b922621,6821d18300ae992bb9644d90,0,0,,
6821d2b18f6c92b7216fdc3c,1087,html-button-response,7,23944,0,5f6197a71c6f64000ae1a298,6816be1334bc5f118b922621,6821d18300ae992bb9644d90,0,0,,
6821d2b18f6c92b7216fdc3e,2313,survey-multi-choice,8,26257,0,5f6197a71c6f64000ae1a298,6816be1334bc5f118b922621,6821d18300ae992bb9644d90,0,"{""Q0"":""고형물""}",책상,practice_solidity
6821d2b18f6c92b7216fdc40,838,html-button-response,9,27097,0,5f6197a71c6f64000ae1a298,6816be1334bc5f118b922621,6821d18300ae992bb9644d90,0,0,,
6821d2b18f6c92b7216fdc42,1327,survey-multi-choice,12,31361,0,5f6197a71c6f64000ae1a298,6816be1334bc5f118b922621,6821d18300ae992bb9644d90,0,"{""Q0"":""고형물""}",연필,solidity
6821d2b18f6c92b7216fdc44,2087,survey-multi-choice,11,30033,0,5f6197a71c6f64000ae1a298,6816be1334bc5f118b922621,6821d18300ae992bb9644d90,0,"{""Q0"":""고형물""}",신/신발,solidity
6821d2b18f6c92b7216fdc46,848,html-button-response,10,27945,0,5f6197a71c6f64000ae1a298,6816be1334bc5f118b922621,6821d18300ae992bb9644d90,0,0,,
6821d2b18f6c92b7216fdc48,1583,survey-multi-choice,13,32945,0,5f6197a71c6f64000ae1a298,6816be1334bc5f118b922621,6821d18300ae992bb9644d90,0,"{""Q0"":""고형물""}",참새,solidity
6821d2b18f6c92b7216fdc4a,1223,survey-multi-choice,14,34169,0,5f6197a71c6f64000ae1a298,6816be1334bc5f118b922621,6821d18300ae992bb9644d90,0,"{""Q0"":""고형물""}",쟁반,solidity
6821d2b18f6c92b7216fdc4c,1304,survey-multi-choice,15,35474,0,5f6197a71c6f64000ae1a298,6816be1334bc5f118b922621,6821d18300ae992bb9644d90,0,"{""Q0"":""고형물""}",혀,solidity
6821d2b18f6c92b7216fdc4e,1333,survey-multi-choice,18,39113,0,5f6197a71c6f64000ae1a298,6816be1334bc5f118b922621,6821d18300ae992bb9644d90,0,"{""Q0"":""고형물""}",썰매,solidity
6821d2b18f6c92b7216fdc50,1054,survey-multi-choice,16,36529,0,5f6197a71c6f64000ae1a298,6816be1334bc5f118b922621,6821d18300ae992bb9644d90,0,"{""Q0"":""고형물""}",시계,solidity
6821d2b18f6c92b7216fdc52,1249,survey-multi-choice,17,37779,0,5f6197a71c6f64000ae1a298,6816be1334bc5f118b922621,6821d18300ae992bb9644d90,0,"{""Q0"":""고형물""}",목도리,solidity
6821d2b28f6c92b7216fdc54,1143,survey-multi-choice,19,40257,0,5f6197a71c6f64000ae1a298,6816be1334bc5f118b922621,6821d18300ae992bb9644d90,0,"{""Q0"":""고형물""}",옷장,solidity
6821d2b28f6c92b7216fdc56,2039,survey-multi-choice,20,42297,0,5f6197a71c6f64000ae1a298,6816be1334bc5f118b922621,6821d18300ae992bb9644d90,0,"{""Q0"":""고형물""}",라벤더,solidity
6821d2b28f6c92b7216fdc58,1840,survey-multi-choice,21,44138,0,5f6197a71c6f64000ae1a298,6816be1334bc5f118b922621,6821d18300ae992bb9644d90,0,"{""Q0"":""고형물""}",동물,solidity
6821d2b28f6c92b7216fdc5a,1199,survey-multi-choice,23,46378,0,5f6197a71c6f64000ae1a298,6816be1334bc5f118b922621,6821d18300ae992bb9644d90,0,"{""Q0"":""고형물""}",얼음,solidity
6821d2b28f6c92b7216fdc5c,1039,survey-multi-choice,22,45178,0,5f6197a71c6f64000ae1a298,6816be1334bc5f118b922621,6821d18300ae992bb9644d90,0,"{""Q0"":""고형물""}",양,solidity
6821d2b28f6c92b7216fdc5e,1047,survey-multi-choice,24,47426,0,5f6197a71c6f64000ae1a298,6816be1334bc5f118b922621,6821d18300ae992bb9644d90,0,"{""Q0"":""고형물""}",도너츠,solidity
6821d2b28f6c92b7216fdc60,1743,survey-multi-choice,25,49170,0,5f6197a71c6f64000ae1a298,6816be1334bc5f118b922621,6821d18300ae992bb9644d90,0,"{""Q0"":""고형물""}",허리,solidity
6821d2b28f6c92b7216fdc62,1167,survey-multi-choice,26,50338,0,5f6197a71c6f64000ae1a298,6816be1334bc5f118b922621,6821d18300ae992bb9644d90,0,"{""Q0"":""고형물""}",귀,solidity
6821d2b28f6c92b7216fdc64,1143,survey-multi-choice,27,51482,0,5f6197a71c6f64000ae1a298,6816be1334bc5f118b922621,6821d18300ae992bb9644d90,0,"{""Q0"":""고형물""}",헬리콥터,solidity
6821d2b28f6c92b7216fdc66,1103,survey-multi-choice,28,52586,0,5f6197a71c6f64000ae1a298,6816be1334bc5f118b922621,6821d18300ae992bb9644d90,0,"{""Q0"":""고형물""}",상자,solidity
6821d2b28f6c92b7216fdc68,999,survey-multi-choice,29,53586,0,5f6197a71c6f64000ae1a298,6816be1334bc5f118b922621,6821d18300ae992bb9644d90,0,"{""Q0"":""고형물""}",얼굴,solidity
6821d2b28f6c92b7216fdc6a,991,survey-multi-choice,30,54578,0,5f6197a71c6f64000ae1a298,6816be1334bc5f118b922621,6821d18300ae992bb9644d90,0,"{""Q0"":""고형물""}",나무,solidity
6821d2b28f6c92b7216fdc6c,1128,survey-multi-choice,31,55707,0,5f6197a71c6f64000ae1a298,6816be1334bc5f118b922621,6821d18300ae992bb9644d90,0,"{""Q0"":""고형물""}",나비,solidity
6821d2b28f6c92b7216fdc6e,8072,html-button-response,32,63779,0,5f6197a71c6f64000ae1a298,6816be1334bc5f118b922621,6821d18300ae992bb9644d90,0,0,,
6821d2b28f6c92b7216fdc70,7911,html-button-response,33,71691,0,5f6197a71c6f64000ae1a298,6816be1334bc5f118b922621,6821d18300ae992bb9644d90,0,0,,
6821d2b28f6c92b7216fdc72,2981,html-button-response,36,101181,0,5f6197a71c6f64000ae1a298,6816be1334bc5f118b922621,6821d18300ae992bb9644d90,0,0,,
6821d2b28f6c92b7216fdc74,25233,html-button-response,34,96925,0,5f6197a71c6f64000ae1a298,6816be1334bc5f118b922621,6821d18300ae992bb9644d90,0,0,,
6821d2b28f6c92b7216fdc76,1273,html-button-response,35,98199,0,5f6197a71c6f64000ae1a298,6816be1334bc5f118b922621,6821d18300ae992bb9644d90,0,0,,
6821d2b28f6c92b7216fdc78,7599,survey-multi-choice,37,108781,0,5f6197a71c6f64000ae1a298,6816be1334bc5f118b922621,6821d18300ae992bb9644d90,0,"{""Q0"":""형태""}",불안감,practice_category
6821d2b28f6c92b7216fdc7a,7040,html-button-response,38,115822,0,5f6197a71c6f64000ae1a298,6816be1334bc5f118b922621,6821d18300ae992bb9644d90,0,0,,
6821d2b28f6c92b7216fdc7c,3416,survey-multi-choice,39,119238,0,5f6197a71c6f64000ae1a298,6816be1334bc5f118b922621,6821d18300ae992bb9644d90,0,"{""Q0"":""색상""}",빨간불,practice_category
6821d2b28f6c92b7216fdc7e,991,html-button-response,42,125182,0,5f6197a71c6f64000ae1a298,6816be1334bc5f118b922621,6821d18300ae992bb9644d90,0,0,,
6821d2b28f6c92b7216fdc80,631,html-button-response,40,119870,0,5f6197a71c6f64000ae1a298,6816be1334bc5f118b922621,6821d18300ae992bb9644d90,0,0,,
6821d2b28f6c92b7216fdc82,4320,survey-multi-choice,41,124190,0,5f6197a71c6f64000ae1a298,6816be1334bc5f118b922621,6821d18300ae992bb9644d90,0,"{""Q0"":""물질""}",도자기,practice_category
6821d2b28f6c92b7216fdc84,2921,survey-multi-choice,43,128103,0,5f6197a71c6f64000ae1a298,6816be1334bc5f118b922621,6821d18300ae992bb9644d90,0,"{""Q0"":""형태""}",정사각형,practice_category
6821d2b28f6c92b7216fdc86,542,html-button-response,44,128646,0,5f6197a71c6f64000ae1a298,6816be1334bc5f118b922621,6821d18300ae992bb9644d90,0,0,,
6821d2b28f6c92b7216fdc88,831,html-button-response,45,129478,0,5f6197a71c6f64000ae1a298,6816be1334bc5f118b922621,6821d18300ae992bb9644d90,0,0,,
6821d2b28f6c92b7216fdc8a,8056,survey-multi-choice,48,148384,0,5f6197a71c6f64000ae1a298,6816be1334bc5f118b922621,6821d18300ae992bb9644d90,0,"{""Q0"":""해당 사항 없음""}",눈,category_organization
6821d2b28f6c92b7216fdc8c,2048,survey-multi-choice,46,131527,0,5f6197a71c6f64000ae1a298,6816be1334bc5f118b922621,6821d18300ae992bb9644d90,0,"{""Q0"":""해당 사항 없음""}",라벤더,category_organization
6821d2b28f6c92b7216fdc8e,8799,survey-multi-choice,47,140327,0,5f6197a71c6f64000ae1a298,6816be1334bc5f118b922621,6821d18300ae992bb9644d90,0,"{""Q0"":""형태""}",소파,category_organization
6821d2b28f6c92b7216fdc90,7351,survey-multi-choice,49,155736,0,5f6197a71c6f64000ae1a298,6816be1334bc5f118b922621,6821d18300ae992bb9644d90,0,"{""Q0"":""해당 사항 없음""}",말,category_organization
6821d2b28f6c92b7216fdc92,6767,survey-multi-choice,50,162504,0,5f6197a71c6f64000ae1a298,6816be1334bc5f118b922621,6821d18300ae992bb9644d90,0,"{""Q0"":""형태""}",눈사람,category_organization
6821d2b28f6c92b7216fdc94,11193,survey-multi-choice,51,173697,0,5f6197a71c6f64000ae1a298,6816be1334bc5f118b922621,6821d18300ae992bb9644d90,0,"{""Q0"":""물질""}",커피,category_organization
6821d2b28f6c92b7216fdc96,2841,survey-multi-choice,52,176539,0,5f6197a71c6f64000ae1a298,6816be1334bc5f118b922621,6821d18300ae992bb9644d90,0,"{""Q0"":""형태""}",펭귄,category_organization
6821d2b28f6c92b7216fdc98,3783,survey-multi-choice,54,183113,0,5f6197a71c6f64000ae1a298,6816be1334bc5f118b922621,6821d18300ae992bb9644d90,0,"{""Q0"":""물질""}",흙,category_organization
6821d2b28f6c92b7216fdc9a,2789,survey-multi-choice,53,179329,0,5f6197a71c6f64000ae1a298,6816be1334bc5f118b922621,6821d18300ae992bb9644d90,0,"{""Q0"":""형태""}",잠바,category_organization
6821d2b28f6c92b7216fdc9c,1920,survey-multi-choice,55,185034,0,5f6197a71c6f64000ae1a298,6816be1334bc5f118b922621,6821d18300ae992bb9644d90,0,"{""Q0"":""형태""}",사슴,category_organization
6821d2b28f6c92b7216fdc9e,2303,survey-multi-choice,56,187338,0,5f6197a71c6f64000ae1a298,6816be1334bc5f118b922621,6821d18300ae992bb9644d90,0,"{""Q0"":""형태""}",쥐,category_organization
6821d2b28f6c92b7216fdca0,3983,survey-multi-choice,57,191322,0,5f6197a71c6f64000ae1a298,6816be1334bc5f118b922621,6821d18300ae992bb9644d90,0,"{""Q0"":""형태""}",허리띠,category_organization
6821d2b28f6c92b7216fdca2,2367,survey-multi-choice,58,193690,0,5f6197a71c6f64000ae1a298,6816be1334bc5f118b922621,6821d18300ae992bb9644d90,0,"{""Q0"":""형태""}",못,category_organization
6821d2b28f6c92b7216fdca4,3807,survey-multi-choice,59,197498,0,5f6197a71c6f64000ae1a298,6816be1334bc5f118b922621,6821d18300ae992bb9644d90,0,"{""Q0"":""형태""}",모자,category_organization
6821d2b38f6c92b7216fdca6,5440,survey-multi-choice,60,202939,0,5f6197a71c6f64000ae1a298,6816be1334bc5f118b922621,6821d18300ae992bb9644d90,0,"{""Q0"":""형태""}",주머니,category_organization
6821d2b38f6c92b7216fdca8,3039,survey-multi-choice,61,205979,0,5f6197a71c6f64000ae1a298,6816be1334bc5f118b922621,6821d18300ae992bb9644d90,0,"{""Q0"":""색상""}",풀,category_organization
6821d2b38f6c92b7216fdcaa,7111,survey-multi-choice,62,213091,0,5f6197a71c6f64000ae1a298,6816be1334bc5f118b922621,6821d18300ae992bb9644d90,0,"{""Q0"":""물질""}",인형,category_organization
6821d2b38f6c92b7216fdcac,3836,survey-multi-choice,63,216928,0,5f6197a71c6f64000ae1a298,6816be1334bc5f118b922621,6821d18300ae992bb9644d90,0,"{""Q0"":""형태""}",감,category_organization
6821d2b38f6c92b7216fdcae,3197,survey-multi-choice,64,220126,0,5f6197a71c6f64000ae1a298,6816be1334bc5f118b922621,6821d18300ae992bb9644d90,0,"{""Q0"":""색상""}",오렌지,category_organization
6821d2b38f6c92b7216fdcb0,2263,survey-multi-choice,66,224424,0,5f6197a71c6f64000ae1a298,6816be1334bc5f118b922621,6821d18300ae992bb9644d90,0,"{""Q0"":""형태""}",접시,category_organization
6821d2b38f6c92b7216fdcb2,2033,survey-multi-choice,65,222160,0,5f6197a71c6f64000ae1a298,6816be1334bc5f118b922621,6821d18300ae992bb9644d90,0,"{""Q0"":""형태""}",유모차,category_organization
6821d2b38f6c92b7216fdcb4,5335,html-button-response,67,229760,0,5f6197a71c6f64000ae1a298,6816be1334bc5f118b922621,6821d18300ae992bb9644d90,0,0,,
6821d2b38f6c92b7216fdcb6,1935,html-button-response,68,231696,0,5f6197a71c6f64000ae1a298,6816be1334bc5f118b922621,6821d18300ae992bb9644d90,0,0,,
6821d2b38f6c92b7216fdcb8,752,html-button-response,69,232448,0,5f6197a71c6f64000ae1a298,6816be1334bc5f118b922621,6821d18300ae992bb9644d90,0,0,,
6821d2b38f6c92b7216fdcba,2440,html-button-response,70,234889,0,5f6197a71c6f64000ae1a298,6816be1334bc5f118b922621,6821d18300ae992bb9644d90,0,0,,
6821d2b38f6c92b7216fdcbc,3687,survey-multi-choice,71,238577,0,5f6197a71c6f64000ae1a298,6816be1334bc5f118b922621,6821d18300ae992bb9644d90,0,"{""Q0"":""셀 수 있다""}",의자,practice_countmass
6821d2b38f6c92b7216fdcbe,2895,html-button-response,72,241473,0,5f6197a71c6f64000ae1a298,6816be1334bc5f118b922621,6821d18300ae992bb9644d90,0,0,,
6821d2b38f6c92b7216fdcc0,3312,survey-multi-choice,73,244785,0,5f6197a71c6f64000ae1a298,6816be1334bc5f118b922621,6821d18300ae992bb9644d90,0,"{""Q0"":""셀 수 없다""}",설탕,practice_countmass
6821d2b38f6c92b7216fdcc2,6807,html-button-response,74,251593,0,5f6197a71c6f64000ae1a298,6816be1334bc5f118b922621,6821d18300ae992bb9644d90,0,0,,
6821d2b38f6c92b7216fdcc4,2720,html-button-response,75,254314,0,5f6197a71c6f64000ae1a298,6816be1334bc5f118b922621,6821d18300ae992bb9644d90,0,0,,
6821d2b38f6c92b7216fdcc6,2488,survey-multi-choice,76,256802,0,5f6197a71c6f64000ae1a298,6816be1334bc5f118b922621,6821d18300ae992bb9644d90,0,"{""Q0"":""셀 수 있다""}",팬티,count_mass
6821d2b38f6c92b7216fdcc8,1599,survey-multi-choice,77,258402,0,5f6197a71c6f64000ae1a298,6816be1334bc5f118b922621,6821d18300ae992bb9644d90,0,"{""Q0"":""셀 수 있다""}",로봇,count_mass
6821d2b38f6c92b7216fdcca,1751,survey-multi-choice,78,260154,0,5f6197a71c6f64000ae1a298,6816be1334bc5f118b922621,6821d18300ae992bb9644d90,0,"{""Q0"":""셀 수 있다""}",불자동차/소방차,count_mass
6821d2b38f6c92b7216fdccc,1271,survey-multi-choice,79,261426,0,5f6197a71c6f64000ae1a298,6816be1334bc5f118b922621,6821d18300ae992bb9644d90,0,"{""Q0"":""셀 수 있다""}",그릇,count_mass
6821d2b38f6c92b7216fdcce,1952,survey-multi-choice,80,263379,0,5f6197a71c6f64000ae1a298,6816be1334bc5f118b922621,6821d18300ae992bb9644d90,0,"{""Q0"":""셀 수 있다""}",엉덩이,count_mass
6821d2b38f6c92b7216fdcd0,1438,survey-multi-choice,81,264818,0,5f6197a71c6f64000ae1a298,6816be1334bc5f118b922621,6821d18300ae992bb9644d90,0,"{""Q0"":""셀 수 있다""}",뺨,count_mass
6821d2b38f6c92b7216fdcd2,1919,survey-multi-choice,82,266738,0,5f6197a71c6f64000ae1a298,6816be1334bc5f118b922621,6821d18300ae992bb9644d90,0,"{""Q0"":""셀 수 있다""}",휴지,count_mass
6821d2b38f6c92b7216fdcd4,1263,survey-multi-choice,83,268002,0,5f6197a71c6f64000ae1a298,6816be1334bc5f118b922621,6821d18300ae992bb9644d90,0,"{""Q0"":""셀 수 있다""}",빗자루,count_mass
6821d2b38f6c92b7216fdcd6,1167,survey-multi-choice,84,269170,0,5f6197a71c6f64000ae1a298,6816be1334bc5f118b922621,6821d18300ae992bb9644d90,0,"{""Q0"":""셀 수 있다""}",피아노,count_mass
6821d2b38f6c92b7216fdcd8,5504,survey-multi-choice,85,274675,0,5f6197a71c6f64000ae1a298,6816be1334bc5f118b922621,6821d18300ae992bb9644d90,0,"{""Q0"":""셀 수 있다""}",배,count_mass
6821d2b38f6c92b7216fdcda,1487,survey-multi-choice,86,276163,0,5f6197a71c6f64000ae1a298,6816be1334bc5f118b922621,6821d18300ae992bb9644d90,0,"{""Q0"":""셀 수 있다""}",토끼,count_mass
6821d2b38f6c92b7216fdcdc,5439,survey-multi-choice,87,281603,0,5f6197a71c6f64000ae1a298,6816be1334bc5f118b922621,6821d18300ae992bb9644d90,0,"{""Q0"":""셀 수 있다""}",회색,count_mass
6821d2b38f6c92b7216fdcde,1032,survey-multi-choice,88,282635,0,5f6197a71c6f64000ae1a298,6816be1334bc5f118b922621,6821d18300ae992bb9644d90,0,"{""Q0"":""셀 수 있다""}",비행기,count_mass
6821d2b38f6c92b7216fdce0,1623,survey-multi-choice,89,284259,0,5f6197a71c6f64000ae1a298,6816be1334bc5f118b922621,6821d18300ae992bb9644d90,0,"{""Q0"":""셀 수 없다""}",주스,count_mass
6821d2b38f6c92b7216fdce2,1080,survey-multi-choice,91,288035,0,5f6197a71c6f64000ae1a298,6816be1334bc5f118b922621,6821d18300ae992bb9644d90,0,"{""Q0"":""셀 수 있다""}",버스,count_mass
6821d2b38f6c92b7216fdce4,2695,survey-multi-choice,90,286955,0,5f6197a71c6f64000ae1a298,6816be1334bc5f118b922621,6821d18300ae992bb9644d90,0,"{""Q0"":""셀 수 있다""}",사탕,count_mass
6821d2b38f6c92b7216fdce6,2488,survey-multi-choice,92,290524,0,5f6197a71c6f64000ae1a298,6816be1334bc5f118b922621,6821d18300ae992bb9644d90,0,"{""Q0"":""셀 수 있다""}",껌,count_mass
6821d2b38f6c92b7216fdce8,1168,survey-multi-choice,93,291692,0,5f6197a71c6f64000ae1a298,6816be1334bc5f118b922621,6821d18300ae992bb9644d90,0,"{""Q0"":""셀 수 있다""}",곰,count_mass
6821d2b38f6c92b7216fdcea,1455,survey-multi-choice,94,293148,0,5f6197a71c6f64000ae1a298,6816be1334bc5f118b922621,6821d18300ae992bb9644d90,0,"{""Q0"":""셀 수 없다""}",콜라,count_mass
6821d2b38f6c92b7216fdcec,1839,survey-multi-choice,95,294988,0,5f6197a71c6f64000ae1a298,6816be1334bc5f118b922621,6821d18300ae992bb9644d90,0,"{""Q0"":""셀 수 있다""}",턱,count_mass
6821d2b38f6c92b7216fdcee,1983,html-button-response,97,298124,0,5f6197a71c6f64000ae1a298,6816be1334bc5f118b922621,6821d18300ae992bb9644d90,0,0,,
6821d2b38f6c92b7216fdcf0,1151,survey-multi-choice,96,296140,0,5f6197a71c6f64000ae1a298,6816be1334bc5f118b922621,6821d18300ae992bb9644d90,0,"{""Q0"":""셀 수 있다""}",개구리,count_mass
6821d9a08f6c92b7216fdcf2,9152,instructions,0,9155,0,5f4d69ef4e8b0891ab621cbe,6816be1334bc5f118b922621,6821d7b5461b134cdf5a6314,0,,,
6821d9a08f6c92b7216fdcf4,12144,html-button-response,2,31669,0,5f4d69ef4e8b0891ab621cbe,6816be1334bc5f118b922621,6821d7b5461b134cdf5a6314,0,0,,
6821d9a08f6c92b7216fdcf6,10363,instructions,1,19520,0,5f4d69ef4e8b0891ab621cbe,6816be1334bc5f118b922621,6821d7b5461b134cdf5a6314,0,,,
6821d9a08f6c92b7216fdcf8,3660,html-button-response,3,35331,0,5f4d69ef4e8b0891ab621cbe,6816be1334bc5f118b922621,6821d7b5461b134cdf5a6314,0,0,,
6821d9a08f6c92b7216fdcfa,3421,html-button-response,4,38754,0,5f4d69ef4e8b0891ab621cbe,6816be1334bc5f118b922621,6821d7b5461b134cdf5a6314,0,0,,
6821d9a08f6c92b7216fdcfc,8425,html-button-response,5,47182,0,5f4d69ef4e8b0891ab621cbe,6816be1334bc5f118b922621,6821d7b5461b134cdf5a6314,0,0,,
6821d9a08f6c92b7216fdcfe,4732,survey-multi-choice,6,51919,0,5f4d69ef4e8b0891ab621cbe,6816be1334bc5f118b922621,6821d7b5461b134cdf5a6314,0,"{""Q0"":""셀 수 없다""}",설탕,practice_countmass
6821d9a08f6c92b7216fdd00,4722,html-button-response,7,56644,0,5f4d69ef4e8b0891ab621cbe,6816be1334bc5f118b922621,6821d7b5461b134cdf5a6314,0,0,,
6821d9a08f6c92b7216fdd02,5596,html-button-response,9,67114,0,5f4d69ef4e8b0891ab621cbe,6816be1334bc5f118b922621,6821d7b5461b134cdf5a6314,0,0,,
6821d9a08f6c92b7216fdd04,4868,survey-multi-choice,8,61515,0,5f4d69ef4e8b0891ab621cbe,6816be1334bc5f118b922621,6821d7b5461b134cdf5a6314,0,"{""Q0"":""셀 수 있다""}",의자,practice_countmass
6821d9a08f6c92b7216fdd06,6391,html-button-response,10,73507,0,5f4d69ef4e8b0891ab621cbe,6816be1334bc5f118b922621,6821d7b5461b134cdf5a6314,0,0,,
6821d9a08f6c92b7216fdd08,3714,survey-multi-choice,11,77225,0,5f4d69ef4e8b0891ab621cbe,6816be1334bc5f118b922621,6821d7b5461b134cdf5a6314,0,"{""Q0"":""셀 수 있다""}",배,count_mass
6821d9a08f6c92b7216fdd0a,1872,survey-multi-choice,12,79100,0,5f4d69ef4e8b0891ab621cbe,6816be1334bc5f118b922621,6821d7b5461b134cdf5a6314,0,"{""Q0"":""셀 수 있다""}",오토바이,count_mass
6821d9a08f6c92b7216fdd0c,1963,survey-multi-choice,13,81066,0,5f4d69ef4e8b0891ab621cbe,6816be1334bc5f118b922621,6821d7b5461b134cdf5a6314,0,"{""Q0"":""셀 수 있다""}",머리카락,count_mass
6821d9a08f6c92b7216fdd0e,2315,survey-multi-choice,14,83384,0,5f4d69ef4e8b0891ab621cbe,6816be1334bc5f118b922621,6821d7b5461b134cdf5a6314,0,"{""Q0"":""셀 수 있다""}",문,count_mass
6821d9a08f6c92b7216fdd10,1178,survey-multi-choice,15,84564,0,5f4d69ef4e8b0891ab621cbe,6816be1334bc5f118b922621,6821d7b5461b134cdf5a6314,0,"{""Q0"":""셀 수 있다""}",벌레,count_mass
6821d9a08f6c92b7216fdd12,2365,survey-multi-choice,16,86932,0,5f4d69ef4e8b0891ab621cbe,6816be1334bc5f118b922621,6821d7b5461b134cdf5a6314,0,"{""Q0"":""셀 수 있다""}",회색,count_mass
6821d9a08f6c92b7216fdd14,1211,survey-multi-choice,18,89519,0,5f4d69ef4e8b0891ab621cbe,6816be1334bc5f118b922621,6821d7b5461b134cdf5a6314,0,"{""Q0"":""셀 수 있다""}",옥수수,count_mass
6821d9a08f6c92b7216fdd16,1370,survey-multi-choice,17,88305,0,5f4d69ef4e8b0891ab621cbe,6816be1334bc5f118b922621,6821d7b5461b134cdf5a6314,0,"{""Q0"":""셀 수 있다""}",가방,count_mass
6821d9a08f6c92b7216fdd18,1035,survey-multi-choice,19,90557,0,5f4d69ef4e8b0891ab621cbe,6816be1334bc5f118b922621,6821d7b5461b134cdf5a6314,0,"{""Q0"":""셀 수 있다""}",의자,count_mass
6821d9a08f6c92b7216fdd1a,2159,survey-multi-choice,20,92718,0,5f4d69ef4e8b0891ab621cbe,6816be1334bc5f118b922621,6821d7b5461b134cdf5a6314,0,"{""Q0"":""셀 수 있다""}",병,count_mass
6821d9a08f6c92b7216fdd1c,2833,survey-multi-choice,21,95554,0,5f4d69ef4e8b0891ab621cbe,6816be1334bc5f118b922621,6821d7b5461b134cdf5a6314,0,"{""Q0"":""셀 수 있다""}",불자동차/소방차,count_mass
6821d9a08f6c92b7216fdd1e,2332,survey-multi-choice,24,107615,0,5f4d69ef4e8b0891ab621cbe,6816be1334bc5f118b922621,6821d7b5461b134cdf5a6314,0,"{""Q0"":""셀 수 있다""}",연필,count_mass
6821d9a08f6c92b7216fdd20,1948,survey-multi-choice,23,105280,0,5f4d69ef4e8b0891ab621cbe,6816be1334bc5f118b922621,6821d7b5461b134cdf5a6314,0,"{""Q0"":""셀 수 있다""}",냉장고,count_mass
6821d9a08f6c92b7216fdd22,7773,survey-multi-choice,22,103329,0,5f4d69ef4e8b0891ab621cbe,6816be1334bc5f118b922621,6821d7b5461b134cdf5a6314,0,"{""Q0"":""셀 수 없다""}",커피,count_mass
6821d9a08f6c92b7216fdd24,949,survey-multi-choice,26,109708,0,5f4d69ef4e8b0891ab621cbe,6816be1334bc5f118b922621,6821d7b5461b134cdf5a6314,0,"{""Q0"":""셀 수 있다""}",동물,count_mass
6821d9a08f6c92b7216fdd26,1139,survey-multi-choice,25,108757,0,5f4d69ef4e8b0891ab621cbe,6816be1334bc5f118b922621,6821d7b5461b134cdf5a6314,0,"{""Q0"":""셀 수 있다""}",감자,count_mass
6821d9a08f6c92b7216fdd28,1177,survey-multi-choice,27,110888,0,5f4d69ef4e8b0891ab621cbe,6816be1334bc5f118b922621,6821d7b5461b134cdf5a6314,0,"{""Q0"":""셀 수 있다""}",컵,count_mass
6821d9a08f6c92b7216fdd2a,861,survey-multi-choice,29,112705,0,5f4d69ef4e8b0891ab621cbe,6816be1334bc5f118b922621,6821d7b5461b134cdf5a6314,0,"{""Q0"":""셀 수 있다""}",코끼리,count_mass
6821d9a08f6c92b7216fdd2c,952,survey-multi-choice,28,111842,0,5f4d69ef4e8b0891ab621cbe,6816be1334bc5f118b922621,6821d7b5461b134cdf5a6314,0,"{""Q0"":""셀 수 있다""}",병아리,count_mass
6821d9a08f6c92b7216fdd2e,827,survey-multi-choice,30,113535,0,5f4d69ef4e8b0891ab621cbe,6816be1334bc5f118b922621,6821d7b5461b134cdf5a6314,0,"{""Q0"":""셀 수 있다""}",펭귄,count_mass
6821d9a18f6c92b7216fdd30,1654,survey-multi-choice,31,115191,0,5f4d69ef4e8b0891ab621cbe,6816be1334bc5f118b922621,6821d7b5461b134cdf5a6314,0,"{""Q0"":""셀 수 있다""}",로봇,count_mass
6821d9a18f6c92b7216fdd32,16609,html-button-response,32,131803,0,5f4d69ef4e8b0891ab621cbe,6816be1334bc5f118b922621,6821d7b5461b134cdf5a6314,0,0,,
6821d9a18f6c92b7216fdd34,29669,html-button-response,33,161475,0,5f4d69ef4e8b0891ab621cbe,6816be1334bc5f118b922621,6821d7b5461b134cdf5a6314,0,0,,
6821d9a18f6c92b7216fdd36,2947,html-button-response,35,177553,0,5f4d69ef4e8b0891ab621cbe,6816be1334bc5f118b922621,6821d7b5461b134cdf5a6314,0,0,,
6821d9a18f6c92b7216fdd38,13127,html-button-response,34,174604,0,5f4d69ef4e8b0891ab621cbe,6816be1334bc5f118b922621,6821d7b5461b134cdf5a6314,0,0,,
6821d9a18f6c92b7216fdd3a,5783,html-button-response,36,183338,0,5f4d69ef4e8b0891ab621cbe,6816be1334bc5f118b922621,6821d7b5461b134cdf5a6314,0,0,,
6821d9a18f6c92b7216fdd3c,32607,survey-multi-choice,37,215948,0,5f4d69ef4e8b0891ab621cbe,6816be1334bc5f118b922621,6821d7b5461b134cdf5a6314,0,"{""Q0"":""색상""}",빨간불,practice_category
6821d9a18f6c92b7216fdd3e,3413,html-button-response,38,219364,0,5f4d69ef4e8b0891ab621cbe,6816be1334bc5f118b922621,6821d7b5461b134cdf5a6314,0,0,,
6821d9a18f6c92b7216fdd40,9555,survey-multi-choice,39,228921,0,5f4d69ef4e8b0891ab621cbe,6816be1334bc5f118b922621,6821d7b5461b134cdf5a6314,0,"{""Q0"":""형태""}",정사각형,practice_category
6821d9a18f6c92b7216fdd42,9486,survey-multi-choice,41,239397,0,5f4d69ef4e8b0891ab621cbe,6816be1334bc5f118b922621,6821d7b5461b134cdf5a6314,0,"{""Q0"":""해당 사항 없음""}",불안감,practice_category
6821d9a18f6c92b7216fdd44,984,html-button-response,40,229908,0,5f4d69ef4e8b0891ab621cbe,6816be1334bc5f118b922621,6821d7b5461b134cdf5a6314,0,0,,
6821d9a18f6c92b7216fdd46,1412,html-button-response,42,240811,0,5f4d69ef4e8b0891ab621cbe,6816be1334bc5f118b922621,6821d7b5461b134cdf5a6314,0,0,,
6821d9a18f6c92b7216fdd48,13447,survey-multi-choice,43,254261,0,5f4d69ef4e8b0891ab621cbe,6816be1334bc5f118b922621,6821d7b5461b134cdf5a6314,0,"{""Q0"":""물질""}",도자기,practice_category
6821d9a18f6c92b7216fdd4a,592,html-button-response,44,254855,0,5f4d69ef4e8b0891ab621cbe,6816be1334bc5f118b922621,6821d7b5461b134cdf5a6314,0,0,,
6821d9a18f6c92b7216fdd4c,1321,html-button-response,45,256178,0,5f4d69ef4e8b0891ab621cbe,6816be1334bc5f118b922621,6821d7b5461b134cdf5a6314,0,0,,
6821d9a18f6c92b7216fdd4e,6347,survey-multi-choice,47,282310,0,5f4d69ef4e8b0891ab621cbe,6816be1334bc5f118b922621,6821d7b5461b134cdf5a6314,0,"{""Q0"":""형태""}",얼굴,category_organization
6821d9a18f6c92b7216fdd50,19779,survey-multi-choice,46,275960,0,5f4d69ef4e8b0891ab621cbe,6816be1334bc5f118b922621,6821d7b5461b134cdf5a6314,0,"{""Q0"":""물질""}",시소,category_organization
6821d9a18f6c92b7216fdd52,3447,survey-multi-choice,48,285761,0,5f4d69ef4e8b0891ab621cbe,6816be1334bc5f118b922621,6821d7b5461b134cdf5a6314,0,"{""Q0"":""물질""}",칼,category_organization
6821d9a18f6c92b7216fdd54,3137,survey-multi-choice,49,288900,0,5f4d69ef4e8b0891ab621cbe,6816be1334bc5f118b922621,6821d7b5461b134cdf5a6314,0,"{""Q0"":""물질""}",약,category_organization
6821d9a18f6c92b7216fdd56,28405,survey-multi-choice,50,317308,0,5f4d69ef4e8b0891ab621cbe,6816be1334bc5f118b922621,6821d7b5461b134cdf5a6314,0,"{""Q0"":""형태""}",목욕탕,category_organization
6821d9a18f6c92b7216fdd58,2820,survey-multi-choice,51,320131,0,5f4d69ef4e8b0891ab621cbe,6816be1334bc5f118b922621,6821d7b5461b134cdf5a6314,0,"{""Q0"":""형태""}",어깨,category_organization
6821d9a18f6c92b7216fdd5a,12134,survey-multi-choice,52,332267,0,5f4d69ef4e8b0891ab621cbe,6816be1334bc5f118b922621,6821d7b5461b134cdf5a6314,0,"{""Q0"":""물질""}",당근,category_organization
6821d9a18f6c92b7216fdd5c,2033,survey-multi-choice,53,334303,0,5f4d69ef4e8b0891ab621cbe,6816be1334bc5f118b922621,6821d7b5461b134cdf5a6314,0,"{""Q0"":""형태""}",라디오,category_organization
6821d9a18f6c92b7216fdd5e,1898,survey-multi-choice,54,336203,0,5f4d69ef4e8b0891ab621cbe,6816be1334bc5f118b922621,6821d7b5461b134cdf5a6314,0,"{""Q0"":""물질""}",햄버거,category_organization
6821d9a18f6c92b7216fdd60,2168,survey-multi-choice,55,338373,0,5f4d69ef4e8b0891ab621cbe,6816be1334bc5f118b922621,6821d7b5461b134cdf5a6314,0,"{""Q0"":""물질""}",유리,category_organization
6821d9a18f6c92b7216fdd62,4379,survey-multi-choice,56,342754,0,5f4d69ef4e8b0891ab621cbe,6816be1334bc5f118b922621,6821d7b5461b134cdf5a6314,0,"{""Q0"":""물질""}",목도리,category_organization
6821d9a18f6c92b7216fdd64,11160,survey-multi-choice,57,353917,0,5f4d69ef4e8b0891ab621cbe,6816be1334bc5f118b922621,6821d7b5461b134cdf5a6314,0,"{""Q0"":""형태""}",해/햇빛,category_organization
6821d9a18f6c92b7216fdd66,2594,survey-multi-choice,59,360183,0,5f4d69ef4e8b0891ab621cbe,6816be1334bc5f118b922621,6821d7b5461b134cdf5a6314,0,"{""Q0"":""형태""}",안경,category_organization
6821d9a18f6c92b7216fdd68,3667,survey-multi-choice,58,357587,0,5f4d69ef4e8b0891ab621cbe,6816be1334bc5f118b922621,6821d7b5461b134cdf5a6314,0,"{""Q0"":""형태""}",새,category_organization
6821d9a18f6c92b7216fdd6a,5509,survey-multi-choice,60,365695,0,5f4d69ef4e8b0891ab621cbe,6816be1334bc5f118b922621,6821d7b5461b134cdf5a6314,0,"{""Q0"":""형태""}",토끼,category_organization
6821d9a18f6c92b7216fdd6c,5099,survey-multi-choice,61,370797,0,5f4d69ef4e8b0891ab621cbe,6816be1334bc5f118b922621,6821d7b5461b134cdf5a6314,0,"{""Q0"":""물질""}",고기,category_organization
6821d9a18f6c92b7216fdd6e,4627,survey-multi-choice,62,375427,0,5f4d69ef4e8b0891ab621cbe,6816be1334bc5f118b922621,6821d7b5461b134cdf5a6314,0,"{""Q0"":""물질""}",얼음,category_organization
6821d9a18f6c92b7216fdd70,2988,survey-multi-choice,63,378418,0,5f4d69ef4e8b0891ab621cbe,6816be1334bc5f118b922621,6821d7b5461b134cdf5a6314,0,"{""Q0"":""형태""}",라벤더,category_organization
6821d9a18f6c92b7216fdd72,3539,survey-multi-choice,64,381961,0,5f4d69ef4e8b0891ab621cbe,6816be1334bc5f118b922621,6821d7b5461b134cdf5a6314,0,"{""Q0"":""형태""}",모래,category_organization
6821d9a18f6c92b7216fdd74,4905,survey-multi-choice,65,386869,0,5f4d69ef4e8b0891ab621cbe,6816be1334bc5f118b922621,6821d7b5461b134cdf5a6314,0,"{""Q0"":""물질""}",소금,category_organization
6821d9a18f6c92b7216fdd76,2033,survey-multi-choice,66,388905,0,5f4d69ef4e8b0891ab621cbe,6816be1334bc5f118b922621,6821d7b5461b134cdf5a6314,0,"{""Q0"":""형태""}",총,category_organization
6821d9a28f6c92b7216fdd78,6104,html-button-response,67,395011,0,5f4d69ef4e8b0891ab621cbe,6816be1334bc5f118b922621,6821d7b5461b134cdf5a6314,0,0,,
6821d9a28f6c92b7216fdd7a,13344,html-button-response,68,408357,0,5f4d69ef4e8b0891ab621cbe,6816be1334bc5f118b922621,6821d7b5461b134cdf5a6314,0,0,,
6821d9a28f6c92b7216fdd7c,1330,html-button-response,69,409688,0,5f4d69ef4e8b0891ab621cbe,6816be1334bc5f118b922621,6821d7b5461b134cdf5a6314,0,0,,
6821d9a28f6c92b7216fdd7e,2829,html-button-response,70,412519,0,5f4d69ef4e8b0891ab621cbe,6816be1334bc5f118b922621,6821d7b5461b134cdf5a6314,0,0,,
6821d9a28f6c92b7216fdd80,767,html-button-response,72,419079,0,5f4d69ef4e8b0891ab621cbe,6816be1334bc5f118b922621,6821d7b5461b134cdf5a6314,0,0,,
6821d9a28f6c92b7216fdd82,5788,survey-multi-choice,71,418309,0,5f4d69ef4e8b0891ab621cbe,6816be1334bc5f118b922621,6821d7b5461b134cdf5a6314,0,"{""Q0"":""고형물""}",책상,practice_solidity
6821d9a28f6c92b7216fdd84,675,html-button-response,74,422238,0,5f4d69ef4e8b0891ab621cbe,6816be1334bc5f118b922621,6821d7b5461b134cdf5a6314,0,0,,
6821d9a28f6c92b7216fdd86,2479,survey-multi-choice,73,421561,0,5f4d69ef4e8b0891ab621cbe,6816be1334bc5f118b922621,6821d7b5461b134cdf5a6314,0,"{""Q0"":""비고형물""}",우유,practice_solidity
6821d9a28f6c92b7216fdd88,2646,survey-multi-choice,76,425748,0,5f4d69ef4e8b0891ab621cbe,6816be1334bc5f118b922621,6821d7b5461b134cdf5a6314,0,"{""Q0"":""고형물""}",열쇠,solidity
6821d9a28f6c92b7216fdd8a,859,html-button-response,75,423099,0,5f4d69ef4e8b0891ab621cbe,6816be1334bc5f118b922621,6821d7b5461b134cdf5a6314,0,0,,
6821d9a28f6c92b7216fdd8c,1095,survey-multi-choice,78,428445,0,5f4d69ef4e8b0891ab621cbe,6816be1334bc5f118b922621,6821d7b5461b134cdf5a6314,0,"{""Q0"":""고형물""}",옷장,solidity
6821d9a28f6c92b7216fdd8e,1597,survey-multi-choice,77,427348,0,5f4d69ef4e8b0891ab621cbe,6816be1334bc5f118b922621,6821d7b5461b134cdf5a6314,0,"{""Q0"":""고형물""}",돈,solidity
6821d9a28f6c92b7216fdd90,3667,survey-multi-choice,79,432115,0,5f4d69ef4e8b0891ab621cbe,6816be1334bc5f118b922621,6821d7b5461b134cdf5a6314,0,"{""Q0"":""비고형물""}",떡,solidity
6821d9a28f6c92b7216fdd92,4471,survey-multi-choice,80,436588,0,5f4d69ef4e8b0891ab621cbe,6816be1334bc5f118b922621,6821d7b5461b134cdf5a6314,0,"{""Q0"":""비고형물""}",배꼽,solidity
6821d9a28f6c92b7216fdd94,6975,survey-multi-choice,81,443566,0,5f4d69ef4e8b0891ab621cbe,6816be1334bc5f118b922621,6821d7b5461b134cdf5a6314,0,"{""Q0"":""고형물""}",발톱,solidity
6821d9a28f6c92b7216fdd96,3181,survey-multi-choice,82,446750,0,5f4d69ef4e8b0891ab621cbe,6816be1334bc5f118b922621,6821d7b5461b134cdf5a6314,0,"{""Q0"":""비고형물""}",하마,solidity
6821d9a28f6c92b7216fdd98,8116,survey-multi-choice,84,456266,0,5f4d69ef4e8b0891ab621cbe,6816be1334bc5f118b922621,6821d7b5461b134cdf5a6314,0,"{""Q0"":""비고형물""}",모자,solidity
6821d9a28f6c92b7216fdd9a,1395,survey-multi-choice,83,448148,0,5f4d69ef4e8b0891ab621cbe,6816be1334bc5f118b922621,6821d7b5461b134cdf5a6314,0,"{""Q0"":""고형물""}",그릇,solidity
6821d9a28f6c92b7216fdd9c,1363,survey-multi-choice,85,457632,0,5f4d69ef4e8b0891ab621cbe,6816be1334bc5f118b922621,6821d7b5461b134cdf5a6314,0,"{""Q0"":""비고형물""}",무릎,solidity
6821d9a28f6c92b7216fdd9e,1194,survey-multi-choice,86,458829,0,5f4d69ef4e8b0891ab621cbe,6816be1334bc5f118b922621,6821d7b5461b134cdf5a6314,0,"{""Q0"":""고형물""}",돌,solidity
6821d9a28f6c92b7216fdda0,2403,survey-multi-choice,87,461235,0,5f4d69ef4e8b0891ab621cbe,6816be1334bc5f118b922621,6821d7b5461b134cdf5a6314,0,"{""Q0"":""비고형물""}",구두,solidity
6821d9a28f6c92b7216fdda2,1516,survey-multi-choice,88,462753,0,5f4d69ef4e8b0891ab621cbe,6816be1334bc5f118b922621,6821d7b5461b134cdf5a6314,0,"{""Q0"":""비고형물""}",포도,solidity
6821d9a28f6c92b7216fdda4,1908,survey-multi-choice,90,465766,0,5f4d69ef4e8b0891ab621cbe,6816be1334bc5f118b922621,6821d7b5461b134cdf5a6314,0,"{""Q0"":""비고형물""}",귀,solidity
6821d9a28f6c92b7216fdda6,1099,survey-multi-choice,89,463855,0,5f4d69ef4e8b0891ab621cbe,6816be1334bc5f118b922621,6821d7b5461b134cdf5a6314,0,"{""Q0"":""비고형물""}",비,solidity
6821d9a28f6c92b7216fdda8,1138,survey-multi-choice,92,470934,0,5f4d69ef4e8b0891ab621cbe,6816be1334bc5f118b922621,6821d7b5461b134cdf5a6314,0,"{""Q0"":""고형물""}",미끄럼틀,solidity
6821d9a28f6c92b7216fddaa,4025,survey-multi-choice,91,469793,0,5f4d69ef4e8b0891ab621cbe,6816be1334bc5f118b922621,6821d7b5461b134cdf5a6314,0,"{""Q0"":""고형물""}",소파,solidity
6821d9a28f6c92b7216fddac,3232,survey-multi-choice,94,475660,0,5f4d69ef4e8b0891ab621cbe,6816be1334bc5f118b922621,6821d7b5461b134cdf5a6314,0,"{""Q0"":""비고형물""}",라벤더,solidity
6821d9a28f6c92b7216fddae,1489,survey-multi-choice,93,472425,0,5f4d69ef4e8b0891ab621cbe,6816be1334bc5f118b922621,6821d7b5461b134cdf5a6314,0,"{""Q0"":""비고형물""}",불,solidity
6821d9a28f6c92b7216fddb0,1598,survey-multi-choice,96,480216,0,5f4d69ef4e8b0891ab621cbe,6816be1334bc5f118b922621,6821d7b5461b134cdf5a6314,0,"{""Q0"":""고형물""}",다리,solidity
6821d9a28f6c92b7216fddb2,2953,survey-multi-choice,95,478616,0,5f4d69ef4e8b0891ab621cbe,6816be1334bc5f118b922621,6821d7b5461b134cdf5a6314,0,"{""Q0"":""비고형물""}",피,solidity
6821d9a28f6c92b7216fddb4,5014,html-button-response,97,485233,0,5f4d69ef4e8b0891ab621cbe,6816be1334bc5f118b922621,6821d7b5461b134cdf5a6314,0,0,,
6821eb848f6c92b7216fddb6,30872,instructions,0,30873,0,65a703407d7d3b4ec22d78e3,6816be1334bc5f118b922621,6821e91dc0860b9454fbce3d,0,,,
6821eb848f6c92b7216fddb8,1915,html-button-response,4,57293,0,65a703407d7d3b4ec22d78e3,6816be1334bc5f118b922621,6821e91dc0860b9454fbce3d,0,0,,
6821eb848f6c92b7216fddba,5578,html-button-response,2,51376,0,65a703407d7d3b4ec22d78e3,6816be1334bc5f118b922621,6821e91dc0860b9454fbce3d,0,0,,
6821eb848f6c92b7216fddbc,14918,instructions,1,45793,0,65a703407d7d3b4ec22d78e3,6816be1334bc5f118b922621,6821e91dc0860b9454fbce3d,0,,,
6821eb848f6c92b7216fddbe,4549,html-button-response,5,61844,0,65a703407d7d3b4ec22d78e3,6816be1334bc5f118b922621,6821e91dc0860b9454fbce3d,0,0,,
6821eb848f6c92b7216fddc0,3998,html-button-response,3,55376,0,65a703407d7d3b4ec22d78e3,6816be1334bc5f118b922621,6821e91dc0860b9454fbce3d,0,0,,
6821eb858f6c92b7216fddc2,4647,survey-multi-choice,6,66496,0,65a703407d7d3b4ec22d78e3,6816be1334bc5f118b922621,6821e91dc0860b9454fbce3d,0,"{""Q0"":""셀 수 있다""}",의자,practice_countmass
6821eb858f6c92b7216fddc4,3180,html-button-response,7,69679,0,65a703407d7d3b4ec22d78e3,6816be1334bc5f118b922621,6821e91dc0860b9454fbce3d,0,0,,
6821eb858f6c92b7216fddc6,5401,survey-multi-choice,8,75083,0,65a703407d7d3b4ec22d78e3,6816be1334bc5f118b922621,6821e91dc0860b9454fbce3d,0,"{""Q0"":""셀 수 없다""}",설탕,practice_countmass
6821eb858f6c92b7216fddc8,3195,html-button-response,9,78280,0,65a703407d7d3b4ec22d78e3,6816be1334bc5f118b922621,6821e91dc0860b9454fbce3d,0,0,,
6821eb858f6c92b7216fddca,2332,html-button-response,10,80614,0,65a703407d7d3b4ec22d78e3,6816be1334bc5f118b922621,6821e91dc0860b9454fbce3d,0,0,,
6821eb858f6c92b7216fddcc,6098,survey-multi-choice,11,86715,0,65a703407d7d3b4ec22d78e3,6816be1334bc5f118b922621,6821e91dc0860b9454fbce3d,0,"{""Q0"":""셀 수 있다""}",목걸이,count_mass
6821eb858f6c92b7216fddce,5614,survey-multi-choice,12,92333,0,65a703407d7d3b4ec22d78e3,6816be1334bc5f118b922621,6821e91dc0860b9454fbce3d,0,"{""Q0"":""셀 수 있다""}",동물,count_mass
6821eb858f6c92b7216fddd0,2663,survey-multi-choice,13,94999,0,65a703407d7d3b4ec22d78e3,6816be1334bc5f118b922621,6821e91dc0860b9454fbce3d,0,"{""Q0"":""셀 수 있다""}",회색,count_mass
6821eb858f6c92b7216fddd2,12819,survey-multi-choice,14,107821,0,65a703407d7d3b4ec22d78e3,6816be1334bc5f118b922621,6821e91dc0860b9454fbce3d,0,"{""Q0"":""셀 수 없다""}",사이다,count_mass
6821eb858f6c92b7216fddd4,2762,survey-multi-choice,15,110586,0,65a703407d7d3b4ec22d78e3,6816be1334bc5f118b922621,6821e91dc0860b9454fbce3d,0,"{""Q0"":""셀 수 있다""}",신/신발,count_mass
6821eb858f6c92b7216fddd6,2464,survey-multi-choice,16,113052,0,65a703407d7d3b4ec22d78e3,6816be1334bc5f118b922621,6821e91dc0860b9454fbce3d,0,"{""Q0"":""셀 수 있다""}",참새,count_mass
6821eb858f6c92b7216fddd8,10133,survey-multi-choice,17,123188,0,65a703407d7d3b4ec22d78e3,6816be1334bc5f118b922621,6821e91dc0860b9454fbce3d,0,"{""Q0"":""잘 모르겠다/구분이 어렵다""}",길,count_mass
6821eb858f6c92b7216fddda,3064,survey-multi-choice,18,126255,0,65a703407d7d3b4ec22d78e3,6816be1334bc5f118b922621,6821e91dc0860b9454fbce3d,0,"{""Q0"":""셀 수 있다""}",계단,count_mass
6821eb858f6c92b7216fdddc,2182,survey-multi-choice,19,128439,0,65a703407d7d3b4ec22d78e3,6816be1334bc5f118b922621,6821e91dc0860b9454fbce3d,0,"{""Q0"":""셀 수 있다""}",비둘기,count_mass
6821eb858f6c92b7216fddde,5531,survey-multi-choice,20,133973,0,65a703407d7d3b4ec22d78e3,6816be1334bc5f118b922621,6821e91dc0860b9454fbce3d,0,"{""Q0"":""셀 수 있다""}",부엌,count_mass
6821eb858f6c92b7216fdde0,2031,survey-multi-choice,21,136006,0,65a703407d7d3b4ec22d78e3,6816be1334bc5f118b922621,6821e91dc0860b9454fbce3d,0,"{""Q0"":""셀 수 있다""}",칫솔,count_mass
6821eb858f6c92b7216fdde2,2098,survey-multi-choice,22,138107,0,65a703407d7d3b4ec22d78e3,6816be1334bc5f118b922621,6821e91dc0860b9454fbce3d,0,"{""Q0"":""셀 수 있다""}",휴지,count_mass
6821eb858f6c92b7216fdde4,9082,survey-multi-choice,23,147192,0,65a703407d7d3b4ec22d78e3,6816be1334bc5f118b922621,6821e91dc0860b9454fbce3d,0,"{""Q0"":""잘 모르겠다/구분이 어렵다""}",얼음,count_mass
6821eb858f6c92b7216fdde6,2514,survey-multi-choice,24,149709,0,65a703407d7d3b4ec22d78e3,6816be1334bc5f118b922621,6821e91dc0860b9454fbce3d,0,"{""Q0"":""셀 수 없다""}",설탕,count_mass
6821eb858f6c92b7216fdde8,3197,survey-multi-choice,25,152909,0,65a703407d7d3b4ec22d78e3,6816be1334bc5f118b922621,6821e91dc0860b9454fbce3d,0,"{""Q0"":""셀 수 없다""}",쓰레기,count_mass
6821eb858f6c92b7216fddea,2581,survey-multi-choice,26,155493,0,65a703407d7d3b4ec22d78e3,6816be1334bc5f118b922621,6821e91dc0860b9454fbce3d,0,"{""Q0"":""셀 수 있다""}",양,count_mass
6821eb858f6c92b7216fddec,6215,survey-multi-choice,27,161711,0,65a703407d7d3b4ec22d78e3,6816be1334bc5f118b922621,6821e91dc0860b9454fbce3d,0,"{""Q0"":""셀 수 있다""}",양말,count_mass
6821eb858f6c92b7216fddee,2081,survey-multi-choice,28,163794,0,65a703407d7d3b4ec22d78e3,6816be1334bc5f118b922621,6821e91dc0860b9454fbce3d,0,"{""Q0"":""셀 수 있다""}",오렌지,count_mass
6821eb858f6c92b7216fddf0,2130,survey-multi-choice,29,165928,0,65a703407d7d3b4ec22d78e3,6816be1334bc5f118b922621,6821e91dc0860b9454fbce3d,0,"{""Q0"":""셀 수 있다""}",귀,count_mass
6821eb858f6c92b7216fddf2,1864,survey-multi-choice,30,167795,0,65a703407d7d3b4ec22d78e3,6816be1334bc5f118b922621,6821e91dc0860b9454fbce3d,0,"{""Q0"":""셀 수 있다""}",운동화,count_mass
6821eb858f6c92b7216fddf4,2331,survey-multi-choice,31,170128,0,65a703407d7d3b4ec22d78e3,6816be1334bc5f118b922621,6821e91dc0860b9454fbce3d,0,"{""Q0"":""셀 수 있다""}",옷장,count_mass
6821eb868f6c92b7216fddf6,13509,html-button-response,32,183639,0,65a703407d7d3b4ec22d78e3,6816be1334bc5f118b922621,6821e91dc0860b9454fbce3d,0,0,,
6821eb868f6c92b7216fddf8,4931,html-button-response,33,188573,0,65a703407d7d3b4ec22d78e3,6816be1334bc5f118b922621,6821e91dc0860b9454fbce3d,0,0,,
6821eb868f6c92b7216fddfa,10798,html-button-response,34,199374,0,65a703407d7d3b4ec22d78e3,6816be1334bc5f118b922621,6821e91dc0860b9454fbce3d,0,0,,
6821eb868f6c92b7216fddfc,1713,html-button-response,35,201089,0,65a703407d7d3b4ec22d78e3,6816be1334bc5f118b922621,6821e91dc0860b9454fbce3d,0,0,,
6821eb868f6c92b7216fddfe,3364,html-button-response,36,204454,0,65a703407d7d3b4ec22d78e3,6816be1334bc5f118b922621,6821e91dc0860b9454fbce3d,0,0,,
6821eb868f6c92b7216fde00,19921,survey-multi-choice,37,224378,0,65a703407d7d3b4ec22d78e3,6816be1334bc5f118b922621,6821e91dc0860b9454fbce3d,0,"{""Q0"":""해당 사항 없음""}",불안감,practice_category
6821eb868f6c92b7216fde02,2663,html-button-response,38,227043,0,65a703407d7d3b4ec22d78e3,6816be1334bc5f118b922621,6821e91dc0860b9454fbce3d,0,0,,
6821eb868f6c92b7216fde04,5202,survey-multi-choice,39,232247,0,65a703407d7d3b4ec22d78e3,6816be1334bc5f118b922621,6821e91dc0860b9454fbce3d,0,"{""Q0"":""형태""}",정사각형,practice_category
6821eb868f6c92b7216fde06,1062,html-button-response,40,233311,0,65a703407d7d3b4ec22d78e3,6816be1334bc5f118b922621,6821e91dc0860b9454fbce3d,0,0,,
6821eb868f6c92b7216fde08,8987,survey-multi-choice,41,242299,0,65a703407d7d3b4ec22d78e3,6816be1334bc5f118b922621,6821e91dc0860b9454fbce3d,0,"{""Q0"":""형태""}",도자기,practice_category
6821eb868f6c92b7216fde0a,2543,html-button-response,42,244845,0,65a703407d7d3b4ec22d78e3,6816be1334bc5f118b922621,6821e91dc0860b9454fbce3d,0,0,,
6821eb868f6c92b7216fde0c,4553,survey-multi-choice,43,249400,0,65a703407d7d3b4ec22d78e3,6816be1334bc5f118b922621,6821e91dc0860b9454fbce3d,0,"{""Q0"":""색상""}",빨간불,practice_category
6821eb868f6c92b7216fde0e,1095,html-button-response,44,250497,0,65a703407d7d3b4ec22d78e3,6816be1334bc5f118b922621,6821e91dc0860b9454fbce3d,0,0,,
6821eb868f6c92b7216fde10,1532,html-button-response,45,252030,0,65a703407d7d3b4ec22d78e3,6816be1334bc5f118b922621,6821e91dc0860b9454fbce3d,0,0,,
6821eb868f6c92b7216fde12,6432,survey-multi-choice,46,258465,0,65a703407d7d3b4ec22d78e3,6816be1334bc5f118b922621,6821e91dc0860b9454fbce3d,0,"{""Q0"":""물질""}",스파게티,category_organization
6821eb868f6c92b7216fde14,6081,survey-multi-choice,47,264549,0,65a703407d7d3b4ec22d78e3,6816be1334bc5f118b922621,6821e91dc0860b9454fbce3d,0,"{""Q0"":""형태""}",포크,category_organization
6821eb868f6c92b7216fde16,2612,survey-multi-choice,48,267165,0,65a703407d7d3b4ec22d78e3,6816be1334bc5f118b922621,6821e91dc0860b9454fbce3d,0,"{""Q0"":""해당 사항 없음""}",라벤더,category_organization
6821eb868f6c92b7216fde18,7349,survey-multi-choice,49,274517,0,65a703407d7d3b4ec22d78e3,6816be1334bc5f118b922621,6821e91dc0860b9454fbce3d,0,"{""Q0"":""형태""}",청소기,category_organization
6821eb868f6c92b7216fde1a,6214,survey-multi-choice,50,280734,0,65a703407d7d3b4ec22d78e3,6816be1334bc5f118b922621,6821e91dc0860b9454fbce3d,0,"{""Q0"":""물질""}",주스,category_organization
6821eb878f6c92b7216fde1c,3130,survey-multi-choice,51,283868,0,65a703407d7d3b4ec22d78e3,6816be1334bc5f118b922621,6821e91dc0860b9454fbce3d,0,"{""Q0"":""형태""}",빗,category_organization
6821eb878f6c92b7216fde1e,2381,survey-multi-choice,53,289569,0,65a703407d7d3b4ec22d78e3,6816be1334bc5f118b922621,6821e91dc0860b9454fbce3d,0,"{""Q0"":""형태""}",블록,category_organization
6821eb878f6c92b7216fde20,8332,survey-multi-choice,54,297903,0,65a703407d7d3b4ec22d78e3,6816be1334bc5f118b922621,6821e91dc0860b9454fbce3d,0,"{""Q0"":""해당 사항 없음""}",오리,category_organization
6821eb878f6c92b7216fde22,3931,survey-multi-choice,55,301837,0,65a703407d7d3b4ec22d78e3,6816be1334bc5f118b922621,6821e91dc0860b9454fbce3d,0,"{""Q0"":""형태""}",침대,category_organization
6821eb878f6c92b7216fde24,10816,survey-multi-choice,56,312657,0,65a703407d7d3b4ec22d78e3,6816be1334bc5f118b922621,6821e91dc0860b9454fbce3d,0,"{""Q0"":""해당 사항 없음""}",로봇,category_organization
6821eb878f6c92b7216fde26,4315,survey-multi-choice,57,316976,0,65a703407d7d3b4ec22d78e3,6816be1334bc5f118b922621,6821e91dc0860b9454fbce3d,0,"{""Q0"":""해당 사항 없음""}",부엉이,category_organization
6821eb878f6c92b7216fde28,3161,survey-multi-choice,58,320140,0,65a703407d7d3b4ec22d78e3,6816be1334bc5f118b922621,6821e91dc0860b9454fbce3d,0,"{""Q0"":""형태""}",미끄럼틀,category_organization
6821eb878f6c92b7216fde2a,10450,survey-multi-choice,59,330593,0,65a703407d7d3b4ec22d78e3,6816be1334bc5f118b922621,6821e91dc0860b9454fbce3d,0,"{""Q0"":""해당 사항 없음""}",기린,category_organization
6821eb878f6c92b7216fde2c,4398,survey-multi-choice,60,334994,0,65a703407d7d3b4ec22d78e3,6816be1334bc5f118b922621,6821e91dc0860b9454fbce3d,0,"{""Q0"":""형태""}",국수,category_organization
6821eb878f6c92b7216fde2e,3929,survey-multi-choice,61,338927,0,65a703407d7d3b4ec22d78e3,6816be1334bc5f118b922621,6821e91dc0860b9454fbce3d,0,"{""Q0"":""형태""}",치마,category_organization
6821eb878f6c92b7216fde30,6015,survey-multi-choice,62,344944,0,65a703407d7d3b4ec22d78e3,6816be1334bc5f118b922621,6821e91dc0860b9454fbce3d,0,"{""Q0"":""해당 사항 없음""}",택시,category_organization
6821eb878f6c92b7216fde32,3314,survey-multi-choice,52,287185,0,65a703407d7d3b4ec22d78e3,6816be1334bc5f118b922621,6821e91dc0860b9454fbce3d,0,"{""Q0"":""물질""}",소금,category_organization
6821eb878f6c92b7216fde34,8766,survey-multi-choice,63,353714,0,65a703407d7d3b4ec22d78e3,6816be1334bc5f118b922621,6821e91dc0860b9454fbce3d,0,"{""Q0"":""물질""}",케이크,category_organization
6821eb878f6c92b7216fde36,4881,survey-multi-choice,64,358598,0,65a703407d7d3b4ec22d78e3,6816be1334bc5f118b922621,6821e91dc0860b9454fbce3d,0,"{""Q0"":""형태""}",지붕,category_organization
6821eb878f6c92b7216fde38,3063,survey-multi-choice,65,361664,0,65a703407d7d3b4ec22d78e3,6816be1334bc5f118b922621,6821e91dc0860b9454fbce3d,0,"{""Q0"":""해당 사항 없음""}",원숭이,category_organization
6821eb878f6c92b7216fde3a,2149,survey-multi-choice,66,363815,0,65a703407d7d3b4ec22d78e3,6816be1334bc5f118b922621,6821e91dc0860b9454fbce3d,0,"{""Q0"":""해당 사항 없음""}",송아지,category_organization
6821eb878f6c92b7216fde3c,6014,html-button-response,67,369832,0,65a703407d7d3b4ec22d78e3,6816be1334bc5f118b922621,6821e91dc0860b9454fbce3d,0,0,,
6821eb878f6c92b7216fde3e,1949,html-button-response,68,371783,0,65a703407d7d3b4ec22d78e3,6816be1334bc5f118b922621,6821e91dc0860b9454fbce3d,0,0,,
6821eb878f6c92b7216fde40,1448,html-button-response,69,373232,0,65a703407d7d3b4ec22d78e3,6816be1334bc5f118b922621,6821e91dc0860b9454fbce3d,0,0,,
6821eb888f6c92b7216fde42,2517,html-button-response,70,375751,0,65a703407d7d3b4ec22d78e3,6816be1334bc5f118b922621,6821e91dc0860b9454fbce3d,0,0,,
6821eb888f6c92b7216fde44,5465,survey-multi-choice,71,381218,0,65a703407d7d3b4ec22d78e3,6816be1334bc5f118b922621,6821e91dc0860b9454fbce3d,0,"{""Q0"":""비고형물""}",우유,practice_solidity
6821eb888f6c92b7216fde46,1295,html-button-response,72,382516,0,65a703407d7d3b4ec22d78e3,6816be1334bc5f118b922621,6821e91dc0860b9454fbce3d,0,0,,
6821eb888f6c92b7216fde48,5550,survey-multi-choice,73,388069,0,65a703407d7d3b4ec22d78e3,6816be1334bc5f118b922621,6821e91dc0860b9454fbce3d,0,"{""Q0"":""고형물""}",책상,practice_solidity
6821eb888f6c92b7216fde4a,963,html-button-response,74,389034,0,65a703407d7d3b4ec22d78e3,6816be1334bc5f118b922621,6821e91dc0860b9454fbce3d,0,0,,
6821eb888f6c92b7216fde4c,1215,html-button-response,75,390251,0,65a703407d7d3b4ec22d78e3,6816be1334bc5f118b922621,6821e91dc0860b9454fbce3d,0,0,,
6821eb888f6c92b7216fde4e,5733,survey-multi-choice,76,395986,0,65a703407d7d3b4ec22d78e3,6816be1334bc5f118b922621,6821e91dc0860b9454fbce3d,0,"{""Q0"":""해당 사항 없음""}",개구리,solidity
6821eb888f6c92b7216fde50,6982,survey-multi-choice,77,402970,0,65a703407d7d3b4ec22d78e3,6816be1334bc5f118b922621,6821e91dc0860b9454fbce3d,0,"{""Q0"":""고형물""}",햄버거,solidity
6821eb888f6c92b7216fde52,8183,survey-multi-choice,78,411156,0,65a703407d7d3b4ec22d78e3,6816be1334bc5f118b922621,6821e91dc0860b9454fbce3d,0,"{""Q0"":""고형물""}",펭귄,solidity
6821eb888f6c92b7216fde54,2631,survey-multi-choice,79,413790,0,65a703407d7d3b4ec22d78e3,6816be1334bc5f118b922621,6821e91dc0860b9454fbce3d,0,"{""Q0"":""비고형물""}",요구르트,solidity
6821eb888f6c92b7216fde56,2363,survey-multi-choice,80,416156,0,65a703407d7d3b4ec22d78e3,6816be1334bc5f118b922621,6821e91dc0860b9454fbce3d,0,"{""Q0"":""고형물""}",창문,solidity
6821eb888f6c92b7216fde58,2080,survey-multi-choice,81,418239,0,65a703407d7d3b4ec22d78e3,6816be1334bc5f118b922621,6821e91dc0860b9454fbce3d,0,"{""Q0"":""고형물""}",자전거,solidity
6821eb888f6c92b7216fde5a,2015,survey-multi-choice,82,420256,0,65a703407d7d3b4ec22d78e3,6816be1334bc5f118b922621,6821e91dc0860b9454fbce3d,0,"{""Q0"":""고형물""}",유모차,solidity
6821eb888f6c92b7216fde5c,2348,survey-multi-choice,83,422608,0,65a703407d7d3b4ec22d78e3,6816be1334bc5f118b922621,6821e91dc0860b9454fbce3d,0,"{""Q0"":""고형물""}",밤,solidity
6821eb888f6c92b7216fde5e,1996,survey-multi-choice,84,424607,0,65a703407d7d3b4ec22d78e3,6816be1334bc5f118b922621,6821e91dc0860b9454fbce3d,0,"{""Q0"":""고형물""}",배,solidity
6821eb888f6c92b7216fde60,4332,survey-multi-choice,85,428941,0,65a703407d7d3b4ec22d78e3,6816be1334bc5f118b922621,6821e91dc0860b9454fbce3d,0,"{""Q0"":""고형물""}",화장실,solidity
6821eb888f6c92b7216fde62,2999,survey-multi-choice,86,431943,0,65a703407d7d3b4ec22d78e3,6816be1334bc5f118b922621,6821e91dc0860b9454fbce3d,0,"{""Q0"":""비고형물""}",국,solidity
6821eb888f6c92b7216fde64,1998,survey-multi-choice,87,433943,0,65a703407d7d3b4ec22d78e3,6816be1334bc5f118b922621,6821e91dc0860b9454fbce3d,0,"{""Q0"":""고형물""}",의자,solidity
6821eb888f6c92b7216fde66,2015,survey-multi-choice,88,435960,0,65a703407d7d3b4ec22d78e3,6816be1334bc5f118b922621,6821e91dc0860b9454fbce3d,0,"{""Q0"":""고형물""}",잠바,solidity
6821eb888f6c92b7216fde68,1897,survey-multi-choice,89,437860,0,65a703407d7d3b4ec22d78e3,6816be1334bc5f118b922621,6821e91dc0860b9454fbce3d,0,"{""Q0"":""고형물""}",모자,solidity
6821eb888f6c92b7216fde6a,2131,survey-multi-choice,90,439994,0,65a703407d7d3b4ec22d78e3,6816be1334bc5f118b922621,6821e91dc0860b9454fbce3d,0,"{""Q0"":""고형물""}",못,solidity
6821eb888f6c92b7216fde6c,3830,survey-multi-choice,91,443827,0,65a703407d7d3b4ec22d78e3,6816be1334bc5f118b922621,6821e91dc0860b9454fbce3d,0,"{""Q0"":""해당 사항 없음""}",바람,solidity
6821eb888f6c92b7216fde6e,1948,survey-multi-choice,92,445777,0,65a703407d7d3b4ec22d78e3,6816be1334bc5f118b922621,6821e91dc0860b9454fbce3d,0,"{""Q0"":""고형물""}",헬리콥터,solidity
6821eb888f6c92b7216fde70,4114,survey-multi-choice,93,449894,0,65a703407d7d3b4ec22d78e3,6816be1334bc5f118b922621,6821e91dc0860b9454fbce3d,0,"{""Q0"":""고형물""}",팔,solidity
6821eb888f6c92b7216fde72,3031,survey-multi-choice,94,452928,0,65a703407d7d3b4ec22d78e3,6816be1334bc5f118b922621,6821e91dc0860b9454fbce3d,0,"{""Q0"":""고형물""}",라벤더,solidity
6821eb888f6c92b7216fde74,2315,survey-multi-choice,95,455245,0,65a703407d7d3b4ec22d78e3,6816be1334bc5f118b922621,6821e91dc0860b9454fbce3d,0,"{""Q0"":""고형물""}",피자,solidity
6821eb898f6c92b7216fde76,1880,survey-multi-choice,96,457129,0,65a703407d7d3b4ec22d78e3,6816be1334bc5f118b922621,6821e91dc0860b9454fbce3d,0,"{""Q0"":""고형물""}",컵,solidity
6821eb898f6c92b7216fde78,5382,html-button-response,97,462514,0,65a703407d7d3b4ec22d78e3,6816be1334bc5f118b922621,6821e91dc0860b9454fbce3d,0,0,,
68221a3d8f6c92b7216fde7a,2465,instructions,0,2468,0,5bb58c0c27fb5000013c51cb,6816be1334bc5f118b922621,6822189860543a846abe59b4,0,,,
68221a3d8f6c92b7216fde7c,4873,html-button-response,6,53028,0,5bb58c0c27fb5000013c51cb,6816be1334bc5f118b922621,6822189860543a846abe59b4,0,0,,
68221a3d8f6c92b7216fde7e,1913,html-button-response,5,48154,0,5bb58c0c27fb5000013c51cb,6816be1334bc5f118b922621,6822189860543a846abe59b4,0,0,,
68221a3d8f6c92b7216fde80,4992,html-button-response,3,43046,0,5bb58c0c27fb5000013c51cb,6816be1334bc5f118b922621,6822189860543a846abe59b4,0,0,,
68221a3d8f6c92b7216fde82,3192,html-button-response,4,46240,0,5bb58c0c27fb5000013c51cb,6816be1334bc5f118b922621,6822189860543a846abe59b4,0,0,,
68221a3d8f6c92b7216fde84,27935,html-button-response,2,38052,0,5bb58c0c27fb5000013c51cb,6816be1334bc5f118b922621,6822189860543a846abe59b4,0,0,,
68221a3d8f6c92b7216fde86,7647,instructions,1,10116,0,5bb58c0c27fb5000013c51cb,6816be1334bc5f118b922621,6822189860543a846abe59b4,0,,,
68221a3e8f6c92b7216fde88,15219,survey-multi-choice,7,68250,0,5bb58c0c27fb5000013c51cb,6816be1334bc5f118b922621,6822189860543a846abe59b4,0,"{""Q0"":""해당 사항 없음""}",불안감,practice_category
68221a3e8f6c92b7216fde8a,1339,html-button-response,8,69591,0,5bb58c0c27fb5000013c51cb,6816be1334bc5f118b922621,6822189860543a846abe59b4,0,0,,
68221a3e8f6c92b7216fde8c,5655,survey-multi-choice,9,75248,0,5bb58c0c27fb5000013c51cb,6816be1334bc5f118b922621,6822189860543a846abe59b4,0,"{""Q0"":""형태""}",도자기,practice_category
68221a3e8f6c92b7216fde8e,4392,html-button-response,10,79641,0,5bb58c0c27fb5000013c51cb,6816be1334bc5f118b922621,6822189860543a846abe59b4,0,0,,
68221a3e8f6c92b7216fde90,5184,survey-multi-choice,11,84826,0,5bb58c0c27fb5000013c51cb,6816be1334bc5f118b922621,6822189860543a846abe59b4,0,"{""Q0"":""형태""}",정사각형,practice_category
68221a3e8f6c92b7216fde92,1622,html-button-response,12,86450,0,5bb58c0c27fb5000013c51cb,6816be1334bc5f118b922621,6822189860543a846abe59b4,0,0,,
68221a3e8f6c92b7216fde94,5938,survey-multi-choice,13,92389,0,5bb58c0c27fb5000013c51cb,6816be1334bc5f118b922621,6822189860543a846abe59b4,0,"{""Q0"":""색상""}",빨간불,practice_category
68221a3e8f6c92b7216fde96,4495,survey-multi-choice,17,107007,0,5bb58c0c27fb5000013c51cb,6816be1334bc5f118b922621,6822189860543a846abe59b4,0,"{""Q0"":""물질""}",당근,category_organization
68221a3e8f6c92b7216fde98,7463,survey-multi-choice,16,102510,0,5bb58c0c27fb5000013c51cb,6816be1334bc5f118b922621,6822189860543a846abe59b4,0,"{""Q0"":""해당 사항 없음""}",베개,category_organization
68221a3e8f6c92b7216fde9a,1171,html-button-response,14,93561,0,5bb58c0c27fb5000013c51cb,6816be1334bc5f118b922621,6822189860543a846abe59b4,0,0,,
68221a3e8f6c92b7216fde9c,1483,html-button-response,15,95046,0,5bb58c0c27fb5000013c51cb,6816be1334bc5f118b922621,6822189860543a846abe59b4,0,0,,
68221a3e8f6c92b7216fde9e,4777,survey-multi-choice,18,111785,0,5bb58c0c27fb5000013c51cb,6816be1334bc5f118b922621,6822189860543a846abe59b4,0,"{""Q0"":""해당 사항 없음""}",소파,category_organization
68221a3e8f6c92b7216fdea0,4114,survey-multi-choice,19,115900,0,5bb58c0c27fb5000013c51cb,6816be1334bc5f118b922621,6822189860543a846abe59b4,0,"{""Q0"":""물질""}",커피,category_organization
68221a3e8f6c92b7216fdea2,3907,survey-multi-choice,20,119809,0,5bb58c0c27fb5000013c51cb,6816be1334bc5f118b922621,6822189860543a846abe59b4,0,"{""Q0"":""형태""}",턱,category_organization
68221a3e8f6c92b7216fdea4,2695,survey-multi-choice,21,122505,0,5bb58c0c27fb5000013c51cb,6816be1334bc5f118b922621,6822189860543a846abe59b4,0,"{""Q0"":""형태""}",눈,category_organization
68221a3e8f6c92b7216fdea6,4495,survey-multi-choice,22,127002,0,5bb58c0c27fb5000013c51cb,6816be1334bc5f118b922621,6822189860543a846abe59b4,0,"{""Q0"":""해당 사항 없음""}",부엌,category_organization
68221a3e8f6c92b7216fdea8,2765,survey-multi-choice,23,129768,0,5bb58c0c27fb5000013c51cb,6816be1334bc5f118b922621,6822189860543a846abe59b4,0,"{""Q0"":""물질""}",딸기,category_organization
68221a3e8f6c92b7216fdeaa,5574,survey-multi-choice,24,135343,0,5bb58c0c27fb5000013c51cb,6816be1334bc5f118b922621,6822189860543a846abe59b4,0,"{""Q0"":""해당 사항 없음""}",방,category_organization
68221a3e8f6c92b7216fdeac,4588,survey-multi-choice,25,139933,0,5bb58c0c27fb5000013c51cb,6816be1334bc5f118b922621,6822189860543a846abe59b4,0,"{""Q0"":""형태""}",돈,category_organization
68221a3e8f6c92b7216fdeae,1779,survey-multi-choice,26,141712,0,5bb58c0c27fb5000013c51cb,6816be1334bc5f118b922621,6822189860543a846abe59b4,0,"{""Q0"":""해당 사항 없음""}",라벤더,category_organization
68221a3e8f6c92b7216fdeb0,3786,survey-multi-choice,27,145500,0,5bb58c0c27fb5000013c51cb,6816be1334bc5f118b922621,6822189860543a846abe59b4,0,"{""Q0"":""형태""}",다리,category_organization
68221a3e8f6c92b7216fdeb2,1827,survey-multi-choice,28,147329,0,5bb58c0c27fb5000013c51cb,6816be1334bc5f118b922621,6822189860543a846abe59b4,0,"{""Q0"":""형태""}",발목,category_organization
68221a3e8f6c92b7216fdeb4,11088,survey-multi-choice,29,158418,0,5bb58c0c27fb5000013c51cb,6816be1334bc5f118b922621,6822189860543a846abe59b4,0,"{""Q0"":""물질""}",피,category_organization
68221a3e8f6c92b7216fdeb6,2343,survey-multi-choice,30,160762,0,5bb58c0c27fb5000013c51cb,6816be1334bc5f118b922621,6822189860543a846abe59b4,0,"{""Q0"":""물질""}",휴지,category_organization
68221a3e8f6c92b7216fdeb8,2300,survey-multi-choice,31,163063,0,5bb58c0c27fb5000013c51cb,6816be1334bc5f118b922621,6822189860543a846abe59b4,0,"{""Q0"":""물질""}",초콜렛,category_organization
68221a3e8f6c92b7216fdeba,1820,survey-multi-choice,32,164884,0,5bb58c0c27fb5000013c51cb,6816be1334bc5f118b922621,6822189860543a846abe59b4,0,"{""Q0"":""해당 사항 없음""}",목욕탕,category_organization
68221a3e8f6c92b7216fdebc,2465,survey-multi-choice,34,170963,0,5bb58c0c27fb5000013c51cb,6816be1334bc5f118b922621,6822189860543a846abe59b4,0,"{""Q0"":""물질""}",사탕,category_organization
68221a3e8f6c92b7216fdebe,3611,survey-multi-choice,33,168497,0,5bb58c0c27fb5000013c51cb,6816be1334bc5f118b922621,6822189860543a846abe59b4,0,"{""Q0"":""해당 사항 없음""}",그릇,category_organization
68221a3e8f6c92b7216fdec0,2605,survey-multi-choice,35,173569,0,5bb58c0c27fb5000013c51cb,6816be1334bc5f118b922621,6822189860543a846abe59b4,0,"{""Q0"":""해당 사항 없음""}",칫솔,category_organization
68221a3e8f6c92b7216fdec2,2146,survey-multi-choice,36,175716,0,5bb58c0c27fb5000013c51cb,6816be1334bc5f118b922621,6822189860543a846abe59b4,0,"{""Q0"":""물질""}",떡,category_organization
68221a3e8f6c92b7216fdec4,8970,html-button-response,37,184688,0,5bb58c0c27fb5000013c51cb,6816be1334bc5f118b922621,6822189860543a846abe59b4,0,0,,
68221a3e8f6c92b7216fdec6,1431,html-button-response,38,186120,0,5bb58c0c27fb5000013c51cb,6816be1334bc5f118b922621,6822189860543a846abe59b4,0,0,,
68221a3e8f6c92b7216fdec8,656,html-button-response,42,192051,0,5bb58c0c27fb5000013c51cb,6816be1334bc5f118b922621,6822189860543a846abe59b4,0,0,,
68221a3e8f6c92b7216fdeca,882,html-button-response,39,187003,0,5bb58c0c27fb5000013c51cb,6816be1334bc5f118b922621,6822189860543a846abe59b4,0,0,,
68221a3e8f6c92b7216fdecc,1602,html-button-response,40,188606,0,5bb58c0c27fb5000013c51cb,6816be1334bc5f118b922621,6822189860543a846abe59b4,0,0,,
68221a3e8f6c92b7216fdece,2786,survey-multi-choice,41,191393,0,5bb58c0c27fb5000013c51cb,6816be1334bc5f118b922621,6822189860543a846abe59b4,0,"{""Q0"":""고형물""}",책상,practice_solidity
68221a3e8f6c92b7216fded0,2662,survey-multi-choice,43,194713,0,5bb58c0c27fb5000013c51cb,6816be1334bc5f118b922621,6822189860543a846abe59b4,0,"{""Q0"":""비고형물""}",우유,practice_solidity
68221a3e8f6c92b7216fded2,1393,html-button-response,44,196108,0,5bb58c0c27fb5000013c51cb,6816be1334bc5f118b922621,6822189860543a846abe59b4,0,0,,
68221a3e8f6c92b7216fded4,710,html-button-response,45,196819,0,5bb58c0c27fb5000013c51cb,6816be1334bc5f118b922621,6822189860543a846abe59b4,0,0,,
68221a3e8f6c92b7216fded6,79831,survey-multi-choice,49,292183,0,5bb58c0c27fb5000013c51cb,6816be1334bc5f118b922621,6822189860543a846abe59b4,0,"{""Q0"":""비고형물""}",잠바,solidity
68221a3e8f6c92b7216fded8,4137,survey-multi-choice,46,200958,0,5bb58c0c27fb5000013c51cb,6816be1334bc5f118b922621,6822189860543a846abe59b4,0,"{""Q0"":""비고형물""}",입,solidity
68221a3e8f6c92b7216fdeda,5501,survey-multi-choice,47,206460,0,5bb58c0c27fb5000013c51cb,6816be1334bc5f118b922621,6822189860543a846abe59b4,0,"{""Q0"":""비고형물""}",피자,solidity
68221a3e8f6c92b7216fdedc,5888,survey-multi-choice,48,212350,0,5bb58c0c27fb5000013c51cb,6816be1334bc5f118b922621,6822189860543a846abe59b4,0,"{""Q0"":""비고형물""}",감,solidity
68221a3e8f6c92b7216fdede,1846,survey-multi-choice,50,294030,0,5bb58c0c27fb5000013c51cb,6816be1334bc5f118b922621,6822189860543a846abe59b4,0,"{""Q0"":""고형물""}",새,solidity
68221a3e8f6c92b7216fdee0,2087,survey-multi-choice,51,296119,0,5bb58c0c27fb5000013c51cb,6816be1334bc5f118b922621,6822189860543a846abe59b4,0,"{""Q0"":""고형물""}",어깨,solidity
68221a3e8f6c92b7216fdee2,5601,survey-multi-choice,52,301721,0,5bb58c0c27fb5000013c51cb,6816be1334bc5f118b922621,6822189860543a846abe59b4,0,"{""Q0"":""비고형물""}",하마,solidity
68221a3e8f6c92b7216fdee4,2198,survey-multi-choice,53,303921,0,5bb58c0c27fb5000013c51cb,6816be1334bc5f118b922621,6822189860543a846abe59b4,0,"{""Q0"":""고형물""}",땅콩,solidity
68221a3e8f6c92b7216fdee6,2199,survey-multi-choice,55,307889,0,5bb58c0c27fb5000013c51cb,6816be1334bc5f118b922621,6822189860543a846abe59b4,0,"{""Q0"":""비고형물""}",도너츠,solidity
68221a3e8f6c92b7216fdee8,1767,survey-multi-choice,54,305689,0,5bb58c0c27fb5000013c51cb,6816be1334bc5f118b922621,6822189860543a846abe59b4,0,"{""Q0"":""비고형물""}",허리띠,solidity
68221a3e8f6c92b7216fdeea,2225,survey-multi-choice,56,310115,0,5bb58c0c27fb5000013c51cb,6816be1334bc5f118b922621,6822189860543a846abe59b4,0,"{""Q0"":""비고형물""}",흙,solidity
68221a3e8f6c92b7216fdeec,2839,survey-multi-choice,58,320025,0,5bb58c0c27fb5000013c51cb,6816be1334bc5f118b922621,6822189860543a846abe59b4,0,"{""Q0"":""비고형물""}",햄버거,solidity
68221a3e8f6c92b7216fdeee,7069,survey-multi-choice,57,317185,0,5bb58c0c27fb5000013c51cb,6816be1334bc5f118b922621,6822189860543a846abe59b4,0,"{""Q0"":""고형물""}",바나나,solidity
68221a3e8f6c92b7216fdef0,1783,survey-multi-choice,59,321810,0,5bb58c0c27fb5000013c51cb,6816be1334bc5f118b922621,6822189860543a846abe59b4,0,"{""Q0"":""고형물""}",비행기,solidity
68221a3e8f6c92b7216fdef2,1945,survey-multi-choice,61,325496,0,5bb58c0c27fb5000013c51cb,6816be1334bc5f118b922621,6822189860543a846abe59b4,0,"{""Q0"":""고형물""}",라벤더,solidity
68221a3e8f6c92b7216fdef4,1739,survey-multi-choice,60,323550,0,5bb58c0c27fb5000013c51cb,6816be1334bc5f118b922621,6822189860543a846abe59b4,0,"{""Q0"":""고형물""}",서랍,solidity
68221a3e8f6c92b7216fdef6,6430,survey-multi-choice,62,331927,0,5bb58c0c27fb5000013c51cb,6816be1334bc5f118b922621,6822189860543a846abe59b4,0,"{""Q0"":""고형물""}",수박,solidity
68221a3e8f6c92b7216fdef8,1687,survey-multi-choice,63,333616,0,5bb58c0c27fb5000013c51cb,6816be1334bc5f118b922621,6822189860543a846abe59b4,0,"{""Q0"":""고형물""}",배추,solidity
68221a3e8f6c92b7216fdefa,1547,survey-multi-choice,64,335164,0,5bb58c0c27fb5000013c51cb,6816be1334bc5f118b922621,6822189860543a846abe59b4,0,"{""Q0"":""비고형물""}",하늘,solidity
68221a3e8f6c92b7216fdefc,1632,survey-multi-choice,65,336798,0,5bb58c0c27fb5000013c51cb,6816be1334bc5f118b922621,6822189860543a846abe59b4,0,"{""Q0"":""고형물""}",총,solidity
68221a3e8f6c92b7216fdefe,4281,html-button-response,67,342933,0,5bb58c0c27fb5000013c51cb,6816be1334bc5f118b922621,6822189860543a846abe59b4,0,0,,
68221a3e8f6c92b7216fdf00,1853,survey-multi-choice,66,338652,0,5bb58c0c27fb5000013c51cb,6816be1334bc5f118b922621,6822189860543a846abe59b4,0,"{""Q0"":""비고형물""}",풍선,solidity
68221a3e8f6c92b7216fdf02,976,html-button-response,69,345789,0,5bb58c0c27fb5000013c51cb,6816be1334bc5f118b922621,6822189860543a846abe59b4,0,0,,
68221a3e8f6c92b7216fdf04,1877,html-button-response,68,344812,0,5bb58c0c27fb5000013c51cb,6816be1334bc5f118b922621,6822189860543a846abe59b4,0,0,,
68221a3e8f6c92b7216fdf06,2154,html-button-response,70,347944,0,5bb58c0c27fb5000013c51cb,6816be1334bc5f118b922621,6822189860543a846abe59b4,0,0,,
68221a3e8f6c92b7216fdf08,3120,html-button-response,72,354144,0,5bb58c0c27fb5000013c51cb,6816be1334bc5f118b922621,6822189860543a846abe59b4,0,0,,
68221a3e8f6c92b7216fdf0a,3077,survey-multi-choice,71,351022,0,5bb58c0c27fb5000013c51cb,6816be1334bc5f118b922621,6822189860543a846abe59b4,0,"{""Q0"":""셀 수 있다""}",의자,practice_countmass
68221a3e8f6c92b7216fdf0c,2653,survey-multi-choice,73,356798,0,5bb58c0c27fb5000013c51cb,6816be1334bc5f118b922621,6822189860543a846abe59b4,0,"{""Q0"":""셀 수 없다""}",설탕,practice_countmass
68221a3e8f6c92b7216fdf0e,3117,html-button-response,74,359916,0,5bb58c0c27fb5000013c51cb,6816be1334bc5f118b922621,6822189860543a846abe59b4,0,0,,
68221a3e8f6c92b7216fdf10,1160,html-button-response,75,361077,0,5bb58c0c27fb5000013c51cb,6816be1334bc5f118b922621,6822189860543a846abe59b4,0,0,,
68221a3e8f6c92b7216fdf12,9865,survey-multi-choice,76,370944,0,5bb58c0c27fb5000013c51cb,6816be1334bc5f118b922621,6822189860543a846abe59b4,0,"{""Q0"":""셀 수 있다""}",목,count_mass
68221a3e8f6c92b7216fdf14,2073,survey-multi-choice,77,373018,0,5bb58c0c27fb5000013c51cb,6816be1334bc5f118b922621,6822189860543a846abe59b4,0,"{""Q0"":""셀 수 있다""}",종이,count_mass
68221a3e8f6c92b7216fdf16,7378,survey-multi-choice,78,380397,0,5bb58c0c27fb5000013c51cb,6816be1334bc5f118b922621,6822189860543a846abe59b4,0,"{""Q0"":""셀 수 없다""}",콜라,count_mass
68221a3e8f6c92b7216fdf18,1814,survey-multi-choice,79,382212,0,5bb58c0c27fb5000013c51cb,6816be1334bc5f118b922621,6822189860543a846abe59b4,0,"{""Q0"":""셀 수 있다""}",동물,count_mass
68221a3e8f6c92b7216fdf1a,1481,survey-multi-choice,80,383694,0,5bb58c0c27fb5000013c51cb,6816be1334bc5f118b922621,6822189860543a846abe59b4,0,"{""Q0"":""셀 수 있다""}",돼지,count_mass
68221a3e8f6c92b7216fdf1c,1734,survey-multi-choice,83,388189,0,5bb58c0c27fb5000013c51cb,6816be1334bc5f118b922621,6822189860543a846abe59b4,0,"{""Q0"":""셀 수 없다""}",회색,count_mass
68221a3e8f6c92b7216fdf1e,1348,survey-multi-choice,81,385043,0,5bb58c0c27fb5000013c51cb,6816be1334bc5f118b922621,6822189860543a846abe59b4,0,"{""Q0"":""셀 수 있다""}",부엉이,count_mass
68221a3e8f6c92b7216fdf20,1409,survey-multi-choice,82,386454,0,5bb58c0c27fb5000013c51cb,6816be1334bc5f118b922621,6822189860543a846abe59b4,0,"{""Q0"":""셀 수 있다""}",사다리,count_mass
68221a3e8f6c92b7216fdf22,2178,survey-multi-choice,85,394792,0,5bb58c0c27fb5000013c51cb,6816be1334bc5f118b922621,6822189860543a846abe59b4,0,"{""Q0"":""셀 수 있다""}",피아노,count_mass
68221a3e8f6c92b7216fdf24,4421,survey-multi-choice,84,392612,0,5bb58c0c27fb5000013c51cb,6816be1334bc5f118b922621,6822189860543a846abe59b4,0,"{""Q0"":""셀 수 있다""}",선물,count_mass
68221a3e8f6c92b7216fdf26,1291,survey-multi-choice,86,396084,0,5bb58c0c27fb5000013c51cb,6816be1334bc5f118b922621,6822189860543a846abe59b4,0,"{""Q0"":""셀 수 있다""}",고구마,count_mass
68221a3e8f6c92b7216fdf28,5321,survey-multi-choice,90,405752,0,5bb58c0c27fb5000013c51cb,6816be1334bc5f118b922621,6822189860543a846abe59b4,0,"{""Q0"":""셀 수 있다""}",국수,count_mass
68221a3e8f6c92b7216fdf2a,1416,survey-multi-choice,87,397501,0,5bb58c0c27fb5000013c51cb,6816be1334bc5f118b922621,6822189860543a846abe59b4,0,"{""Q0"":""셀 수 있다""}",목도리,count_mass
68221a3e8f6c92b7216fdf2c,1557,survey-multi-choice,91,407310,0,5bb58c0c27fb5000013c51cb,6816be1334bc5f118b922621,6822189860543a846abe59b4,0,"{""Q0"":""셀 수 있다""}",기차,count_mass
68221a3e8f6c92b7216fdf2e,1198,survey-multi-choice,92,408509,0,5bb58c0c27fb5000013c51cb,6816be1334bc5f118b922621,6822189860543a846abe59b4,0,"{""Q0"":""셀 수 있다""}",텔레비전,count_mass
68221a3e8f6c92b7216fdf30,1421,survey-multi-choice,88,398924,0,5bb58c0c27fb5000013c51cb,6816be1334bc5f118b922621,6822189860543a846abe59b4,0,"{""Q0"":""셀 수 있다""}",엉덩이,count_mass
68221a3e8f6c92b7216fdf32,1505,survey-multi-choice,89,400430,0,5bb58c0c27fb5000013c51cb,6816be1334bc5f118b922621,6822189860543a846abe59b4,0,"{""Q0"":""셀 수 있다""}",얼굴,count_mass
68221a3f8f6c92b7216fdf34,1393,survey-multi-choice,93,409903,0,5bb58c0c27fb5000013c51cb,6816be1334bc5f118b922621,6822189860543a846abe59b4,0,"{""Q0"":""셀 수 있다""}",핫도그,count_mass
68221a3f8f6c92b7216fdf36,3014,survey-multi-choice,94,412918,0,5bb58c0c27fb5000013c51cb,6816be1334bc5f118b922621,6822189860543a846abe59b4,0,"{""Q0"":""셀 수 있다""}",구름,count_mass
68221a3f8f6c92b7216fdf38,1787,html-button-response,97,417590,0,5bb58c0c27fb5000013c51cb,6816be1334bc5f118b922621,6822189860543a846abe59b4,0,0,,
68221a3f8f6c92b7216fdf3a,1392,survey-multi-choice,96,415802,0,5bb58c0c27fb5000013c51cb,6816be1334bc5f118b922621,6822189860543a846abe59b4,0,"{""Q0"":""셀 수 있다""}",복숭아,count_mass
68221a3f8f6c92b7216fdf3c,1490,survey-multi-choice,95,414409,0,5bb58c0c27fb5000013c51cb,6816be1334bc5f118b922621,6822189860543a846abe59b4,0,"{""Q0"":""셀 수 있다""}",치약,count_mass
6822304d8f6c92b7216fdf3e,4733,instructions,0,4742,0,65031d7c7ec180c6f45ea10e,6816be1334bc5f118b922621,68222e9696082824528db129,0,,,
6822304d8f6c92b7216fdf40,5914,instructions,1,10658,0,65031d7c7ec180c6f45ea10e,6816be1334bc5f118b922621,68222e9696082824528db129,0,,,
6822304d8f6c92b7216fdf42,2049,html-button-response,97,428096,0,65031d7c7ec180c6f45ea10e,6816be1334bc5f118b922621,68222e9696082824528db129,0,0,,
6822304d8f6c92b7216fdf44,18775,html-button-response,2,29437,0,65031d7c7ec180c6f45ea10e,6816be1334bc5f118b922621,68222e9696082824528db129,0,0,,
6822304d8f6c92b7216fdf46,3418,survey-multi-choice,96,426044,0,65031d7c7ec180c6f45ea10e,6816be1334bc5f118b922621,68222e9696082824528db129,0,"{""Q0"":""해당 사항 없음""}",오렌지,category_organization
6822304d8f6c92b7216fdf48,2501,html-button-response,3,31943,0,65031d7c7ec180c6f45ea10e,6816be1334bc5f118b922621,68222e9696082824528db129,0,0,,
6822304d8f6c92b7216fdf4a,5660,survey-multi-choice,8,49700,0,65031d7c7ec180c6f45ea10e,6816be1334bc5f118b922621,68222e9696082824528db129,0,"{""Q0"":""셀 수 없다""}",설탕,practice_countmass
6822304d8f6c92b7216fdf4c,3997,survey-multi-choice,6,41541,0,65031d7c7ec180c6f45ea10e,6816be1334bc5f118b922621,68222e9696082824528db129,0,"{""Q0"":""셀 수 있다""}",의자,practice_countmass
6822304d8f6c92b7216fdf4e,3497,survey-multi-choice,95,422625,0,65031d7c7ec180c6f45ea10e,6816be1334bc5f118b922621,68222e9696082824528db129,0,"{""Q0"":""물질""}",그릇,category_organization
6822304d8f6c92b7216fdf50,2494,html-button-response,7,44037,0,65031d7c7ec180c6f45ea10e,6816be1334bc5f118b922621,68222e9696082824528db129,0,0,,
6822304d8f6c92b7216fdf52,2138,html-button-response,4,34083,0,65031d7c7ec180c6f45ea10e,6816be1334bc5f118b922621,68222e9696082824528db129,0,0,,
6822304d8f6c92b7216fdf54,3456,html-button-response,5,37542,0,65031d7c7ec180c6f45ea10e,6816be1334bc5f118b922621,68222e9696082824528db129,0,0,,
6822304d8f6c92b7216fdf56,2253,survey-multi-choice,94,419126,0,65031d7c7ec180c6f45ea10e,6816be1334bc5f118b922621,68222e9696082824528db129,0,"{""Q0"":""형태""}",서랍,category_organization
6822304d8f6c92b7216fdf58,4893,survey-multi-choice,93,416871,0,65031d7c7ec180c6f45ea10e,6816be1334bc5f118b922621,68222e9696082824528db129,0,"{""Q0"":""색상""}",귤,category_organization
6822304d8f6c92b7216fdf5a,3927,html-button-response,9,53629,0,65031d7c7ec180c6f45ea10e,6816be1334bc5f118b922621,68222e9696082824528db129,0,0,,
6822304d8f6c92b7216fdf5c,3503,survey-multi-choice,92,411976,0,65031d7c7ec180c6f45ea10e,6816be1334bc5f118b922621,68222e9696082824528db129,0,"{""Q0"":""물질""}",기저귀,category_organization
6822304d8f6c92b7216fdf5e,4331,html-button-response,10,57962,0,65031d7c7ec180c6f45ea10e,6816be1334bc5f118b922621,68222e9696082824528db129,0,0,,
6822304d8f6c92b7216fdf60,4517,survey-multi-choice,91,408472,0,65031d7c7ec180c6f45ea10e,6816be1334bc5f118b922621,68222e9696082824528db129,0,"{""Q0"":""색상""}",옷/꼬까,category_organization
6822304d8f6c92b7216fdf62,7530,survey-multi-choice,11,65496,0,65031d7c7ec180c6f45ea10e,6816be1334bc5f118b922621,68222e9696082824528db129,0,"{""Q0"":""셀 수 없다""}",소금,count_mass
6822304d8f6c92b7216fdf64,4739,survey-multi-choice,90,403954,0,65031d7c7ec180c6f45ea10e,6816be1334bc5f118b922621,68222e9696082824528db129,0,"{""Q0"":""물질""}",그네,category_organization
6822304d8f6c92b7216fdf66,2312,survey-multi-choice,89,399213,0,65031d7c7ec180c6f45ea10e,6816be1334bc5f118b922621,68222e9696082824528db129,0,"{""Q0"":""색상""}",개구리,category_organization
6822304d8f6c92b7216fdf68,3516,survey-multi-choice,12,69014,0,65031d7c7ec180c6f45ea10e,6816be1334bc5f118b922621,68222e9696082824528db129,0,"{""Q0"":""셀 수 있다""}",블록,count_mass
6822304d8f6c92b7216fdf6a,2586,survey-multi-choice,88,396900,0,65031d7c7ec180c6f45ea10e,6816be1334bc5f118b922621,68222e9696082824528db129,0,"{""Q0"":""색상""}",풍선,category_organization
6822304d8f6c92b7216fdf6c,1585,survey-multi-choice,13,70600,0,65031d7c7ec180c6f45ea10e,6816be1334bc5f118b922621,68222e9696082824528db129,0,"{""Q0"":""셀 수 있다""}",벌레,count_mass
6822304d8f6c92b7216fdf6e,4852,survey-multi-choice,14,75455,0,65031d7c7ec180c6f45ea10e,6816be1334bc5f118b922621,68222e9696082824528db129,0,"{""Q0"":""잘 모르겠다/구분이 어렵다""}",말,count_mass
6822304d8f6c92b7216fdf70,2362,survey-multi-choice,87,394313,0,65031d7c7ec180c6f45ea10e,6816be1334bc5f118b922621,68222e9696082824528db129,0,"{""Q0"":""색상""}",머리카락,category_organization
6822304d8f6c92b7216fdf72,1875,survey-multi-choice,15,77334,0,65031d7c7ec180c6f45ea10e,6816be1334bc5f118b922621,68222e9696082824528db129,0,"{""Q0"":""셀 수 있다""}",칫솔,count_mass
6822304d8f6c92b7216fdf74,3078,survey-multi-choice,86,391947,0,65031d7c7ec180c6f45ea10e,6816be1334bc5f118b922621,68222e9696082824528db129,0,"{""Q0"":""색상""}",팬티,category_organization
6822304d8f6c92b7216fdf76,2963,survey-multi-choice,16,80300,0,65031d7c7ec180c6f45ea10e,6816be1334bc5f118b922621,68222e9696082824528db129,0,"{""Q0"":""셀 수 있다""}",안경,count_mass
6822304d8f6c92b7216fdf78,2293,survey-multi-choice,85,388867,0,65031d7c7ec180c6f45ea10e,6816be1334bc5f118b922621,68222e9696082824528db129,0,"{""Q0"":""색상""}",개,category_organization
6822304d8f6c92b7216fdf7a,1905,survey-multi-choice,17,82209,0,65031d7c7ec180c6f45ea10e,6816be1334bc5f118b922621,68222e9696082824528db129,0,"{""Q0"":""셀 수 있다""}",돼지,count_mass
6822304d8f6c92b7216fdf7c,3148,survey-multi-choice,84,386570,0,65031d7c7ec180c6f45ea10e,6816be1334bc5f118b922621,68222e9696082824528db129,0,"{""Q0"":""형태""}",계단,category_organization
6822304d8f6c92b7216fdf7e,2595,survey-multi-choice,83,383420,0,65031d7c7ec180c6f45ea10e,6816be1334bc5f118b922621,68222e9696082824528db129,0,"{""Q0"":""해당 사항 없음""}",라벤더,category_organization
6822304d8f6c92b7216fdf80,1815,survey-multi-choice,18,84025,0,65031d7c7ec180c6f45ea10e,6816be1334bc5f118b922621,68222e9696082824528db129,0,"{""Q0"":""셀 수 있다""}",몸,count_mass
6822304d8f6c92b7216fdf82,1655,survey-multi-choice,19,85683,0,65031d7c7ec180c6f45ea10e,6816be1334bc5f118b922621,68222e9696082824528db129,0,"{""Q0"":""셀 수 있다""}",배,count_mass
6822304d8f6c92b7216fdf84,4971,survey-multi-choice,82,380823,0,65031d7c7ec180c6f45ea10e,6816be1334bc5f118b922621,68222e9696082824528db129,0,"{""Q0"":""색상""}",사슴,category_organization
6822304d8f6c92b7216fdf86,1412,survey-multi-choice,20,87095,0,65031d7c7ec180c6f45ea10e,6816be1334bc5f118b922621,68222e9696082824528db129,0,"{""Q0"":""셀 수 있다""}",비둘기,count_mass
6822304d8f6c92b7216fdf88,3781,survey-multi-choice,81,375850,0,65031d7c7ec180c6f45ea10e,6816be1334bc5f118b922621,68222e9696082824528db129,0,"{""Q0"":""색상""}",코끼리,category_organization
6822304d8f6c92b7216fdf8a,1310,survey-multi-choice,21,88406,0,65031d7c7ec180c6f45ea10e,6816be1334bc5f118b922621,68222e9696082824528db129,0,"{""Q0"":""셀 수 있다""}",수건,count_mass
6822304d8f6c92b7216fdf8c,7500,survey-multi-choice,80,372066,0,65031d7c7ec180c6f45ea10e,6816be1334bc5f118b922621,68222e9696082824528db129,0,"{""Q0"":""물질""}",장난감,category_organization
6822304d8f6c92b7216fdf8e,3549,survey-multi-choice,22,91957,0,65031d7c7ec180c6f45ea10e,6816be1334bc5f118b922621,68222e9696082824528db129,0,"{""Q0"":""잘 모르겠다/구분이 어렵다""}",시소,count_mass
6822304d8f6c92b7216fdf90,2488,survey-multi-choice,79,364563,0,65031d7c7ec180c6f45ea10e,6816be1334bc5f118b922621,68222e9696082824528db129,0,"{""Q0"":""해당 사항 없음""}",무릎,category_organization
6822304d8f6c92b7216fdf92,1311,survey-multi-choice,23,93270,0,65031d7c7ec180c6f45ea10e,6816be1334bc5f118b922621,68222e9696082824528db129,0,"{""Q0"":""셀 수 있다""}",바위,count_mass
6822304d8f6c92b7216fdf94,9515,survey-multi-choice,78,362072,0,65031d7c7ec180c6f45ea10e,6816be1334bc5f118b922621,68222e9696082824528db129,0,"{""Q0"":""해당 사항 없음""}",뺨,category_organization
6822304d8f6c92b7216fdf96,3056,survey-multi-choice,24,96329,0,65031d7c7ec180c6f45ea10e,6816be1334bc5f118b922621,68222e9696082824528db129,0,"{""Q0"":""셀 수 없다""}",피,count_mass
6822304d8f6c92b7216fdf98,2693,survey-multi-choice,77,352554,0,65031d7c7ec180c6f45ea10e,6816be1334bc5f118b922621,68222e9696082824528db129,0,"{""Q0"":""색상""}",머리,category_organization
6822304d8f6c92b7216fdf9a,2691,survey-multi-choice,25,99022,0,65031d7c7ec180c6f45ea10e,6816be1334bc5f118b922621,68222e9696082824528db129,0,"{""Q0"":""셀 수 있다""}",회색,count_mass
6822304d8f6c92b7216fdf9c,6442,survey-multi-choice,76,349859,0,65031d7c7ec180c6f45ea10e,6816be1334bc5f118b922621,68222e9696082824528db129,0,"{""Q0"":""물질""}",병,category_organization
6822304d8f6c92b7216fdf9e,1467,survey-multi-choice,26,100492,0,65031d7c7ec180c6f45ea10e,6816be1334bc5f118b922621,68222e9696082824528db129,0,"{""Q0"":""셀 수 있다""}",케이크,count_mass
6822304d8f6c92b7216fdfa0,1033,html-button-response,75,343413,0,65031d7c7ec180c6f45ea10e,6816be1334bc5f118b922621,68222e9696082824528db129,0,0,,
6822304d8f6c92b7216fdfa2,1352,survey-multi-choice,27,101845,0,65031d7c7ec180c6f45ea10e,6816be1334bc5f118b922621,68222e9696082824528db129,0,"{""Q0"":""셀 수 있다""}",바지,count_mass
6822304d8f6c92b7216fdfa4,4648,html-button-response,74,342376,0,65031d7c7ec180c6f45ea10e,6816be1334bc5f118b922621,68222e9696082824528db129,0,0,,
6822304d8f6c92b7216fdfa8,13574,survey-multi-choice,73,337727,0,65031d7c7ec180c6f45ea10e,6816be1334bc5f118b922621,68222e9696082824528db129,0,"{""Q0"":""해당 사항 없음""}",빨간불,practice_category
6822304d8f6c92b7216fdfa6,2044,survey-multi-choice,28,103891,0,65031d7c7ec180c6f45ea10e,6816be1334bc5f118b922621,68222e9696082824528db129,0,"{""Q0"":""셀 수 있다""}",쥐,count_mass
6822304d8f6c92b7216fdfaa,1728,survey-multi-choice,29,105620,0,65031d7c7ec180c6f45ea10e,6816be1334bc5f118b922621,68222e9696082824528db129,0,"{""Q0"":""셀 수 있다""}",달,count_mass
6822304d8f6c92b7216fdfac,6954,html-button-response,72,324150,0,65031d7c7ec180c6f45ea10e,6816be1334bc5f118b922621,68222e9696082824528db129,0,0,,
6822304d8f6c92b7216fdfae,1772,survey-multi-choice,30,107394,0,65031d7c7ec180c6f45ea10e,6816be1334bc5f118b922621,68222e9696082824528db129,0,"{""Q0"":""셀 수 있다""}",밤,count_mass
6822304d8f6c92b7216fdfb0,6137,survey-multi-choice,71,317193,0,65031d7c7ec180c6f45ea10e,6816be1334bc5f118b922621,68222e9696082824528db129,0,"{""Q0"":""색상""}",도자기,practice_category
6822304d8f6c92b7216fdfb2,7691,survey-multi-choice,31,115087,0,65031d7c7ec180c6f45ea10e,6816be1334bc5f118b922621,68222e9696082824528db129,0,"{""Q0"":""잘 모르겠다/구분이 어렵다""}",지붕,count_mass
6822304d8f6c92b7216fdfb4,1705,html-button-response,70,311052,0,65031d7c7ec180c6f45ea10e,6816be1334bc5f118b922621,68222e9696082824528db129,0,0,,
6822304d8f6c92b7216fdfb6,5959,survey-multi-choice,69,309346,0,65031d7c7ec180c6f45ea10e,6816be1334bc5f118b922621,68222e9696082824528db129,0,"{""Q0"":""해당 사항 없음""}",불안감,practice_category
6822304d8f6c92b7216fdfb8,7501,html-button-response,32,122590,0,65031d7c7ec180c6f45ea10e,6816be1334bc5f118b922621,68222e9696082824528db129,0,0,,
6822304d8f6c92b7216fdfba,1802,html-button-response,33,124394,0,65031d7c7ec180c6f45ea10e,6816be1334bc5f118b922621,68222e9696082824528db129,0,0,,
6822304d8f6c92b7216fdfbc,704,html-button-response,68,303385,0,65031d7c7ec180c6f45ea10e,6816be1334bc5f118b922621,68222e9696082824528db129,0,0,,
6822304d8f6c92b7216fdfbe,1075,html-button-response,34,125475,0,65031d7c7ec180c6f45ea10e,6816be1334bc5f118b922621,68222e9696082824528db129,0,0,,
6822304d8f6c92b7216fdfc0,4728,survey-multi-choice,67,302680,0,65031d7c7ec180c6f45ea10e,6816be1334bc5f118b922621,68222e9696082824528db129,0,"{""Q0"":""형태""}",정사각형,practice_category
6822304d8f6c92b7216fdfc2,1700,html-button-response,35,127179,0,65031d7c7ec180c6f45ea10e,6816be1334bc5f118b922621,68222e9696082824528db129,0,0,,
6822304d8f6c92b7216fdfc4,1511,html-button-response,66,297946,0,65031d7c7ec180c6f45ea10e,6816be1334bc5f118b922621,68222e9696082824528db129,0,0,,
6822304d8f6c92b7216fdfc6,5282,survey-multi-choice,36,132463,0,65031d7c7ec180c6f45ea10e,6816be1334bc5f118b922621,68222e9696082824528db129,0,"{""Q0"":""고형물""}",책상,practice_solidity
6822304d8f6c92b7216fdfc8,1031,html-button-response,37,133496,0,65031d7c7ec180c6f45ea10e,6816be1334bc5f118b922621,68222e9696082824528db129,0,0,,
6822304d8f6c92b7216fdfca,1148,html-button-response,65,296434,0,65031d7c7ec180c6f45ea10e,6816be1334bc5f118b922621,68222e9696082824528db129,0,0,,
6822304d8f6c92b7216fdfcc,7687,html-button-response,64,295284,0,65031d7c7ec180c6f45ea10e,6816be1334bc5f118b922621,68222e9696082824528db129,0,0,,
6822304d8f6c92b7216fdfce,2157,survey-multi-choice,38,135657,0,65031d7c7ec180c6f45ea10e,6816be1334bc5f118b922621,68222e9696082824528db129,0,"{""Q0"":""비고형물""}",우유,practice_solidity
6822304d8f6c92b7216fdfd0,6143,html-button-response,63,287592,0,65031d7c7ec180c6f45ea10e,6816be1334bc5f118b922621,68222e9696082824528db129,0,0,,
6822304d8f6c92b7216fdfd2,597,html-button-response,39,136256,0,65031d7c7ec180c6f45ea10e,6816be1334bc5f118b922621,68222e9696082824528db129,0,0,,
6822304d8f6c92b7216fdfd4,84733,html-button-response,62,281446,0,65031d7c7ec180c6f45ea10e,6816be1334bc5f118b922621,68222e9696082824528db129,0,0,,
6822304d8f6c92b7216fdfd6,747,html-button-response,40,137008,0,65031d7c7ec180c6f45ea10e,6816be1334bc5f118b922621,68222e9696082824528db129,0,0,,
6822304d8f6c92b7216fdfd8,21536,survey-multi-choice,61,196709,0,65031d7c7ec180c6f45ea10e,6816be1334bc5f118b922621,68222e9696082824528db129,0,"{""Q0"":""고형물""}",선물,solidity
6822304d8f6c92b7216fdfda,1792,survey-multi-choice,41,138801,0,65031d7c7ec180c6f45ea10e,6816be1334bc5f118b922621,68222e9696082824528db129,0,"{""Q0"":""고형물""}",발톱,solidity
6822304d8f6c92b7216fdfdc,2708,survey-multi-choice,60,175169,0,65031d7c7ec180c6f45ea10e,6816be1334bc5f118b922621,68222e9696082824528db129,0,"{""Q0"":""고형물""}",라벤더,solidity
6822304d8f6c92b7216fdfde,1682,survey-multi-choice,42,140486,0,65031d7c7ec180c6f45ea10e,6816be1334bc5f118b922621,68222e9696082824528db129,0,"{""Q0"":""고형물""}",초콜렛,solidity
6822304d8f6c92b7216fdfe0,1432,survey-multi-choice,59,172461,0,65031d7c7ec180c6f45ea10e,6816be1334bc5f118b922621,68222e9696082824528db129,0,"{""Q0"":""고형물""}",이/이빨,solidity
6822304d8f6c92b7216fdfe2,1720,survey-multi-choice,43,142209,0,65031d7c7ec180c6f45ea10e,6816be1334bc5f118b922621,68222e9696082824528db129,0,"{""Q0"":""고형물""}",고기,solidity
6822304d8f6c92b7216fdfe4,1763,survey-multi-choice,58,171027,0,65031d7c7ec180c6f45ea10e,6816be1334bc5f118b922621,68222e9696082824528db129,0,"{""Q0"":""고형물""}",바나나,solidity
6822304d8f6c92b7216fdfe6,1320,survey-multi-choice,44,143532,0,65031d7c7ec180c6f45ea10e,6816be1334bc5f118b922621,68222e9696082824528db129,0,"{""Q0"":""고형물""}",나무,solidity
6822304e8f6c92b7216fdfe8,2399,survey-multi-choice,57,169262,0,65031d7c7ec180c6f45ea10e,6816be1334bc5f118b922621,68222e9696082824528db129,0,"{""Q0"":""비고형물""}",해/햇빛,solidity
6822304e8f6c92b7216fdfea,1388,survey-multi-choice,45,144924,0,65031d7c7ec180c6f45ea10e,6816be1334bc5f118b922621,68222e9696082824528db129,0,"{""Q0"":""고형물""}",닭,solidity
6822304e8f6c92b7216fdfec,1315,survey-multi-choice,56,166861,0,65031d7c7ec180c6f45ea10e,6816be1334bc5f118b922621,68222e9696082824528db129,0,"{""Q0"":""고형물""}",책,solidity
6822304e8f6c92b7216fdfee,1322,survey-multi-choice,46,146246,0,65031d7c7ec180c6f45ea10e,6816be1334bc5f118b922621,68222e9696082824528db129,0,"{""Q0"":""고형물""}",종이,solidity
6822304e8f6c92b7216fdff0,1286,survey-multi-choice,55,165545,0,65031d7c7ec180c6f45ea10e,6816be1334bc5f118b922621,68222e9696082824528db129,0,"{""Q0"":""고형물""}",잠바,solidity
6822304e8f6c92b7216fdff2,4321,survey-multi-choice,47,150571,0,65031d7c7ec180c6f45ea10e,6816be1334bc5f118b922621,68222e9696082824528db129,0,"{""Q0"":""해당 사항 없음""}",화장실,solidity
6822304e8f6c92b7216fdff4,3667,survey-multi-choice,54,164256,0,65031d7c7ec180c6f45ea10e,6816be1334bc5f118b922621,68222e9696082824528db129,0,"{""Q0"":""해당 사항 없음""}",전화,solidity
6822304e8f6c92b7216fdff6,1348,survey-multi-choice,48,151920,0,65031d7c7ec180c6f45ea10e,6816be1334bc5f118b922621,68222e9696082824528db129,0,"{""Q0"":""고형물""}",우산,solidity
6822304e8f6c92b7216fdff8,1449,survey-multi-choice,53,160586,0,65031d7c7ec180c6f45ea10e,6816be1334bc5f118b922621,68222e9696082824528db129,0,"{""Q0"":""고형물""}",빗자루,solidity
6822304e8f6c92b7216fdffa,2327,survey-multi-choice,49,154250,0,65031d7c7ec180c6f45ea10e,6816be1334bc5f118b922621,68222e9696082824528db129,0,"{""Q0"":""고형물""}",아이스크림,solidity
6822304e8f6c92b7216fdffc,1618,survey-multi-choice,52,159135,0,65031d7c7ec180c6f45ea10e,6816be1334bc5f118b922621,68222e9696082824528db129,0,"{""Q0"":""고형물""}",생선,solidity
6822304e8f6c92b7216fdffe,1964,survey-multi-choice,50,156216,0,65031d7c7ec180c6f45ea10e,6816be1334bc5f118b922621,68222e9696082824528db129,0,"{""Q0"":""해당 사항 없음""}",길,solidity
6822304e8f6c92b7216fe000,1297,survey-multi-choice,51,157514,0,65031d7c7ec180c6f45ea10e,6816be1334bc5f118b922621,68222e9696082824528db129,0,"{""Q0"":""고형물""}",소,solidity
68224cab8f6c92b7216fe002,4658,instructions,0,4661,0,6085a843a78d20829182301f,6816be1334bc5f118b922621,68224b69b2c420089fc1a018,0,,,
68224cac8f6c92b7216fe004,2883,html-button-response,3,16717,0,6085a843a78d20829182301f,6816be1334bc5f118b922621,68224b69b2c420089fc1a018,0,0,,
68224cac8f6c92b7216fe006,5137,html-button-response,2,13833,0,6085a843a78d20829182301f,6816be1334bc5f118b922621,68224b69b2c420089fc1a018,0,0,,
68224cac8f6c92b7216fe008,4028,instructions,1,8692,0,6085a843a78d20829182301f,6816be1334bc5f118b922621,68224b69b2c420089fc1a018,0,,,
68224cac8f6c92b7216fe00a,1301,html-button-response,4,18020,0,6085a843a78d20829182301f,6816be1334bc5f118b922621,68224b69b2c420089fc1a018,0,0,,
68224cac8f6c92b7216fe00c,8038,survey-multi-choice,6,31156,0,6085a843a78d20829182301f,6816be1334bc5f118b922621,68224b69b2c420089fc1a018,0,"{""Q0"":""셀 수 있다""}",의자,practice_countmass
68224cac8f6c92b7216fe00e,5090,html-button-response,5,23112,0,6085a843a78d20829182301f,6816be1334bc5f118b922621,68224b69b2c420089fc1a018,0,0,,
68224cac8f6c92b7216fe010,3423,html-button-response,7,34582,0,6085a843a78d20829182301f,6816be1334bc5f118b922621,68224b69b2c420089fc1a018,0,0,,
68224cac8f6c92b7216fe012,2203,survey-multi-choice,12,55593,0,6085a843a78d20829182301f,6816be1334bc5f118b922621,68224b69b2c420089fc1a018,0,"{""Q0"":""셀 수 있다""}",새,count_mass
68224cac8f6c92b7216fe014,6901,survey-multi-choice,8,41484,0,6085a843a78d20829182301f,6816be1334bc5f118b922621,68224b69b2c420089fc1a018,0,"{""Q0"":""셀 수 없다""}",설탕,practice_countmass
68224cac8f6c92b7216fe016,4561,survey-multi-choice,11,53388,0,6085a843a78d20829182301f,6816be1334bc5f118b922621,68224b69b2c420089fc1a018,0,"{""Q0"":""셀 수 있다""}",지붕,count_mass
68224cac8f6c92b7216fe018,1399,html-button-response,10,48825,0,6085a843a78d20829182301f,6816be1334bc5f118b922621,68224b69b2c420089fc1a018,0,0,,
68224cac8f6c92b7216fe01a,5936,html-button-response,9,47423,0,6085a843a78d20829182301f,6816be1334bc5f118b922621,68224b69b2c420089fc1a018,0,0,,
68224cac8f6c92b7216fe01c,1749,survey-multi-choice,16,63244,0,6085a843a78d20829182301f,6816be1334bc5f118b922621,68224b69b2c420089fc1a018,0,"{""Q0"":""셀 수 있다""}",수건,count_mass
68224cac8f6c92b7216fe01e,1785,survey-multi-choice,13,57380,0,6085a843a78d20829182301f,6816be1334bc5f118b922621,68224b69b2c420089fc1a018,0,"{""Q0"":""셀 수 있다""}",크레용/크레파스,count_mass
68224cac8f6c92b7216fe020,2341,survey-multi-choice,14,59724,0,6085a843a78d20829182301f,6816be1334bc5f118b922621,68224b69b2c420089fc1a018,0,"{""Q0"":""셀 수 있다""}",감자,count_mass
68224cac8f6c92b7216fe022,1767,survey-multi-choice,15,61493,0,6085a843a78d20829182301f,6816be1334bc5f118b922621,68224b69b2c420089fc1a018,0,"{""Q0"":""셀 수 있다""}",아이스크림,count_mass
68224cac8f6c92b7216fe024,2889,survey-multi-choice,17,66135,0,6085a843a78d20829182301f,6816be1334bc5f118b922621,68224b69b2c420089fc1a018,0,"{""Q0"":""셀 수 있다""}",이/이빨,count_mass
68224cac8f6c92b7216fe026,1931,survey-multi-choice,18,68066,0,6085a843a78d20829182301f,6816be1334bc5f118b922621,68224b69b2c420089fc1a018,0,"{""Q0"":""셀 수 있다""}",택시,count_mass
68224cac8f6c92b7216fe028,1666,survey-multi-choice,19,69734,0,6085a843a78d20829182301f,6816be1334bc5f118b922621,68224b69b2c420089fc1a018,0,"{""Q0"":""셀 수 있다""}",도너츠,count_mass
68224cac8f6c92b7216fe02a,1760,survey-multi-choice,21,73932,0,6085a843a78d20829182301f,6816be1334bc5f118b922621,68224b69b2c420089fc1a018,0,"{""Q0"":""셀 수 있다""}",눈사람,count_mass
68224cac8f6c92b7216fe02c,2434,survey-multi-choice,20,72170,0,6085a843a78d20829182301f,6816be1334bc5f118b922621,68224b69b2c420089fc1a018,0,"{""Q0"":""셀 수 있다""}",회색,count_mass
68224cac8f6c92b7216fe02e,1807,survey-multi-choice,22,75741,0,6085a843a78d20829182301f,6816be1334bc5f118b922621,68224b69b2c420089fc1a018,0,"{""Q0"":""셀 수 있다""}",귀,count_mass
68224cac8f6c92b7216fe030,1778,survey-multi-choice,23,77522,0,6085a843a78d20829182301f,6816be1334bc5f118b922621,68224b69b2c420089fc1a018,0,"{""Q0"":""셀 수 있다""}",비누방울,count_mass
68224cac8f6c92b7216fe032,1761,survey-multi-choice,24,79285,0,6085a843a78d20829182301f,6816be1334bc5f118b922621,68224b69b2c420089fc1a018,0,"{""Q0"":""셀 수 있다""}",망치,count_mass
68224cac8f6c92b7216fe034,1524,survey-multi-choice,28,88238,0,6085a843a78d20829182301f,6816be1334bc5f118b922621,68224b69b2c420089fc1a018,0,"{""Q0"":""셀 수 있다""}",스파게티,count_mass
68224cac8f6c92b7216fe036,1927,survey-multi-choice,29,90167,0,6085a843a78d20829182301f,6816be1334bc5f118b922621,68224b69b2c420089fc1a018,0,"{""Q0"":""셀 수 없다""}",흙,count_mass
68224cac8f6c92b7216fe038,3945,survey-multi-choice,25,83233,0,6085a843a78d20829182301f,6816be1334bc5f118b922621,68224b69b2c420089fc1a018,0,"{""Q0"":""셀 수 없다""}",쌀,count_mass
68224cac8f6c92b7216fe03a,1808,survey-multi-choice,26,85043,0,6085a843a78d20829182301f,6816be1334bc5f118b922621,68224b69b2c420089fc1a018,0,"{""Q0"":""셀 수 있다""}",귤,count_mass
68224cac8f6c92b7216fe03c,1666,survey-multi-choice,27,86712,0,6085a843a78d20829182301f,6816be1334bc5f118b922621,68224b69b2c420089fc1a018,0,"{""Q0"":""셀 수 있다""}",소파,count_mass
68224cac8f6c92b7216fe03e,2249,survey-multi-choice,30,92418,0,6085a843a78d20829182301f,6816be1334bc5f118b922621,68224b69b2c420089fc1a018,0,"{""Q0"":""셀 수 있다""}",팔,count_mass
68224cad8f6c92b7216fe040,5604,html-button-response,32,99599,0,6085a843a78d20829182301f,6816be1334bc5f118b922621,68224b69b2c420089fc1a018,0,0,,
68224cad8f6c92b7216fe042,5798,html-button-response,33,105398,0,6085a843a78d20829182301f,6816be1334bc5f118b922621,68224b69b2c420089fc1a018,0,0,,
68224cad8f6c92b7216fe044,1574,survey-multi-choice,31,93993,0,6085a843a78d20829182301f,6816be1334bc5f118b922621,68224b69b2c420089fc1a018,0,"{""Q0"":""셀 수 있다""}",의자,count_mass
68224cad8f6c92b7216fe046,1118,html-button-response,35,114633,0,6085a843a78d20829182301f,6816be1334bc5f118b922621,68224b69b2c420089fc1a018,0,0,,
68224cad8f6c92b7216fe048,8115,html-button-response,34,113514,0,6085a843a78d20829182301f,6816be1334bc5f118b922621,68224b69b2c420089fc1a018,0,0,,
68224cad8f6c92b7216fe04a,3016,html-button-response,36,117650,0,6085a843a78d20829182301f,6816be1334bc5f118b922621,68224b69b2c420089fc1a018,0,0,,
68224cad8f6c92b7216fe04c,1057,html-button-response,38,128166,0,6085a843a78d20829182301f,6816be1334bc5f118b922621,68224b69b2c420089fc1a018,0,0,,
68224cad8f6c92b7216fe04e,13373,survey-multi-choice,39,141541,0,6085a843a78d20829182301f,6816be1334bc5f118b922621,68224b69b2c420089fc1a018,0,"{""Q0"":""물질""}",도자기,practice_category
68224cad8f6c92b7216fe050,9455,survey-multi-choice,37,127107,0,6085a843a78d20829182301f,6816be1334bc5f118b922621,68224b69b2c420089fc1a018,0,"{""Q0"":""색상""}",빨간불,practice_category
68224cad8f6c92b7216fe052,1231,html-button-response,40,142774,0,6085a843a78d20829182301f,6816be1334bc5f118b922621,68224b69b2c420089fc1a018,0,0,,
68224cad8f6c92b7216fe054,6541,survey-multi-choice,41,149317,0,6085a843a78d20829182301f,6816be1334bc5f118b922621,68224b69b2c420089fc1a018,0,"{""Q0"":""해당 사항 없음""}",불안감,practice_category
68224cad8f6c92b7216fe056,873,html-button-response,42,150192,0,6085a843a78d20829182301f,6816be1334bc5f118b922621,68224b69b2c420089fc1a018,0,0,,
68224cad8f6c92b7216fe058,3270,survey-multi-choice,43,153464,0,6085a843a78d20829182301f,6816be1334bc5f118b922621,68224b69b2c420089fc1a018,0,"{""Q0"":""형태""}",정사각형,practice_category
68224cad8f6c92b7216fe05a,764,html-button-response,44,154230,0,6085a843a78d20829182301f,6816be1334bc5f118b922621,68224b69b2c420089fc1a018,0,0,,
68224cad8f6c92b7216fe05c,1182,html-button-response,45,155413,0,6085a843a78d20829182301f,6816be1334bc5f118b922621,68224b69b2c420089fc1a018,0,0,,
68224cad8f6c92b7216fe05e,5022,survey-multi-choice,46,160438,0,6085a843a78d20829182301f,6816be1334bc5f118b922621,68224b69b2c420089fc1a018,0,"{""Q0"":""물질""}",고추,category_organization
68224cad8f6c92b7216fe060,2775,survey-multi-choice,47,163215,0,6085a843a78d20829182301f,6816be1334bc5f118b922621,68224b69b2c420089fc1a018,0,"{""Q0"":""물질""}",개,category_organization
68224cad8f6c92b7216fe062,3636,survey-multi-choice,48,166854,0,6085a843a78d20829182301f,6816be1334bc5f118b922621,68224b69b2c420089fc1a018,0,"{""Q0"":""물질""}",헬리콥터,category_organization
68224cad8f6c92b7216fe064,2057,survey-multi-choice,50,170898,0,6085a843a78d20829182301f,6816be1334bc5f118b922621,68224b69b2c420089fc1a018,0,"{""Q0"":""물질""}",염소,category_organization
68224cad8f6c92b7216fe066,1983,survey-multi-choice,49,168838,0,6085a843a78d20829182301f,6816be1334bc5f118b922621,68224b69b2c420089fc1a018,0,"{""Q0"":""물질""}",케이크,category_organization
68224cad8f6c92b7216fe068,1608,survey-multi-choice,51,172508,0,6085a843a78d20829182301f,6816be1334bc5f118b922621,68224b69b2c420089fc1a018,0,"{""Q0"":""물질""}",베개,category_organization
68224cad8f6c92b7216fe06a,2769,survey-multi-choice,52,175279,0,6085a843a78d20829182301f,6816be1334bc5f118b922621,68224b69b2c420089fc1a018,0,"{""Q0"":""물질""}",풀,category_organization
68224cad8f6c92b7216fe06c,8113,survey-multi-choice,53,183395,0,6085a843a78d20829182301f,6816be1334bc5f118b922621,68224b69b2c420089fc1a018,0,"{""Q0"":""해당 사항 없음""}",배꼽,category_organization
68224cad8f6c92b7216fe06e,2643,survey-multi-choice,54,186040,0,6085a843a78d20829182301f,6816be1334bc5f118b922621,68224b69b2c420089fc1a018,0,"{""Q0"":""물질""}",생선,category_organization
68224cad8f6c92b7216fe070,1892,survey-multi-choice,55,187935,0,6085a843a78d20829182301f,6816be1334bc5f118b922621,68224b69b2c420089fc1a018,0,"{""Q0"":""물질""}",얼음,category_organization
68224cad8f6c92b7216fe072,1942,survey-multi-choice,56,189879,0,6085a843a78d20829182301f,6816be1334bc5f118b922621,68224b69b2c420089fc1a018,0,"{""Q0"":""물질""}",머리카락,category_organization
68224cad8f6c92b7216fe074,2001,survey-multi-choice,57,191881,0,6085a843a78d20829182301f,6816be1334bc5f118b922621,68224b69b2c420089fc1a018,0,"{""Q0"":""물질""}",여우,category_organization
68224cad8f6c92b7216fe076,5170,survey-multi-choice,58,197053,0,6085a843a78d20829182301f,6816be1334bc5f118b922621,68224b69b2c420089fc1a018,0,"{""Q0"":""해당 사항 없음""}",동물,category_organization
68224cad8f6c92b7216fe078,1608,survey-multi-choice,60,200708,0,6085a843a78d20829182301f,6816be1334bc5f118b922621,68224b69b2c420089fc1a018,0,"{""Q0"":""물질""}",자전거,category_organization
68224cad8f6c92b7216fe07a,2043,survey-multi-choice,59,199098,0,6085a843a78d20829182301f,6816be1334bc5f118b922621,68224b69b2c420089fc1a018,0,"{""Q0"":""물질""}",상자,category_organization
68224cad8f6c92b7216fe07c,2116,survey-multi-choice,61,202826,0,6085a843a78d20829182301f,6816be1334bc5f118b922621,68224b69b2c420089fc1a018,0,"{""Q0"":""물질""}",지갑,category_organization
68224cad8f6c92b7216fe07e,4511,survey-multi-choice,62,207339,0,6085a843a78d20829182301f,6816be1334bc5f118b922621,68224b69b2c420089fc1a018,0,"{""Q0"":""해당 사항 없음""}",등,category_organization
68224cad8f6c92b7216fe080,4403,survey-multi-choice,63,211745,0,6085a843a78d20829182301f,6816be1334bc5f118b922621,68224b69b2c420089fc1a018,0,"{""Q0"":""물질""}",풍선,category_organization
68224cad8f6c92b7216fe082,11099,survey-multi-choice,64,222846,0,6085a843a78d20829182301f,6816be1334bc5f118b922621,68224b69b2c420089fc1a018,0,"{""Q0"":""물질""}",국,category_organization
68224cad8f6c92b7216fe084,2284,survey-multi-choice,65,225132,0,6085a843a78d20829182301f,6816be1334bc5f118b922621,68224b69b2c420089fc1a018,0,"{""Q0"":""물질""}",약,category_organization
68224cad8f6c92b7216fe086,1926,survey-multi-choice,66,227060,0,6085a843a78d20829182301f,6816be1334bc5f118b922621,68224b69b2c420089fc1a018,0,"{""Q0"":""해당 사항 없음""}",라벤더,category_organization
68224cae8f6c92b7216fe088,3483,html-button-response,67,230545,0,6085a843a78d20829182301f,6816be1334bc5f118b922621,68224b69b2c420089fc1a018,0,0,,
68224cae8f6c92b7216fe08a,2755,html-button-response,68,233302,0,6085a843a78d20829182301f,6816be1334bc5f118b922621,68224b69b2c420089fc1a018,0,0,,
68224cae8f6c92b7216fe08c,823,html-button-response,69,234126,0,6085a843a78d20829182301f,6816be1334bc5f118b922621,68224b69b2c420089fc1a018,0,0,,
68224cae8f6c92b7216fe08e,1357,html-button-response,70,235485,0,6085a843a78d20829182301f,6816be1334bc5f118b922621,68224b69b2c420089fc1a018,0,0,,
68224cae8f6c92b7216fe090,3678,survey-multi-choice,71,239166,0,6085a843a78d20829182301f,6816be1334bc5f118b922621,68224b69b2c420089fc1a018,0,"{""Q0"":""고형물""}",책상,practice_solidity
68224cae8f6c92b7216fe092,832,html-button-response,72,240001,0,6085a843a78d20829182301f,6816be1334bc5f118b922621,68224b69b2c420089fc1a018,0,0,,
68224cae8f6c92b7216fe094,2125,survey-multi-choice,73,242128,0,6085a843a78d20829182301f,6816be1334bc5f118b922621,68224b69b2c420089fc1a018,0,"{""Q0"":""비고형물""}",우유,practice_solidity
68224cae8f6c92b7216fe096,783,html-button-response,74,242913,0,6085a843a78d20829182301f,6816be1334bc5f118b922621,68224b69b2c420089fc1a018,0,0,,
68224cae8f6c92b7216fe098,797,html-button-response,75,243712,0,6085a843a78d20829182301f,6816be1334bc5f118b922621,68224b69b2c420089fc1a018,0,0,,
68224cae8f6c92b7216fe09a,3278,survey-multi-choice,76,246992,0,6085a843a78d20829182301f,6816be1334bc5f118b922621,68224b69b2c420089fc1a018,0,"{""Q0"":""고형물""}",배,solidity
68224cae8f6c92b7216fe09c,4461,survey-multi-choice,78,255268,0,6085a843a78d20829182301f,6816be1334bc5f118b922621,68224b69b2c420089fc1a018,0,"{""Q0"":""해당 사항 없음""}",화장실,solidity
68224cae8f6c92b7216fe09e,3810,survey-multi-choice,77,250805,0,6085a843a78d20829182301f,6816be1334bc5f118b922621,68224b69b2c420089fc1a018,0,"{""Q0"":""고형물""}",발톱,solidity
68224cae8f6c92b7216fe0a0,1467,survey-multi-choice,79,256737,0,6085a843a78d20829182301f,6816be1334bc5f118b922621,68224b69b2c420089fc1a018,0,"{""Q0"":""고형물""}",로봇,solidity
68224cae8f6c92b7216fe0a2,3830,survey-multi-choice,80,260569,0,6085a843a78d20829182301f,6816be1334bc5f118b922621,68224b69b2c420089fc1a018,0,"{""Q0"":""고형물""}",뱀,solidity
68224cae8f6c92b7216fe0a4,1321,survey-multi-choice,81,261891,0,6085a843a78d20829182301f,6816be1334bc5f118b922621,68224b69b2c420089fc1a018,0,"{""Q0"":""고형물""}",칫솔,solidity
68224cae8f6c92b7216fe0a6,3235,survey-multi-choice,82,265128,0,6085a843a78d20829182301f,6816be1334bc5f118b922621,68224b69b2c420089fc1a018,0,"{""Q0"":""고형물""}",쥐,solidity
68224cae8f6c92b7216fe0a8,1342,survey-multi-choice,84,267690,0,6085a843a78d20829182301f,6816be1334bc5f118b922621,68224b69b2c420089fc1a018,0,"{""Q0"":""고형물""}",과일,solidity
68224cae8f6c92b7216fe0aa,1216,survey-multi-choice,83,266346,0,6085a843a78d20829182301f,6816be1334bc5f118b922621,68224b69b2c420089fc1a018,0,"{""Q0"":""고형물""}",젓가락,solidity
68224cae8f6c92b7216fe0ac,4310,survey-multi-choice,85,272002,0,6085a843a78d20829182301f,6816be1334bc5f118b922621,68224b69b2c420089fc1a018,0,"{""Q0"":""해당 사항 없음""}",하늘,solidity
68224cae8f6c92b7216fe0ae,2251,survey-multi-choice,88,284691,0,6085a843a78d20829182301f,6816be1334bc5f118b922621,68224b69b2c420089fc1a018,0,"{""Q0"":""고형물""}",원숭이,solidity
68224cae8f6c92b7216fe0b0,3219,survey-multi-choice,86,275223,0,6085a843a78d20829182301f,6816be1334bc5f118b922621,68224b69b2c420089fc1a018,0,"{""Q0"":""고형물""}",엉덩이,solidity
68224cae8f6c92b7216fe0b2,7214,survey-multi-choice,87,282439,0,6085a843a78d20829182301f,6816be1334bc5f118b922621,68224b69b2c420089fc1a018,0,"{""Q0"":""해당 사항 없음""}",똥꼬,solidity
68224cae8f6c92b7216fe0b4,7957,survey-multi-choice,89,292650,0,6085a843a78d20829182301f,6816be1334bc5f118b922621,68224b69b2c420089fc1a018,0,"{""Q0"":""해당 사항 없음""}",별,solidity
68224cae8f6c92b7216fe0b6,7113,survey-multi-choice,90,299765,0,6085a843a78d20829182301f,6816be1334bc5f118b922621,68224b69b2c420089fc1a018,0,"{""Q0"":""비고형물""}",설탕,solidity
68224cae8f6c92b7216fe0b8,3076,survey-multi-choice,91,302843,0,6085a843a78d20829182301f,6816be1334bc5f118b922621,68224b69b2c420089fc1a018,0,"{""Q0"":""고형물""}",라벤더,solidity
68224cae8f6c92b7216fe0ba,1508,survey-multi-choice,93,306423,0,6085a843a78d20829182301f,6816be1334bc5f118b922621,68224b69b2c420089fc1a018,0,"{""Q0"":""고형물""}",냉장고,solidity
68224cae8f6c92b7216fe0bc,2068,survey-multi-choice,92,304913,0,6085a843a78d20829182301f,6816be1334bc5f118b922621,68224b69b2c420089fc1a018,0,"{""Q0"":""고형물""}",옷장,solidity
68224cae8f6c92b7216fe0be,1906,survey-multi-choice,94,308331,0,6085a843a78d20829182301f,6816be1334bc5f118b922621,68224b69b2c420089fc1a018,0,"{""Q0"":""고형물""}",옷/꼬까,solidity
68224cae8f6c92b7216fe0c0,1341,survey-multi-choice,95,309675,0,6085a843a78d20829182301f,6816be1334bc5f118b922621,68224b69b2c420089fc1a018,0,"{""Q0"":""고형물""}",사자,solidity
68224cae8f6c92b7216fe0c2,1543,survey-multi-choice,96,311220,0,6085a843a78d20829182301f,6816be1334bc5f118b922621,68224b69b2c420089fc1a018,0,"{""Q0"":""고형물""}",땅콩,solidity
68224caf8f6c92b7216fe0c4,3772,html-button-response,97,314994,0,6085a843a78d20829182301f,6816be1334bc5f118b922621,68224b69b2c420089fc1a018,0,0,,
6822654f8f6c92b7216fe0c6,2485,instructions,0,2486,0,6160e0e3a8156e01fe3e95a6,6816be1334bc5f118b922621,682263e650ead3811fc7bac9,0,,,
6822654f8f6c92b7216fe0c8,2878,instructions,1,5365,0,6160e0e3a8156e01fe3e95a6,6816be1334bc5f118b922621,682263e650ead3811fc7bac9,0,,,
6822654f8f6c92b7216fe0ca,2671,html-button-response,3,12757,0,6160e0e3a8156e01fe3e95a6,6816be1334bc5f118b922621,682263e650ead3811fc7bac9,0,0,,
6822654f8f6c92b7216fe0cc,4716,html-button-response,2,10086,0,6160e0e3a8156e01fe3e95a6,6816be1334bc5f118b922621,682263e650ead3811fc7bac9,0,0,,
6822654f8f6c92b7216fe0ce,1359,html-button-response,4,14118,0,6160e0e3a8156e01fe3e95a6,6816be1334bc5f118b922621,682263e650ead3811fc7bac9,0,0,,
6822654f8f6c92b7216fe0d0,2551,html-button-response,5,16670,0,6160e0e3a8156e01fe3e95a6,6816be1334bc5f118b922621,682263e650ead3811fc7bac9,0,0,,
6822654f8f6c92b7216fe0d2,6423,survey-multi-choice,6,23095,0,6160e0e3a8156e01fe3e95a6,6816be1334bc5f118b922621,682263e650ead3811fc7bac9,0,"{""Q0"":""셀 수 없다""}",의자,practice_countmass
6822654f8f6c92b7216fe0d4,1526,html-button-response,7,24622,0,6160e0e3a8156e01fe3e95a6,6816be1334bc5f118b922621,682263e650ead3811fc7bac9,0,0,,
6822654f8f6c92b7216fe0d6,2808,survey-multi-choice,8,27430,0,6160e0e3a8156e01fe3e95a6,6816be1334bc5f118b922621,682263e650ead3811fc7bac9,0,"{""Q0"":""셀 수 없다""}",설탕,practice_countmass
6822654f8f6c92b7216fe0d8,4638,html-button-response,9,32070,0,6160e0e3a8156e01fe3e95a6,6816be1334bc5f118b922621,682263e650ead3811fc7bac9,0,0,,
6822654f8f6c92b7216fe0da,1464,html-button-response,10,33534,0,6160e0e3a8156e01fe3e95a6,6816be1334bc5f118b922621,682263e650ead3811fc7bac9,0,0,,
6822654f8f6c92b7216fe0dc,2215,survey-multi-choice,11,35750,0,6160e0e3a8156e01fe3e95a6,6816be1334bc5f118b922621,682263e650ead3811fc7bac9,0,"{""Q0"":""셀 수 있다""}",복숭아,count_mass
6822654f8f6c92b7216fe0de,1839,survey-multi-choice,12,37590,0,6160e0e3a8156e01fe3e95a6,6816be1334bc5f118b922621,682263e650ead3811fc7bac9,0,"{""Q0"":""셀 수 있다""}",치마,count_mass
6822654f8f6c92b7216fe0e0,2239,survey-multi-choice,13,39830,0,6160e0e3a8156e01fe3e95a6,6816be1334bc5f118b922621,682263e650ead3811fc7bac9,0,"{""Q0"":""셀 수 있다""}",목욕탕,count_mass
6822654f8f6c92b7216fe0e2,1727,survey-multi-choice,14,41558,0,6160e0e3a8156e01fe3e95a6,6816be1334bc5f118b922621,682263e650ead3811fc7bac9,0,"{""Q0"":""셀 수 있다""}",썰매,count_mass
6822654f8f6c92b7216fe0e4,1927,survey-multi-choice,15,43486,0,6160e0e3a8156e01fe3e95a6,6816be1334bc5f118b922621,682263e650ead3811fc7bac9,0,"{""Q0"":""셀 수 있다""}",비둘기,count_mass
6822654f8f6c92b7216fe0e6,1487,survey-multi-choice,16,44974,0,6160e0e3a8156e01fe3e95a6,6816be1334bc5f118b922621,682263e650ead3811fc7bac9,0,"{""Q0"":""셀 수 있다""}",포크,count_mass
6822654f8f6c92b7216fe0e8,1399,survey-multi-choice,17,46374,0,6160e0e3a8156e01fe3e95a6,6816be1334bc5f118b922621,682263e650ead3811fc7bac9,0,"{""Q0"":""셀 수 있다""}",원숭이,count_mass
6822654f8f6c92b7216fe0ea,3855,survey-multi-choice,18,50230,0,6160e0e3a8156e01fe3e95a6,6816be1334bc5f118b922621,682263e650ead3811fc7bac9,0,"{""Q0"":""셀 수 있다""}",고구마,count_mass
682265508f6c92b7216fe0ec,1639,survey-multi-choice,19,51870,0,6160e0e3a8156e01fe3e95a6,6816be1334bc5f118b922621,682263e650ead3811fc7bac9,0,"{""Q0"":""셀 수 있다""}",물고기,count_mass
682265508f6c92b7216fe0ee,2143,survey-multi-choice,20,54014,0,6160e0e3a8156e01fe3e95a6,6816be1334bc5f118b922621,682263e650ead3811fc7bac9,0,"{""Q0"":""셀 수 있다""}",양,count_mass
682265508f6c92b7216fe0f0,1583,survey-multi-choice,21,55598,0,6160e0e3a8156e01fe3e95a6,6816be1334bc5f118b922621,682263e650ead3811fc7bac9,0,"{""Q0"":""셀 수 있다""}",국수,count_mass
682265508f6c92b7216fe0f2,1920,survey-multi-choice,22,57519,0,6160e0e3a8156e01fe3e95a6,6816be1334bc5f118b922621,682263e650ead3811fc7bac9,0,"{""Q0"":""셀 수 없다""}",별,count_mass
682265508f6c92b7216fe0f4,2657,survey-multi-choice,23,60177,0,6160e0e3a8156e01fe3e95a6,6816be1334bc5f118b922621,682263e650ead3811fc7bac9,0,"{""Q0"":""셀 수 없다""}",김치,count_mass
682265508f6c92b7216fe0f6,1924,survey-multi-choice,24,62102,0,6160e0e3a8156e01fe3e95a6,6816be1334bc5f118b922621,682263e650ead3811fc7bac9,0,"{""Q0"":""셀 수 있다""}",배,count_mass
682265508f6c92b7216fe0f8,2839,survey-multi-choice,25,64942,0,6160e0e3a8156e01fe3e95a6,6816be1334bc5f118b922621,682263e650ead3811fc7bac9,0,"{""Q0"":""셀 수 있다""}",개미,count_mass
682265508f6c92b7216fe0fa,1383,survey-multi-choice,26,66326,0,6160e0e3a8156e01fe3e95a6,6816be1334bc5f118b922621,682263e650ead3811fc7bac9,0,"{""Q0"":""셀 수 있다""}",고양이,count_mass
682265508f6c92b7216fe0fc,1799,survey-multi-choice,27,68126,0,6160e0e3a8156e01fe3e95a6,6816be1334bc5f118b922621,682263e650ead3811fc7bac9,0,"{""Q0"":""셀 수 있다""}",잠바,count_mass
682265508f6c92b7216fe0fe,3623,survey-multi-choice,28,71750,0,6160e0e3a8156e01fe3e95a6,6816be1334bc5f118b922621,682263e650ead3811fc7bac9,0,"{""Q0"":""셀 수 있다""}",선물,count_mass
682265508f6c92b7216fe100,2927,survey-multi-choice,29,74678,0,6160e0e3a8156e01fe3e95a6,6816be1334bc5f118b922621,682263e650ead3811fc7bac9,0,"{""Q0"":""셀 수 있다""}",얼굴,count_mass
682265508f6c92b7216fe102,14319,survey-multi-choice,30,88999,0,6160e0e3a8156e01fe3e95a6,6816be1334bc5f118b922621,682263e650ead3811fc7bac9,0,"{""Q0"":""셀 수 없다""}",화장실,count_mass
682265508f6c92b7216fe104,4791,survey-multi-choice,31,93791,0,6160e0e3a8156e01fe3e95a6,6816be1334bc5f118b922621,682263e650ead3811fc7bac9,0,"{""Q0"":""셀 수 있다""}",회색,count_mass
682265508f6c92b7216fe106,92111,html-button-response,32,185904,0,6160e0e3a8156e01fe3e95a6,6816be1334bc5f118b922621,682263e650ead3811fc7bac9,0,0,,
682265508f6c92b7216fe108,1287,html-button-response,33,187192,0,6160e0e3a8156e01fe3e95a6,6816be1334bc5f118b922621,682263e650ead3811fc7bac9,0,0,,
682265508f6c92b7216fe10a,647,html-button-response,34,187840,0,6160e0e3a8156e01fe3e95a6,6816be1334bc5f118b922621,682263e650ead3811fc7bac9,0,0,,
682265508f6c92b7216fe10c,2031,survey-multi-choice,36,191208,0,6160e0e3a8156e01fe3e95a6,6816be1334bc5f118b922621,682263e650ead3811fc7bac9,0,"{""Q0"":""고형물""}",책상,practice_solidity
682265508f6c92b7216fe10e,1335,html-button-response,35,189176,0,6160e0e3a8156e01fe3e95a6,6816be1334bc5f118b922621,682263e650ead3811fc7bac9,0,0,,
682265508f6c92b7216fe110,711,html-button-response,37,191920,0,6160e0e3a8156e01fe3e95a6,6816be1334bc5f118b922621,682263e650ead3811fc7bac9,0,0,,
682265508f6c92b7216fe112,1672,survey-multi-choice,38,193592,0,6160e0e3a8156e01fe3e95a6,6816be1334bc5f118b922621,682263e650ead3811fc7bac9,0,"{""Q0"":""비고형물""}",우유,practice_solidity
682265508f6c92b7216fe114,511,html-button-response,39,194103,0,6160e0e3a8156e01fe3e95a6,6816be1334bc5f118b922621,682263e650ead3811fc7bac9,0,0,,
682265508f6c92b7216fe116,544,html-button-response,40,194647,0,6160e0e3a8156e01fe3e95a6,6816be1334bc5f118b922621,682263e650ead3811fc7bac9,0,0,,
682265508f6c92b7216fe118,1976,survey-multi-choice,41,196624,0,6160e0e3a8156e01fe3e95a6,6816be1334bc5f118b922621,682263e650ead3811fc7bac9,0,"{""Q0"":""고형물""}",배,solidity
682265508f6c92b7216fe11a,1599,survey-multi-choice,42,198224,0,6160e0e3a8156e01fe3e95a6,6816be1334bc5f118b922621,682263e650ead3811fc7bac9,0,"{""Q0"":""고형물""}",돼지,solidity
682265508f6c92b7216fe11c,1670,survey-multi-choice,43,199896,0,6160e0e3a8156e01fe3e95a6,6816be1334bc5f118b922621,682263e650ead3811fc7bac9,0,"{""Q0"":""고형물""}",머리,solidity
682265508f6c92b7216fe11e,1318,survey-multi-choice,44,201216,0,6160e0e3a8156e01fe3e95a6,6816be1334bc5f118b922621,682263e650ead3811fc7bac9,0,"{""Q0"":""고형물""}",인형,solidity
682265508f6c92b7216fe120,2135,survey-multi-choice,45,203352,0,6160e0e3a8156e01fe3e95a6,6816be1334bc5f118b922621,682263e650ead3811fc7bac9,0,"{""Q0"":""고형물""}",라벤더,solidity
682265508f6c92b7216fe122,6447,survey-multi-choice,46,209800,0,6160e0e3a8156e01fe3e95a6,6816be1334bc5f118b922621,682263e650ead3811fc7bac9,0,"{""Q0"":""비고형물""}",구름,solidity
682265508f6c92b7216fe124,1527,survey-multi-choice,47,211328,0,6160e0e3a8156e01fe3e95a6,6816be1334bc5f118b922621,682263e650ead3811fc7bac9,0,"{""Q0"":""고형물""}",수박,solidity
682265508f6c92b7216fe126,2599,survey-multi-choice,50,218064,0,6160e0e3a8156e01fe3e95a6,6816be1334bc5f118b922621,682263e650ead3811fc7bac9,0,"{""Q0"":""고형물""}",새,solidity
682265508f6c92b7216fe128,1695,survey-multi-choice,49,215465,0,6160e0e3a8156e01fe3e95a6,6816be1334bc5f118b922621,682263e650ead3811fc7bac9,0,"{""Q0"":""고형물""}",컵,solidity
682265508f6c92b7216fe12a,2439,survey-multi-choice,48,213768,0,6160e0e3a8156e01fe3e95a6,6816be1334bc5f118b922621,682263e650ead3811fc7bac9,0,"{""Q0"":""고형물""}",사탕,solidity
682265508f6c92b7216fe12c,2174,survey-multi-choice,52,222201,0,6160e0e3a8156e01fe3e95a6,6816be1334bc5f118b922621,682263e650ead3811fc7bac9,0,"{""Q0"":""비고형물""}",치약,solidity
682265508f6c92b7216fe12e,1960,survey-multi-choice,51,220026,0,6160e0e3a8156e01fe3e95a6,6816be1334bc5f118b922621,682263e650ead3811fc7bac9,0,"{""Q0"":""고형물""}",기저귀,solidity
682265508f6c92b7216fe130,4695,survey-multi-choice,53,226897,0,6160e0e3a8156e01fe3e95a6,6816be1334bc5f118b922621,682263e650ead3811fc7bac9,0,"{""Q0"":""해당 사항 없음""}",약,solidity
682265508f6c92b7216fe132,1574,survey-multi-choice,55,230760,0,6160e0e3a8156e01fe3e95a6,6816be1334bc5f118b922621,682263e650ead3811fc7bac9,0,"{""Q0"":""고형물""}",빗,solidity
682265508f6c92b7216fe134,2287,survey-multi-choice,54,229185,0,6160e0e3a8156e01fe3e95a6,6816be1334bc5f118b922621,682263e650ead3811fc7bac9,0,"{""Q0"":""고형물""}",나무,solidity
682265508f6c92b7216fe136,1191,survey-multi-choice,56,231952,0,6160e0e3a8156e01fe3e95a6,6816be1334bc5f118b922621,682263e650ead3811fc7bac9,0,"{""Q0"":""고형물""}",과일,solidity
682265508f6c92b7216fe138,1359,survey-multi-choice,57,233312,0,6160e0e3a8156e01fe3e95a6,6816be1334bc5f118b922621,682263e650ead3811fc7bac9,0,"{""Q0"":""고형물""}",뱀,solidity
682265508f6c92b7216fe13a,3295,survey-multi-choice,58,236609,0,6160e0e3a8156e01fe3e95a6,6816be1334bc5f118b922621,682263e650ead3811fc7bac9,0,"{""Q0"":""해당 사항 없음""}",똥꼬,solidity
682265508f6c92b7216fe13c,1391,survey-multi-choice,59,238001,0,6160e0e3a8156e01fe3e95a6,6816be1334bc5f118b922621,682263e650ead3811fc7bac9,0,"{""Q0"":""고형물""}",부엌,solidity
682265508f6c92b7216fe13e,1382,survey-multi-choice,60,239385,0,6160e0e3a8156e01fe3e95a6,6816be1334bc5f118b922621,682263e650ead3811fc7bac9,0,"{""Q0"":""고형물""}",걸레,solidity
682265508f6c92b7216fe140,2127,survey-multi-choice,61,241513,0,6160e0e3a8156e01fe3e95a6,6816be1334bc5f118b922621,682263e650ead3811fc7bac9,0,"{""Q0"":""고형물""}",문,solidity
682265508f6c92b7216fe142,5934,html-button-response,62,247448,0,6160e0e3a8156e01fe3e95a6,6816be1334bc5f118b922621,682263e650ead3811fc7bac9,0,0,,
682265508f6c92b7216fe144,4015,html-button-response,64,253968,0,6160e0e3a8156e01fe3e95a6,6816be1334bc5f118b922621,682263e650ead3811fc7bac9,0,0,,
682265508f6c92b7216fe146,2504,html-button-response,63,249952,0,6160e0e3a8156e01fe3e95a6,6816be1334bc5f118b922621,682263e650ead3811fc7bac9,0,0,,
682265508f6c92b7216fe148,1247,html-button-response,65,255216,0,6160e0e3a8156e01fe3e95a6,6816be1334bc5f118b922621,682263e650ead3811fc7bac9,0,0,,
682265508f6c92b7216fe14a,1447,html-button-response,66,256664,0,6160e0e3a8156e01fe3e95a6,6816be1334bc5f118b922621,682263e650ead3811fc7bac9,0,0,,
682265508f6c92b7216fe14c,5152,survey-multi-choice,67,261819,0,6160e0e3a8156e01fe3e95a6,6816be1334bc5f118b922621,682263e650ead3811fc7bac9,0,"{""Q0"":""색상""}",빨간불,practice_category
682265508f6c92b7216fe14e,829,html-button-response,68,262649,0,6160e0e3a8156e01fe3e95a6,6816be1334bc5f118b922621,682263e650ead3811fc7bac9,0,0,,
682265508f6c92b7216fe150,6319,survey-multi-choice,69,268969,0,6160e0e3a8156e01fe3e95a6,6816be1334bc5f118b922621,682263e650ead3811fc7bac9,0,"{""Q0"":""해당 사항 없음""}",불안감,practice_category
682265508f6c92b7216fe152,815,html-button-response,70,269785,0,6160e0e3a8156e01fe3e95a6,6816be1334bc5f118b922621,682263e650ead3811fc7bac9,0,0,,
682265508f6c92b7216fe154,687,html-button-response,72,273233,0,6160e0e3a8156e01fe3e95a6,6816be1334bc5f118b922621,682263e650ead3811fc7bac9,0,0,,
682265508f6c92b7216fe156,2760,survey-multi-choice,71,272545,0,6160e0e3a8156e01fe3e95a6,6816be1334bc5f118b922621,682263e650ead3811fc7bac9,0,"{""Q0"":""형태""}",정사각형,practice_category
682265508f6c92b7216fe158,2672,survey-multi-choice,73,275905,0,6160e0e3a8156e01fe3e95a6,6816be1334bc5f118b922621,682263e650ead3811fc7bac9,0,"{""Q0"":""물질""}",도자기,practice_category
682265508f6c92b7216fe15a,663,html-button-response,74,276569,0,6160e0e3a8156e01fe3e95a6,6816be1334bc5f118b922621,682263e650ead3811fc7bac9,0,0,,
682265508f6c92b7216fe15c,1856,html-button-response,75,278425,0,6160e0e3a8156e01fe3e95a6,6816be1334bc5f118b922621,682263e650ead3811fc7bac9,0,0,,
682265508f6c92b7216fe15e,2432,survey-multi-choice,76,280857,0,6160e0e3a8156e01fe3e95a6,6816be1334bc5f118b922621,682263e650ead3811fc7bac9,0,"{""Q0"":""형태""}",허리,category_organization
682265508f6c92b7216fe160,6855,survey-multi-choice,77,287713,0,6160e0e3a8156e01fe3e95a6,6816be1334bc5f118b922621,682263e650ead3811fc7bac9,0,"{""Q0"":""형태""}",펭귄,category_organization
682265508f6c92b7216fe162,2871,survey-multi-choice,79,292617,0,6160e0e3a8156e01fe3e95a6,6816be1334bc5f118b922621,682263e650ead3811fc7bac9,0,"{""Q0"":""형태""}",모자,category_organization
682265508f6c92b7216fe164,2031,survey-multi-choice,78,289745,0,6160e0e3a8156e01fe3e95a6,6816be1334bc5f118b922621,682263e650ead3811fc7bac9,0,"{""Q0"":""해당 사항 없음""}",라벤더,category_organization
682265508f6c92b7216fe166,2775,survey-multi-choice,80,295393,0,6160e0e3a8156e01fe3e95a6,6816be1334bc5f118b922621,682263e650ead3811fc7bac9,0,"{""Q0"":""형태""}",무/무우,category_organization
682265508f6c92b7216fe168,2095,survey-multi-choice,81,297489,0,6160e0e3a8156e01fe3e95a6,6816be1334bc5f118b922621,682263e650ead3811fc7bac9,0,"{""Q0"":""물질""}",잠옷,category_organization
682265508f6c92b7216fe16a,2511,survey-multi-choice,82,300001,0,6160e0e3a8156e01fe3e95a6,6816be1334bc5f118b922621,682263e650ead3811fc7bac9,0,"{""Q0"":""형태""}",땅콩,category_organization
682265508f6c92b7216fe16c,5208,survey-multi-choice,83,305210,0,6160e0e3a8156e01fe3e95a6,6816be1334bc5f118b922621,682263e650ead3811fc7bac9,0,"{""Q0"":""해당 사항 없음""}",코끼리,category_organization
682265508f6c92b7216fe16e,4318,survey-multi-choice,84,309529,0,6160e0e3a8156e01fe3e95a6,6816be1334bc5f118b922621,682263e650ead3811fc7bac9,0,"{""Q0"":""색상""}",오토바이,category_organization
682265508f6c92b7216fe170,4519,survey-multi-choice,86,316513,0,6160e0e3a8156e01fe3e95a6,6816be1334bc5f118b922621,682263e650ead3811fc7bac9,0,"{""Q0"":""형태""}",버스,category_organization
682265508f6c92b7216fe172,2463,survey-multi-choice,85,311993,0,6160e0e3a8156e01fe3e95a6,6816be1334bc5f118b922621,682263e650ead3811fc7bac9,0,"{""Q0"":""물질""}",수건,category_organization
682265508f6c92b7216fe174,3926,survey-multi-choice,88,323298,0,6160e0e3a8156e01fe3e95a6,6816be1334bc5f118b922621,682263e650ead3811fc7bac9,0,"{""Q0"":""형태""}",감,category_organization
682265508f6c92b7216fe176,2855,survey-multi-choice,87,319369,0,6160e0e3a8156e01fe3e95a6,6816be1334bc5f118b922621,682263e650ead3811fc7bac9,0,"{""Q0"":""형태""}",옷장,category_organization
682265508f6c92b7216fe178,2095,survey-multi-choice,89,325394,0,6160e0e3a8156e01fe3e95a6,6816be1334bc5f118b922621,682263e650ead3811fc7bac9,0,"{""Q0"":""형태""}",발목,category_organization
682265508f6c92b7216fe17a,2254,survey-multi-choice,90,327650,0,6160e0e3a8156e01fe3e95a6,6816be1334bc5f118b922621,682263e650ead3811fc7bac9,0,"{""Q0"":""물질""}",피자,category_organization
682265508f6c92b7216fe17c,3615,survey-multi-choice,91,331266,0,6160e0e3a8156e01fe3e95a6,6816be1334bc5f118b922621,682263e650ead3811fc7bac9,0,"{""Q0"":""형태""}",발톱,category_organization
682265508f6c92b7216fe17e,5655,survey-multi-choice,92,336922,0,6160e0e3a8156e01fe3e95a6,6816be1334bc5f118b922621,682263e650ead3811fc7bac9,0,"{""Q0"":""색상""}",나비,category_organization
682265508f6c92b7216fe180,2879,survey-multi-choice,94,341698,0,6160e0e3a8156e01fe3e95a6,6816be1334bc5f118b922621,682263e650ead3811fc7bac9,0,"{""Q0"":""색상""}",사과,category_organization
682265508f6c92b7216fe182,1895,survey-multi-choice,93,338818,0,6160e0e3a8156e01fe3e95a6,6816be1334bc5f118b922621,682263e650ead3811fc7bac9,0,"{""Q0"":""물질""}",장난감,category_organization
682265508f6c92b7216fe184,3023,survey-multi-choice,95,344722,0,6160e0e3a8156e01fe3e95a6,6816be1334bc5f118b922621,682263e650ead3811fc7bac9,0,"{""Q0"":""물질""}",햄버거,category_organization
682265508f6c92b7216fe186,2895,survey-multi-choice,96,347618,0,6160e0e3a8156e01fe3e95a6,6816be1334bc5f118b922621,682263e650ead3811fc7bac9,0,"{""Q0"":""형태""}",어깨,category_organization
682265508f6c92b7216fe188,2903,html-button-response,97,350522,0,6160e0e3a8156e01fe3e95a6,6816be1334bc5f118b922621,682263e650ead3811fc7bac9,0,0,,
68226bae8f6c92b7216fe18a,4125,instructions,0,4129,0,5edf844ec97eaa241a0b287a,6816be1334bc5f118b922621,68226a464695877e417803e0,0,,,
68226bae8f6c92b7216fe18c,1952,instructions,1,6082,0,5edf844ec97eaa241a0b287a,6816be1334bc5f118b922621,68226a464695877e417803e0,0,,,
68226bae8f6c92b7216fe18e,1597,html-button-response,3,12607,0,5edf844ec97eaa241a0b287a,6816be1334bc5f118b922621,68226a464695877e417803e0,0,0,,
68226bae8f6c92b7216fe190,4921,html-button-response,2,11008,0,5edf844ec97eaa241a0b287a,6816be1334bc5f118b922621,68226a464695877e417803e0,0,0,,
68226bae8f6c92b7216fe192,3377,html-button-response,4,15987,0,5edf844ec97eaa241a0b287a,6816be1334bc5f118b922621,68226a464695877e417803e0,0,0,,
68226bae8f6c92b7216fe194,4730,survey-multi-choice,6,22841,0,5edf844ec97eaa241a0b287a,6816be1334bc5f118b922621,68226a464695877e417803e0,0,"{""Q0"":""고형물""}",책상,practice_solidity
68226bae8f6c92b7216fe196,2116,html-button-response,5,18106,0,5edf844ec97eaa241a0b287a,6816be1334bc5f118b922621,68226a464695877e417803e0,0,0,,
68226bae8f6c92b7216fe198,3845,survey-multi-choice,8,27831,0,5edf844ec97eaa241a0b287a,6816be1334bc5f118b922621,68226a464695877e417803e0,0,"{""Q0"":""비고형물""}",우유,practice_solidity
68226bae8f6c92b7216fe19a,2425,survey-multi-choice,11,32192,0,5edf844ec97eaa241a0b287a,6816be1334bc5f118b922621,68226a464695877e417803e0,0,"{""Q0"":""고형물""}",고구마,solidity
68226bae8f6c92b7216fe19c,1139,html-button-response,7,23982,0,5edf844ec97eaa241a0b287a,6816be1334bc5f118b922621,68226a464695877e417803e0,0,0,,
68226bae8f6c92b7216fe19e,1392,html-button-response,10,29763,0,5edf844ec97eaa241a0b287a,6816be1334bc5f118b922621,68226a464695877e417803e0,0,0,,
68226bae8f6c92b7216fe1a0,534,html-button-response,9,28369,0,5edf844ec97eaa241a0b287a,6816be1334bc5f118b922621,68226a464695877e417803e0,0,0,,
68226bae8f6c92b7216fe1a2,2102,survey-multi-choice,12,34297,0,5edf844ec97eaa241a0b287a,6816be1334bc5f118b922621,68226a464695877e417803e0,0,"{""Q0"":""고형물""}",부엉이,solidity
68226baf8f6c92b7216fe1a4,1135,survey-multi-choice,13,35435,0,5edf844ec97eaa241a0b287a,6816be1334bc5f118b922621,68226a464695877e417803e0,0,"{""Q0"":""고형물""}",코끼리,solidity
68226baf8f6c92b7216fe1a6,4051,survey-multi-choice,15,40756,0,5edf844ec97eaa241a0b287a,6816be1334bc5f118b922621,68226a464695877e417803e0,0,"{""Q0"":""비고형물""}",라벤더,solidity
68226baf8f6c92b7216fe1a8,1264,survey-multi-choice,14,36702,0,5edf844ec97eaa241a0b287a,6816be1334bc5f118b922621,68226a464695877e417803e0,0,"{""Q0"":""고형물""}",바지,solidity
68226baf8f6c92b7216fe1aa,1686,survey-multi-choice,16,42443,0,5edf844ec97eaa241a0b287a,6816be1334bc5f118b922621,68226a464695877e417803e0,0,"{""Q0"":""고형물""}",감,solidity
68226baf8f6c92b7216fe1ac,1410,survey-multi-choice,17,43856,0,5edf844ec97eaa241a0b287a,6816be1334bc5f118b922621,68226a464695877e417803e0,0,"{""Q0"":""고형물""}",옷장,solidity
68226baf8f6c92b7216fe1ae,970,survey-multi-choice,18,44829,0,5edf844ec97eaa241a0b287a,6816be1334bc5f118b922621,68226a464695877e417803e0,0,"{""Q0"":""고형물""}",망치,solidity
68226baf8f6c92b7216fe1b0,1345,survey-multi-choice,20,47443,0,5edf844ec97eaa241a0b287a,6816be1334bc5f118b922621,68226a464695877e417803e0,0,"{""Q0"":""고형물""}",기저귀,solidity
68226baf8f6c92b7216fe1b2,1411,survey-multi-choice,22,55858,0,5edf844ec97eaa241a0b287a,6816be1334bc5f118b922621,68226a464695877e417803e0,0,"{""Q0"":""고형물""}",개구리,solidity
68226baf8f6c92b7216fe1b4,7000,survey-multi-choice,21,54445,0,5edf844ec97eaa241a0b287a,6816be1334bc5f118b922621,68226a464695877e417803e0,0,"{""Q0"":""비고형물""}",아이스크림,solidity
68226baf8f6c92b7216fe1b6,1260,survey-multi-choice,19,46093,0,5edf844ec97eaa241a0b287a,6816be1334bc5f118b922621,68226a464695877e417803e0,0,"{""Q0"":""고형물""}",버스,solidity
68226baf8f6c92b7216fe1b8,4218,survey-multi-choice,23,60079,0,5edf844ec97eaa241a0b287a,6816be1334bc5f118b922621,68226a464695877e417803e0,0,"{""Q0"":""고형물""}",치마,solidity
68226baf8f6c92b7216fe1ba,1952,survey-multi-choice,24,62033,0,5edf844ec97eaa241a0b287a,6816be1334bc5f118b922621,68226a464695877e417803e0,0,"{""Q0"":""고형물""}",수박,solidity
68226baf8f6c92b7216fe1bc,2947,survey-multi-choice,25,64983,0,5edf844ec97eaa241a0b287a,6816be1334bc5f118b922621,68226a464695877e417803e0,0,"{""Q0"":""고형물""}",머리,solidity
68226baf8f6c92b7216fe1be,1112,survey-multi-choice,26,66097,0,5edf844ec97eaa241a0b287a,6816be1334bc5f118b922621,68226a464695877e417803e0,0,"{""Q0"":""고형물""}",기린,solidity
68226baf8f6c92b7216fe1c0,1150,survey-multi-choice,29,69337,0,5edf844ec97eaa241a0b287a,6816be1334bc5f118b922621,68226a464695877e417803e0,0,"{""Q0"":""고형물""}",양,solidity
68226baf8f6c92b7216fe1c2,934,survey-multi-choice,30,70274,0,5edf844ec97eaa241a0b287a,6816be1334bc5f118b922621,68226a464695877e417803e0,0,"{""Q0"":""고형물""}",얼굴,solidity
68226baf8f6c92b7216fe1c4,1179,survey-multi-choice,27,67279,0,5edf844ec97eaa241a0b287a,6816be1334bc5f118b922621,68226a464695877e417803e0,0,"{""Q0"":""고형물""}",피자,solidity
68226baf8f6c92b7216fe1c6,901,survey-multi-choice,28,68183,0,5edf844ec97eaa241a0b287a,6816be1334bc5f118b922621,68226a464695877e417803e0,0,"{""Q0"":""고형물""}",손가락,solidity
68226baf8f6c92b7216fe1c8,1006,survey-multi-choice,31,71282,0,5edf844ec97eaa241a0b287a,6816be1334bc5f118b922621,68226a464695877e417803e0,0,"{""Q0"":""고형물""}",잠바,solidity
68226baf8f6c92b7216fe1ca,3719,html-button-response,33,80765,0,5edf844ec97eaa241a0b287a,6816be1334bc5f118b922621,68226a464695877e417803e0,0,0,,
68226baf8f6c92b7216fe1cc,5761,html-button-response,32,77044,0,5edf844ec97eaa241a0b287a,6816be1334bc5f118b922621,68226a464695877e417803e0,0,0,,
68226baf8f6c92b7216fe1ce,1065,html-button-response,34,81833,0,5edf844ec97eaa241a0b287a,6816be1334bc5f118b922621,68226a464695877e417803e0,0,0,,
68226baf8f6c92b7216fe1d0,2359,html-button-response,35,84194,0,5edf844ec97eaa241a0b287a,6816be1334bc5f118b922621,68226a464695877e417803e0,0,0,,
68226baf8f6c92b7216fe1d2,4515,survey-multi-choice,36,88712,0,5edf844ec97eaa241a0b287a,6816be1334bc5f118b922621,68226a464695877e417803e0,0,"{""Q0"":""셀 수 있다""}",의자,practice_countmass
68226baf8f6c92b7216fe1d4,3183,html-button-response,37,91897,0,5edf844ec97eaa241a0b287a,6816be1334bc5f118b922621,68226a464695877e417803e0,0,0,,
68226baf8f6c92b7216fe1d6,2624,survey-multi-choice,38,94523,0,5edf844ec97eaa241a0b287a,6816be1334bc5f118b922621,68226a464695877e417803e0,0,"{""Q0"":""셀 수 없다""}",설탕,practice_countmass
68226baf8f6c92b7216fe1d8,8503,html-button-response,39,103029,0,5edf844ec97eaa241a0b287a,6816be1334bc5f118b922621,68226a464695877e417803e0,0,0,,
68226baf8f6c92b7216fe1da,2196,html-button-response,40,105228,0,5edf844ec97eaa241a0b287a,6816be1334bc5f118b922621,68226a464695877e417803e0,0,0,,
68226baf8f6c92b7216fe1dc,1337,survey-multi-choice,42,111245,0,5edf844ec97eaa241a0b287a,6816be1334bc5f118b922621,68226a464695877e417803e0,0,"{""Q0"":""셀 수 있다""}",핫도그,count_mass
68226baf8f6c92b7216fe1de,4672,survey-multi-choice,41,109904,0,5edf844ec97eaa241a0b287a,6816be1334bc5f118b922621,68226a464695877e417803e0,0,"{""Q0"":""셀 수 있다""}",염소,count_mass
68226baf8f6c92b7216fe1e0,872,survey-multi-choice,43,112120,0,5edf844ec97eaa241a0b287a,6816be1334bc5f118b922621,68226a464695877e417803e0,0,"{""Q0"":""셀 수 있다""}",화장실,count_mass
68226baf8f6c92b7216fe1e2,1629,survey-multi-choice,44,113753,0,5edf844ec97eaa241a0b287a,6816be1334bc5f118b922621,68226a464695877e417803e0,0,"{""Q0"":""셀 수 있다""}",로봇,count_mass
68226baf8f6c92b7216fe1e4,1829,survey-multi-choice,45,115584,0,5edf844ec97eaa241a0b287a,6816be1334bc5f118b922621,68226a464695877e417803e0,0,"{""Q0"":""셀 수 있다""}",코트/외투,count_mass
68226baf8f6c92b7216fe1e6,2983,survey-multi-choice,46,118570,0,5edf844ec97eaa241a0b287a,6816be1334bc5f118b922621,68226a464695877e417803e0,0,"{""Q0"":""셀 수 있다""}",길,count_mass
68226baf8f6c92b7216fe1e8,4386,survey-multi-choice,47,122959,0,5edf844ec97eaa241a0b287a,6816be1334bc5f118b922621,68226a464695877e417803e0,0,"{""Q0"":""셀 수 없다""}",회색,count_mass
68226baf8f6c92b7216fe1ea,1580,survey-multi-choice,48,124543,0,5edf844ec97eaa241a0b287a,6816be1334bc5f118b922621,68226a464695877e417803e0,0,"{""Q0"":""셀 수 있다""}",장난감,count_mass
68226bb08f6c92b7216fe1ec,1060,survey-multi-choice,49,125606,0,5edf844ec97eaa241a0b287a,6816be1334bc5f118b922621,68226a464695877e417803e0,0,"{""Q0"":""셀 수 있다""}",팬티,count_mass
68226bb08f6c92b7216fe1ee,2639,survey-multi-choice,51,132561,0,5edf844ec97eaa241a0b287a,6816be1334bc5f118b922621,68226a464695877e417803e0,0,"{""Q0"":""셀 수 있다""}",원숭이,count_mass
68226bb08f6c92b7216fe1f0,4311,survey-multi-choice,50,129920,0,5edf844ec97eaa241a0b287a,6816be1334bc5f118b922621,68226a464695877e417803e0,0,"{""Q0"":""셀 수 있다""}",뺨,count_mass
68226bb08f6c92b7216fe1f2,895,survey-multi-choice,52,133459,0,5edf844ec97eaa241a0b287a,6816be1334bc5f118b922621,68226a464695877e417803e0,0,"{""Q0"":""셀 수 있다""}",그릇,count_mass
68226bb08f6c92b7216fe1f4,854,survey-multi-choice,53,134316,0,5edf844ec97eaa241a0b287a,6816be1334bc5f118b922621,68226a464695877e417803e0,0,"{""Q0"":""셀 수 있다""}",트럭,count_mass
68226bb08f6c92b7216fe1f6,1607,survey-multi-choice,54,135926,0,5edf844ec97eaa241a0b287a,6816be1334bc5f118b922621,68226a464695877e417803e0,0,"{""Q0"":""셀 수 없다""}",설탕,count_mass
68226bb08f6c92b7216fe1f8,1135,survey-multi-choice,55,137064,0,5edf844ec97eaa241a0b287a,6816be1334bc5f118b922621,68226a464695877e417803e0,0,"{""Q0"":""셀 수 있다""}",숟가락,count_mass
68226bb08f6c92b7216fe1fa,853,survey-multi-choice,57,138729,0,5edf844ec97eaa241a0b287a,6816be1334bc5f118b922621,68226a464695877e417803e0,0,"{""Q0"":""셀 수 있다""}",발,count_mass
68226bb08f6c92b7216fe1fc,805,survey-multi-choice,56,137872,0,5edf844ec97eaa241a0b287a,6816be1334bc5f118b922621,68226a464695877e417803e0,0,"{""Q0"":""셀 수 있다""}",쟁반,count_mass
68226bb08f6c92b7216fe1fe,1114,survey-multi-choice,58,139846,0,5edf844ec97eaa241a0b287a,6816be1334bc5f118b922621,68226a464695877e417803e0,0,"{""Q0"":""셀 수 있다""}",걸레,count_mass
68226bb08f6c92b7216fe200,981,survey-multi-choice,60,142160,0,5edf844ec97eaa241a0b287a,6816be1334bc5f118b922621,68226a464695877e417803e0,0,"{""Q0"":""셀 수 있다""}",여우,count_mass
68226bb08f6c92b7216fe202,1328,survey-multi-choice,59,141176,0,5edf844ec97eaa241a0b287a,6816be1334bc5f118b922621,68226a464695877e417803e0,0,"{""Q0"":""셀 수 있다""}",가위,count_mass
68226bb08f6c92b7216fe204,1749,survey-multi-choice,61,143912,0,5edf844ec97eaa241a0b287a,6816be1334bc5f118b922621,68226a464695877e417803e0,0,"{""Q0"":""셀 수 있다""}",눈,count_mass
68226bb08f6c92b7216fe206,6860,html-button-response,62,150773,0,5edf844ec97eaa241a0b287a,6816be1334bc5f118b922621,68226a464695877e417803e0,0,0,,
68226bb08f6c92b7216fe208,6593,html-button-response,63,157369,0,5edf844ec97eaa241a0b287a,6816be1334bc5f118b922621,68226a464695877e417803e0,0,0,,
68226bb08f6c92b7216fe20a,1611,html-button-response,66,170080,0,5edf844ec97eaa241a0b287a,6816be1334bc5f118b922621,68226a464695877e417803e0,0,0,,
68226bb08f6c92b7216fe20c,1402,html-button-response,65,168467,0,5edf844ec97eaa241a0b287a,6816be1334bc5f118b922621,68226a464695877e417803e0,0,0,,
68226bb08f6c92b7216fe20e,9691,html-button-response,64,167062,0,5edf844ec97eaa241a0b287a,6816be1334bc5f118b922621,68226a464695877e417803e0,0,0,,
68226bb08f6c92b7216fe210,7052,survey-multi-choice,67,177135,0,5edf844ec97eaa241a0b287a,6816be1334bc5f118b922621,68226a464695877e417803e0,0,"{""Q0"":""해당 사항 없음""}",불안감,practice_category
68226bb08f6c92b7216fe212,873,html-button-response,68,178011,0,5edf844ec97eaa241a0b287a,6816be1334bc5f118b922621,68226a464695877e417803e0,0,0,,
68226bb08f6c92b7216fe214,4862,survey-multi-choice,69,182875,0,5edf844ec97eaa241a0b287a,6816be1334bc5f118b922621,68226a464695877e417803e0,0,"{""Q0"":""형태""}",도자기,practice_category
68226bb08f6c92b7216fe216,16106,survey-multi-choice,71,204890,0,5edf844ec97eaa241a0b287a,6816be1334bc5f118b922621,68226a464695877e417803e0,0,"{""Q0"":""형태""}",정사각형,practice_category
68226bb08f6c92b7216fe218,5905,html-button-response,70,188782,0,5edf844ec97eaa241a0b287a,6816be1334bc5f118b922621,68226a464695877e417803e0,0,0,,
68226bb08f6c92b7216fe21a,686,html-button-response,72,205579,0,5edf844ec97eaa241a0b287a,6816be1334bc5f118b922621,68226a464695877e417803e0,0,0,,
68226bb08f6c92b7216fe21c,5798,survey-multi-choice,73,211380,0,5edf844ec97eaa241a0b287a,6816be1334bc5f118b922621,68226a464695877e417803e0,0,"{""Q0"":""색상""}",빨간불,practice_category
68226bb08f6c92b7216fe21e,532,html-button-response,74,211914,0,5edf844ec97eaa241a0b287a,6816be1334bc5f118b922621,68226a464695877e417803e0,0,0,,
68226bb08f6c92b7216fe220,1474,html-button-response,75,213390,0,5edf844ec97eaa241a0b287a,6816be1334bc5f118b922621,68226a464695877e417803e0,0,0,,
68226bb08f6c92b7216fe222,12129,survey-multi-choice,76,225523,0,5edf844ec97eaa241a0b287a,6816be1334bc5f118b922621,68226a464695877e417803e0,0,"{""Q0"":""해당 사항 없음""}",달,category_organization
68226bb08f6c92b7216fe224,9105,survey-multi-choice,78,238861,0,5edf844ec97eaa241a0b287a,6816be1334bc5f118b922621,68226a464695877e417803e0,0,"{""Q0"":""해당 사항 없음""}",비행기,category_organization
68226bb08f6c92b7216fe226,4224,survey-multi-choice,77,229752,0,5edf844ec97eaa241a0b287a,6816be1334bc5f118b922621,68226a464695877e417803e0,0,"{""Q0"":""물질""}",닭,category_organization
68226bb08f6c92b7216fe228,6362,survey-multi-choice,79,245228,0,5edf844ec97eaa241a0b287a,6816be1334bc5f118b922621,68226a464695877e417803e0,0,"{""Q0"":""해당 사항 없음""}",하늘,category_organization
68226bb08f6c92b7216fe22a,4985,survey-multi-choice,80,250215,0,5edf844ec97eaa241a0b287a,6816be1334bc5f118b922621,68226a464695877e417803e0,0,"{""Q0"":""물질""}",닭고기,category_organization
68226bb08f6c92b7216fe22c,10359,survey-multi-choice,81,260577,0,5edf844ec97eaa241a0b287a,6816be1334bc5f118b922621,68226a464695877e417803e0,0,"{""Q0"":""형태""}",유모차,category_organization
68226bb08f6c92b7216fe22e,12821,survey-multi-choice,82,273401,0,5edf844ec97eaa241a0b287a,6816be1334bc5f118b922621,68226a464695877e417803e0,0,"{""Q0"":""형태""}",귤,category_organization
68226bb08f6c92b7216fe230,4262,survey-multi-choice,83,277666,0,5edf844ec97eaa241a0b287a,6816be1334bc5f118b922621,68226a464695877e417803e0,0,"{""Q0"":""형태""}",손,category_organization
68226bb08f6c92b7216fe232,1895,survey-multi-choice,84,279564,0,5edf844ec97eaa241a0b287a,6816be1334bc5f118b922621,68226a464695877e417803e0,0,"{""Q0"":""물질""}",사이다,category_organization
68226bb08f6c92b7216fe234,4925,survey-multi-choice,85,284494,0,5edf844ec97eaa241a0b287a,6816be1334bc5f118b922621,68226a464695877e417803e0,0,"{""Q0"":""형태""}",장갑,category_organization
68226bb18f6c92b7216fe236,2603,survey-multi-choice,86,287101,0,5edf844ec97eaa241a0b287a,6816be1334bc5f118b922621,68226a464695877e417803e0,0,"{""Q0"":""해당 사항 없음""}",사자,category_organization
68226bb18f6c92b7216fe238,2072,survey-multi-choice,87,289177,0,5edf844ec97eaa241a0b287a,6816be1334bc5f118b922621,68226a464695877e417803e0,0,"{""Q0"":""해당 사항 없음""}",호랑이,category_organization
68226bb18f6c92b7216fe23a,3964,survey-multi-choice,88,293144,0,5edf844ec97eaa241a0b287a,6816be1334bc5f118b922621,68226a464695877e417803e0,0,"{""Q0"":""형태""}",병,category_organization
68226bb18f6c92b7216fe23c,2270,survey-multi-choice,89,295417,0,5edf844ec97eaa241a0b287a,6816be1334bc5f118b922621,68226a464695877e417803e0,0,"{""Q0"":""해당 사항 없음""}",토끼,category_organization
68226bb18f6c92b7216fe23e,5080,survey-multi-choice,90,300500,0,5edf844ec97eaa241a0b287a,6816be1334bc5f118b922621,68226a464695877e417803e0,0,"{""Q0"":""해당 사항 없음""}",냉장고,category_organization
68226bb18f6c92b7216fe240,2052,survey-multi-choice,91,302555,0,5edf844ec97eaa241a0b287a,6816be1334bc5f118b922621,68226a464695877e417803e0,0,"{""Q0"":""해당 사항 없음""}",라벤더,category_organization
68226bb18f6c92b7216fe242,4170,survey-multi-choice,92,306727,0,5edf844ec97eaa241a0b287a,6816be1334bc5f118b922621,68226a464695877e417803e0,0,"{""Q0"":""해당 사항 없음""}",오리,category_organization
68226bb18f6c92b7216fe244,2717,survey-multi-choice,93,309447,0,5edf844ec97eaa241a0b287a,6816be1334bc5f118b922621,68226a464695877e417803e0,0,"{""Q0"":""해당 사항 없음""}",카메라,category_organization
68226bb18f6c92b7216fe246,2085,survey-multi-choice,94,311536,0,5edf844ec97eaa241a0b287a,6816be1334bc5f118b922621,68226a464695877e417803e0,0,"{""Q0"":""해당 사항 없음""}",우산,category_organization
68226bb18f6c92b7216fe248,1433,survey-multi-choice,95,312972,0,5edf844ec97eaa241a0b287a,6816be1334bc5f118b922621,68226a464695877e417803e0,0,"{""Q0"":""해당 사항 없음""}",공룡,category_organization
68226bb18f6c92b7216fe24a,1209,survey-multi-choice,96,314184,0,5edf844ec97eaa241a0b287a,6816be1334bc5f118b922621,68226a464695877e417803e0,0,"{""Q0"":""해당 사항 없음""}",기차,category_organization
68226bb18f6c92b7216fe24c,1978,html-button-response,97,316165,0,5edf844ec97eaa241a0b287a,6816be1334bc5f118b922621,68226a464695877e417803e0,0,0,,
682288ef8f6c92b7216fe24e,4527,instructions,0,4531,0,677d3c549b33913c8a5cc071,6816be1334bc5f118b922621,682286c7e35d47e47dc8f2e2,0,,,
682288ef8f6c92b7216fe250,12069,html-button-response,2,20131,0,677d3c549b33913c8a5cc071,6816be1334bc5f118b922621,682286c7e35d47e47dc8f2e2,0,0,,
682288ef8f6c92b7216fe252,3528,instructions,1,8059,0,677d3c549b33913c8a5cc071,6816be1334bc5f118b922621,682286c7e35d47e47dc8f2e2,0,,,
682288ef8f6c92b7216fe254,2268,html-button-response,4,91538,0,677d3c549b33913c8a5cc071,6816be1334bc5f118b922621,682286c7e35d47e47dc8f2e2,0,0,,
682288ef8f6c92b7216fe256,69135,html-button-response,3,89268,0,677d3c549b33913c8a5cc071,6816be1334bc5f118b922621,682286c7e35d47e47dc8f2e2,0,0,,
682288ef8f6c92b7216fe258,5087,html-button-response,5,96626,0,677d3c549b33913c8a5cc071,6816be1334bc5f118b922621,682286c7e35d47e47dc8f2e2,0,0,,
682288ef8f6c92b7216fe25a,4241,survey-multi-choice,6,100874,0,677d3c549b33913c8a5cc071,6816be1334bc5f118b922621,682286c7e35d47e47dc8f2e2,0,"{""Q0"":""비고형물""}",우유,practice_solidity
682288ef8f6c92b7216fe25c,210,html-button-response,7,101085,0,677d3c549b33913c8a5cc071,6816be1334bc5f118b922621,682286c7e35d47e47dc8f2e2,0,0,,
682288ef8f6c92b7216fe25e,5233,survey-multi-choice,8,106320,0,677d3c549b33913c8a5cc071,6816be1334bc5f118b922621,682286c7e35d47e47dc8f2e2,0,"{""Q0"":""고형물""}",책상,practice_solidity
682288ef8f6c92b7216fe260,17185,html-button-response,9,123507,0,677d3c549b33913c8a5cc071,6816be1334bc5f118b922621,682286c7e35d47e47dc8f2e2,0,0,,
682288ef8f6c92b7216fe262,2926,html-button-response,10,126435,0,677d3c549b33913c8a5cc071,6816be1334bc5f118b922621,682286c7e35d47e47dc8f2e2,0,0,,
682288ef8f6c92b7216fe264,3578,survey-multi-choice,11,130015,0,677d3c549b33913c8a5cc071,6816be1334bc5f118b922621,682286c7e35d47e47dc8f2e2,0,"{""Q0"":""고형물""}",거북이,solidity
682288ef8f6c92b7216fe266,2878,survey-multi-choice,13,137125,0,677d3c549b33913c8a5cc071,6816be1334bc5f118b922621,682286c7e35d47e47dc8f2e2,0,"{""Q0"":""고형물""}",발,solidity
682288ef8f6c92b7216fe268,4229,survey-multi-choice,12,134246,0,677d3c549b33913c8a5cc071,6816be1334bc5f118b922621,682286c7e35d47e47dc8f2e2,0,"{""Q0"":""고형물""}",닭,solidity
682288ef8f6c92b7216fe26a,3803,survey-multi-choice,16,149106,0,677d3c549b33913c8a5cc071,6816be1334bc5f118b922621,682286c7e35d47e47dc8f2e2,0,"{""Q0"":""고형물""}",여우,solidity
682288ef8f6c92b7216fe26c,5227,survey-multi-choice,15,145302,0,677d3c549b33913c8a5cc071,6816be1334bc5f118b922621,682286c7e35d47e47dc8f2e2,0,"{""Q0"":""고형물""}",전화,solidity
682288ef8f6c92b7216fe26e,2492,survey-multi-choice,17,151601,0,677d3c549b33913c8a5cc071,6816be1334bc5f118b922621,682286c7e35d47e47dc8f2e2,0,"{""Q0"":""고형물""}",고추,solidity
682288ef8f6c92b7216fe270,2948,survey-multi-choice,14,140074,0,677d3c549b33913c8a5cc071,6816be1334bc5f118b922621,682286c7e35d47e47dc8f2e2,0,"{""Q0"":""고형물""}",토마토,solidity
682288ef8f6c92b7216fe272,1981,survey-multi-choice,18,153583,0,677d3c549b33913c8a5cc071,6816be1334bc5f118b922621,682286c7e35d47e47dc8f2e2,0,"{""Q0"":""고형물""}",옥수수,solidity
682288ef8f6c92b7216fe274,2030,survey-multi-choice,19,155615,0,677d3c549b33913c8a5cc071,6816be1334bc5f118b922621,682286c7e35d47e47dc8f2e2,0,"{""Q0"":""고형물""}",바지,solidity
682288ef8f6c92b7216fe276,1926,survey-multi-choice,20,157542,0,677d3c549b33913c8a5cc071,6816be1334bc5f118b922621,682286c7e35d47e47dc8f2e2,0,"{""Q0"":""고형물""}",목도리,solidity
682288ef8f6c92b7216fe278,1933,survey-multi-choice,22,161365,0,677d3c549b33913c8a5cc071,6816be1334bc5f118b922621,682286c7e35d47e47dc8f2e2,0,"{""Q0"":""고형물""}",떡,solidity
682288ef8f6c92b7216fe27a,2441,survey-multi-choice,24,165826,0,677d3c549b33913c8a5cc071,6816be1334bc5f118b922621,682286c7e35d47e47dc8f2e2,0,"{""Q0"":""고형물""}",접시,solidity
682288ef8f6c92b7216fe27c,1888,survey-multi-choice,21,159431,0,677d3c549b33913c8a5cc071,6816be1334bc5f118b922621,682286c7e35d47e47dc8f2e2,0,"{""Q0"":""고형물""}",의자,solidity
682288ef8f6c92b7216fe27e,1840,survey-multi-choice,25,167668,0,677d3c549b33913c8a5cc071,6816be1334bc5f118b922621,682286c7e35d47e47dc8f2e2,0,"{""Q0"":""고형물""}",기린,solidity
682288ef8f6c92b7216fe280,2017,survey-multi-choice,23,163384,0,677d3c549b33913c8a5cc071,6816be1334bc5f118b922621,682286c7e35d47e47dc8f2e2,0,"{""Q0"":""고형물""}",수박,solidity
682288ef8f6c92b7216fe282,2266,survey-multi-choice,27,171818,0,677d3c549b33913c8a5cc071,6816be1334bc5f118b922621,682286c7e35d47e47dc8f2e2,0,"{""Q0"":""고형물""}",안경,solidity
682288ef8f6c92b7216fe284,1881,survey-multi-choice,26,169550,0,677d3c549b33913c8a5cc071,6816be1334bc5f118b922621,682286c7e35d47e47dc8f2e2,0,"{""Q0"":""고형물""}",빗자루,solidity
682288ef8f6c92b7216fe286,8570,survey-multi-choice,28,180389,0,677d3c549b33913c8a5cc071,6816be1334bc5f118b922621,682286c7e35d47e47dc8f2e2,0,"{""Q0"":""고형물""}",라벤더,solidity
682288ef8f6c92b7216fe288,2679,survey-multi-choice,30,185788,0,677d3c549b33913c8a5cc071,6816be1334bc5f118b922621,682286c7e35d47e47dc8f2e2,0,"{""Q0"":""고형물""}",헬리콥터,solidity
682288ef8f6c92b7216fe28a,2718,survey-multi-choice,29,183108,0,677d3c549b33913c8a5cc071,6816be1334bc5f118b922621,682286c7e35d47e47dc8f2e2,0,"{""Q0"":""고형물""}",시소,solidity
682288ef8f6c92b7216fe28c,2970,survey-multi-choice,31,188760,0,677d3c549b33913c8a5cc071,6816be1334bc5f118b922621,682286c7e35d47e47dc8f2e2,0,"{""Q0"":""고형물""}",말,solidity
682288ef8f6c92b7216fe28e,3789,html-button-response,33,277212,0,677d3c549b33913c8a5cc071,6816be1334bc5f118b922621,682286c7e35d47e47dc8f2e2,0,0,,
682288ef8f6c92b7216fe290,84661,html-button-response,32,273422,0,677d3c549b33913c8a5cc071,6816be1334bc5f118b922621,682286c7e35d47e47dc8f2e2,0,0,,
682288ef8f6c92b7216fe292,1652,html-button-response,35,291505,0,677d3c549b33913c8a5cc071,6816be1334bc5f118b922621,682286c7e35d47e47dc8f2e2,0,0,,
682288ef8f6c92b7216fe294,12639,html-button-response,34,289852,0,677d3c549b33913c8a5cc071,6816be1334bc5f118b922621,682286c7e35d47e47dc8f2e2,0,0,,
682288ef8f6c92b7216fe296,2946,html-button-response,36,294452,0,677d3c549b33913c8a5cc071,6816be1334bc5f118b922621,682286c7e35d47e47dc8f2e2,0,0,,
682288ef8f6c92b7216fe298,11552,survey-multi-choice,37,306005,0,677d3c549b33913c8a5cc071,6816be1334bc5f118b922621,682286c7e35d47e47dc8f2e2,0,"{""Q0"":""물질""}",도자기,practice_category
682288ef8f6c92b7216fe29a,1293,html-button-response,38,307299,0,677d3c549b33913c8a5cc071,6816be1334bc5f118b922621,682286c7e35d47e47dc8f2e2,0,0,,
682288ef8f6c92b7216fe29c,1064,html-button-response,40,321859,0,677d3c549b33913c8a5cc071,6816be1334bc5f118b922621,682286c7e35d47e47dc8f2e2,0,0,,
682288ef8f6c92b7216fe29e,13493,survey-multi-choice,39,320794,0,677d3c549b33913c8a5cc071,6816be1334bc5f118b922621,682286c7e35d47e47dc8f2e2,0,"{""Q0"":""해당 사항 없음""}",불안감,practice_category
682288ef8f6c92b7216fe2a0,6154,survey-multi-choice,41,328015,0,677d3c549b33913c8a5cc071,6816be1334bc5f118b922621,682286c7e35d47e47dc8f2e2,0,"{""Q0"":""형태""}",정사각형,practice_category
682288ef8f6c92b7216fe2a2,8322,survey-multi-choice,43,340252,0,677d3c549b33913c8a5cc071,6816be1334bc5f118b922621,682286c7e35d47e47dc8f2e2,0,"{""Q0"":""색상""}",빨간불,practice_category
682288ef8f6c92b7216fe2a4,3913,html-button-response,42,331929,0,677d3c549b33913c8a5cc071,6816be1334bc5f118b922621,682286c7e35d47e47dc8f2e2,0,0,,
682288f08f6c92b7216fe2a6,1336,html-button-response,45,342691,0,677d3c549b33913c8a5cc071,6816be1334bc5f118b922621,682286c7e35d47e47dc8f2e2,0,0,,
682288f08f6c92b7216fe2a8,1100,html-button-response,44,341353,0,677d3c549b33913c8a5cc071,6816be1334bc5f118b922621,682286c7e35d47e47dc8f2e2,0,0,,
682288f08f6c92b7216fe2aa,3642,survey-multi-choice,46,346335,0,677d3c549b33913c8a5cc071,6816be1334bc5f118b922621,682286c7e35d47e47dc8f2e2,0,"{""Q0"":""물질""}",딸기,category_organization
682288f08f6c92b7216fe2ac,3443,survey-multi-choice,47,349779,0,677d3c549b33913c8a5cc071,6816be1334bc5f118b922621,682286c7e35d47e47dc8f2e2,0,"{""Q0"":""물질""}",김,category_organization
682288f08f6c92b7216fe2ae,2787,survey-multi-choice,49,355801,0,677d3c549b33913c8a5cc071,6816be1334bc5f118b922621,682286c7e35d47e47dc8f2e2,0,"{""Q0"":""물질""}",세탁기,category_organization
682288f08f6c92b7216fe2b0,3232,survey-multi-choice,48,353012,0,677d3c549b33913c8a5cc071,6816be1334bc5f118b922621,682286c7e35d47e47dc8f2e2,0,"{""Q0"":""물질""}",베개,category_organization
682288f08f6c92b7216fe2b2,3367,survey-multi-choice,52,368668,0,677d3c549b33913c8a5cc071,6816be1334bc5f118b922621,682286c7e35d47e47dc8f2e2,0,"{""Q0"":""물질""}",풀,category_organization
682288f08f6c92b7216fe2b4,5819,survey-multi-choice,51,365300,0,677d3c549b33913c8a5cc071,6816be1334bc5f118b922621,682286c7e35d47e47dc8f2e2,0,"{""Q0"":""물질""}",서랍,category_organization
682288f08f6c92b7216fe2b6,3678,survey-multi-choice,50,359480,0,677d3c549b33913c8a5cc071,6816be1334bc5f118b922621,682286c7e35d47e47dc8f2e2,0,"{""Q0"":""물질""}",원숭이,category_organization
682288f08f6c92b7216fe2b8,2713,survey-multi-choice,55,376846,0,677d3c549b33913c8a5cc071,6816be1334bc5f118b922621,682286c7e35d47e47dc8f2e2,0,"{""Q0"":""해당 사항 없음""}",라벤더,category_organization
682288f08f6c92b7216fe2ba,2856,survey-multi-choice,54,374132,0,677d3c549b33913c8a5cc071,6816be1334bc5f118b922621,682286c7e35d47e47dc8f2e2,0,"{""Q0"":""물질""}",발목,category_organization
682288f08f6c92b7216fe2bc,2605,survey-multi-choice,53,371275,0,677d3c549b33913c8a5cc071,6816be1334bc5f118b922621,682286c7e35d47e47dc8f2e2,0,"{""Q0"":""물질""}",감,category_organization
682288f08f6c92b7216fe2be,6293,survey-multi-choice,56,383140,0,677d3c549b33913c8a5cc071,6816be1334bc5f118b922621,682286c7e35d47e47dc8f2e2,0,"{""Q0"":""형태""}",목,category_organization
682288f08f6c92b7216fe2c0,2430,survey-multi-choice,58,389584,0,677d3c549b33913c8a5cc071,6816be1334bc5f118b922621,682286c7e35d47e47dc8f2e2,0,"{""Q0"":""물질""}",배,category_organization
682288f08f6c92b7216fe2c2,5380,survey-multi-choice,59,394965,0,677d3c549b33913c8a5cc071,6816be1334bc5f118b922621,682286c7e35d47e47dc8f2e2,0,"{""Q0"":""물질""}",라면,category_organization
682288f08f6c92b7216fe2c4,4011,survey-multi-choice,57,387152,0,677d3c549b33913c8a5cc071,6816be1334bc5f118b922621,682286c7e35d47e47dc8f2e2,0,"{""Q0"":""물질""}",바위,category_organization
682288f08f6c92b7216fe2c6,1974,survey-multi-choice,61,398915,0,677d3c549b33913c8a5cc071,6816be1334bc5f118b922621,682286c7e35d47e47dc8f2e2,0,"{""Q0"":""물질""}",비누,category_organization
682288f08f6c92b7216fe2c8,1974,survey-multi-choice,60,396940,0,677d3c549b33913c8a5cc071,6816be1334bc5f118b922621,682286c7e35d47e47dc8f2e2,0,"{""Q0"":""물질""}",돈,category_organization
682288f08f6c92b7216fe2ca,2474,survey-multi-choice,62,401391,0,677d3c549b33913c8a5cc071,6816be1334bc5f118b922621,682286c7e35d47e47dc8f2e2,0,"{""Q0"":""물질""}",나무,category_organization
682288f08f6c92b7216fe2cc,3674,survey-multi-choice,64,408617,0,677d3c549b33913c8a5cc071,6816be1334bc5f118b922621,682286c7e35d47e47dc8f2e2,0,"{""Q0"":""물질""}",소,category_organization
682288f08f6c92b7216fe2ce,3550,survey-multi-choice,63,404942,0,677d3c549b33913c8a5cc071,6816be1334bc5f118b922621,682286c7e35d47e47dc8f2e2,0,"{""Q0"":""형태""}",그림,category_organization
682288f08f6c92b7216fe2d0,26875,survey-multi-choice,66,444293,0,677d3c549b33913c8a5cc071,6816be1334bc5f118b922621,682286c7e35d47e47dc8f2e2,0,"{""Q0"":""물질""}",호랑이,category_organization
682288f08f6c92b7216fe2d2,3854,html-button-response,67,448148,0,677d3c549b33913c8a5cc071,6816be1334bc5f118b922621,682286c7e35d47e47dc8f2e2,0,0,,
682288f08f6c92b7216fe2d4,8798,survey-multi-choice,65,417416,0,677d3c549b33913c8a5cc071,6816be1334bc5f118b922621,682286c7e35d47e47dc8f2e2,0,"{""Q0"":""형태""}",불,category_organization
682288f08f6c92b7216fe2d6,2964,html-button-response,68,451114,0,677d3c549b33913c8a5cc071,6816be1334bc5f118b922621,682286c7e35d47e47dc8f2e2,0,0,,
682288f08f6c92b7216fe2d8,1065,html-button-response,69,452180,0,677d3c549b33913c8a5cc071,6816be1334bc5f118b922621,682286c7e35d47e47dc8f2e2,0,0,,
682288f08f6c92b7216fe2da,8406,html-button-response,70,460588,0,677d3c549b33913c8a5cc071,6816be1334bc5f118b922621,682286c7e35d47e47dc8f2e2,0,0,,
682288f08f6c92b7216fe2dc,4832,survey-multi-choice,73,474750,0,677d3c549b33913c8a5cc071,6816be1334bc5f118b922621,682286c7e35d47e47dc8f2e2,0,"{""Q0"":""셀 수 있다""}",의자,practice_countmass
682288f08f6c92b7216fe2de,2811,html-button-response,72,469917,0,677d3c549b33913c8a5cc071,6816be1334bc5f118b922621,682286c7e35d47e47dc8f2e2,0,0,,
682288f08f6c92b7216fe2e0,6514,survey-multi-choice,71,467104,0,677d3c549b33913c8a5cc071,6816be1334bc5f118b922621,682286c7e35d47e47dc8f2e2,0,"{""Q0"":""셀 수 없다""}",설탕,practice_countmass
682288f08f6c92b7216fe2e2,8343,html-button-response,74,483094,0,677d3c549b33913c8a5cc071,6816be1334bc5f118b922621,682286c7e35d47e47dc8f2e2,0,0,,
682288f08f6c92b7216fe2e4,3705,survey-multi-choice,76,491783,0,677d3c549b33913c8a5cc071,6816be1334bc5f118b922621,682286c7e35d47e47dc8f2e2,0,"{""Q0"":""셀 수 있다""}",바나나,count_mass
682288f08f6c92b7216fe2e6,4983,html-button-response,75,488077,0,677d3c549b33913c8a5cc071,6816be1334bc5f118b922621,682286c7e35d47e47dc8f2e2,0,0,,
682288f08f6c92b7216fe2e8,2528,survey-multi-choice,78,497517,0,677d3c549b33913c8a5cc071,6816be1334bc5f118b922621,682286c7e35d47e47dc8f2e2,0,"{""Q0"":""셀 수 있다""}",치약,count_mass
682288f08f6c92b7216fe2ea,2039,survey-multi-choice,79,499556,0,677d3c549b33913c8a5cc071,6816be1334bc5f118b922621,682286c7e35d47e47dc8f2e2,0,"{""Q0"":""셀 수 있다""}",사슴,count_mass
682288f08f6c92b7216fe2ec,3203,survey-multi-choice,77,494988,0,677d3c549b33913c8a5cc071,6816be1334bc5f118b922621,682286c7e35d47e47dc8f2e2,0,"{""Q0"":""셀 수 있다""}",입,count_mass
682288f08f6c92b7216fe2ee,1975,survey-multi-choice,80,501533,0,677d3c549b33913c8a5cc071,6816be1334bc5f118b922621,682286c7e35d47e47dc8f2e2,0,"{""Q0"":""셀 수 있다""}",다람쥐,count_mass
682288f08f6c92b7216fe2f0,2052,survey-multi-choice,81,503586,0,677d3c549b33913c8a5cc071,6816be1334bc5f118b922621,682286c7e35d47e47dc8f2e2,0,"{""Q0"":""셀 수 있다""}",참새,count_mass
682288f08f6c92b7216fe2f2,1784,survey-multi-choice,82,505371,0,677d3c549b33913c8a5cc071,6816be1334bc5f118b922621,682286c7e35d47e47dc8f2e2,0,"{""Q0"":""셀 수 있다""}",동물,count_mass
682288f08f6c92b7216fe2f4,1853,survey-multi-choice,84,509058,0,677d3c549b33913c8a5cc071,6816be1334bc5f118b922621,682286c7e35d47e47dc8f2e2,0,"{""Q0"":""셀 수 있다""}",숟가락,count_mass
682288f08f6c92b7216fe2f6,1831,survey-multi-choice,83,507204,0,677d3c549b33913c8a5cc071,6816be1334bc5f118b922621,682286c7e35d47e47dc8f2e2,0,"{""Q0"":""셀 수 있다""}",텔레비전,count_mass
682288f08f6c92b7216fe2f8,1772,survey-multi-choice,88,518474,0,677d3c549b33913c8a5cc071,6816be1334bc5f118b922621,682286c7e35d47e47dc8f2e2,0,"{""Q0"":""셀 수 있다""}",옷걸이,count_mass
682288f08f6c92b7216fe2fa,3002,survey-multi-choice,85,512062,0,677d3c549b33913c8a5cc071,6816be1334bc5f118b922621,682286c7e35d47e47dc8f2e2,0,"{""Q0"":""셀 수 있다""}",뱀,count_mass
682288f08f6c92b7216fe2fc,1898,survey-multi-choice,86,513962,0,677d3c549b33913c8a5cc071,6816be1334bc5f118b922621,682286c7e35d47e47dc8f2e2,0,"{""Q0"":""셀 수 있다""}",돼지,count_mass
682288f08f6c92b7216fe2fe,2738,survey-multi-choice,87,516701,0,677d3c549b33913c8a5cc071,6816be1334bc5f118b922621,682286c7e35d47e47dc8f2e2,0,"{""Q0"":""셀 수 있다""}",콜라,count_mass
682288f08f6c92b7216fe300,2819,survey-multi-choice,89,521294,0,677d3c549b33913c8a5cc071,6816be1334bc5f118b922621,682286c7e35d47e47dc8f2e2,0,"{""Q0"":""셀 수 있다""}",머리,count_mass
682288f08f6c92b7216fe302,1877,survey-multi-choice,90,523173,0,677d3c549b33913c8a5cc071,6816be1334bc5f118b922621,682286c7e35d47e47dc8f2e2,0,"{""Q0"":""셀 수 있다""}",개미,count_mass
682288f08f6c92b7216fe304,2124,survey-multi-choice,94,533774,0,677d3c549b33913c8a5cc071,6816be1334bc5f118b922621,682286c7e35d47e47dc8f2e2,0,"{""Q0"":""셀 수 있다""}",토끼,count_mass
682288f08f6c92b7216fe306,3481,survey-multi-choice,91,526655,0,677d3c549b33913c8a5cc071,6816be1334bc5f118b922621,682286c7e35d47e47dc8f2e2,0,"{""Q0"":""셀 수 있다""}",병,count_mass
682288f08f6c92b7216fe308,2050,survey-multi-choice,92,528706,0,677d3c549b33913c8a5cc071,6816be1334bc5f118b922621,682286c7e35d47e47dc8f2e2,0,"{""Q0"":""셀 수 있다""}",목걸이,count_mass
682288f08f6c92b7216fe30a,2941,survey-multi-choice,93,531648,0,677d3c549b33913c8a5cc071,6816be1334bc5f118b922621,682286c7e35d47e47dc8f2e2,0,"{""Q0"":""셀 수 없다""}",회색,count_mass
682288f08f6c92b7216fe30c,2441,survey-multi-choice,95,536216,0,677d3c549b33913c8a5cc071,6816be1334bc5f118b922621,682286c7e35d47e47dc8f2e2,0,"{""Q0"":""셀 수 있다""}",케이크,count_mass
682288f08f6c92b7216fe30e,4306,html-button-response,97,543091,0,677d3c549b33913c8a5cc071,6816be1334bc5f118b922621,682286c7e35d47e47dc8f2e2,0,0,,
682288f08f6c92b7216fe310,2566,survey-multi-choice,96,538784,0,677d3c549b33913c8a5cc071,6816be1334bc5f118b922621,682286c7e35d47e47dc8f2e2,0,"{""Q0"":""셀 수 있다""}",개,count_mass
682303368f6c92b7216fe312,9038,instructions,0,9044,0,5d4426894d4b4a001779bef7,6816be1334bc5f118b922621,682301b5cf1362354ebb45a6,0,,,
682303368f6c92b7216fe314,8509,instructions,1,17555,0,5d4426894d4b4a001779bef7,6816be1334bc5f118b922621,682301b5cf1362354ebb45a6,0,,,
682303368f6c92b7216fe316,15248,html-button-response,2,32808,0,5d4426894d4b4a001779bef7,6816be1334bc5f118b922621,682301b5cf1362354ebb45a6,0,0,,
682303368f6c92b7216fe318,9485,html-button-response,4,49345,0,5d4426894d4b4a001779bef7,6816be1334bc5f118b922621,682301b5cf1362354ebb45a6,0,0,,
682303368f6c92b7216fe31a,7047,html-button-response,3,39858,0,5d4426894d4b4a001779bef7,6816be1334bc5f118b922621,682301b5cf1362354ebb45a6,0,0,,
682303368f6c92b7216fe31c,3448,html-button-response,5,52795,0,5d4426894d4b4a001779bef7,6816be1334bc5f118b922621,682301b5cf1362354ebb45a6,0,0,,
682303378f6c92b7216fe31e,6420,html-button-response,6,59218,0,5d4426894d4b4a001779bef7,6816be1334bc5f118b922621,682301b5cf1362354ebb45a6,0,0,,
682303378f6c92b7216fe320,8561,survey-multi-choice,9,79309,0,5d4426894d4b4a001779bef7,6816be1334bc5f118b922621,682301b5cf1362354ebb45a6,0,"{""Q0"":""해당 사항 없음""}",불안감,practice_category
682303378f6c92b7216fe322,1621,html-button-response,8,70745,0,5d4426894d4b4a001779bef7,6816be1334bc5f118b922621,682301b5cf1362354ebb45a6,0,0,,
682303378f6c92b7216fe324,9897,survey-multi-choice,7,69120,0,5d4426894d4b4a001779bef7,6816be1334bc5f118b922621,682301b5cf1362354ebb45a6,0,"{""Q0"":""형태""}",정사각형,practice_category
682303378f6c92b7216fe326,2062,html-button-response,10,81373,0,5d4426894d4b4a001779bef7,6816be1334bc5f118b922621,682301b5cf1362354ebb45a6,0,0,,
682303378f6c92b7216fe328,6503,survey-multi-choice,11,87879,0,5d4426894d4b4a001779bef7,6816be1334bc5f118b922621,682301b5cf1362354ebb45a6,0,"{""Q0"":""형태""}",도자기,practice_category
682303378f6c92b7216fe32a,8019,survey-multi-choice,13,99827,0,5d4426894d4b4a001779bef7,6816be1334bc5f118b922621,682301b5cf1362354ebb45a6,0,"{""Q0"":""색상""}",빨간불,practice_category
682303378f6c92b7216fe32c,3923,html-button-response,12,91804,0,5d4426894d4b4a001779bef7,6816be1334bc5f118b922621,682301b5cf1362354ebb45a6,0,0,,
682303378f6c92b7216fe32e,2286,html-button-response,15,103025,0,5d4426894d4b4a001779bef7,6816be1334bc5f118b922621,682301b5cf1362354ebb45a6,0,0,,
682303378f6c92b7216fe330,907,html-button-response,14,100737,0,5d4426894d4b4a001779bef7,6816be1334bc5f118b922621,682301b5cf1362354ebb45a6,0,0,,
682303378f6c92b7216fe332,5755,survey-multi-choice,16,108784,0,5d4426894d4b4a001779bef7,6816be1334bc5f118b922621,682301b5cf1362354ebb45a6,0,"{""Q0"":""물질""}",풀,category_organization
682303378f6c92b7216fe334,7678,survey-multi-choice,17,116466,0,5d4426894d4b4a001779bef7,6816be1334bc5f118b922621,682301b5cf1362354ebb45a6,0,"{""Q0"":""물질""}",휴지,category_organization
682303378f6c92b7216fe336,8497,survey-multi-choice,18,124967,0,5d4426894d4b4a001779bef7,6816be1334bc5f118b922621,682301b5cf1362354ebb45a6,0,"{""Q0"":""형태""}",부엉이,category_organization
682303378f6c92b7216fe338,10116,survey-multi-choice,19,135086,0,5d4426894d4b4a001779bef7,6816be1334bc5f118b922621,682301b5cf1362354ebb45a6,0,"{""Q0"":""물질""}",별,category_organization
682303378f6c92b7216fe33a,7422,survey-multi-choice,20,142511,0,5d4426894d4b4a001779bef7,6816be1334bc5f118b922621,682301b5cf1362354ebb45a6,0,"{""Q0"":""물질""}",당근,category_organization
682303378f6c92b7216fe33c,6355,survey-multi-choice,21,148869,0,5d4426894d4b4a001779bef7,6816be1334bc5f118b922621,682301b5cf1362354ebb45a6,0,"{""Q0"":""형태""}",벌,category_organization
682303378f6c92b7216fe33e,4848,survey-multi-choice,23,156633,0,5d4426894d4b4a001779bef7,6816be1334bc5f118b922621,682301b5cf1362354ebb45a6,0,"{""Q0"":""형태""}",가방,category_organization
682303378f6c92b7216fe340,2912,survey-multi-choice,22,151783,0,5d4426894d4b4a001779bef7,6816be1334bc5f118b922621,682301b5cf1362354ebb45a6,0,"{""Q0"":""형태""}",뺨,category_organization
682303378f6c92b7216fe342,5136,survey-multi-choice,24,161771,0,5d4426894d4b4a001779bef7,6816be1334bc5f118b922621,682301b5cf1362354ebb45a6,0,"{""Q0"":""형태""}",과일,category_organization
682303378f6c92b7216fe344,4043,survey-multi-choice,25,165816,0,5d4426894d4b4a001779bef7,6816be1334bc5f118b922621,682301b5cf1362354ebb45a6,0,"{""Q0"":""형태""}",눈,category_organization
682303378f6c92b7216fe346,2410,survey-multi-choice,26,168229,0,5d4426894d4b4a001779bef7,6816be1334bc5f118b922621,682301b5cf1362354ebb45a6,0,"{""Q0"":""해당 사항 없음""}",라벤더,category_organization
682303378f6c92b7216fe348,5688,survey-multi-choice,27,173920,0,5d4426894d4b4a001779bef7,6816be1334bc5f118b922621,682301b5cf1362354ebb45a6,0,"{""Q0"":""형태""}",바나나,category_organization
682303378f6c92b7216fe34a,3276,survey-multi-choice,29,182608,0,5d4426894d4b4a001779bef7,6816be1334bc5f118b922621,682301b5cf1362354ebb45a6,0,"{""Q0"":""형태""}",서랍,category_organization
682303378f6c92b7216fe34c,5406,survey-multi-choice,28,179328,0,5d4426894d4b4a001779bef7,6816be1334bc5f118b922621,682301b5cf1362354ebb45a6,0,"{""Q0"":""형태""}",침대,category_organization
682303378f6c92b7216fe34e,6796,survey-multi-choice,30,189405,0,5d4426894d4b4a001779bef7,6816be1334bc5f118b922621,682301b5cf1362354ebb45a6,0,"{""Q0"":""물질""}",수박,category_organization
682303378f6c92b7216fe350,6872,survey-multi-choice,33,206324,0,5d4426894d4b4a001779bef7,6816be1334bc5f118b922621,682301b5cf1362354ebb45a6,0,"{""Q0"":""물질""}",복숭아,category_organization
682303378f6c92b7216fe352,2937,survey-multi-choice,32,199449,0,5d4426894d4b4a001779bef7,6816be1334bc5f118b922621,682301b5cf1362354ebb45a6,0,"{""Q0"":""형태""}",기저귀,category_organization
682303378f6c92b7216fe354,7101,survey-multi-choice,31,196510,0,5d4426894d4b4a001779bef7,6816be1334bc5f118b922621,682301b5cf1362354ebb45a6,0,"{""Q0"":""해당 사항 없음""}",쓰레기,category_organization
682303378f6c92b7216fe356,2140,survey-multi-choice,35,213053,0,5d4426894d4b4a001779bef7,6816be1334bc5f118b922621,682301b5cf1362354ebb45a6,0,"{""Q0"":""형태""}",다리,category_organization
682303378f6c92b7216fe358,4584,survey-multi-choice,34,210910,0,5d4426894d4b4a001779bef7,6816be1334bc5f118b922621,682301b5cf1362354ebb45a6,0,"{""Q0"":""형태""}",어깨,category_organization
682303388f6c92b7216fe35a,4010,survey-multi-choice,36,217066,0,5d4426894d4b4a001779bef7,6816be1334bc5f118b922621,682301b5cf1362354ebb45a6,0,"{""Q0"":""형태""}",옷장,category_organization
682303388f6c92b7216fe35c,3537,html-button-response,40,233632,0,5d4426894d4b4a001779bef7,6816be1334bc5f118b922621,682301b5cf1362354ebb45a6,0,0,,
682303388f6c92b7216fe35e,7669,html-button-response,37,224738,0,5d4426894d4b4a001779bef7,6816be1334bc5f118b922621,682301b5cf1362354ebb45a6,0,0,,
682303388f6c92b7216fe360,5241,survey-multi-choice,41,238876,0,5d4426894d4b4a001779bef7,6816be1334bc5f118b922621,682301b5cf1362354ebb45a6,0,"{""Q0"":""비고형물""}",우유,practice_solidity
682303388f6c92b7216fe362,4019,html-button-response,38,228758,0,5d4426894d4b4a001779bef7,6816be1334bc5f118b922621,682301b5cf1362354ebb45a6,0,0,,
682303388f6c92b7216fe364,1334,html-button-response,39,230093,0,5d4426894d4b4a001779bef7,6816be1334bc5f118b922621,682301b5cf1362354ebb45a6,0,0,,
682303388f6c92b7216fe366,941,html-button-response,42,239820,0,5d4426894d4b4a001779bef7,6816be1334bc5f118b922621,682301b5cf1362354ebb45a6,0,0,,
682303388f6c92b7216fe368,2619,survey-multi-choice,46,247578,0,5d4426894d4b4a001779bef7,6816be1334bc5f118b922621,682301b5cf1362354ebb45a6,0,"{""Q0"":""고형물""}",옥수수,solidity
682303388f6c92b7216fe36a,3094,survey-multi-choice,43,242916,0,5d4426894d4b4a001779bef7,6816be1334bc5f118b922621,682301b5cf1362354ebb45a6,0,"{""Q0"":""고형물""}",책상,practice_solidity
682303388f6c92b7216fe36c,2809,survey-multi-choice,47,250391,0,5d4426894d4b4a001779bef7,6816be1334bc5f118b922621,682301b5cf1362354ebb45a6,0,"{""Q0"":""고형물""}",병아리,solidity
682303388f6c92b7216fe36e,1268,html-button-response,45,244955,0,5d4426894d4b4a001779bef7,6816be1334bc5f118b922621,682301b5cf1362354ebb45a6,0,0,,
682303388f6c92b7216fe370,767,html-button-response,44,243685,0,5d4426894d4b4a001779bef7,6816be1334bc5f118b922621,682301b5cf1362354ebb45a6,0,0,,
682303388f6c92b7216fe372,2029,survey-multi-choice,48,252422,0,5d4426894d4b4a001779bef7,6816be1334bc5f118b922621,682301b5cf1362354ebb45a6,0,"{""Q0"":""고형물""}",허리,solidity
682303388f6c92b7216fe374,1465,survey-multi-choice,49,253889,0,5d4426894d4b4a001779bef7,6816be1334bc5f118b922621,682301b5cf1362354ebb45a6,0,"{""Q0"":""고형물""}",참새,solidity
682303388f6c92b7216fe376,1448,survey-multi-choice,50,255340,0,5d4426894d4b4a001779bef7,6816be1334bc5f118b922621,682301b5cf1362354ebb45a6,0,"{""Q0"":""고형물""}",유모차,solidity
682303388f6c92b7216fe378,1456,survey-multi-choice,51,256798,0,5d4426894d4b4a001779bef7,6816be1334bc5f118b922621,682301b5cf1362354ebb45a6,0,"{""Q0"":""고형물""}",구름,solidity
682303388f6c92b7216fe37a,1388,survey-multi-choice,53,259571,0,5d4426894d4b4a001779bef7,6816be1334bc5f118b922621,682301b5cf1362354ebb45a6,0,"{""Q0"":""고형물""}",칫솔,solidity
682303388f6c92b7216fe37c,1380,survey-multi-choice,52,258181,0,5d4426894d4b4a001779bef7,6816be1334bc5f118b922621,682301b5cf1362354ebb45a6,0,"{""Q0"":""고형물""}",거북이,solidity
682303388f6c92b7216fe37e,2137,survey-multi-choice,54,261711,0,5d4426894d4b4a001779bef7,6816be1334bc5f118b922621,682301b5cf1362354ebb45a6,0,"{""Q0"":""비고형물""}",피,solidity
682303388f6c92b7216fe380,2012,survey-multi-choice,58,277091,0,5d4426894d4b4a001779bef7,6816be1334bc5f118b922621,682301b5cf1362354ebb45a6,0,"{""Q0"":""고형물""}",개구리,solidity
682303388f6c92b7216fe382,6316,survey-multi-choice,55,268029,0,5d4426894d4b4a001779bef7,6816be1334bc5f118b922621,682301b5cf1362354ebb45a6,0,"{""Q0"":""고형물""}",라벤더,solidity
682303388f6c92b7216fe384,2388,survey-multi-choice,56,270420,0,5d4426894d4b4a001779bef7,6816be1334bc5f118b922621,682301b5cf1362354ebb45a6,0,"{""Q0"":""고형물""}",국수,solidity
682303388f6c92b7216fe386,1356,survey-multi-choice,59,278449,0,5d4426894d4b4a001779bef7,6816be1334bc5f118b922621,682301b5cf1362354ebb45a6,0,"{""Q0"":""고형물""}",병,solidity
682303388f6c92b7216fe388,4652,survey-multi-choice,57,275076,0,5d4426894d4b4a001779bef7,6816be1334bc5f118b922621,682301b5cf1362354ebb45a6,0,"{""Q0"":""비고형물""}",주스,solidity
682303388f6c92b7216fe38a,1945,survey-multi-choice,60,280397,0,5d4426894d4b4a001779bef7,6816be1334bc5f118b922621,682301b5cf1362354ebb45a6,0,"{""Q0"":""고형물""}",꽃,solidity
682303388f6c92b7216fe38c,2769,survey-multi-choice,61,283168,0,5d4426894d4b4a001779bef7,6816be1334bc5f118b922621,682301b5cf1362354ebb45a6,0,"{""Q0"":""고형물""}",말,solidity
682303388f6c92b7216fe38e,1808,survey-multi-choice,62,284978,0,5d4426894d4b4a001779bef7,6816be1334bc5f118b922621,682301b5cf1362354ebb45a6,0,"{""Q0"":""고형물""}",트럭,solidity
682303388f6c92b7216fe390,1471,survey-multi-choice,63,286451,0,5d4426894d4b4a001779bef7,6816be1334bc5f118b922621,682301b5cf1362354ebb45a6,0,"{""Q0"":""고형물""}",약,solidity
682303388f6c92b7216fe392,1272,survey-multi-choice,65,289689,0,5d4426894d4b4a001779bef7,6816be1334bc5f118b922621,682301b5cf1362354ebb45a6,0,"{""Q0"":""고형물""}",오토바이,solidity
682303388f6c92b7216fe394,1961,survey-multi-choice,64,288414,0,5d4426894d4b4a001779bef7,6816be1334bc5f118b922621,682301b5cf1362354ebb45a6,0,"{""Q0"":""고형물""}",쟁반,solidity
682303388f6c92b7216fe396,1324,survey-multi-choice,66,291015,0,5d4426894d4b4a001779bef7,6816be1334bc5f118b922621,682301b5cf1362354ebb45a6,0,"{""Q0"":""고형물""}",펭귄,solidity
682303388f6c92b7216fe398,4285,html-button-response,67,295302,0,5d4426894d4b4a001779bef7,6816be1334bc5f118b922621,682301b5cf1362354ebb45a6,0,0,,
682303388f6c92b7216fe39a,2527,html-button-response,68,297831,0,5d4426894d4b4a001779bef7,6816be1334bc5f118b922621,682301b5cf1362354ebb45a6,0,0,,
682303388f6c92b7216fe39c,1304,html-button-response,69,299136,0,5d4426894d4b4a001779bef7,6816be1334bc5f118b922621,682301b5cf1362354ebb45a6,0,0,,
682303388f6c92b7216fe39e,5522,survey-multi-choice,71,308823,0,5d4426894d4b4a001779bef7,6816be1334bc5f118b922621,682301b5cf1362354ebb45a6,0,"{""Q0"":""셀 수 있다""}",의자,practice_countmass
682303388f6c92b7216fe3a0,4161,html-button-response,70,303299,0,5d4426894d4b4a001779bef7,6816be1334bc5f118b922621,682301b5cf1362354ebb45a6,0,0,,
682303398f6c92b7216fe3a2,4035,html-button-response,72,312860,0,5d4426894d4b4a001779bef7,6816be1334bc5f118b922621,682301b5cf1362354ebb45a6,0,0,,
682303398f6c92b7216fe3a4,3748,survey-multi-choice,73,316612,0,5d4426894d4b4a001779bef7,6816be1334bc5f118b922621,682301b5cf1362354ebb45a6,0,"{""Q0"":""셀 수 있다""}",설탕,practice_countmass
682303398f6c92b7216fe3a6,3439,html-button-response,74,320054,0,5d4426894d4b4a001779bef7,6816be1334bc5f118b922621,682301b5cf1362354ebb45a6,0,0,,
682303398f6c92b7216fe3a8,1473,html-button-response,75,321531,0,5d4426894d4b4a001779bef7,6816be1334bc5f118b922621,682301b5cf1362354ebb45a6,0,0,,
682303398f6c92b7216fe3aa,2087,survey-multi-choice,77,328310,0,5d4426894d4b4a001779bef7,6816be1334bc5f118b922621,682301b5cf1362354ebb45a6,0,"{""Q0"":""셀 수 없다""}",바람,count_mass
682303398f6c92b7216fe3ac,4686,survey-multi-choice,76,326219,0,5d4426894d4b4a001779bef7,6816be1334bc5f118b922621,682301b5cf1362354ebb45a6,0,"{""Q0"":""셀 수 있다""}",떡,count_mass
682303398f6c92b7216fe3ae,2397,survey-multi-choice,78,330709,0,5d4426894d4b4a001779bef7,6816be1334bc5f118b922621,682301b5cf1362354ebb45a6,0,"{""Q0"":""셀 수 있다""}",창문,count_mass
682303398f6c92b7216fe3b0,3529,survey-multi-choice,79,334240,0,5d4426894d4b4a001779bef7,6816be1334bc5f118b922621,682301b5cf1362354ebb45a6,0,"{""Q0"":""셀 수 있다""}",개,count_mass
682303398f6c92b7216fe3b2,1914,survey-multi-choice,80,336156,0,5d4426894d4b4a001779bef7,6816be1334bc5f118b922621,682301b5cf1362354ebb45a6,0,"{""Q0"":""셀 수 있다""}",핫도그,count_mass
682303398f6c92b7216fe3b8,1570,survey-multi-choice,82,339314,0,5d4426894d4b4a001779bef7,6816be1334bc5f118b922621,682301b5cf1362354ebb45a6,0,"{""Q0"":""셀 수 있다""}",도너츠,count_mass
682303398f6c92b7216fe3b6,4560,survey-multi-choice,83,343878,0,5d4426894d4b4a001779bef7,6816be1334bc5f118b922621,682301b5cf1362354ebb45a6,0,"{""Q0"":""셀 수 있다""}",텔레비전,count_mass
682303398f6c92b7216fe3b4,1582,survey-multi-choice,81,337741,0,5d4426894d4b4a001779bef7,6816be1334bc5f118b922621,682301b5cf1362354ebb45a6,0,"{""Q0"":""셀 수 없다""}",회색,count_mass
682303398f6c92b7216fe3ba,1982,survey-multi-choice,84,345863,0,5d4426894d4b4a001779bef7,6816be1334bc5f118b922621,682301b5cf1362354ebb45a6,0,"{""Q0"":""셀 수 있다""}",블록,count_mass
682303398f6c92b7216fe3bc,1386,survey-multi-choice,85,347251,0,5d4426894d4b4a001779bef7,6816be1334bc5f118b922621,682301b5cf1362354ebb45a6,0,"{""Q0"":""셀 수 없다""}",불,count_mass
682303398f6c92b7216fe3be,1436,survey-multi-choice,86,348690,0,5d4426894d4b4a001779bef7,6816be1334bc5f118b922621,682301b5cf1362354ebb45a6,0,"{""Q0"":""셀 수 있다""}",머리카락,count_mass
682303398f6c92b7216fe3c0,2402,survey-multi-choice,88,354282,0,5d4426894d4b4a001779bef7,6816be1334bc5f118b922621,682301b5cf1362354ebb45a6,0,"{""Q0"":""셀 수 있다""}",구두,count_mass
682303398f6c92b7216fe3c2,1924,survey-multi-choice,89,356209,0,5d4426894d4b4a001779bef7,6816be1334bc5f118b922621,682301b5cf1362354ebb45a6,0,"{""Q0"":""셀 수 있다""}",망치,count_mass
682303398f6c92b7216fe3c4,3186,survey-multi-choice,87,351878,0,5d4426894d4b4a001779bef7,6816be1334bc5f118b922621,682301b5cf1362354ebb45a6,0,"{""Q0"":""셀 수 있다""}",배,count_mass
682303398f6c92b7216fe3c6,2163,survey-multi-choice,90,358374,0,5d4426894d4b4a001779bef7,6816be1334bc5f118b922621,682301b5cf1362354ebb45a6,0,"{""Q0"":""셀 수 있다""}",모래,count_mass
682303398f6c92b7216fe3c8,2503,survey-multi-choice,92,363638,0,5d4426894d4b4a001779bef7,6816be1334bc5f118b922621,682301b5cf1362354ebb45a6,0,"{""Q0"":""셀 수 있다""}",치즈,count_mass
682303398f6c92b7216fe3ca,2755,survey-multi-choice,91,361133,0,5d4426894d4b4a001779bef7,6816be1334bc5f118b922621,682301b5cf1362354ebb45a6,0,"{""Q0"":""셀 수 있다""}",무/무우,count_mass
682303398f6c92b7216fe3cc,1364,survey-multi-choice,93,365004,0,5d4426894d4b4a001779bef7,6816be1334bc5f118b922621,682301b5cf1362354ebb45a6,0,"{""Q0"":""셀 수 있다""}",발톱,count_mass
682303398f6c92b7216fe3ce,1979,survey-multi-choice,95,368722,0,5d4426894d4b4a001779bef7,6816be1334bc5f118b922621,682301b5cf1362354ebb45a6,0,"{""Q0"":""셀 수 있다""}",고추,count_mass
682303398f6c92b7216fe3d0,1732,survey-multi-choice,94,366740,0,5d4426894d4b4a001779bef7,6816be1334bc5f118b922621,682301b5cf1362354ebb45a6,0,"{""Q0"":""셀 수 있다""}",바위,count_mass
682303398f6c92b7216fe3d2,1933,survey-multi-choice,96,370657,0,5d4426894d4b4a001779bef7,6816be1334bc5f118b922621,682301b5cf1362354ebb45a6,0,"{""Q0"":""셀 수 있다""}",새,count_mass
682303398f6c92b7216fe3d4,9587,html-button-response,97,380247,0,5d4426894d4b4a001779bef7,6816be1334bc5f118b922621,682301b5cf1362354ebb45a6,0,0,,
6828e6c28f6c92b7216fe3d6,15306,instructions,0,15310,0,6166de8fdd205b8f523da235,6816be1334bc5f118b922621,6828e4d8f336e35012b936ae,0,,,
6828e6c28f6c92b7216fe3d8,9186,instructions,1,24496,0,6166de8fdd205b8f523da235,6816be1334bc5f118b922621,6828e4d8f336e35012b936ae,0,,,
6828e6c28f6c92b7216fe3da,8803,html-button-response,3,76207,0,6166de8fdd205b8f523da235,6816be1334bc5f118b922621,6828e4d8f336e35012b936ae,0,0,,
6828e6c28f6c92b7216fe3dc,4344,html-button-response,4,80552,0,6166de8fdd205b8f523da235,6816be1334bc5f118b922621,6828e4d8f336e35012b936ae,0,0,,
6828e6c28f6c92b7216fe3de,8383,html-button-response,5,88936,0,6166de8fdd205b8f523da235,6816be1334bc5f118b922621,6828e4d8f336e35012b936ae,0,0,,
6828e6c28f6c92b7216fe3e0,42904,html-button-response,2,67403,0,6166de8fdd205b8f523da235,6816be1334bc5f118b922621,6828e4d8f336e35012b936ae,0,0,,
6828e6c28f6c92b7216fe3e2,4102,survey-multi-choice,6,93041,0,6166de8fdd205b8f523da235,6816be1334bc5f118b922621,6828e4d8f336e35012b936ae,0,"{""Q0"":""고형물""}",책상,practice_solidity
6828e6c28f6c92b7216fe3e4,2908,html-button-response,7,95950,0,6166de8fdd205b8f523da235,6816be1334bc5f118b922621,6828e4d8f336e35012b936ae,0,0,,
6828e6c28f6c92b7216fe3e6,2789,survey-multi-choice,8,98740,0,6166de8fdd205b8f523da235,6816be1334bc5f118b922621,6828e4d8f336e35012b936ae,0,"{""Q0"":""비고형물""}",우유,practice_solidity
6828e6c28f6c92b7216fe3e8,893,html-button-response,9,99635,0,6166de8fdd205b8f523da235,6816be1334bc5f118b922621,6828e4d8f336e35012b936ae,0,0,,
6828e6c28f6c92b7216fe3ea,3345,html-button-response,10,102981,0,6166de8fdd205b8f523da235,6816be1334bc5f118b922621,6828e4d8f336e35012b936ae,0,0,,
6828e6c28f6c92b7216fe3ec,3132,survey-multi-choice,11,106116,0,6166de8fdd205b8f523da235,6816be1334bc5f118b922621,6828e4d8f336e35012b936ae,0,"{""Q0"":""고형물""}",땅콩,solidity
6828e6c28f6c92b7216fe3ee,1382,survey-multi-choice,12,107499,0,6166de8fdd205b8f523da235,6816be1334bc5f118b922621,6828e4d8f336e35012b936ae,0,"{""Q0"":""고형물""}",발톱,solidity
6828e6c28f6c92b7216fe3f0,1782,survey-multi-choice,13,109282,0,6166de8fdd205b8f523da235,6816be1334bc5f118b922621,6828e4d8f336e35012b936ae,0,"{""Q0"":""고형물""}",땅,solidity
6828e6c28f6c92b7216fe3f2,13345,survey-multi-choice,14,122628,0,6166de8fdd205b8f523da235,6816be1334bc5f118b922621,6828e4d8f336e35012b936ae,0,"{""Q0"":""비고형물""}",잠바,solidity
6828e6c28f6c92b7216fe3f4,2683,survey-multi-choice,16,129382,0,6166de8fdd205b8f523da235,6816be1334bc5f118b922621,6828e4d8f336e35012b936ae,0,"{""Q0"":""고형물""}",세탁기,solidity
6828e6c28f6c92b7216fe3f6,4068,survey-multi-choice,15,126697,0,6166de8fdd205b8f523da235,6816be1334bc5f118b922621,6828e4d8f336e35012b936ae,0,"{""Q0"":""비고형물""}",스파게티,solidity
6828e6c28f6c92b7216fe3f8,3768,survey-multi-choice,17,133151,0,6166de8fdd205b8f523da235,6816be1334bc5f118b922621,6828e4d8f336e35012b936ae,0,"{""Q0"":""고형물""}",무/무우,solidity
6828e6c28f6c92b7216fe3fa,4238,survey-multi-choice,18,137389,0,6166de8fdd205b8f523da235,6816be1334bc5f118b922621,6828e4d8f336e35012b936ae,0,"{""Q0"":""해당 사항 없음""}",뺨,solidity
6828e6c28f6c92b7216fe3fc,4910,survey-multi-choice,19,142300,0,6166de8fdd205b8f523da235,6816be1334bc5f118b922621,6828e4d8f336e35012b936ae,0,"{""Q0"":""고형물""}",얼음,solidity
6828e6c28f6c92b7216fe3fe,3127,survey-multi-choice,20,145429,0,6166de8fdd205b8f523da235,6816be1334bc5f118b922621,6828e4d8f336e35012b936ae,0,"{""Q0"":""고형물""}",칫솔,solidity
6828e6c28f6c92b7216fe400,1650,survey-multi-choice,21,147080,0,6166de8fdd205b8f523da235,6816be1334bc5f118b922621,6828e4d8f336e35012b936ae,0,"{""Q0"":""고형물""}",젓가락,solidity
6828e6c28f6c92b7216fe402,1477,survey-multi-choice,22,148558,0,6166de8fdd205b8f523da235,6816be1334bc5f118b922621,6828e4d8f336e35012b936ae,0,"{""Q0"":""고형물""}",장갑,solidity
6828e6c28f6c92b7216fe406,1754,survey-multi-choice,25,153310,0,6166de8fdd205b8f523da235,6816be1334bc5f118b922621,6828e4d8f336e35012b936ae,0,"{""Q0"":""고형물""}",바지,solidity
6828e6c28f6c92b7216fe404,1249,survey-multi-choice,23,149808,0,6166de8fdd205b8f523da235,6816be1334bc5f118b922621,6828e4d8f336e35012b936ae,0,"{""Q0"":""고형물""}",자전거,solidity
6828e6c28f6c92b7216fe408,7842,survey-multi-choice,26,161154,0,6166de8fdd205b8f523da235,6816be1334bc5f118b922621,6828e4d8f336e35012b936ae,0,"{""Q0"":""비고형물""}",라벤더,solidity
6828e6c28f6c92b7216fe40a,1745,survey-multi-choice,24,151555,0,6166de8fdd205b8f523da235,6816be1334bc5f118b922621,6828e4d8f336e35012b936ae,0,"{""Q0"":""고형물""}",전자레인지,solidity
6828e6c28f6c92b7216fe40c,3361,survey-multi-choice,27,164516,0,6166de8fdd205b8f523da235,6816be1334bc5f118b922621,6828e4d8f336e35012b936ae,0,"{""Q0"":""고형물""}",계단,solidity
6828e6c28f6c92b7216fe40e,2493,survey-multi-choice,28,167010,0,6166de8fdd205b8f523da235,6816be1334bc5f118b922621,6828e4d8f336e35012b936ae,0,"{""Q0"":""고형물""}",망치,solidity
6828e6c28f6c92b7216fe410,2746,survey-multi-choice,29,169758,0,6166de8fdd205b8f523da235,6816be1334bc5f118b922621,6828e4d8f336e35012b936ae,0,"{""Q0"":""해당 사항 없음""}",원숭이,solidity
6828e6c28f6c92b7216fe412,2854,survey-multi-choice,30,172612,0,6166de8fdd205b8f523da235,6816be1334bc5f118b922621,6828e4d8f336e35012b936ae,0,"{""Q0"":""비고형물""}",사이다,solidity
6828e6c28f6c92b7216fe414,1431,survey-multi-choice,31,174045,0,6166de8fdd205b8f523da235,6816be1334bc5f118b922621,6828e4d8f336e35012b936ae,0,"{""Q0"":""고형물""}",지갑,solidity
6828e6c28f6c92b7216fe416,3800,html-button-response,33,184995,0,6166de8fdd205b8f523da235,6816be1334bc5f118b922621,6828e4d8f336e35012b936ae,0,0,,
6828e6c28f6c92b7216fe418,7148,html-button-response,32,181194,0,6166de8fdd205b8f523da235,6816be1334bc5f118b922621,6828e4d8f336e35012b936ae,0,0,,
6828e6c28f6c92b7216fe41a,1190,html-button-response,34,186186,0,6166de8fdd205b8f523da235,6816be1334bc5f118b922621,6828e4d8f336e35012b936ae,0,0,,
6828e6c28f6c92b7216fe41c,18358,survey-multi-choice,36,207050,0,6166de8fdd205b8f523da235,6816be1334bc5f118b922621,6828e4d8f336e35012b936ae,0,"{""Q0"":""셀 수 없다""}",설탕,practice_countmass
6828e6c28f6c92b7216fe41e,2505,html-button-response,35,188691,0,6166de8fdd205b8f523da235,6816be1334bc5f118b922621,6828e4d8f336e35012b936ae,0,0,,
6828e6c28f6c92b7216fe420,5748,html-button-response,37,212800,0,6166de8fdd205b8f523da235,6816be1334bc5f118b922621,6828e4d8f336e35012b936ae,0,0,,
6828e6c28f6c92b7216fe422,4679,survey-multi-choice,38,217480,0,6166de8fdd205b8f523da235,6816be1334bc5f118b922621,6828e4d8f336e35012b936ae,0,"{""Q0"":""셀 수 있다""}",의자,practice_countmass
6828e6c28f6c92b7216fe424,3310,html-button-response,39,220792,0,6166de8fdd205b8f523da235,6816be1334bc5f118b922621,6828e4d8f336e35012b936ae,0,0,,
6828e6c28f6c92b7216fe426,2105,html-button-response,40,222897,0,6166de8fdd205b8f523da235,6816be1334bc5f118b922621,6828e4d8f336e35012b936ae,0,0,,
6828e6c28f6c92b7216fe428,5057,survey-multi-choice,41,227955,0,6166de8fdd205b8f523da235,6816be1334bc5f118b922621,6828e4d8f336e35012b936ae,0,"{""Q0"":""셀 수 없다""}",말,count_mass
6828e6c28f6c92b7216fe42a,2751,survey-multi-choice,42,230708,0,6166de8fdd205b8f523da235,6816be1334bc5f118b922621,6828e4d8f336e35012b936ae,0,"{""Q0"":""셀 수 있다""}",무릎,count_mass
6828e6c28f6c92b7216fe42c,1363,survey-multi-choice,43,232073,0,6166de8fdd205b8f523da235,6816be1334bc5f118b922621,6828e4d8f336e35012b936ae,0,"{""Q0"":""셀 수 있다""}",헬리콥터,count_mass
6828e6c28f6c92b7216fe42e,1593,survey-multi-choice,44,233667,0,6166de8fdd205b8f523da235,6816be1334bc5f118b922621,6828e4d8f336e35012b936ae,0,"{""Q0"":""셀 수 있다""}",이/이빨,count_mass
6828e6c28f6c92b7216fe430,2154,survey-multi-choice,46,237911,0,6166de8fdd205b8f523da235,6816be1334bc5f118b922621,6828e4d8f336e35012b936ae,0,"{""Q0"":""셀 수 있다""}",걸레,count_mass
6828e6c28f6c92b7216fe432,2088,survey-multi-choice,45,235756,0,6166de8fdd205b8f523da235,6816be1334bc5f118b922621,6828e4d8f336e35012b936ae,0,"{""Q0"":""셀 수 있다""}",썰매,count_mass
6828e6c28f6c92b7216fe434,1760,survey-multi-choice,47,239672,0,6166de8fdd205b8f523da235,6816be1334bc5f118b922621,6828e4d8f336e35012b936ae,0,"{""Q0"":""셀 수 있다""}",소파,count_mass
6828e6c28f6c92b7216fe436,1487,survey-multi-choice,48,241160,0,6166de8fdd205b8f523da235,6816be1334bc5f118b922621,6828e4d8f336e35012b936ae,0,"{""Q0"":""셀 수 있다""}",껌,count_mass
6828e6c28f6c92b7216fe438,2735,survey-multi-choice,49,243896,0,6166de8fdd205b8f523da235,6816be1334bc5f118b922621,6828e4d8f336e35012b936ae,0,"{""Q0"":""셀 수 있다""}",케이크,count_mass
6828e6c28f6c92b7216fe43a,2159,survey-multi-choice,50,246056,0,6166de8fdd205b8f523da235,6816be1334bc5f118b922621,6828e4d8f336e35012b936ae,0,"{""Q0"":""셀 수 없다""}",소금,count_mass
6828e6c28f6c92b7216fe43c,1966,survey-multi-choice,51,248023,0,6166de8fdd205b8f523da235,6816be1334bc5f118b922621,6828e4d8f336e35012b936ae,0,"{""Q0"":""셀 수 없다""}",회색,count_mass
6828e6c28f6c92b7216fe43e,4367,survey-multi-choice,52,252392,0,6166de8fdd205b8f523da235,6816be1334bc5f118b922621,6828e4d8f336e35012b936ae,0,"{""Q0"":""셀 수 있다""}",비행기,count_mass
6828e6c28f6c92b7216fe440,4078,survey-multi-choice,53,256471,0,6166de8fdd205b8f523da235,6816be1334bc5f118b922621,6828e4d8f336e35012b936ae,0,"{""Q0"":""셀 수 있다""}",사다리,count_mass
6828e6c28f6c92b7216fe442,2005,survey-multi-choice,54,258477,0,6166de8fdd205b8f523da235,6816be1334bc5f118b922621,6828e4d8f336e35012b936ae,0,"{""Q0"":""셀 수 있다""}",아이스크림,count_mass
6828e6c28f6c92b7216fe444,6667,survey-multi-choice,55,265145,0,6166de8fdd205b8f523da235,6816be1334bc5f118b922621,6828e4d8f336e35012b936ae,0,"{""Q0"":""셀 수 있다""}",똥꼬,count_mass
6828e6c28f6c92b7216fe446,1456,survey-multi-choice,56,266603,0,6166de8fdd205b8f523da235,6816be1334bc5f118b922621,6828e4d8f336e35012b936ae,0,"{""Q0"":""셀 수 있다""}",안경,count_mass
6828e6c28f6c92b7216fe448,1357,survey-multi-choice,57,267961,0,6166de8fdd205b8f523da235,6816be1334bc5f118b922621,6828e4d8f336e35012b936ae,0,"{""Q0"":""셀 수 있다""}",공룡,count_mass
6828e6c28f6c92b7216fe44a,1246,survey-multi-choice,58,269208,0,6166de8fdd205b8f523da235,6816be1334bc5f118b922621,6828e4d8f336e35012b936ae,0,"{""Q0"":""셀 수 있다""}",벌,count_mass
6828e6c28f6c92b7216fe44c,1284,survey-multi-choice,59,270493,0,6166de8fdd205b8f523da235,6816be1334bc5f118b922621,6828e4d8f336e35012b936ae,0,"{""Q0"":""셀 수 있다""}",쟁반,count_mass
6828e6c28f6c92b7216fe44e,2765,survey-multi-choice,60,273260,0,6166de8fdd205b8f523da235,6816be1334bc5f118b922621,6828e4d8f336e35012b936ae,0,"{""Q0"":""셀 수 있다""}",배,count_mass
6828e6c28f6c92b7216fe450,1657,survey-multi-choice,61,274918,0,6166de8fdd205b8f523da235,6816be1334bc5f118b922621,6828e4d8f336e35012b936ae,0,"{""Q0"":""셀 수 있다""}",뱀,count_mass
6828e6c28f6c92b7216fe452,20549,html-button-response,62,295468,0,6166de8fdd205b8f523da235,6816be1334bc5f118b922621,6828e4d8f336e35012b936ae,0,0,,
6828e6c28f6c92b7216fe454,6074,html-button-response,63,301544,0,6166de8fdd205b8f523da235,6816be1334bc5f118b922621,6828e4d8f336e35012b936ae,0,0,,
6828e6c28f6c92b7216fe456,8619,html-button-response,64,310164,0,6166de8fdd205b8f523da235,6816be1334bc5f118b922621,6828e4d8f336e35012b936ae,0,0,,
6828e6c28f6c92b7216fe458,1235,html-button-response,65,311399,0,6166de8fdd205b8f523da235,6816be1334bc5f118b922621,6828e4d8f336e35012b936ae,0,0,,
6828e6c28f6c92b7216fe45a,1635,html-button-response,66,313035,0,6166de8fdd205b8f523da235,6816be1334bc5f118b922621,6828e4d8f336e35012b936ae,0,0,,
6828e6c28f6c92b7216fe45c,15667,survey-multi-choice,67,328704,0,6166de8fdd205b8f523da235,6816be1334bc5f118b922621,6828e4d8f336e35012b936ae,0,"{""Q0"":""형태""}",정사각형,practice_category
6828e6c28f6c92b7216fe45e,1011,html-button-response,68,329715,0,6166de8fdd205b8f523da235,6816be1334bc5f118b922621,6828e4d8f336e35012b936ae,0,0,,
6828e6c28f6c92b7216fe460,886,html-button-response,70,336878,0,6166de8fdd205b8f523da235,6816be1334bc5f118b922621,6828e4d8f336e35012b936ae,0,0,,
6828e6c28f6c92b7216fe462,6284,survey-multi-choice,69,335993,0,6166de8fdd205b8f523da235,6816be1334bc5f118b922621,6828e4d8f336e35012b936ae,0,"{""Q0"":""색상""}",빨간불,practice_category
6828e6c38f6c92b7216fe464,7387,survey-multi-choice,73,348910,0,6166de8fdd205b8f523da235,6816be1334bc5f118b922621,6828e4d8f336e35012b936ae,0,"{""Q0"":""형태""}",도자기,practice_category
6828e6c38f6c92b7216fe466,5931,html-button-response,74,354840,0,6166de8fdd205b8f523da235,6816be1334bc5f118b922621,6828e4d8f336e35012b936ae,0,0,,
6828e6c38f6c92b7216fe468,1121,html-button-response,75,355962,0,6166de8fdd205b8f523da235,6816be1334bc5f118b922621,6828e4d8f336e35012b936ae,0,0,,
6828e6c38f6c92b7216fe46a,3749,survey-multi-choice,71,340625,0,6166de8fdd205b8f523da235,6816be1334bc5f118b922621,6828e4d8f336e35012b936ae,0,"{""Q0"":""해당 사항 없음""}",불안감,practice_category
6828e6c38f6c92b7216fe46c,899,html-button-response,72,341525,0,6166de8fdd205b8f523da235,6816be1334bc5f118b922621,6828e4d8f336e35012b936ae,0,0,,
6828e6c38f6c92b7216fe46e,22258,survey-multi-choice,76,378219,0,6166de8fdd205b8f523da235,6816be1334bc5f118b922621,6828e4d8f336e35012b936ae,0,"{""Q0"":""형태""}",허리띠,category_organization
6828e6c38f6c92b7216fe470,4514,survey-multi-choice,77,382733,0,6166de8fdd205b8f523da235,6816be1334bc5f118b922621,6828e4d8f336e35012b936ae,0,"{""Q0"":""형태""}",그릇,category_organization
6828e6c38f6c92b7216fe472,4400,survey-multi-choice,78,387134,0,6166de8fdd205b8f523da235,6816be1334bc5f118b922621,6828e4d8f336e35012b936ae,0,"{""Q0"":""해당 사항 없음""}",텔레비전,category_organization
6828e6c38f6c92b7216fe474,3259,survey-multi-choice,79,390395,0,6166de8fdd205b8f523da235,6816be1334bc5f118b922621,6828e4d8f336e35012b936ae,0,"{""Q0"":""해당 사항 없음""}",라벤더,category_organization
6828e6c38f6c92b7216fe476,3319,survey-multi-choice,80,393715,0,6166de8fdd205b8f523da235,6816be1334bc5f118b922621,6828e4d8f336e35012b936ae,0,"{""Q0"":""해당 사항 없음""}",소,category_organization
6828e6c38f6c92b7216fe478,4327,survey-multi-choice,81,398043,0,6166de8fdd205b8f523da235,6816be1334bc5f118b922621,6828e4d8f336e35012b936ae,0,"{""Q0"":""해당 사항 없음""}",불,category_organization
6828e6c38f6c92b7216fe47a,4388,survey-multi-choice,82,402432,0,6166de8fdd205b8f523da235,6816be1334bc5f118b922621,6828e4d8f336e35012b936ae,0,"{""Q0"":""해당 사항 없음""}",치약,category_organization
6828e6c38f6c92b7216fe47c,4218,survey-multi-choice,83,406652,0,6166de8fdd205b8f523da235,6816be1334bc5f118b922621,6828e4d8f336e35012b936ae,0,"{""Q0"":""해당 사항 없음""}",발,category_organization
6828e6c38f6c92b7216fe47e,15047,survey-multi-choice,84,421700,0,6166de8fdd205b8f523da235,6816be1334bc5f118b922621,6828e4d8f336e35012b936ae,0,"{""Q0"":""색상""}",머리카락,category_organization
6828e6c38f6c92b7216fe480,2543,survey-multi-choice,86,430858,0,6166de8fdd205b8f523da235,6816be1334bc5f118b922621,6828e4d8f336e35012b936ae,0,"{""Q0"":""색상""}",꽃,category_organization
6828e6c38f6c92b7216fe482,6612,survey-multi-choice,85,428314,0,6166de8fdd205b8f523da235,6816be1334bc5f118b922621,6828e4d8f336e35012b936ae,0,"{""Q0"":""해당 사항 없음""}",감자,category_organization
6828e6c38f6c92b7216fe484,3351,survey-multi-choice,87,434210,0,6166de8fdd205b8f523da235,6816be1334bc5f118b922621,6828e4d8f336e35012b936ae,0,"{""Q0"":""해당 사항 없음""}",로봇,category_organization
6828e6c38f6c92b7216fe486,4695,survey-multi-choice,88,438907,0,6166de8fdd205b8f523da235,6816be1334bc5f118b922621,6828e4d8f336e35012b936ae,0,"{""Q0"":""해당 사항 없음""}",잠옷,category_organization
6828e6c38f6c92b7216fe488,10589,survey-multi-choice,89,449497,0,6166de8fdd205b8f523da235,6816be1334bc5f118b922621,6828e4d8f336e35012b936ae,0,"{""Q0"":""해당 사항 없음""}",하늘,category_organization
6828e6c38f6c92b7216fe48a,2853,survey-multi-choice,90,452351,0,6166de8fdd205b8f523da235,6816be1334bc5f118b922621,6828e4d8f336e35012b936ae,0,"{""Q0"":""물질""}",콜라,category_organization
6828e6c38f6c92b7216fe48c,3553,survey-multi-choice,91,455905,0,6166de8fdd205b8f523da235,6816be1334bc5f118b922621,6828e4d8f336e35012b936ae,0,"{""Q0"":""형태""}",호박,category_organization
6828e6c38f6c92b7216fe48e,4468,survey-multi-choice,92,460374,0,6166de8fdd205b8f523da235,6816be1334bc5f118b922621,6828e4d8f336e35012b936ae,0,"{""Q0"":""해당 사항 없음""}",양,category_organization
6828e6c38f6c92b7216fe490,9326,survey-multi-choice,93,469702,0,6166de8fdd205b8f523da235,6816be1334bc5f118b922621,6828e4d8f336e35012b936ae,0,"{""Q0"":""형태""}",전화,category_organization
6828e6c38f6c92b7216fe492,2507,survey-multi-choice,94,472211,0,6166de8fdd205b8f523da235,6816be1334bc5f118b922621,6828e4d8f336e35012b936ae,0,"{""Q0"":""형태""}",버스,category_organization
6828e6c38f6c92b7216fe494,2689,survey-multi-choice,95,474902,0,6166de8fdd205b8f523da235,6816be1334bc5f118b922621,6828e4d8f336e35012b936ae,0,"{""Q0"":""해당 사항 없음""}",약,category_organization
6828e6c38f6c92b7216fe496,2102,survey-multi-choice,96,477006,0,6166de8fdd205b8f523da235,6816be1334bc5f118b922621,6828e4d8f336e35012b936ae,0,"{""Q0"":""형태""}",고구마,category_organization
6828e6c38f6c92b7216fe498,5249,html-button-response,97,482257,0,6166de8fdd205b8f523da235,6816be1334bc5f118b922621,6828e4d8f336e35012b936ae,0,0,,
6828eab08f6c92b7216fe49a,2025,instructions,0,2033,0,67b7628a8bcd2a4b58ce9a09,6816be1334bc5f118b922621,6828e9eb8893ca2335cd52bb,0,,,
6828eab08f6c92b7216fe49c,3467,html-button-response,2,6620,0,67b7628a8bcd2a4b58ce9a09,6816be1334bc5f118b922621,6828e9eb8893ca2335cd52bb,0,0,,
6828eab08f6c92b7216fe49e,1117,instructions,1,3151,0,67b7628a8bcd2a4b58ce9a09,6816be1334bc5f118b922621,6828e9eb8893ca2335cd52bb,0,,,
6828eab08f6c92b7216fe4a0,1187,survey-multi-choice,27,53855,0,67b7628a8bcd2a4b58ce9a09,6816be1334bc5f118b922621,6828e9eb8893ca2335cd52bb,0,"{""Q0"":""셀 수 있다""}",껌,count_mass
6828eab08f6c92b7216fe4a2,2561,html-button-response,3,9183,0,67b7628a8bcd2a4b58ce9a09,6816be1334bc5f118b922621,6828e9eb8893ca2335cd52bb,0,0,,
6828eab08f6c92b7216fe4a4,3193,survey-multi-choice,6,16572,0,67b7628a8bcd2a4b58ce9a09,6816be1334bc5f118b922621,6828e9eb8893ca2335cd52bb,0,"{""Q0"":""셀 수 없다""}",설탕,practice_countmass
6828eab08f6c92b7216fe4a6,1254,html-button-response,4,10439,0,67b7628a8bcd2a4b58ce9a09,6816be1334bc5f118b922621,6828e9eb8893ca2335cd52bb,0,0,,
6828eab08f6c92b7216fe4a8,2992,html-button-response,7,19565,0,67b7628a8bcd2a4b58ce9a09,6816be1334bc5f118b922621,6828e9eb8893ca2335cd52bb,0,0,,
6828eab08f6c92b7216fe4aa,2629,survey-multi-choice,8,22196,0,67b7628a8bcd2a4b58ce9a09,6816be1334bc5f118b922621,6828e9eb8893ca2335cd52bb,0,"{""Q0"":""셀 수 있다""}",의자,practice_countmass
6828eab08f6c92b7216fe4ac,2936,html-button-response,5,13376,0,67b7628a8bcd2a4b58ce9a09,6816be1334bc5f118b922621,6828e9eb8893ca2335cd52bb,0,0,,
6828eab08f6c92b7216fe4ae,2168,html-button-response,97,194117,0,67b7628a8bcd2a4b58ce9a09,6816be1334bc5f118b922621,6828e9eb8893ca2335cd52bb,0,0,,
6828eab08f6c92b7216fe4b0,1122,survey-multi-choice,28,54977,0,67b7628a8bcd2a4b58ce9a09,6816be1334bc5f118b922621,6828e9eb8893ca2335cd52bb,0,"{""Q0"":""셀 수 있다""}",텔레비전,count_mass
6828eab08f6c92b7216fe4b2,1840,html-button-response,9,24037,0,67b7628a8bcd2a4b58ce9a09,6816be1334bc5f118b922621,6828e9eb8893ca2335cd52bb,0,0,,
6828eab08f6c92b7216fe4b4,1170,survey-multi-choice,96,191947,0,67b7628a8bcd2a4b58ce9a09,6816be1334bc5f118b922621,6828e9eb8893ca2335cd52bb,0,"{""Q0"":""형태""}",케이크,category_organization
6828eab08f6c92b7216fe4b6,3709,survey-multi-choice,95,190777,0,67b7628a8bcd2a4b58ce9a09,6816be1334bc5f118b922621,6828e9eb8893ca2335cd52bb,0,"{""Q0"":""형태""}",하늘,category_organization
6828eab08f6c92b7216fe4b8,1482,html-button-response,10,25520,0,67b7628a8bcd2a4b58ce9a09,6816be1334bc5f118b922621,6828e9eb8893ca2335cd52bb,0,0,,
6828eab08f6c92b7216fe4ba,1372,survey-multi-choice,94,187066,0,67b7628a8bcd2a4b58ce9a09,6816be1334bc5f118b922621,6828e9eb8893ca2335cd52bb,0,"{""Q0"":""형태""}",방,category_organization
6828eab08f6c92b7216fe4bc,4137,survey-multi-choice,11,29659,0,67b7628a8bcd2a4b58ce9a09,6816be1334bc5f118b922621,6828e9eb8893ca2335cd52bb,0,"{""Q0"":""셀 수 있다""}",라면,count_mass
6828eab08f6c92b7216fe4be,1637,survey-multi-choice,12,31298,0,67b7628a8bcd2a4b58ce9a09,6816be1334bc5f118b922621,6828e9eb8893ca2335cd52bb,0,"{""Q0"":""셀 수 있다""}",세탁기,count_mass
6828eab08f6c92b7216fe4c0,1580,survey-multi-choice,93,185692,0,67b7628a8bcd2a4b58ce9a09,6816be1334bc5f118b922621,6828e9eb8893ca2335cd52bb,0,"{""Q0"":""형태""}",의자,category_organization
6828eab08f6c92b7216fe4c2,1571,survey-multi-choice,13,32870,0,67b7628a8bcd2a4b58ce9a09,6816be1334bc5f118b922621,6828e9eb8893ca2335cd52bb,0,"{""Q0"":""셀 수 있다""}",주머니,count_mass
6828eab08f6c92b7216fe4c4,2633,survey-multi-choice,92,184112,0,67b7628a8bcd2a4b58ce9a09,6816be1334bc5f118b922621,6828e9eb8893ca2335cd52bb,0,"{""Q0"":""해당 사항 없음""}",라벤더,category_organization
6828eab08f6c92b7216fe4c6,1722,survey-multi-choice,14,34595,0,67b7628a8bcd2a4b58ce9a09,6816be1334bc5f118b922621,6828e9eb8893ca2335cd52bb,0,"{""Q0"":""셀 수 있다""}",불자동차/소방차,count_mass
6828eab08f6c92b7216fe4c8,1335,survey-multi-choice,15,35931,0,67b7628a8bcd2a4b58ce9a09,6816be1334bc5f118b922621,6828e9eb8893ca2335cd52bb,0,"{""Q0"":""셀 수 있다""}",펭귄,count_mass
6828eab08f6c92b7216fe4ca,1364,survey-multi-choice,90,180402,0,67b7628a8bcd2a4b58ce9a09,6816be1334bc5f118b922621,6828e9eb8893ca2335cd52bb,0,"{""Q0"":""형태""}",물고기,category_organization
6828eab08f6c92b7216fe4cc,1074,survey-multi-choice,91,181477,0,67b7628a8bcd2a4b58ce9a09,6816be1334bc5f118b922621,6828e9eb8893ca2335cd52bb,0,"{""Q0"":""형태""}",시계,category_organization
6828eab08f6c92b7216fe4ce,1398,survey-multi-choice,16,37330,0,67b7628a8bcd2a4b58ce9a09,6816be1334bc5f118b922621,6828e9eb8893ca2335cd52bb,0,"{""Q0"":""셀 수 있다""}",바지,count_mass
6828eab08f6c92b7216fe4d0,2565,survey-multi-choice,89,179037,0,67b7628a8bcd2a4b58ce9a09,6816be1334bc5f118b922621,6828e9eb8893ca2335cd52bb,0,"{""Q0"":""형태""}",땅,category_organization
6828eab08f6c92b7216fe4d2,2116,survey-multi-choice,17,39448,0,67b7628a8bcd2a4b58ce9a09,6816be1334bc5f118b922621,6828e9eb8893ca2335cd52bb,0,"{""Q0"":""셀 수 있다""}",뺨,count_mass
6828eab08f6c92b7216fe4d4,2317,survey-multi-choice,88,176470,0,67b7628a8bcd2a4b58ce9a09,6816be1334bc5f118b922621,6828e9eb8893ca2335cd52bb,0,"{""Q0"":""형태""}",무/무우,category_organization
6828eab08f6c92b7216fe4d6,1424,survey-multi-choice,18,40873,0,67b7628a8bcd2a4b58ce9a09,6816be1334bc5f118b922621,6828e9eb8893ca2335cd52bb,0,"{""Q0"":""셀 수 있다""}",포크,count_mass
6828eab08f6c92b7216fe4d8,1021,survey-multi-choice,87,174152,0,67b7628a8bcd2a4b58ce9a09,6816be1334bc5f118b922621,6828e9eb8893ca2335cd52bb,0,"{""Q0"":""형태""}",서랍,category_organization
6828eab08f6c92b7216fe4da,1708,survey-multi-choice,19,42583,0,67b7628a8bcd2a4b58ce9a09,6816be1334bc5f118b922621,6828e9eb8893ca2335cd52bb,0,"{""Q0"":""셀 수 있다""}",빗,count_mass
6828eab08f6c92b7216fe4dc,1019,survey-multi-choice,86,173128,0,67b7628a8bcd2a4b58ce9a09,6816be1334bc5f118b922621,6828e9eb8893ca2335cd52bb,0,"{""Q0"":""형태""}",안경,category_organization
6828eab08f6c92b7216fe4de,1061,survey-multi-choice,20,43645,0,67b7628a8bcd2a4b58ce9a09,6816be1334bc5f118b922621,6828e9eb8893ca2335cd52bb,0,"{""Q0"":""셀 수 있다""}",피자,count_mass
6828eab08f6c92b7216fe4e0,1099,survey-multi-choice,85,172108,0,67b7628a8bcd2a4b58ce9a09,6816be1334bc5f118b922621,6828e9eb8893ca2335cd52bb,0,"{""Q0"":""형태""}",팔,category_organization
6828eab08f6c92b7216fe4e2,1123,survey-multi-choice,21,44769,0,67b7628a8bcd2a4b58ce9a09,6816be1334bc5f118b922621,6828e9eb8893ca2335cd52bb,0,"{""Q0"":""셀 수 있다""}",배추,count_mass
6828eab08f6c92b7216fe4e4,1394,survey-multi-choice,84,171008,0,67b7628a8bcd2a4b58ce9a09,6816be1334bc5f118b922621,6828e9eb8893ca2335cd52bb,0,"{""Q0"":""형태""}",김치,category_organization
6828eab08f6c92b7216fe4e6,1371,survey-multi-choice,22,46141,0,67b7628a8bcd2a4b58ce9a09,6816be1334bc5f118b922621,6828e9eb8893ca2335cd52bb,0,"{""Q0"":""셀 수 있다""}",허리,count_mass
6828eab08f6c92b7216fe4e8,1133,survey-multi-choice,83,169613,0,67b7628a8bcd2a4b58ce9a09,6816be1334bc5f118b922621,6828e9eb8893ca2335cd52bb,0,"{""Q0"":""형태""}",얼굴,category_organization
6828eab08f6c92b7216fe4ea,1380,survey-multi-choice,23,47523,0,67b7628a8bcd2a4b58ce9a09,6816be1334bc5f118b922621,6828e9eb8893ca2335cd52bb,0,"{""Q0"":""셀 수 있다""}",우산,count_mass
6828eab08f6c92b7216fe4ec,2091,survey-multi-choice,82,168478,0,67b7628a8bcd2a4b58ce9a09,6816be1334bc5f118b922621,6828e9eb8893ca2335cd52bb,0,"{""Q0"":""물질""}",닭고기,category_organization
6828eab08f6c92b7216fe4ee,2356,survey-multi-choice,24,49881,0,67b7628a8bcd2a4b58ce9a09,6816be1334bc5f118b922621,6828e9eb8893ca2335cd52bb,0,"{""Q0"":""셀 수 있다""}",콩,count_mass
6828eab08f6c92b7216fe4f0,1232,survey-multi-choice,81,166386,0,67b7628a8bcd2a4b58ce9a09,6816be1334bc5f118b922621,6828e9eb8893ca2335cd52bb,0,"{""Q0"":""형태""}",거북이,category_organization
6828eab08f6c92b7216fe4f2,1380,survey-multi-choice,25,51262,0,67b7628a8bcd2a4b58ce9a09,6816be1334bc5f118b922621,6828e9eb8893ca2335cd52bb,0,"{""Q0"":""셀 수 있다""}",뱀,count_mass
6828eab08f6c92b7216fe4f4,2052,survey-multi-choice,80,165152,0,67b7628a8bcd2a4b58ce9a09,6816be1334bc5f118b922621,6828e9eb8893ca2335cd52bb,0,"{""Q0"":""물질""}",요구르트,category_organization
6828eab08f6c92b7216fe4f6,1402,survey-multi-choice,26,52667,0,67b7628a8bcd2a4b58ce9a09,6816be1334bc5f118b922621,6828e9eb8893ca2335cd52bb,0,"{""Q0"":""셀 수 있다""}",버스,count_mass
6828eab08f6c92b7216fe4f8,1182,survey-multi-choice,79,163099,0,67b7628a8bcd2a4b58ce9a09,6816be1334bc5f118b922621,6828e9eb8893ca2335cd52bb,0,"{""Q0"":""형태""}",손가락,category_organization
6828eab08f6c92b7216fe4fa,1553,survey-multi-choice,29,56531,0,67b7628a8bcd2a4b58ce9a09,6816be1334bc5f118b922621,6828e9eb8893ca2335cd52bb,0,"{""Q0"":""셀 수 있다""}",창문,count_mass
6828eab08f6c92b7216fe4fc,1562,survey-multi-choice,78,161916,0,67b7628a8bcd2a4b58ce9a09,6816be1334bc5f118b922621,6828e9eb8893ca2335cd52bb,0,"{""Q0"":""형태""}",하마,category_organization
6828eab08f6c92b7216fe4fe,3952,survey-multi-choice,30,60484,0,67b7628a8bcd2a4b58ce9a09,6816be1334bc5f118b922621,6828e9eb8893ca2335cd52bb,0,"{""Q0"":""셀 수 없다""}",회색,count_mass
6828eab08f6c92b7216fe500,1949,survey-multi-choice,77,160353,0,67b7628a8bcd2a4b58ce9a09,6816be1334bc5f118b922621,6828e9eb8893ca2335cd52bb,0,"{""Q0"":""형태""}",전자레인지,category_organization
6828eab08f6c92b7216fe502,4496,survey-multi-choice,31,64981,0,67b7628a8bcd2a4b58ce9a09,6816be1334bc5f118b922621,6828e9eb8893ca2335cd52bb,0,"{""Q0"":""잘 모르겠다/구분이 어렵다""}",쌀,count_mass
6828eab08f6c92b7216fe504,5939,survey-multi-choice,76,158401,0,67b7628a8bcd2a4b58ce9a09,6816be1334bc5f118b922621,6828e9eb8893ca2335cd52bb,0,"{""Q0"":""형태""}",옷장,category_organization
6828eab08f6c92b7216fe506,3064,html-button-response,32,68048,0,67b7628a8bcd2a4b58ce9a09,6816be1334bc5f118b922621,6828e9eb8893ca2335cd52bb,0,0,,
6828eab08f6c92b7216fe508,612,html-button-response,75,152461,0,67b7628a8bcd2a4b58ce9a09,6816be1334bc5f118b922621,6828e9eb8893ca2335cd52bb,0,0,,
6828eab08f6c92b7216fe50a,2938,html-button-response,33,70987,0,67b7628a8bcd2a4b58ce9a09,6816be1334bc5f118b922621,6828e9eb8893ca2335cd52bb,0,0,,
6828eab08f6c92b7216fe50c,406,html-button-response,74,151849,0,67b7628a8bcd2a4b58ce9a09,6816be1334bc5f118b922621,6828e9eb8893ca2335cd52bb,0,0,,
6828eab08f6c92b7216fe50e,810,html-button-response,34,71797,0,67b7628a8bcd2a4b58ce9a09,6816be1334bc5f118b922621,6828e9eb8893ca2335cd52bb,0,0,,
6828eab08f6c92b7216fe510,2932,html-button-response,35,74731,0,67b7628a8bcd2a4b58ce9a09,6816be1334bc5f118b922621,6828e9eb8893ca2335cd52bb,0,0,,
6828eab08f6c92b7216fe512,2468,survey-multi-choice,73,151441,0,67b7628a8bcd2a4b58ce9a09,6816be1334bc5f118b922621,6828e9eb8893ca2335cd52bb,0,"{""Q0"":""형태""}",정사각형,practice_category
6828eab18f6c92b7216fe514,2492,survey-multi-choice,36,77224,0,67b7628a8bcd2a4b58ce9a09,6816be1334bc5f118b922621,6828e9eb8893ca2335cd52bb,0,"{""Q0"":""비고형물""}",우유,practice_solidity
6828eab18f6c92b7216fe516,499,html-button-response,72,148971,0,67b7628a8bcd2a4b58ce9a09,6816be1334bc5f118b922621,6828e9eb8893ca2335cd52bb,0,0,,
6828eab18f6c92b7216fe518,2830,survey-multi-choice,71,148472,0,67b7628a8bcd2a4b58ce9a09,6816be1334bc5f118b922621,6828e9eb8893ca2335cd52bb,0,"{""Q0"":""해당 사항 없음""}",불안감,practice_category
6828eab18f6c92b7216fe51a,803,html-button-response,37,78030,0,67b7628a8bcd2a4b58ce9a09,6816be1334bc5f118b922621,6828e9eb8893ca2335cd52bb,0,0,,
6828eab18f6c92b7216fe51c,2398,html-button-response,70,145640,0,67b7628a8bcd2a4b58ce9a09,6816be1334bc5f118b922621,6828e9eb8893ca2335cd52bb,0,0,,
6828eab18f6c92b7216fe51e,3392,survey-multi-choice,38,81424,0,67b7628a8bcd2a4b58ce9a09,6816be1334bc5f118b922621,6828e9eb8893ca2335cd52bb,0,"{""Q0"":""고형물""}",책상,practice_solidity
6828eab18f6c92b7216fe520,2649,survey-multi-choice,69,143241,0,67b7628a8bcd2a4b58ce9a09,6816be1334bc5f118b922621,6828e9eb8893ca2335cd52bb,0,"{""Q0"":""형태""}",도자기,practice_category
6828eab18f6c92b7216fe522,387,html-button-response,39,81813,0,67b7628a8bcd2a4b58ce9a09,6816be1334bc5f118b922621,6828e9eb8893ca2335cd52bb,0,0,,
6828eab18f6c92b7216fe524,669,html-button-response,68,140590,0,67b7628a8bcd2a4b58ce9a09,6816be1334bc5f118b922621,6828e9eb8893ca2335cd52bb,0,0,,
6828eab18f6c92b7216fe526,729,html-button-response,40,82541,0,67b7628a8bcd2a4b58ce9a09,6816be1334bc5f118b922621,6828e9eb8893ca2335cd52bb,0,0,,
6828eab18f6c92b7216fe528,4633,html-button-response,66,133398,0,67b7628a8bcd2a4b58ce9a09,6816be1334bc5f118b922621,6828e9eb8893ca2335cd52bb,0,0,,
6828eab18f6c92b7216fe52a,1606,survey-multi-choice,41,84150,0,67b7628a8bcd2a4b58ce9a09,6816be1334bc5f118b922621,6828e9eb8893ca2335cd52bb,0,"{""Q0"":""고형물""}",수박,solidity
6828eab18f6c92b7216fe52c,6519,survey-multi-choice,67,139918,0,67b7628a8bcd2a4b58ce9a09,6816be1334bc5f118b922621,6828e9eb8893ca2335cd52bb,0,"{""Q0"":""색상""}",빨간불,practice_category
6828eab18f6c92b7216fe52e,1302,survey-multi-choice,42,85453,0,67b7628a8bcd2a4b58ce9a09,6816be1334bc5f118b922621,6828e9eb8893ca2335cd52bb,0,"{""Q0"":""고형물""}",쟁반,solidity
6828eab18f6c92b7216fe530,928,html-button-response,65,128765,0,67b7628a8bcd2a4b58ce9a09,6816be1334bc5f118b922621,6828e9eb8893ca2335cd52bb,0,0,,
6828eab18f6c92b7216fe532,3301,html-button-response,64,127837,0,67b7628a8bcd2a4b58ce9a09,6816be1334bc5f118b922621,6828e9eb8893ca2335cd52bb,0,0,,
6828eab18f6c92b7216fe534,8736,survey-multi-choice,43,94190,0,67b7628a8bcd2a4b58ce9a09,6816be1334bc5f118b922621,6828e9eb8893ca2335cd52bb,0,"{""Q0"":""비고형물""}",피,solidity
6828eab18f6c92b7216fe536,2348,survey-multi-choice,44,96540,0,67b7628a8bcd2a4b58ce9a09,6816be1334bc5f118b922621,6828e9eb8893ca2335cd52bb,0,"{""Q0"":""고형물""}",트럭,solidity
6828eab18f6c92b7216fe538,3117,html-button-response,63,124534,0,67b7628a8bcd2a4b58ce9a09,6816be1334bc5f118b922621,6828e9eb8893ca2335cd52bb,0,0,,
6828eab18f6c92b7216fe53a,1684,survey-multi-choice,45,98225,0,67b7628a8bcd2a4b58ce9a09,6816be1334bc5f118b922621,6828e9eb8893ca2335cd52bb,0,"{""Q0"":""고형물""}",수건,solidity
6828eab18f6c92b7216fe53c,2669,html-button-response,62,121417,0,67b7628a8bcd2a4b58ce9a09,6816be1334bc5f118b922621,6828e9eb8893ca2335cd52bb,0,0,,
6828eab18f6c92b7216fe53e,1117,survey-multi-choice,46,99345,0,67b7628a8bcd2a4b58ce9a09,6816be1334bc5f118b922621,6828e9eb8893ca2335cd52bb,0,"{""Q0"":""고형물""}",호떡,solidity
6828eab18f6c92b7216fe540,1104,survey-multi-choice,61,118747,0,67b7628a8bcd2a4b58ce9a09,6816be1334bc5f118b922621,6828e9eb8893ca2335cd52bb,0,"{""Q0"":""고형물""}",김,solidity
6828eab18f6c92b7216fe542,1015,survey-multi-choice,47,100361,0,67b7628a8bcd2a4b58ce9a09,6816be1334bc5f118b922621,6828e9eb8893ca2335cd52bb,0,"{""Q0"":""고형물""}",여우,solidity
6828eab18f6c92b7216fe544,2257,survey-multi-choice,60,117641,0,67b7628a8bcd2a4b58ce9a09,6816be1334bc5f118b922621,6828e9eb8893ca2335cd52bb,0,"{""Q0"":""고형물""}",사과,solidity
6828eab18f6c92b7216fe546,1508,survey-multi-choice,59,115385,0,67b7628a8bcd2a4b58ce9a09,6816be1334bc5f118b922621,6828e9eb8893ca2335cd52bb,0,"{""Q0"":""고형물""}",메론,solidity
6828eab18f6c92b7216fe548,935,survey-multi-choice,48,101296,0,67b7628a8bcd2a4b58ce9a09,6816be1334bc5f118b922621,6828e9eb8893ca2335cd52bb,0,"{""Q0"":""고형물""}",발목,solidity
6828eab18f6c92b7216fe54a,982,survey-multi-choice,49,102279,0,67b7628a8bcd2a4b58ce9a09,6816be1334bc5f118b922621,6828e9eb8893ca2335cd52bb,0,"{""Q0"":""고형물""}",풀,solidity
6828eab18f6c92b7216fe54c,2236,survey-multi-choice,58,113876,0,67b7628a8bcd2a4b58ce9a09,6816be1334bc5f118b922621,6828e9eb8893ca2335cd52bb,0,"{""Q0"":""비고형물""}",라벤더,solidity
6828eab18f6c92b7216fe54e,896,survey-multi-choice,50,103176,0,67b7628a8bcd2a4b58ce9a09,6816be1334bc5f118b922621,6828e9eb8893ca2335cd52bb,0,"{""Q0"":""고형물""}",바나나,solidity
6828eab18f6c92b7216fe550,1412,survey-multi-choice,57,111639,0,67b7628a8bcd2a4b58ce9a09,6816be1334bc5f118b922621,6828e9eb8893ca2335cd52bb,0,"{""Q0"":""고형물""}",장갑,solidity
6828eab18f6c92b7216fe552,954,survey-multi-choice,51,104131,0,67b7628a8bcd2a4b58ce9a09,6816be1334bc5f118b922621,6828e9eb8893ca2335cd52bb,0,"{""Q0"":""고형물""}",핫도그,solidity
6828eab18f6c92b7216fe554,874,survey-multi-choice,52,105008,0,67b7628a8bcd2a4b58ce9a09,6816be1334bc5f118b922621,6828e9eb8893ca2335cd52bb,0,"{""Q0"":""고형물""}",돌,solidity
6828eab18f6c92b7216fe556,1184,survey-multi-choice,56,110226,0,67b7628a8bcd2a4b58ce9a09,6816be1334bc5f118b922621,6828e9eb8893ca2335cd52bb,0,"{""Q0"":""고형물""}",설탕,solidity
6828eab18f6c92b7216fe558,2124,survey-multi-choice,55,109041,0,67b7628a8bcd2a4b58ce9a09,6816be1334bc5f118b922621,6828e9eb8893ca2335cd52bb,0,"{""Q0"":""고형물""}",로봇,solidity
6828eab18f6c92b7216fe55a,972,survey-multi-choice,53,105982,0,67b7628a8bcd2a4b58ce9a09,6816be1334bc5f118b922621,6828e9eb8893ca2335cd52bb,0,"{""Q0"":""고형물""}",입술,solidity
6828eab18f6c92b7216fe55c,933,survey-multi-choice,54,106916,0,67b7628a8bcd2a4b58ce9a09,6816be1334bc5f118b922621,6828e9eb8893ca2335cd52bb,0,"{""Q0"":""고형물""}",흙,solidity
6828f07c8f6c92b7216fe55e,2066,html-button-response,4,23322,0,661cb9386d59dc342d95df95,6816be1334bc5f118b922621,6828eebf062957225bcef97b,0,0,,
6828f07c8f6c92b7216fe560,6631,instructions,0,6633,0,661cb9386d59dc342d95df95,6816be1334bc5f118b922621,6828eebf062957225bcef97b,0,,,
6828f07c8f6c92b7216fe562,2497,html-button-response,3,21253,0,661cb9386d59dc342d95df95,6816be1334bc5f118b922621,6828eebf062957225bcef97b,0,0,,
6828f07c8f6c92b7216fe564,7269,html-button-response,2,18753,0,661cb9386d59dc342d95df95,6816be1334bc5f118b922621,6828eebf062957225bcef97b,0,0,,
6828f07c8f6c92b7216fe566,4844,instructions,1,11479,0,661cb9386d59dc342d95df95,6816be1334bc5f118b922621,6828eebf062957225bcef97b,0,,,
6828f07c8f6c92b7216fe568,4133,html-button-response,5,27457,0,661cb9386d59dc342d95df95,6816be1334bc5f118b922621,6828eebf062957225bcef97b,0,0,,
6828f07c8f6c92b7216fe56a,24158,survey-multi-choice,6,51621,0,661cb9386d59dc342d95df95,6816be1334bc5f118b922621,6828eebf062957225bcef97b,0,"{""Q0"":""셀 수 없다""}",설탕,practice_countmass
6828f07c8f6c92b7216fe56c,4609,html-button-response,7,56234,0,661cb9386d59dc342d95df95,6816be1334bc5f118b922621,6828eebf062957225bcef97b,0,0,,
6828f07c8f6c92b7216fe56e,8938,survey-multi-choice,8,65174,0,661cb9386d59dc342d95df95,6816be1334bc5f118b922621,6828eebf062957225bcef97b,0,"{""Q0"":""셀 수 있다""}",의자,practice_countmass
6828f07c8f6c92b7216fe570,5705,html-button-response,9,70882,0,661cb9386d59dc342d95df95,6816be1334bc5f118b922621,6828eebf062957225bcef97b,0,0,,
6828f07c8f6c92b7216fe572,3934,html-button-response,10,74819,0,661cb9386d59dc342d95df95,6816be1334bc5f118b922621,6828eebf062957225bcef97b,0,0,,
6828f07c8f6c92b7216fe574,5951,survey-multi-choice,11,80774,0,661cb9386d59dc342d95df95,6816be1334bc5f118b922621,6828eebf062957225bcef97b,0,"{""Q0"":""셀 수 있다""}",벌,count_mass
6828f07c8f6c92b7216fe576,7864,survey-multi-choice,12,88642,0,661cb9386d59dc342d95df95,6816be1334bc5f118b922621,6828eebf062957225bcef97b,0,"{""Q0"":""셀 수 있다""}",뺨,count_mass
6828f07c8f6c92b7216fe578,2816,survey-multi-choice,13,91461,0,661cb9386d59dc342d95df95,6816be1334bc5f118b922621,6828eebf062957225bcef97b,0,"{""Q0"":""셀 수 있다""}",송아지,count_mass
6828f07c8f6c92b7216fe57a,4066,survey-multi-choice,14,95531,0,661cb9386d59dc342d95df95,6816be1334bc5f118b922621,6828eebf062957225bcef97b,0,"{""Q0"":""셀 수 있다""}",빗자루,count_mass
6828f07c8f6c92b7216fe57c,4849,survey-multi-choice,16,109087,0,661cb9386d59dc342d95df95,6816be1334bc5f118b922621,6828eebf062957225bcef97b,0,"{""Q0"":""셀 수 있다""}",이불,count_mass
6828f07c8f6c92b7216fe57e,8698,survey-multi-choice,15,104233,0,661cb9386d59dc342d95df95,6816be1334bc5f118b922621,6828eebf062957225bcef97b,0,"{""Q0"":""셀 수 있다""}",엉덩이,count_mass
6828f07c8f6c92b7216fe580,2815,survey-multi-choice,17,111905,0,661cb9386d59dc342d95df95,6816be1334bc5f118b922621,6828eebf062957225bcef97b,0,"{""Q0"":""셀 수 있다""}",치마,count_mass
6828f07c8f6c92b7216fe582,2915,survey-multi-choice,18,114824,0,661cb9386d59dc342d95df95,6816be1334bc5f118b922621,6828eebf062957225bcef97b,0,"{""Q0"":""셀 수 있다""}",서랍,count_mass
6828f07c8f6c92b7216fe584,4766,survey-multi-choice,19,119595,0,661cb9386d59dc342d95df95,6816be1334bc5f118b922621,6828eebf062957225bcef97b,0,"{""Q0"":""셀 수 없다""}",회색,count_mass
6828f07c8f6c92b7216fe586,2514,survey-multi-choice,21,125115,0,661cb9386d59dc342d95df95,6816be1334bc5f118b922621,6828eebf062957225bcef97b,0,"{""Q0"":""셀 수 있다""}",잠옷,count_mass
6828f07c8f6c92b7216fe588,2999,survey-multi-choice,20,122597,0,661cb9386d59dc342d95df95,6816be1334bc5f118b922621,6828eebf062957225bcef97b,0,"{""Q0"":""셀 수 있다""}",무/무우,count_mass
6828f07c8f6c92b7216fe58a,2683,survey-multi-choice,22,127801,0,661cb9386d59dc342d95df95,6816be1334bc5f118b922621,6828eebf062957225bcef97b,0,"{""Q0"":""셀 수 있다""}",목걸이,count_mass
6828f07c8f6c92b7216fe58c,2415,survey-multi-choice,23,130219,0,661cb9386d59dc342d95df95,6816be1334bc5f118b922621,6828eebf062957225bcef97b,0,"{""Q0"":""셀 수 있다""}",지갑,count_mass
6828f07c8f6c92b7216fe58e,2865,survey-multi-choice,24,133088,0,661cb9386d59dc342d95df95,6816be1334bc5f118b922621,6828eebf062957225bcef97b,0,"{""Q0"":""셀 수 있다""}",감,count_mass
6828f07c8f6c92b7216fe592,2499,survey-multi-choice,26,138342,0,661cb9386d59dc342d95df95,6816be1334bc5f118b922621,6828eebf062957225bcef97b,0,"{""Q0"":""셀 수 있다""}",우산,count_mass
6828f07c8f6c92b7216fe590,2749,survey-multi-choice,25,135840,0,661cb9386d59dc342d95df95,6816be1334bc5f118b922621,6828eebf062957225bcef97b,0,"{""Q0"":""셀 수 없다""}",구름,count_mass
6828f07c8f6c92b7216fe594,5513,survey-multi-choice,27,143858,0,661cb9386d59dc342d95df95,6816be1334bc5f118b922621,6828eebf062957225bcef97b,0,"{""Q0"":""셀 수 없다""}",비,count_mass
6828f07c8f6c92b7216fe596,2348,survey-multi-choice,28,146210,0,661cb9386d59dc342d95df95,6816be1334bc5f118b922621,6828eebf062957225bcef97b,0,"{""Q0"":""셀 수 있다""}",풍선,count_mass
6828f07c8f6c92b7216fe598,2266,survey-multi-choice,29,148479,0,661cb9386d59dc342d95df95,6816be1334bc5f118b922621,6828eebf062957225bcef97b,0,"{""Q0"":""셀 수 있다""}",인형,count_mass
6828f07c8f6c92b7216fe59a,2365,survey-multi-choice,30,150847,0,661cb9386d59dc342d95df95,6816be1334bc5f118b922621,6828eebf062957225bcef97b,0,"{""Q0"":""셀 수 있다""}",약,count_mass
6828f07c8f6c92b7216fe59c,2516,survey-multi-choice,31,153366,0,661cb9386d59dc342d95df95,6816be1334bc5f118b922621,6828eebf062957225bcef97b,0,"{""Q0"":""셀 수 있다""}",사슴,count_mass
6828f07c8f6c92b7216fe59e,9629,html-button-response,32,162999,0,661cb9386d59dc342d95df95,6816be1334bc5f118b922621,6828eebf062957225bcef97b,0,0,,
6828f07c8f6c92b7216fe5a0,12381,html-button-response,33,175384,0,661cb9386d59dc342d95df95,6816be1334bc5f118b922621,6828eebf062957225bcef97b,0,0,,
6828f07c8f6c92b7216fe5a2,13999,html-button-response,34,189386,0,661cb9386d59dc342d95df95,6816be1334bc5f118b922621,6828eebf062957225bcef97b,0,0,,
6828f07c8f6c92b7216fe5a4,1748,html-button-response,35,191136,0,661cb9386d59dc342d95df95,6816be1334bc5f118b922621,6828eebf062957225bcef97b,0,0,,
6828f07c8f6c92b7216fe5a6,3199,html-button-response,36,194338,0,661cb9386d59dc342d95df95,6816be1334bc5f118b922621,6828eebf062957225bcef97b,0,0,,
6828f07c8f6c92b7216fe5a8,9635,survey-multi-choice,37,203976,0,661cb9386d59dc342d95df95,6816be1334bc5f118b922621,6828eebf062957225bcef97b,0,"{""Q0"":""색상""}",빨간불,practice_category
6828f07c8f6c92b7216fe5aa,1847,html-button-response,38,205826,0,661cb9386d59dc342d95df95,6816be1334bc5f118b922621,6828eebf062957225bcef97b,0,0,,
6828f07c8f6c92b7216fe5ac,7548,survey-multi-choice,39,213377,0,661cb9386d59dc342d95df95,6816be1334bc5f118b922621,6828eebf062957225bcef97b,0,"{""Q0"":""해당 사항 없음""}",불안감,practice_category
6828f07c8f6c92b7216fe5ae,5385,survey-multi-choice,41,220001,0,661cb9386d59dc342d95df95,6816be1334bc5f118b922621,6828eebf062957225bcef97b,0,"{""Q0"":""형태""}",정사각형,practice_category
6828f07c8f6c92b7216fe5b0,1233,html-button-response,40,214613,0,661cb9386d59dc342d95df95,6816be1334bc5f118b922621,6828eebf062957225bcef97b,0,0,,
6828f07c8f6c92b7216fe5b2,1347,html-button-response,42,221350,0,661cb9386d59dc342d95df95,6816be1334bc5f118b922621,6828eebf062957225bcef97b,0,0,,
6828f07c8f6c92b7216fe5b4,9043,survey-multi-choice,43,230396,0,661cb9386d59dc342d95df95,6816be1334bc5f118b922621,6828eebf062957225bcef97b,0,"{""Q0"":""형태""}",도자기,practice_category
6828f07c8f6c92b7216fe5b6,2580,html-button-response,44,232980,0,661cb9386d59dc342d95df95,6816be1334bc5f118b922621,6828eebf062957225bcef97b,0,0,,
6828f07c8f6c92b7216fe5b8,5399,survey-multi-choice,47,247608,0,661cb9386d59dc342d95df95,6816be1334bc5f118b922621,6828eebf062957225bcef97b,0,"{""Q0"":""형태""}",구두,category_organization
6828f07c8f6c92b7216fe5ba,1954,html-button-response,45,234936,0,661cb9386d59dc342d95df95,6816be1334bc5f118b922621,6828eebf062957225bcef97b,0,0,,
6828f07c8f6c92b7216fe5bc,7266,survey-multi-choice,46,242205,0,661cb9386d59dc342d95df95,6816be1334bc5f118b922621,6828eebf062957225bcef97b,0,"{""Q0"":""해당 사항 없음""}",버스,category_organization
6828f07d8f6c92b7216fe5be,4283,survey-multi-choice,48,251895,0,661cb9386d59dc342d95df95,6816be1334bc5f118b922621,6828eebf062957225bcef97b,0,"{""Q0"":""물질""}",고기,category_organization
6828f07d8f6c92b7216fe5c0,4621,survey-multi-choice,49,256520,0,661cb9386d59dc342d95df95,6816be1334bc5f118b922621,6828eebf062957225bcef97b,0,"{""Q0"":""물질""}",요구르트,category_organization
6828f07d8f6c92b7216fe5c2,3765,survey-multi-choice,50,260289,0,661cb9386d59dc342d95df95,6816be1334bc5f118b922621,6828eebf062957225bcef97b,0,"{""Q0"":""해당 사항 없음""}",쥐,category_organization
6828f07d8f6c92b7216fe5c4,3499,survey-multi-choice,52,269342,0,661cb9386d59dc342d95df95,6816be1334bc5f118b922621,6828eebf062957225bcef97b,0,"{""Q0"":""해당 사항 없음""}",라벤더,category_organization
6828f07d8f6c92b7216fe5c6,5547,survey-multi-choice,51,265840,0,661cb9386d59dc342d95df95,6816be1334bc5f118b922621,6828eebf062957225bcef97b,0,"{""Q0"":""해당 사항 없음""}",귀,category_organization
6828f07d8f6c92b7216fe5c8,6197,survey-multi-choice,53,275542,0,661cb9386d59dc342d95df95,6816be1334bc5f118b922621,6828eebf062957225bcef97b,0,"{""Q0"":""해당 사항 없음""}",썰매,category_organization
6828f07d8f6c92b7216fe5ca,3215,survey-multi-choice,54,278762,0,661cb9386d59dc342d95df95,6816be1334bc5f118b922621,6828eebf062957225bcef97b,0,"{""Q0"":""형태""}",지붕,category_organization
6828f07d8f6c92b7216fe5cc,4333,survey-multi-choice,55,283098,0,661cb9386d59dc342d95df95,6816be1334bc5f118b922621,6828eebf062957225bcef97b,0,"{""Q0"":""물질""}",해/햇빛,category_organization
6828f07d8f6c92b7216fe5ce,3015,survey-multi-choice,57,288986,0,661cb9386d59dc342d95df95,6816be1334bc5f118b922621,6828eebf062957225bcef97b,0,"{""Q0"":""물질""}",사이다,category_organization
6828f07d8f6c92b7216fe5d0,2865,survey-multi-choice,56,285967,0,661cb9386d59dc342d95df95,6816be1334bc5f118b922621,6828eebf062957225bcef97b,0,"{""Q0"":""해당 사항 없음""}",하마,category_organization
6828f07d8f6c92b7216fe5d2,3081,survey-multi-choice,58,292072,0,661cb9386d59dc342d95df95,6816be1334bc5f118b922621,6828eebf062957225bcef97b,0,"{""Q0"":""해당 사항 없음""}",벌레,category_organization
6828f07d8f6c92b7216fe5d4,2899,survey-multi-choice,59,294974,0,661cb9386d59dc342d95df95,6816be1334bc5f118b922621,6828eebf062957225bcef97b,0,"{""Q0"":""해당 사항 없음""}",무릎,category_organization
6828f07d8f6c92b7216fe5d6,3682,survey-multi-choice,60,298660,0,661cb9386d59dc342d95df95,6816be1334bc5f118b922621,6828eebf062957225bcef97b,0,"{""Q0"":""형태""}",휴지,category_organization
6828f07d8f6c92b7216fe5d8,2609,survey-multi-choice,61,301279,0,661cb9386d59dc342d95df95,6816be1334bc5f118b922621,6828eebf062957225bcef97b,0,"{""Q0"":""해당 사항 없음""}",닭고기,category_organization
6828f07d8f6c92b7216fe5da,4065,survey-multi-choice,62,305348,0,661cb9386d59dc342d95df95,6816be1334bc5f118b922621,6828eebf062957225bcef97b,0,"{""Q0"":""물질""}",주스,category_organization
6828f07d8f6c92b7216fe5dc,2698,survey-multi-choice,63,308050,0,661cb9386d59dc342d95df95,6816be1334bc5f118b922621,6828eebf062957225bcef97b,0,"{""Q0"":""해당 사항 없음""}",고양이,category_organization
6828f07d8f6c92b7216fe5de,3232,survey-multi-choice,64,311286,0,661cb9386d59dc342d95df95,6816be1334bc5f118b922621,6828eebf062957225bcef97b,0,"{""Q0"":""해당 사항 없음""}",사탕,category_organization
6828f07d8f6c92b7216fe5e0,2698,survey-multi-choice,65,313988,0,661cb9386d59dc342d95df95,6816be1334bc5f118b922621,6828eebf062957225bcef97b,0,"{""Q0"":""해당 사항 없음""}",턱,category_organization
6828f07d8f6c92b7216fe5e2,6181,survey-multi-choice,66,320174,0,661cb9386d59dc342d95df95,6816be1334bc5f118b922621,6828eebf062957225bcef97b,0,"{""Q0"":""해당 사항 없음""}",로봇,category_organization
6828f07d8f6c92b7216fe5e4,3822,html-button-response,67,324004,0,661cb9386d59dc342d95df95,6816be1334bc5f118b922621,6828eebf062957225bcef97b,0,0,,
6828f07d8f6c92b7216fe5e6,8767,html-button-response,68,332773,0,661cb9386d59dc342d95df95,6816be1334bc5f118b922621,6828eebf062957225bcef97b,0,0,,
6828f07d8f6c92b7216fe5e8,1399,html-button-response,69,334174,0,661cb9386d59dc342d95df95,6816be1334bc5f118b922621,6828eebf062957225bcef97b,0,0,,
6828f07d8f6c92b7216fe5ea,3342,html-button-response,70,337518,0,661cb9386d59dc342d95df95,6816be1334bc5f118b922621,6828eebf062957225bcef97b,0,0,,
6828f07d8f6c92b7216fe5ec,5518,survey-multi-choice,71,343039,0,661cb9386d59dc342d95df95,6816be1334bc5f118b922621,6828eebf062957225bcef97b,0,"{""Q0"":""비고형물""}",우유,practice_solidity
6828f07d8f6c92b7216fe5ee,1180,html-button-response,72,344223,0,661cb9386d59dc342d95df95,6816be1334bc5f118b922621,6828eebf062957225bcef97b,0,0,,
6828f07d8f6c92b7216fe5f0,8942,survey-multi-choice,73,353168,0,661cb9386d59dc342d95df95,6816be1334bc5f118b922621,6828eebf062957225bcef97b,0,"{""Q0"":""고형물""}",책상,practice_solidity
6828f07d8f6c92b7216fe5f2,1280,html-button-response,74,354451,0,661cb9386d59dc342d95df95,6816be1334bc5f118b922621,6828eebf062957225bcef97b,0,0,,
6828f07d8f6c92b7216fe5f4,3717,survey-multi-choice,76,360820,0,661cb9386d59dc342d95df95,6816be1334bc5f118b922621,6828eebf062957225bcef97b,0,"{""Q0"":""고형물""}",팬티,solidity
6828f07d8f6c92b7216fe5f6,2497,survey-multi-choice,77,363321,0,661cb9386d59dc342d95df95,6816be1334bc5f118b922621,6828eebf062957225bcef97b,0,"{""Q0"":""고형물""}",수건,solidity
6828f07d8f6c92b7216fe5f8,2646,html-button-response,75,357099,0,661cb9386d59dc342d95df95,6816be1334bc5f118b922621,6828eebf062957225bcef97b,0,0,,
6828f07d8f6c92b7216fe5fa,2698,survey-multi-choice,78,366023,0,661cb9386d59dc342d95df95,6816be1334bc5f118b922621,6828eebf062957225bcef97b,0,"{""Q0"":""비고형물""}",라벤더,solidity
6828f07d8f6c92b7216fe5fc,2986,survey-multi-choice,79,369013,0,661cb9386d59dc342d95df95,6816be1334bc5f118b922621,6828eebf062957225bcef97b,0,"{""Q0"":""고형물""}",못,solidity
6828f07d8f6c92b7216fe5fe,10066,survey-multi-choice,80,379082,0,661cb9386d59dc342d95df95,6816be1334bc5f118b922621,6828eebf062957225bcef97b,0,"{""Q0"":""고형물""}",껌,solidity
6828f07d8f6c92b7216fe600,6216,survey-multi-choice,81,385301,0,661cb9386d59dc342d95df95,6816be1334bc5f118b922621,6828eebf062957225bcef97b,0,"{""Q0"":""비고형물""}",풀,solidity
6828f07d8f6c92b7216fe602,2766,survey-multi-choice,82,388070,0,661cb9386d59dc342d95df95,6816be1334bc5f118b922621,6828eebf062957225bcef97b,0,"{""Q0"":""고형물""}",허리띠,solidity
6828f07d8f6c92b7216fe604,4717,survey-multi-choice,83,392790,0,661cb9386d59dc342d95df95,6816be1334bc5f118b922621,6828eebf062957225bcef97b,0,"{""Q0"":""비고형물""}",콜라,solidity
6828f07d8f6c92b7216fe606,9500,survey-multi-choice,84,402293,0,661cb9386d59dc342d95df95,6816be1334bc5f118b922621,6828eebf062957225bcef97b,0,"{""Q0"":""비고형물""}",아이스크림,solidity
6828f07d8f6c92b7216fe608,2631,survey-multi-choice,85,404928,0,661cb9386d59dc342d95df95,6816be1334bc5f118b922621,6828eebf062957225bcef97b,0,"{""Q0"":""고형물""}",사과,solidity
6828f07d8f6c92b7216fe60a,5363,survey-multi-choice,87,412963,0,661cb9386d59dc342d95df95,6816be1334bc5f118b922621,6828eebf062957225bcef97b,0,"{""Q0"":""고형물""}",눈사람,solidity
6828f07d8f6c92b7216fe60c,2666,survey-multi-choice,86,407597,0,661cb9386d59dc342d95df95,6816be1334bc5f118b922621,6828eebf062957225bcef97b,0,"{""Q0"":""고형물""}",책,solidity
6828f07d8f6c92b7216fe60e,2831,survey-multi-choice,89,419302,0,661cb9386d59dc342d95df95,6816be1334bc5f118b922621,6828eebf062957225bcef97b,0,"{""Q0"":""해당 사항 없음""}",등,solidity
6828f07d8f6c92b7216fe610,3500,survey-multi-choice,88,416466,0,661cb9386d59dc342d95df95,6816be1334bc5f118b922621,6828eebf062957225bcef97b,0,"{""Q0"":""해당 사항 없음""}",방,solidity
6828f07d8f6c92b7216fe612,2298,survey-multi-choice,90,421603,0,661cb9386d59dc342d95df95,6816be1334bc5f118b922621,6828eebf062957225bcef97b,0,"{""Q0"":""고형물""}",비둘기,solidity
6828f07d8f6c92b7216fe614,2265,survey-multi-choice,91,423872,0,661cb9386d59dc342d95df95,6816be1334bc5f118b922621,6828eebf062957225bcef97b,0,"{""Q0"":""고형물""}",설탕,solidity
6828f07d8f6c92b7216fe616,2332,survey-multi-choice,93,428575,0,661cb9386d59dc342d95df95,6816be1334bc5f118b922621,6828eebf062957225bcef97b,0,"{""Q0"":""고형물""}",젓가락,solidity
6828f07d8f6c92b7216fe618,2365,survey-multi-choice,92,426240,0,661cb9386d59dc342d95df95,6816be1334bc5f118b922621,6828eebf062957225bcef97b,0,"{""Q0"":""고형물""}",머리,solidity
6828f07d8f6c92b7216fe61a,4033,survey-multi-choice,95,434730,0,661cb9386d59dc342d95df95,6816be1334bc5f118b922621,6828eebf062957225bcef97b,0,"{""Q0"":""고형물""}",호랑이,solidity
6828f07d8f6c92b7216fe61c,2114,survey-multi-choice,94,430693,0,661cb9386d59dc342d95df95,6816be1334bc5f118b922621,6828eebf062957225bcef97b,0,"{""Q0"":""고형물""}",라면,solidity
6828f07d8f6c92b7216fe61e,2014,survey-multi-choice,96,436748,0,661cb9386d59dc342d95df95,6816be1334bc5f118b922621,6828eebf062957225bcef97b,0,"{""Q0"":""고형물""}",딸기,solidity
6828f07d8f6c92b7216fe620,2743,html-button-response,97,439496,0,661cb9386d59dc342d95df95,6816be1334bc5f118b922621,6828eebf062957225bcef97b,0,0,,
682962278f6c92b7216fe622,20664,html-button-response,2,34741,0,67b5e14837b9bb07093d9799,6816be1334bc5f118b922621,6829600428a2133508d3cac3,0,0,,
682962278f6c92b7216fe624,9118,instructions,1,14076,0,67b5e14837b9bb07093d9799,6816be1334bc5f118b922621,6829600428a2133508d3cac3,0,,,
682962278f6c92b7216fe626,4956,instructions,0,4958,0,67b5e14837b9bb07093d9799,6816be1334bc5f118b922621,6829600428a2133508d3cac3,0,,,
682962278f6c92b7216fe628,2223,html-button-response,4,47037,0,67b5e14837b9bb07093d9799,6816be1334bc5f118b922621,6829600428a2133508d3cac3,0,0,,
682962278f6c92b7216fe62a,10071,html-button-response,3,44813,0,67b5e14837b9bb07093d9799,6816be1334bc5f118b922621,6829600428a2133508d3cac3,0,0,,
682962278f6c92b7216fe62c,6623,html-button-response,5,53660,0,67b5e14837b9bb07093d9799,6816be1334bc5f118b922621,6829600428a2133508d3cac3,0,0,,
682962278f6c92b7216fe62e,8303,survey-multi-choice,6,61965,0,67b5e14837b9bb07093d9799,6816be1334bc5f118b922621,6829600428a2133508d3cac3,0,"{""Q0"":""고형물""}",책상,practice_solidity
682962278f6c92b7216fe630,783,html-button-response,9,75941,0,67b5e14837b9bb07093d9799,6816be1334bc5f118b922621,6829600428a2133508d3cac3,0,0,,
682962278f6c92b7216fe632,3783,survey-multi-choice,8,75157,0,67b5e14837b9bb07093d9799,6816be1334bc5f118b922621,6829600428a2133508d3cac3,0,"{""Q0"":""비고형물""}",우유,practice_solidity
682962278f6c92b7216fe634,9407,html-button-response,7,71373,0,67b5e14837b9bb07093d9799,6816be1334bc5f118b922621,6829600428a2133508d3cac3,0,0,,
682962278f6c92b7216fe636,2182,html-button-response,10,78124,0,67b5e14837b9bb07093d9799,6816be1334bc5f118b922621,6829600428a2133508d3cac3,0,0,,
682962278f6c92b7216fe638,7911,survey-multi-choice,11,86037,0,67b5e14837b9bb07093d9799,6816be1334bc5f118b922621,6829600428a2133508d3cac3,0,"{""Q0"":""비고형물""}",고추,solidity
682962278f6c92b7216fe63a,2103,survey-multi-choice,12,88141,0,67b5e14837b9bb07093d9799,6816be1334bc5f118b922621,6829600428a2133508d3cac3,0,"{""Q0"":""고형물""}",그릇,solidity
682962278f6c92b7216fe63c,10895,survey-multi-choice,13,99037,0,67b5e14837b9bb07093d9799,6816be1334bc5f118b922621,6829600428a2133508d3cac3,0,"{""Q0"":""비고형물""}",우산,solidity
682962278f6c92b7216fe63e,1943,survey-multi-choice,14,100981,0,67b5e14837b9bb07093d9799,6816be1334bc5f118b922621,6829600428a2133508d3cac3,0,"{""Q0"":""비고형물""}",음식,solidity
682962278f6c92b7216fe640,5415,survey-multi-choice,15,106397,0,67b5e14837b9bb07093d9799,6816be1334bc5f118b922621,6829600428a2133508d3cac3,0,"{""Q0"":""해당 사항 없음""}",쥐,solidity
682962278f6c92b7216fe642,2119,survey-multi-choice,16,108517,0,67b5e14837b9bb07093d9799,6816be1334bc5f118b922621,6829600428a2133508d3cac3,0,"{""Q0"":""고형물""}",칼,solidity
682962278f6c92b7216fe644,10479,survey-multi-choice,17,118997,0,67b5e14837b9bb07093d9799,6816be1334bc5f118b922621,6829600428a2133508d3cac3,0,"{""Q0"":""비고형물""}",옷/꼬까,solidity
682962278f6c92b7216fe646,2327,survey-multi-choice,18,121325,0,67b5e14837b9bb07093d9799,6816be1334bc5f118b922621,6829600428a2133508d3cac3,0,"{""Q0"":""고형물""}",배,solidity
682962278f6c92b7216fe648,5719,survey-multi-choice,19,127045,0,67b5e14837b9bb07093d9799,6816be1334bc5f118b922621,6829600428a2133508d3cac3,0,"{""Q0"":""비고형물""}",목,solidity
682962278f6c92b7216fe64a,2296,survey-multi-choice,21,131421,0,67b5e14837b9bb07093d9799,6816be1334bc5f118b922621,6829600428a2133508d3cac3,0,"{""Q0"":""비고형물""}",오렌지,solidity
682962278f6c92b7216fe64c,2079,survey-multi-choice,20,129124,0,67b5e14837b9bb07093d9799,6816be1334bc5f118b922621,6829600428a2133508d3cac3,0,"{""Q0"":""비고형물""}",입술,solidity
682962278f6c92b7216fe64e,4102,survey-multi-choice,22,135524,0,67b5e14837b9bb07093d9799,6816be1334bc5f118b922621,6829600428a2133508d3cac3,0,"{""Q0"":""비고형물""}",무/무우,solidity
682962278f6c92b7216fe650,5472,survey-multi-choice,23,140997,0,67b5e14837b9bb07093d9799,6816be1334bc5f118b922621,6829600428a2133508d3cac3,0,"{""Q0"":""비고형물""}",책,solidity
682962278f6c92b7216fe652,1534,survey-multi-choice,24,142532,0,67b5e14837b9bb07093d9799,6816be1334bc5f118b922621,6829600428a2133508d3cac3,0,"{""Q0"":""비고형물""}",고양이,solidity
682962278f6c92b7216fe654,2359,survey-multi-choice,26,148340,0,67b5e14837b9bb07093d9799,6816be1334bc5f118b922621,6829600428a2133508d3cac3,0,"{""Q0"":""고형물""}",단추,solidity
682962278f6c92b7216fe656,3447,survey-multi-choice,25,145980,0,67b5e14837b9bb07093d9799,6816be1334bc5f118b922621,6829600428a2133508d3cac3,0,"{""Q0"":""비고형물""}",생선,solidity
682962278f6c92b7216fe658,2312,survey-multi-choice,27,150653,0,67b5e14837b9bb07093d9799,6816be1334bc5f118b922621,6829600428a2133508d3cac3,0,"{""Q0"":""비고형물""}",풀,solidity
682962278f6c92b7216fe65a,4015,survey-multi-choice,28,154668,0,67b5e14837b9bb07093d9799,6816be1334bc5f118b922621,6829600428a2133508d3cac3,0,"{""Q0"":""비고형물""}",콜라,solidity
682962278f6c92b7216fe65c,2023,survey-multi-choice,29,156692,0,67b5e14837b9bb07093d9799,6816be1334bc5f118b922621,6829600428a2133508d3cac3,0,"{""Q0"":""비고형물""}",포도,solidity
682962278f6c92b7216fe65e,2095,survey-multi-choice,30,158788,0,67b5e14837b9bb07093d9799,6816be1334bc5f118b922621,6829600428a2133508d3cac3,0,"{""Q0"":""고형물""}",시소,solidity
682962278f6c92b7216fe660,7272,survey-multi-choice,31,166061,0,67b5e14837b9bb07093d9799,6816be1334bc5f118b922621,6829600428a2133508d3cac3,0,"{""Q0"":""비고형물""}",라벤더,solidity
682962278f6c92b7216fe662,41894,html-button-response,32,207956,0,67b5e14837b9bb07093d9799,6816be1334bc5f118b922621,6829600428a2133508d3cac3,0,0,,
682962278f6c92b7216fe664,1519,html-button-response,35,237948,0,67b5e14837b9bb07093d9799,6816be1334bc5f118b922621,6829600428a2133508d3cac3,0,0,,
682962278f6c92b7216fe666,13983,html-button-response,34,236428,0,67b5e14837b9bb07093d9799,6816be1334bc5f118b922621,6829600428a2133508d3cac3,0,0,,
682962278f6c92b7216fe668,14487,html-button-response,33,222444,0,67b5e14837b9bb07093d9799,6816be1334bc5f118b922621,6829600428a2133508d3cac3,0,0,,
682962288f6c92b7216fe66a,5215,html-button-response,36,243164,0,67b5e14837b9bb07093d9799,6816be1334bc5f118b922621,6829600428a2133508d3cac3,0,0,,
682962288f6c92b7216fe66c,1103,html-button-response,40,272948,0,67b5e14837b9bb07093d9799,6816be1334bc5f118b922621,6829600428a2133508d3cac3,0,0,,
682962288f6c92b7216fe66e,743,html-button-response,38,265732,0,67b5e14837b9bb07093d9799,6816be1334bc5f118b922621,6829600428a2133508d3cac3,0,0,,
682962288f6c92b7216fe670,6111,survey-multi-choice,39,271844,0,67b5e14837b9bb07093d9799,6816be1334bc5f118b922621,6829600428a2133508d3cac3,0,"{""Q0"":""형태""}",정사각형,practice_category
682962288f6c92b7216fe672,21824,survey-multi-choice,37,264988,0,67b5e14837b9bb07093d9799,6816be1334bc5f118b922621,6829600428a2133508d3cac3,0,"{""Q0"":""해당 사항 없음""}",불안감,practice_category
682962288f6c92b7216fe674,11807,survey-multi-choice,41,284756,0,67b5e14837b9bb07093d9799,6816be1334bc5f118b922621,6829600428a2133508d3cac3,0,"{""Q0"":""색상""}",빨간불,practice_category
682962288f6c92b7216fe676,759,html-button-response,42,285515,0,67b5e14837b9bb07093d9799,6816be1334bc5f118b922621,6829600428a2133508d3cac3,0,0,,
682962288f6c92b7216fe678,4600,survey-multi-choice,43,290117,0,67b5e14837b9bb07093d9799,6816be1334bc5f118b922621,6829600428a2133508d3cac3,0,"{""Q0"":""물질""}",도자기,practice_category
682962288f6c92b7216fe67a,751,html-button-response,44,290869,0,67b5e14837b9bb07093d9799,6816be1334bc5f118b922621,6829600428a2133508d3cac3,0,0,,
682962288f6c92b7216fe67c,2230,html-button-response,45,293100,0,67b5e14837b9bb07093d9799,6816be1334bc5f118b922621,6829600428a2133508d3cac3,0,0,,
682962288f6c92b7216fe67e,18087,survey-multi-choice,46,311188,0,67b5e14837b9bb07093d9799,6816be1334bc5f118b922621,6829600428a2133508d3cac3,0,"{""Q0"":""해당 사항 없음""}",무릎,category_organization
682962288f6c92b7216fe680,5039,survey-multi-choice,47,316228,0,67b5e14837b9bb07093d9799,6816be1334bc5f118b922621,6829600428a2133508d3cac3,0,"{""Q0"":""해당 사항 없음""}",입,category_organization
682962288f6c92b7216fe682,19623,survey-multi-choice,48,335852,0,67b5e14837b9bb07093d9799,6816be1334bc5f118b922621,6829600428a2133508d3cac3,0,"{""Q0"":""형태""}",초콜렛,category_organization
682962288f6c92b7216fe684,4936,survey-multi-choice,49,340788,0,67b5e14837b9bb07093d9799,6816be1334bc5f118b922621,6829600428a2133508d3cac3,0,"{""Q0"":""형태""}",얼굴,category_organization
682962288f6c92b7216fe686,3263,survey-multi-choice,51,348548,0,67b5e14837b9bb07093d9799,6816be1334bc5f118b922621,6829600428a2133508d3cac3,0,"{""Q0"":""해당 사항 없음""}",부엉이,category_organization
682962288f6c92b7216fe688,4303,survey-multi-choice,52,352852,0,67b5e14837b9bb07093d9799,6816be1334bc5f118b922621,6829600428a2133508d3cac3,0,"{""Q0"":""해당 사항 없음""}",스파게티,category_organization
682962288f6c92b7216fe68a,4494,survey-multi-choice,50,345284,0,67b5e14837b9bb07093d9799,6816be1334bc5f118b922621,6829600428a2133508d3cac3,0,"{""Q0"":""형태""}",썰매,category_organization
682962288f6c92b7216fe68c,4263,survey-multi-choice,53,357116,0,67b5e14837b9bb07093d9799,6816be1334bc5f118b922621,6829600428a2133508d3cac3,0,"{""Q0"":""해당 사항 없음""}",나비,category_organization
682962288f6c92b7216fe68e,7008,survey-multi-choice,54,364125,0,67b5e14837b9bb07093d9799,6816be1334bc5f118b922621,6829600428a2133508d3cac3,0,"{""Q0"":""해당 사항 없음""}",비행기,category_organization
682962288f6c92b7216fe690,1741,survey-multi-choice,55,365867,0,67b5e14837b9bb07093d9799,6816be1334bc5f118b922621,6829600428a2133508d3cac3,0,"{""Q0"":""해당 사항 없음""}",소,category_organization
682962288f6c92b7216fe692,1536,survey-multi-choice,56,367404,0,67b5e14837b9bb07093d9799,6816be1334bc5f118b922621,6829600428a2133508d3cac3,0,"{""Q0"":""해당 사항 없음""}",악어,category_organization
682962288f6c92b7216fe694,4295,survey-multi-choice,58,379836,0,67b5e14837b9bb07093d9799,6816be1334bc5f118b922621,6829600428a2133508d3cac3,0,"{""Q0"":""형태""}",택시,category_organization
682962288f6c92b7216fe696,8135,survey-multi-choice,57,375540,0,67b5e14837b9bb07093d9799,6816be1334bc5f118b922621,6829600428a2133508d3cac3,0,"{""Q0"":""해당 사항 없음""}",풀,category_organization
682962288f6c92b7216fe698,2990,survey-multi-choice,59,382828,0,67b5e14837b9bb07093d9799,6816be1334bc5f118b922621,6829600428a2133508d3cac3,0,"{""Q0"":""해당 사항 없음""}",사이다,category_organization
682962288f6c92b7216fe69a,11295,survey-multi-choice,60,394123,0,67b5e14837b9bb07093d9799,6816be1334bc5f118b922621,6829600428a2133508d3cac3,0,"{""Q0"":""해당 사항 없음""}",구두,category_organization
682962288f6c92b7216fe69c,3016,survey-multi-choice,61,397140,0,67b5e14837b9bb07093d9799,6816be1334bc5f118b922621,6829600428a2133508d3cac3,0,"{""Q0"":""해당 사항 없음""}",팔,category_organization
682962288f6c92b7216fe69e,3359,survey-multi-choice,62,400500,0,67b5e14837b9bb07093d9799,6816be1334bc5f118b922621,6829600428a2133508d3cac3,0,"{""Q0"":""물질""}",돈,category_organization
682962288f6c92b7216fe6a0,3111,survey-multi-choice,63,403611,0,67b5e14837b9bb07093d9799,6816be1334bc5f118b922621,6829600428a2133508d3cac3,0,"{""Q0"":""해당 사항 없음""}",엉덩이,category_organization
682962288f6c92b7216fe6a2,5895,survey-multi-choice,64,409508,0,67b5e14837b9bb07093d9799,6816be1334bc5f118b922621,6829600428a2133508d3cac3,0,"{""Q0"":""형태""}",문,category_organization
682962288f6c92b7216fe6a4,1943,survey-multi-choice,65,411451,0,67b5e14837b9bb07093d9799,6816be1334bc5f118b922621,6829600428a2133508d3cac3,0,"{""Q0"":""해당 사항 없음""}",라벤더,category_organization
682962288f6c92b7216fe6a6,3735,survey-multi-choice,66,415187,0,67b5e14837b9bb07093d9799,6816be1334bc5f118b922621,6829600428a2133508d3cac3,0,"{""Q0"":""형태""}",계단,category_organization
682962288f6c92b7216fe6a8,3511,html-button-response,67,418699,0,67b5e14837b9bb07093d9799,6816be1334bc5f118b922621,6829600428a2133508d3cac3,0,0,,
682962288f6c92b7216fe6aa,3743,html-button-response,68,422443,0,67b5e14837b9bb07093d9799,6816be1334bc5f118b922621,6829600428a2133508d3cac3,0,0,,
682962288f6c92b7216fe6ac,1023,html-button-response,69,423467,0,67b5e14837b9bb07093d9799,6816be1334bc5f118b922621,6829600428a2133508d3cac3,0,0,,
682962288f6c92b7216fe6ae,5751,html-button-response,70,429219,0,67b5e14837b9bb07093d9799,6816be1334bc5f118b922621,6829600428a2133508d3cac3,0,0,,
682962288f6c92b7216fe6b0,12647,survey-multi-choice,71,441867,0,67b5e14837b9bb07093d9799,6816be1334bc5f118b922621,6829600428a2133508d3cac3,0,"{""Q0"":""셀 수 없다""}",설탕,practice_countmass
682962288f6c92b7216fe6b2,11991,html-button-response,72,453859,0,67b5e14837b9bb07093d9799,6816be1334bc5f118b922621,6829600428a2133508d3cac3,0,0,,
682962288f6c92b7216fe6b4,5831,survey-multi-choice,73,459691,0,67b5e14837b9bb07093d9799,6816be1334bc5f118b922621,6829600428a2133508d3cac3,0,"{""Q0"":""셀 수 있다""}",의자,practice_countmass
682962288f6c92b7216fe6b6,6647,html-button-response,74,466339,0,67b5e14837b9bb07093d9799,6816be1334bc5f118b922621,6829600428a2133508d3cac3,0,0,,
682962288f6c92b7216fe6b8,2431,html-button-response,75,468771,0,67b5e14837b9bb07093d9799,6816be1334bc5f118b922621,6829600428a2133508d3cac3,0,0,,
682962288f6c92b7216fe6ba,5431,survey-multi-choice,76,474203,0,67b5e14837b9bb07093d9799,6816be1334bc5f118b922621,6829600428a2133508d3cac3,0,"{""Q0"":""셀 수 있다""}",기린,count_mass
682962288f6c92b7216fe6bc,5016,survey-multi-choice,77,479219,0,67b5e14837b9bb07093d9799,6816be1334bc5f118b922621,6829600428a2133508d3cac3,0,"{""Q0"":""셀 수 있다""}",빗,count_mass
682962288f6c92b7216fe6be,4919,survey-multi-choice,78,484140,0,67b5e14837b9bb07093d9799,6816be1334bc5f118b922621,6829600428a2133508d3cac3,0,"{""Q0"":""셀 수 있다""}",당근,count_mass
682962288f6c92b7216fe6c0,1255,survey-multi-choice,79,485395,0,67b5e14837b9bb07093d9799,6816be1334bc5f118b922621,6829600428a2133508d3cac3,0,"{""Q0"":""셀 수 있다""}",모자,count_mass
682962288f6c92b7216fe6c2,1239,survey-multi-choice,80,486635,0,67b5e14837b9bb07093d9799,6816be1334bc5f118b922621,6829600428a2133508d3cac3,0,"{""Q0"":""셀 수 있다""}",호박,count_mass
682962288f6c92b7216fe6c4,2015,survey-multi-choice,82,492595,0,67b5e14837b9bb07093d9799,6816be1334bc5f118b922621,6829600428a2133508d3cac3,0,"{""Q0"":""셀 수 없다""}",얼음,count_mass
682962288f6c92b7216fe6c6,3944,survey-multi-choice,81,490579,0,67b5e14837b9bb07093d9799,6816be1334bc5f118b922621,6829600428a2133508d3cac3,0,"{""Q0"":""셀 수 있다""}",라면,count_mass
682962288f6c92b7216fe6c8,4471,survey-multi-choice,84,500243,0,67b5e14837b9bb07093d9799,6816be1334bc5f118b922621,6829600428a2133508d3cac3,0,"{""Q0"":""셀 수 있다""}",해/햇빛,count_mass
682962288f6c92b7216fe6ca,3175,survey-multi-choice,83,495771,0,67b5e14837b9bb07093d9799,6816be1334bc5f118b922621,6829600428a2133508d3cac3,0,"{""Q0"":""셀 수 있다""}",아이스크림,count_mass
682962288f6c92b7216fe6cc,2408,survey-multi-choice,85,502652,0,67b5e14837b9bb07093d9799,6816be1334bc5f118b922621,6829600428a2133508d3cac3,0,"{""Q0"":""셀 수 있다""}",사슴,count_mass
682962288f6c92b7216fe6ce,1719,survey-multi-choice,86,504371,0,67b5e14837b9bb07093d9799,6816be1334bc5f118b922621,6829600428a2133508d3cac3,0,"{""Q0"":""셀 수 있다""}",불자동차/소방차,count_mass
682962288f6c92b7216fe6d0,3399,survey-multi-choice,87,507771,0,67b5e14837b9bb07093d9799,6816be1334bc5f118b922621,6829600428a2133508d3cac3,0,"{""Q0"":""셀 수 있다""}",부엌,count_mass
682962288f6c92b7216fe6d2,5032,survey-multi-choice,89,516867,0,67b5e14837b9bb07093d9799,6816be1334bc5f118b922621,6829600428a2133508d3cac3,0,"{""Q0"":""셀 수 있다""}",총,count_mass
682962288f6c92b7216fe6d4,4063,survey-multi-choice,88,511835,0,67b5e14837b9bb07093d9799,6816be1334bc5f118b922621,6829600428a2133508d3cac3,0,"{""Q0"":""셀 수 없다""}",하늘,count_mass
682962288f6c92b7216fe6d6,2111,survey-multi-choice,90,518979,0,67b5e14837b9bb07093d9799,6816be1334bc5f118b922621,6829600428a2133508d3cac3,0,"{""Q0"":""셀 수 있다""}",회색,count_mass
682962288f6c92b7216fe6d8,3351,survey-multi-choice,91,522331,0,67b5e14837b9bb07093d9799,6816be1334bc5f118b922621,6829600428a2133508d3cac3,0,"{""Q0"":""셀 수 있다""}",펭귄,count_mass
682962288f6c92b7216fe6da,1359,survey-multi-choice,92,523691,0,67b5e14837b9bb07093d9799,6816be1334bc5f118b922621,6829600428a2133508d3cac3,0,"{""Q0"":""셀 수 있다""}",다람쥐,count_mass
682962288f6c92b7216fe6dc,1880,survey-multi-choice,94,527099,0,67b5e14837b9bb07093d9799,6816be1334bc5f118b922621,6829600428a2133508d3cac3,0,"{""Q0"":""셀 수 있다""}",서랍,count_mass
682962288f6c92b7216fe6de,1527,survey-multi-choice,93,525219,0,67b5e14837b9bb07093d9799,6816be1334bc5f118b922621,6829600428a2133508d3cac3,0,"{""Q0"":""셀 수 있다""}",인형,count_mass
682962288f6c92b7216fe6e0,3071,survey-multi-choice,95,530171,0,67b5e14837b9bb07093d9799,6816be1334bc5f118b922621,6829600428a2133508d3cac3,0,"{""Q0"":""셀 수 있다""}",치약,count_mass
682962288f6c92b7216fe6e2,2063,survey-multi-choice,96,532235,0,67b5e14837b9bb07093d9799,6816be1334bc5f118b922621,6829600428a2133508d3cac3,0,"{""Q0"":""셀 수 있다""}",뺨,count_mass
682962288f6c92b7216fe6e4,10758,html-button-response,97,542995,0,67b5e14837b9bb07093d9799,6816be1334bc5f118b922621,6829600428a2133508d3cac3,0,0,,
682a49b28f6c92b7216fe6e6,4940,instructions,0,4941,0,663280033a30e30383a6a5e9,6816be1334bc5f118b922621,682a4866fc9a69936435fac2,0,,,
682a49b28f6c92b7216fe6e8,4373,html-button-response,2,10866,0,663280033a30e30383a6a5e9,6816be1334bc5f118b922621,682a4866fc9a69936435fac2,0,0,,
682a49b28f6c92b7216fe6ea,2884,html-button-response,5,18279,0,663280033a30e30383a6a5e9,6816be1334bc5f118b922621,682a4866fc9a69936435fac2,0,0,,
682a49b28f6c92b7216fe6ec,1549,instructions,1,6491,0,663280033a30e30383a6a5e9,6816be1334bc5f118b922621,682a4866fc9a69936435fac2,0,,,
682a49b28f6c92b7216fe6ee,4284,survey-multi-choice,6,22564,0,663280033a30e30383a6a5e9,6816be1334bc5f118b922621,682a4866fc9a69936435fac2,0,"{""Q0"":""셀 수 없다""}",설탕,practice_countmass
682a49b28f6c92b7216fe6f0,1098,html-button-response,4,15394,0,663280033a30e30383a6a5e9,6816be1334bc5f118b922621,682a4866fc9a69936435fac2,0,0,,
682a49b28f6c92b7216fe6f2,3429,html-button-response,3,14295,0,663280033a30e30383a6a5e9,6816be1334bc5f118b922621,682a4866fc9a69936435fac2,0,0,,
682a49b28f6c92b7216fe6f4,5626,html-button-response,7,28192,0,663280033a30e30383a6a5e9,6816be1334bc5f118b922621,682a4866fc9a69936435fac2,0,0,,
682a49b28f6c92b7216fe6f6,1777,html-button-response,9,32632,0,663280033a30e30383a6a5e9,6816be1334bc5f118b922621,682a4866fc9a69936435fac2,0,0,,
682a49b28f6c92b7216fe6f8,1775,survey-multi-choice,11,35898,0,663280033a30e30383a6a5e9,6816be1334bc5f118b922621,682a4866fc9a69936435fac2,0,"{""Q0"":""셀 수 없다""}",해/햇빛,count_mass
682a49b28f6c92b7216fe6fa,2662,survey-multi-choice,8,30854,0,663280033a30e30383a6a5e9,6816be1334bc5f118b922621,682a4866fc9a69936435fac2,0,"{""Q0"":""셀 수 있다""}",의자,practice_countmass
682a49b28f6c92b7216fe6fc,1490,html-button-response,10,34122,0,663280033a30e30383a6a5e9,6816be1334bc5f118b922621,682a4866fc9a69936435fac2,0,0,,
682a49b28f6c92b7216fe6fe,1576,survey-multi-choice,12,37475,0,663280033a30e30383a6a5e9,6816be1334bc5f118b922621,682a4866fc9a69936435fac2,0,"{""Q0"":""셀 수 있다""}",몸,count_mass
682a49b28f6c92b7216fe700,1147,survey-multi-choice,13,38623,0,663280033a30e30383a6a5e9,6816be1334bc5f118b922621,682a4866fc9a69936435fac2,0,"{""Q0"":""셀 수 있다""}",약,count_mass
682a49b28f6c92b7216fe702,1142,survey-multi-choice,14,39765,0,663280033a30e30383a6a5e9,6816be1334bc5f118b922621,682a4866fc9a69936435fac2,0,"{""Q0"":""셀 수 있다""}",오리,count_mass
682a49b28f6c92b7216fe704,1899,survey-multi-choice,15,41665,0,663280033a30e30383a6a5e9,6816be1334bc5f118b922621,682a4866fc9a69936435fac2,0,"{""Q0"":""셀 수 없다""}",국,count_mass
682a49b28f6c92b7216fe706,1085,survey-multi-choice,16,42751,0,663280033a30e30383a6a5e9,6816be1334bc5f118b922621,682a4866fc9a69936435fac2,0,"{""Q0"":""셀 수 있다""}",고추,count_mass
682a49b28f6c92b7216fe708,1375,survey-multi-choice,17,44127,0,663280033a30e30383a6a5e9,6816be1334bc5f118b922621,682a4866fc9a69936435fac2,0,"{""Q0"":""셀 수 있다""}",회색,count_mass
682a49b28f6c92b7216fe70a,1067,survey-multi-choice,18,45195,0,663280033a30e30383a6a5e9,6816be1334bc5f118b922621,682a4866fc9a69936435fac2,0,"{""Q0"":""셀 수 있다""}",도너츠,count_mass
682a49b28f6c92b7216fe70c,1004,survey-multi-choice,19,46200,0,663280033a30e30383a6a5e9,6816be1334bc5f118b922621,682a4866fc9a69936435fac2,0,"{""Q0"":""셀 수 있다""}",종이,count_mass
682a49b28f6c92b7216fe70e,815,survey-multi-choice,20,47016,0,663280033a30e30383a6a5e9,6816be1334bc5f118b922621,682a4866fc9a69936435fac2,0,"{""Q0"":""셀 수 있다""}",코끼리,count_mass
682a49b28f6c92b7216fe710,741,survey-multi-choice,21,47758,0,663280033a30e30383a6a5e9,6816be1334bc5f118b922621,682a4866fc9a69936435fac2,0,"{""Q0"":""셀 수 있다""}",걸레,count_mass
682a49b28f6c92b7216fe712,1158,survey-multi-choice,22,48917,0,663280033a30e30383a6a5e9,6816be1334bc5f118b922621,682a4866fc9a69936435fac2,0,"{""Q0"":""셀 수 없다""}",비누방울,count_mass
682a49b28f6c92b7216fe714,2449,survey-multi-choice,23,51367,0,663280033a30e30383a6a5e9,6816be1334bc5f118b922621,682a4866fc9a69936435fac2,0,"{""Q0"":""셀 수 있다""}",과일,count_mass
682a49b28f6c92b7216fe716,9002,survey-multi-choice,24,60370,0,663280033a30e30383a6a5e9,6816be1334bc5f118b922621,682a4866fc9a69936435fac2,0,"{""Q0"":""셀 수 있다""}",열쇠,count_mass
682a49b28f6c92b7216fe718,844,survey-multi-choice,25,61215,0,663280033a30e30383a6a5e9,6816be1334bc5f118b922621,682a4866fc9a69936435fac2,0,"{""Q0"":""셀 수 있다""}",땅콩,count_mass
682a49b28f6c92b7216fe71a,1435,survey-multi-choice,26,62651,0,663280033a30e30383a6a5e9,6816be1334bc5f118b922621,682a4866fc9a69936435fac2,0,"{""Q0"":""셀 수 있다""}",기차,count_mass
682a49b28f6c92b7216fe71c,887,survey-multi-choice,27,63539,0,663280033a30e30383a6a5e9,6816be1334bc5f118b922621,682a4866fc9a69936435fac2,0,"{""Q0"":""셀 수 있다""}",치마,count_mass
682a49b28f6c92b7216fe71e,3434,survey-multi-choice,28,66973,0,663280033a30e30383a6a5e9,6816be1334bc5f118b922621,682a4866fc9a69936435fac2,0,"{""Q0"":""셀 수 있다""}",별,count_mass
682a49b28f6c92b7216fe720,912,survey-multi-choice,29,67886,0,663280033a30e30383a6a5e9,6816be1334bc5f118b922621,682a4866fc9a69936435fac2,0,"{""Q0"":""셀 수 있다""}",미끄럼틀,count_mass
682a49b28f6c92b7216fe722,987,survey-multi-choice,30,68873,0,663280033a30e30383a6a5e9,6816be1334bc5f118b922621,682a4866fc9a69936435fac2,0,"{""Q0"":""셀 수 있다""}",초콜렛,count_mass
682a49b28f6c92b7216fe724,874,survey-multi-choice,31,69749,0,663280033a30e30383a6a5e9,6816be1334bc5f118b922621,682a4866fc9a69936435fac2,0,"{""Q0"":""셀 수 있다""}",꽃,count_mass
682a49b28f6c92b7216fe726,3705,html-button-response,32,73455,0,663280033a30e30383a6a5e9,6816be1334bc5f118b922621,682a4866fc9a69936435fac2,0,0,,
682a49b28f6c92b7216fe728,1150,html-button-response,33,74605,0,663280033a30e30383a6a5e9,6816be1334bc5f118b922621,682a4866fc9a69936435fac2,0,0,,
682a49b28f6c92b7216fe72a,1624,html-button-response,35,76898,0,663280033a30e30383a6a5e9,6816be1334bc5f118b922621,682a4866fc9a69936435fac2,0,0,,
682a49b28f6c92b7216fe72c,666,html-button-response,34,75272,0,663280033a30e30383a6a5e9,6816be1334bc5f118b922621,682a4866fc9a69936435fac2,0,0,,
682a49b28f6c92b7216fe72e,2712,survey-multi-choice,36,79611,0,663280033a30e30383a6a5e9,6816be1334bc5f118b922621,682a4866fc9a69936435fac2,0,"{""Q0"":""고형물""}",책상,practice_solidity
682a49b28f6c92b7216fe730,688,html-button-response,37,80300,0,663280033a30e30383a6a5e9,6816be1334bc5f118b922621,682a4866fc9a69936435fac2,0,0,,
682a49b28f6c92b7216fe732,1829,survey-multi-choice,38,82130,0,663280033a30e30383a6a5e9,6816be1334bc5f118b922621,682a4866fc9a69936435fac2,0,"{""Q0"":""비고형물""}",우유,practice_solidity
682a49b28f6c92b7216fe734,456,html-button-response,39,82586,0,663280033a30e30383a6a5e9,6816be1334bc5f118b922621,682a4866fc9a69936435fac2,0,0,,
682a49b28f6c92b7216fe736,1765,survey-multi-choice,41,84883,0,663280033a30e30383a6a5e9,6816be1334bc5f118b922621,682a4866fc9a69936435fac2,0,"{""Q0"":""고형물""}",새,solidity
682a49b28f6c92b7216fe738,997,survey-multi-choice,42,85881,0,663280033a30e30383a6a5e9,6816be1334bc5f118b922621,682a4866fc9a69936435fac2,0,"{""Q0"":""고형물""}",발목,solidity
682a49b28f6c92b7216fe73a,530,html-button-response,40,83117,0,663280033a30e30383a6a5e9,6816be1334bc5f118b922621,682a4866fc9a69936435fac2,0,0,,
682a49b28f6c92b7216fe73c,870,survey-multi-choice,43,86752,0,663280033a30e30383a6a5e9,6816be1334bc5f118b922621,682a4866fc9a69936435fac2,0,"{""Q0"":""고형물""}",하마,solidity
682a49b28f6c92b7216fe73e,817,survey-multi-choice,44,87570,0,663280033a30e30383a6a5e9,6816be1334bc5f118b922621,682a4866fc9a69936435fac2,0,"{""Q0"":""고형물""}",생선,solidity
682a49b28f6c92b7216fe740,6065,survey-multi-choice,47,95220,0,663280033a30e30383a6a5e9,6816be1334bc5f118b922621,682a4866fc9a69936435fac2,0,"{""Q0"":""비고형물""}",옷/꼬까,solidity
682a49b28f6c92b7216fe742,809,survey-multi-choice,46,89155,0,663280033a30e30383a6a5e9,6816be1334bc5f118b922621,682a4866fc9a69936435fac2,0,"{""Q0"":""고형물""}",주머니,solidity
682a49b28f6c92b7216fe744,774,survey-multi-choice,45,88345,0,663280033a30e30383a6a5e9,6816be1334bc5f118b922621,682a4866fc9a69936435fac2,0,"{""Q0"":""고형물""}",거북이,solidity
682a49b28f6c92b7216fe746,986,survey-multi-choice,48,96207,0,663280033a30e30383a6a5e9,6816be1334bc5f118b922621,682a4866fc9a69936435fac2,0,"{""Q0"":""고형물""}",개미,solidity
682a49b38f6c92b7216fe748,1755,survey-multi-choice,49,97962,0,663280033a30e30383a6a5e9,6816be1334bc5f118b922621,682a4866fc9a69936435fac2,0,"{""Q0"":""고형물""}",그림,solidity
682a49b38f6c92b7216fe74a,974,survey-multi-choice,50,98937,0,663280033a30e30383a6a5e9,6816be1334bc5f118b922621,682a4866fc9a69936435fac2,0,"{""Q0"":""고형물""}",전자레인지,solidity
682a49b38f6c92b7216fe74c,5943,survey-multi-choice,51,104881,0,663280033a30e30383a6a5e9,6816be1334bc5f118b922621,682a4866fc9a69936435fac2,0,"{""Q0"":""해당 사항 없음""}",방,solidity
682a49b38f6c92b7216fe74e,2285,survey-multi-choice,52,107167,0,663280033a30e30383a6a5e9,6816be1334bc5f118b922621,682a4866fc9a69936435fac2,0,"{""Q0"":""비고형물""}",껌,solidity
682a49b38f6c92b7216fe750,1626,survey-multi-choice,53,108794,0,663280033a30e30383a6a5e9,6816be1334bc5f118b922621,682a4866fc9a69936435fac2,0,"{""Q0"":""고형물""}",배,solidity
682a49b38f6c92b7216fe752,2215,survey-multi-choice,54,111010,0,663280033a30e30383a6a5e9,6816be1334bc5f118b922621,682a4866fc9a69936435fac2,0,"{""Q0"":""고형물""}",포크,solidity
682a49b38f6c92b7216fe754,1934,survey-multi-choice,55,112945,0,663280033a30e30383a6a5e9,6816be1334bc5f118b922621,682a4866fc9a69936435fac2,0,"{""Q0"":""고형물""}",물고기,solidity
682a49b38f6c92b7216fe756,1368,survey-multi-choice,56,114313,0,663280033a30e30383a6a5e9,6816be1334bc5f118b922621,682a4866fc9a69936435fac2,0,"{""Q0"":""비고형물""}",피,solidity
682a49b38f6c92b7216fe758,1824,survey-multi-choice,59,118656,0,663280033a30e30383a6a5e9,6816be1334bc5f118b922621,682a4866fc9a69936435fac2,0,"{""Q0"":""해당 사항 없음""}",길,solidity
682a49b38f6c92b7216fe75a,1150,survey-multi-choice,57,115464,0,663280033a30e30383a6a5e9,6816be1334bc5f118b922621,682a4866fc9a69936435fac2,0,"{""Q0"":""고형물""}",베개,solidity
682a49b38f6c92b7216fe75c,1366,survey-multi-choice,58,116831,0,663280033a30e30383a6a5e9,6816be1334bc5f118b922621,682a4866fc9a69936435fac2,0,"{""Q0"":""고형물""}",라벤더,solidity
682a49b38f6c92b7216fe75e,1194,survey-multi-choice,60,119850,0,663280033a30e30383a6a5e9,6816be1334bc5f118b922621,682a4866fc9a69936435fac2,0,"{""Q0"":""고형물""}",토끼,solidity
682a49b38f6c92b7216fe760,1664,survey-multi-choice,61,121516,0,663280033a30e30383a6a5e9,6816be1334bc5f118b922621,682a4866fc9a69936435fac2,0,"{""Q0"":""고형물""}",감자,solidity
682a49b38f6c92b7216fe762,5298,html-button-response,62,126814,0,663280033a30e30383a6a5e9,6816be1334bc5f118b922621,682a4866fc9a69936435fac2,0,0,,
682a49b38f6c92b7216fe764,2952,html-button-response,63,129766,0,663280033a30e30383a6a5e9,6816be1334bc5f118b922621,682a4866fc9a69936435fac2,0,0,,
682a49b38f6c92b7216fe766,5124,html-button-response,64,134891,0,663280033a30e30383a6a5e9,6816be1334bc5f118b922621,682a4866fc9a69936435fac2,0,0,,
682a49b38f6c92b7216fe768,939,html-button-response,65,135831,0,663280033a30e30383a6a5e9,6816be1334bc5f118b922621,682a4866fc9a69936435fac2,0,0,,
682a49b38f6c92b7216fe76a,1240,html-button-response,66,137072,0,663280033a30e30383a6a5e9,6816be1334bc5f118b922621,682a4866fc9a69936435fac2,0,0,,
682a49b38f6c92b7216fe76c,9415,survey-multi-choice,67,146487,0,663280033a30e30383a6a5e9,6816be1334bc5f118b922621,682a4866fc9a69936435fac2,0,"{""Q0"":""형태""}",도자기,practice_category
682a49b38f6c92b7216fe76e,5775,html-button-response,68,152263,0,663280033a30e30383a6a5e9,6816be1334bc5f118b922621,682a4866fc9a69936435fac2,0,0,,
682a49b38f6c92b7216fe770,57607,survey-multi-choice,69,209870,0,663280033a30e30383a6a5e9,6816be1334bc5f118b922621,682a4866fc9a69936435fac2,0,"{""Q0"":""색상""}",빨간불,practice_category
682a49b38f6c92b7216fe772,583,html-button-response,70,210454,0,663280033a30e30383a6a5e9,6816be1334bc5f118b922621,682a4866fc9a69936435fac2,0,0,,
682a49b38f6c92b7216fe774,2089,survey-multi-choice,71,212543,0,663280033a30e30383a6a5e9,6816be1334bc5f118b922621,682a4866fc9a69936435fac2,0,"{""Q0"":""형태""}",정사각형,practice_category
682a49b38f6c92b7216fe776,436,html-button-response,72,212980,0,663280033a30e30383a6a5e9,6816be1334bc5f118b922621,682a4866fc9a69936435fac2,0,0,,
682a49b38f6c92b7216fe778,2964,survey-multi-choice,73,215945,0,663280033a30e30383a6a5e9,6816be1334bc5f118b922621,682a4866fc9a69936435fac2,0,"{""Q0"":""해당 사항 없음""}",불안감,practice_category
682a49b38f6c92b7216fe77a,908,html-button-response,74,216854,0,663280033a30e30383a6a5e9,6816be1334bc5f118b922621,682a4866fc9a69936435fac2,0,0,,
682a49b38f6c92b7216fe77c,704,html-button-response,75,217558,0,663280033a30e30383a6a5e9,6816be1334bc5f118b922621,682a4866fc9a69936435fac2,0,0,,
682a49b38f6c92b7216fe77e,3290,survey-multi-choice,76,220850,0,663280033a30e30383a6a5e9,6816be1334bc5f118b922621,682a4866fc9a69936435fac2,0,"{""Q0"":""물질""}",감,category_organization
682a49b38f6c92b7216fe780,4861,survey-multi-choice,77,225712,0,663280033a30e30383a6a5e9,6816be1334bc5f118b922621,682a4866fc9a69936435fac2,0,"{""Q0"":""해당 사항 없음""}",라벤더,category_organization
682a49b38f6c92b7216fe782,3877,survey-multi-choice,78,229590,0,663280033a30e30383a6a5e9,6816be1334bc5f118b922621,682a4866fc9a69936435fac2,0,"{""Q0"":""물질""}",스파게티,category_organization
682a49b38f6c92b7216fe784,2753,survey-multi-choice,79,232343,0,663280033a30e30383a6a5e9,6816be1334bc5f118b922621,682a4866fc9a69936435fac2,0,"{""Q0"":""물질""}",연필,category_organization
682a49b38f6c92b7216fe786,2520,survey-multi-choice,80,234864,0,663280033a30e30383a6a5e9,6816be1334bc5f118b922621,682a4866fc9a69936435fac2,0,"{""Q0"":""형태""}",썰매,category_organization
682a49b38f6c92b7216fe788,3469,survey-multi-choice,81,238334,0,663280033a30e30383a6a5e9,6816be1334bc5f118b922621,682a4866fc9a69936435fac2,0,"{""Q0"":""물질""}",악어,category_organization
682a49b38f6c92b7216fe78a,1867,survey-multi-choice,82,240202,0,663280033a30e30383a6a5e9,6816be1334bc5f118b922621,682a4866fc9a69936435fac2,0,"{""Q0"":""물질""}",배추,category_organization
682a49b38f6c92b7216fe78c,1723,survey-multi-choice,83,241926,0,663280033a30e30383a6a5e9,6816be1334bc5f118b922621,682a4866fc9a69936435fac2,0,"{""Q0"":""물질""}",고양이,category_organization
682a49b38f6c92b7216fe78e,2029,survey-multi-choice,84,243956,0,663280033a30e30383a6a5e9,6816be1334bc5f118b922621,682a4866fc9a69936435fac2,0,"{""Q0"":""형태""}",목걸이,category_organization
682a49b38f6c92b7216fe790,1984,survey-multi-choice,85,245941,0,663280033a30e30383a6a5e9,6816be1334bc5f118b922621,682a4866fc9a69936435fac2,0,"{""Q0"":""물질""}",총,category_organization
682a49b38f6c92b7216fe792,1549,survey-multi-choice,86,247490,0,663280033a30e30383a6a5e9,6816be1334bc5f118b922621,682a4866fc9a69936435fac2,0,"{""Q0"":""물질""}",흙,category_organization
682a49b38f6c92b7216fe794,2106,survey-multi-choice,87,249597,0,663280033a30e30383a6a5e9,6816be1334bc5f118b922621,682a4866fc9a69936435fac2,0,"{""Q0"":""형태""}",계단,category_organization
682a49b38f6c92b7216fe796,1555,survey-multi-choice,88,251153,0,663280033a30e30383a6a5e9,6816be1334bc5f118b922621,682a4866fc9a69936435fac2,0,"{""Q0"":""형태""}",소파,category_organization
682a49b38f6c92b7216fe798,43324,survey-multi-choice,89,294478,0,663280033a30e30383a6a5e9,6816be1334bc5f118b922621,682a4866fc9a69936435fac2,0,"{""Q0"":""해당 사항 없음""}",비,category_organization
682a49b38f6c92b7216fe79a,3162,survey-multi-choice,90,297641,0,663280033a30e30383a6a5e9,6816be1334bc5f118b922621,682a4866fc9a69936435fac2,0,"{""Q0"":""형태""}",바지,category_organization
682a49b38f6c92b7216fe79c,1269,survey-multi-choice,91,298911,0,663280033a30e30383a6a5e9,6816be1334bc5f118b922621,682a4866fc9a69936435fac2,0,"{""Q0"":""물질""}",호랑이,category_organization
682a49b38f6c92b7216fe79e,6522,survey-multi-choice,92,305434,0,663280033a30e30383a6a5e9,6816be1334bc5f118b922621,682a4866fc9a69936435fac2,0,"{""Q0"":""형태""}",운동화,category_organization
682a49b38f6c92b7216fe7a0,2153,survey-multi-choice,93,307588,0,663280033a30e30383a6a5e9,6816be1334bc5f118b922621,682a4866fc9a69936435fac2,0,"{""Q0"":""물질""}",헬리콥터,category_organization
682a49b38f6c92b7216fe7a2,2250,survey-multi-choice,94,309839,0,663280033a30e30383a6a5e9,6816be1334bc5f118b922621,682a4866fc9a69936435fac2,0,"{""Q0"":""물질""}",콩,category_organization
682a49b38f6c92b7216fe7a4,1486,survey-multi-choice,95,311325,0,663280033a30e30383a6a5e9,6816be1334bc5f118b922621,682a4866fc9a69936435fac2,0,"{""Q0"":""형태""}",숟가락,category_organization
682a49b38f6c92b7216fe7a6,8754,survey-multi-choice,96,320080,0,663280033a30e30383a6a5e9,6816be1334bc5f118b922621,682a4866fc9a69936435fac2,0,"{""Q0"":""물질""}",똥꼬,category_organization
682a49b38f6c92b7216fe7a8,2961,html-button-response,97,323041,0,663280033a30e30383a6a5e9,6816be1334bc5f118b922621,682a4866fc9a69936435fac2,0,0,,
682a98bc8f6c92b7216fe7aa,3135,instructions,0,3136,0,5c9a1371a1bfdf00015c5142,6816be1334bc5f118b922621,682a974469f9d4715cddd8cf,0,,,
682a98bc8f6c92b7216fe7ac,2247,instructions,1,5383,0,5c9a1371a1bfdf00015c5142,6816be1334bc5f118b922621,682a974469f9d4715cddd8cf,0,,,
682a98bc8f6c92b7216fe7ae,8071,html-button-response,2,13456,0,5c9a1371a1bfdf00015c5142,6816be1334bc5f118b922621,682a974469f9d4715cddd8cf,0,0,,
682a98bc8f6c92b7216fe7b0,1943,html-button-response,4,19783,0,5c9a1371a1bfdf00015c5142,6816be1334bc5f118b922621,682a974469f9d4715cddd8cf,0,0,,
682a98bc8f6c92b7216fe7b2,4383,html-button-response,3,17839,0,5c9a1371a1bfdf00015c5142,6816be1334bc5f118b922621,682a974469f9d4715cddd8cf,0,0,,
682a98bc8f6c92b7216fe7b4,3032,html-button-response,5,22815,0,5c9a1371a1bfdf00015c5142,6816be1334bc5f118b922621,682a974469f9d4715cddd8cf,0,0,,
682a98bc8f6c92b7216fe7b6,3255,survey-multi-choice,6,26072,0,5c9a1371a1bfdf00015c5142,6816be1334bc5f118b922621,682a974469f9d4715cddd8cf,0,"{""Q0"":""셀 수 있다""}",의자,practice_countmass
682a98bc8f6c92b7216fe7b8,2190,html-button-response,7,28263,0,5c9a1371a1bfdf00015c5142,6816be1334bc5f118b922621,682a974469f9d4715cddd8cf,0,0,,
682a98bc8f6c92b7216fe7ba,2984,survey-multi-choice,8,31248,0,5c9a1371a1bfdf00015c5142,6816be1334bc5f118b922621,682a974469f9d4715cddd8cf,0,"{""Q0"":""셀 수 없다""}",설탕,practice_countmass
682a98bc8f6c92b7216fe7bc,3231,html-button-response,9,34479,0,5c9a1371a1bfdf00015c5142,6816be1334bc5f118b922621,682a974469f9d4715cddd8cf,0,0,,
682a98bc8f6c92b7216fe7be,2751,html-button-response,10,37231,0,5c9a1371a1bfdf00015c5142,6816be1334bc5f118b922621,682a974469f9d4715cddd8cf,0,0,,
682a98bc8f6c92b7216fe7c0,2871,survey-multi-choice,11,40103,0,5c9a1371a1bfdf00015c5142,6816be1334bc5f118b922621,682a974469f9d4715cddd8cf,0,"{""Q0"":""셀 수 있다""}",얼음,count_mass
682a98bc8f6c92b7216fe7c2,1760,survey-multi-choice,12,41863,0,5c9a1371a1bfdf00015c5142,6816be1334bc5f118b922621,682a974469f9d4715cddd8cf,0,"{""Q0"":""셀 수 있다""}",운동화,count_mass
682a98bc8f6c92b7216fe7c4,1592,survey-multi-choice,13,43456,0,5c9a1371a1bfdf00015c5142,6816be1334bc5f118b922621,682a974469f9d4715cddd8cf,0,"{""Q0"":""셀 수 있다""}",벌,count_mass
682a98bc8f6c92b7216fe7c6,2207,survey-multi-choice,14,45663,0,5c9a1371a1bfdf00015c5142,6816be1334bc5f118b922621,682a974469f9d4715cddd8cf,0,"{""Q0"":""셀 수 있다""}",그림,count_mass
682a98bc8f6c92b7216fe7c8,2463,survey-multi-choice,15,48127,0,5c9a1371a1bfdf00015c5142,6816be1334bc5f118b922621,682a974469f9d4715cddd8cf,0,"{""Q0"":""셀 수 있다""}",발목,count_mass
682a98bc8f6c92b7216fe7ca,4888,survey-multi-choice,17,54663,0,5c9a1371a1bfdf00015c5142,6816be1334bc5f118b922621,682a974469f9d4715cddd8cf,0,"{""Q0"":""셀 수 있다""}",회색,count_mass
682a98bc8f6c92b7216fe7cc,1647,survey-multi-choice,16,49775,0,5c9a1371a1bfdf00015c5142,6816be1334bc5f118b922621,682a974469f9d4715cddd8cf,0,"{""Q0"":""셀 수 있다""}",손,count_mass
682a98bc8f6c92b7216fe7ce,1799,survey-multi-choice,18,56463,0,5c9a1371a1bfdf00015c5142,6816be1334bc5f118b922621,682a974469f9d4715cddd8cf,0,"{""Q0"":""셀 수 있다""}",개미,count_mass
682a98bc8f6c92b7216fe7d0,1408,survey-multi-choice,19,57871,0,5c9a1371a1bfdf00015c5142,6816be1334bc5f118b922621,682a974469f9d4715cddd8cf,0,"{""Q0"":""셀 수 있다""}",바지,count_mass
682a98bc8f6c92b7216fe7d2,1423,survey-multi-choice,20,59295,0,5c9a1371a1bfdf00015c5142,6816be1334bc5f118b922621,682a974469f9d4715cddd8cf,0,"{""Q0"":""셀 수 있다""}",꽃,count_mass
682a98bc8f6c92b7216fe7d4,1880,survey-multi-choice,21,61176,0,5c9a1371a1bfdf00015c5142,6816be1334bc5f118b922621,682a974469f9d4715cddd8cf,0,"{""Q0"":""셀 수 있다""}",배,count_mass
682a98bc8f6c92b7216fe7d6,3336,survey-multi-choice,23,65879,0,5c9a1371a1bfdf00015c5142,6816be1334bc5f118b922621,682a974469f9d4715cddd8cf,0,"{""Q0"":""셀 수 있다""}",연필,count_mass
682a98bc8f6c92b7216fe7d8,1367,survey-multi-choice,22,62543,0,5c9a1371a1bfdf00015c5142,6816be1334bc5f118b922621,682a974469f9d4715cddd8cf,0,"{""Q0"":""셀 수 있다""}",입,count_mass
682a98bc8f6c92b7216fe7da,1215,survey-multi-choice,24,67095,0,5c9a1371a1bfdf00015c5142,6816be1334bc5f118b922621,682a974469f9d4715cddd8cf,0,"{""Q0"":""셀 수 있다""}",무릎,count_mass
682a98bc8f6c92b7216fe7dc,2312,survey-multi-choice,25,69407,0,5c9a1371a1bfdf00015c5142,6816be1334bc5f118b922621,682a974469f9d4715cddd8cf,0,"{""Q0"":""셀 수 없다""}",피,count_mass
682a98bc8f6c92b7216fe7de,3016,survey-multi-choice,26,72423,0,5c9a1371a1bfdf00015c5142,6816be1334bc5f118b922621,682a974469f9d4715cddd8cf,0,"{""Q0"":""셀 수 있다""}",라디오,count_mass
682a98bc8f6c92b7216fe7e0,1399,survey-multi-choice,27,73824,0,5c9a1371a1bfdf00015c5142,6816be1334bc5f118b922621,682a974469f9d4715cddd8cf,0,"{""Q0"":""셀 수 있다""}",자전거,count_mass
682a98bc8f6c92b7216fe7e2,3952,survey-multi-choice,29,78991,0,5c9a1371a1bfdf00015c5142,6816be1334bc5f118b922621,682a974469f9d4715cddd8cf,0,"{""Q0"":""셀 수 있다""}",망치,count_mass
682a98bc8f6c92b7216fe7e4,1215,survey-multi-choice,28,75039,0,5c9a1371a1bfdf00015c5142,6816be1334bc5f118b922621,682a974469f9d4715cddd8cf,0,"{""Q0"":""셀 수 있다""}",책,count_mass
682a98bc8f6c92b7216fe7e6,1527,survey-multi-choice,30,80519,0,5c9a1371a1bfdf00015c5142,6816be1334bc5f118b922621,682a974469f9d4715cddd8cf,0,"{""Q0"":""셀 수 있다""}",시소,count_mass
682a98bc8f6c92b7216fe7e8,1327,survey-multi-choice,31,81847,0,5c9a1371a1bfdf00015c5142,6816be1334bc5f118b922621,682a974469f9d4715cddd8cf,0,"{""Q0"":""셀 수 있다""}",텔레비전,count_mass
682a98bc8f6c92b7216fe7ea,7951,html-button-response,32,89799,0,5c9a1371a1bfdf00015c5142,6816be1334bc5f118b922621,682a974469f9d4715cddd8cf,0,0,,
682a98bc8f6c92b7216fe7ec,1583,html-button-response,33,91383,0,5c9a1371a1bfdf00015c5142,6816be1334bc5f118b922621,682a974469f9d4715cddd8cf,0,0,,
682a98bc8f6c92b7216fe7ee,839,html-button-response,34,92223,0,5c9a1371a1bfdf00015c5142,6816be1334bc5f118b922621,682a974469f9d4715cddd8cf,0,0,,
682a98bc8f6c92b7216fe7f0,2431,html-button-response,35,94655,0,5c9a1371a1bfdf00015c5142,6816be1334bc5f118b922621,682a974469f9d4715cddd8cf,0,0,,
682a98bd8f6c92b7216fe7f2,3008,survey-multi-choice,36,97663,0,5c9a1371a1bfdf00015c5142,6816be1334bc5f118b922621,682a974469f9d4715cddd8cf,0,"{""Q0"":""고형물""}",책상,practice_solidity
682a98bd8f6c92b7216fe7f4,959,html-button-response,37,98623,0,5c9a1371a1bfdf00015c5142,6816be1334bc5f118b922621,682a974469f9d4715cddd8cf,0,0,,
682a98bd8f6c92b7216fe7f6,2199,survey-multi-choice,38,100823,0,5c9a1371a1bfdf00015c5142,6816be1334bc5f118b922621,682a974469f9d4715cddd8cf,0,"{""Q0"":""비고형물""}",우유,practice_solidity
682a98bd8f6c92b7216fe7f8,1199,html-button-response,39,102023,0,5c9a1371a1bfdf00015c5142,6816be1334bc5f118b922621,682a974469f9d4715cddd8cf,0,0,,
682a98bd8f6c92b7216fe7fa,2551,survey-multi-choice,41,105479,0,5c9a1371a1bfdf00015c5142,6816be1334bc5f118b922621,682a974469f9d4715cddd8cf,0,"{""Q0"":""고형물""}",딸기,solidity
682a98bd8f6c92b7216fe7fc,903,html-button-response,40,102927,0,5c9a1371a1bfdf00015c5142,6816be1334bc5f118b922621,682a974469f9d4715cddd8cf,0,0,,
682a98bd8f6c92b7216fe7fe,3272,survey-multi-choice,42,108751,0,5c9a1371a1bfdf00015c5142,6816be1334bc5f118b922621,682a974469f9d4715cddd8cf,0,"{""Q0"":""비고형물""}",비,solidity
682a98bd8f6c92b7216fe800,1383,survey-multi-choice,43,110135,0,5c9a1371a1bfdf00015c5142,6816be1334bc5f118b922621,682a974469f9d4715cddd8cf,0,"{""Q0"":""고형물""}",감,solidity
682a98bd8f6c92b7216fe802,2160,survey-multi-choice,44,112295,0,5c9a1371a1bfdf00015c5142,6816be1334bc5f118b922621,682a974469f9d4715cddd8cf,0,"{""Q0"":""고형물""}",목걸이,solidity
682a98bd8f6c92b7216fe804,39584,survey-multi-choice,45,151880,0,5c9a1371a1bfdf00015c5142,6816be1334bc5f118b922621,682a974469f9d4715cddd8cf,0,"{""Q0"":""해당 사항 없음""}",원숭이,solidity
682a98bd8f6c92b7216fe806,2399,survey-multi-choice,46,154279,0,5c9a1371a1bfdf00015c5142,6816be1334bc5f118b922621,682a974469f9d4715cddd8cf,0,"{""Q0"":""고형물""}",안경,solidity
682a98bd8f6c92b7216fe808,9656,survey-multi-choice,47,163935,0,5c9a1371a1bfdf00015c5142,6816be1334bc5f118b922621,682a974469f9d4715cddd8cf,0,"{""Q0"":""비고형물""}",스파게티,solidity
682a98bd8f6c92b7216fe80a,2095,survey-multi-choice,48,166031,0,5c9a1371a1bfdf00015c5142,6816be1334bc5f118b922621,682a974469f9d4715cddd8cf,0,"{""Q0"":""고형물""}",감자,solidity
682a98bd8f6c92b7216fe80c,1224,survey-multi-choice,49,167255,0,5c9a1371a1bfdf00015c5142,6816be1334bc5f118b922621,682a974469f9d4715cddd8cf,0,"{""Q0"":""고형물""}",신/신발,solidity
682a98bd8f6c92b7216fe80e,1031,survey-multi-choice,50,168287,0,5c9a1371a1bfdf00015c5142,6816be1334bc5f118b922621,682a974469f9d4715cddd8cf,0,"{""Q0"":""고형물""}",문,solidity
682a98bd8f6c92b7216fe810,1423,survey-multi-choice,51,169711,0,5c9a1371a1bfdf00015c5142,6816be1334bc5f118b922621,682a974469f9d4715cddd8cf,0,"{""Q0"":""비고형물""}",계란/달걀,solidity
682a98bd8f6c92b7216fe812,1064,survey-multi-choice,52,170776,0,5c9a1371a1bfdf00015c5142,6816be1334bc5f118b922621,682a974469f9d4715cddd8cf,0,"{""Q0"":""고형물""}",치마,solidity
682a98bd8f6c92b7216fe814,2983,survey-multi-choice,53,173759,0,5c9a1371a1bfdf00015c5142,6816be1334bc5f118b922621,682a974469f9d4715cddd8cf,0,"{""Q0"":""고형물""}",메론,solidity
682a98bd8f6c92b7216fe816,1047,survey-multi-choice,54,174807,0,5c9a1371a1bfdf00015c5142,6816be1334bc5f118b922621,682a974469f9d4715cddd8cf,0,"{""Q0"":""고형물""}",약,solidity
682a98bd8f6c92b7216fe818,1575,survey-multi-choice,55,176383,0,5c9a1371a1bfdf00015c5142,6816be1334bc5f118b922621,682a974469f9d4715cddd8cf,0,"{""Q0"":""고형물""}",라벤더,solidity
682a98bd8f6c92b7216fe81a,1248,survey-multi-choice,56,177631,0,5c9a1371a1bfdf00015c5142,6816be1334bc5f118b922621,682a974469f9d4715cddd8cf,0,"{""Q0"":""고형물""}",이/이빨,solidity
682a98bd8f6c92b7216fe81c,839,survey-multi-choice,57,178471,0,5c9a1371a1bfdf00015c5142,6816be1334bc5f118b922621,682a974469f9d4715cddd8cf,0,"{""Q0"":""고형물""}",거북이,solidity
682a98bd8f6c92b7216fe81e,983,survey-multi-choice,59,181135,0,5c9a1371a1bfdf00015c5142,6816be1334bc5f118b922621,682a974469f9d4715cddd8cf,0,"{""Q0"":""고형물""}",사과,solidity
682a98bd8f6c92b7216fe820,1679,survey-multi-choice,58,180151,0,5c9a1371a1bfdf00015c5142,6816be1334bc5f118b922621,682a974469f9d4715cddd8cf,0,"{""Q0"":""고형물""}",똥꼬,solidity
682a98bd8f6c92b7216fe822,1391,survey-multi-choice,60,182527,0,5c9a1371a1bfdf00015c5142,6816be1334bc5f118b922621,682a974469f9d4715cddd8cf,0,"{""Q0"":""고형물""}",아이스크림,solidity
682a98bd8f6c92b7216fe824,1472,survey-multi-choice,61,184000,0,5c9a1371a1bfdf00015c5142,6816be1334bc5f118b922621,682a974469f9d4715cddd8cf,0,"{""Q0"":""고형물""}",고기,solidity
682a98bd8f6c92b7216fe826,68415,html-button-response,62,252415,0,5c9a1371a1bfdf00015c5142,6816be1334bc5f118b922621,682a974469f9d4715cddd8cf,0,0,,
682a98bd8f6c92b7216fe828,4313,html-button-response,63,256728,0,5c9a1371a1bfdf00015c5142,6816be1334bc5f118b922621,682a974469f9d4715cddd8cf,0,0,,
682a98bd8f6c92b7216fe82a,8278,html-button-response,64,265007,0,5c9a1371a1bfdf00015c5142,6816be1334bc5f118b922621,682a974469f9d4715cddd8cf,0,0,,
682a98bd8f6c92b7216fe82c,1039,html-button-response,65,266047,0,5c9a1371a1bfdf00015c5142,6816be1334bc5f118b922621,682a974469f9d4715cddd8cf,0,0,,
682a98bd8f6c92b7216fe82e,1712,html-button-response,66,267759,0,5c9a1371a1bfdf00015c5142,6816be1334bc5f118b922621,682a974469f9d4715cddd8cf,0,0,,
682a98bd8f6c92b7216fe830,5919,survey-multi-choice,67,273679,0,5c9a1371a1bfdf00015c5142,6816be1334bc5f118b922621,682a974469f9d4715cddd8cf,0,"{""Q0"":""색상""}",빨간불,practice_category
682a98bd8f6c92b7216fe832,728,html-button-response,68,274407,0,5c9a1371a1bfdf00015c5142,6816be1334bc5f118b922621,682a974469f9d4715cddd8cf,0,0,,
682a98bd8f6c92b7216fe834,3039,survey-multi-choice,69,277447,0,5c9a1371a1bfdf00015c5142,6816be1334bc5f118b922621,682a974469f9d4715cddd8cf,0,"{""Q0"":""형태""}",정사각형,practice_category
682a98bd8f6c92b7216fe836,599,html-button-response,70,278047,0,5c9a1371a1bfdf00015c5142,6816be1334bc5f118b922621,682a974469f9d4715cddd8cf,0,0,,
682a98bd8f6c92b7216fe838,4080,survey-multi-choice,71,282127,0,5c9a1371a1bfdf00015c5142,6816be1334bc5f118b922621,682a974469f9d4715cddd8cf,0,"{""Q0"":""해당 사항 없음""}",불안감,practice_category
682a98bd8f6c92b7216fe83a,767,html-button-response,72,282895,0,5c9a1371a1bfdf00015c5142,6816be1334bc5f118b922621,682a974469f9d4715cddd8cf,0,0,,
682a98bd8f6c92b7216fe83c,7896,survey-multi-choice,73,290791,0,5c9a1371a1bfdf00015c5142,6816be1334bc5f118b922621,682a974469f9d4715cddd8cf,0,"{""Q0"":""형태""}",도자기,practice_category
682a98bd8f6c92b7216fe83e,5663,html-button-response,74,296455,0,5c9a1371a1bfdf00015c5142,6816be1334bc5f118b922621,682a974469f9d4715cddd8cf,0,0,,
682a98bd8f6c92b7216fe840,6839,survey-multi-choice,78,314447,0,5c9a1371a1bfdf00015c5142,6816be1334bc5f118b922621,682a974469f9d4715cddd8cf,0,"{""Q0"":""형태""}",미끄럼틀,category_organization
682a98bd8f6c92b7216fe842,1111,html-button-response,75,297567,0,5c9a1371a1bfdf00015c5142,6816be1334bc5f118b922621,682a974469f9d4715cddd8cf,0,0,,
682a98bd8f6c92b7216fe844,5639,survey-multi-choice,76,303207,0,5c9a1371a1bfdf00015c5142,6816be1334bc5f118b922621,682a974469f9d4715cddd8cf,0,"{""Q0"":""물질""}",사자,category_organization
682a98bd8f6c92b7216fe846,4400,survey-multi-choice,77,307608,0,5c9a1371a1bfdf00015c5142,6816be1334bc5f118b922621,682a974469f9d4715cddd8cf,0,"{""Q0"":""물질""}",김치,category_organization
682a98bd8f6c92b7216fe848,3095,survey-multi-choice,79,317543,0,5c9a1371a1bfdf00015c5142,6816be1334bc5f118b922621,682a974469f9d4715cddd8cf,0,"{""Q0"":""물질""}",과일,category_organization
682a98be8f6c92b7216fe84a,2824,survey-multi-choice,80,320367,0,5c9a1371a1bfdf00015c5142,6816be1334bc5f118b922621,682a974469f9d4715cddd8cf,0,"{""Q0"":""물질""}",케이크,category_organization
682a98be8f6c92b7216fe84c,3639,survey-multi-choice,81,324007,0,5c9a1371a1bfdf00015c5142,6816be1334bc5f118b922621,682a974469f9d4715cddd8cf,0,"{""Q0"":""물질""}",눈사람,category_organization
682a98be8f6c92b7216fe84e,2183,survey-multi-choice,83,328183,0,5c9a1371a1bfdf00015c5142,6816be1334bc5f118b922621,682a974469f9d4715cddd8cf,0,"{""Q0"":""물질""}",토끼,category_organization
682a98be8f6c92b7216fe850,1991,survey-multi-choice,82,325999,0,5c9a1371a1bfdf00015c5142,6816be1334bc5f118b922621,682a974469f9d4715cddd8cf,0,"{""Q0"":""물질""}",햄버거,category_organization
682a98be8f6c92b7216fe852,5552,survey-multi-choice,84,333735,0,5c9a1371a1bfdf00015c5142,6816be1334bc5f118b922621,682a974469f9d4715cddd8cf,0,"{""Q0"":""물질""}",길,category_organization
682a98be8f6c92b7216fe854,1879,survey-multi-choice,85,335615,0,5c9a1371a1bfdf00015c5142,6816be1334bc5f118b922621,682a974469f9d4715cddd8cf,0,"{""Q0"":""물질""}",요구르트,category_organization
682a98be8f6c92b7216fe856,2351,survey-multi-choice,86,337967,0,5c9a1371a1bfdf00015c5142,6816be1334bc5f118b922621,682a974469f9d4715cddd8cf,0,"{""Q0"":""물질""}",닭,category_organization
682a98be8f6c92b7216fe858,4967,survey-multi-choice,87,342935,0,5c9a1371a1bfdf00015c5142,6816be1334bc5f118b922621,682a974469f9d4715cddd8cf,0,"{""Q0"":""물질""}",우산,category_organization
682a98be8f6c92b7216fe85a,1456,survey-multi-choice,88,344391,0,5c9a1371a1bfdf00015c5142,6816be1334bc5f118b922621,682a974469f9d4715cddd8cf,0,"{""Q0"":""해당 사항 없음""}",라벤더,category_organization
682a98be8f6c92b7216fe85c,4239,survey-multi-choice,89,348631,0,5c9a1371a1bfdf00015c5142,6816be1334bc5f118b922621,682a974469f9d4715cddd8cf,0,"{""Q0"":""물질""}",빗,category_organization
682a98be8f6c92b7216fe85e,2479,survey-multi-choice,90,351111,0,5c9a1371a1bfdf00015c5142,6816be1334bc5f118b922621,682a974469f9d4715cddd8cf,0,"{""Q0"":""물질""}",화장실,category_organization
682a98be8f6c92b7216fe860,2511,survey-multi-choice,91,353623,0,5c9a1371a1bfdf00015c5142,6816be1334bc5f118b922621,682a974469f9d4715cddd8cf,0,"{""Q0"":""물질""}",사슴,category_organization
682a98be8f6c92b7216fe862,1999,survey-multi-choice,92,355623,0,5c9a1371a1bfdf00015c5142,6816be1334bc5f118b922621,682a974469f9d4715cddd8cf,0,"{""Q0"":""물질""}",부엌,category_organization
682a98be8f6c92b7216fe864,1535,survey-multi-choice,93,357159,0,5c9a1371a1bfdf00015c5142,6816be1334bc5f118b922621,682a974469f9d4715cddd8cf,0,"{""Q0"":""물질""}",다리,category_organization
682a98be8f6c92b7216fe866,1279,survey-multi-choice,94,358439,0,5c9a1371a1bfdf00015c5142,6816be1334bc5f118b922621,682a974469f9d4715cddd8cf,0,"{""Q0"":""물질""}",호랑이,category_organization
682a98be8f6c92b7216fe868,1295,survey-multi-choice,95,359735,0,5c9a1371a1bfdf00015c5142,6816be1334bc5f118b922621,682a974469f9d4715cddd8cf,0,"{""Q0"":""물질""}",잠바,category_organization
682a98be8f6c92b7216fe86a,1304,survey-multi-choice,96,361039,0,5c9a1371a1bfdf00015c5142,6816be1334bc5f118b922621,682a974469f9d4715cddd8cf,0,"{""Q0"":""물질""}",토마토,category_organization
682a98be8f6c92b7216fe86c,5831,html-button-response,97,366871,0,5c9a1371a1bfdf00015c5142,6816be1334bc5f118b922621,682a974469f9d4715cddd8cf,0,0,,
682ac12a8f6c92b7216fe86e,4756,instructions,1,11359,0,627439e73b0f066c01b52365,6816be1334bc5f118b922621,682abf35dd4b8176abe27644,0,,,
682ac12a8f6c92b7216fe870,11252,html-button-response,2,22616,0,627439e73b0f066c01b52365,6816be1334bc5f118b922621,682abf35dd4b8176abe27644,0,0,,
682ac12a8f6c92b7216fe872,4314,html-button-response,3,26934,0,627439e73b0f066c01b52365,6816be1334bc5f118b922621,682abf35dd4b8176abe27644,0,0,,
682ac12a8f6c92b7216fe874,6599,instructions,0,6602,0,627439e73b0f066c01b52365,6816be1334bc5f118b922621,682abf35dd4b8176abe27644,0,,,
682ac12a8f6c92b7216fe876,6955,html-button-response,5,36723,0,627439e73b0f066c01b52365,6816be1334bc5f118b922621,682abf35dd4b8176abe27644,0,0,,
682ac12a8f6c92b7216fe878,2829,html-button-response,4,29765,0,627439e73b0f066c01b52365,6816be1334bc5f118b922621,682abf35dd4b8176abe27644,0,0,,
682ac12a8f6c92b7216fe87a,10194,survey-multi-choice,6,46924,0,627439e73b0f066c01b52365,6816be1334bc5f118b922621,682abf35dd4b8176abe27644,0,"{""Q0"":""셀 수 없다""}",설탕,practice_countmass
682ac12a8f6c92b7216fe87c,8038,html-button-response,7,54964,0,627439e73b0f066c01b52365,6816be1334bc5f118b922621,682abf35dd4b8176abe27644,0,0,,
682ac12a8f6c92b7216fe87e,6564,survey-multi-choice,8,61532,0,627439e73b0f066c01b52365,6816be1334bc5f118b922621,682abf35dd4b8176abe27644,0,"{""Q0"":""셀 수 있다""}",의자,practice_countmass
682ac12a8f6c92b7216fe880,5772,html-button-response,9,67307,0,627439e73b0f066c01b52365,6816be1334bc5f118b922621,682abf35dd4b8176abe27644,0,0,,
682ac12a8f6c92b7216fe882,4160,html-button-response,10,71470,0,627439e73b0f066c01b52365,6816be1334bc5f118b922621,682abf35dd4b8176abe27644,0,0,,
682ac12a8f6c92b7216fe884,5225,survey-multi-choice,11,76698,0,627439e73b0f066c01b52365,6816be1334bc5f118b922621,682abf35dd4b8176abe27644,0,"{""Q0"":""셀 수 있다""}",고구마,count_mass
682ac12a8f6c92b7216fe886,12993,survey-multi-choice,12,89694,0,627439e73b0f066c01b52365,6816be1334bc5f118b922621,682abf35dd4b8176abe27644,0,"{""Q0"":""잘 모르겠다/구분이 어렵다""}",땅,count_mass
682ac12a8f6c92b7216fe888,10000,survey-multi-choice,13,99697,0,627439e73b0f066c01b52365,6816be1334bc5f118b922621,682abf35dd4b8176abe27644,0,"{""Q0"":""셀 수 있다""}",머리,count_mass
682ac12a8f6c92b7216fe88a,22372,survey-multi-choice,15,124380,0,627439e73b0f066c01b52365,6816be1334bc5f118b922621,682abf35dd4b8176abe27644,0,"{""Q0"":""셀 수 없다""}",회색,count_mass
682ac12a8f6c92b7216fe88c,2304,survey-multi-choice,14,102005,0,627439e73b0f066c01b52365,6816be1334bc5f118b922621,682abf35dd4b8176abe27644,0,"{""Q0"":""셀 수 있다""}",악어,count_mass
682ac12a8f6c92b7216fe88e,2034,survey-multi-choice,16,126418,0,627439e73b0f066c01b52365,6816be1334bc5f118b922621,682abf35dd4b8176abe27644,0,"{""Q0"":""셀 수 있다""}",콩,count_mass
682ac12a8f6c92b7216fe890,1962,survey-multi-choice,17,128384,0,627439e73b0f066c01b52365,6816be1334bc5f118b922621,682abf35dd4b8176abe27644,0,"{""Q0"":""셀 수 있다""}",청소기,count_mass
682ac12a8f6c92b7216fe892,6632,survey-multi-choice,18,135020,0,627439e73b0f066c01b52365,6816be1334bc5f118b922621,682abf35dd4b8176abe27644,0,"{""Q0"":""셀 수 있다""}",사슴,count_mass
682ac12a8f6c92b7216fe894,1810,survey-multi-choice,19,136834,0,627439e73b0f066c01b52365,6816be1334bc5f118b922621,682abf35dd4b8176abe27644,0,"{""Q0"":""셀 수 있다""}",우산,count_mass
682ac12a8f6c92b7216fe896,2832,survey-multi-choice,20,139669,0,627439e73b0f066c01b52365,6816be1334bc5f118b922621,682abf35dd4b8176abe27644,0,"{""Q0"":""셀 수 있다""}",혀,count_mass
682ac12a8f6c92b7216fe898,3428,survey-multi-choice,21,143100,0,627439e73b0f066c01b52365,6816be1334bc5f118b922621,682abf35dd4b8176abe27644,0,"{""Q0"":""셀 수 있다""}",물고기,count_mass
682ac12a8f6c92b7216fe89a,7958,survey-multi-choice,22,151062,0,627439e73b0f066c01b52365,6816be1334bc5f118b922621,682abf35dd4b8176abe27644,0,"{""Q0"":""셀 수 없다""}",풀,count_mass
682ac12a8f6c92b7216fe89c,2294,survey-multi-choice,23,153360,0,627439e73b0f066c01b52365,6816be1334bc5f118b922621,682abf35dd4b8176abe27644,0,"{""Q0"":""셀 수 있다""}",배,count_mass
682ac12a8f6c92b7216fe89e,1688,survey-multi-choice,24,155051,0,627439e73b0f066c01b52365,6816be1334bc5f118b922621,682abf35dd4b8176abe27644,0,"{""Q0"":""셀 수 있다""}",침대,count_mass
682ac12a8f6c92b7216fe8a0,5904,survey-multi-choice,25,160959,0,627439e73b0f066c01b52365,6816be1334bc5f118b922621,682abf35dd4b8176abe27644,0,"{""Q0"":""셀 수 있다""}",주머니,count_mass
682ac12a8f6c92b7216fe8a2,2423,survey-multi-choice,26,163386,0,627439e73b0f066c01b52365,6816be1334bc5f118b922621,682abf35dd4b8176abe27644,0,"{""Q0"":""셀 수 있다""}",발,count_mass
682ac12a8f6c92b7216fe8a4,1632,survey-multi-choice,27,165020,0,627439e73b0f066c01b52365,6816be1334bc5f118b922621,682abf35dd4b8176abe27644,0,"{""Q0"":""셀 수 있다""}",손,count_mass
682ac12a8f6c92b7216fe8a6,2048,survey-multi-choice,28,167072,0,627439e73b0f066c01b52365,6816be1334bc5f118b922621,682abf35dd4b8176abe27644,0,"{""Q0"":""셀 수 있다""}",택시,count_mass
682ac12a8f6c92b7216fe8a8,1609,survey-multi-choice,29,168683,0,627439e73b0f066c01b52365,6816be1334bc5f118b922621,682abf35dd4b8176abe27644,0,"{""Q0"":""셀 수 있다""}",쥐,count_mass
682ac12a8f6c92b7216fe8aa,1803,survey-multi-choice,30,170487,0,627439e73b0f066c01b52365,6816be1334bc5f118b922621,682abf35dd4b8176abe27644,0,"{""Q0"":""셀 수 있다""}",사자,count_mass
682ac12a8f6c92b7216fe8ac,2128,survey-multi-choice,31,172617,0,627439e73b0f066c01b52365,6816be1334bc5f118b922621,682abf35dd4b8176abe27644,0,"{""Q0"":""셀 수 있다""}",케이크,count_mass
682ac12a8f6c92b7216fe8ae,14356,html-button-response,32,186976,0,627439e73b0f066c01b52365,6816be1334bc5f118b922621,682abf35dd4b8176abe27644,0,0,,
682ac12a8f6c92b7216fe8b0,4882,html-button-response,33,191862,0,627439e73b0f066c01b52365,6816be1334bc5f118b922621,682abf35dd4b8176abe27644,0,0,,
682ac12a8f6c92b7216fe8b2,20756,html-button-response,34,212622,0,627439e73b0f066c01b52365,6816be1334bc5f118b922621,682abf35dd4b8176abe27644,0,0,,
682ac12a8f6c92b7216fe8b4,1853,html-button-response,35,214477,0,627439e73b0f066c01b52365,6816be1334bc5f118b922621,682abf35dd4b8176abe27644,0,0,,
682ac12a8f6c92b7216fe8b6,11024,html-button-response,36,225504,0,627439e73b0f066c01b52365,6816be1334bc5f118b922621,682abf35dd4b8176abe27644,0,0,,
682ac12a8f6c92b7216fe8b8,12713,survey-multi-choice,37,238221,0,627439e73b0f066c01b52365,6816be1334bc5f118b922621,682abf35dd4b8176abe27644,0,"{""Q0"":""형태""}",도자기,practice_category
682ac12a8f6c92b7216fe8ba,8151,html-button-response,38,246374,0,627439e73b0f066c01b52365,6816be1334bc5f118b922621,682abf35dd4b8176abe27644,0,0,,
682ac12a8f6c92b7216fe8bc,6629,survey-multi-choice,39,253007,0,627439e73b0f066c01b52365,6816be1334bc5f118b922621,682abf35dd4b8176abe27644,0,"{""Q0"":""해당 사항 없음""}",불안감,practice_category
682ac12a8f6c92b7216fe8be,1813,html-button-response,40,254822,0,627439e73b0f066c01b52365,6816be1334bc5f118b922621,682abf35dd4b8176abe27644,0,0,,
682ac12a8f6c92b7216fe8c0,4926,survey-multi-choice,41,259751,0,627439e73b0f066c01b52365,6816be1334bc5f118b922621,682abf35dd4b8176abe27644,0,"{""Q0"":""색상""}",빨간불,practice_category
682ac12a8f6c92b7216fe8c2,895,html-button-response,42,260649,0,627439e73b0f066c01b52365,6816be1334bc5f118b922621,682abf35dd4b8176abe27644,0,0,,
682ac12a8f6c92b7216fe8c4,6102,survey-multi-choice,43,266755,0,627439e73b0f066c01b52365,6816be1334bc5f118b922621,682abf35dd4b8176abe27644,0,"{""Q0"":""형태""}",정사각형,practice_category
682ac12a8f6c92b7216fe8c6,900,html-button-response,44,267658,0,627439e73b0f066c01b52365,6816be1334bc5f118b922621,682abf35dd4b8176abe27644,0,0,,
682ac12a8f6c92b7216fe8c8,1229,html-button-response,45,268890,0,627439e73b0f066c01b52365,6816be1334bc5f118b922621,682abf35dd4b8176abe27644,0,0,,
682ac12a8f6c92b7216fe8ca,22474,survey-multi-choice,46,291368,0,627439e73b0f066c01b52365,6816be1334bc5f118b922621,682abf35dd4b8176abe27644,0,"{""Q0"":""해당 사항 없음""}",과일,category_organization
682ac12a8f6c92b7216fe8cc,3341,survey-multi-choice,47,294712,0,627439e73b0f066c01b52365,6816be1334bc5f118b922621,682abf35dd4b8176abe27644,0,"{""Q0"":""형태""}",거북이,category_organization
682ac12a8f6c92b7216fe8ce,5665,survey-multi-choice,48,300380,0,627439e73b0f066c01b52365,6816be1334bc5f118b922621,682abf35dd4b8176abe27644,0,"{""Q0"":""형태""}",복숭아,category_organization
682ac12a8f6c92b7216fe8d0,3917,survey-multi-choice,49,304301,0,627439e73b0f066c01b52365,6816be1334bc5f118b922621,682abf35dd4b8176abe27644,0,"{""Q0"":""형태""}",운동화,category_organization
682ac12a8f6c92b7216fe8d2,2498,survey-multi-choice,51,310923,0,627439e73b0f066c01b52365,6816be1334bc5f118b922621,682abf35dd4b8176abe27644,0,"{""Q0"":""형태""}",비행기,category_organization
682ac12a8f6c92b7216fe8d4,4116,survey-multi-choice,50,308421,0,627439e73b0f066c01b52365,6816be1334bc5f118b922621,682abf35dd4b8176abe27644,0,"{""Q0"":""물질""}",유리,category_organization
682ac12a8f6c92b7216fe8d6,7642,survey-multi-choice,52,318567,0,627439e73b0f066c01b52365,6816be1334bc5f118b922621,682abf35dd4b8176abe27644,0,"{""Q0"":""형태""}",화장실,category_organization
682ac12a8f6c92b7216fe8d8,4707,survey-multi-choice,53,323276,0,627439e73b0f066c01b52365,6816be1334bc5f118b922621,682abf35dd4b8176abe27644,0,"{""Q0"":""물질""}",치즈,category_organization
682ac12a8f6c92b7216fe8da,4898,survey-multi-choice,54,328177,0,627439e73b0f066c01b52365,6816be1334bc5f118b922621,682abf35dd4b8176abe27644,0,"{""Q0"":""형태""}",베개,category_organization
682ac12a8f6c92b7216fe8dc,3518,survey-multi-choice,55,331700,0,627439e73b0f066c01b52365,6816be1334bc5f118b922621,682abf35dd4b8176abe27644,0,"{""Q0"":""형태""}",옷장,category_organization
682ac12a8f6c92b7216fe8de,6129,survey-multi-choice,57,350192,0,627439e73b0f066c01b52365,6816be1334bc5f118b922621,682abf35dd4b8176abe27644,0,"{""Q0"":""물질""}",콜라,category_organization
682ac12a8f6c92b7216fe8e0,12354,survey-multi-choice,56,344060,0,627439e73b0f066c01b52365,6816be1334bc5f118b922621,682abf35dd4b8176abe27644,0,"{""Q0"":""물질""}",등,category_organization
682ac12a8f6c92b7216fe8e2,2035,survey-multi-choice,58,352230,0,627439e73b0f066c01b52365,6816be1334bc5f118b922621,682abf35dd4b8176abe27644,0,"{""Q0"":""형태""}",트럭,category_organization
682ac12a8f6c92b7216fe8e4,3288,survey-multi-choice,59,355523,0,627439e73b0f066c01b52365,6816be1334bc5f118b922621,682abf35dd4b8176abe27644,0,"{""Q0"":""형태""}",방,category_organization
682ac12a8f6c92b7216fe8e6,3151,survey-multi-choice,60,358677,0,627439e73b0f066c01b52365,6816be1334bc5f118b922621,682abf35dd4b8176abe27644,0,"{""Q0"":""형태""}",발목,category_organization
682ac12a8f6c92b7216fe8e8,5046,survey-multi-choice,61,363726,0,627439e73b0f066c01b52365,6816be1334bc5f118b922621,682abf35dd4b8176abe27644,0,"{""Q0"":""물질""}",요구르트,category_organization
682ac12a8f6c92b7216fe8ea,8048,survey-multi-choice,62,371777,0,627439e73b0f066c01b52365,6816be1334bc5f118b922621,682abf35dd4b8176abe27644,0,"{""Q0"":""형태""}",쌀,category_organization
682ac12a8f6c92b7216fe8ec,2703,survey-multi-choice,63,374483,0,627439e73b0f066c01b52365,6816be1334bc5f118b922621,682abf35dd4b8176abe27644,0,"{""Q0"":""해당 사항 없음""}",라벤더,category_organization
682ac12a8f6c92b7216fe8ee,5822,survey-multi-choice,64,380308,0,627439e73b0f066c01b52365,6816be1334bc5f118b922621,682abf35dd4b8176abe27644,0,"{""Q0"":""형태""}",길,category_organization
682ac12a8f6c92b7216fe8f0,2585,survey-multi-choice,65,382897,0,627439e73b0f066c01b52365,6816be1334bc5f118b922621,682abf35dd4b8176abe27644,0,"{""Q0"":""형태""}",새,category_organization
682ac12a8f6c92b7216fe8f2,6169,survey-multi-choice,66,389071,0,627439e73b0f066c01b52365,6816be1334bc5f118b922621,682abf35dd4b8176abe27644,0,"{""Q0"":""형태""}",옥수수,category_organization
682ac12a8f6c92b7216fe8f4,9475,html-button-response,67,398548,0,627439e73b0f066c01b52365,6816be1334bc5f118b922621,682abf35dd4b8176abe27644,0,0,,
682ac12a8f6c92b7216fe8f6,1589,html-button-response,69,406897,0,627439e73b0f066c01b52365,6816be1334bc5f118b922621,682abf35dd4b8176abe27644,0,0,,
682ac12a8f6c92b7216fe8f8,6756,html-button-response,68,405306,0,627439e73b0f066c01b52365,6816be1334bc5f118b922621,682abf35dd4b8176abe27644,0,0,,
682ac12a8f6c92b7216fe8fa,7740,html-button-response,70,414640,0,627439e73b0f066c01b52365,6816be1334bc5f118b922621,682abf35dd4b8176abe27644,0,0,,
682ac12a8f6c92b7216fe8fc,3585,survey-multi-choice,71,418229,0,627439e73b0f066c01b52365,6816be1334bc5f118b922621,682abf35dd4b8176abe27644,0,"{""Q0"":""고형물""}",책상,practice_solidity
682ac12a8f6c92b7216fe8fe,986,html-button-response,72,419217,0,627439e73b0f066c01b52365,6816be1334bc5f118b922621,682abf35dd4b8176abe27644,0,0,,
682ac12a8f6c92b7216fe900,3520,survey-multi-choice,73,422740,0,627439e73b0f066c01b52365,6816be1334bc5f118b922621,682abf35dd4b8176abe27644,0,"{""Q0"":""비고형물""}",우유,practice_solidity
682ac12a8f6c92b7216fe902,941,html-button-response,75,424466,0,627439e73b0f066c01b52365,6816be1334bc5f118b922621,682abf35dd4b8176abe27644,0,0,,
682ac12a8f6c92b7216fe904,780,html-button-response,74,423523,0,627439e73b0f066c01b52365,6816be1334bc5f118b922621,682abf35dd4b8176abe27644,0,0,,
682ac12a8f6c92b7216fe906,2526,survey-multi-choice,76,426994,0,627439e73b0f066c01b52365,6816be1334bc5f118b922621,682abf35dd4b8176abe27644,0,"{""Q0"":""고형물""}",칼,solidity
682ac12a8f6c92b7216fe908,1737,survey-multi-choice,77,428734,0,627439e73b0f066c01b52365,6816be1334bc5f118b922621,682abf35dd4b8176abe27644,0,"{""Q0"":""고형물""}",미끄럼틀,solidity
682ac12a8f6c92b7216fe90a,2243,survey-multi-choice,78,430982,0,627439e73b0f066c01b52365,6816be1334bc5f118b922621,682abf35dd4b8176abe27644,0,"{""Q0"":""고형물""}",감자,solidity
682ac12a8f6c92b7216fe90c,1841,survey-multi-choice,79,432828,0,627439e73b0f066c01b52365,6816be1334bc5f118b922621,682abf35dd4b8176abe27644,0,"{""Q0"":""고형물""}",비둘기,solidity
682ac12a8f6c92b7216fe90e,1904,survey-multi-choice,80,434735,0,627439e73b0f066c01b52365,6816be1334bc5f118b922621,682abf35dd4b8176abe27644,0,"{""Q0"":""고형물""}",개구리,solidity
682ac12a8f6c92b7216fe910,4487,survey-multi-choice,82,441140,0,627439e73b0f066c01b52365,6816be1334bc5f118b922621,682abf35dd4b8176abe27644,0,"{""Q0"":""고형물""}",풀,solidity
682ac12a8f6c92b7216fe912,1910,survey-multi-choice,81,436649,0,627439e73b0f066c01b52365,6816be1334bc5f118b922621,682abf35dd4b8176abe27644,0,"{""Q0"":""고형물""}",코끼리,solidity
682ac12a8f6c92b7216fe914,1951,survey-multi-choice,84,444640,0,627439e73b0f066c01b52365,6816be1334bc5f118b922621,682abf35dd4b8176abe27644,0,"{""Q0"":""고형물""}",유모차,solidity
682ac12a8f6c92b7216fe916,1540,survey-multi-choice,83,442684,0,627439e73b0f066c01b52365,6816be1334bc5f118b922621,682abf35dd4b8176abe27644,0,"{""Q0"":""고형물""}",망치,solidity
682ac12a8f6c92b7216fe918,1786,survey-multi-choice,85,446429,0,627439e73b0f066c01b52365,6816be1334bc5f118b922621,682abf35dd4b8176abe27644,0,"{""Q0"":""고형물""}",햄버거,solidity
682ac12a8f6c92b7216fe91a,4376,survey-multi-choice,86,450809,0,627439e73b0f066c01b52365,6816be1334bc5f118b922621,682abf35dd4b8176abe27644,0,"{""Q0"":""고형물""}",기저귀,solidity
682ac12a8f6c92b7216fe91c,1910,survey-multi-choice,87,452722,0,627439e73b0f066c01b52365,6816be1334bc5f118b922621,682abf35dd4b8176abe27644,0,"{""Q0"":""고형물""}",빗,solidity
682ac12a8f6c92b7216fe91e,10113,survey-multi-choice,88,462838,0,627439e73b0f066c01b52365,6816be1334bc5f118b922621,682abf35dd4b8176abe27644,0,"{""Q0"":""고형물""}",라벤더,solidity
682ac12a8f6c92b7216fe920,1936,survey-multi-choice,89,464776,0,627439e73b0f066c01b52365,6816be1334bc5f118b922621,682abf35dd4b8176abe27644,0,"{""Q0"":""고형물""}",오렌지,solidity
682ac12a8f6c92b7216fe922,1503,survey-multi-choice,91,468413,0,627439e73b0f066c01b52365,6816be1334bc5f118b922621,682abf35dd4b8176abe27644,0,"{""Q0"":""고형물""}",토마토,solidity
682ac12a8f6c92b7216fe924,2128,survey-multi-choice,90,466907,0,627439e73b0f066c01b52365,6816be1334bc5f118b922621,682abf35dd4b8176abe27644,0,"{""Q0"":""고형물""}",개,solidity
682ac12b8f6c92b7216fe926,2526,survey-multi-choice,92,470941,0,627439e73b0f066c01b52365,6816be1334bc5f118b922621,682abf35dd4b8176abe27644,0,"{""Q0"":""비고형물""}",피,solidity
682ac12b8f6c92b7216fe928,3443,survey-multi-choice,93,474387,0,627439e73b0f066c01b52365,6816be1334bc5f118b922621,682abf35dd4b8176abe27644,0,"{""Q0"":""고형물""}",얼굴,solidity
682ac12b8f6c92b7216fe92a,1995,survey-multi-choice,95,478809,0,627439e73b0f066c01b52365,6816be1334bc5f118b922621,682abf35dd4b8176abe27644,0,"{""Q0"":""고형물""}",그네,solidity
682ac12b8f6c92b7216fe92c,2421,survey-multi-choice,94,476810,0,627439e73b0f066c01b52365,6816be1334bc5f118b922621,682abf35dd4b8176abe27644,0,"{""Q0"":""비고형물""}",흙,solidity
682ac12b8f6c92b7216fe92e,2386,survey-multi-choice,96,481197,0,627439e73b0f066c01b52365,6816be1334bc5f118b922621,682abf35dd4b8176abe27644,0,"{""Q0"":""고형물""}",피아노,solidity
682ac12b8f6c92b7216fe930,5688,html-button-response,97,486890,0,627439e73b0f066c01b52365,6816be1334bc5f118b922621,682abf35dd4b8176abe27644,0,0,,
682b2d8a8f6c92b7216fe932,1256,instructions,0,1257,0,64e88285d1be2ebba5fdffe4,6816be1334bc5f118b922621,682b2c3f470b48e42fea6f6b,0,,,
682b2d8a8f6c92b7216fe936,561,html-button-response,2,2631,0,64e88285d1be2ebba5fdffe4,6816be1334bc5f118b922621,682b2c3f470b48e42fea6f6b,0,0,,
682b2d8a8f6c92b7216fe934,810,instructions,1,2067,0,64e88285d1be2ebba5fdffe4,6816be1334bc5f118b922621,682b2c3f470b48e42fea6f6b,0,,,
682b2d8a8f6c92b7216fe938,563,html-button-response,4,3679,0,64e88285d1be2ebba5fdffe4,6816be1334bc5f118b922621,682b2c3f470b48e42fea6f6b,0,0,,
682b2d8a8f6c92b7216fe93a,482,html-button-response,3,3115,0,64e88285d1be2ebba5fdffe4,6816be1334bc5f118b922621,682b2c3f470b48e42fea6f6b,0,0,,
682b2d8a8f6c92b7216fe93c,2712,survey-multi-choice,6,8745,0,64e88285d1be2ebba5fdffe4,6816be1334bc5f118b922621,682b2c3f470b48e42fea6f6b,0,"{""Q0"":""비고형물""}",우유,practice_solidity
682b2d8a8f6c92b7216fe93e,2349,html-button-response,5,6029,0,64e88285d1be2ebba5fdffe4,6816be1334bc5f118b922621,682b2c3f470b48e42fea6f6b,0,0,,
682b2d8b8f6c92b7216fe940,724,html-button-response,7,9470,0,64e88285d1be2ebba5fdffe4,6816be1334bc5f118b922621,682b2c3f470b48e42fea6f6b,0,0,,
682b2d8b8f6c92b7216fe942,662,html-button-response,9,12216,0,64e88285d1be2ebba5fdffe4,6816be1334bc5f118b922621,682b2c3f470b48e42fea6f6b,0,0,,
682b2d8b8f6c92b7216fe944,2080,survey-multi-choice,8,11553,0,64e88285d1be2ebba5fdffe4,6816be1334bc5f118b922621,682b2c3f470b48e42fea6f6b,0,"{""Q0"":""고형물""}",책상,practice_solidity
682b2d8b8f6c92b7216fe946,731,html-button-response,10,12949,0,64e88285d1be2ebba5fdffe4,6816be1334bc5f118b922621,682b2c3f470b48e42fea6f6b,0,0,,
682b2d8b8f6c92b7216fe948,1090,survey-multi-choice,12,15895,0,64e88285d1be2ebba5fdffe4,6816be1334bc5f118b922621,682b2c3f470b48e42fea6f6b,0,"{""Q0"":""고형물""}",스파게티,solidity
682b2d8b8f6c92b7216fe94a,1852,survey-multi-choice,11,14803,0,64e88285d1be2ebba5fdffe4,6816be1334bc5f118b922621,682b2c3f470b48e42fea6f6b,0,"{""Q0"":""고형물""}",피아노,solidity
682b2d8b8f6c92b7216fe94c,1168,survey-multi-choice,13,17065,0,64e88285d1be2ebba5fdffe4,6816be1334bc5f118b922621,682b2c3f470b48e42fea6f6b,0,"{""Q0"":""고형물""}",라벤더,solidity
682b2d8b8f6c92b7216fe94e,2025,survey-multi-choice,14,19091,0,64e88285d1be2ebba5fdffe4,6816be1334bc5f118b922621,682b2c3f470b48e42fea6f6b,0,"{""Q0"":""고형물""}",닭고기,solidity
682b2d8b8f6c92b7216fe950,1258,survey-multi-choice,15,20351,0,64e88285d1be2ebba5fdffe4,6816be1334bc5f118b922621,682b2c3f470b48e42fea6f6b,0,"{""Q0"":""고형물""}",팬티,solidity
682b2d8b8f6c92b7216fe952,1506,survey-multi-choice,16,21859,0,64e88285d1be2ebba5fdffe4,6816be1334bc5f118b922621,682b2c3f470b48e42fea6f6b,0,"{""Q0"":""비고형물""}",구름,solidity
682b2d8b8f6c92b7216fe954,1845,survey-multi-choice,18,25380,0,64e88285d1be2ebba5fdffe4,6816be1334bc5f118b922621,682b2c3f470b48e42fea6f6b,0,"{""Q0"":""고형물""}",라디오,solidity
682b2d8b8f6c92b7216fe956,1673,survey-multi-choice,17,23534,0,64e88285d1be2ebba5fdffe4,6816be1334bc5f118b922621,682b2c3f470b48e42fea6f6b,0,"{""Q0"":""비고형물""}",국,solidity
682b2d8b8f6c92b7216fe958,1876,survey-multi-choice,20,28620,0,64e88285d1be2ebba5fdffe4,6816be1334bc5f118b922621,682b2c3f470b48e42fea6f6b,0,"{""Q0"":""고형물""}",껌,solidity
682b2d8b8f6c92b7216fe95a,1361,survey-multi-choice,19,26743,0,64e88285d1be2ebba5fdffe4,6816be1334bc5f118b922621,682b2c3f470b48e42fea6f6b,0,"{""Q0"":""고형물""}",공룡,solidity
682b2d8b8f6c92b7216fe95c,1179,survey-multi-choice,21,29800,0,64e88285d1be2ebba5fdffe4,6816be1334bc5f118b922621,682b2c3f470b48e42fea6f6b,0,"{""Q0"":""고형물""}",포크,solidity
682b2d8b8f6c92b7216fe95e,1145,survey-multi-choice,22,30947,0,64e88285d1be2ebba5fdffe4,6816be1334bc5f118b922621,682b2c3f470b48e42fea6f6b,0,"{""Q0"":""고형물""}",가방,solidity
682b2d8b8f6c92b7216fe960,1541,survey-multi-choice,23,32490,0,64e88285d1be2ebba5fdffe4,6816be1334bc5f118b922621,682b2c3f470b48e42fea6f6b,0,"{""Q0"":""고형물""}",오렌지,solidity
682b2d8b8f6c92b7216fe962,1596,survey-multi-choice,24,34087,0,64e88285d1be2ebba5fdffe4,6816be1334bc5f118b922621,682b2c3f470b48e42fea6f6b,0,"{""Q0"":""고형물""}",꽃,solidity
682b2d8b8f6c92b7216fe964,1239,survey-multi-choice,25,35328,0,64e88285d1be2ebba5fdffe4,6816be1334bc5f118b922621,682b2c3f470b48e42fea6f6b,0,"{""Q0"":""고형물""}",치즈,solidity
682b2d8b8f6c92b7216fe966,1378,survey-multi-choice,26,36708,0,64e88285d1be2ebba5fdffe4,6816be1334bc5f118b922621,682b2c3f470b48e42fea6f6b,0,"{""Q0"":""고형물""}",새,solidity
682b2d8b8f6c92b7216fe968,1733,survey-multi-choice,27,38443,0,64e88285d1be2ebba5fdffe4,6816be1334bc5f118b922621,682b2c3f470b48e42fea6f6b,0,"{""Q0"":""해당 사항 없음""}",엉덩이,solidity
682b2d8b8f6c92b7216fe96a,1094,survey-multi-choice,29,41043,0,64e88285d1be2ebba5fdffe4,6816be1334bc5f118b922621,682b2c3f470b48e42fea6f6b,0,"{""Q0"":""고형물""}",귤,solidity
682b2d8b8f6c92b7216fe96c,1503,survey-multi-choice,28,39947,0,64e88285d1be2ebba5fdffe4,6816be1334bc5f118b922621,682b2c3f470b48e42fea6f6b,0,"{""Q0"":""고형물""}",쟁반,solidity
682b2d8b8f6c92b7216fe96e,1740,survey-multi-choice,30,42784,0,64e88285d1be2ebba5fdffe4,6816be1334bc5f118b922621,682b2c3f470b48e42fea6f6b,0,"{""Q0"":""고형물""}",병아리,solidity
682b2d8b8f6c92b7216fe970,1696,survey-multi-choice,31,44482,0,64e88285d1be2ebba5fdffe4,6816be1334bc5f118b922621,682b2c3f470b48e42fea6f6b,0,"{""Q0"":""비고형물""}",하늘,solidity
682b2d8b8f6c92b7216fe972,1461,html-button-response,32,45945,0,64e88285d1be2ebba5fdffe4,6816be1334bc5f118b922621,682b2c3f470b48e42fea6f6b,0,0,,
682b2d8b8f6c92b7216fe974,438,html-button-response,33,46385,0,64e88285d1be2ebba5fdffe4,6816be1334bc5f118b922621,682b2c3f470b48e42fea6f6b,0,0,,
682b2d8b8f6c92b7216fe976,514,html-button-response,34,46901,0,64e88285d1be2ebba5fdffe4,6816be1334bc5f118b922621,682b2c3f470b48e42fea6f6b,0,0,,
682b2d8b8f6c92b7216fe978,1032,html-button-response,35,47935,0,64e88285d1be2ebba5fdffe4,6816be1334bc5f118b922621,682b2c3f470b48e42fea6f6b,0,0,,
682b2d8b8f6c92b7216fe97a,1901,survey-multi-choice,36,49837,0,64e88285d1be2ebba5fdffe4,6816be1334bc5f118b922621,682b2c3f470b48e42fea6f6b,0,"{""Q0"":""셀 수 있다""}",의자,practice_countmass
682b2d8c8f6c92b7216fe97c,2044,html-button-response,37,51883,0,64e88285d1be2ebba5fdffe4,6816be1334bc5f118b922621,682b2c3f470b48e42fea6f6b,0,0,,
682b2d8c8f6c92b7216fe97e,2894,survey-multi-choice,38,54778,0,64e88285d1be2ebba5fdffe4,6816be1334bc5f118b922621,682b2c3f470b48e42fea6f6b,0,"{""Q0"":""셀 수 없다""}",설탕,practice_countmass
682b2d8c8f6c92b7216fe980,539,html-button-response,40,56722,0,64e88285d1be2ebba5fdffe4,6816be1334bc5f118b922621,682b2c3f470b48e42fea6f6b,0,0,,
682b2d8c8f6c92b7216fe982,1402,html-button-response,39,56182,0,64e88285d1be2ebba5fdffe4,6816be1334bc5f118b922621,682b2c3f470b48e42fea6f6b,0,0,,
682b2d8c8f6c92b7216fe984,1194,survey-multi-choice,42,61259,0,64e88285d1be2ebba5fdffe4,6816be1334bc5f118b922621,682b2c3f470b48e42fea6f6b,0,"{""Q0"":""셀 수 있다""}",걸레,count_mass
682b2d8c8f6c92b7216fe986,3340,survey-multi-choice,41,60063,0,64e88285d1be2ebba5fdffe4,6816be1334bc5f118b922621,682b2c3f470b48e42fea6f6b,0,"{""Q0"":""셀 수 없다""}",치약,count_mass
682b2d8c8f6c92b7216fe988,1728,survey-multi-choice,43,62988,0,64e88285d1be2ebba5fdffe4,6816be1334bc5f118b922621,682b2c3f470b48e42fea6f6b,0,"{""Q0"":""셀 수 있다""}",얼굴,count_mass
682b2d8c8f6c92b7216fe98a,1338,survey-multi-choice,44,64328,0,64e88285d1be2ebba5fdffe4,6816be1334bc5f118b922621,682b2c3f470b48e42fea6f6b,0,"{""Q0"":""셀 수 있다""}",회색,count_mass
682b2d8c8f6c92b7216fe98c,1405,survey-multi-choice,45,65734,0,64e88285d1be2ebba5fdffe4,6816be1334bc5f118b922621,682b2c3f470b48e42fea6f6b,0,"{""Q0"":""셀 수 있다""}",침대,count_mass
682b2d8c8f6c92b7216fe98e,966,survey-multi-choice,46,66701,0,64e88285d1be2ebba5fdffe4,6816be1334bc5f118b922621,682b2c3f470b48e42fea6f6b,0,"{""Q0"":""셀 수 있다""}",목욕탕,count_mass
682b2d8c8f6c92b7216fe990,1766,survey-multi-choice,48,69818,0,64e88285d1be2ebba5fdffe4,6816be1334bc5f118b922621,682b2c3f470b48e42fea6f6b,0,"{""Q0"":""셀 수 있다""}",바지,count_mass
682b2d8c8f6c92b7216fe992,1348,survey-multi-choice,47,68051,0,64e88285d1be2ebba5fdffe4,6816be1334bc5f118b922621,682b2c3f470b48e42fea6f6b,0,"{""Q0"":""셀 수 있다""}",소파,count_mass
682b2d8c8f6c92b7216fe994,3631,survey-multi-choice,49,73451,0,64e88285d1be2ebba5fdffe4,6816be1334bc5f118b922621,682b2c3f470b48e42fea6f6b,0,"{""Q0"":""잘 모르겠다/구분이 어렵다""}",쌀,count_mass
682b2d8c8f6c92b7216fe996,1033,survey-multi-choice,50,74485,0,64e88285d1be2ebba5fdffe4,6816be1334bc5f118b922621,682b2c3f470b48e42fea6f6b,0,"{""Q0"":""셀 수 있다""}",눈사람,count_mass
682b2d8c8f6c92b7216fe998,2074,survey-multi-choice,51,76560,0,64e88285d1be2ebba5fdffe4,6816be1334bc5f118b922621,682b2c3f470b48e42fea6f6b,0,"{""Q0"":""잘 모르겠다/구분이 어렵다""}",국수,count_mass
682b2d8c8f6c92b7216fe99a,976,survey-multi-choice,54,79729,0,64e88285d1be2ebba5fdffe4,6816be1334bc5f118b922621,682b2c3f470b48e42fea6f6b,0,"{""Q0"":""셀 수 있다""}",가위,count_mass
682b2d8c8f6c92b7216fe99c,1076,survey-multi-choice,52,77638,0,64e88285d1be2ebba5fdffe4,6816be1334bc5f118b922621,682b2c3f470b48e42fea6f6b,0,"{""Q0"":""셀 수 있다""}",썰매,count_mass
682b2d8c8f6c92b7216fe99e,1112,survey-multi-choice,53,78751,0,64e88285d1be2ebba5fdffe4,6816be1334bc5f118b922621,682b2c3f470b48e42fea6f6b,0,"{""Q0"":""셀 수 있다""}",베개,count_mass
682b2d8c8f6c92b7216fe9a0,1811,survey-multi-choice,55,81541,0,64e88285d1be2ebba5fdffe4,6816be1334bc5f118b922621,682b2c3f470b48e42fea6f6b,0,"{""Q0"":""셀 수 없다""}",턱,count_mass
682b2d8c8f6c92b7216fe9a2,3160,survey-multi-choice,56,84703,0,64e88285d1be2ebba5fdffe4,6816be1334bc5f118b922621,682b2c3f470b48e42fea6f6b,0,"{""Q0"":""셀 수 없다""}",쓰레기,count_mass
682b2d8c8f6c92b7216fe9a4,1273,survey-multi-choice,57,85977,0,64e88285d1be2ebba5fdffe4,6816be1334bc5f118b922621,682b2c3f470b48e42fea6f6b,0,"{""Q0"":""셀 수 있다""}",배,count_mass
682b2d8c8f6c92b7216fe9a6,1098,survey-multi-choice,58,87077,0,64e88285d1be2ebba5fdffe4,6816be1334bc5f118b922621,682b2c3f470b48e42fea6f6b,0,"{""Q0"":""셀 수 있다""}",초콜렛,count_mass
682b2d8c8f6c92b7216fe9a8,1290,survey-multi-choice,59,88368,0,64e88285d1be2ebba5fdffe4,6816be1334bc5f118b922621,682b2c3f470b48e42fea6f6b,0,"{""Q0"":""셀 수 있다""}",창문,count_mass
682b2d8c8f6c92b7216fe9aa,1146,survey-multi-choice,60,89516,0,64e88285d1be2ebba5fdffe4,6816be1334bc5f118b922621,682b2c3f470b48e42fea6f6b,0,"{""Q0"":""셀 수 있다""}",바위,count_mass
682b2d8c8f6c92b7216fe9ac,1496,survey-multi-choice,61,91014,0,64e88285d1be2ebba5fdffe4,6816be1334bc5f118b922621,682b2c3f470b48e42fea6f6b,0,"{""Q0"":""셀 수 없다""}",풀,count_mass
682b2d8c8f6c92b7216fe9ae,3868,html-button-response,62,94883,0,64e88285d1be2ebba5fdffe4,6816be1334bc5f118b922621,682b2c3f470b48e42fea6f6b,0,0,,
682b2d8c8f6c92b7216fe9b0,2991,html-button-response,63,97875,0,64e88285d1be2ebba5fdffe4,6816be1334bc5f118b922621,682b2c3f470b48e42fea6f6b,0,0,,
682b2d8c8f6c92b7216fe9b2,2707,html-button-response,64,100584,0,64e88285d1be2ebba5fdffe4,6816be1334bc5f118b922621,682b2c3f470b48e42fea6f6b,0,0,,
682b2d8c8f6c92b7216fe9b4,969,html-button-response,65,101554,0,64e88285d1be2ebba5fdffe4,6816be1334bc5f118b922621,682b2c3f470b48e42fea6f6b,0,0,,
682b2d8c8f6c92b7216fe9b6,1235,html-button-response,66,102790,0,64e88285d1be2ebba5fdffe4,6816be1334bc5f118b922621,682b2c3f470b48e42fea6f6b,0,0,,
682b2d8c8f6c92b7216fe9b8,4264,survey-multi-choice,67,107056,0,64e88285d1be2ebba5fdffe4,6816be1334bc5f118b922621,682b2c3f470b48e42fea6f6b,0,"{""Q0"":""물질""}",도자기,practice_category
682b2d8c8f6c92b7216fe9ba,519,html-button-response,68,107577,0,64e88285d1be2ebba5fdffe4,6816be1334bc5f118b922621,682b2c3f470b48e42fea6f6b,0,0,,
682b2d8c8f6c92b7216fe9bc,2718,survey-multi-choice,69,110296,0,64e88285d1be2ebba5fdffe4,6816be1334bc5f118b922621,682b2c3f470b48e42fea6f6b,0,"{""Q0"":""색상""}",빨간불,practice_category
682b2d8c8f6c92b7216fe9be,652,html-button-response,70,110950,0,64e88285d1be2ebba5fdffe4,6816be1334bc5f118b922621,682b2c3f470b48e42fea6f6b,0,0,,
682b2d8c8f6c92b7216fe9c0,495,html-button-response,72,114360,0,64e88285d1be2ebba5fdffe4,6816be1334bc5f118b922621,682b2c3f470b48e42fea6f6b,0,0,,
682b2d8c8f6c92b7216fe9c2,2912,survey-multi-choice,71,113864,0,64e88285d1be2ebba5fdffe4,6816be1334bc5f118b922621,682b2c3f470b48e42fea6f6b,0,"{""Q0"":""형태""}",정사각형,practice_category
682b2d8d8f6c92b7216fe9c4,3977,survey-multi-choice,73,118338,0,64e88285d1be2ebba5fdffe4,6816be1334bc5f118b922621,682b2c3f470b48e42fea6f6b,0,"{""Q0"":""해당 사항 없음""}",불안감,practice_category
682b2d8d8f6c92b7216fe9c6,707,html-button-response,74,119047,0,64e88285d1be2ebba5fdffe4,6816be1334bc5f118b922621,682b2c3f470b48e42fea6f6b,0,0,,
682b2d8d8f6c92b7216fe9c8,562,html-button-response,75,119610,0,64e88285d1be2ebba5fdffe4,6816be1334bc5f118b922621,682b2c3f470b48e42fea6f6b,0,0,,
682b2d8d8f6c92b7216fe9ca,2757,survey-multi-choice,76,122370,0,64e88285d1be2ebba5fdffe4,6816be1334bc5f118b922621,682b2c3f470b48e42fea6f6b,0,"{""Q0"":""형태""}",잠옷,category_organization
682b2d8d8f6c92b7216fe9cc,2926,survey-multi-choice,78,127793,0,64e88285d1be2ebba5fdffe4,6816be1334bc5f118b922621,682b2c3f470b48e42fea6f6b,0,"{""Q0"":""형태""}",고양이,category_organization
682b2d8d8f6c92b7216fe9ce,2494,survey-multi-choice,77,124865,0,64e88285d1be2ebba5fdffe4,6816be1334bc5f118b922621,682b2c3f470b48e42fea6f6b,0,"{""Q0"":""형태""}",김치,category_organization
682b2d8d8f6c92b7216fe9d0,1695,survey-multi-choice,79,129488,0,64e88285d1be2ebba5fdffe4,6816be1334bc5f118b922621,682b2c3f470b48e42fea6f6b,0,"{""Q0"":""형태""}",버스,category_organization
682b2d8d8f6c92b7216fe9d2,1596,survey-multi-choice,80,131086,0,64e88285d1be2ebba5fdffe4,6816be1334bc5f118b922621,682b2c3f470b48e42fea6f6b,0,"{""Q0"":""형태""}",안경,category_organization
682b2d8d8f6c92b7216fe9d4,1945,survey-multi-choice,81,133033,0,64e88285d1be2ebba5fdffe4,6816be1334bc5f118b922621,682b2c3f470b48e42fea6f6b,0,"{""Q0"":""형태""}",숟가락,category_organization
682b2d8d8f6c92b7216fe9d6,1629,survey-multi-choice,82,134664,0,64e88285d1be2ebba5fdffe4,6816be1334bc5f118b922621,682b2c3f470b48e42fea6f6b,0,"{""Q0"":""형태""}",토끼,category_organization
682b2d8d8f6c92b7216fe9d8,2306,survey-multi-choice,84,138422,0,64e88285d1be2ebba5fdffe4,6816be1334bc5f118b922621,682b2c3f470b48e42fea6f6b,0,"{""Q0"":""물질""}",휴지,category_organization
682b2d8d8f6c92b7216fe9da,1449,survey-multi-choice,83,136115,0,64e88285d1be2ebba5fdffe4,6816be1334bc5f118b922621,682b2c3f470b48e42fea6f6b,0,"{""Q0"":""형태""}",장난감,category_organization
682b2d8d8f6c92b7216fe9dc,2294,survey-multi-choice,85,140718,0,64e88285d1be2ebba5fdffe4,6816be1334bc5f118b922621,682b2c3f470b48e42fea6f6b,0,"{""Q0"":""형태""}",그림,category_organization
682b2d8d8f6c92b7216fe9de,1787,survey-multi-choice,86,142506,0,64e88285d1be2ebba5fdffe4,6816be1334bc5f118b922621,682b2c3f470b48e42fea6f6b,0,"{""Q0"":""형태""}",시계,category_organization
682b2d8d8f6c92b7216fe9e0,3541,survey-multi-choice,87,146048,0,64e88285d1be2ebba5fdffe4,6816be1334bc5f118b922621,682b2c3f470b48e42fea6f6b,0,"{""Q0"":""해당 사항 없음""}",바람,category_organization
682b2d8d8f6c92b7216fe9e2,1945,survey-multi-choice,88,147995,0,64e88285d1be2ebba5fdffe4,6816be1334bc5f118b922621,682b2c3f470b48e42fea6f6b,0,"{""Q0"":""해당 사항 없음""}",라벤더,category_organization
682b2d8d8f6c92b7216fe9e4,2781,survey-multi-choice,89,150778,0,64e88285d1be2ebba5fdffe4,6816be1334bc5f118b922621,682b2c3f470b48e42fea6f6b,0,"{""Q0"":""물질""}",떡,category_organization
682b2d8d8f6c92b7216fe9e6,1548,survey-multi-choice,90,152327,0,64e88285d1be2ebba5fdffe4,6816be1334bc5f118b922621,682b2c3f470b48e42fea6f6b,0,"{""Q0"":""물질""}",고추,category_organization
682b2d8d8f6c92b7216fe9e8,1463,survey-multi-choice,91,153792,0,64e88285d1be2ebba5fdffe4,6816be1334bc5f118b922621,682b2c3f470b48e42fea6f6b,0,"{""Q0"":""물질""}",수박,category_organization
682b2d8d8f6c92b7216fe9ea,1833,survey-multi-choice,92,155626,0,64e88285d1be2ebba5fdffe4,6816be1334bc5f118b922621,682b2c3f470b48e42fea6f6b,0,"{""Q0"":""형태""}",유모차,category_organization
682b2d8d8f6c92b7216fe9ec,3668,survey-multi-choice,93,159295,0,64e88285d1be2ebba5fdffe4,6816be1334bc5f118b922621,682b2c3f470b48e42fea6f6b,0,"{""Q0"":""형태""}",목,category_organization
682b2d8d8f6c92b7216fe9ee,1413,survey-multi-choice,94,160710,0,64e88285d1be2ebba5fdffe4,6816be1334bc5f118b922621,682b2c3f470b48e42fea6f6b,0,"{""Q0"":""형태""}",인형,category_organization
682b2d8d8f6c92b7216fe9f0,3433,survey-multi-choice,95,164144,0,64e88285d1be2ebba5fdffe4,6816be1334bc5f118b922621,682b2c3f470b48e42fea6f6b,0,"{""Q0"":""형태""}",그릇,category_organization
682b2d8d8f6c92b7216fe9f2,4448,survey-multi-choice,96,168594,0,64e88285d1be2ebba5fdffe4,6816be1334bc5f118b922621,682b2c3f470b48e42fea6f6b,0,"{""Q0"":""형태""}",뱀,category_organization
682b2d8d8f6c92b7216fe9f4,2204,html-button-response,97,170799,0,64e88285d1be2ebba5fdffe4,6816be1334bc5f118b922621,682b2c3f470b48e42fea6f6b,0,0,,
682ba0938f6c92b7216fe9f6,5325,instructions,0,5328,0,5ddc03948db4ed000c4bb499,6816be1334bc5f118b922621,682b9e3fe90bb71997663ead,0,,,
682ba0938f6c92b7216fe9f8,5439,instructions,1,10768,0,5ddc03948db4ed000c4bb499,6816be1334bc5f118b922621,682b9e3fe90bb71997663ead,0,,,
682ba0938f6c92b7216fe9fa,3082,html-button-response,2,13852,0,5ddc03948db4ed000c4bb499,6816be1334bc5f118b922621,682b9e3fe90bb71997663ead,0,0,,
682ba0938f6c92b7216fe9fc,20106,html-button-response,3,33959,0,5ddc03948db4ed000c4bb499,6816be1334bc5f118b922621,682b9e3fe90bb71997663ead,0,0,,
682ba0938f6c92b7216fe9fe,78303,survey-multi-choice,6,140132,0,5ddc03948db4ed000c4bb499,6816be1334bc5f118b922621,682b9e3fe90bb71997663ead,0,"{""Q0"":""고형물""}",책상,practice_solidity
682ba0938f6c92b7216fea00,11867,html-button-response,5,61826,0,5ddc03948db4ed000c4bb499,6816be1334bc5f118b922621,682b9e3fe90bb71997663ead,0,0,,
682ba0938f6c92b7216fea02,15997,html-button-response,4,49957,0,5ddc03948db4ed000c4bb499,6816be1334bc5f118b922621,682b9e3fe90bb71997663ead,0,0,,
682ba0938f6c92b7216fea04,1471,html-button-response,7,141604,0,5ddc03948db4ed000c4bb499,6816be1334bc5f118b922621,682b9e3fe90bb71997663ead,0,0,,
682ba0938f6c92b7216fea06,574,html-button-response,9,151634,0,5ddc03948db4ed000c4bb499,6816be1334bc5f118b922621,682b9e3fe90bb71997663ead,0,0,,
682ba0938f6c92b7216fea08,9455,survey-multi-choice,8,151060,0,5ddc03948db4ed000c4bb499,6816be1334bc5f118b922621,682b9e3fe90bb71997663ead,0,"{""Q0"":""비고형물""}",우유,practice_solidity
682ba0938f6c92b7216fea0a,5521,html-button-response,10,157156,0,5ddc03948db4ed000c4bb499,6816be1334bc5f118b922621,682b9e3fe90bb71997663ead,0,0,,
682ba0938f6c92b7216fea0c,16955,survey-multi-choice,11,174112,0,5ddc03948db4ed000c4bb499,6816be1334bc5f118b922621,682b9e3fe90bb71997663ead,0,"{""Q0"":""해당 사항 없음""}",벌레,solidity
682ba0938f6c92b7216fea0e,6581,survey-multi-choice,12,180695,0,5ddc03948db4ed000c4bb499,6816be1334bc5f118b922621,682b9e3fe90bb71997663ead,0,"{""Q0"":""고형물""}",귤,solidity
682ba0938f6c92b7216fea10,4261,survey-multi-choice,13,184957,0,5ddc03948db4ed000c4bb499,6816be1334bc5f118b922621,682b9e3fe90bb71997663ead,0,"{""Q0"":""고형물""}",부엌,solidity
682ba0938f6c92b7216fea12,2423,survey-multi-choice,14,187380,0,5ddc03948db4ed000c4bb499,6816be1334bc5f118b922621,682b9e3fe90bb71997663ead,0,"{""Q0"":""고형물""}",젓가락,solidity
682ba0938f6c92b7216fea14,2102,survey-multi-choice,15,189483,0,5ddc03948db4ed000c4bb499,6816be1334bc5f118b922621,682b9e3fe90bb71997663ead,0,"{""Q0"":""고형물""}",감자,solidity
682ba0938f6c92b7216fea16,2282,survey-multi-choice,16,191766,0,5ddc03948db4ed000c4bb499,6816be1334bc5f118b922621,682b9e3fe90bb71997663ead,0,"{""Q0"":""고형물""}",총,solidity
682ba0938f6c92b7216fea18,2412,survey-multi-choice,17,194179,0,5ddc03948db4ed000c4bb499,6816be1334bc5f118b922621,682b9e3fe90bb71997663ead,0,"{""Q0"":""고형물""}",우산,solidity
682ba0938f6c92b7216fea1a,2249,survey-multi-choice,18,196429,0,5ddc03948db4ed000c4bb499,6816be1334bc5f118b922621,682b9e3fe90bb71997663ead,0,"{""Q0"":""고형물""}",유리,solidity
682ba0938f6c92b7216fea1c,1889,survey-multi-choice,19,198319,0,5ddc03948db4ed000c4bb499,6816be1334bc5f118b922621,682b9e3fe90bb71997663ead,0,"{""Q0"":""고형물""}",땅콩,solidity
682ba0938f6c92b7216fea1e,2343,survey-multi-choice,20,200663,0,5ddc03948db4ed000c4bb499,6816be1334bc5f118b922621,682b9e3fe90bb71997663ead,0,"{""Q0"":""고형물""}",블록,solidity
682ba0938f6c92b7216fea20,6542,survey-multi-choice,21,207206,0,5ddc03948db4ed000c4bb499,6816be1334bc5f118b922621,682b9e3fe90bb71997663ead,0,"{""Q0"":""고형물""}",코트/외투,solidity
682ba0938f6c92b7216fea22,5504,survey-multi-choice,22,212711,0,5ddc03948db4ed000c4bb499,6816be1334bc5f118b922621,682b9e3fe90bb71997663ead,0,"{""Q0"":""비고형물""}",흙,solidity
682ba0938f6c92b7216fea24,2265,survey-multi-choice,23,214977,0,5ddc03948db4ed000c4bb499,6816be1334bc5f118b922621,682b9e3fe90bb71997663ead,0,"{""Q0"":""고형물""}",공룡,solidity
682ba0938f6c92b7216fea26,3283,survey-multi-choice,24,218261,0,5ddc03948db4ed000c4bb499,6816be1334bc5f118b922621,682b9e3fe90bb71997663ead,0,"{""Q0"":""고형물""}",입,solidity
682ba0938f6c92b7216fea28,2845,survey-multi-choice,26,223570,0,5ddc03948db4ed000c4bb499,6816be1334bc5f118b922621,682b9e3fe90bb71997663ead,0,"{""Q0"":""고형물""}",크레용/크레파스,solidity
682ba0938f6c92b7216fea2a,2463,survey-multi-choice,25,220724,0,5ddc03948db4ed000c4bb499,6816be1334bc5f118b922621,682b9e3fe90bb71997663ead,0,"{""Q0"":""고형물""}",오토바이,solidity
682ba0938f6c92b7216fea2c,1795,survey-multi-choice,27,225366,0,5ddc03948db4ed000c4bb499,6816be1334bc5f118b922621,682b9e3fe90bb71997663ead,0,"{""Q0"":""고형물""}",머리,solidity
682ba0938f6c92b7216fea2e,1537,survey-multi-choice,28,226904,0,5ddc03948db4ed000c4bb499,6816be1334bc5f118b922621,682b9e3fe90bb71997663ead,0,"{""Q0"":""고형물""}",선물,solidity
682ba0938f6c92b7216fea30,4356,survey-multi-choice,29,231261,0,5ddc03948db4ed000c4bb499,6816be1334bc5f118b922621,682b9e3fe90bb71997663ead,0,"{""Q0"":""해당 사항 없음""}",라벤더,solidity
682ba0938f6c92b7216fea32,2738,survey-multi-choice,30,233999,0,5ddc03948db4ed000c4bb499,6816be1334bc5f118b922621,682b9e3fe90bb71997663ead,0,"{""Q0"":""고형물""}",벌,solidity
682ba0938f6c92b7216fea34,3026,survey-multi-choice,31,237026,0,5ddc03948db4ed000c4bb499,6816be1334bc5f118b922621,682b9e3fe90bb71997663ead,0,"{""Q0"":""고형물""}",이/이빨,solidity
682ba0938f6c92b7216fea36,37790,html-button-response,32,274818,0,5ddc03948db4ed000c4bb499,6816be1334bc5f118b922621,682b9e3fe90bb71997663ead,0,0,,
682ba0938f6c92b7216fea38,21180,html-button-response,33,295999,0,5ddc03948db4ed000c4bb499,6816be1334bc5f118b922621,682b9e3fe90bb71997663ead,0,0,,
682ba0938f6c92b7216fea3a,25576,html-button-response,34,321576,0,5ddc03948db4ed000c4bb499,6816be1334bc5f118b922621,682b9e3fe90bb71997663ead,0,0,,
682ba0938f6c92b7216fea3c,10986,html-button-response,35,332563,0,5ddc03948db4ed000c4bb499,6816be1334bc5f118b922621,682b9e3fe90bb71997663ead,0,0,,
682ba0938f6c92b7216fea3e,3089,html-button-response,36,335653,0,5ddc03948db4ed000c4bb499,6816be1334bc5f118b922621,682b9e3fe90bb71997663ead,0,0,,
682ba0938f6c92b7216fea40,32126,survey-multi-choice,37,367780,0,5ddc03948db4ed000c4bb499,6816be1334bc5f118b922621,682b9e3fe90bb71997663ead,0,"{""Q0"":""형태""}",정사각형,practice_category
682ba0938f6c92b7216fea42,877,html-button-response,38,368658,0,5ddc03948db4ed000c4bb499,6816be1334bc5f118b922621,682b9e3fe90bb71997663ead,0,0,,
682ba0938f6c92b7216fea44,729,html-button-response,40,388559,0,5ddc03948db4ed000c4bb499,6816be1334bc5f118b922621,682b9e3fe90bb71997663ead,0,0,,
682ba0938f6c92b7216fea46,19171,survey-multi-choice,39,387830,0,5ddc03948db4ed000c4bb499,6816be1334bc5f118b922621,682b9e3fe90bb71997663ead,0,"{""Q0"":""해당 사항 없음""}",불안감,practice_category
682ba0938f6c92b7216fea48,13577,survey-multi-choice,41,402138,0,5ddc03948db4ed000c4bb499,6816be1334bc5f118b922621,682b9e3fe90bb71997663ead,0,"{""Q0"":""색상""}",빨간불,practice_category
682ba0938f6c92b7216fea4a,767,html-button-response,42,402905,0,5ddc03948db4ed000c4bb499,6816be1334bc5f118b922621,682b9e3fe90bb71997663ead,0,0,,
682ba0938f6c92b7216fea4c,4078,survey-multi-choice,43,406984,0,5ddc03948db4ed000c4bb499,6816be1334bc5f118b922621,682b9e3fe90bb71997663ead,0,"{""Q0"":""물질""}",도자기,practice_category
682ba0938f6c92b7216fea4e,713,html-button-response,44,407698,0,5ddc03948db4ed000c4bb499,6816be1334bc5f118b922621,682b9e3fe90bb71997663ead,0,0,,
682ba0938f6c92b7216fea50,853,html-button-response,45,408551,0,5ddc03948db4ed000c4bb499,6816be1334bc5f118b922621,682b9e3fe90bb71997663ead,0,0,,
682ba0938f6c92b7216fea52,5165,survey-multi-choice,46,413718,0,5ddc03948db4ed000c4bb499,6816be1334bc5f118b922621,682b9e3fe90bb71997663ead,0,"{""Q0"":""물질""}",걸레,category_organization
682ba0938f6c92b7216fea54,5426,survey-multi-choice,47,419144,0,5ddc03948db4ed000c4bb499,6816be1334bc5f118b922621,682b9e3fe90bb71997663ead,0,"{""Q0"":""물질""}",목걸이,category_organization
682ba0938f6c92b7216fea56,18110,survey-multi-choice,48,437255,0,5ddc03948db4ed000c4bb499,6816be1334bc5f118b922621,682b9e3fe90bb71997663ead,0,"{""Q0"":""해당 사항 없음""}",오리,category_organization
682ba0938f6c92b7216fea58,2492,survey-multi-choice,49,439752,0,5ddc03948db4ed000c4bb499,6816be1334bc5f118b922621,682b9e3fe90bb71997663ead,0,"{""Q0"":""해당 사항 없음""}",라벤더,category_organization
682ba0938f6c92b7216fea5a,5147,survey-multi-choice,50,444899,0,5ddc03948db4ed000c4bb499,6816be1334bc5f118b922621,682b9e3fe90bb71997663ead,0,"{""Q0"":""물질""}",구두,category_organization
682ba0938f6c92b7216fea5c,2711,survey-multi-choice,52,450292,0,5ddc03948db4ed000c4bb499,6816be1334bc5f118b922621,682b9e3fe90bb71997663ead,0,"{""Q0"":""물질""}",얼음,category_organization
682ba0938f6c92b7216fea5e,2681,survey-multi-choice,51,447581,0,5ddc03948db4ed000c4bb499,6816be1334bc5f118b922621,682b9e3fe90bb71997663ead,0,"{""Q0"":""물질""}",미끄럼틀,category_organization
682ba0938f6c92b7216fea60,4022,survey-multi-choice,53,454315,0,5ddc03948db4ed000c4bb499,6816be1334bc5f118b922621,682b9e3fe90bb71997663ead,0,"{""Q0"":""물질""}",엉덩이,category_organization
682ba0938f6c92b7216fea62,2596,survey-multi-choice,54,456912,0,5ddc03948db4ed000c4bb499,6816be1334bc5f118b922621,682b9e3fe90bb71997663ead,0,"{""Q0"":""해당 사항 없음""}",사자,category_organization
682ba0938f6c92b7216fea64,1745,survey-multi-choice,55,458659,0,5ddc03948db4ed000c4bb499,6816be1334bc5f118b922621,682b9e3fe90bb71997663ead,0,"{""Q0"":""물질""}",가위,category_organization
682ba0938f6c92b7216fea66,3505,survey-multi-choice,56,462164,0,5ddc03948db4ed000c4bb499,6816be1334bc5f118b922621,682b9e3fe90bb71997663ead,0,"{""Q0"":""물질""}",호떡,category_organization
682ba0948f6c92b7216fea68,2609,survey-multi-choice,57,464775,0,5ddc03948db4ed000c4bb499,6816be1334bc5f118b922621,682b9e3fe90bb71997663ead,0,"{""Q0"":""물질""}",달,category_organization
682ba0948f6c92b7216fea6a,2955,survey-multi-choice,58,467731,0,5ddc03948db4ed000c4bb499,6816be1334bc5f118b922621,682b9e3fe90bb71997663ead,0,"{""Q0"":""물질""}",무/무우,category_organization
682ba0948f6c92b7216fea6c,4459,survey-multi-choice,59,472191,0,5ddc03948db4ed000c4bb499,6816be1334bc5f118b922621,682b9e3fe90bb71997663ead,0,"{""Q0"":""물질""}",껌,category_organization
682ba0948f6c92b7216fea6e,1575,survey-multi-choice,60,473767,0,5ddc03948db4ed000c4bb499,6816be1334bc5f118b922621,682b9e3fe90bb71997663ead,0,"{""Q0"":""물질""}",배,category_organization
682ba0948f6c92b7216fea70,1330,survey-multi-choice,61,475098,0,5ddc03948db4ed000c4bb499,6816be1334bc5f118b922621,682b9e3fe90bb71997663ead,0,"{""Q0"":""물질""}",방,category_organization
682ba0948f6c92b7216fea72,2878,survey-multi-choice,62,477977,0,5ddc03948db4ed000c4bb499,6816be1334bc5f118b922621,682b9e3fe90bb71997663ead,0,"{""Q0"":""물질""}",풀,category_organization
682ba0948f6c92b7216fea74,1615,survey-multi-choice,63,479593,0,5ddc03948db4ed000c4bb499,6816be1334bc5f118b922621,682b9e3fe90bb71997663ead,0,"{""Q0"":""물질""}",토마토,category_organization
682ba0948f6c92b7216fea76,5431,survey-multi-choice,64,485025,0,5ddc03948db4ed000c4bb499,6816be1334bc5f118b922621,682b9e3fe90bb71997663ead,0,"{""Q0"":""해당 사항 없음""}",뺨,category_organization
682ba0948f6c92b7216fea78,1843,survey-multi-choice,65,486869,0,5ddc03948db4ed000c4bb499,6816be1334bc5f118b922621,682b9e3fe90bb71997663ead,0,"{""Q0"":""해당 사항 없음""}",몸,category_organization
682ba0948f6c92b7216fea7a,4160,survey-multi-choice,66,491031,0,5ddc03948db4ed000c4bb499,6816be1334bc5f118b922621,682b9e3fe90bb71997663ead,0,"{""Q0"":""물질""}",소금,category_organization
682ba0948f6c92b7216fea7c,6624,html-button-response,67,497655,0,5ddc03948db4ed000c4bb499,6816be1334bc5f118b922621,682b9e3fe90bb71997663ead,0,0,,
682ba0948f6c92b7216fea7e,512,html-button-response,68,498167,0,5ddc03948db4ed000c4bb499,6816be1334bc5f118b922621,682b9e3fe90bb71997663ead,0,0,,
682ba0948f6c92b7216fea80,689,html-button-response,69,498857,0,5ddc03948db4ed000c4bb499,6816be1334bc5f118b922621,682b9e3fe90bb71997663ead,0,0,,
682ba0948f6c92b7216fea82,6649,html-button-response,70,505507,0,5ddc03948db4ed000c4bb499,6816be1334bc5f118b922621,682b9e3fe90bb71997663ead,0,0,,
682ba0948f6c92b7216fea84,12644,survey-multi-choice,71,518153,0,5ddc03948db4ed000c4bb499,6816be1334bc5f118b922621,682b9e3fe90bb71997663ead,0,"{""Q0"":""셀 수 있다""}",의자,practice_countmass
682ba0948f6c92b7216fea86,4099,html-button-response,72,522253,0,5ddc03948db4ed000c4bb499,6816be1334bc5f118b922621,682b9e3fe90bb71997663ead,0,0,,
682ba0948f6c92b7216fea88,4015,survey-multi-choice,73,526269,0,5ddc03948db4ed000c4bb499,6816be1334bc5f118b922621,682b9e3fe90bb71997663ead,0,"{""Q0"":""셀 수 있다""}",설탕,practice_countmass
682ba0948f6c92b7216fea8a,4442,html-button-response,74,530712,0,5ddc03948db4ed000c4bb499,6816be1334bc5f118b922621,682b9e3fe90bb71997663ead,0,0,,
682ba0948f6c92b7216fea8c,2437,html-button-response,75,533149,0,5ddc03948db4ed000c4bb499,6816be1334bc5f118b922621,682b9e3fe90bb71997663ead,0,0,,
682ba0948f6c92b7216fea8e,3646,survey-multi-choice,76,536795,0,5ddc03948db4ed000c4bb499,6816be1334bc5f118b922621,682b9e3fe90bb71997663ead,0,"{""Q0"":""셀 수 있다""}",얼굴,count_mass
682ba0948f6c92b7216fea90,2703,survey-multi-choice,77,539499,0,5ddc03948db4ed000c4bb499,6816be1334bc5f118b922621,682b9e3fe90bb71997663ead,0,"{""Q0"":""셀 수 있다""}",쟁반,count_mass
682ba0948f6c92b7216fea92,2093,survey-multi-choice,78,541593,0,5ddc03948db4ed000c4bb499,6816be1334bc5f118b922621,682b9e3fe90bb71997663ead,0,"{""Q0"":""셀 수 있다""}",사과,count_mass
682ba0948f6c92b7216fea94,2304,survey-multi-choice,79,543897,0,5ddc03948db4ed000c4bb499,6816be1334bc5f118b922621,682b9e3fe90bb71997663ead,0,"{""Q0"":""셀 수 있다""}",팬티,count_mass
682ba0948f6c92b7216fea96,1771,survey-multi-choice,80,545669,0,5ddc03948db4ed000c4bb499,6816be1334bc5f118b922621,682b9e3fe90bb71997663ead,0,"{""Q0"":""셀 수 있다""}",돈,count_mass
682ba0948f6c92b7216fea98,1575,survey-multi-choice,81,547246,0,5ddc03948db4ed000c4bb499,6816be1334bc5f118b922621,682b9e3fe90bb71997663ead,0,"{""Q0"":""셀 수 있다""}",약,count_mass
682ba0948f6c92b7216fea9a,2916,survey-multi-choice,82,550162,0,5ddc03948db4ed000c4bb499,6816be1334bc5f118b922621,682b9e3fe90bb71997663ead,0,"{""Q0"":""셀 수 있다""}",허리띠,count_mass
682ba0948f6c92b7216fea9c,1922,survey-multi-choice,83,552085,0,5ddc03948db4ed000c4bb499,6816be1334bc5f118b922621,682b9e3fe90bb71997663ead,0,"{""Q0"":""셀 수 있다""}",기차,count_mass
682ba0948f6c92b7216fea9e,2544,survey-multi-choice,84,554630,0,5ddc03948db4ed000c4bb499,6816be1334bc5f118b922621,682b9e3fe90bb71997663ead,0,"{""Q0"":""셀 수 있다""}",목도리,count_mass
682ba0948f6c92b7216feaa0,2383,survey-multi-choice,85,557014,0,5ddc03948db4ed000c4bb499,6816be1334bc5f118b922621,682b9e3fe90bb71997663ead,0,"{""Q0"":""셀 수 있다""}",컵,count_mass
682ba0948f6c92b7216feaa2,1857,survey-multi-choice,86,558872,0,5ddc03948db4ed000c4bb499,6816be1334bc5f118b922621,682b9e3fe90bb71997663ead,0,"{""Q0"":""셀 수 있다""}",꽃,count_mass
682ba0948f6c92b7216feaa4,1891,survey-multi-choice,87,560763,0,5ddc03948db4ed000c4bb499,6816be1334bc5f118b922621,682b9e3fe90bb71997663ead,0,"{""Q0"":""셀 수 있다""}",피자,count_mass
682ba0948f6c92b7216feaa6,2467,survey-multi-choice,88,563230,0,5ddc03948db4ed000c4bb499,6816be1334bc5f118b922621,682b9e3fe90bb71997663ead,0,"{""Q0"":""셀 수 있다""}",그네,count_mass
682ba0948f6c92b7216feaa8,2109,survey-multi-choice,89,565340,0,5ddc03948db4ed000c4bb499,6816be1334bc5f118b922621,682b9e3fe90bb71997663ead,0,"{""Q0"":""셀 수 있다""}",사이다,count_mass
682ba0948f6c92b7216feaaa,2083,survey-multi-choice,90,567424,0,5ddc03948db4ed000c4bb499,6816be1334bc5f118b922621,682b9e3fe90bb71997663ead,0,"{""Q0"":""셀 수 있다""}",열쇠,count_mass
682ba0948f6c92b7216feaac,2644,survey-multi-choice,91,570068,0,5ddc03948db4ed000c4bb499,6816be1334bc5f118b922621,682b9e3fe90bb71997663ead,0,"{""Q0"":""셀 수 있다""}",지갑,count_mass
682ba0948f6c92b7216feaae,1903,survey-multi-choice,92,571973,0,5ddc03948db4ed000c4bb499,6816be1334bc5f118b922621,682b9e3fe90bb71997663ead,0,"{""Q0"":""셀 수 있다""}",바지,count_mass
682ba0948f6c92b7216feab0,1870,survey-multi-choice,93,573844,0,5ddc03948db4ed000c4bb499,6816be1334bc5f118b922621,682b9e3fe90bb71997663ead,0,"{""Q0"":""셀 수 있다""}",단추,count_mass
682ba0948f6c92b7216feab2,6366,survey-multi-choice,94,580211,0,5ddc03948db4ed000c4bb499,6816be1334bc5f118b922621,682b9e3fe90bb71997663ead,0,"{""Q0"":""잘 모르겠다/구분이 어렵다""}",회색,count_mass
682ba0948f6c92b7216feab4,2408,survey-multi-choice,95,582620,0,5ddc03948db4ed000c4bb499,6816be1334bc5f118b922621,682b9e3fe90bb71997663ead,0,"{""Q0"":""셀 수 없다""}",별,count_mass
682ba0948f6c92b7216feab6,2929,survey-multi-choice,96,585551,0,5ddc03948db4ed000c4bb499,6816be1334bc5f118b922621,682b9e3fe90bb71997663ead,0,"{""Q0"":""셀 수 있다""}",염소,count_mass
682ba0948f6c92b7216feab8,1518,html-button-response,97,587071,0,5ddc03948db4ed000c4bb499,6816be1334bc5f118b922621,682b9e3fe90bb71997663ead,0,0,,
682bba888f6c92b7216feaba,10973,html-button-response,2,22680,0,650b8baa01b5cace7e43e621,6816be1334bc5f118b922621,682bb91dcca266eb0035b183,0,0,,
682bba888f6c92b7216feabc,6897,html-button-response,3,29579,0,650b8baa01b5cace7e43e621,6816be1334bc5f118b922621,682bb91dcca266eb0035b183,0,0,,
682bba888f6c92b7216feabe,7696,instructions,1,11705,0,650b8baa01b5cace7e43e621,6816be1334bc5f118b922621,682bb91dcca266eb0035b183,0,,,
682bba888f6c92b7216feac0,4006,instructions,0,4008,0,650b8baa01b5cace7e43e621,6816be1334bc5f118b922621,682bb91dcca266eb0035b183,0,,,
682bba888f6c92b7216feac2,2140,html-button-response,4,31720,0,650b8baa01b5cace7e43e621,6816be1334bc5f118b922621,682bb91dcca266eb0035b183,0,0,,
682bba888f6c92b7216feac4,3468,html-button-response,5,35190,0,650b8baa01b5cace7e43e621,6816be1334bc5f118b922621,682bb91dcca266eb0035b183,0,0,,
682bba888f6c92b7216feac6,10492,survey-multi-choice,6,45685,0,650b8baa01b5cace7e43e621,6816be1334bc5f118b922621,682bb91dcca266eb0035b183,0,"{""Q0"":""셀 수 없다""}",설탕,practice_countmass
682bba888f6c92b7216feac8,3087,survey-multi-choice,8,52305,0,650b8baa01b5cace7e43e621,6816be1334bc5f118b922621,682bb91dcca266eb0035b183,0,"{""Q0"":""셀 수 있다""}",의자,practice_countmass
682bba888f6c92b7216feaca,3528,html-button-response,7,49217,0,650b8baa01b5cace7e43e621,6816be1334bc5f118b922621,682bb91dcca266eb0035b183,0,0,,
682bba888f6c92b7216feacc,4135,html-button-response,9,56441,0,650b8baa01b5cace7e43e621,6816be1334bc5f118b922621,682bb91dcca266eb0035b183,0,0,,
682bba888f6c92b7216feace,3137,html-button-response,10,59580,0,650b8baa01b5cace7e43e621,6816be1334bc5f118b922621,682bb91dcca266eb0035b183,0,0,,
682bba888f6c92b7216fead0,7979,survey-multi-choice,11,67561,0,650b8baa01b5cace7e43e621,6816be1334bc5f118b922621,682bb91dcca266eb0035b183,0,"{""Q0"":""잘 모르겠다/구분이 어렵다""}",바위,count_mass
682bba888f6c92b7216fead2,2726,survey-multi-choice,12,70290,0,650b8baa01b5cace7e43e621,6816be1334bc5f118b922621,682bb91dcca266eb0035b183,0,"{""Q0"":""셀 수 있다""}",바나나,count_mass
682bba888f6c92b7216fead4,1761,survey-multi-choice,13,72054,0,650b8baa01b5cace7e43e621,6816be1334bc5f118b922621,682bb91dcca266eb0035b183,0,"{""Q0"":""셀 수 있다""}",이불,count_mass
682bba888f6c92b7216fead6,2173,survey-multi-choice,14,74228,0,650b8baa01b5cace7e43e621,6816be1334bc5f118b922621,682bb91dcca266eb0035b183,0,"{""Q0"":""셀 수 있다""}",무/무우,count_mass
682bba888f6c92b7216fead8,1648,survey-multi-choice,16,77765,0,650b8baa01b5cace7e43e621,6816be1334bc5f118b922621,682bb91dcca266eb0035b183,0,"{""Q0"":""셀 수 있다""}",시계,count_mass
682bba888f6c92b7216feada,2182,survey-multi-choice,17,79949,0,650b8baa01b5cace7e43e621,6816be1334bc5f118b922621,682bb91dcca266eb0035b183,0,"{""Q0"":""셀 수 있다""}",무릎,count_mass
682bba888f6c92b7216feadc,1886,survey-multi-choice,15,76116,0,650b8baa01b5cace7e43e621,6816be1334bc5f118b922621,682bb91dcca266eb0035b183,0,"{""Q0"":""셀 수 있다""}",떡,count_mass
682bba888f6c92b7216feade,2639,survey-multi-choice,18,82589,0,650b8baa01b5cace7e43e621,6816be1334bc5f118b922621,682bb91dcca266eb0035b183,0,"{""Q0"":""셀 수 없다""}",피,count_mass
682bba888f6c92b7216feae0,2310,survey-multi-choice,19,84900,0,650b8baa01b5cace7e43e621,6816be1334bc5f118b922621,682bb91dcca266eb0035b183,0,"{""Q0"":""셀 수 있다""}",회색,count_mass
682bba888f6c92b7216feae2,1738,survey-multi-choice,20,86640,0,650b8baa01b5cace7e43e621,6816be1334bc5f118b922621,682bb91dcca266eb0035b183,0,"{""Q0"":""셀 수 있다""}",개,count_mass
682bba888f6c92b7216feae4,1515,survey-multi-choice,21,88156,0,650b8baa01b5cace7e43e621,6816be1334bc5f118b922621,682bb91dcca266eb0035b183,0,"{""Q0"":""셀 수 있다""}",모자,count_mass
682bba888f6c92b7216feae6,2007,survey-multi-choice,22,90164,0,650b8baa01b5cace7e43e621,6816be1334bc5f118b922621,682bb91dcca266eb0035b183,0,"{""Q0"":""셀 수 있다""}",입,count_mass
682bba888f6c92b7216feae8,1634,survey-multi-choice,23,91800,0,650b8baa01b5cace7e43e621,6816be1334bc5f118b922621,682bb91dcca266eb0035b183,0,"{""Q0"":""셀 수 있다""}",얼굴,count_mass
682bba888f6c92b7216feaea,1350,survey-multi-choice,24,93150,0,650b8baa01b5cace7e43e621,6816be1334bc5f118b922621,682bb91dcca266eb0035b183,0,"{""Q0"":""셀 수 있다""}",침대,count_mass
682bba888f6c92b7216feaec,1385,survey-multi-choice,25,94537,0,650b8baa01b5cace7e43e621,6816be1334bc5f118b922621,682bb91dcca266eb0035b183,0,"{""Q0"":""셀 수 있다""}",못,count_mass
682bba888f6c92b7216feaee,2024,survey-multi-choice,26,96562,0,650b8baa01b5cace7e43e621,6816be1334bc5f118b922621,682bb91dcca266eb0035b183,0,"{""Q0"":""셀 수 있다""}",택시,count_mass
682bba888f6c92b7216feaf0,1814,survey-multi-choice,27,98376,0,650b8baa01b5cace7e43e621,6816be1334bc5f118b922621,682bb91dcca266eb0035b183,0,"{""Q0"":""셀 수 있다""}",블록,count_mass
682bba888f6c92b7216feaf2,12517,survey-multi-choice,28,110894,0,650b8baa01b5cace7e43e621,6816be1334bc5f118b922621,682bb91dcca266eb0035b183,0,"{""Q0"":""셀 수 있다""}",메론,count_mass
682bba888f6c92b7216feaf4,18712,survey-multi-choice,29,129608,0,650b8baa01b5cace7e43e621,6816be1334bc5f118b922621,682bb91dcca266eb0035b183,0,"{""Q0"":""셀 수 있다""}",텔레비전,count_mass
682bba888f6c92b7216feaf6,1827,survey-multi-choice,30,131437,0,650b8baa01b5cace7e43e621,6816be1334bc5f118b922621,682bb91dcca266eb0035b183,0,"{""Q0"":""셀 수 있다""}",양,count_mass
682bba888f6c92b7216feaf8,1583,survey-multi-choice,31,133021,0,650b8baa01b5cace7e43e621,6816be1334bc5f118b922621,682bb91dcca266eb0035b183,0,"{""Q0"":""셀 수 있다""}",기차,count_mass
682bba888f6c92b7216feafa,9164,html-button-response,32,142186,0,650b8baa01b5cace7e43e621,6816be1334bc5f118b922621,682bb91dcca266eb0035b183,0,0,,
682bba888f6c92b7216feafc,2024,html-button-response,33,144212,0,650b8baa01b5cace7e43e621,6816be1334bc5f118b922621,682bb91dcca266eb0035b183,0,0,,
682bba888f6c92b7216feafe,3871,html-button-response,35,149447,0,650b8baa01b5cace7e43e621,6816be1334bc5f118b922621,682bb91dcca266eb0035b183,0,0,,
682bba888f6c92b7216feb00,1360,html-button-response,34,145574,0,650b8baa01b5cace7e43e621,6816be1334bc5f118b922621,682bb91dcca266eb0035b183,0,0,,
682bba888f6c92b7216feb02,2930,survey-multi-choice,36,152379,0,650b8baa01b5cace7e43e621,6816be1334bc5f118b922621,682bb91dcca266eb0035b183,0,"{""Q0"":""비고형물""}",우유,practice_solidity
682bba888f6c92b7216feb04,1387,html-button-response,37,153768,0,650b8baa01b5cace7e43e621,6816be1334bc5f118b922621,682bb91dcca266eb0035b183,0,0,,
682bba888f6c92b7216feb06,3995,survey-multi-choice,38,157765,0,650b8baa01b5cace7e43e621,6816be1334bc5f118b922621,682bb91dcca266eb0035b183,0,"{""Q0"":""고형물""}",책상,practice_solidity
682bba888f6c92b7216feb08,963,html-button-response,40,159384,0,650b8baa01b5cace7e43e621,6816be1334bc5f118b922621,682bb91dcca266eb0035b183,0,0,,
682bba888f6c92b7216feb0a,2766,survey-multi-choice,41,162152,0,650b8baa01b5cace7e43e621,6816be1334bc5f118b922621,682bb91dcca266eb0035b183,0,"{""Q0"":""비고형물""}",모래,solidity
682bba888f6c92b7216feb0c,653,html-button-response,39,158420,0,650b8baa01b5cace7e43e621,6816be1334bc5f118b922621,682bb91dcca266eb0035b183,0,0,,
682bba888f6c92b7216feb0e,1574,survey-multi-choice,42,163728,0,650b8baa01b5cace7e43e621,6816be1334bc5f118b922621,682bb91dcca266eb0035b183,0,"{""Q0"":""고형물""}",감자,solidity
682bba888f6c92b7216feb10,1867,survey-multi-choice,43,165597,0,650b8baa01b5cace7e43e621,6816be1334bc5f118b922621,682bb91dcca266eb0035b183,0,"{""Q0"":""비고형물""}",소금,solidity
682bba888f6c92b7216feb12,2006,survey-multi-choice,44,167605,0,650b8baa01b5cace7e43e621,6816be1334bc5f118b922621,682bb91dcca266eb0035b183,0,"{""Q0"":""고형물""}",문,solidity
682bba888f6c92b7216feb14,1446,survey-multi-choice,45,169053,0,650b8baa01b5cace7e43e621,6816be1334bc5f118b922621,682bb91dcca266eb0035b183,0,"{""Q0"":""비고형물""}",국,solidity
682bba888f6c92b7216feb16,1709,survey-multi-choice,47,172458,0,650b8baa01b5cace7e43e621,6816be1334bc5f118b922621,682bb91dcca266eb0035b183,0,"{""Q0"":""고형물""}",그림,solidity
682bba888f6c92b7216feb18,1692,survey-multi-choice,46,170747,0,650b8baa01b5cace7e43e621,6816be1334bc5f118b922621,682bb91dcca266eb0035b183,0,"{""Q0"":""비고형물""}",하늘,solidity
682bba888f6c92b7216feb1a,2586,survey-multi-choice,48,175046,0,650b8baa01b5cace7e43e621,6816be1334bc5f118b922621,682bb91dcca266eb0035b183,0,"{""Q0"":""비고형물""}",땅,solidity
682bba898f6c92b7216feb1c,1386,survey-multi-choice,49,176434,0,650b8baa01b5cace7e43e621,6816be1334bc5f118b922621,682bb91dcca266eb0035b183,0,"{""Q0"":""고형물""}",신/신발,solidity
682bba898f6c92b7216feb1e,1452,survey-multi-choice,50,177888,0,650b8baa01b5cace7e43e621,6816be1334bc5f118b922621,682bb91dcca266eb0035b183,0,"{""Q0"":""고형물""}",걸레,solidity
682bba898f6c92b7216feb20,1423,survey-multi-choice,51,179313,0,650b8baa01b5cace7e43e621,6816be1334bc5f118b922621,682bb91dcca266eb0035b183,0,"{""Q0"":""고형물""}",어깨,solidity
682bba898f6c92b7216feb22,1558,survey-multi-choice,52,180873,0,650b8baa01b5cace7e43e621,6816be1334bc5f118b922621,682bb91dcca266eb0035b183,0,"{""Q0"":""고형물""}",송아지,solidity
682bba898f6c92b7216feb24,1296,survey-multi-choice,53,182171,0,650b8baa01b5cace7e43e621,6816be1334bc5f118b922621,682bb91dcca266eb0035b183,0,"{""Q0"":""고형물""}",개구리,solidity
682bba898f6c92b7216feb26,1358,survey-multi-choice,54,183530,0,650b8baa01b5cace7e43e621,6816be1334bc5f118b922621,682bb91dcca266eb0035b183,0,"{""Q0"":""고형물""}",코끼리,solidity
682bba898f6c92b7216feb28,1526,survey-multi-choice,55,185058,0,650b8baa01b5cace7e43e621,6816be1334bc5f118b922621,682bb91dcca266eb0035b183,0,"{""Q0"":""비고형물""}",불,solidity
682bba898f6c92b7216feb2a,1505,survey-multi-choice,56,186565,0,650b8baa01b5cace7e43e621,6816be1334bc5f118b922621,682bb91dcca266eb0035b183,0,"{""Q0"":""고형물""}",목도리,solidity
682bba898f6c92b7216feb2c,1815,survey-multi-choice,57,188381,0,650b8baa01b5cace7e43e621,6816be1334bc5f118b922621,682bb91dcca266eb0035b183,0,"{""Q0"":""고형물""}",사과,solidity
682bba898f6c92b7216feb2e,1586,survey-multi-choice,58,189969,0,650b8baa01b5cace7e43e621,6816be1334bc5f118b922621,682bb91dcca266eb0035b183,0,"{""Q0"":""비고형물""}",비,solidity
682bba898f6c92b7216feb30,1650,survey-multi-choice,59,191621,0,650b8baa01b5cace7e43e621,6816be1334bc5f118b922621,682bb91dcca266eb0035b183,0,"{""Q0"":""고형물""}",책,solidity
682bba898f6c92b7216feb32,1400,survey-multi-choice,60,193024,0,650b8baa01b5cace7e43e621,6816be1334bc5f118b922621,682bb91dcca266eb0035b183,0,"{""Q0"":""고형물""}",라벤더,solidity
682bba898f6c92b7216feb34,1530,survey-multi-choice,61,194555,0,650b8baa01b5cace7e43e621,6816be1334bc5f118b922621,682bb91dcca266eb0035b183,0,"{""Q0"":""고형물""}",병,solidity
682bba898f6c92b7216feb36,8444,html-button-response,62,203001,0,650b8baa01b5cace7e43e621,6816be1334bc5f118b922621,682bb91dcca266eb0035b183,0,0,,
682bba898f6c92b7216feb38,4234,html-button-response,63,207237,0,650b8baa01b5cace7e43e621,6816be1334bc5f118b922621,682bb91dcca266eb0035b183,0,0,,
682bba898f6c92b7216feb3a,1322,html-button-response,65,218534,0,650b8baa01b5cace7e43e621,6816be1334bc5f118b922621,682bb91dcca266eb0035b183,0,0,,
682bba898f6c92b7216feb3c,1823,html-button-response,66,220358,0,650b8baa01b5cace7e43e621,6816be1334bc5f118b922621,682bb91dcca266eb0035b183,0,0,,
682bba898f6c92b7216feb3e,9971,html-button-response,64,217210,0,650b8baa01b5cace7e43e621,6816be1334bc5f118b922621,682bb91dcca266eb0035b183,0,0,,
682bba898f6c92b7216feb40,16904,survey-multi-choice,67,237263,0,650b8baa01b5cace7e43e621,6816be1334bc5f118b922621,682bb91dcca266eb0035b183,0,"{""Q0"":""형태""}",불안감,practice_category
682bba898f6c92b7216feb42,2991,html-button-response,68,240255,0,650b8baa01b5cace7e43e621,6816be1334bc5f118b922621,682bb91dcca266eb0035b183,0,0,,
682bba898f6c92b7216feb44,3465,survey-multi-choice,69,243722,0,650b8baa01b5cace7e43e621,6816be1334bc5f118b922621,682bb91dcca266eb0035b183,0,"{""Q0"":""색상""}",빨간불,practice_category
682bba898f6c92b7216feb46,988,html-button-response,70,244711,0,650b8baa01b5cace7e43e621,6816be1334bc5f118b922621,682bb91dcca266eb0035b183,0,0,,
682bba898f6c92b7216feb48,3134,survey-multi-choice,71,247846,0,650b8baa01b5cace7e43e621,6816be1334bc5f118b922621,682bb91dcca266eb0035b183,0,"{""Q0"":""형태""}",정사각형,practice_category
682bba898f6c92b7216feb4a,727,html-button-response,72,248574,0,650b8baa01b5cace7e43e621,6816be1334bc5f118b922621,682bb91dcca266eb0035b183,0,0,,
682bba898f6c92b7216feb4c,5383,survey-multi-choice,73,253958,0,650b8baa01b5cace7e43e621,6816be1334bc5f118b922621,682bb91dcca266eb0035b183,0,"{""Q0"":""물질""}",도자기,practice_category
682bba898f6c92b7216feb4e,825,html-button-response,74,254784,0,650b8baa01b5cace7e43e621,6816be1334bc5f118b922621,682bb91dcca266eb0035b183,0,0,,
682bba898f6c92b7216feb50,1267,html-button-response,75,256051,0,650b8baa01b5cace7e43e621,6816be1334bc5f118b922621,682bb91dcca266eb0035b183,0,0,,
682bba898f6c92b7216feb52,5503,survey-multi-choice,76,261556,0,650b8baa01b5cace7e43e621,6816be1334bc5f118b922621,682bb91dcca266eb0035b183,0,"{""Q0"":""물질""}",사다리,category_organization
682bba898f6c92b7216feb54,6194,survey-multi-choice,77,267751,0,650b8baa01b5cace7e43e621,6816be1334bc5f118b922621,682bb91dcca266eb0035b183,0,"{""Q0"":""물질""}",비누방울,category_organization
682bba898f6c92b7216feb56,2609,survey-multi-choice,78,270361,0,650b8baa01b5cace7e43e621,6816be1334bc5f118b922621,682bb91dcca266eb0035b183,0,"{""Q0"":""물질""}",수박,category_organization
682bba898f6c92b7216feb58,4123,survey-multi-choice,79,274486,0,650b8baa01b5cace7e43e621,6816be1334bc5f118b922621,682bb91dcca266eb0035b183,0,"{""Q0"":""형태""}",허리띠,category_organization
682bba898f6c92b7216feb5a,5356,survey-multi-choice,80,279842,0,650b8baa01b5cace7e43e621,6816be1334bc5f118b922621,682bb91dcca266eb0035b183,0,"{""Q0"":""형태""}",인형,category_organization
682bba898f6c92b7216feb5c,3861,survey-multi-choice,81,283705,0,650b8baa01b5cace7e43e621,6816be1334bc5f118b922621,682bb91dcca266eb0035b183,0,"{""Q0"":""물질""}",딸기,category_organization
682bba898f6c92b7216feb5e,2107,survey-multi-choice,82,285813,0,650b8baa01b5cace7e43e621,6816be1334bc5f118b922621,682bb91dcca266eb0035b183,0,"{""Q0"":""물질""}",피자,category_organization
682bba898f6c92b7216feb60,2324,survey-multi-choice,83,288138,0,650b8baa01b5cace7e43e621,6816be1334bc5f118b922621,682bb91dcca266eb0035b183,0,"{""Q0"":""물질""}",그릇,category_organization
682bba898f6c92b7216feb62,3035,survey-multi-choice,84,291175,0,650b8baa01b5cace7e43e621,6816be1334bc5f118b922621,682bb91dcca266eb0035b183,0,"{""Q0"":""물질""}",헬리콥터,category_organization
682bba898f6c92b7216feb64,3600,survey-multi-choice,85,294776,0,650b8baa01b5cace7e43e621,6816be1334bc5f118b922621,682bb91dcca266eb0035b183,0,"{""Q0"":""물질""}",배,category_organization
682bba898f6c92b7216feb66,5570,survey-multi-choice,86,300347,0,650b8baa01b5cace7e43e621,6816be1334bc5f118b922621,682bb91dcca266eb0035b183,0,"{""Q0"":""물질""}",혀,category_organization
682bba898f6c92b7216feb68,2226,survey-multi-choice,87,302574,0,650b8baa01b5cace7e43e621,6816be1334bc5f118b922621,682bb91dcca266eb0035b183,0,"{""Q0"":""물질""}",유리,category_organization
682bba898f6c92b7216feb6a,1998,survey-multi-choice,88,304573,0,650b8baa01b5cace7e43e621,6816be1334bc5f118b922621,682bb91dcca266eb0035b183,0,"{""Q0"":""물질""}",베개,category_organization
682bba898f6c92b7216feb6c,1976,survey-multi-choice,89,306550,0,650b8baa01b5cace7e43e621,6816be1334bc5f118b922621,682bb91dcca266eb0035b183,0,"{""Q0"":""물질""}",복숭아,category_organization
682bba898f6c92b7216feb6e,1634,survey-multi-choice,90,308185,0,650b8baa01b5cace7e43e621,6816be1334bc5f118b922621,682bb91dcca266eb0035b183,0,"{""Q0"":""해당 사항 없음""}",라벤더,category_organization
682bba898f6c92b7216feb70,3246,survey-multi-choice,91,311432,0,650b8baa01b5cace7e43e621,6816be1334bc5f118b922621,682bb91dcca266eb0035b183,0,"{""Q0"":""형태""}",턱,category_organization
682bba898f6c92b7216feb72,2781,survey-multi-choice,92,314214,0,650b8baa01b5cace7e43e621,6816be1334bc5f118b922621,682bb91dcca266eb0035b183,0,"{""Q0"":""물질""}",구름,category_organization
682bba898f6c92b7216feb74,1695,survey-multi-choice,93,315910,0,650b8baa01b5cace7e43e621,6816be1334bc5f118b922621,682bb91dcca266eb0035b183,0,"{""Q0"":""물질""}",단추,category_organization
682bba898f6c92b7216feb76,2765,survey-multi-choice,94,318677,0,650b8baa01b5cace7e43e621,6816be1334bc5f118b922621,682bb91dcca266eb0035b183,0,"{""Q0"":""물질""}",자전거,category_organization
682bba898f6c92b7216feb78,1762,survey-multi-choice,95,320440,0,650b8baa01b5cace7e43e621,6816be1334bc5f118b922621,682bb91dcca266eb0035b183,0,"{""Q0"":""물질""}",빗,category_organization
682bba898f6c92b7216feb7a,7409,survey-multi-choice,96,327850,0,650b8baa01b5cace7e43e621,6816be1334bc5f118b922621,682bb91dcca266eb0035b183,0,"{""Q0"":""물질""}",눈,category_organization
682bba898f6c92b7216feb7c,16041,html-button-response,97,343893,0,650b8baa01b5cace7e43e621,6816be1334bc5f118b922621,682bb91dcca266eb0035b183,0,0,,
682bd3e28f6c92b7216feb7e,4599,instructions,0,4600,0,6518a82104d46519d545374d,6816be1334bc5f118b922621,682bd239d230b0a29ab5cbc0,0,,,
682bd3e28f6c92b7216feb80,3214,instructions,1,7815,0,6518a82104d46519d545374d,6816be1334bc5f118b922621,682bd239d230b0a29ab5cbc0,0,,,
682bd3e28f6c92b7216feb82,8527,html-button-response,4,27988,0,6518a82104d46519d545374d,6816be1334bc5f118b922621,682bd239d230b0a29ab5cbc0,0,0,,
682bd3e28f6c92b7216feb84,6091,html-button-response,3,19460,0,6518a82104d46519d545374d,6816be1334bc5f118b922621,682bd239d230b0a29ab5cbc0,0,0,,
682bd3e28f6c92b7216feb86,5551,html-button-response,2,13368,0,6518a82104d46519d545374d,6816be1334bc5f118b922621,682bd239d230b0a29ab5cbc0,0,0,,
682bd3e28f6c92b7216feb88,3107,html-button-response,6,32971,0,6518a82104d46519d545374d,6816be1334bc5f118b922621,682bd239d230b0a29ab5cbc0,0,0,,
682bd3e28f6c92b7216feb8a,1875,html-button-response,5,29864,0,6518a82104d46519d545374d,6816be1334bc5f118b922621,682bd239d230b0a29ab5cbc0,0,0,,
682bd3e28f6c92b7216feb8c,12181,survey-multi-choice,7,45154,0,6518a82104d46519d545374d,6816be1334bc5f118b922621,682bd239d230b0a29ab5cbc0,0,"{""Q0"":""색상""}",빨간불,practice_category
682bd3e28f6c92b7216feb8e,2669,html-button-response,8,47824,0,6518a82104d46519d545374d,6816be1334bc5f118b922621,682bd239d230b0a29ab5cbc0,0,0,,
682bd3e28f6c92b7216feb90,5407,survey-multi-choice,9,53232,0,6518a82104d46519d545374d,6816be1334bc5f118b922621,682bd239d230b0a29ab5cbc0,0,"{""Q0"":""형태""}",정사각형,practice_category
682bd3e28f6c92b7216feb92,1106,html-button-response,10,54339,0,6518a82104d46519d545374d,6816be1334bc5f118b922621,682bd239d230b0a29ab5cbc0,0,0,,
682bd3e28f6c92b7216feb94,1933,html-button-response,12,63599,0,6518a82104d46519d545374d,6816be1334bc5f118b922621,682bd239d230b0a29ab5cbc0,0,0,,
682bd3e28f6c92b7216feb96,7326,survey-multi-choice,11,61666,0,6518a82104d46519d545374d,6816be1334bc5f118b922621,682bd239d230b0a29ab5cbc0,0,"{""Q0"":""형태""}",불안감,practice_category
682bd3e28f6c92b7216feb98,5976,survey-multi-choice,13,69576,0,6518a82104d46519d545374d,6816be1334bc5f118b922621,682bd239d230b0a29ab5cbc0,0,"{""Q0"":""물질""}",도자기,practice_category
682bd3e28f6c92b7216feb9a,951,html-button-response,14,70527,0,6518a82104d46519d545374d,6816be1334bc5f118b922621,682bd239d230b0a29ab5cbc0,0,0,,
682bd3e28f6c92b7216feb9c,1393,html-button-response,15,71921,0,6518a82104d46519d545374d,6816be1334bc5f118b922621,682bd239d230b0a29ab5cbc0,0,0,,
682bd3e28f6c92b7216feb9e,4841,survey-multi-choice,16,76763,0,6518a82104d46519d545374d,6816be1334bc5f118b922621,682bd239d230b0a29ab5cbc0,0,"{""Q0"":""물질""}",발톱,category_organization
682bd3e28f6c92b7216feba0,13706,survey-multi-choice,18,93953,0,6518a82104d46519d545374d,6816be1334bc5f118b922621,682bd239d230b0a29ab5cbc0,0,"{""Q0"":""물질""}",개미,category_organization
682bd3e28f6c92b7216feba2,3482,survey-multi-choice,17,80246,0,6518a82104d46519d545374d,6816be1334bc5f118b922621,682bd239d230b0a29ab5cbc0,0,"{""Q0"":""형태""}",모자,category_organization
682bd3e38f6c92b7216feba4,2995,survey-multi-choice,19,96949,0,6518a82104d46519d545374d,6816be1334bc5f118b922621,682bd239d230b0a29ab5cbc0,0,"{""Q0"":""형태""}",상자,category_organization
682bd3e38f6c92b7216feba6,8473,survey-multi-choice,20,105423,0,6518a82104d46519d545374d,6816be1334bc5f118b922621,682bd239d230b0a29ab5cbc0,0,"{""Q0"":""형태""}",얼굴,category_organization
682bd3e38f6c92b7216feba8,10389,survey-multi-choice,21,115813,0,6518a82104d46519d545374d,6816be1334bc5f118b922621,682bd239d230b0a29ab5cbc0,0,"{""Q0"":""물질""}",오렌지,category_organization
682bd3e38f6c92b7216febaa,4443,survey-multi-choice,22,120257,0,6518a82104d46519d545374d,6816be1334bc5f118b922621,682bd239d230b0a29ab5cbc0,0,"{""Q0"":""형태""}",이불,category_organization
682bd3e38f6c92b7216febac,3625,survey-multi-choice,23,123883,0,6518a82104d46519d545374d,6816be1334bc5f118b922621,682bd239d230b0a29ab5cbc0,0,"{""Q0"":""물질""}",닭고기,category_organization
682bd3e38f6c92b7216febae,8471,survey-multi-choice,24,132355,0,6518a82104d46519d545374d,6816be1334bc5f118b922621,682bd239d230b0a29ab5cbc0,0,"{""Q0"":""형태""}",버스,category_organization
682bd3e38f6c92b7216febb0,36915,survey-multi-choice,25,169271,0,6518a82104d46519d545374d,6816be1334bc5f118b922621,682bd239d230b0a29ab5cbc0,0,"{""Q0"":""형태""}",다람쥐,category_organization
682bd3e38f6c92b7216febb2,6763,survey-multi-choice,26,176035,0,6518a82104d46519d545374d,6816be1334bc5f118b922621,682bd239d230b0a29ab5cbc0,0,"{""Q0"":""형태""}",무릎,category_organization
682bd3e38f6c92b7216febb4,3216,survey-multi-choice,27,179252,0,6518a82104d46519d545374d,6816be1334bc5f118b922621,682bd239d230b0a29ab5cbc0,0,"{""Q0"":""형태""}",열쇠,category_organization
682bd3e38f6c92b7216febb6,3375,survey-multi-choice,28,182628,0,6518a82104d46519d545374d,6816be1334bc5f118b922621,682bd239d230b0a29ab5cbc0,0,"{""Q0"":""형태""}",참새,category_organization
682bd3e38f6c92b7216febb8,4039,survey-multi-choice,30,195726,0,6518a82104d46519d545374d,6816be1334bc5f118b922621,682bd239d230b0a29ab5cbc0,0,"{""Q0"":""형태""}",발,category_organization
682bd3e38f6c92b7216febba,9057,survey-multi-choice,29,191686,0,6518a82104d46519d545374d,6816be1334bc5f118b922621,682bd239d230b0a29ab5cbc0,0,"{""Q0"":""물질""}",과일,category_organization
682bd3e38f6c92b7216febbc,5387,survey-multi-choice,31,201114,0,6518a82104d46519d545374d,6816be1334bc5f118b922621,682bd239d230b0a29ab5cbc0,0,"{""Q0"":""형태""}",목걸이,category_organization
682bd3e38f6c92b7216febbe,33651,survey-multi-choice,32,234766,0,6518a82104d46519d545374d,6816be1334bc5f118b922621,682bd239d230b0a29ab5cbc0,0,"{""Q0"":""물질""}",비,category_organization
682bd3e38f6c92b7216febc0,2057,survey-multi-choice,33,236824,0,6518a82104d46519d545374d,6816be1334bc5f118b922621,682bd239d230b0a29ab5cbc0,0,"{""Q0"":""형태""}",주머니,category_organization
682bd3e38f6c92b7216febc2,4462,survey-multi-choice,34,241286,0,6518a82104d46519d545374d,6816be1334bc5f118b922621,682bd239d230b0a29ab5cbc0,0,"{""Q0"":""물질""}",라면,category_organization
682bd3e38f6c92b7216febc4,3053,survey-multi-choice,36,248576,0,6518a82104d46519d545374d,6816be1334bc5f118b922621,682bd239d230b0a29ab5cbc0,0,"{""Q0"":""해당 사항 없음""}",라벤더,category_organization
682bd3e38f6c92b7216febc6,4235,survey-multi-choice,35,245522,0,6518a82104d46519d545374d,6816be1334bc5f118b922621,682bd239d230b0a29ab5cbc0,0,"{""Q0"":""형태""}",새,category_organization
682bd3e38f6c92b7216febc8,3711,html-button-response,37,252288,0,6518a82104d46519d545374d,6816be1334bc5f118b922621,682bd239d230b0a29ab5cbc0,0,0,,
682bd3e38f6c92b7216febca,673,html-button-response,39,254519,0,6518a82104d46519d545374d,6816be1334bc5f118b922621,682bd239d230b0a29ab5cbc0,0,0,,
682bd3e38f6c92b7216febcc,1557,html-button-response,38,253846,0,6518a82104d46519d545374d,6816be1334bc5f118b922621,682bd239d230b0a29ab5cbc0,0,0,,
682bd3e38f6c92b7216febce,1221,html-button-response,40,255741,0,6518a82104d46519d545374d,6816be1334bc5f118b922621,682bd239d230b0a29ab5cbc0,0,0,,
682bd3e38f6c92b7216febd0,527,html-button-response,42,259058,0,6518a82104d46519d545374d,6816be1334bc5f118b922621,682bd239d230b0a29ab5cbc0,0,0,,
682bd3e38f6c92b7216febd2,2788,survey-multi-choice,41,258530,0,6518a82104d46519d545374d,6816be1334bc5f118b922621,682bd239d230b0a29ab5cbc0,0,"{""Q0"":""비고형물""}",우유,practice_solidity
682bd3e38f6c92b7216febd4,2186,survey-multi-choice,43,261244,0,6518a82104d46519d545374d,6816be1334bc5f118b922621,682bd239d230b0a29ab5cbc0,0,"{""Q0"":""고형물""}",책상,practice_solidity
682bd3e38f6c92b7216febd6,459,html-button-response,44,261704,0,6518a82104d46519d545374d,6816be1334bc5f118b922621,682bd239d230b0a29ab5cbc0,0,0,,
682bd3e38f6c92b7216febd8,2146,survey-multi-choice,46,264689,0,6518a82104d46519d545374d,6816be1334bc5f118b922621,682bd239d230b0a29ab5cbc0,0,"{""Q0"":""고형물""}",고구마,solidity
682bd3e38f6c92b7216febda,838,html-button-response,45,262542,0,6518a82104d46519d545374d,6816be1334bc5f118b922621,682bd239d230b0a29ab5cbc0,0,0,,
682bd3e38f6c92b7216febdc,1427,survey-multi-choice,48,267722,0,6518a82104d46519d545374d,6816be1334bc5f118b922621,682bd239d230b0a29ab5cbc0,0,"{""Q0"":""고형물""}",세탁기,solidity
682bd3e38f6c92b7216febde,1605,survey-multi-choice,47,266294,0,6518a82104d46519d545374d,6816be1334bc5f118b922621,682bd239d230b0a29ab5cbc0,0,"{""Q0"":""고형물""}",하마,solidity
682bd3e38f6c92b7216febe0,2347,survey-multi-choice,49,270070,0,6518a82104d46519d545374d,6816be1334bc5f118b922621,682bd239d230b0a29ab5cbc0,0,"{""Q0"":""고형물""}",총,solidity
682bd3e38f6c92b7216febe2,4147,survey-multi-choice,50,274218,0,6518a82104d46519d545374d,6816be1334bc5f118b922621,682bd239d230b0a29ab5cbc0,0,"{""Q0"":""고형물""}",손가락,solidity
682bd3e38f6c92b7216febe4,2747,survey-multi-choice,52,278336,0,6518a82104d46519d545374d,6816be1334bc5f118b922621,682bd239d230b0a29ab5cbc0,0,"{""Q0"":""고형물""}",유리,solidity
682bd3e38f6c92b7216febe6,1369,survey-multi-choice,51,275588,0,6518a82104d46519d545374d,6816be1334bc5f118b922621,682bd239d230b0a29ab5cbc0,0,"{""Q0"":""고형물""}",배꼽,solidity
682bd3e38f6c92b7216febe8,1409,survey-multi-choice,54,281348,0,6518a82104d46519d545374d,6816be1334bc5f118b922621,682bd239d230b0a29ab5cbc0,0,"{""Q0"":""고형물""}",빗자루,solidity
682bd3e38f6c92b7216febea,1601,survey-multi-choice,53,279938,0,6518a82104d46519d545374d,6816be1334bc5f118b922621,682bd239d230b0a29ab5cbc0,0,"{""Q0"":""고형물""}",잠바,solidity
682bd3e38f6c92b7216febec,1479,survey-multi-choice,55,282828,0,6518a82104d46519d545374d,6816be1334bc5f118b922621,682bd239d230b0a29ab5cbc0,0,"{""Q0"":""고형물""}",여우,solidity
682bd3e38f6c92b7216febee,1645,survey-multi-choice,56,284474,0,6518a82104d46519d545374d,6816be1334bc5f118b922621,682bd239d230b0a29ab5cbc0,0,"{""Q0"":""고형물""}",병,solidity
682bd3e38f6c92b7216febf0,1705,survey-multi-choice,57,286180,0,6518a82104d46519d545374d,6816be1334bc5f118b922621,682bd239d230b0a29ab5cbc0,0,"{""Q0"":""고형물""}",소파,solidity
682bd3e38f6c92b7216febf2,1266,survey-multi-choice,58,287446,0,6518a82104d46519d545374d,6816be1334bc5f118b922621,682bd239d230b0a29ab5cbc0,0,"{""Q0"":""고형물""}",땅콩,solidity
682bd3e38f6c92b7216febf4,14692,survey-multi-choice,60,303546,0,6518a82104d46519d545374d,6816be1334bc5f118b922621,682bd239d230b0a29ab5cbc0,0,"{""Q0"":""해당 사항 없음""}",라벤더,solidity
682bd3e38f6c92b7216febf6,1407,survey-multi-choice,59,288853,0,6518a82104d46519d545374d,6816be1334bc5f118b922621,682bd239d230b0a29ab5cbc0,0,"{""Q0"":""고형물""}",기저귀,solidity
682bd3e48f6c92b7216febf8,4501,survey-multi-choice,61,308048,0,6518a82104d46519d545374d,6816be1334bc5f118b922621,682bd239d230b0a29ab5cbc0,0,"{""Q0"":""고형물""}",거북이,solidity
682bd3e48f6c92b7216febfa,3601,survey-multi-choice,62,311650,0,6518a82104d46519d545374d,6816be1334bc5f118b922621,682bd239d230b0a29ab5cbc0,0,"{""Q0"":""비고형물""}",치약,solidity
682bd3e48f6c92b7216febfc,1296,survey-multi-choice,63,312947,0,6518a82104d46519d545374d,6816be1334bc5f118b922621,682bd239d230b0a29ab5cbc0,0,"{""Q0"":""고형물""}",구두,solidity
682bd3e48f6c92b7216febfe,3998,survey-multi-choice,64,316946,0,6518a82104d46519d545374d,6816be1334bc5f118b922621,682bd239d230b0a29ab5cbc0,0,"{""Q0"":""고형물""}",닭,solidity
682bd3e48f6c92b7216fec00,2083,survey-multi-choice,66,320312,0,6518a82104d46519d545374d,6816be1334bc5f118b922621,682bd239d230b0a29ab5cbc0,0,"{""Q0"":""고형물""}",기린,solidity
682bd3e48f6c92b7216fec02,1281,survey-multi-choice,65,318228,0,6518a82104d46519d545374d,6816be1334bc5f118b922621,682bd239d230b0a29ab5cbc0,0,"{""Q0"":""고형물""}",머리,solidity
682bd3e48f6c92b7216fec04,6272,html-button-response,67,326585,0,6518a82104d46519d545374d,6816be1334bc5f118b922621,682bd239d230b0a29ab5cbc0,0,0,,
682bd3e48f6c92b7216fec06,1268,html-button-response,68,327854,0,6518a82104d46519d545374d,6816be1334bc5f118b922621,682bd239d230b0a29ab5cbc0,0,0,,
682bd3e48f6c92b7216fec08,833,html-button-response,69,328688,0,6518a82104d46519d545374d,6816be1334bc5f118b922621,682bd239d230b0a29ab5cbc0,0,0,,
682bd3e48f6c92b7216fec0a,2452,html-button-response,70,331140,0,6518a82104d46519d545374d,6816be1334bc5f118b922621,682bd239d230b0a29ab5cbc0,0,0,,
682bd3e48f6c92b7216fec0c,1343,html-button-response,72,343962,0,6518a82104d46519d545374d,6816be1334bc5f118b922621,682bd239d230b0a29ab5cbc0,0,0,,
682bd3e48f6c92b7216fec0e,11477,survey-multi-choice,71,342618,0,6518a82104d46519d545374d,6816be1334bc5f118b922621,682bd239d230b0a29ab5cbc0,0,"{""Q0"":""셀 수 없다""}",설탕,practice_countmass
682bd3e48f6c92b7216fec10,2190,survey-multi-choice,73,346152,0,6518a82104d46519d545374d,6816be1334bc5f118b922621,682bd239d230b0a29ab5cbc0,0,"{""Q0"":""셀 수 있다""}",의자,practice_countmass
682bd3e48f6c92b7216fec12,465,html-button-response,74,346618,0,6518a82104d46519d545374d,6816be1334bc5f118b922621,682bd239d230b0a29ab5cbc0,0,0,,
682bd3e48f6c92b7216fec14,666,html-button-response,75,347284,0,6518a82104d46519d545374d,6816be1334bc5f118b922621,682bd239d230b0a29ab5cbc0,0,0,,
682bd3e48f6c92b7216fec16,4539,survey-multi-choice,76,351824,0,6518a82104d46519d545374d,6816be1334bc5f118b922621,682bd239d230b0a29ab5cbc0,0,"{""Q0"":""셀 수 있다""}",창문,count_mass
682bd3e48f6c92b7216fec18,1361,survey-multi-choice,78,359412,0,6518a82104d46519d545374d,6816be1334bc5f118b922621,682bd239d230b0a29ab5cbc0,0,"{""Q0"":""셀 수 있다""}",다리,count_mass
682bd3e48f6c92b7216fec1a,6225,survey-multi-choice,77,358050,0,6518a82104d46519d545374d,6816be1334bc5f118b922621,682bd239d230b0a29ab5cbc0,0,"{""Q0"":""셀 수 있다""}",혀,count_mass
682bd3e48f6c92b7216fec1c,1505,survey-multi-choice,79,360918,0,6518a82104d46519d545374d,6816be1334bc5f118b922621,682bd239d230b0a29ab5cbc0,0,"{""Q0"":""셀 수 있다""}",휴지,count_mass
682bd3e48f6c92b7216fec1e,1467,survey-multi-choice,80,362386,0,6518a82104d46519d545374d,6816be1334bc5f118b922621,682bd239d230b0a29ab5cbc0,0,"{""Q0"":""셀 수 있다""}",햄버거,count_mass
682bd3e48f6c92b7216fec20,1541,survey-multi-choice,81,363928,0,6518a82104d46519d545374d,6816be1334bc5f118b922621,682bd239d230b0a29ab5cbc0,0,"{""Q0"":""셀 수 있다""}",물고기,count_mass
682bd3e48f6c92b7216fec22,1496,survey-multi-choice,82,365424,0,6518a82104d46519d545374d,6816be1334bc5f118b922621,682bd239d230b0a29ab5cbc0,0,"{""Q0"":""셀 수 있다""}",양말,count_mass
682bd3e48f6c92b7216fec24,4357,survey-multi-choice,84,371162,0,6518a82104d46519d545374d,6816be1334bc5f118b922621,682bd239d230b0a29ab5cbc0,0,"{""Q0"":""셀 수 있다""}",등,count_mass
682bd3e48f6c92b7216fec26,1379,survey-multi-choice,83,366804,0,6518a82104d46519d545374d,6816be1334bc5f118b922621,682bd239d230b0a29ab5cbc0,0,"{""Q0"":""셀 수 있다""}",염소,count_mass
682bd3e48f6c92b7216fec28,1481,survey-multi-choice,85,372644,0,6518a82104d46519d545374d,6816be1334bc5f118b922621,682bd239d230b0a29ab5cbc0,0,"{""Q0"":""셀 수 있다""}",썰매,count_mass
682bd3e48f6c92b7216fec2a,22323,survey-multi-choice,86,394968,0,6518a82104d46519d545374d,6816be1334bc5f118b922621,682bd239d230b0a29ab5cbc0,0,"{""Q0"":""셀 수 있다""}",회색,count_mass
682bd3e48f6c92b7216fec2c,3121,survey-multi-choice,87,398089,0,6518a82104d46519d545374d,6816be1334bc5f118b922621,682bd239d230b0a29ab5cbc0,0,"{""Q0"":""셀 수 있다""}",쓰레기통/휴지통,count_mass
682bd3e48f6c92b7216fec2e,3120,survey-multi-choice,88,401209,0,6518a82104d46519d545374d,6816be1334bc5f118b922621,682bd239d230b0a29ab5cbc0,0,"{""Q0"":""셀 수 있다""}",사탕,count_mass
682bd3e48f6c92b7216fec30,1355,survey-multi-choice,90,404058,0,6518a82104d46519d545374d,6816be1334bc5f118b922621,682bd239d230b0a29ab5cbc0,0,"{""Q0"":""셀 수 있다""}",바지,count_mass
682bd3e48f6c92b7216fec32,1492,survey-multi-choice,89,402702,0,6518a82104d46519d545374d,6816be1334bc5f118b922621,682bd239d230b0a29ab5cbc0,0,"{""Q0"":""셀 수 있다""}",계단,count_mass
682bd3e48f6c92b7216fec34,3124,survey-multi-choice,91,407182,0,6518a82104d46519d545374d,6816be1334bc5f118b922621,682bd239d230b0a29ab5cbc0,0,"{""Q0"":""셀 수 있다""}",약,count_mass
682bd3e48f6c92b7216fec36,1675,survey-multi-choice,92,408858,0,6518a82104d46519d545374d,6816be1334bc5f118b922621,682bd239d230b0a29ab5cbc0,0,"{""Q0"":""셀 수 있다""}",손,count_mass
682bd3e48f6c92b7216fec38,1313,survey-multi-choice,93,410172,0,6518a82104d46519d545374d,6816be1334bc5f118b922621,682bd239d230b0a29ab5cbc0,0,"{""Q0"":""셀 수 있다""}",라디오,count_mass
682bd3e48f6c92b7216fec3a,1765,survey-multi-choice,94,411937,0,6518a82104d46519d545374d,6816be1334bc5f118b922621,682bd239d230b0a29ab5cbc0,0,"{""Q0"":""셀 수 있다""}",목욕탕,count_mass
682bd3e48f6c92b7216fec3c,1399,survey-multi-choice,96,416400,0,6518a82104d46519d545374d,6816be1334bc5f118b922621,682bd239d230b0a29ab5cbc0,0,"{""Q0"":""셀 수 있다""}",걸레,count_mass
682bd3e48f6c92b7216fec3e,3062,survey-multi-choice,95,415000,0,6518a82104d46519d545374d,6816be1334bc5f118b922621,682bd239d230b0a29ab5cbc0,0,"{""Q0"":""셀 수 있다""}",김,count_mass
682bd3e48f6c92b7216fec40,1841,html-button-response,97,418242,0,6518a82104d46519d545374d,6816be1334bc5f118b922621,682bd239d230b0a29ab5cbc0,0,0,,
682c0b798f6c92b7216fec42,5975,instructions,0,5977,0,61026cadb23cf6dca7e0c12e,6816be1334bc5f118b922621,682c098c19995da32a0f6aee,0,,,
682c0b798f6c92b7216fec44,10723,html-button-response,2,26325,0,61026cadb23cf6dca7e0c12e,6816be1334bc5f118b922621,682c098c19995da32a0f6aee,0,0,,
682c0b798f6c92b7216fec46,30117,html-button-response,4,64361,0,61026cadb23cf6dca7e0c12e,6816be1334bc5f118b922621,682c098c19995da32a0f6aee,0,0,,
682c0b798f6c92b7216fec48,7918,html-button-response,3,34244,0,61026cadb23cf6dca7e0c12e,6816be1334bc5f118b922621,682c098c19995da32a0f6aee,0,0,,
682c0b798f6c92b7216fec4a,9618,instructions,1,15596,0,61026cadb23cf6dca7e0c12e,6816be1334bc5f118b922621,682c098c19995da32a0f6aee,0,,,
682c0b798f6c92b7216fec4c,5231,html-button-response,5,69593,0,61026cadb23cf6dca7e0c12e,6816be1334bc5f118b922621,682c098c19995da32a0f6aee,0,0,,
682c0b798f6c92b7216fec4e,2416,html-button-response,10,102676,0,61026cadb23cf6dca7e0c12e,6816be1334bc5f118b922621,682c098c19995da32a0f6aee,0,0,,
682c0b798f6c92b7216fec50,10100,survey-multi-choice,9,100260,0,61026cadb23cf6dca7e0c12e,6816be1334bc5f118b922621,682c098c19995da32a0f6aee,0,"{""Q0"":""형태""}",정사각형,practice_category
682c0b798f6c92b7216fec52,12931,survey-multi-choice,7,87095,0,61026cadb23cf6dca7e0c12e,6816be1334bc5f118b922621,682c098c19995da32a0f6aee,0,"{""Q0"":""해당 사항 없음""}",불안감,practice_category
682c0b798f6c92b7216fec54,4567,html-button-response,6,74161,0,61026cadb23cf6dca7e0c12e,6816be1334bc5f118b922621,682c098c19995da32a0f6aee,0,0,,
682c0b798f6c92b7216fec56,3064,html-button-response,8,90160,0,61026cadb23cf6dca7e0c12e,6816be1334bc5f118b922621,682c098c19995da32a0f6aee,0,0,,
682c0b798f6c92b7216fec58,7618,survey-multi-choice,11,110294,0,61026cadb23cf6dca7e0c12e,6816be1334bc5f118b922621,682c098c19995da32a0f6aee,0,"{""Q0"":""색상""}",빨간불,practice_category
682c0b798f6c92b7216fec5a,11110,survey-multi-choice,13,123560,0,61026cadb23cf6dca7e0c12e,6816be1334bc5f118b922621,682c098c19995da32a0f6aee,0,"{""Q0"":""물질""}",도자기,practice_category
682c0b798f6c92b7216fec5c,10298,survey-multi-choice,16,137293,0,61026cadb23cf6dca7e0c12e,6816be1334bc5f118b922621,682c098c19995da32a0f6aee,0,"{""Q0"":""형태""}",사다리,category_organization
682c0b798f6c92b7216fec5e,2155,html-button-response,12,112449,0,61026cadb23cf6dca7e0c12e,6816be1334bc5f118b922621,682c098c19995da32a0f6aee,0,0,,
682c0b798f6c92b7216fec60,1900,html-button-response,15,126994,0,61026cadb23cf6dca7e0c12e,6816be1334bc5f118b922621,682c098c19995da32a0f6aee,0,0,,
682c0b798f6c92b7216fec62,1532,html-button-response,14,125093,0,61026cadb23cf6dca7e0c12e,6816be1334bc5f118b922621,682c098c19995da32a0f6aee,0,0,,
682c0b798f6c92b7216fec64,10149,survey-multi-choice,17,147443,0,61026cadb23cf6dca7e0c12e,6816be1334bc5f118b922621,682c098c19995da32a0f6aee,0,"{""Q0"":""해당 사항 없음""}",잠옷,category_organization
682c0b798f6c92b7216fec66,6261,survey-multi-choice,18,153705,0,61026cadb23cf6dca7e0c12e,6816be1334bc5f118b922621,682c098c19995da32a0f6aee,0,"{""Q0"":""형태""}",서랍,category_organization
682c0b798f6c92b7216fec68,5266,survey-multi-choice,22,175631,0,61026cadb23cf6dca7e0c12e,6816be1334bc5f118b922621,682c098c19995da32a0f6aee,0,"{""Q0"":""형태""}",쥐,category_organization
682c0b798f6c92b7216fec6a,3988,survey-multi-choice,19,157694,0,61026cadb23cf6dca7e0c12e,6816be1334bc5f118b922621,682c098c19995da32a0f6aee,0,"{""Q0"":""해당 사항 없음""}",라벤더,category_organization
682c0b798f6c92b7216fec6c,4916,survey-multi-choice,21,170362,0,61026cadb23cf6dca7e0c12e,6816be1334bc5f118b922621,682c098c19995da32a0f6aee,0,"{""Q0"":""형태""}",입술,category_organization
682c0b798f6c92b7216fec6e,7750,survey-multi-choice,20,165445,0,61026cadb23cf6dca7e0c12e,6816be1334bc5f118b922621,682c098c19995da32a0f6aee,0,"{""Q0"":""해당 사항 없음""}",로봇,category_organization
682c0b798f6c92b7216fec70,9046,survey-multi-choice,23,184678,0,61026cadb23cf6dca7e0c12e,6816be1334bc5f118b922621,682c098c19995da32a0f6aee,0,"{""Q0"":""물질""}",라면,category_organization
682c0b798f6c92b7216fec72,3366,survey-multi-choice,28,230309,0,61026cadb23cf6dca7e0c12e,6816be1334bc5f118b922621,682c098c19995da32a0f6aee,0,"{""Q0"":""형태""}",포크,category_organization
682c0b798f6c92b7216fec74,12897,survey-multi-choice,24,197577,0,61026cadb23cf6dca7e0c12e,6816be1334bc5f118b922621,682c098c19995da32a0f6aee,0,"{""Q0"":""형태""}",단추,category_organization
682c0b798f6c92b7216fec76,9966,survey-multi-choice,25,207544,0,61026cadb23cf6dca7e0c12e,6816be1334bc5f118b922621,682c098c19995da32a0f6aee,0,"{""Q0"":""형태""}",악어,category_organization
682c0b798f6c92b7216fec78,14785,survey-multi-choice,26,222329,0,61026cadb23cf6dca7e0c12e,6816be1334bc5f118b922621,682c098c19995da32a0f6aee,0,"{""Q0"":""해당 사항 없음""}",국,category_organization
682c0b798f6c92b7216fec7a,4613,survey-multi-choice,27,226943,0,61026cadb23cf6dca7e0c12e,6816be1334bc5f118b922621,682c098c19995da32a0f6aee,0,"{""Q0"":""형태""}",컵,category_organization
682c0b798f6c92b7216fec7c,8616,survey-multi-choice,29,238926,0,61026cadb23cf6dca7e0c12e,6816be1334bc5f118b922621,682c098c19995da32a0f6aee,0,"{""Q0"":""해당 사항 없음""}",오리,category_organization
682c0b798f6c92b7216fec7e,4058,survey-multi-choice,31,251051,0,61026cadb23cf6dca7e0c12e,6816be1334bc5f118b922621,682c098c19995da32a0f6aee,0,"{""Q0"":""해당 사항 없음""}",메론,category_organization
682c0b798f6c92b7216fec80,3432,survey-multi-choice,33,266160,0,61026cadb23cf6dca7e0c12e,6816be1334bc5f118b922621,682c098c19995da32a0f6aee,0,"{""Q0"":""형태""}",운동화,category_organization
682c0b798f6c92b7216fec82,7599,survey-multi-choice,34,273759,0,61026cadb23cf6dca7e0c12e,6816be1334bc5f118b922621,682c098c19995da32a0f6aee,0,"{""Q0"":""해당 사항 없음""}",머리카락,category_organization
682c0b798f6c92b7216fec84,11675,survey-multi-choice,32,262727,0,61026cadb23cf6dca7e0c12e,6816be1334bc5f118b922621,682c098c19995da32a0f6aee,0,"{""Q0"":""형태""}",발목,category_organization
682c0b798f6c92b7216fec86,5589,survey-multi-choice,35,279349,0,61026cadb23cf6dca7e0c12e,6816be1334bc5f118b922621,682c098c19995da32a0f6aee,0,"{""Q0"":""물질""}",불,category_organization
682c0b798f6c92b7216fec88,8066,survey-multi-choice,30,246993,0,61026cadb23cf6dca7e0c12e,6816be1334bc5f118b922621,682c098c19995da32a0f6aee,0,"{""Q0"":""해당 사항 없음""}",햄버거,category_organization
682c0b798f6c92b7216fec8a,3981,html-button-response,38,298491,0,61026cadb23cf6dca7e0c12e,6816be1334bc5f118b922621,682c098c19995da32a0f6aee,0,0,,
682c0b798f6c92b7216fec8c,1969,html-button-response,39,300461,0,61026cadb23cf6dca7e0c12e,6816be1334bc5f118b922621,682c098c19995da32a0f6aee,0,0,,
682c0b798f6c92b7216fec8e,5976,survey-multi-choice,36,285326,0,61026cadb23cf6dca7e0c12e,6816be1334bc5f118b922621,682c098c19995da32a0f6aee,0,"{""Q0"":""해당 사항 없음""}",사과,category_organization
682c0b798f6c92b7216fec90,9182,html-button-response,37,294509,0,61026cadb23cf6dca7e0c12e,6816be1334bc5f118b922621,682c098c19995da32a0f6aee,0,0,,
682c0b798f6c92b7216fec92,3349,html-button-response,40,303811,0,61026cadb23cf6dca7e0c12e,6816be1334bc5f118b922621,682c098c19995da32a0f6aee,0,0,,
682c0b798f6c92b7216fec94,5153,survey-multi-choice,41,308965,0,61026cadb23cf6dca7e0c12e,6816be1334bc5f118b922621,682c098c19995da32a0f6aee,0,"{""Q0"":""비고형물""}",우유,practice_solidity
682c0b7a8f6c92b7216fec96,700,html-button-response,44,314926,0,61026cadb23cf6dca7e0c12e,6816be1334bc5f118b922621,682c098c19995da32a0f6aee,0,0,,
682c0b7a8f6c92b7216fec98,910,html-button-response,42,309876,0,61026cadb23cf6dca7e0c12e,6816be1334bc5f118b922621,682c098c19995da32a0f6aee,0,0,,
682c0b7a8f6c92b7216fec9a,966,html-button-response,45,315894,0,61026cadb23cf6dca7e0c12e,6816be1334bc5f118b922621,682c098c19995da32a0f6aee,0,0,,
682c0b7a8f6c92b7216fec9c,4349,survey-multi-choice,43,314226,0,61026cadb23cf6dca7e0c12e,6816be1334bc5f118b922621,682c098c19995da32a0f6aee,0,"{""Q0"":""고형물""}",책상,practice_solidity
682c0b7a8f6c92b7216fec9e,3748,survey-multi-choice,46,319643,0,61026cadb23cf6dca7e0c12e,6816be1334bc5f118b922621,682c098c19995da32a0f6aee,0,"{""Q0"":""고형물""}",피아노,solidity
682c0b7a8f6c92b7216feca0,4215,survey-multi-choice,47,323859,0,61026cadb23cf6dca7e0c12e,6816be1334bc5f118b922621,682c098c19995da32a0f6aee,0,"{""Q0"":""고형물""}",양,solidity
682c0b7a8f6c92b7216feca2,2683,survey-multi-choice,48,326543,0,61026cadb23cf6dca7e0c12e,6816be1334bc5f118b922621,682c098c19995da32a0f6aee,0,"{""Q0"":""고형물""}",팔,solidity
682c0b7a8f6c92b7216feca4,2251,survey-multi-choice,50,331160,0,61026cadb23cf6dca7e0c12e,6816be1334bc5f118b922621,682c098c19995da32a0f6aee,0,"{""Q0"":""고형물""}",망치,solidity
682c0b7a8f6c92b7216feca6,2366,survey-multi-choice,49,328909,0,61026cadb23cf6dca7e0c12e,6816be1334bc5f118b922621,682c098c19995da32a0f6aee,0,"{""Q0"":""고형물""}",돼지,solidity
682c0b7a8f6c92b7216feca8,2549,survey-multi-choice,52,336026,0,61026cadb23cf6dca7e0c12e,6816be1334bc5f118b922621,682c098c19995da32a0f6aee,0,"{""Q0"":""고형물""}",라벤더,solidity
682c0b7a8f6c92b7216fecaa,2315,survey-multi-choice,51,333476,0,61026cadb23cf6dca7e0c12e,6816be1334bc5f118b922621,682c098c19995da32a0f6aee,0,"{""Q0"":""고형물""}",그림,solidity
682c0b7a8f6c92b7216fecac,3111,survey-multi-choice,53,339137,0,61026cadb23cf6dca7e0c12e,6816be1334bc5f118b922621,682c098c19995da32a0f6aee,0,"{""Q0"":""고형물""}",벌레,solidity
682c0b7a8f6c92b7216fecae,2397,survey-multi-choice,57,353592,0,61026cadb23cf6dca7e0c12e,6816be1334bc5f118b922621,682c098c19995da32a0f6aee,0,"{""Q0"":""고형물""}",안경,solidity
682c0b7a8f6c92b7216fecb0,5921,survey-multi-choice,58,359514,0,61026cadb23cf6dca7e0c12e,6816be1334bc5f118b922621,682c098c19995da32a0f6aee,0,"{""Q0"":""고형물""}",눈,solidity
682c0b7a8f6c92b7216fecb2,6533,survey-multi-choice,55,348309,0,61026cadb23cf6dca7e0c12e,6816be1334bc5f118b922621,682c098c19995da32a0f6aee,0,"{""Q0"":""고형물""}",배꼽,solidity
682c0b7a8f6c92b7216fecb4,2638,survey-multi-choice,54,341775,0,61026cadb23cf6dca7e0c12e,6816be1334bc5f118b922621,682c098c19995da32a0f6aee,0,"{""Q0"":""고형물""}",개미,solidity
682c0b7a8f6c92b7216fecb6,2883,survey-multi-choice,56,351193,0,61026cadb23cf6dca7e0c12e,6816be1334bc5f118b922621,682c098c19995da32a0f6aee,0,"{""Q0"":""고형물""}",옥수수,solidity
682c0b7a8f6c92b7216fecb8,2218,survey-multi-choice,59,361733,0,61026cadb23cf6dca7e0c12e,6816be1334bc5f118b922621,682c098c19995da32a0f6aee,0,"{""Q0"":""고형물""}",여우,solidity
682c0b7a8f6c92b7216fecba,2999,survey-multi-choice,60,364732,0,61026cadb23cf6dca7e0c12e,6816be1334bc5f118b922621,682c098c19995da32a0f6aee,0,"{""Q0"":""고형물""}",김,solidity
682c0b7a8f6c92b7216fecbc,2466,survey-multi-choice,63,376292,0,61026cadb23cf6dca7e0c12e,6816be1334bc5f118b922621,682c098c19995da32a0f6aee,0,"{""Q0"":""고형물""}",가방,solidity
682c0b7a8f6c92b7216fecbe,2842,survey-multi-choice,62,373826,0,61026cadb23cf6dca7e0c12e,6816be1334bc5f118b922621,682c098c19995da32a0f6aee,0,"{""Q0"":""고형물""}",스파게티,solidity
682c0b7a8f6c92b7216fecc0,2184,survey-multi-choice,64,378477,0,61026cadb23cf6dca7e0c12e,6816be1334bc5f118b922621,682c098c19995da32a0f6aee,0,"{""Q0"":""고형물""}",풀,solidity
682c0b7a8f6c92b7216fecc2,6251,survey-multi-choice,61,370983,0,61026cadb23cf6dca7e0c12e,6816be1334bc5f118b922621,682c098c19995da32a0f6aee,0,"{""Q0"":""고형물""}",화장실,solidity
682c0b7a8f6c92b7216fecc4,2271,survey-multi-choice,65,380749,0,61026cadb23cf6dca7e0c12e,6816be1334bc5f118b922621,682c098c19995da32a0f6aee,0,"{""Q0"":""고형물""}",염소,solidity
682c0b7a8f6c92b7216fecc6,2343,survey-multi-choice,66,383092,0,61026cadb23cf6dca7e0c12e,6816be1334bc5f118b922621,682c098c19995da32a0f6aee,0,"{""Q0"":""고형물""}",못,solidity
682c0b7a8f6c92b7216fecc8,4239,html-button-response,68,392167,0,61026cadb23cf6dca7e0c12e,6816be1334bc5f118b922621,682c098c19995da32a0f6aee,0,0,,
682c0b7a8f6c92b7216fecca,4834,html-button-response,67,387927,0,61026cadb23cf6dca7e0c12e,6816be1334bc5f118b922621,682c098c19995da32a0f6aee,0,0,,
682c0b7a8f6c92b7216feccc,3992,html-button-response,70,396992,0,61026cadb23cf6dca7e0c12e,6816be1334bc5f118b922621,682c098c19995da32a0f6aee,0,0,,
682c0b7a8f6c92b7216fecce,832,html-button-response,69,392999,0,61026cadb23cf6dca7e0c12e,6816be1334bc5f118b922621,682c098c19995da32a0f6aee,0,0,,
682c0b7a8f6c92b7216fecd0,4316,survey-multi-choice,71,401310,0,61026cadb23cf6dca7e0c12e,6816be1334bc5f118b922621,682c098c19995da32a0f6aee,0,"{""Q0"":""셀 수 있다""}",의자,practice_countmass
682c0b7a8f6c92b7216fecd2,4198,html-button-response,72,405509,0,61026cadb23cf6dca7e0c12e,6816be1334bc5f118b922621,682c098c19995da32a0f6aee,0,0,,
682c0b7a8f6c92b7216fecd4,1716,html-button-response,75,420009,0,61026cadb23cf6dca7e0c12e,6816be1334bc5f118b922621,682c098c19995da32a0f6aee,0,0,,
682c0b7a8f6c92b7216fecd6,3034,survey-multi-choice,76,423043,0,61026cadb23cf6dca7e0c12e,6816be1334bc5f118b922621,682c098c19995da32a0f6aee,0,"{""Q0"":""셀 수 있다""}",도너츠,count_mass
682c0b7a8f6c92b7216fecd8,7516,html-button-response,74,418293,0,61026cadb23cf6dca7e0c12e,6816be1334bc5f118b922621,682c098c19995da32a0f6aee,0,0,,
682c0b7a8f6c92b7216fecda,5267,survey-multi-choice,73,410776,0,61026cadb23cf6dca7e0c12e,6816be1334bc5f118b922621,682c098c19995da32a0f6aee,0,"{""Q0"":""셀 수 없다""}",설탕,practice_countmass
682c0b7a8f6c92b7216fecdc,7466,survey-multi-choice,78,432909,0,61026cadb23cf6dca7e0c12e,6816be1334bc5f118b922621,682c098c19995da32a0f6aee,0,"{""Q0"":""셀 수 있다""}",어깨,count_mass
682c0b7a8f6c92b7216fecde,2398,survey-multi-choice,77,425442,0,61026cadb23cf6dca7e0c12e,6816be1334bc5f118b922621,682c098c19995da32a0f6aee,0,"{""Q0"":""셀 수 있다""}",밤,count_mass
682c0b7a8f6c92b7216fece0,2456,survey-multi-choice,82,443732,0,61026cadb23cf6dca7e0c12e,6816be1334bc5f118b922621,682c098c19995da32a0f6aee,0,"{""Q0"":""셀 수 있다""}",생선,count_mass
682c0b7a8f6c92b7216fece2,2814,survey-multi-choice,81,441276,0,61026cadb23cf6dca7e0c12e,6816be1334bc5f118b922621,682c098c19995da32a0f6aee,0,"{""Q0"":""셀 수 있다""}",고추,count_mass
682c0b7a8f6c92b7216fece4,2903,survey-multi-choice,79,435812,0,61026cadb23cf6dca7e0c12e,6816be1334bc5f118b922621,682c098c19995da32a0f6aee,0,"{""Q0"":""셀 수 없다""}",구름,count_mass
682c0b7a8f6c92b7216fece6,2648,survey-multi-choice,80,438461,0,61026cadb23cf6dca7e0c12e,6816be1334bc5f118b922621,682c098c19995da32a0f6aee,0,"{""Q0"":""셀 수 있다""}",딸기,count_mass
682c0b7a8f6c92b7216fece8,2143,survey-multi-choice,83,445876,0,61026cadb23cf6dca7e0c12e,6816be1334bc5f118b922621,682c098c19995da32a0f6aee,0,"{""Q0"":""셀 수 있다""}",기저귀,count_mass
682c0b7a8f6c92b7216fecea,3000,survey-multi-choice,84,448876,0,61026cadb23cf6dca7e0c12e,6816be1334bc5f118b922621,682c098c19995da32a0f6aee,0,"{""Q0"":""셀 수 없다""}",회색,count_mass
682c0b7a8f6c92b7216fecec,1932,survey-multi-choice,86,453359,0,61026cadb23cf6dca7e0c12e,6816be1334bc5f118b922621,682c098c19995da32a0f6aee,0,"{""Q0"":""셀 수 있다""}",감,count_mass
682c0b7a8f6c92b7216fecee,2549,survey-multi-choice,85,451426,0,61026cadb23cf6dca7e0c12e,6816be1334bc5f118b922621,682c098c19995da32a0f6aee,0,"{""Q0"":""셀 수 있다""}",달,count_mass
682c0b7a8f6c92b7216fecf0,2566,survey-multi-choice,87,455925,0,61026cadb23cf6dca7e0c12e,6816be1334bc5f118b922621,682c098c19995da32a0f6aee,0,"{""Q0"":""셀 수 있다""}",청소기,count_mass
682c0b7a8f6c92b7216fecf2,2714,survey-multi-choice,89,461792,0,61026cadb23cf6dca7e0c12e,6816be1334bc5f118b922621,682c098c19995da32a0f6aee,0,"{""Q0"":""셀 수 있다""}",빗자루,count_mass
682c0b7a8f6c92b7216fecf4,3151,survey-multi-choice,88,459077,0,61026cadb23cf6dca7e0c12e,6816be1334bc5f118b922621,682c098c19995da32a0f6aee,0,"{""Q0"":""셀 수 있다""}",고기,count_mass
682c0b7a8f6c92b7216fecf6,2974,survey-multi-choice,90,464766,0,61026cadb23cf6dca7e0c12e,6816be1334bc5f118b922621,682c098c19995da32a0f6aee,0,"{""Q0"":""셀 수 있다""}",선물,count_mass
682c0b7a8f6c92b7216fecf8,2192,survey-multi-choice,91,466959,0,61026cadb23cf6dca7e0c12e,6816be1334bc5f118b922621,682c098c19995da32a0f6aee,0,"{""Q0"":""셀 수 있다""}",걸레,count_mass
682c0b7a8f6c92b7216fecfa,2250,survey-multi-choice,92,469209,0,61026cadb23cf6dca7e0c12e,6816be1334bc5f118b922621,682c098c19995da32a0f6aee,0,"{""Q0"":""셀 수 있다""}",토마토,count_mass
682c0b7a8f6c92b7216fecfc,2457,survey-multi-choice,94,473992,0,61026cadb23cf6dca7e0c12e,6816be1334bc5f118b922621,682c098c19995da32a0f6aee,0,"{""Q0"":""셀 수 있다""}",기차,count_mass
682c0b7a8f6c92b7216fecfe,2325,survey-multi-choice,93,471535,0,61026cadb23cf6dca7e0c12e,6816be1334bc5f118b922621,682c098c19995da32a0f6aee,0,"{""Q0"":""셀 수 있다""}",접시,count_mass
682c0b7a8f6c92b7216fed00,1989,survey-multi-choice,95,475982,0,61026cadb23cf6dca7e0c12e,6816be1334bc5f118b922621,682c098c19995da32a0f6aee,0,"{""Q0"":""셀 수 있다""}",카메라,count_mass
682c0b7a8f6c92b7216fed02,2127,survey-multi-choice,96,478110,0,61026cadb23cf6dca7e0c12e,6816be1334bc5f118b922621,682c098c19995da32a0f6aee,0,"{""Q0"":""셀 수 있다""}",호떡,count_mass
682c0b7a8f6c92b7216fed04,6488,html-button-response,97,484599,0,61026cadb23cf6dca7e0c12e,6816be1334bc5f118b922621,682c098c19995da32a0f6aee,0,0,,
682e1ce78f6c92b7216fed06,29652,instructions,1,44792,0,61004e962509f21ce295df3d,6816be1334bc5f118b922621,682e18421bb4dc5bcdd2fc86,0,,,
682e1ce78f6c92b7216fed08,15136,instructions,0,15139,0,61004e962509f21ce295df3d,6816be1334bc5f118b922621,682e18421bb4dc5bcdd2fc86,0,,,
682e1ce78f6c92b7216fed0a,30452,html-button-response,2,75247,0,61004e962509f21ce295df3d,6816be1334bc5f118b922621,682e18421bb4dc5bcdd2fc86,0,0,,
682e1ce78f6c92b7216fed0c,14488,html-button-response,3,89735,0,61004e962509f21ce295df3d,6816be1334bc5f118b922621,682e18421bb4dc5bcdd2fc86,0,0,,
682e1ce78f6c92b7216fed0e,31983,html-button-response,4,121719,0,61004e962509f21ce295df3d,6816be1334bc5f118b922621,682e18421bb4dc5bcdd2fc86,0,0,,
682e1ce78f6c92b7216fed10,9420,html-button-response,5,131139,0,61004e962509f21ce295df3d,6816be1334bc5f118b922621,682e18421bb4dc5bcdd2fc86,0,0,,
682e1ce78f6c92b7216fed12,15869,html-button-response,6,147008,0,61004e962509f21ce295df3d,6816be1334bc5f118b922621,682e18421bb4dc5bcdd2fc86,0,0,,
682e1ce78f6c92b7216fed14,29608,survey-multi-choice,7,176617,0,61004e962509f21ce295df3d,6816be1334bc5f118b922621,682e18421bb4dc5bcdd2fc86,0,"{""Q0"":""색상""}",빨간불,practice_category
682e1ce78f6c92b7216fed16,6788,html-button-response,8,183406,0,61004e962509f21ce295df3d,6816be1334bc5f118b922621,682e18421bb4dc5bcdd2fc86,0,0,,
682e1ce78f6c92b7216fed18,6616,survey-multi-choice,64,953871,0,61004e962509f21ce295df3d,6816be1334bc5f118b922621,682e18421bb4dc5bcdd2fc86,0,"{""Q0"":""고형물""}",참새,solidity
682e1ce78f6c92b7216fed1a,2107,survey-multi-choice,65,955979,0,61004e962509f21ce295df3d,6816be1334bc5f118b922621,682e18421bb4dc5bcdd2fc86,0,"{""Q0"":""고형물""}",말,solidity
682e1ce78f6c92b7216fed1c,3088,survey-multi-choice,66,959067,0,61004e962509f21ce295df3d,6816be1334bc5f118b922621,682e18421bb4dc5bcdd2fc86,0,"{""Q0"":""비고형물""}",콜라,solidity
682e1ce78f6c92b7216fed1e,18950,html-button-response,70,1007399,0,61004e962509f21ce295df3d,6816be1334bc5f118b922621,682e18421bb4dc5bcdd2fc86,0,0,,
682e1ce78f6c92b7216fed20,5171,html-button-response,69,988450,0,61004e962509f21ce295df3d,6816be1334bc5f118b922621,682e18421bb4dc5bcdd2fc86,0,0,,
682e1ce78f6c92b7216fed22,8417,html-button-response,97,1182701,0,61004e962509f21ce295df3d,6816be1334bc5f118b922621,682e18421bb4dc5bcdd2fc86,0,0,,
682e1ce78f6c92b7216fed24,2907,survey-multi-choice,95,1170904,0,61004e962509f21ce295df3d,6816be1334bc5f118b922621,682e18421bb4dc5bcdd2fc86,0,"{""Q0"":""셀 수 있다""}",쥐,count_mass
682e1ce78f6c92b7216fed26,12160,html-button-response,68,983279,0,61004e962509f21ce295df3d,6816be1334bc5f118b922621,682e18421bb4dc5bcdd2fc86,0,0,,
682e1ce78f6c92b7216fed28,3379,survey-multi-choice,96,1174284,0,61004e962509f21ce295df3d,6816be1334bc5f118b922621,682e18421bb4dc5bcdd2fc86,0,"{""Q0"":""셀 수 없다""}",나무,count_mass
682e1ce78f6c92b7216fed2a,2496,survey-multi-choice,94,1167997,0,61004e962509f21ce295df3d,6816be1334bc5f118b922621,682e18421bb4dc5bcdd2fc86,0,"{""Q0"":""셀 수 있다""}",햄버거,count_mass
682e1ce78f6c92b7216fed2c,12050,html-button-response,67,971118,0,61004e962509f21ce295df3d,6816be1334bc5f118b922621,682e18421bb4dc5bcdd2fc86,0,0,,
682e1ce88f6c92b7216fed2e,24341,survey-multi-choice,9,207748,0,61004e962509f21ce295df3d,6816be1334bc5f118b922621,682e18421bb4dc5bcdd2fc86,0,"{""Q0"":""형태""}",도자기,practice_category
682e1ce88f6c92b7216fed30,1859,survey-multi-choice,93,1165501,0,61004e962509f21ce295df3d,6816be1334bc5f118b922621,682e18421bb4dc5bcdd2fc86,0,"{""Q0"":""셀 수 있다""}",소,count_mass
682e1ce88f6c92b7216fed32,3964,survey-multi-choice,91,1161786,0,61004e962509f21ce295df3d,6816be1334bc5f118b922621,682e18421bb4dc5bcdd2fc86,0,"{""Q0"":""셀 수 있다""}",장난감,count_mass
682e1ce88f6c92b7216fed34,15495,html-button-response,10,223243,0,61004e962509f21ce295df3d,6816be1334bc5f118b922621,682e18421bb4dc5bcdd2fc86,0,0,,
682e1ce88f6c92b7216fed36,27890,survey-multi-choice,11,251136,0,61004e962509f21ce295df3d,6816be1334bc5f118b922621,682e18421bb4dc5bcdd2fc86,0,"{""Q0"":""형태""}",불안감,practice_category
682e1ce88f6c92b7216fed38,9410,survey-multi-choice,13,267073,0,61004e962509f21ce295df3d,6816be1334bc5f118b922621,682e18421bb4dc5bcdd2fc86,0,"{""Q0"":""형태""}",정사각형,practice_category
682e1ce88f6c92b7216fed3a,1855,survey-multi-choice,92,1163641,0,61004e962509f21ce295df3d,6816be1334bc5f118b922621,682e18421bb4dc5bcdd2fc86,0,"{""Q0"":""셀 수 없다""}",별,count_mass
682e1ce88f6c92b7216fed3c,6527,html-button-response,12,257663,0,61004e962509f21ce295df3d,6816be1334bc5f118b922621,682e18421bb4dc5bcdd2fc86,0,0,,
682e1ce88f6c92b7216fed42,6836,html-button-response,14,273910,0,61004e962509f21ce295df3d,6816be1334bc5f118b922621,682e18421bb4dc5bcdd2fc86,0,0,,
682e1ce88f6c92b7216fed3e,2661,survey-multi-choice,90,1157821,0,61004e962509f21ce295df3d,6816be1334bc5f118b922621,682e18421bb4dc5bcdd2fc86,0,"{""Q0"":""셀 수 있다""}",수건,count_mass
682e1ce88f6c92b7216fed40,4655,survey-multi-choice,89,1155159,0,61004e962509f21ce295df3d,6816be1334bc5f118b922621,682e18421bb4dc5bcdd2fc86,0,"{""Q0"":""셀 수 있다""}",신/신발,count_mass
682e1ce88f6c92b7216fed44,2773,survey-multi-choice,88,1150504,0,61004e962509f21ce295df3d,6816be1334bc5f118b922621,682e18421bb4dc5bcdd2fc86,0,"{""Q0"":""셀 수 있다""}",기차,count_mass
682e1ce88f6c92b7216fed46,28262,html-button-response,15,302173,0,61004e962509f21ce295df3d,6816be1334bc5f118b922621,682e18421bb4dc5bcdd2fc86,0,0,,
682e1ce88f6c92b7216fed48,26313,survey-multi-choice,16,328487,0,61004e962509f21ce295df3d,6816be1334bc5f118b922621,682e18421bb4dc5bcdd2fc86,0,"{""Q0"":""물질""}",흙,category_organization
682e1ce88f6c92b7216fed4a,8870,survey-multi-choice,87,1147731,0,61004e962509f21ce295df3d,6816be1334bc5f118b922621,682e18421bb4dc5bcdd2fc86,0,"{""Q0"":""셀 수 있다""}",회색,count_mass
682e1ce88f6c92b7216fed4c,2592,survey-multi-choice,85,1130857,0,61004e962509f21ce295df3d,6816be1334bc5f118b922621,682e18421bb4dc5bcdd2fc86,0,"{""Q0"":""셀 수 없다""}",고기,count_mass
682e1ce88f6c92b7216fed4e,20920,survey-multi-choice,17,349409,0,61004e962509f21ce295df3d,6816be1334bc5f118b922621,682e18421bb4dc5bcdd2fc86,0,"{""Q0"":""형태""}",목걸이,category_organization
682e1ce88f6c92b7216fed50,8002,survey-multi-choice,86,1138860,0,61004e962509f21ce295df3d,6816be1334bc5f118b922621,682e18421bb4dc5bcdd2fc86,0,"{""Q0"":""셀 수 있다""}",옷/꼬까,count_mass
682e1ce88f6c92b7216fed52,5379,survey-multi-choice,84,1128264,0,61004e962509f21ce295df3d,6816be1334bc5f118b922621,682e18421bb4dc5bcdd2fc86,0,"{""Q0"":""셀 수 있다""}",총,count_mass
682e1ce88f6c92b7216fed54,17172,survey-multi-choice,18,366582,0,61004e962509f21ce295df3d,6816be1334bc5f118b922621,682e18421bb4dc5bcdd2fc86,0,"{""Q0"":""물질""}",옥수수,category_organization
682e1ce88f6c92b7216fed56,3185,survey-multi-choice,83,1122884,0,61004e962509f21ce295df3d,6816be1334bc5f118b922621,682e18421bb4dc5bcdd2fc86,0,"{""Q0"":""셀 수 없다""}",국,count_mass
682e1ce88f6c92b7216fed58,9297,survey-multi-choice,20,389655,0,61004e962509f21ce295df3d,6816be1334bc5f118b922621,682e18421bb4dc5bcdd2fc86,0,"{""Q0"":""형태""}",구두,category_organization
682e1ce88f6c92b7216fed5a,13776,survey-multi-choice,19,380358,0,61004e962509f21ce295df3d,6816be1334bc5f118b922621,682e18421bb4dc5bcdd2fc86,0,"{""Q0"":""물질""}",바위,category_organization
682e1ce88f6c92b7216fed5c,6731,survey-multi-choice,82,1119699,0,61004e962509f21ce295df3d,6816be1334bc5f118b922621,682e18421bb4dc5bcdd2fc86,0,"{""Q0"":""셀 수 있다""}",악어,count_mass
682e1ce88f6c92b7216fed5e,14073,survey-multi-choice,21,403730,0,61004e962509f21ce295df3d,6816be1334bc5f118b922621,682e18421bb4dc5bcdd2fc86,0,"{""Q0"":""물질""}",떡,category_organization
682e1ce88f6c92b7216fed60,19739,survey-multi-choice,22,423469,0,61004e962509f21ce295df3d,6816be1334bc5f118b922621,682e18421bb4dc5bcdd2fc86,0,"{""Q0"":""형태""}",토끼,category_organization
682e1ce88f6c92b7216fed62,5339,survey-multi-choice,81,1112967,0,61004e962509f21ce295df3d,6816be1334bc5f118b922621,682e18421bb4dc5bcdd2fc86,0,"{""Q0"":""셀 수 있다""}",엉덩이,count_mass
682e1ce88f6c92b7216fed64,3364,survey-multi-choice,80,1107627,0,61004e962509f21ce295df3d,6816be1334bc5f118b922621,682e18421bb4dc5bcdd2fc86,0,"{""Q0"":""셀 수 있다""}",오토바이,count_mass
682e1ce88f6c92b7216fed66,5251,survey-multi-choice,23,428721,0,61004e962509f21ce295df3d,6816be1334bc5f118b922621,682e18421bb4dc5bcdd2fc86,0,"{""Q0"":""해당 사항 없음""}",라벤더,category_organization
682e1ce88f6c92b7216fed68,17182,survey-multi-choice,79,1104262,0,61004e962509f21ce295df3d,6816be1334bc5f118b922621,682e18421bb4dc5bcdd2fc86,0,"{""Q0"":""셀 수 없다""}",하늘,count_mass
682e1ce88f6c92b7216fed6a,10211,survey-multi-choice,24,438933,0,61004e962509f21ce295df3d,6816be1334bc5f118b922621,682e18421bb4dc5bcdd2fc86,0,"{""Q0"":""형태""}",트럭,category_organization
682e1ce88f6c92b7216fed6c,27323,survey-multi-choice,25,466258,0,61004e962509f21ce295df3d,6816be1334bc5f118b922621,682e18421bb4dc5bcdd2fc86,0,"{""Q0"":""형태""}",라면,category_organization
682e1ce88f6c92b7216fed6e,7542,survey-multi-choice,78,1087080,0,61004e962509f21ce295df3d,6816be1334bc5f118b922621,682e18421bb4dc5bcdd2fc86,0,"{""Q0"":""셀 수 있다""}",숟가락,count_mass
682e1ce88f6c92b7216fed70,16442,survey-multi-choice,76,1066390,0,61004e962509f21ce295df3d,6816be1334bc5f118b922621,682e18421bb4dc5bcdd2fc86,0,"{""Q0"":""셀 수 있다""}",기저귀,count_mass
682e1ce88f6c92b7216fed72,13147,survey-multi-choice,77,1079537,0,61004e962509f21ce295df3d,6816be1334bc5f118b922621,682e18421bb4dc5bcdd2fc86,0,"{""Q0"":""셀 수 있다""}",목욕탕,count_mass
682e1ce88f6c92b7216fed74,12327,survey-multi-choice,26,478586,0,61004e962509f21ce295df3d,6816be1334bc5f118b922621,682e18421bb4dc5bcdd2fc86,0,"{""Q0"":""물질""}",베개,category_organization
682e1ce88f6c92b7216fed76,41109,survey-multi-choice,27,519695,0,61004e962509f21ce295df3d,6816be1334bc5f118b922621,682e18421bb4dc5bcdd2fc86,0,"{""Q0"":""형태""}",송아지,category_organization
682e1ce88f6c92b7216fed78,4270,html-button-response,75,1049947,0,61004e962509f21ce295df3d,6816be1334bc5f118b922621,682e18421bb4dc5bcdd2fc86,0,0,,
682e1ce88f6c92b7216fed7a,13930,survey-multi-choice,28,533625,0,61004e962509f21ce295df3d,6816be1334bc5f118b922621,682e18421bb4dc5bcdd2fc86,0,"{""Q0"":""형태""}",부엉이,category_organization
682e1ce88f6c92b7216fed7c,25666,survey-multi-choice,29,559293,0,61004e962509f21ce295df3d,6816be1334bc5f118b922621,682e18421bb4dc5bcdd2fc86,0,"{""Q0"":""물질""}",화장실,category_organization
682e1ce88f6c92b7216fed7e,9420,survey-multi-choice,73,1037194,0,61004e962509f21ce295df3d,6816be1334bc5f118b922621,682e18421bb4dc5bcdd2fc86,0,"{""Q0"":""셀 수 있다""}",의자,practice_countmass
682e1ce88f6c92b7216fed80,11270,survey-multi-choice,30,570564,0,61004e962509f21ce295df3d,6816be1334bc5f118b922621,682e18421bb4dc5bcdd2fc86,0,"{""Q0"":""물질""}",호떡,category_organization
682e1ce88f6c92b7216fed82,8483,html-button-response,74,1045676,0,61004e962509f21ce295df3d,6816be1334bc5f118b922621,682e18421bb4dc5bcdd2fc86,0,0,,
682e1ce88f6c92b7216fed84,7752,html-button-response,72,1027774,0,61004e962509f21ce295df3d,6816be1334bc5f118b922621,682e18421bb4dc5bcdd2fc86,0,0,,
682e1ce88f6c92b7216fed86,8972,survey-multi-choice,31,579536,0,61004e962509f21ce295df3d,6816be1334bc5f118b922621,682e18421bb4dc5bcdd2fc86,0,"{""Q0"":""형태""}",쌀,category_organization
682e1ce88f6c92b7216fed88,12621,survey-multi-choice,71,1020021,0,61004e962509f21ce295df3d,6816be1334bc5f118b922621,682e18421bb4dc5bcdd2fc86,0,"{""Q0"":""셀 수 있다""}",설탕,practice_countmass
682e1ce88f6c92b7216fed8a,13409,survey-multi-choice,32,592947,0,61004e962509f21ce295df3d,6816be1334bc5f118b922621,682e18421bb4dc5bcdd2fc86,0,"{""Q0"":""형태""}",새,category_organization
682e1ce88f6c92b7216fed8c,8253,survey-multi-choice,63,947254,0,61004e962509f21ce295df3d,6816be1334bc5f118b922621,682e18421bb4dc5bcdd2fc86,0,"{""Q0"":""고형물""}",허리띠,solidity
682e1ce88f6c92b7216fed8e,41367,survey-multi-choice,33,634316,0,61004e962509f21ce295df3d,6816be1334bc5f118b922621,682e18421bb4dc5bcdd2fc86,0,"{""Q0"":""형태""}",그릇,category_organization
682e1ce88f6c92b7216fed90,5987,survey-multi-choice,62,939000,0,61004e962509f21ce295df3d,6816be1334bc5f118b922621,682e18421bb4dc5bcdd2fc86,0,"{""Q0"":""고형물""}",돈,solidity
682e1ce88f6c92b7216fed92,21192,survey-multi-choice,34,655507,0,61004e962509f21ce295df3d,6816be1334bc5f118b922621,682e18421bb4dc5bcdd2fc86,0,"{""Q0"":""해당 사항 없음""}",그림,category_organization
682e1ce88f6c92b7216fed94,6982,survey-multi-choice,61,933013,0,61004e962509f21ce295df3d,6816be1334bc5f118b922621,682e18421bb4dc5bcdd2fc86,0,"{""Q0"":""고형물""}",귀,solidity
682e1ce88f6c92b7216fed96,16909,survey-multi-choice,35,672416,0,61004e962509f21ce295df3d,6816be1334bc5f118b922621,682e18421bb4dc5bcdd2fc86,0,"{""Q0"":""해당 사항 없음""}",방,category_organization
682e1ce88f6c92b7216fed98,6587,survey-multi-choice,60,926031,0,61004e962509f21ce295df3d,6816be1334bc5f118b922621,682e18421bb4dc5bcdd2fc86,0,"{""Q0"":""고형물""}",턱,solidity
682e1ce88f6c92b7216fed9a,5153,survey-multi-choice,36,677571,0,61004e962509f21ce295df3d,6816be1334bc5f118b922621,682e18421bb4dc5bcdd2fc86,0,"{""Q0"":""형태""}",팔,category_organization
682e1ce88f6c92b7216fed9c,15931,html-button-response,37,693502,0,61004e962509f21ce295df3d,6816be1334bc5f118b922621,682e18421bb4dc5bcdd2fc86,0,0,,
682e1ce88f6c92b7216fed9e,4932,survey-multi-choice,59,919442,0,61004e962509f21ce295df3d,6816be1334bc5f118b922621,682e18421bb4dc5bcdd2fc86,0,"{""Q0"":""고형물""}",손가락,solidity
682e1ce88f6c92b7216feda0,5116,survey-multi-choice,58,914509,0,61004e962509f21ce295df3d,6816be1334bc5f118b922621,682e18421bb4dc5bcdd2fc86,0,"{""Q0"":""해당 사항 없음""}",소금,solidity
682e1ce88f6c92b7216feda2,6086,html-button-response,39,742576,0,61004e962509f21ce295df3d,6816be1334bc5f118b922621,682e18421bb4dc5bcdd2fc86,0,0,,
682e1ce88f6c92b7216feda4,3336,survey-multi-choice,57,909392,0,61004e962509f21ce295df3d,6816be1334bc5f118b922621,682e18421bb4dc5bcdd2fc86,0,"{""Q0"":""고형물""}",라벤더,solidity
682e1ce88f6c92b7216feda6,42985,html-button-response,38,736490,0,61004e962509f21ce295df3d,6816be1334bc5f118b922621,682e18421bb4dc5bcdd2fc86,0,0,,
682e1ce88f6c92b7216feda8,9208,survey-multi-choice,56,906055,0,61004e962509f21ce295df3d,6816be1334bc5f118b922621,682e18421bb4dc5bcdd2fc86,0,"{""Q0"":""해당 사항 없음""}",냉장고,solidity
682e1ce88f6c92b7216fedaa,11666,html-button-response,40,754243,0,61004e962509f21ce295df3d,6816be1334bc5f118b922621,682e18421bb4dc5bcdd2fc86,0,0,,
682e1ce88f6c92b7216fedac,10264,survey-multi-choice,55,896847,0,61004e962509f21ce295df3d,6816be1334bc5f118b922621,682e18421bb4dc5bcdd2fc86,0,"{""Q0"":""고형물""}",배,solidity
682e1ce88f6c92b7216fedae,4482,survey-multi-choice,54,886580,0,61004e962509f21ce295df3d,6816be1334bc5f118b922621,682e18421bb4dc5bcdd2fc86,0,"{""Q0"":""고형물""}",계단,solidity
682e1ce88f6c92b7216fedb0,12781,survey-multi-choice,41,767025,0,61004e962509f21ce295df3d,6816be1334bc5f118b922621,682e18421bb4dc5bcdd2fc86,0,"{""Q0"":""고형물""}",책상,practice_solidity
682e1ce88f6c92b7216fedb2,796,html-button-response,42,767822,0,61004e962509f21ce295df3d,6816be1334bc5f118b922621,682e18421bb4dc5bcdd2fc86,0,0,,
682e1ce88f6c92b7216fedb4,10359,survey-multi-choice,53,882096,0,61004e962509f21ce295df3d,6816be1334bc5f118b922621,682e18421bb4dc5bcdd2fc86,0,"{""Q0"":""해당 사항 없음""}",운동화,solidity
682e1ce88f6c92b7216fedb6,516,html-button-response,44,785274,0,61004e962509f21ce295df3d,6816be1334bc5f118b922621,682e18421bb4dc5bcdd2fc86,0,0,,
682e1ce88f6c92b7216fedb8,4665,survey-multi-choice,52,871737,0,61004e962509f21ce295df3d,6816be1334bc5f118b922621,682e18421bb4dc5bcdd2fc86,0,"{""Q0"":""고형물""}",텔레비전,solidity
682e1ce88f6c92b7216fedba,16934,survey-multi-choice,43,784757,0,61004e962509f21ce295df3d,6816be1334bc5f118b922621,682e18421bb4dc5bcdd2fc86,0,"{""Q0"":""비고형물""}",우유,practice_solidity
682e1ce88f6c92b7216fedbc,5735,html-button-response,45,791010,0,61004e962509f21ce295df3d,6816be1334bc5f118b922621,682e18421bb4dc5bcdd2fc86,0,0,,
682e1ce88f6c92b7216fedbe,4330,survey-multi-choice,50,853661,0,61004e962509f21ce295df3d,6816be1334bc5f118b922621,682e18421bb4dc5bcdd2fc86,0,"{""Q0"":""고형물""}",초콜렛,solidity
682e1ce88f6c92b7216fedc0,13409,survey-multi-choice,51,867071,0,61004e962509f21ce295df3d,6816be1334bc5f118b922621,682e18421bb4dc5bcdd2fc86,0,"{""Q0"":""비고형물""}",불,solidity
682e1ce88f6c92b7216fedc2,10558,survey-multi-choice,46,801568,0,61004e962509f21ce295df3d,6816be1334bc5f118b922621,682e18421bb4dc5bcdd2fc86,0,"{""Q0"":""고형물""}",옷장,solidity
682e1ce88f6c92b7216fedc4,24961,survey-multi-choice,49,849330,0,61004e962509f21ce295df3d,6816be1334bc5f118b922621,682e18421bb4dc5bcdd2fc86,0,"{""Q0"":""해당 사항 없음""}",코트/외투,solidity
682e1ce88f6c92b7216fedc6,10230,survey-multi-choice,47,811799,0,61004e962509f21ce295df3d,6816be1334bc5f118b922621,682e18421bb4dc5bcdd2fc86,0,"{""Q0"":""고형물""}",병아리,solidity
682e1ce88f6c92b7216fedc8,12568,survey-multi-choice,48,824367,0,61004e962509f21ce295df3d,6816be1334bc5f118b922621,682e18421bb4dc5bcdd2fc86,0,"{""Q0"":""고형물""}",코끼리,solidity
682ed78c8f6c92b7216fedca,8053,instructions,0,8055,0,645b033adde7d75b45fdefcf,6816be1334bc5f118b922621,682ed620e7dcacc0c9725f04,0,,,
682ed78c8f6c92b7216fedcc,2135,instructions,1,10190,0,645b033adde7d75b45fdefcf,6816be1334bc5f118b922621,682ed620e7dcacc0c9725f04,0,,,
682ed78c8f6c92b7216fedce,2434,html-button-response,2,12626,0,645b033adde7d75b45fdefcf,6816be1334bc5f118b922621,682ed620e7dcacc0c9725f04,0,0,,
682ed78c8f6c92b7216fedd0,6860,survey-multi-choice,6,22813,0,645b033adde7d75b45fdefcf,6816be1334bc5f118b922621,682ed620e7dcacc0c9725f04,0,"{""Q0"":""셀 수 없다""}",설탕,practice_countmass
682ed78c8f6c92b7216fedd2,1164,html-button-response,5,15950,0,645b033adde7d75b45fdefcf,6816be1334bc5f118b922621,682ed620e7dcacc0c9725f04,0,0,,
682ed78c8f6c92b7216fedd4,1178,html-button-response,3,13805,0,645b033adde7d75b45fdefcf,6816be1334bc5f118b922621,682ed620e7dcacc0c9725f04,0,0,,
682ed78c8f6c92b7216fedd6,977,html-button-response,4,14784,0,645b033adde7d75b45fdefcf,6816be1334bc5f118b922621,682ed620e7dcacc0c9725f04,0,0,,
682ed78c8f6c92b7216fedd8,4846,survey-multi-choice,8,31113,0,645b033adde7d75b45fdefcf,6816be1334bc5f118b922621,682ed620e7dcacc0c9725f04,0,"{""Q0"":""셀 수 있다""}",의자,practice_countmass
682ed78c8f6c92b7216fedda,3452,html-button-response,7,26266,0,645b033adde7d75b45fdefcf,6816be1334bc5f118b922621,682ed620e7dcacc0c9725f04,0,0,,
682ed78c8f6c92b7216feddc,1786,html-button-response,9,32901,0,645b033adde7d75b45fdefcf,6816be1334bc5f118b922621,682ed620e7dcacc0c9725f04,0,0,,
682ed78c8f6c92b7216fedde,6473,html-button-response,10,39376,0,645b033adde7d75b45fdefcf,6816be1334bc5f118b922621,682ed620e7dcacc0c9725f04,0,0,,
682ed78c8f6c92b7216fede0,2118,survey-multi-choice,11,41496,0,645b033adde7d75b45fdefcf,6816be1334bc5f118b922621,682ed620e7dcacc0c9725f04,0,"{""Q0"":""셀 수 있다""}",숟가락,count_mass
682ed78c8f6c92b7216fede2,2700,survey-multi-choice,12,44197,0,645b033adde7d75b45fdefcf,6816be1334bc5f118b922621,682ed620e7dcacc0c9725f04,0,"{""Q0"":""셀 수 있다""}",회색,count_mass
682ed78c8f6c92b7216fede4,2741,survey-multi-choice,13,46940,0,645b033adde7d75b45fdefcf,6816be1334bc5f118b922621,682ed620e7dcacc0c9725f04,0,"{""Q0"":""셀 수 있다""}",사과,count_mass
682ed78c8f6c92b7216fede6,1872,survey-multi-choice,14,48814,0,645b033adde7d75b45fdefcf,6816be1334bc5f118b922621,682ed620e7dcacc0c9725f04,0,"{""Q0"":""셀 수 있다""}",별,count_mass
682ed78c8f6c92b7216fede8,1443,survey-multi-choice,15,50258,0,645b033adde7d75b45fdefcf,6816be1334bc5f118b922621,682ed620e7dcacc0c9725f04,0,"{""Q0"":""셀 수 있다""}",불자동차/소방차,count_mass
682ed78c8f6c92b7216fedea,1358,survey-multi-choice,17,52881,0,645b033adde7d75b45fdefcf,6816be1334bc5f118b922621,682ed620e7dcacc0c9725f04,0,"{""Q0"":""셀 수 있다""}",공룡,count_mass
682ed78c8f6c92b7216fedec,1262,survey-multi-choice,16,51521,0,645b033adde7d75b45fdefcf,6816be1334bc5f118b922621,682ed620e7dcacc0c9725f04,0,"{""Q0"":""셀 수 있다""}",시소,count_mass
682ed78c8f6c92b7216fedee,1226,survey-multi-choice,18,54109,0,645b033adde7d75b45fdefcf,6816be1334bc5f118b922621,682ed620e7dcacc0c9725f04,0,"{""Q0"":""셀 수 있다""}",딸기,count_mass
682ed78c8f6c92b7216fedf0,1200,survey-multi-choice,19,55310,0,645b033adde7d75b45fdefcf,6816be1334bc5f118b922621,682ed620e7dcacc0c9725f04,0,"{""Q0"":""셀 수 있다""}",감,count_mass
682ed78c8f6c92b7216fedf2,1160,survey-multi-choice,20,56471,0,645b033adde7d75b45fdefcf,6816be1334bc5f118b922621,682ed620e7dcacc0c9725f04,0,"{""Q0"":""셀 수 있다""}",손,count_mass
682ed78c8f6c92b7216fedf4,1607,survey-multi-choice,21,58079,0,645b033adde7d75b45fdefcf,6816be1334bc5f118b922621,682ed620e7dcacc0c9725f04,0,"{""Q0"":""셀 수 있다""}",책,count_mass
682ed78c8f6c92b7216fedf6,2278,survey-multi-choice,22,60359,0,645b033adde7d75b45fdefcf,6816be1334bc5f118b922621,682ed620e7dcacc0c9725f04,0,"{""Q0"":""셀 수 있다""}",오리,count_mass
682ed78c8f6c92b7216fedf8,2312,survey-multi-choice,23,62671,0,645b033adde7d75b45fdefcf,6816be1334bc5f118b922621,682ed620e7dcacc0c9725f04,0,"{""Q0"":""셀 수 있다""}",똥꼬,count_mass
682ed78c8f6c92b7216fedfa,1312,survey-multi-choice,24,63984,0,645b033adde7d75b45fdefcf,6816be1334bc5f118b922621,682ed620e7dcacc0c9725f04,0,"{""Q0"":""셀 수 있다""}",메론,count_mass
682ed78c8f6c92b7216fedfc,1341,survey-multi-choice,25,65327,0,645b033adde7d75b45fdefcf,6816be1334bc5f118b922621,682ed620e7dcacc0c9725f04,0,"{""Q0"":""셀 수 있다""}",쥐,count_mass
682ed78c8f6c92b7216fedfe,6781,survey-multi-choice,26,72110,0,645b033adde7d75b45fdefcf,6816be1334bc5f118b922621,682ed620e7dcacc0c9725f04,0,"{""Q0"":""잘 모르겠다/구분이 어렵다""}",허리,count_mass
682ed78c8f6c92b7216fee00,1635,survey-multi-choice,27,73747,0,645b033adde7d75b45fdefcf,6816be1334bc5f118b922621,682ed620e7dcacc0c9725f04,0,"{""Q0"":""셀 수 있다""}",쓰레기통/휴지통,count_mass
682ed78c8f6c92b7216fee02,1203,survey-multi-choice,29,98935,0,645b033adde7d75b45fdefcf,6816be1334bc5f118b922621,682ed620e7dcacc0c9725f04,0,"{""Q0"":""셀 수 있다""}",수건,count_mass
682ed78c8f6c92b7216fee04,23982,survey-multi-choice,28,97730,0,645b033adde7d75b45fdefcf,6816be1334bc5f118b922621,682ed620e7dcacc0c9725f04,0,"{""Q0"":""셀 수 있다""}",세탁기,count_mass
682ed78c8f6c92b7216fee06,1221,survey-multi-choice,30,100157,0,645b033adde7d75b45fdefcf,6816be1334bc5f118b922621,682ed620e7dcacc0c9725f04,0,"{""Q0"":""셀 수 있다""}",다리,count_mass
682ed78c8f6c92b7216fee08,25260,survey-multi-choice,31,125419,0,645b033adde7d75b45fdefcf,6816be1334bc5f118b922621,682ed620e7dcacc0c9725f04,0,"{""Q0"":""셀 수 있다""}",쟁반,count_mass
682ed78c8f6c92b7216fee0a,5918,html-button-response,32,131338,0,645b033adde7d75b45fdefcf,6816be1334bc5f118b922621,682ed620e7dcacc0c9725f04,0,0,,
682ed78d8f6c92b7216fee0c,1576,html-button-response,33,132915,0,645b033adde7d75b45fdefcf,6816be1334bc5f118b922621,682ed620e7dcacc0c9725f04,0,0,,
682ed78d8f6c92b7216fee0e,1716,html-button-response,35,135529,0,645b033adde7d75b45fdefcf,6816be1334bc5f118b922621,682ed620e7dcacc0c9725f04,0,0,,
682ed78d8f6c92b7216fee10,895,html-button-response,34,133812,0,645b033adde7d75b45fdefcf,6816be1334bc5f118b922621,682ed620e7dcacc0c9725f04,0,0,,
682ed78d8f6c92b7216fee12,3161,survey-multi-choice,36,138691,0,645b033adde7d75b45fdefcf,6816be1334bc5f118b922621,682ed620e7dcacc0c9725f04,0,"{""Q0"":""비고형물""}",우유,practice_solidity
682ed78d8f6c92b7216fee14,677,html-button-response,37,139370,0,645b033adde7d75b45fdefcf,6816be1334bc5f118b922621,682ed620e7dcacc0c9725f04,0,0,,
682ed78d8f6c92b7216fee16,6440,survey-multi-choice,38,145811,0,645b033adde7d75b45fdefcf,6816be1334bc5f118b922621,682ed620e7dcacc0c9725f04,0,"{""Q0"":""고형물""}",책상,practice_solidity
682ed78d8f6c92b7216fee18,549,html-button-response,39,146361,0,645b033adde7d75b45fdefcf,6816be1334bc5f118b922621,682ed620e7dcacc0c9725f04,0,0,,
682ed78d8f6c92b7216fee1a,697,html-button-response,40,147059,0,645b033adde7d75b45fdefcf,6816be1334bc5f118b922621,682ed620e7dcacc0c9725f04,0,0,,
682ed78d8f6c92b7216fee1c,1751,survey-multi-choice,41,148812,0,645b033adde7d75b45fdefcf,6816be1334bc5f118b922621,682ed620e7dcacc0c9725f04,0,"{""Q0"":""고형물""}",바위,solidity
682ed78d8f6c92b7216fee1e,1972,survey-multi-choice,42,150786,0,645b033adde7d75b45fdefcf,6816be1334bc5f118b922621,682ed620e7dcacc0c9725f04,0,"{""Q0"":""고형물""}",손가락,solidity
682ed78d8f6c92b7216fee20,3633,survey-multi-choice,44,155533,0,645b033adde7d75b45fdefcf,6816be1334bc5f118b922621,682ed620e7dcacc0c9725f04,0,"{""Q0"":""고형물""}",밤,solidity
682ed78d8f6c92b7216fee22,1111,survey-multi-choice,43,151898,0,645b033adde7d75b45fdefcf,6816be1334bc5f118b922621,682ed620e7dcacc0c9725f04,0,"{""Q0"":""고형물""}",불,solidity
682ed78d8f6c92b7216fee24,1553,survey-multi-choice,45,157088,0,645b033adde7d75b45fdefcf,6816be1334bc5f118b922621,682ed620e7dcacc0c9725f04,0,"{""Q0"":""고형물""}",계란/달걀,solidity
682ed78d8f6c92b7216fee26,2577,survey-multi-choice,46,159666,0,645b033adde7d75b45fdefcf,6816be1334bc5f118b922621,682ed620e7dcacc0c9725f04,0,"{""Q0"":""비고형물""}",라벤더,solidity
682ed78d8f6c92b7216fee28,12799,survey-multi-choice,47,172466,0,645b033adde7d75b45fdefcf,6816be1334bc5f118b922621,682ed620e7dcacc0c9725f04,0,"{""Q0"":""고형물""}",송아지,solidity
682ed78d8f6c92b7216fee2a,1307,survey-multi-choice,48,173774,0,645b033adde7d75b45fdefcf,6816be1334bc5f118b922621,682ed620e7dcacc0c9725f04,0,"{""Q0"":""고형물""}",단추,solidity
682ed78d8f6c92b7216fee2c,1561,survey-multi-choice,49,175337,0,645b033adde7d75b45fdefcf,6816be1334bc5f118b922621,682ed620e7dcacc0c9725f04,0,"{""Q0"":""고형물""}",쌀,solidity
682ed78d8f6c92b7216fee2e,1341,survey-multi-choice,50,176679,0,645b033adde7d75b45fdefcf,6816be1334bc5f118b922621,682ed620e7dcacc0c9725f04,0,"{""Q0"":""고형물""}",옷/꼬까,solidity
682ed78d8f6c92b7216fee30,1720,survey-multi-choice,51,178400,0,645b033adde7d75b45fdefcf,6816be1334bc5f118b922621,682ed620e7dcacc0c9725f04,0,"{""Q0"":""고형물""}",달,solidity
682ed78d8f6c92b7216fee32,1519,survey-multi-choice,52,179920,0,645b033adde7d75b45fdefcf,6816be1334bc5f118b922621,682ed620e7dcacc0c9725f04,0,"{""Q0"":""비고형물""}",비누방울,solidity
682ed78d8f6c92b7216fee34,1496,survey-multi-choice,54,182809,0,645b033adde7d75b45fdefcf,6816be1334bc5f118b922621,682ed620e7dcacc0c9725f04,0,"{""Q0"":""고형물""}",오렌지,solidity
682ed78d8f6c92b7216fee36,1391,survey-multi-choice,53,181312,0,645b033adde7d75b45fdefcf,6816be1334bc5f118b922621,682ed620e7dcacc0c9725f04,0,"{""Q0"":""고형물""}",사자,solidity
682ed78d8f6c92b7216fee38,1423,survey-multi-choice,55,184234,0,645b033adde7d75b45fdefcf,6816be1334bc5f118b922621,682ed620e7dcacc0c9725f04,0,"{""Q0"":""고형물""}",시계,solidity
682ed78d8f6c92b7216fee3a,2914,survey-multi-choice,56,187150,0,645b033adde7d75b45fdefcf,6816be1334bc5f118b922621,682ed620e7dcacc0c9725f04,0,"{""Q0"":""고형물""}",다람쥐,solidity
682ed78d8f6c92b7216fee3c,1490,survey-multi-choice,57,188641,0,645b033adde7d75b45fdefcf,6816be1334bc5f118b922621,682ed620e7dcacc0c9725f04,0,"{""Q0"":""고형물""}",풀,solidity
682ed78d8f6c92b7216fee3e,1145,survey-multi-choice,58,189787,0,645b033adde7d75b45fdefcf,6816be1334bc5f118b922621,682ed620e7dcacc0c9725f04,0,"{""Q0"":""고형물""}",옷걸이,solidity
682ed78d8f6c92b7216fee40,1196,survey-multi-choice,59,190984,0,645b033adde7d75b45fdefcf,6816be1334bc5f118b922621,682ed620e7dcacc0c9725f04,0,"{""Q0"":""고형물""}",망치,solidity
682ed78d8f6c92b7216fee42,1406,survey-multi-choice,60,192392,0,645b033adde7d75b45fdefcf,6816be1334bc5f118b922621,682ed620e7dcacc0c9725f04,0,"{""Q0"":""고형물""}",하마,solidity
682ed78d8f6c92b7216fee44,15783,html-button-response,62,209701,0,645b033adde7d75b45fdefcf,6816be1334bc5f118b922621,682ed620e7dcacc0c9725f04,0,0,,
682ed78d8f6c92b7216fee46,1523,survey-multi-choice,61,193917,0,645b033adde7d75b45fdefcf,6816be1334bc5f118b922621,682ed620e7dcacc0c9725f04,0,"{""Q0"":""비고형물""}",모래,solidity
682ed78d8f6c92b7216fee48,3094,html-button-response,63,212796,0,645b033adde7d75b45fdefcf,6816be1334bc5f118b922621,682ed620e7dcacc0c9725f04,0,0,,
682ed78d8f6c92b7216fee4a,4749,html-button-response,64,217547,0,645b033adde7d75b45fdefcf,6816be1334bc5f118b922621,682ed620e7dcacc0c9725f04,0,0,,
682ed78d8f6c92b7216fee4c,1119,html-button-response,65,218667,0,645b033adde7d75b45fdefcf,6816be1334bc5f118b922621,682ed620e7dcacc0c9725f04,0,0,,
682ed78d8f6c92b7216fee4e,1175,html-button-response,66,219844,0,645b033adde7d75b45fdefcf,6816be1334bc5f118b922621,682ed620e7dcacc0c9725f04,0,0,,
682ed78d8f6c92b7216fee50,6354,survey-multi-choice,69,240660,0,645b033adde7d75b45fdefcf,6816be1334bc5f118b922621,682ed620e7dcacc0c9725f04,0,"{""Q0"":""물질""}",도자기,practice_category
682ed78d8f6c92b7216fee52,13560,survey-multi-choice,67,233406,0,645b033adde7d75b45fdefcf,6816be1334bc5f118b922621,682ed620e7dcacc0c9725f04,0,"{""Q0"":""해당 사항 없음""}",불안감,practice_category
682ed78d8f6c92b7216fee54,898,html-button-response,68,234305,0,645b033adde7d75b45fdefcf,6816be1334bc5f118b922621,682ed620e7dcacc0c9725f04,0,0,,
682ed78d8f6c92b7216fee56,645,html-button-response,70,241305,0,645b033adde7d75b45fdefcf,6816be1334bc5f118b922621,682ed620e7dcacc0c9725f04,0,0,,
682ed78d8f6c92b7216fee58,12336,survey-multi-choice,71,253642,0,645b033adde7d75b45fdefcf,6816be1334bc5f118b922621,682ed620e7dcacc0c9725f04,0,"{""Q0"":""색상""}",빨간불,practice_category
682ed78d8f6c92b7216fee5a,591,html-button-response,72,254235,0,645b033adde7d75b45fdefcf,6816be1334bc5f118b922621,682ed620e7dcacc0c9725f04,0,0,,
682ed78e8f6c92b7216fee5c,3592,survey-multi-choice,73,257827,0,645b033adde7d75b45fdefcf,6816be1334bc5f118b922621,682ed620e7dcacc0c9725f04,0,"{""Q0"":""형태""}",정사각형,practice_category
682ed78e8f6c92b7216fee5e,688,html-button-response,75,259169,0,645b033adde7d75b45fdefcf,6816be1334bc5f118b922621,682ed620e7dcacc0c9725f04,0,0,,
682ed78e8f6c92b7216fee60,652,html-button-response,74,258480,0,645b033adde7d75b45fdefcf,6816be1334bc5f118b922621,682ed620e7dcacc0c9725f04,0,0,,
682ed78e8f6c92b7216fee62,5383,survey-multi-choice,77,278546,0,645b033adde7d75b45fdefcf,6816be1334bc5f118b922621,682ed620e7dcacc0c9725f04,0,"{""Q0"":""형태""}",개구리,category_organization
682ed78e8f6c92b7216fee64,13990,survey-multi-choice,76,273161,0,645b033adde7d75b45fdefcf,6816be1334bc5f118b922621,682ed620e7dcacc0c9725f04,0,"{""Q0"":""형태""}",우산,category_organization
682ed78e8f6c92b7216fee66,4341,survey-multi-choice,78,282889,0,645b033adde7d75b45fdefcf,6816be1334bc5f118b922621,682ed620e7dcacc0c9725f04,0,"{""Q0"":""형태""}",병,category_organization
682ed78e8f6c92b7216fee68,3310,survey-multi-choice,81,291481,0,645b033adde7d75b45fdefcf,6816be1334bc5f118b922621,682ed620e7dcacc0c9725f04,0,"{""Q0"":""형태""}",바지,category_organization
682ed78e8f6c92b7216fee6a,2151,survey-multi-choice,79,285041,0,645b033adde7d75b45fdefcf,6816be1334bc5f118b922621,682ed620e7dcacc0c9725f04,0,"{""Q0"":""물질""}",사이다,category_organization
682ed78e8f6c92b7216fee6c,3127,survey-multi-choice,80,288169,0,645b033adde7d75b45fdefcf,6816be1334bc5f118b922621,682ed620e7dcacc0c9725f04,0,"{""Q0"":""해당 사항 없음""}",엉덩이,category_organization
682ed78e8f6c92b7216fee6e,1888,survey-multi-choice,82,293369,0,645b033adde7d75b45fdefcf,6816be1334bc5f118b922621,682ed620e7dcacc0c9725f04,0,"{""Q0"":""물질""}",아이스크림,category_organization
682ed78e8f6c92b7216fee70,2620,survey-multi-choice,83,295991,0,645b033adde7d75b45fdefcf,6816be1334bc5f118b922621,682ed620e7dcacc0c9725f04,0,"{""Q0"":""물질""}",포도,category_organization
682ed78e8f6c92b7216fee72,2596,survey-multi-choice,84,298588,0,645b033adde7d75b45fdefcf,6816be1334bc5f118b922621,682ed620e7dcacc0c9725f04,0,"{""Q0"":""형태""}",피아노,category_organization
682ed78e8f6c92b7216fee74,3042,survey-multi-choice,85,301632,0,645b033adde7d75b45fdefcf,6816be1334bc5f118b922621,682ed620e7dcacc0c9725f04,0,"{""Q0"":""해당 사항 없음""}",화장실,category_organization
682ed78e8f6c92b7216fee76,1649,survey-multi-choice,87,314280,0,645b033adde7d75b45fdefcf,6816be1334bc5f118b922621,682ed620e7dcacc0c9725f04,0,"{""Q0"":""물질""}",당근,category_organization
682ed78e8f6c92b7216fee78,10995,survey-multi-choice,86,312629,0,645b033adde7d75b45fdefcf,6816be1334bc5f118b922621,682ed620e7dcacc0c9725f04,0,"{""Q0"":""물질""}",호박,category_organization
682ed78e8f6c92b7216fee7a,2496,survey-multi-choice,89,319301,0,645b033adde7d75b45fdefcf,6816be1334bc5f118b922621,682ed620e7dcacc0c9725f04,0,"{""Q0"":""해당 사항 없음""}",무릎,category_organization
682ed78e8f6c92b7216fee7c,3932,survey-multi-choice,90,323234,0,645b033adde7d75b45fdefcf,6816be1334bc5f118b922621,682ed620e7dcacc0c9725f04,0,"{""Q0"":""물질""}",고추,category_organization
682ed78e8f6c92b7216fee7e,2522,survey-multi-choice,88,316803,0,645b033adde7d75b45fdefcf,6816be1334bc5f118b922621,682ed620e7dcacc0c9725f04,0,"{""Q0"":""형태""}",걸레,category_organization
682ed78e8f6c92b7216fee80,1848,survey-multi-choice,91,325084,0,645b033adde7d75b45fdefcf,6816be1334bc5f118b922621,682ed620e7dcacc0c9725f04,0,"{""Q0"":""물질""}",콩,category_organization
682ed78e8f6c92b7216fee82,1598,survey-multi-choice,92,326683,0,645b033adde7d75b45fdefcf,6816be1334bc5f118b922621,682ed620e7dcacc0c9725f04,0,"{""Q0"":""해당 사항 없음""}",라벤더,category_organization
682ed78e8f6c92b7216fee84,16585,survey-multi-choice,94,346280,0,645b033adde7d75b45fdefcf,6816be1334bc5f118b922621,682ed620e7dcacc0c9725f04,0,"{""Q0"":""형태""}",침대,category_organization
682ed78e8f6c92b7216fee86,3008,survey-multi-choice,93,329692,0,645b033adde7d75b45fdefcf,6816be1334bc5f118b922621,682ed620e7dcacc0c9725f04,0,"{""Q0"":""해당 사항 없음""}",턱,category_organization
682ed78e8f6c92b7216fee88,2423,survey-multi-choice,95,348704,0,645b033adde7d75b45fdefcf,6816be1334bc5f118b922621,682ed620e7dcacc0c9725f04,0,"{""Q0"":""물질""}",옥수수,category_organization
682ed78e8f6c92b7216fee8a,2500,survey-multi-choice,96,351205,0,645b033adde7d75b45fdefcf,6816be1334bc5f118b922621,682ed620e7dcacc0c9725f04,0,"{""Q0"":""해당 사항 없음""}",고양이,category_organization
682ed78e8f6c92b7216fee8c,2545,html-button-response,97,353751,0,645b033adde7d75b45fdefcf,6816be1334bc5f118b922621,682ed620e7dcacc0c9725f04,0,0,,
682fa9c58f6c92b7216fee8e,5122,instructions,0,5124,0,66719d1fec2d47bbd0241df0,6816be1334bc5f118b922621,682fa74c7660f0c63bc28a2a,0,,,
682fa9c58f6c92b7216fee90,15299,instructions,1,20423,0,66719d1fec2d47bbd0241df0,6816be1334bc5f118b922621,682fa74c7660f0c63bc28a2a,0,,,
682fa9c58f6c92b7216fee92,47732,html-button-response,2,68157,0,66719d1fec2d47bbd0241df0,6816be1334bc5f118b922621,682fa74c7660f0c63bc28a2a,0,0,,
682fa9c58f6c92b7216fee94,3945,html-button-response,3,72102,0,66719d1fec2d47bbd0241df0,6816be1334bc5f118b922621,682fa74c7660f0c63bc28a2a,0,0,,
682fa9c58f6c92b7216fee96,2188,html-button-response,4,74290,0,66719d1fec2d47bbd0241df0,6816be1334bc5f118b922621,682fa74c7660f0c63bc28a2a,0,0,,
682fa9c58f6c92b7216fee98,3937,html-button-response,5,78227,0,66719d1fec2d47bbd0241df0,6816be1334bc5f118b922621,682fa74c7660f0c63bc28a2a,0,0,,
682fa9c58f6c92b7216fee9a,9245,survey-multi-choice,6,87474,0,66719d1fec2d47bbd0241df0,6816be1334bc5f118b922621,682fa74c7660f0c63bc28a2a,0,"{""Q0"":""비고형물""}",우유,practice_solidity
682fa9c58f6c92b7216fee9c,4936,survey-multi-choice,8,93128,0,66719d1fec2d47bbd0241df0,6816be1334bc5f118b922621,682fa74c7660f0c63bc28a2a,0,"{""Q0"":""고형물""}",책상,practice_solidity
682fa9c58f6c92b7216fee9e,718,html-button-response,7,88192,0,66719d1fec2d47bbd0241df0,6816be1334bc5f118b922621,682fa74c7660f0c63bc28a2a,0,0,,
682fa9c58f6c92b7216feea0,558,html-button-response,9,93687,0,66719d1fec2d47bbd0241df0,6816be1334bc5f118b922621,682fa74c7660f0c63bc28a2a,0,0,,
682fa9c58f6c92b7216feea2,1702,html-button-response,10,95390,0,66719d1fec2d47bbd0241df0,6816be1334bc5f118b922621,682fa74c7660f0c63bc28a2a,0,0,,
682fa9c58f6c92b7216feea4,10122,survey-multi-choice,11,105514,0,66719d1fec2d47bbd0241df0,6816be1334bc5f118b922621,682fa74c7660f0c63bc28a2a,0,"{""Q0"":""고형물""}",기차,solidity
682fa9c58f6c92b7216feea6,3745,survey-multi-choice,12,109260,0,66719d1fec2d47bbd0241df0,6816be1334bc5f118b922621,682fa74c7660f0c63bc28a2a,0,"{""Q0"":""고형물""}",고기,solidity
682fa9c58f6c92b7216feea8,2289,survey-multi-choice,13,111549,0,66719d1fec2d47bbd0241df0,6816be1334bc5f118b922621,682fa74c7660f0c63bc28a2a,0,"{""Q0"":""고형물""}",단추,solidity
682fa9c58f6c92b7216feeaa,6090,survey-multi-choice,15,119252,0,66719d1fec2d47bbd0241df0,6816be1334bc5f118b922621,682fa74c7660f0c63bc28a2a,0,"{""Q0"":""해당 사항 없음""}",얼굴,solidity
682fa9c58f6c92b7216feeac,1612,survey-multi-choice,14,113162,0,66719d1fec2d47bbd0241df0,6816be1334bc5f118b922621,682fa74c7660f0c63bc28a2a,0,"{""Q0"":""고형물""}",칼,solidity
682fa9c58f6c92b7216feeae,10847,survey-multi-choice,16,130100,0,66719d1fec2d47bbd0241df0,6816be1334bc5f118b922621,682fa74c7660f0c63bc28a2a,0,"{""Q0"":""해당 사항 없음""}",원숭이,solidity
682fa9c58f6c92b7216feeb0,2665,survey-multi-choice,17,132765,0,66719d1fec2d47bbd0241df0,6816be1334bc5f118b922621,682fa74c7660f0c63bc28a2a,0,"{""Q0"":""고형물""}",장난감,solidity
682fa9c58f6c92b7216feeb2,13724,survey-multi-choice,18,146490,0,66719d1fec2d47bbd0241df0,6816be1334bc5f118b922621,682fa74c7660f0c63bc28a2a,0,"{""Q0"":""해당 사항 없음""}",뺨,solidity
682fa9c58f6c92b7216feeb4,2168,survey-multi-choice,20,151069,0,66719d1fec2d47bbd0241df0,6816be1334bc5f118b922621,682fa74c7660f0c63bc28a2a,0,"{""Q0"":""고형물""}",소파,solidity
682fa9c58f6c92b7216feeb6,2410,survey-multi-choice,19,148900,0,66719d1fec2d47bbd0241df0,6816be1334bc5f118b922621,682fa74c7660f0c63bc28a2a,0,"{""Q0"":""해당 사항 없음""}",비둘기,solidity
682fa9c58f6c92b7216feeb8,2350,survey-multi-choice,21,153420,0,66719d1fec2d47bbd0241df0,6816be1334bc5f118b922621,682fa74c7660f0c63bc28a2a,0,"{""Q0"":""고형물""}",칫솔,solidity
682fa9c58f6c92b7216feeba,2712,survey-multi-choice,22,156132,0,66719d1fec2d47bbd0241df0,6816be1334bc5f118b922621,682fa74c7660f0c63bc28a2a,0,"{""Q0"":""고형물""}",베개,solidity
682fa9c58f6c92b7216feebc,3576,survey-multi-choice,23,159709,0,66719d1fec2d47bbd0241df0,6816be1334bc5f118b922621,682fa74c7660f0c63bc28a2a,0,"{""Q0"":""해당 사항 없음""}",라면,solidity
682fa9c58f6c92b7216feebe,2416,survey-multi-choice,24,162126,0,66719d1fec2d47bbd0241df0,6816be1334bc5f118b922621,682fa74c7660f0c63bc28a2a,0,"{""Q0"":""고형물""}",고구마,solidity
682fa9c58f6c92b7216feec0,1791,survey-multi-choice,25,163918,0,66719d1fec2d47bbd0241df0,6816be1334bc5f118b922621,682fa74c7660f0c63bc28a2a,0,"{""Q0"":""해당 사항 없음""}",돼지,solidity
682fa9c58f6c92b7216feec2,6552,survey-multi-choice,26,170470,0,66719d1fec2d47bbd0241df0,6816be1334bc5f118b922621,682fa74c7660f0c63bc28a2a,0,"{""Q0"":""해당 사항 없음""}",라벤더,solidity
682fa9c58f6c92b7216feec4,1988,survey-multi-choice,28,174598,0,66719d1fec2d47bbd0241df0,6816be1334bc5f118b922621,682fa74c7660f0c63bc28a2a,0,"{""Q0"":""고형물""}",치마,solidity
682fa9c58f6c92b7216feec6,2139,survey-multi-choice,27,172610,0,66719d1fec2d47bbd0241df0,6816be1334bc5f118b922621,682fa74c7660f0c63bc28a2a,0,"{""Q0"":""해당 사항 없음""}",거북이,solidity
682fa9c58f6c92b7216feec8,15154,survey-multi-choice,30,193643,0,66719d1fec2d47bbd0241df0,6816be1334bc5f118b922621,682fa74c7660f0c63bc28a2a,0,"{""Q0"":""고형물""}",옷/꼬까,solidity
682fa9c58f6c92b7216feeca,3890,survey-multi-choice,29,178488,0,66719d1fec2d47bbd0241df0,6816be1334bc5f118b922621,682fa74c7660f0c63bc28a2a,0,"{""Q0"":""해당 사항 없음""}",별,solidity
682fa9c58f6c92b7216feecc,59560,html-button-response,32,258382,0,66719d1fec2d47bbd0241df0,6816be1334bc5f118b922621,682fa74c7660f0c63bc28a2a,0,0,,
682fa9c58f6c92b7216feece,5177,survey-multi-choice,31,198820,0,66719d1fec2d47bbd0241df0,6816be1334bc5f118b922621,682fa74c7660f0c63bc28a2a,0,"{""Q0"":""해당 사항 없음""}",호떡,solidity
682fa9c58f6c92b7216feed0,9981,html-button-response,33,268363,0,66719d1fec2d47bbd0241df0,6816be1334bc5f118b922621,682fa74c7660f0c63bc28a2a,0,0,,
682fa9c58f6c92b7216feed2,13386,html-button-response,34,281750,0,66719d1fec2d47bbd0241df0,6816be1334bc5f118b922621,682fa74c7660f0c63bc28a2a,0,0,,
682fa9c58f6c92b7216feed4,1499,html-button-response,35,283249,0,66719d1fec2d47bbd0241df0,6816be1334bc5f118b922621,682fa74c7660f0c63bc28a2a,0,0,,
682fa9c58f6c92b7216feed6,5595,html-button-response,36,288844,0,66719d1fec2d47bbd0241df0,6816be1334bc5f118b922621,682fa74c7660f0c63bc28a2a,0,0,,
682fa9c58f6c92b7216feed8,3325,survey-multi-choice,37,292170,0,66719d1fec2d47bbd0241df0,6816be1334bc5f118b922621,682fa74c7660f0c63bc28a2a,0,"{""Q0"":""해당 사항 없음""}",빨간불,practice_category
682fa9c58f6c92b7216feeda,1678,html-button-response,38,293848,0,66719d1fec2d47bbd0241df0,6816be1334bc5f118b922621,682fa74c7660f0c63bc28a2a,0,0,,
682fa9c58f6c92b7216feedc,11373,html-button-response,40,321157,0,66719d1fec2d47bbd0241df0,6816be1334bc5f118b922621,682fa74c7660f0c63bc28a2a,0,0,,
682fa9c58f6c92b7216feede,15935,survey-multi-choice,39,309784,0,66719d1fec2d47bbd0241df0,6816be1334bc5f118b922621,682fa74c7660f0c63bc28a2a,0,"{""Q0"":""형태""}",도자기,practice_category
682fa9c58f6c92b7216feee0,5631,survey-multi-choice,41,326789,0,66719d1fec2d47bbd0241df0,6816be1334bc5f118b922621,682fa74c7660f0c63bc28a2a,0,"{""Q0"":""물질""}",불안감,practice_category
682fa9c58f6c92b7216feee2,702,html-button-response,42,327491,0,66719d1fec2d47bbd0241df0,6816be1334bc5f118b922621,682fa74c7660f0c63bc28a2a,0,0,,
682fa9c58f6c92b7216feee4,1964,survey-multi-choice,43,329455,0,66719d1fec2d47bbd0241df0,6816be1334bc5f118b922621,682fa74c7660f0c63bc28a2a,0,"{""Q0"":""해당 사항 없음""}",정사각형,practice_category
682fa9c58f6c92b7216feee6,654,html-button-response,44,330110,0,66719d1fec2d47bbd0241df0,6816be1334bc5f118b922621,682fa74c7660f0c63bc28a2a,0,0,,
682fa9c58f6c92b7216feee8,29548,survey-multi-choice,46,362159,0,66719d1fec2d47bbd0241df0,6816be1334bc5f118b922621,682fa74c7660f0c63bc28a2a,0,"{""Q0"":""형태""}",열쇠,category_organization
682fa9c58f6c92b7216feeea,1903,survey-multi-choice,48,372416,0,66719d1fec2d47bbd0241df0,6816be1334bc5f118b922621,682fa74c7660f0c63bc28a2a,0,"{""Q0"":""해당 사항 없음""}",펭귄,category_organization
682fa9c58f6c92b7216feeec,8353,survey-multi-choice,47,370513,0,66719d1fec2d47bbd0241df0,6816be1334bc5f118b922621,682fa74c7660f0c63bc28a2a,0,"{""Q0"":""해당 사항 없음""}",하마,category_organization
682fa9c58f6c92b7216feeee,2499,html-button-response,45,332609,0,66719d1fec2d47bbd0241df0,6816be1334bc5f118b922621,682fa74c7660f0c63bc28a2a,0,0,,
682fa9c58f6c92b7216feef0,2816,survey-multi-choice,50,379386,0,66719d1fec2d47bbd0241df0,6816be1334bc5f118b922621,682fa74c7660f0c63bc28a2a,0,"{""Q0"":""형태""}",도너츠,category_organization
682fa9c58f6c92b7216feef2,4152,survey-multi-choice,49,376569,0,66719d1fec2d47bbd0241df0,6816be1334bc5f118b922621,682fa74c7660f0c63bc28a2a,0,"{""Q0"":""형태""}",배,category_organization
682fa9c58f6c92b7216feef4,6548,survey-multi-choice,51,385934,0,66719d1fec2d47bbd0241df0,6816be1334bc5f118b922621,682fa74c7660f0c63bc28a2a,0,"{""Q0"":""형태""}",배꼽,category_organization
682fa9c58f6c92b7216feef6,11982,survey-multi-choice,52,397917,0,66719d1fec2d47bbd0241df0,6816be1334bc5f118b922621,682fa74c7660f0c63bc28a2a,0,"{""Q0"":""형태""}",모래,category_organization
682fa9c58f6c92b7216feef8,2192,survey-multi-choice,53,400109,0,66719d1fec2d47bbd0241df0,6816be1334bc5f118b922621,682fa74c7660f0c63bc28a2a,0,"{""Q0"":""해당 사항 없음""}",염소,category_organization
682fa9c58f6c92b7216feefa,6694,survey-multi-choice,54,406803,0,66719d1fec2d47bbd0241df0,6816be1334bc5f118b922621,682fa74c7660f0c63bc28a2a,0,"{""Q0"":""물질""}",커피,category_organization
682fa9c58f6c92b7216feefc,6140,survey-multi-choice,55,412944,0,66719d1fec2d47bbd0241df0,6816be1334bc5f118b922621,682fa74c7660f0c63bc28a2a,0,"{""Q0"":""형태""}",쓰레기,category_organization
682fa9c58f6c92b7216feefe,4543,survey-multi-choice,56,417487,0,66719d1fec2d47bbd0241df0,6816be1334bc5f118b922621,682fa74c7660f0c63bc28a2a,0,"{""Q0"":""형태""}",서랍,category_organization
682fa9c68f6c92b7216fef00,2114,survey-multi-choice,57,419602,0,66719d1fec2d47bbd0241df0,6816be1334bc5f118b922621,682fa74c7660f0c63bc28a2a,0,"{""Q0"":""해당 사항 없음""}",닭,category_organization
682fa9c68f6c92b7216fef02,5385,survey-multi-choice,58,424988,0,66719d1fec2d47bbd0241df0,6816be1334bc5f118b922621,682fa74c7660f0c63bc28a2a,0,"{""Q0"":""해당 사항 없음""}",라벤더,category_organization
682fa9c68f6c92b7216fef04,11471,survey-multi-choice,59,436459,0,66719d1fec2d47bbd0241df0,6816be1334bc5f118b922621,682fa74c7660f0c63bc28a2a,0,"{""Q0"":""형태""}",사과,category_organization
682fa9c68f6c92b7216fef06,2326,survey-multi-choice,60,438785,0,66719d1fec2d47bbd0241df0,6816be1334bc5f118b922621,682fa74c7660f0c63bc28a2a,0,"{""Q0"":""형태""}",케이크,category_organization
682fa9c68f6c92b7216fef08,1945,survey-multi-choice,61,440732,0,66719d1fec2d47bbd0241df0,6816be1334bc5f118b922621,682fa74c7660f0c63bc28a2a,0,"{""Q0"":""해당 사항 없음""}",사슴,category_organization
682fa9c68f6c92b7216fef0a,1860,survey-multi-choice,62,442592,0,66719d1fec2d47bbd0241df0,6816be1334bc5f118b922621,682fa74c7660f0c63bc28a2a,0,"{""Q0"":""형태""}",비행기,category_organization
682fa9c68f6c92b7216fef0c,7775,survey-multi-choice,64,455477,0,66719d1fec2d47bbd0241df0,6816be1334bc5f118b922621,682fa74c7660f0c63bc28a2a,0,"{""Q0"":""물질""}",구름,category_organization
682fa9c68f6c92b7216fef0e,5108,survey-multi-choice,63,447701,0,66719d1fec2d47bbd0241df0,6816be1334bc5f118b922621,682fa74c7660f0c63bc28a2a,0,"{""Q0"":""형태""}",당근,category_organization
682fa9c68f6c92b7216fef10,3620,survey-multi-choice,65,459098,0,66719d1fec2d47bbd0241df0,6816be1334bc5f118b922621,682fa74c7660f0c63bc28a2a,0,"{""Q0"":""형태""}",발톱,category_organization
682fa9c68f6c92b7216fef12,3438,survey-multi-choice,66,462536,0,66719d1fec2d47bbd0241df0,6816be1334bc5f118b922621,682fa74c7660f0c63bc28a2a,0,"{""Q0"":""형태""}",운동화,category_organization
682fa9c68f6c92b7216fef14,23175,html-button-response,67,485711,0,66719d1fec2d47bbd0241df0,6816be1334bc5f118b922621,682fa74c7660f0c63bc28a2a,0,0,,
682fa9c68f6c92b7216fef16,7627,html-button-response,68,493339,0,66719d1fec2d47bbd0241df0,6816be1334bc5f118b922621,682fa74c7660f0c63bc28a2a,0,0,,
682fa9c68f6c92b7216fef18,2058,html-button-response,69,495397,0,66719d1fec2d47bbd0241df0,6816be1334bc5f118b922621,682fa74c7660f0c63bc28a2a,0,0,,
682fa9c68f6c92b7216fef1a,11320,html-button-response,70,506718,0,66719d1fec2d47bbd0241df0,6816be1334bc5f118b922621,682fa74c7660f0c63bc28a2a,0,0,,
682fa9c68f6c92b7216fef1c,13321,survey-multi-choice,71,520040,0,66719d1fec2d47bbd0241df0,6816be1334bc5f118b922621,682fa74c7660f0c63bc28a2a,0,"{""Q0"":""셀 수 없다""}",설탕,practice_countmass
682fa9c68f6c92b7216fef1e,2695,html-button-response,72,522735,0,66719d1fec2d47bbd0241df0,6816be1334bc5f118b922621,682fa74c7660f0c63bc28a2a,0,0,,
682fa9c68f6c92b7216fef20,10577,survey-multi-choice,73,533312,0,66719d1fec2d47bbd0241df0,6816be1334bc5f118b922621,682fa74c7660f0c63bc28a2a,0,"{""Q0"":""셀 수 있다""}",의자,practice_countmass
682fa9c68f6c92b7216fef22,4037,html-button-response,74,537350,0,66719d1fec2d47bbd0241df0,6816be1334bc5f118b922621,682fa74c7660f0c63bc28a2a,0,0,,
682fa9c68f6c92b7216fef24,1393,html-button-response,75,538743,0,66719d1fec2d47bbd0241df0,6816be1334bc5f118b922621,682fa74c7660f0c63bc28a2a,0,0,,
682fa9c68f6c92b7216fef26,5019,survey-multi-choice,76,543763,0,66719d1fec2d47bbd0241df0,6816be1334bc5f118b922621,682fa74c7660f0c63bc28a2a,0,"{""Q0"":""셀 수 있다""}",귤,count_mass
682fa9c68f6c92b7216fef28,6386,survey-multi-choice,77,550150,0,66719d1fec2d47bbd0241df0,6816be1334bc5f118b922621,682fa74c7660f0c63bc28a2a,0,"{""Q0"":""잘 모르겠다/구분이 어렵다""}",유리,count_mass
682fa9c68f6c92b7216fef2a,2563,survey-multi-choice,78,552713,0,66719d1fec2d47bbd0241df0,6816be1334bc5f118b922621,682fa74c7660f0c63bc28a2a,0,"{""Q0"":""셀 수 있다""}",병,count_mass
682fa9c68f6c92b7216fef2c,2426,survey-multi-choice,80,558186,0,66719d1fec2d47bbd0241df0,6816be1334bc5f118b922621,682fa74c7660f0c63bc28a2a,0,"{""Q0"":""셀 수 있다""}",청소기,count_mass
682fa9c68f6c92b7216fef2e,3046,survey-multi-choice,79,555760,0,66719d1fec2d47bbd0241df0,6816be1334bc5f118b922621,682fa74c7660f0c63bc28a2a,0,"{""Q0"":""셀 수 있다""}",오토바이,count_mass
682fa9c68f6c92b7216fef30,2461,survey-multi-choice,81,560648,0,66719d1fec2d47bbd0241df0,6816be1334bc5f118b922621,682fa74c7660f0c63bc28a2a,0,"{""Q0"":""셀 수 있다""}",신/신발,count_mass
682fa9c68f6c92b7216fef32,5559,survey-multi-choice,82,566207,0,66719d1fec2d47bbd0241df0,6816be1334bc5f118b922621,682fa74c7660f0c63bc28a2a,0,"{""Q0"":""셀 수 없다""}",돌,count_mass
682fa9c68f6c92b7216fef34,2248,survey-multi-choice,83,568456,0,66719d1fec2d47bbd0241df0,6816be1334bc5f118b922621,682fa74c7660f0c63bc28a2a,0,"{""Q0"":""셀 수 있다""}",냉장고,count_mass
682fa9c68f6c92b7216fef36,2822,survey-multi-choice,84,571279,0,66719d1fec2d47bbd0241df0,6816be1334bc5f118b922621,682fa74c7660f0c63bc28a2a,0,"{""Q0"":""셀 수 있다""}",뱀,count_mass
682fa9c68f6c92b7216fef38,1947,survey-multi-choice,85,573226,0,66719d1fec2d47bbd0241df0,6816be1334bc5f118b922621,682fa74c7660f0c63bc28a2a,0,"{""Q0"":""셀 수 있다""}",그네,count_mass
682fa9c68f6c92b7216fef3a,4869,survey-multi-choice,86,578096,0,66719d1fec2d47bbd0241df0,6816be1334bc5f118b922621,682fa74c7660f0c63bc28a2a,0,"{""Q0"":""잘 모르겠다/구분이 어렵다""}",턱,count_mass
682fa9c68f6c92b7216fef3c,15774,survey-multi-choice,87,593871,0,66719d1fec2d47bbd0241df0,6816be1334bc5f118b922621,682fa74c7660f0c63bc28a2a,0,"{""Q0"":""셀 수 있다""}",코트/외투,count_mass
682fa9c68f6c92b7216fef3e,1526,survey-multi-choice,88,595397,0,66719d1fec2d47bbd0241df0,6816be1334bc5f118b922621,682fa74c7660f0c63bc28a2a,0,"{""Q0"":""셀 수 있다""}",수건,count_mass
682fa9c68f6c92b7216fef40,4368,survey-multi-choice,89,599765,0,66719d1fec2d47bbd0241df0,6816be1334bc5f118b922621,682fa74c7660f0c63bc28a2a,0,"{""Q0"":""셀 수 있다""}",시계,count_mass
682fa9c68f6c92b7216fef42,3728,survey-multi-choice,90,603494,0,66719d1fec2d47bbd0241df0,6816be1334bc5f118b922621,682fa74c7660f0c63bc28a2a,0,"{""Q0"":""셀 수 없다""}",회색,count_mass
682fa9c68f6c92b7216fef44,6773,survey-multi-choice,91,610267,0,66719d1fec2d47bbd0241df0,6816be1334bc5f118b922621,682fa74c7660f0c63bc28a2a,0,"{""Q0"":""셀 수 있다""}",무릎,count_mass
682fa9c68f6c92b7216fef46,3010,survey-multi-choice,92,613278,0,66719d1fec2d47bbd0241df0,6816be1334bc5f118b922621,682fa74c7660f0c63bc28a2a,0,"{""Q0"":""셀 수 있다""}",시소,count_mass
682fa9c68f6c92b7216fef48,1537,survey-multi-choice,93,614816,0,66719d1fec2d47bbd0241df0,6816be1334bc5f118b922621,682fa74c7660f0c63bc28a2a,0,"{""Q0"":""셀 수 있다""}",옷장,count_mass
682fa9c68f6c92b7216fef4a,1693,survey-multi-choice,94,616509,0,66719d1fec2d47bbd0241df0,6816be1334bc5f118b922621,682fa74c7660f0c63bc28a2a,0,"{""Q0"":""셀 수 있다""}",미끄럼틀,count_mass
682fa9c68f6c92b7216fef4c,5778,survey-multi-choice,95,622288,0,66719d1fec2d47bbd0241df0,6816be1334bc5f118b922621,682fa74c7660f0c63bc28a2a,0,"{""Q0"":""셀 수 있다""}",닭고기,count_mass
682fa9c68f6c92b7216fef4e,1884,survey-multi-choice,96,624173,0,66719d1fec2d47bbd0241df0,6816be1334bc5f118b922621,682fa74c7660f0c63bc28a2a,0,"{""Q0"":""셀 수 있다""}",배추,count_mass
682fa9c68f6c92b7216fef50,3310,html-button-response,97,627483,0,66719d1fec2d47bbd0241df0,6816be1334bc5f118b922621,682fa74c7660f0c63bc28a2a,0,0,,
682fe7108f6c92b7216fef52,8139,instructions,0,8142,0,67040673c475441ccb21a6b3,6816be1334bc5f118b922621,682fe48ebfa50b0a05a25f6b,0,,,
682fe7108f6c92b7216fef54,16519,html-button-response,2,30818,0,67040673c475441ccb21a6b3,6816be1334bc5f118b922621,682fe48ebfa50b0a05a25f6b,0,0,,
682fe7108f6c92b7216fef56,6154,instructions,1,14298,0,67040673c475441ccb21a6b3,6816be1334bc5f118b922621,682fe48ebfa50b0a05a25f6b,0,,,
682fe7108f6c92b7216fef58,7520,html-button-response,3,38340,0,67040673c475441ccb21a6b3,6816be1334bc5f118b922621,682fe48ebfa50b0a05a25f6b,0,0,,
682fe7108f6c92b7216fef5a,2883,html-button-response,5,52380,0,67040673c475441ccb21a6b3,6816be1334bc5f118b922621,682fe48ebfa50b0a05a25f6b,0,0,,
682fe7108f6c92b7216fef5c,11156,html-button-response,4,49497,0,67040673c475441ccb21a6b3,6816be1334bc5f118b922621,682fe48ebfa50b0a05a25f6b,0,0,,
682fe7108f6c92b7216fef5e,4451,html-button-response,6,56833,0,67040673c475441ccb21a6b3,6816be1334bc5f118b922621,682fe48ebfa50b0a05a25f6b,0,0,,
682fe7108f6c92b7216fef60,11780,survey-multi-choice,7,68614,0,67040673c475441ccb21a6b3,6816be1334bc5f118b922621,682fe48ebfa50b0a05a25f6b,0,"{""Q0"":""형태""}",정사각형,practice_category
682fe7108f6c92b7216fef62,3172,html-button-response,8,71788,0,67040673c475441ccb21a6b3,6816be1334bc5f118b922621,682fe48ebfa50b0a05a25f6b,0,0,,
682fe7108f6c92b7216fef64,11021,survey-multi-choice,9,82809,0,67040673c475441ccb21a6b3,6816be1334bc5f118b922621,682fe48ebfa50b0a05a25f6b,0,"{""Q0"":""해당 사항 없음""}",불안감,practice_category
682fe7108f6c92b7216fef66,14563,survey-multi-choice,11,99390,0,67040673c475441ccb21a6b3,6816be1334bc5f118b922621,682fe48ebfa50b0a05a25f6b,0,"{""Q0"":""물질""}",도자기,practice_category
682fe7108f6c92b7216fef68,2015,html-button-response,10,84826,0,67040673c475441ccb21a6b3,6816be1334bc5f118b922621,682fe48ebfa50b0a05a25f6b,0,0,,
682fe7108f6c92b7216fef6a,2910,html-button-response,12,102301,0,67040673c475441ccb21a6b3,6816be1334bc5f118b922621,682fe48ebfa50b0a05a25f6b,0,0,,
682fe7108f6c92b7216fef6c,8200,survey-multi-choice,13,110502,0,67040673c475441ccb21a6b3,6816be1334bc5f118b922621,682fe48ebfa50b0a05a25f6b,0,"{""Q0"":""색상""}",빨간불,practice_category
682fe7108f6c92b7216fef6e,1794,html-button-response,14,112297,0,67040673c475441ccb21a6b3,6816be1334bc5f118b922621,682fe48ebfa50b0a05a25f6b,0,0,,
682fe7108f6c92b7216fef70,2932,html-button-response,15,115230,0,67040673c475441ccb21a6b3,6816be1334bc5f118b922621,682fe48ebfa50b0a05a25f6b,0,0,,
682fe7108f6c92b7216fef72,18373,survey-multi-choice,16,133605,0,67040673c475441ccb21a6b3,6816be1334bc5f118b922621,682fe48ebfa50b0a05a25f6b,0,"{""Q0"":""해당 사항 없음""}",냉장고,category_organization
682fe7108f6c92b7216fef74,14015,survey-multi-choice,17,147621,0,67040673c475441ccb21a6b3,6816be1334bc5f118b922621,682fe48ebfa50b0a05a25f6b,0,"{""Q0"":""해당 사항 없음""}",창문,category_organization
682fe7108f6c92b7216fef76,9578,survey-multi-choice,18,157200,0,67040673c475441ccb21a6b3,6816be1334bc5f118b922621,682fe48ebfa50b0a05a25f6b,0,"{""Q0"":""물질""}",피,category_organization
682fe7108f6c92b7216fef78,14114,survey-multi-choice,19,171314,0,67040673c475441ccb21a6b3,6816be1334bc5f118b922621,682fe48ebfa50b0a05a25f6b,0,"{""Q0"":""해당 사항 없음""}",시소,category_organization
682fe7108f6c92b7216fef7a,7233,survey-multi-choice,20,178549,0,67040673c475441ccb21a6b3,6816be1334bc5f118b922621,682fe48ebfa50b0a05a25f6b,0,"{""Q0"":""물질""}",이/이빨,category_organization
682fe7108f6c92b7216fef7c,6992,survey-multi-choice,21,185542,0,67040673c475441ccb21a6b3,6816be1334bc5f118b922621,682fe48ebfa50b0a05a25f6b,0,"{""Q0"":""물질""}",콩,category_organization
682fe7108f6c92b7216fef7e,8035,survey-multi-choice,22,193578,0,67040673c475441ccb21a6b3,6816be1334bc5f118b922621,682fe48ebfa50b0a05a25f6b,0,"{""Q0"":""물질""}",망치,category_organization
682fe7108f6c92b7216fef80,9569,survey-multi-choice,23,203148,0,67040673c475441ccb21a6b3,6816be1334bc5f118b922621,682fe48ebfa50b0a05a25f6b,0,"{""Q0"":""형태""}",블록,category_organization
682fe7108f6c92b7216fef82,5145,survey-multi-choice,24,208294,0,67040673c475441ccb21a6b3,6816be1334bc5f118b922621,682fe48ebfa50b0a05a25f6b,0,"{""Q0"":""해당 사항 없음""}",악어,category_organization
682fe7108f6c92b7216fef84,5188,survey-multi-choice,25,213483,0,67040673c475441ccb21a6b3,6816be1334bc5f118b922621,682fe48ebfa50b0a05a25f6b,0,"{""Q0"":""해당 사항 없음""}",말,category_organization
682fe7108f6c92b7216fef86,5771,survey-multi-choice,26,219254,0,67040673c475441ccb21a6b3,6816be1334bc5f118b922621,682fe48ebfa50b0a05a25f6b,0,"{""Q0"":""물질""}",라벤더,category_organization
682fe7108f6c92b7216fef88,11173,survey-multi-choice,27,230428,0,67040673c475441ccb21a6b3,6816be1334bc5f118b922621,682fe48ebfa50b0a05a25f6b,0,"{""Q0"":""해당 사항 없음""}",청소기,category_organization
682fe7108f6c92b7216fef8a,8305,survey-multi-choice,28,238733,0,67040673c475441ccb21a6b3,6816be1334bc5f118b922621,682fe48ebfa50b0a05a25f6b,0,"{""Q0"":""해당 사항 없음""}",배,category_organization
682fe7108f6c92b7216fef8c,6679,survey-multi-choice,29,245413,0,67040673c475441ccb21a6b3,6816be1334bc5f118b922621,682fe48ebfa50b0a05a25f6b,0,"{""Q0"":""해당 사항 없음""}",참새,category_organization
682fe7108f6c92b7216fef8e,9221,survey-multi-choice,30,254635,0,67040673c475441ccb21a6b3,6816be1334bc5f118b922621,682fe48ebfa50b0a05a25f6b,0,"{""Q0"":""물질""}",고구마,category_organization
682fe7108f6c92b7216fef90,5764,survey-multi-choice,31,260400,0,67040673c475441ccb21a6b3,6816be1334bc5f118b922621,682fe48ebfa50b0a05a25f6b,0,"{""Q0"":""해당 사항 없음""}",배꼽,category_organization
682fe7108f6c92b7216fef92,5003,survey-multi-choice,32,265404,0,67040673c475441ccb21a6b3,6816be1334bc5f118b922621,682fe48ebfa50b0a05a25f6b,0,"{""Q0"":""해당 사항 없음""}",토끼,category_organization
682fe7108f6c92b7216fef94,12117,survey-multi-choice,33,277522,0,67040673c475441ccb21a6b3,6816be1334bc5f118b922621,682fe48ebfa50b0a05a25f6b,0,"{""Q0"":""물질""}",복숭아,category_organization
682fe7108f6c92b7216fef96,5075,survey-multi-choice,34,282598,0,67040673c475441ccb21a6b3,6816be1334bc5f118b922621,682fe48ebfa50b0a05a25f6b,0,"{""Q0"":""형태""}",접시,category_organization
682fe7108f6c92b7216fef98,18690,survey-multi-choice,35,301289,0,67040673c475441ccb21a6b3,6816be1334bc5f118b922621,682fe48ebfa50b0a05a25f6b,0,"{""Q0"":""해당 사항 없음""}",피아노,category_organization
682fe7108f6c92b7216fef9a,6466,survey-multi-choice,36,307756,0,67040673c475441ccb21a6b3,6816be1334bc5f118b922621,682fe48ebfa50b0a05a25f6b,0,"{""Q0"":""해당 사항 없음""}",다람쥐,category_organization
682fe7118f6c92b7216fef9c,7262,html-button-response,37,315019,0,67040673c475441ccb21a6b3,6816be1334bc5f118b922621,682fe48ebfa50b0a05a25f6b,0,0,,
682fe7118f6c92b7216fef9e,2761,html-button-response,38,317780,0,67040673c475441ccb21a6b3,6816be1334bc5f118b922621,682fe48ebfa50b0a05a25f6b,0,0,,
682fe7118f6c92b7216fefa0,1589,html-button-response,39,319370,0,67040673c475441ccb21a6b3,6816be1334bc5f118b922621,682fe48ebfa50b0a05a25f6b,0,0,,
682fe7118f6c92b7216fefa2,2527,html-button-response,40,321898,0,67040673c475441ccb21a6b3,6816be1334bc5f118b922621,682fe48ebfa50b0a05a25f6b,0,0,,
682fe7118f6c92b7216fefa4,6687,survey-multi-choice,41,328586,0,67040673c475441ccb21a6b3,6816be1334bc5f118b922621,682fe48ebfa50b0a05a25f6b,0,"{""Q0"":""셀 수 있다""}",의자,practice_countmass
682fe7118f6c92b7216fefa6,3292,html-button-response,42,331880,0,67040673c475441ccb21a6b3,6816be1334bc5f118b922621,682fe48ebfa50b0a05a25f6b,0,0,,
682fe7118f6c92b7216fefa8,10428,survey-multi-choice,43,342308,0,67040673c475441ccb21a6b3,6816be1334bc5f118b922621,682fe48ebfa50b0a05a25f6b,0,"{""Q0"":""셀 수 없다""}",설탕,practice_countmass
682fe7118f6c92b7216fefaa,8981,html-button-response,44,351290,0,67040673c475441ccb21a6b3,6816be1334bc5f118b922621,682fe48ebfa50b0a05a25f6b,0,0,,
682fe7118f6c92b7216fefac,3102,html-button-response,45,354393,0,67040673c475441ccb21a6b3,6816be1334bc5f118b922621,682fe48ebfa50b0a05a25f6b,0,0,,
682fe7118f6c92b7216fefae,3157,survey-multi-choice,48,370934,0,67040673c475441ccb21a6b3,6816be1334bc5f118b922621,682fe48ebfa50b0a05a25f6b,0,"{""Q0"":""셀 수 있다""}",옷걸이,count_mass
682fe7118f6c92b7216fefb0,9967,survey-multi-choice,46,364361,0,67040673c475441ccb21a6b3,6816be1334bc5f118b922621,682fe48ebfa50b0a05a25f6b,0,"{""Q0"":""셀 수 있다""}",입술,count_mass
682fe7118f6c92b7216fefb2,3414,survey-multi-choice,47,367776,0,67040673c475441ccb21a6b3,6816be1334bc5f118b922621,682fe48ebfa50b0a05a25f6b,0,"{""Q0"":""셀 수 있다""}",침대,count_mass
682fe7118f6c92b7216fefb4,3592,survey-multi-choice,49,374526,0,67040673c475441ccb21a6b3,6816be1334bc5f118b922621,682fe48ebfa50b0a05a25f6b,0,"{""Q0"":""셀 수 있다""}",수건,count_mass
682fe7118f6c92b7216fefb6,2548,survey-multi-choice,50,377075,0,67040673c475441ccb21a6b3,6816be1334bc5f118b922621,682fe48ebfa50b0a05a25f6b,0,"{""Q0"":""셀 수 있다""}",고추,count_mass
682fe7118f6c92b7216fefb8,3201,survey-multi-choice,51,380276,0,67040673c475441ccb21a6b3,6816be1334bc5f118b922621,682fe48ebfa50b0a05a25f6b,0,"{""Q0"":""셀 수 있다""}",메론,count_mass
682fe7118f6c92b7216fefba,2824,survey-multi-choice,52,383101,0,67040673c475441ccb21a6b3,6816be1334bc5f118b922621,682fe48ebfa50b0a05a25f6b,0,"{""Q0"":""셀 수 있다""}",라디오,count_mass
682fe7118f6c92b7216fefbc,4457,survey-multi-choice,53,387560,0,67040673c475441ccb21a6b3,6816be1334bc5f118b922621,682fe48ebfa50b0a05a25f6b,0,"{""Q0"":""셀 수 없다""}",고기,count_mass
682fe7118f6c92b7216fefbe,2973,survey-multi-choice,54,390533,0,67040673c475441ccb21a6b3,6816be1334bc5f118b922621,682fe48ebfa50b0a05a25f6b,0,"{""Q0"":""셀 수 있다""}",단추,count_mass
682fe7118f6c92b7216fefc0,3520,survey-multi-choice,55,394054,0,67040673c475441ccb21a6b3,6816be1334bc5f118b922621,682fe48ebfa50b0a05a25f6b,0,"{""Q0"":""셀 수 있다""}",미끄럼틀,count_mass
682fe7118f6c92b7216fefc2,3739,survey-multi-choice,56,397795,0,67040673c475441ccb21a6b3,6816be1334bc5f118b922621,682fe48ebfa50b0a05a25f6b,0,"{""Q0"":""셀 수 있다""}",뺨,count_mass
682fe7118f6c92b7216fefc4,3215,survey-multi-choice,57,401011,0,67040673c475441ccb21a6b3,6816be1334bc5f118b922621,682fe48ebfa50b0a05a25f6b,0,"{""Q0"":""셀 수 있다""}",엉덩이,count_mass
682fe7118f6c92b7216fefc6,3243,survey-multi-choice,58,404255,0,67040673c475441ccb21a6b3,6816be1334bc5f118b922621,682fe48ebfa50b0a05a25f6b,0,"{""Q0"":""셀 수 있다""}",병,count_mass
682fe7118f6c92b7216fefc8,2533,survey-multi-choice,59,406788,0,67040673c475441ccb21a6b3,6816be1334bc5f118b922621,682fe48ebfa50b0a05a25f6b,0,"{""Q0"":""셀 수 없다""}",회색,count_mass
682fe7118f6c92b7216fefca,3371,survey-multi-choice,60,410161,0,67040673c475441ccb21a6b3,6816be1334bc5f118b922621,682fe48ebfa50b0a05a25f6b,0,"{""Q0"":""셀 수 있다""}",발,count_mass
682fe7118f6c92b7216fefcc,3463,survey-multi-choice,61,413624,0,67040673c475441ccb21a6b3,6816be1334bc5f118b922621,682fe48ebfa50b0a05a25f6b,0,"{""Q0"":""셀 수 있다""}",오리,count_mass
682fe7118f6c92b7216fefce,3107,survey-multi-choice,62,416733,0,67040673c475441ccb21a6b3,6816be1334bc5f118b922621,682fe48ebfa50b0a05a25f6b,0,"{""Q0"":""셀 수 없다""}",콜라,count_mass
682fe7118f6c92b7216fefd0,2604,survey-multi-choice,63,419338,0,67040673c475441ccb21a6b3,6816be1334bc5f118b922621,682fe48ebfa50b0a05a25f6b,0,"{""Q0"":""셀 수 있다""}",닭,count_mass
682fe7118f6c92b7216fefd2,2277,survey-multi-choice,64,421616,0,67040673c475441ccb21a6b3,6816be1334bc5f118b922621,682fe48ebfa50b0a05a25f6b,0,"{""Q0"":""셀 수 있다""}",도너츠,count_mass
682fe7118f6c92b7216fefd4,2533,survey-multi-choice,65,424150,0,67040673c475441ccb21a6b3,6816be1334bc5f118b922621,682fe48ebfa50b0a05a25f6b,0,"{""Q0"":""셀 수 있다""}",소파,count_mass
682fe7118f6c92b7216fefd6,3044,survey-multi-choice,66,427195,0,67040673c475441ccb21a6b3,6816be1334bc5f118b922621,682fe48ebfa50b0a05a25f6b,0,"{""Q0"":""셀 수 있다""}",벌,count_mass
682fe7118f6c92b7216fefd8,8580,html-button-response,67,435776,0,67040673c475441ccb21a6b3,6816be1334bc5f118b922621,682fe48ebfa50b0a05a25f6b,0,0,,
682fe7118f6c92b7216fefda,3520,html-button-response,68,439297,0,67040673c475441ccb21a6b3,6816be1334bc5f118b922621,682fe48ebfa50b0a05a25f6b,0,0,,
682fe7118f6c92b7216fefdc,1334,html-button-response,69,440631,0,67040673c475441ccb21a6b3,6816be1334bc5f118b922621,682fe48ebfa50b0a05a25f6b,0,0,,
682fe7118f6c92b7216fefde,3761,html-button-response,70,444393,0,67040673c475441ccb21a6b3,6816be1334bc5f118b922621,682fe48ebfa50b0a05a25f6b,0,0,,
682fe7118f6c92b7216fefe0,7944,survey-multi-choice,71,452337,0,67040673c475441ccb21a6b3,6816be1334bc5f118b922621,682fe48ebfa50b0a05a25f6b,0,"{""Q0"":""비고형물""}",우유,practice_solidity
682fe7118f6c92b7216fefe2,3740,html-button-response,72,456078,0,67040673c475441ccb21a6b3,6816be1334bc5f118b922621,682fe48ebfa50b0a05a25f6b,0,0,,
682fe7118f6c92b7216fefe4,5707,survey-multi-choice,73,461786,0,67040673c475441ccb21a6b3,6816be1334bc5f118b922621,682fe48ebfa50b0a05a25f6b,0,"{""Q0"":""고형물""}",책상,practice_solidity
682fe7118f6c92b7216fefe6,5934,html-button-response,74,467720,0,67040673c475441ccb21a6b3,6816be1334bc5f118b922621,682fe48ebfa50b0a05a25f6b,0,0,,
682fe7118f6c92b7216fefe8,2051,html-button-response,75,469772,0,67040673c475441ccb21a6b3,6816be1334bc5f118b922621,682fe48ebfa50b0a05a25f6b,0,0,,
682fe7118f6c92b7216fefea,3662,survey-multi-choice,76,473435,0,67040673c475441ccb21a6b3,6816be1334bc5f118b922621,682fe48ebfa50b0a05a25f6b,0,"{""Q0"":""고형물""}",초콜렛,solidity
682fe7118f6c92b7216fefec,3094,survey-multi-choice,77,476530,0,67040673c475441ccb21a6b3,6816be1334bc5f118b922621,682fe48ebfa50b0a05a25f6b,0,"{""Q0"":""고형물""}",안경,solidity
682fe7118f6c92b7216fefee,6423,survey-multi-choice,78,482954,0,67040673c475441ccb21a6b3,6816be1334bc5f118b922621,682fe48ebfa50b0a05a25f6b,0,"{""Q0"":""고형물""}",자전거,solidity
682fe7118f6c92b7216feff0,5188,survey-multi-choice,79,488143,0,67040673c475441ccb21a6b3,6816be1334bc5f118b922621,682fe48ebfa50b0a05a25f6b,0,"{""Q0"":""고형물""}",팔,solidity
682fe7118f6c92b7216feff2,3271,survey-multi-choice,80,491415,0,67040673c475441ccb21a6b3,6816be1334bc5f118b922621,682fe48ebfa50b0a05a25f6b,0,"{""Q0"":""비고형물""}",라벤더,solidity
682fe7118f6c92b7216feff4,2839,survey-multi-choice,81,494255,0,67040673c475441ccb21a6b3,6816be1334bc5f118b922621,682fe48ebfa50b0a05a25f6b,0,"{""Q0"":""고형물""}",숟가락,solidity
682fe7118f6c92b7216feff6,3123,survey-multi-choice,82,497378,0,67040673c475441ccb21a6b3,6816be1334bc5f118b922621,682fe48ebfa50b0a05a25f6b,0,"{""Q0"":""고형물""}",꽃,solidity
682fe7118f6c92b7216feff8,3030,survey-multi-choice,83,500409,0,67040673c475441ccb21a6b3,6816be1334bc5f118b922621,682fe48ebfa50b0a05a25f6b,0,"{""Q0"":""고형물""}",손,solidity
682fe7118f6c92b7216feffa,6969,survey-multi-choice,84,507379,0,67040673c475441ccb21a6b3,6816be1334bc5f118b922621,682fe48ebfa50b0a05a25f6b,0,"{""Q0"":""고형물""}",병아리,solidity
682fe7118f6c92b7216feffc,3101,survey-multi-choice,85,510481,0,67040673c475441ccb21a6b3,6816be1334bc5f118b922621,682fe48ebfa50b0a05a25f6b,0,"{""Q0"":""고형물""}",땅콩,solidity
682fe7118f6c92b7216feffe,2880,survey-multi-choice,86,513362,0,67040673c475441ccb21a6b3,6816be1334bc5f118b922621,682fe48ebfa50b0a05a25f6b,0,"{""Q0"":""비고형물""}",요구르트,solidity
682fe7118f6c92b7216ff000,4087,survey-multi-choice,87,517450,0,67040673c475441ccb21a6b3,6816be1334bc5f118b922621,682fe48ebfa50b0a05a25f6b,0,"{""Q0"":""해당 사항 없음""}",그림,solidity
682fe7118f6c92b7216ff002,3506,survey-multi-choice,88,520957,0,67040673c475441ccb21a6b3,6816be1334bc5f118b922621,682fe48ebfa50b0a05a25f6b,0,"{""Q0"":""고형물""}",호랑이,solidity
682fe7118f6c92b7216ff004,2682,survey-multi-choice,89,523640,0,67040673c475441ccb21a6b3,6816be1334bc5f118b922621,682fe48ebfa50b0a05a25f6b,0,"{""Q0"":""고형물""}",비누,solidity
682fe7118f6c92b7216ff006,3306,survey-multi-choice,90,526946,0,67040673c475441ccb21a6b3,6816be1334bc5f118b922621,682fe48ebfa50b0a05a25f6b,0,"{""Q0"":""해당 사항 없음""}",쓰레기,solidity
682fe7118f6c92b7216ff008,3669,survey-multi-choice,91,530616,0,67040673c475441ccb21a6b3,6816be1334bc5f118b922621,682fe48ebfa50b0a05a25f6b,0,"{""Q0"":""고형물""}",핫도그,solidity
682fe7118f6c92b7216ff00a,5103,survey-multi-choice,92,535720,0,67040673c475441ccb21a6b3,6816be1334bc5f118b922621,682fe48ebfa50b0a05a25f6b,0,"{""Q0"":""해당 사항 없음""}",모래,solidity
682fe7118f6c92b7216ff00c,2795,survey-multi-choice,94,542356,0,67040673c475441ccb21a6b3,6816be1334bc5f118b922621,682fe48ebfa50b0a05a25f6b,0,"{""Q0"":""고형물""}",사탕,solidity
682fe7118f6c92b7216ff00e,3839,survey-multi-choice,93,539560,0,67040673c475441ccb21a6b3,6816be1334bc5f118b922621,682fe48ebfa50b0a05a25f6b,0,"{""Q0"":""고형물""}",소금,solidity
682fe7118f6c92b7216ff010,4400,survey-multi-choice,95,546757,0,67040673c475441ccb21a6b3,6816be1334bc5f118b922621,682fe48ebfa50b0a05a25f6b,0,"{""Q0"":""고형물""}",지붕,solidity
682fe7118f6c92b7216ff012,8871,survey-multi-choice,96,555629,0,67040673c475441ccb21a6b3,6816be1334bc5f118b922621,682fe48ebfa50b0a05a25f6b,0,"{""Q0"":""해당 사항 없음""}",개,solidity
682fe7118f6c92b7216ff014,6301,html-button-response,97,561931,0,67040673c475441ccb21a6b3,6816be1334bc5f118b922621,682fe48ebfa50b0a05a25f6b,0,0,,
