Word,block,response,totcount,theword,proportion,uni_lemma,language,eng_response,matching_response,cleaned_response
Animal,category_organization,Form,29,동물,0.5862068965517241,Animal,Korean,Form,shape,form
Animal,category_organization,"Form, Color",29,동물,0.06896551724137931,Animal,Korean,"Form, Color",multiple,form color
Animal,category_organization,"Form, Color, Material",29,동물,0.13793103448275862,Animal,Korean,"Form, Color, Material",multiple,form color material
Animal,category_organization,"Form, Material",29,동물,0.10344827586206896,Animal,Korean,"Form, Material",multiple,form material
Animal,category_organization,Material,29,동물,0.03448275862068965,Animal,Korean,Material,material,material
Animal,category_organization,Not applicable,29,동물,0.06896551724137931,Animal,Korean,Not applicable,none of these,not applicable
Animal,count_mass,Can be counted,29,동물,0.8620689655172413,Animal,Korean,Can be counted,count,can be counted
Animal,count_mass,Cannot be counted,29,동물,0.034482758620689655,Animal,Korean,Cannot be counted,mass,cannot be counted
Animal,count_mass,I don't know/It's hard to say,29,동물,0.10344827586206896,Animal,Korean,I don't know/It's hard to say,unknown,i dont knowits hard to say
Animal,solidity,I don't know/It's hard to say,29,동물,0.27586206896551724,Animal,Korean,I don't know/It's hard to say,unknown,i dont knowits hard to say
Animal,solidity,Not a solid,29,동물,0.10344827586206896,Animal,Korean,Not a solid,non-solid,not a solid
Animal,solidity,Solid,29,동물,0.6206896551724138,Animal,Korean,Solid,solid,solid
Ankle,category_organization,Form,29,발목,0.8620689655172413,Ankle,Korean,Form,shape,form
Ankle,category_organization,"Form, Material",29,발목,0.10344827586206896,Ankle,Korean,"Form, Material",multiple,form material
Ankle,category_organization,Material,29,발목,0.03448275862068965,Ankle,Korean,Material,material,material
Ankle,count_mass,Can be counted,29,발목,1,Ankle,Korean,Can be counted,count,can be counted
Ankle,solidity,I don't know/It's hard to say,29,발목,0.2413793103448276,Ankle,Korean,I don't know/It's hard to say,unknown,i dont knowits hard to say
Ankle,solidity,Not a solid,29,발목,0.10344827586206896,Ankle,Korean,Not a solid,non-solid,not a solid
Ankle,solidity,Solid,29,발목,0.6551724137931034,Ankle,Korean,Solid,solid,solid
Ant,category_organization,Color,29,개미,0.03448275862068965,Ant,Korean,Color,color,color
Ant,category_organization,Form,29,개미,0.6206896551724138,Ant,Korean,Form,shape,form
Ant,category_organization,"Form, Color",29,개미,0.10344827586206896,Ant,Korean,"Form, Color",multiple,form color
Ant,category_organization,"Form, Color, Material",29,개미,0.10344827586206896,Ant,Korean,"Form, Color, Material",multiple,form color material
Ant,category_organization,"Form, Material",29,개미,0.10344827586206896,Ant,Korean,"Form, Material",multiple,form material
Ant,category_organization,Material,29,개미,0.03448275862068965,Ant,Korean,Material,material,material
Ant,count_mass,Can be counted,29,개미,0.896551724137931,Ant,Korean,Can be counted,count,can be counted
Ant,count_mass,Cannot be counted,29,개미,0.10344827586206896,Ant,Korean,Cannot be counted,mass,cannot be counted
Ant,solidity,I don't know/It's hard to say,29,개미,0.27586206896551724,Ant,Korean,I don't know/It's hard to say,unknown,i dont knowits hard to say
Ant,solidity,Not a solid,29,개미,0.10344827586206896,Ant,Korean,Not a solid,non-solid,not a solid
Ant,solidity,Solid,29,개미,0.6206896551724138,Ant,Korean,Solid,solid,solid
Anus,category_organization,Form,29,똥꼬,0.7586206896551724,Anus,Korean,Form,shape,form
Anus,category_organization,"Form, Color",29,똥꼬,0.03448275862068965,Anus,Korean,"Form, Color",multiple,form color
Anus,category_organization,"Form, Material",29,똥꼬,0.13793103448275862,Anus,Korean,"Form, Material",multiple,form material
Anus,category_organization,Material,29,똥꼬,0.03448275862068965,Anus,Korean,Material,material,material
Anus,category_organization,Not applicable,29,똥꼬,0.03448275862068965,Anus,Korean,Not applicable,none of these,not applicable
Anus,count_mass,Can be counted,29,똥꼬,0.896551724137931,Anus,Korean,Can be counted,count,can be counted
Anus,count_mass,Cannot be counted,29,똥꼬,0.10344827586206896,Anus,Korean,Cannot be counted,mass,cannot be counted
Anus,solidity,I don't know/It's hard to say,29,똥꼬,0.3103448275862069,Anus,Korean,I don't know/It's hard to say,unknown,i dont knowits hard to say
Anus,solidity,Not a solid,29,똥꼬,0.10344827586206896,Anus,Korean,Not a solid,non-solid,not a solid
Anus,solidity,Solid,29,똥꼬,0.5862068965517241,Anus,Korean,Solid,solid,solid
Apple,category_organization,Form,29,사과,0.4482758620689655,Apple,Korean,Form,shape,form
Apple,category_organization,"Form, Color",29,사과,0.13793103448275862,Apple,Korean,"Form, Color",multiple,form color
Apple,category_organization,"Form, Color, Material",29,사과,0.1724137931034483,Apple,Korean,"Form, Color, Material",multiple,form color material
Apple,category_organization,"Form, Material",29,사과,0.13793103448275862,Apple,Korean,"Form, Material",multiple,form material
Apple,category_organization,Material,29,사과,0.10344827586206896,Apple,Korean,Material,material,material
Apple,count_mass,Can be counted,29,사과,1,Apple,Korean,Can be counted,count,can be counted
Apple,solidity,I don't know/It's hard to say,29,사과,0.10344827586206896,Apple,Korean,I don't know/It's hard to say,unknown,i dont knowits hard to say
Apple,solidity,Not a solid,29,사과,0.06896551724137931,Apple,Korean,Not a solid,non-solid,not a solid
Apple,solidity,Solid,29,사과,0.8275862068965517,Apple,Korean,Solid,solid,solid
Arm,category_organization,Form,29,팔,0.8620689655172413,Arm,Korean,Form,shape,form
Arm,category_organization,"Form, Material",29,팔,0.10344827586206896,Arm,Korean,"Form, Material",multiple,form material
Arm,category_organization,Material,29,팔,0.03448275862068965,Arm,Korean,Material,material,material
Arm,count_mass,Can be counted,29,팔,1,Arm,Korean,Can be counted,count,can be counted
Arm,solidity,I don't know/It's hard to say,29,팔,0.20689655172413793,Arm,Korean,I don't know/It's hard to say,unknown,i dont knowits hard to say
Arm,solidity,Not a solid,29,팔,0.10344827586206896,Arm,Korean,Not a solid,non-solid,not a solid
Arm,solidity,Solid,29,팔,0.6896551724137931,Arm,Korean,Solid,solid,solid
Back,category_organization,Form,29,등,0.7931034482758621,Back,Korean,Form,shape,form
Back,category_organization,"Form, Material",29,등,0.10344827586206896,Back,Korean,"Form, Material",multiple,form material
Back,category_organization,Material,29,등,0.06896551724137931,Back,Korean,Material,material,material
Back,category_organization,Not applicable,29,등,0.03448275862068965,Back,Korean,Not applicable,none of these,not applicable
Back,count_mass,Can be counted,29,등,0.7241379310344828,Back,Korean,Can be counted,count,can be counted
Back,count_mass,Cannot be counted,29,등,0.1724137931034483,Back,Korean,Cannot be counted,mass,cannot be counted
Back,count_mass,I don't know/It's hard to say,29,등,0.10344827586206896,Back,Korean,I don't know/It's hard to say,unknown,i dont knowits hard to say
Back,solidity,I don't know/It's hard to say,29,등,0.2413793103448276,Back,Korean,I don't know/It's hard to say,unknown,i dont knowits hard to say
Back,solidity,Not a solid,29,등,0.10344827586206896,Back,Korean,Not a solid,non-solid,not a solid
Back,solidity,Solid,29,등,0.6551724137931034,Back,Korean,Solid,solid,solid
Bag,category_organization,Form,29,가방,0.6551724137931034,Bag,Korean,Form,shape,form
Bag,category_organization,"Form, Color",29,가방,0.03448275862068965,Bag,Korean,"Form, Color",multiple,form color
Bag,category_organization,"Form, Color, Material",29,가방,0.13793103448275862,Bag,Korean,"Form, Color, Material",multiple,form color material
Bag,category_organization,"Form, Material",29,가방,0.13793103448275862,Bag,Korean,"Form, Material",multiple,form material
Bag,category_organization,Material,29,가방,0.03448275862068965,Bag,Korean,Material,material,material
Bag,count_mass,Can be counted,29,가방,1,Bag,Korean,Can be counted,count,can be counted
Bag,solidity,I don't know/It's hard to say,29,가방,0.034482758620689655,Bag,Korean,I don't know/It's hard to say,unknown,i dont knowits hard to say
Bag,solidity,Solid,29,가방,0.9655172413793104,Bag,Korean,Solid,solid,solid
Ball,category_organization,Color,29,공,0.03448275862068965,Ball,Korean,Color,color,color
Ball,category_organization,Form,29,공,0.6206896551724138,Ball,Korean,Form,shape,form
Ball,category_organization,"Form, Color, Material",29,공,0.06896551724137931,Ball,Korean,"Form, Color, Material",multiple,form color material
Ball,category_organization,"Form, Material",29,공,0.20689655172413793,Ball,Korean,"Form, Material",multiple,form material
Ball,category_organization,Material,29,공,0.06896551724137931,Ball,Korean,Material,material,material
Ball,count_mass,Can be counted,29,공,0.9655172413793104,Ball,Korean,Can be counted,count,can be counted
Ball,count_mass,I don't know/It's hard to say,29,공,0.034482758620689655,Ball,Korean,I don't know/It's hard to say,unknown,i dont knowits hard to say
Ball,solidity,I don't know/It's hard to say,29,공,0.06896551724137931,Ball,Korean,I don't know/It's hard to say,unknown,i dont knowits hard to say
Ball,solidity,Solid,29,공,0.9310344827586207,Ball,Korean,Solid,solid,solid
Balloon,category_organization,Color,29,풍선,0.03448275862068965,Balloon,Korean,Color,color,color
Balloon,category_organization,Form,29,풍선,0.3793103448275862,Balloon,Korean,Form,shape,form
Balloon,category_organization,"Form, Color",29,풍선,0.03448275862068965,Balloon,Korean,"Form, Color",multiple,form color
Balloon,category_organization,"Form, Color, Material",29,풍선,0.13793103448275862,Balloon,Korean,"Form, Color, Material",multiple,form color material
Balloon,category_organization,"Form, Material",29,풍선,0.3103448275862069,Balloon,Korean,"Form, Material",multiple,form material
Balloon,category_organization,Material,29,풍선,0.10344827586206896,Balloon,Korean,Material,material,material
Balloon,count_mass,Can be counted,29,풍선,0.9310344827586207,Balloon,Korean,Can be counted,count,can be counted
Balloon,count_mass,Cannot be counted,29,풍선,0.034482758620689655,Balloon,Korean,Cannot be counted,mass,cannot be counted
Balloon,count_mass,I don't know/It's hard to say,29,풍선,0.034482758620689655,Balloon,Korean,I don't know/It's hard to say,unknown,i dont knowits hard to say
Balloon,solidity,I don't know/It's hard to say,29,풍선,0.1724137931034483,Balloon,Korean,I don't know/It's hard to say,unknown,i dont knowits hard to say
Balloon,solidity,Not a solid,29,풍선,0.10344827586206896,Balloon,Korean,Not a solid,non-solid,not a solid
Balloon,solidity,Solid,29,풍선,0.7241379310344828,Balloon,Korean,Solid,solid,solid
Banana,category_organization,Color,29,바나나,0.03448275862068965,Banana,Korean,Color,color,color
Banana,category_organization,"Color, Material",29,바나나,0.03448275862068965,Banana,Korean,"Color, Material",multiple,color material
Banana,category_organization,Form,29,바나나,0.4827586206896552,Banana,Korean,Form,shape,form
Banana,category_organization,"Form, Color",29,바나나,0.10344827586206896,Banana,Korean,"Form, Color",multiple,form color
Banana,category_organization,"Form, Color, Material",29,바나나,0.20689655172413793,Banana,Korean,"Form, Color, Material",multiple,form color material
Banana,category_organization,"Form, Material",29,바나나,0.03448275862068965,Banana,Korean,"Form, Material",multiple,form material
Banana,category_organization,Material,29,바나나,0.06896551724137931,Banana,Korean,Material,material,material
Banana,category_organization,Not applicable,29,바나나,0.03448275862068965,Banana,Korean,Not applicable,none of these,not applicable
Banana,count_mass,Can be counted,29,바나나,1,Banana,Korean,Can be counted,count,can be counted
Banana,solidity,I don't know/It's hard to say,29,바나나,0.10344827586206896,Banana,Korean,I don't know/It's hard to say,unknown,i dont knowits hard to say
Banana,solidity,Not a solid,29,바나나,0.10344827586206896,Banana,Korean,Not a solid,non-solid,not a solid
Banana,solidity,Solid,29,바나나,0.7931034482758621,Banana,Korean,Solid,solid,solid
Bathroom,category_organization,Form,29,화장실,0.6896551724137931,Bathroom,Korean,Form,shape,form
Bathroom,category_organization,"Form, Color",29,화장실,0.03448275862068965,Bathroom,Korean,"Form, Color",multiple,form color
Bathroom,category_organization,"Form, Color, Material",29,화장실,0.03448275862068965,Bathroom,Korean,"Form, Color, Material",multiple,form color material
Bathroom,category_organization,"Form, Material",29,화장실,0.10344827586206896,Bathroom,Korean,"Form, Material",multiple,form material
Bathroom,category_organization,Material,29,화장실,0.03448275862068965,Bathroom,Korean,Material,material,material
Bathroom,category_organization,Not applicable,29,화장실,0.10344827586206896,Bathroom,Korean,Not applicable,none of these,not applicable
Bathroom,count_mass,Can be counted,29,화장실,0.9655172413793104,Bathroom,Korean,Can be counted,count,can be counted
Bathroom,count_mass,I don't know/It's hard to say,29,화장실,0.034482758620689655,Bathroom,Korean,I don't know/It's hard to say,unknown,i dont knowits hard to say
Bathroom,solidity,I don't know/It's hard to say,29,화장실,0.27586206896551724,Bathroom,Korean,I don't know/It's hard to say,unknown,i dont knowits hard to say
Bathroom,solidity,Not a solid,29,화장실,0.10344827586206896,Bathroom,Korean,Not a solid,non-solid,not a solid
Bathroom,solidity,Solid,29,화장실,0.6206896551724138,Bathroom,Korean,Solid,solid,solid
Bathtub,category_organization,Form,29,목욕탕,0.6206896551724138,Bathtub,Korean,Form,shape,form
Bathtub,category_organization,"Form, Material",29,목욕탕,0.27586206896551724,Bathtub,Korean,"Form, Material",multiple,form material
Bathtub,category_organization,Material,29,목욕탕,0.06896551724137931,Bathtub,Korean,Material,material,material
Bathtub,category_organization,Not applicable,29,목욕탕,0.03448275862068965,Bathtub,Korean,Not applicable,none of these,not applicable
Bathtub,count_mass,Can be counted,29,목욕탕,0.896551724137931,Bathtub,Korean,Can be counted,count,can be counted
Bathtub,count_mass,Cannot be counted,29,목욕탕,0.06896551724137931,Bathtub,Korean,Cannot be counted,mass,cannot be counted
Bathtub,count_mass,I don't know/It's hard to say,29,목욕탕,0.034482758620689655,Bathtub,Korean,I don't know/It's hard to say,unknown,i dont knowits hard to say
Bathtub,solidity,I don't know/It's hard to say,29,목욕탕,0.3103448275862069,Bathtub,Korean,I don't know/It's hard to say,unknown,i dont knowits hard to say
Bathtub,solidity,Not a solid,29,목욕탕,0.034482758620689655,Bathtub,Korean,Not a solid,non-solid,not a solid
Bathtub,solidity,Solid,29,목욕탕,0.6551724137931034,Bathtub,Korean,Solid,solid,solid
Beans,category_organization,Color,29,콩,0.03448275862068965,Beans,Korean,Color,color,color
Beans,category_organization,Form,29,콩,0.5517241379310345,Beans,Korean,Form,shape,form
Beans,category_organization,"Form, Color",29,콩,0.03448275862068965,Beans,Korean,"Form, Color",multiple,form color
Beans,category_organization,"Form, Color, Material",29,콩,0.06896551724137931,Beans,Korean,"Form, Color, Material",multiple,form color material
Beans,category_organization,"Form, Material",29,콩,0.20689655172413793,Beans,Korean,"Form, Material",multiple,form material
Beans,category_organization,Material,29,콩,0.06896551724137931,Beans,Korean,Material,material,material
Beans,category_organization,Not applicable,29,콩,0.03448275862068965,Beans,Korean,Not applicable,none of these,not applicable
Beans,count_mass,Can be counted,29,콩,0.8620689655172413,Beans,Korean,Can be counted,count,can be counted
Beans,count_mass,Cannot be counted,29,콩,0.10344827586206896,Beans,Korean,Cannot be counted,mass,cannot be counted
Beans,count_mass,I don't know/It's hard to say,29,콩,0.034482758620689655,Beans,Korean,I don't know/It's hard to say,unknown,i dont knowits hard to say
Beans,solidity,I don't know/It's hard to say,29,콩,0.06896551724137931,Beans,Korean,I don't know/It's hard to say,unknown,i dont knowits hard to say
Beans,solidity,Not a solid,29,콩,0.06896551724137931,Beans,Korean,Not a solid,non-solid,not a solid
Beans,solidity,Solid,29,콩,0.8620689655172413,Beans,Korean,Solid,solid,solid
Bear,category_organization,Form,29,곰,0.6551724137931034,Bear,Korean,Form,shape,form
Bear,category_organization,"Form, Color",29,곰,0.10344827586206896,Bear,Korean,"Form, Color",multiple,form color
Bear,category_organization,"Form, Color, Material",29,곰,0.10344827586206896,Bear,Korean,"Form, Color, Material",multiple,form color material
Bear,category_organization,"Form, Material",29,곰,0.10344827586206896,Bear,Korean,"Form, Material",multiple,form material
Bear,category_organization,Material,29,곰,0.03448275862068965,Bear,Korean,Material,material,material
Bear,count_mass,Can be counted,29,곰,1,Bear,Korean,Can be counted,count,can be counted
Bear,solidity,I don't know/It's hard to say,29,곰,0.2413793103448276,Bear,Korean,I don't know/It's hard to say,unknown,i dont knowits hard to say
Bear,solidity,Not a solid,29,곰,0.10344827586206896,Bear,Korean,Not a solid,non-solid,not a solid
Bear,solidity,Solid,29,곰,0.6551724137931034,Bear,Korean,Solid,solid,solid
Bed,category_organization,Form,29,침대,0.6896551724137931,Bed,Korean,Form,shape,form
Bed,category_organization,"Form, Color",29,침대,0.03448275862068965,Bed,Korean,"Form, Color",multiple,form color
Bed,category_organization,"Form, Color, Material",29,침대,0.03448275862068965,Bed,Korean,"Form, Color, Material",multiple,form color material
Bed,category_organization,"Form, Material",29,침대,0.20689655172413793,Bed,Korean,"Form, Material",multiple,form material
Bed,category_organization,Material,29,침대,0.03448275862068965,Bed,Korean,Material,material,material
Bed,count_mass,Can be counted,29,침대,1,Bed,Korean,Can be counted,count,can be counted
Bed,solidity,I don't know/It's hard to say,29,침대,0.10344827586206896,Bed,Korean,I don't know/It's hard to say,unknown,i dont knowits hard to say
Bed,solidity,Solid,29,침대,0.896551724137931,Bed,Korean,Solid,solid,solid
Bee,category_organization,Form,29,벌,0.6896551724137931,Bee,Korean,Form,shape,form
Bee,category_organization,"Form, Color",29,벌,0.03448275862068965,Bee,Korean,"Form, Color",multiple,form color
Bee,category_organization,"Form, Color, Material",29,벌,0.13793103448275862,Bee,Korean,"Form, Color, Material",multiple,form color material
Bee,category_organization,"Form, Material",29,벌,0.10344827586206896,Bee,Korean,"Form, Material",multiple,form material
Bee,category_organization,Material,29,벌,0.03448275862068965,Bee,Korean,Material,material,material
Bee,count_mass,Can be counted,29,벌,0.8620689655172413,Bee,Korean,Can be counted,count,can be counted
Bee,count_mass,Cannot be counted,29,벌,0.13793103448275862,Bee,Korean,Cannot be counted,mass,cannot be counted
Bee,solidity,I don't know/It's hard to say,29,벌,0.2413793103448276,Bee,Korean,I don't know/It's hard to say,unknown,i dont knowits hard to say
Bee,solidity,Not a solid,29,벌,0.10344827586206896,Bee,Korean,Not a solid,non-solid,not a solid
Bee,solidity,Solid,29,벌,0.6551724137931034,Bee,Korean,Solid,solid,solid
Belly Button,category_organization,Form,29,배꼽,0.7586206896551724,Belly Button,Korean,Form,shape,form
Belly Button,category_organization,"Form, Color",29,배꼽,0.06896551724137931,Belly Button,Korean,"Form, Color",multiple,form color
Belly Button,category_organization,"Form, Material",29,배꼽,0.13793103448275862,Belly Button,Korean,"Form, Material",multiple,form material
Belly Button,category_organization,Material,29,배꼽,0.03448275862068965,Belly Button,Korean,Material,material,material
Belly Button,count_mass,Can be counted,29,배꼽,1,Belly Button,Korean,Can be counted,count,can be counted
Belly Button,solidity,I don't know/It's hard to say,29,배꼽,0.3103448275862069,Belly Button,Korean,I don't know/It's hard to say,unknown,i dont knowits hard to say
Belly Button,solidity,Not a solid,29,배꼽,0.10344827586206896,Belly Button,Korean,Not a solid,non-solid,not a solid
Belly Button,solidity,Solid,29,배꼽,0.5862068965517241,Belly Button,Korean,Solid,solid,solid
Belt,category_organization,Form,29,허리띠,0.6206896551724138,Belt,Korean,Form,shape,form
Belt,category_organization,"Form, Color",29,허리띠,0.03448275862068965,Belt,Korean,"Form, Color",multiple,form color
Belt,category_organization,"Form, Color, Material",29,허리띠,0.10344827586206896,Belt,Korean,"Form, Color, Material",multiple,form color material
Belt,category_organization,"Form, Material",29,허리띠,0.1724137931034483,Belt,Korean,"Form, Material",multiple,form material
Belt,category_organization,Material,29,허리띠,0.06896551724137931,Belt,Korean,Material,material,material
Belt,count_mass,Can be counted,29,허리띠,0.9310344827586207,Belt,Korean,Can be counted,count,can be counted
Belt,count_mass,Cannot be counted,29,허리띠,0.06896551724137931,Belt,Korean,Cannot be counted,mass,cannot be counted
Belt,solidity,I don't know/It's hard to say,29,허리띠,0.10344827586206896,Belt,Korean,I don't know/It's hard to say,unknown,i dont knowits hard to say
Belt,solidity,Solid,29,허리띠,0.896551724137931,Belt,Korean,Solid,solid,solid
Bicycle,category_organization,Form,28,자전거,0.6428571428571429,Bicycle,Korean,Form,shape,form
Bicycle,category_organization,"Form, Color, Material",28,자전거,0.03571428571428571,Bicycle,Korean,"Form, Color, Material",multiple,form color material
Bicycle,category_organization,"Form, Material",28,자전거,0.25,Bicycle,Korean,"Form, Material",multiple,form material
Bicycle,category_organization,Material,28,자전거,0.07142857142857142,Bicycle,Korean,Material,material,material
Bicycle,count_mass,Can be counted,29,자전거,0.9655172413793104,Bicycle,Korean,Can be counted,count,can be counted
Bicycle,count_mass,I don't know/It's hard to say,29,자전거,0.034482758620689655,Bicycle,Korean,I don't know/It's hard to say,unknown,i dont knowits hard to say
Bicycle,solidity,I don't know/It's hard to say,29,자전거,0.034482758620689655,Bicycle,Korean,I don't know/It's hard to say,unknown,i dont knowits hard to say
Bicycle,solidity,Solid,29,자전거,0.9655172413793104,Bicycle,Korean,Solid,solid,solid
Bird,category_organization,Form,29,새,0.7586206896551724,Bird,Korean,Form,shape,form
Bird,category_organization,"Form, Color",29,새,0.03448275862068965,Bird,Korean,"Form, Color",multiple,form color
Bird,category_organization,"Form, Color, Material",29,새,0.03448275862068965,Bird,Korean,"Form, Color, Material",multiple,form color material
Bird,category_organization,"Form, Material",29,새,0.13793103448275862,Bird,Korean,"Form, Material",multiple,form material
Bird,category_organization,Material,29,새,0.03448275862068965,Bird,Korean,Material,material,material
Bird,count_mass,Can be counted,29,새,0.9310344827586207,Bird,Korean,Can be counted,count,can be counted
Bird,count_mass,I don't know/It's hard to say,29,새,0.06896551724137931,Bird,Korean,I don't know/It's hard to say,unknown,i dont knowits hard to say
Bird,solidity,I don't know/It's hard to say,29,새,0.2413793103448276,Bird,Korean,I don't know/It's hard to say,unknown,i dont knowits hard to say
Bird,solidity,Not a solid,29,새,0.10344827586206896,Bird,Korean,Not a solid,non-solid,not a solid
Bird,solidity,Solid,29,새,0.6551724137931034,Bird,Korean,Solid,solid,solid
Blanket,category_organization,Color,29,이불,0.03448275862068965,Blanket,Korean,Color,color,color
Blanket,category_organization,Form,29,이불,0.5517241379310345,Blanket,Korean,Form,shape,form
Blanket,category_organization,"Form, Color, Material",29,이불,0.10344827586206896,Blanket,Korean,"Form, Color, Material",multiple,form color material
Blanket,category_organization,"Form, Material",29,이불,0.27586206896551724,Blanket,Korean,"Form, Material",multiple,form material
Blanket,category_organization,Material,29,이불,0.03448275862068965,Blanket,Korean,Material,material,material
Blanket,count_mass,Can be counted,29,이불,0.9310344827586207,Blanket,Korean,Can be counted,count,can be counted
Blanket,count_mass,I don't know/It's hard to say,29,이불,0.06896551724137931,Blanket,Korean,I don't know/It's hard to say,unknown,i dont knowits hard to say
Blanket,solidity,I don't know/It's hard to say,29,이불,0.1724137931034483,Blanket,Korean,I don't know/It's hard to say,unknown,i dont knowits hard to say
Blanket,solidity,Solid,29,이불,0.8275862068965517,Blanket,Korean,Solid,solid,solid
Block,category_organization,Form,29,블럭,0.5172413793103449,Block,Korean,Form,shape,form
Block,category_organization,"Form, Color",29,블럭,0.06896551724137931,Block,Korean,"Form, Color",multiple,form color
Block,category_organization,"Form, Color, Material",29,블럭,0.10344827586206896,Block,Korean,"Form, Color, Material",multiple,form color material
Block,category_organization,"Form, Material",29,블럭,0.1724137931034483,Block,Korean,"Form, Material",multiple,form material
Block,category_organization,Material,29,블럭,0.10344827586206896,Block,Korean,Material,material,material
Block,category_organization,Not applicable,29,블럭,0.03448275862068965,Block,Korean,Not applicable,none of these,not applicable
Block,count_mass,Can be counted,29,블럭,0.8275862068965517,Block,Korean,Can be counted,count,can be counted
Block,count_mass,Cannot be counted,29,블럭,0.06896551724137931,Block,Korean,Cannot be counted,mass,cannot be counted
Block,count_mass,I don't know/It's hard to say,29,블럭,0.10344827586206896,Block,Korean,I don't know/It's hard to say,unknown,i dont knowits hard to say
Block,solidity,I don't know/It's hard to say,29,블럭,0.034482758620689655,Block,Korean,I don't know/It's hard to say,unknown,i dont knowits hard to say
Block,solidity,Solid,29,블럭,0.9655172413793104,Block,Korean,Solid,solid,solid
Blood,category_organization,"Color, Material",29,피,0.27586206896551724,Blood,Korean,"Color, Material",multiple,color material
Blood,category_organization,Form,29,피,0.3448275862068966,Blood,Korean,Form,shape,form
Blood,category_organization,"Form, Color",29,피,0.03448275862068965,Blood,Korean,"Form, Color",multiple,form color
Blood,category_organization,"Form, Color, Material",29,피,0.13793103448275862,Blood,Korean,"Form, Color, Material",multiple,form color material
Blood,category_organization,"Form, Color, Material, Not applicable",29,피,0.03448275862068965,Blood,Korean,"Form, Color, Material, Not applicable",multiple,form color material not applicable
Blood,category_organization,"Form, Material",29,피,0.06896551724137931,Blood,Korean,"Form, Material",multiple,form material
Blood,category_organization,Material,29,피,0.10344827586206896,Blood,Korean,Material,material,material
Blood,count_mass,Can be counted,29,피,0.27586206896551724,Blood,Korean,Can be counted,count,can be counted
Blood,count_mass,Cannot be counted,29,피,0.5862068965517241,Blood,Korean,Cannot be counted,mass,cannot be counted
Blood,count_mass,I don't know/It's hard to say,29,피,0.13793103448275862,Blood,Korean,I don't know/It's hard to say,unknown,i dont knowits hard to say
Blood,solidity,I don't know/It's hard to say,29,피,0.10344827586206896,Blood,Korean,I don't know/It's hard to say,unknown,i dont knowits hard to say
Blood,solidity,Not a solid,29,피,0.7586206896551724,Blood,Korean,Not a solid,non-solid,not a solid
Blood,solidity,Solid,29,피,0.13793103448275862,Blood,Korean,Solid,solid,solid
Boat,category_organization,Form,28,배,0.6428571428571429,Boat,Korean,Form,shape,form
Boat,category_organization,"Form, Color, Material",28,배,0.03571428571428571,Boat,Korean,"Form, Color, Material",multiple,form color material
Boat,category_organization,"Form, Material",28,배,0.25,Boat,Korean,"Form, Material",multiple,form material
Boat,category_organization,Material,28,배,0.07142857142857142,Boat,Korean,Material,material,material
Boat,count_mass,Can be counted,29,배,0.9655172413793104,Boat,Korean,Can be counted,count,can be counted
Boat,count_mass,I don't know/It's hard to say,29,배,0.034482758620689655,Boat,Korean,I don't know/It's hard to say,unknown,i dont knowits hard to say
Boat,solidity,I don't know/It's hard to say,29,배,0.034482758620689655,Boat,Korean,I don't know/It's hard to say,unknown,i dont knowits hard to say
Boat,solidity,Solid,29,배,0.9655172413793104,Boat,Korean,Solid,solid,solid
Body,category_organization,Form,29,몸,0.8620689655172413,Body,Korean,Form,shape,form
Body,category_organization,"Form, Material",29,몸,0.10344827586206896,Body,Korean,"Form, Material",multiple,form material
Body,category_organization,Material,29,몸,0.03448275862068965,Body,Korean,Material,material,material
Body,count_mass,Can be counted,29,몸,0.7241379310344828,Body,Korean,Can be counted,count,can be counted
Body,count_mass,Cannot be counted,29,몸,0.034482758620689655,Body,Korean,Cannot be counted,mass,cannot be counted
Body,count_mass,I don't know/It's hard to say,29,몸,0.2413793103448276,Body,Korean,I don't know/It's hard to say,unknown,i dont knowits hard to say
Body,solidity,I don't know/It's hard to say,29,몸,0.20689655172413793,Body,Korean,I don't know/It's hard to say,unknown,i dont knowits hard to say
Body,solidity,Not a solid,29,몸,0.10344827586206896,Body,Korean,Not a solid,non-solid,not a solid
Body,solidity,Solid,29,몸,0.6896551724137931,Body,Korean,Solid,solid,solid
Book,category_organization,Form,29,책,0.4827586206896552,Book,Korean,Form,shape,form
Book,category_organization,"Form, Color, Material",29,책,0.10344827586206896,Book,Korean,"Form, Color, Material",multiple,form color material
Book,category_organization,"Form, Material",29,책,0.3103448275862069,Book,Korean,"Form, Material",multiple,form material
Book,category_organization,Material,29,책,0.06896551724137931,Book,Korean,Material,material,material
Book,category_organization,Not applicable,29,책,0.03448275862068965,Book,Korean,Not applicable,none of these,not applicable
Book,count_mass,Can be counted,29,책,0.9655172413793104,Book,Korean,Can be counted,count,can be counted
Book,count_mass,I don't know/It's hard to say,29,책,0.034482758620689655,Book,Korean,I don't know/It's hard to say,unknown,i dont knowits hard to say
Book,solidity,I don't know/It's hard to say,29,책,0.034482758620689655,Book,Korean,I don't know/It's hard to say,unknown,i dont knowits hard to say
Book,solidity,Solid,29,책,0.9655172413793104,Book,Korean,Solid,solid,solid
Bottle,category_organization,Form,29,병,0.7241379310344828,Bottle,Korean,Form,shape,form
Bottle,category_organization,"Form, Color, Material",29,병,0.10344827586206896,Bottle,Korean,"Form, Color, Material",multiple,form color material
Bottle,category_organization,"Form, Material",29,병,0.13793103448275862,Bottle,Korean,"Form, Material",multiple,form material
Bottle,category_organization,Material,29,병,0.03448275862068965,Bottle,Korean,Material,material,material
Bottle,count_mass,Can be counted,29,병,1,Bottle,Korean,Can be counted,count,can be counted
Bottle,solidity,I don't know/It's hard to say,29,병,0.034482758620689655,Bottle,Korean,I don't know/It's hard to say,unknown,i dont knowits hard to say
Bottle,solidity,Solid,29,병,0.9655172413793104,Bottle,Korean,Solid,solid,solid
Box,category_organization,"Color, Material",29,상자,0.03448275862068965,Box,Korean,"Color, Material",multiple,color material
Box,category_organization,Form,29,상자,0.7241379310344828,Box,Korean,Form,shape,form
Box,category_organization,"Form, Color, Material",29,상자,0.10344827586206896,Box,Korean,"Form, Color, Material",multiple,form color material
Box,category_organization,"Form, Material",29,상자,0.10344827586206896,Box,Korean,"Form, Material",multiple,form material
Box,category_organization,Material,29,상자,0.03448275862068965,Box,Korean,Material,material,material
Box,count_mass,Can be counted,29,상자,0.9310344827586207,Box,Korean,Can be counted,count,can be counted
Box,count_mass,Cannot be counted,29,상자,0.06896551724137931,Box,Korean,Cannot be counted,mass,cannot be counted
Box,solidity,I don't know/It's hard to say,29,상자,0.034482758620689655,Box,Korean,I don't know/It's hard to say,unknown,i dont knowits hard to say
Box,solidity,Solid,29,상자,0.9655172413793104,Box,Korean,Solid,solid,solid
Bread,category_organization,Color,29,빵,0.03448275862068965,Bread,Korean,Color,color,color
Bread,category_organization,"Color, Material",29,빵,0.03448275862068965,Bread,Korean,"Color, Material",multiple,color material
Bread,category_organization,Form,29,빵,0.41379310344827586,Bread,Korean,Form,shape,form
Bread,category_organization,"Form, Color, Material",29,빵,0.10344827586206896,Bread,Korean,"Form, Color, Material",multiple,form color material
Bread,category_organization,"Form, Material",29,빵,0.27586206896551724,Bread,Korean,"Form, Material",multiple,form material
Bread,category_organization,Material,29,빵,0.13793103448275862,Bread,Korean,Material,material,material
Bread,count_mass,Can be counted,29,빵,0.9655172413793104,Bread,Korean,Can be counted,count,can be counted
Bread,count_mass,Cannot be counted,29,빵,0.034482758620689655,Bread,Korean,Cannot be counted,mass,cannot be counted
Bread,solidity,I don't know/It's hard to say,29,빵,0.13793103448275862,Bread,Korean,I don't know/It's hard to say,unknown,i dont knowits hard to say
Bread,solidity,Not a solid,29,빵,0.13793103448275862,Bread,Korean,Not a solid,non-solid,not a solid
Bread,solidity,Solid,29,빵,0.7241379310344828,Bread,Korean,Solid,solid,solid
Broomstick,category_organization,Form,29,빗자루,0.7241379310344828,Broomstick,Korean,Form,shape,form
Broomstick,category_organization,"Form, Color, Material",29,빗자루,0.06896551724137931,Broomstick,Korean,"Form, Color, Material",multiple,form color material
Broomstick,category_organization,"Form, Material",29,빗자루,0.1724137931034483,Broomstick,Korean,"Form, Material",multiple,form material
Broomstick,category_organization,Material,29,빗자루,0.03448275862068965,Broomstick,Korean,Material,material,material
Broomstick,count_mass,Can be counted,29,빗자루,0.9655172413793104,Broomstick,Korean,Can be counted,count,can be counted
Broomstick,count_mass,Cannot be counted,29,빗자루,0.034482758620689655,Broomstick,Korean,Cannot be counted,mass,cannot be counted
Broomstick,solidity,I don't know/It's hard to say,29,빗자루,0.034482758620689655,Broomstick,Korean,I don't know/It's hard to say,unknown,i dont knowits hard to say
Broomstick,solidity,Not a solid,29,빗자루,0.034482758620689655,Broomstick,Korean,Not a solid,non-solid,not a solid
Broomstick,solidity,Solid,29,빗자루,0.9310344827586207,Broomstick,Korean,Solid,solid,solid
Brush,category_organization,Form,29,빗,0.7586206896551724,Brush,Korean,Form,shape,form
Brush,category_organization,"Form, Color, Material",29,빗,0.06896551724137931,Brush,Korean,"Form, Color, Material",multiple,form color material
Brush,category_organization,"Form, Material",29,빗,0.13793103448275862,Brush,Korean,"Form, Material",multiple,form material
Brush,category_organization,Material,29,빗,0.03448275862068965,Brush,Korean,Material,material,material
Brush,count_mass,Can be counted,29,빗,1,Brush,Korean,Can be counted,count,can be counted
Brush,solidity,I don't know/It's hard to say,29,빗,0.034482758620689655,Brush,Korean,I don't know/It's hard to say,unknown,i dont knowits hard to say
Brush,solidity,Solid,29,빗,0.9655172413793104,Brush,Korean,Solid,solid,solid
Bug,category_organization,Form,29,벌레,0.6206896551724138,Bug,Korean,Form,shape,form
Bug,category_organization,"Form, Color",29,벌레,0.06896551724137931,Bug,Korean,"Form, Color",multiple,form color
Bug,category_organization,"Form, Color, Material",29,벌레,0.06896551724137931,Bug,Korean,"Form, Color, Material",multiple,form color material
Bug,category_organization,"Form, Material",29,벌레,0.13793103448275862,Bug,Korean,"Form, Material",multiple,form material
Bug,category_organization,Material,29,벌레,0.03448275862068965,Bug,Korean,Material,material,material
Bug,category_organization,Not applicable,29,벌레,0.06896551724137931,Bug,Korean,Not applicable,none of these,not applicable
Bug,count_mass,Can be counted,29,벌레,0.8275862068965517,Bug,Korean,Can be counted,count,can be counted
Bug,count_mass,Cannot be counted,29,벌레,0.13793103448275862,Bug,Korean,Cannot be counted,mass,cannot be counted
Bug,count_mass,I don't know/It's hard to say,29,벌레,0.034482758620689655,Bug,Korean,I don't know/It's hard to say,unknown,i dont knowits hard to say
Bug,solidity,I don't know/It's hard to say,29,벌레,0.2413793103448276,Bug,Korean,I don't know/It's hard to say,unknown,i dont knowits hard to say
Bug,solidity,Not a solid,29,벌레,0.10344827586206896,Bug,Korean,Not a solid,non-solid,not a solid
Bug,solidity,Solid,29,벌레,0.6551724137931034,Bug,Korean,Solid,solid,solid
Bus,category_organization,Form,28,버스,0.5714285714285714,Bus,Korean,Form,shape,form
Bus,category_organization,"Form, Color",28,버스,0.07142857142857142,Bus,Korean,"Form, Color",multiple,form color
Bus,category_organization,"Form, Color, Material",28,버스,0.07142857142857142,Bus,Korean,"Form, Color, Material",multiple,form color material
Bus,category_organization,"Form, Material",28,버스,0.21428571428571427,Bus,Korean,"Form, Material",multiple,form material
Bus,category_organization,Material,28,버스,0.07142857142857142,Bus,Korean,Material,material,material
Bus,count_mass,Can be counted,29,버스,0.9655172413793104,Bus,Korean,Can be counted,count,can be counted
Bus,count_mass,I don't know/It's hard to say,29,버스,0.034482758620689655,Bus,Korean,I don't know/It's hard to say,unknown,i dont knowits hard to say
Bus,solidity,I don't know/It's hard to say,29,버스,0.034482758620689655,Bus,Korean,I don't know/It's hard to say,unknown,i dont knowits hard to say
Bus,solidity,Solid,29,버스,0.9655172413793104,Bus,Korean,Solid,solid,solid
Butt,category_organization,Form,29,엉덩이,0.8275862068965517,Butt,Korean,Form,shape,form
Butt,category_organization,"Form, Color, Material",29,엉덩이,0.03448275862068965,Butt,Korean,"Form, Color, Material",multiple,form color material
Butt,category_organization,"Form, Material",29,엉덩이,0.10344827586206896,Butt,Korean,"Form, Material",multiple,form material
Butt,category_organization,Material,29,엉덩이,0.03448275862068965,Butt,Korean,Material,material,material
Butt,count_mass,Can be counted,29,엉덩이,0.8275862068965517,Butt,Korean,Can be counted,count,can be counted
Butt,count_mass,Cannot be counted,29,엉덩이,0.034482758620689655,Butt,Korean,Cannot be counted,mass,cannot be counted
Butt,count_mass,I don't know/It's hard to say,29,엉덩이,0.13793103448275862,Butt,Korean,I don't know/It's hard to say,unknown,i dont knowits hard to say
Butt,solidity,I don't know/It's hard to say,29,엉덩이,0.27586206896551724,Butt,Korean,I don't know/It's hard to say,unknown,i dont knowits hard to say
Butt,solidity,Not a solid,29,엉덩이,0.10344827586206896,Butt,Korean,Not a solid,non-solid,not a solid
Butt,solidity,Solid,29,엉덩이,0.6206896551724138,Butt,Korean,Solid,solid,solid
Butterfly,category_organization,Form,29,나비,0.6896551724137931,Butterfly,Korean,Form,shape,form
Butterfly,category_organization,"Form, Color",29,나비,0.03448275862068965,Butterfly,Korean,"Form, Color",multiple,form color
Butterfly,category_organization,"Form, Color, Material",29,나비,0.10344827586206896,Butterfly,Korean,"Form, Color, Material",multiple,form color material
Butterfly,category_organization,"Form, Material",29,나비,0.13793103448275862,Butterfly,Korean,"Form, Material",multiple,form material
Butterfly,category_organization,Material,29,나비,0.03448275862068965,Butterfly,Korean,Material,material,material
Butterfly,count_mass,Can be counted,29,나비,0.896551724137931,Butterfly,Korean,Can be counted,count,can be counted
Butterfly,count_mass,Cannot be counted,29,나비,0.10344827586206896,Butterfly,Korean,Cannot be counted,mass,cannot be counted
Butterfly,solidity,I don't know/It's hard to say,29,나비,0.2413793103448276,Butterfly,Korean,I don't know/It's hard to say,unknown,i dont knowits hard to say
Butterfly,solidity,Not a solid,29,나비,0.10344827586206896,Butterfly,Korean,Not a solid,non-solid,not a solid
Butterfly,solidity,Solid,29,나비,0.6551724137931034,Butterfly,Korean,Solid,solid,solid
Button,category_organization,Form,29,단추,0.6551724137931034,Button,Korean,Form,shape,form
Button,category_organization,"Form, Color",29,단추,0.06896551724137931,Button,Korean,"Form, Color",multiple,form color
Button,category_organization,"Form, Color, Material",29,단추,0.06896551724137931,Button,Korean,"Form, Color, Material",multiple,form color material
Button,category_organization,"Form, Material",29,단추,0.13793103448275862,Button,Korean,"Form, Material",multiple,form material
Button,category_organization,Material,29,단추,0.06896551724137931,Button,Korean,Material,material,material
Button,count_mass,Can be counted,29,단추,0.896551724137931,Button,Korean,Can be counted,count,can be counted
Button,count_mass,Cannot be counted,29,단추,0.06896551724137931,Button,Korean,Cannot be counted,mass,cannot be counted
Button,count_mass,I don't know/It's hard to say,29,단추,0.034482758620689655,Button,Korean,I don't know/It's hard to say,unknown,i dont knowits hard to say
Button,solidity,I don't know/It's hard to say,29,단추,0.034482758620689655,Button,Korean,I don't know/It's hard to say,unknown,i dont knowits hard to say
Button,solidity,Solid,29,단추,0.9655172413793104,Button,Korean,Solid,solid,solid
Cake,category_organization,Form,29,케이크,0.4827586206896552,Cake,Korean,Form,shape,form
Cake,category_organization,"Form, Color",29,케이크,0.06896551724137931,Cake,Korean,"Form, Color",multiple,form color
Cake,category_organization,"Form, Color, Material",29,케이크,0.1724137931034483,Cake,Korean,"Form, Color, Material",multiple,form color material
Cake,category_organization,"Form, Material",29,케이크,0.1724137931034483,Cake,Korean,"Form, Material",multiple,form material
Cake,category_organization,Material,29,케이크,0.10344827586206896,Cake,Korean,Material,material,material
Cake,count_mass,Can be counted,29,케이크,0.896551724137931,Cake,Korean,Can be counted,count,can be counted
Cake,count_mass,Cannot be counted,29,케이크,0.06896551724137931,Cake,Korean,Cannot be counted,mass,cannot be counted
Cake,count_mass,I don't know/It's hard to say,29,케이크,0.034482758620689655,Cake,Korean,I don't know/It's hard to say,unknown,i dont knowits hard to say
Cake,solidity,I don't know/It's hard to say,29,케이크,0.10344827586206896,Cake,Korean,I don't know/It's hard to say,unknown,i dont knowits hard to say
Cake,solidity,Not a solid,29,케이크,0.1724137931034483,Cake,Korean,Not a solid,non-solid,not a solid
Cake,solidity,Solid,29,케이크,0.7241379310344828,Cake,Korean,Solid,solid,solid
Calf,category_organization,Form,29,송아지,0.7586206896551724,Calf,Korean,Form,shape,form
Calf,category_organization,"Form, Color",29,송아지,0.03448275862068965,Calf,Korean,"Form, Color",multiple,form color
Calf,category_organization,"Form, Color, Material",29,송아지,0.13793103448275862,Calf,Korean,"Form, Color, Material",multiple,form color material
Calf,category_organization,"Form, Material",29,송아지,0.03448275862068965,Calf,Korean,"Form, Material",multiple,form material
Calf,category_organization,Material,29,송아지,0.03448275862068965,Calf,Korean,Material,material,material
Calf,count_mass,Can be counted,29,송아지,1,Calf,Korean,Can be counted,count,can be counted
Calf,solidity,I don't know/It's hard to say,29,송아지,0.2413793103448276,Calf,Korean,I don't know/It's hard to say,unknown,i dont knowits hard to say
Calf,solidity,Not a solid,29,송아지,0.10344827586206896,Calf,Korean,Not a solid,non-solid,not a solid
Calf,solidity,Solid,29,송아지,0.6551724137931034,Calf,Korean,Solid,solid,solid
Camera,category_organization,Color,29,카메라,0.03448275862068965,Camera,Korean,Color,color,color
Camera,category_organization,Form,29,카메라,0.7241379310344828,Camera,Korean,Form,shape,form
Camera,category_organization,"Form, Color, Material",29,카메라,0.06896551724137931,Camera,Korean,"Form, Color, Material",multiple,form color material
Camera,category_organization,"Form, Material",29,카메라,0.13793103448275862,Camera,Korean,"Form, Material",multiple,form material
Camera,category_organization,Material,29,카메라,0.03448275862068965,Camera,Korean,Material,material,material
Camera,count_mass,Can be counted,29,카메라,0.9655172413793104,Camera,Korean,Can be counted,count,can be counted
Camera,count_mass,I don't know/It's hard to say,29,카메라,0.034482758620689655,Camera,Korean,I don't know/It's hard to say,unknown,i dont knowits hard to say
Camera,solidity,I don't know/It's hard to say,29,카메라,0.034482758620689655,Camera,Korean,I don't know/It's hard to say,unknown,i dont knowits hard to say
Camera,solidity,Solid,29,카메라,0.9655172413793104,Camera,Korean,Solid,solid,solid
Candy,category_organization,"Color, Material",29,사탕,0.03448275862068965,Candy,Korean,"Color, Material",multiple,color material
Candy,category_organization,Form,29,사탕,0.3793103448275862,Candy,Korean,Form,shape,form
Candy,category_organization,"Form, Color",29,사탕,0.03448275862068965,Candy,Korean,"Form, Color",multiple,form color
Candy,category_organization,"Form, Color, Material",29,사탕,0.06896551724137931,Candy,Korean,"Form, Color, Material",multiple,form color material
Candy,category_organization,"Form, Material",29,사탕,0.3103448275862069,Candy,Korean,"Form, Material",multiple,form material
Candy,category_organization,Material,29,사탕,0.13793103448275862,Candy,Korean,Material,material,material
Candy,category_organization,Not applicable,29,사탕,0.03448275862068965,Candy,Korean,Not applicable,none of these,not applicable
Candy,count_mass,Can be counted,29,사탕,0.9655172413793104,Candy,Korean,Can be counted,count,can be counted
Candy,count_mass,I don't know/It's hard to say,29,사탕,0.034482758620689655,Candy,Korean,I don't know/It's hard to say,unknown,i dont knowits hard to say
Candy,solidity,I don't know/It's hard to say,29,사탕,0.10344827586206896,Candy,Korean,I don't know/It's hard to say,unknown,i dont knowits hard to say
Candy,solidity,Not a solid,29,사탕,0.06896551724137931,Candy,Korean,Not a solid,non-solid,not a solid
Candy,solidity,Solid,29,사탕,0.8275862068965517,Candy,Korean,Solid,solid,solid
Car,category_organization,Form,28,차/자동차,0.6071428571428571,Car,Korean,Form,shape,form
Car,category_organization,"Form, Color",28,차/자동차,0.03571428571428571,Car,Korean,"Form, Color",multiple,form color
Car,category_organization,"Form, Color, Material",28,차/자동차,0.03571428571428571,Car,Korean,"Form, Color, Material",multiple,form color material
Car,category_organization,"Form, Material",28,차/자동차,0.25,Car,Korean,"Form, Material",multiple,form material
Car,category_organization,Material,28,차/자동차,0.07142857142857142,Car,Korean,Material,material,material
Car,count_mass,Can be counted,29,차/자동차,0.9655172413793104,Car,Korean,Can be counted,count,can be counted
Car,count_mass,I don't know/It's hard to say,29,차/자동차,0.034482758620689655,Car,Korean,I don't know/It's hard to say,unknown,i dont knowits hard to say
Car,solidity,I don't know/It's hard to say,29,차/자동차,0.034482758620689655,Car,Korean,I don't know/It's hard to say,unknown,i dont knowits hard to say
Car,solidity,Solid,29,차/자동차,0.9655172413793104,Car,Korean,Solid,solid,solid
Carbonated Drink,category_organization,"Color, Material",29,사이다,0.10344827586206896,Carbonated Drink,Korean,"Color, Material",multiple,color material
Carbonated Drink,category_organization,Form,29,사이다,0.27586206896551724,Carbonated Drink,Korean,Form,shape,form
Carbonated Drink,category_organization,"Form, Color",29,사이다,0.03448275862068965,Carbonated Drink,Korean,"Form, Color",multiple,form color
Carbonated Drink,category_organization,"Form, Color, Material",29,사이다,0.03448275862068965,Carbonated Drink,Korean,"Form, Color, Material",multiple,form color material
Carbonated Drink,category_organization,"Form, Material",29,사이다,0.27586206896551724,Carbonated Drink,Korean,"Form, Material",multiple,form material
Carbonated Drink,category_organization,Material,29,사이다,0.20689655172413793,Carbonated Drink,Korean,Material,material,material
Carbonated Drink,category_organization,Not applicable,29,사이다,0.06896551724137931,Carbonated Drink,Korean,Not applicable,none of these,not applicable
Carbonated Drink,count_mass,Can be counted,29,사이다,0.6551724137931034,Carbonated Drink,Korean,Can be counted,count,can be counted
Carbonated Drink,count_mass,Cannot be counted,29,사이다,0.10344827586206896,Carbonated Drink,Korean,Cannot be counted,mass,cannot be counted
Carbonated Drink,count_mass,I don't know/It's hard to say,29,사이다,0.2413793103448276,Carbonated Drink,Korean,I don't know/It's hard to say,unknown,i dont knowits hard to say
Carbonated Drink,solidity,I don't know/It's hard to say,29,사이다,0.10344827586206896,Carbonated Drink,Korean,I don't know/It's hard to say,unknown,i dont knowits hard to say
Carbonated Drink,solidity,Not a solid,29,사이다,0.7931034482758621,Carbonated Drink,Korean,Not a solid,non-solid,not a solid
Carbonated Drink,solidity,Solid,29,사이다,0.10344827586206896,Carbonated Drink,Korean,Solid,solid,solid
Carrot,category_organization,"Color, Material",29,당근,0.03448275862068965,Carrot,Korean,"Color, Material",multiple,color material
Carrot,category_organization,Form,29,당근,0.4482758620689655,Carrot,Korean,Form,shape,form
Carrot,category_organization,"Form, Color",29,당근,0.13793103448275862,Carrot,Korean,"Form, Color",multiple,form color
Carrot,category_organization,"Form, Color, Material",29,당근,0.1724137931034483,Carrot,Korean,"Form, Color, Material",multiple,form color material
Carrot,category_organization,"Form, Material",29,당근,0.10344827586206896,Carrot,Korean,"Form, Material",multiple,form material
Carrot,category_organization,Material,29,당근,0.03448275862068965,Carrot,Korean,Material,material,material
Carrot,category_organization,Not applicable,29,당근,0.06896551724137931,Carrot,Korean,Not applicable,none of these,not applicable
Carrot,count_mass,Can be counted,29,당근,1,Carrot,Korean,Can be counted,count,can be counted
Carrot,solidity,I don't know/It's hard to say,29,당근,0.10344827586206896,Carrot,Korean,I don't know/It's hard to say,unknown,i dont knowits hard to say
Carrot,solidity,Not a solid,29,당근,0.06896551724137931,Carrot,Korean,Not a solid,non-solid,not a solid
Carrot,solidity,Solid,29,당근,0.8275862068965517,Carrot,Korean,Solid,solid,solid
Cat,category_organization,Form,29,고양이,0.7241379310344828,Cat,Korean,Form,shape,form
Cat,category_organization,"Form, Color",29,고양이,0.06896551724137931,Cat,Korean,"Form, Color",multiple,form color
Cat,category_organization,"Form, Color, Material",29,고양이,0.06896551724137931,Cat,Korean,"Form, Color, Material",multiple,form color material
Cat,category_organization,"Form, Material",29,고양이,0.10344827586206896,Cat,Korean,"Form, Material",multiple,form material
Cat,category_organization,Material,29,고양이,0.03448275862068965,Cat,Korean,Material,material,material
Cat,count_mass,Can be counted,29,고양이,1,Cat,Korean,Can be counted,count,can be counted
Cat,solidity,I don't know/It's hard to say,29,고양이,0.2413793103448276,Cat,Korean,I don't know/It's hard to say,unknown,i dont knowits hard to say
Cat,solidity,Not a solid,29,고양이,0.13793103448275862,Cat,Korean,Not a solid,non-solid,not a solid
Cat,solidity,Solid,29,고양이,0.6206896551724138,Cat,Korean,Solid,solid,solid
Chair,category_organization,Form,29,의자,0.6551724137931034,Chair,Korean,Form,shape,form
Chair,category_organization,"Form, Color, Material",29,의자,0.13793103448275862,Chair,Korean,"Form, Color, Material",multiple,form color material
Chair,category_organization,"Form, Material",29,의자,0.13793103448275862,Chair,Korean,"Form, Material",multiple,form material
Chair,category_organization,Material,29,의자,0.06896551724137931,Chair,Korean,Material,material,material
Chair,count_mass,Can be counted,29,의자,1,Chair,Korean,Can be counted,count,can be counted
Chair,solidity,I don't know/It's hard to say,29,의자,0.034482758620689655,Chair,Korean,I don't know/It's hard to say,unknown,i dont knowits hard to say
Chair,solidity,Solid,29,의자,0.9655172413793104,Chair,Korean,Solid,solid,solid
Cheek,category_organization,"Color, Material",27,뺨,0.03703703703703703,Cheek,Korean,"Color, Material",multiple,color material
Cheek,category_organization,Form,27,뺨,0.7037037037037037,Cheek,Korean,Form,shape,form
Cheek,category_organization,"Form, Color",27,뺨,0.07407407407407407,Cheek,Korean,"Form, Color",multiple,form color
Cheek,category_organization,"Form, Material",27,뺨,0.14814814814814814,Cheek,Korean,"Form, Material",multiple,form material
Cheek,category_organization,Material,27,뺨,0.03703703703703703,Cheek,Korean,Material,material,material
Cheek,count_mass,Can be counted,29,뺨,0.9310344827586207,Cheek,Korean,Can be counted,count,can be counted
Cheek,count_mass,Cannot be counted,29,뺨,0.06896551724137931,Cheek,Korean,Cannot be counted,mass,cannot be counted
Cheek,solidity,I don't know/It's hard to say,29,뺨,0.2413793103448276,Cheek,Korean,I don't know/It's hard to say,unknown,i dont knowits hard to say
Cheek,solidity,Not a solid,29,뺨,0.10344827586206896,Cheek,Korean,Not a solid,non-solid,not a solid
Cheek,solidity,Solid,29,뺨,0.6551724137931034,Cheek,Korean,Solid,solid,solid
Cheese,category_organization,Color,29,치즈,0.10344827586206896,Cheese,Korean,Color,color,color
Cheese,category_organization,"Color, Material",29,치즈,0.06896551724137931,Cheese,Korean,"Color, Material",multiple,color material
Cheese,category_organization,Form,29,치즈,0.20689655172413793,Cheese,Korean,Form,shape,form
Cheese,category_organization,"Form, Color",29,치즈,0.06896551724137931,Cheese,Korean,"Form, Color",multiple,form color
Cheese,category_organization,"Form, Color, Material",29,치즈,0.20689655172413793,Cheese,Korean,"Form, Color, Material",multiple,form color material
Cheese,category_organization,"Form, Material",29,치즈,0.1724137931034483,Cheese,Korean,"Form, Material",multiple,form material
Cheese,category_organization,Material,29,치즈,0.1724137931034483,Cheese,Korean,Material,material,material
Cheese,count_mass,Can be counted,29,치즈,0.7241379310344828,Cheese,Korean,Can be counted,count,can be counted
Cheese,count_mass,Cannot be counted,29,치즈,0.10344827586206896,Cheese,Korean,Cannot be counted,mass,cannot be counted
Cheese,count_mass,I don't know/It's hard to say,29,치즈,0.1724137931034483,Cheese,Korean,I don't know/It's hard to say,unknown,i dont knowits hard to say
Cheese,solidity,I don't know/It's hard to say,29,치즈,0.13793103448275862,Cheese,Korean,I don't know/It's hard to say,unknown,i dont knowits hard to say
Cheese,solidity,Not a solid,29,치즈,0.20689655172413793,Cheese,Korean,Not a solid,non-solid,not a solid
Cheese,solidity,Solid,29,치즈,0.6551724137931034,Cheese,Korean,Solid,solid,solid
Chestnut,category_organization,Color,29,밤,0.03448275862068965,Chestnut,Korean,Color,color,color
Chestnut,category_organization,Form,29,밤,0.4827586206896552,Chestnut,Korean,Form,shape,form
Chestnut,category_organization,"Form, Color",29,밤,0.10344827586206896,Chestnut,Korean,"Form, Color",multiple,form color
Chestnut,category_organization,"Form, Color, Material",29,밤,0.10344827586206896,Chestnut,Korean,"Form, Color, Material",multiple,form color material
Chestnut,category_organization,"Form, Material",29,밤,0.1724137931034483,Chestnut,Korean,"Form, Material",multiple,form material
Chestnut,category_organization,Material,29,밤,0.06896551724137931,Chestnut,Korean,Material,material,material
Chestnut,category_organization,Not applicable,29,밤,0.03448275862068965,Chestnut,Korean,Not applicable,none of these,not applicable
Chestnut,count_mass,Can be counted,29,밤,1,Chestnut,Korean,Can be counted,count,can be counted
Chestnut,solidity,I don't know/It's hard to say,29,밤,0.10344827586206896,Chestnut,Korean,I don't know/It's hard to say,unknown,i dont knowits hard to say
Chestnut,solidity,Not a solid,29,밤,0.06896551724137931,Chestnut,Korean,Not a solid,non-solid,not a solid
Chestnut,solidity,Solid,29,밤,0.8275862068965517,Chestnut,Korean,Solid,solid,solid
Chick,category_organization,Form,29,병아리,0.6206896551724138,Chick,Korean,Form,shape,form
Chick,category_organization,"Form, Color",29,병아리,0.1724137931034483,Chick,Korean,"Form, Color",multiple,form color
Chick,category_organization,"Form, Color, Material",29,병아리,0.13793103448275862,Chick,Korean,"Form, Color, Material",multiple,form color material
Chick,category_organization,"Form, Material",29,병아리,0.03448275862068965,Chick,Korean,"Form, Material",multiple,form material
Chick,category_organization,Material,29,병아리,0.03448275862068965,Chick,Korean,Material,material,material
Chick,count_mass,Can be counted,29,병아리,1,Chick,Korean,Can be counted,count,can be counted
Chick,solidity,I don't know/It's hard to say,29,병아리,0.2413793103448276,Chick,Korean,I don't know/It's hard to say,unknown,i dont knowits hard to say
Chick,solidity,Not a solid,29,병아리,0.10344827586206896,Chick,Korean,Not a solid,non-solid,not a solid
Chick,solidity,Solid,29,병아리,0.6551724137931034,Chick,Korean,Solid,solid,solid
Chicken,category_organization,"Color, Material",29,닭고기,0.10344827586206896,Chicken,Korean,"Color, Material",multiple,color material
Chicken,category_organization,Form,29,닭고기,0.4827586206896552,Chicken,Korean,Form,shape,form
Chicken,category_organization,"Form, Color",29,닭고기,0.06896551724137931,Chicken,Korean,"Form, Color",multiple,form color
Chicken,category_organization,"Form, Material",29,닭고기,0.20689655172413793,Chicken,Korean,"Form, Material",multiple,form material
Chicken,category_organization,Material,29,닭고기,0.06896551724137931,Chicken,Korean,Material,material,material
Chicken,category_organization,Not applicable,29,닭고기,0.06896551724137931,Chicken,Korean,Not applicable,none of these,not applicable
Chicken,count_mass,Can be counted,29,닭고기,0.7931034482758621,Chicken,Korean,Can be counted,count,can be counted
Chicken,count_mass,Cannot be counted,29,닭고기,0.10344827586206896,Chicken,Korean,Cannot be counted,mass,cannot be counted
Chicken,count_mass,I don't know/It's hard to say,29,닭고기,0.10344827586206896,Chicken,Korean,I don't know/It's hard to say,unknown,i dont knowits hard to say
Chicken,solidity,I don't know/It's hard to say,29,닭고기,0.13793103448275862,Chicken,Korean,I don't know/It's hard to say,unknown,i dont knowits hard to say
Chicken,solidity,Not a solid,29,닭고기,0.10344827586206896,Chicken,Korean,Not a solid,non-solid,not a solid
Chicken,solidity,Solid,29,닭고기,0.7586206896551724,Chicken,Korean,Solid,solid,solid
Chicken/Rooster,category_organization,Form,29,닭,0.6551724137931034,Chicken/Rooster,Korean,Form,shape,form
Chicken/Rooster,category_organization,"Form, Color",29,닭,0.10344827586206896,Chicken/Rooster,Korean,"Form, Color",multiple,form color
Chicken/Rooster,category_organization,"Form, Color, Material",29,닭,0.06896551724137931,Chicken/Rooster,Korean,"Form, Color, Material",multiple,form color material
Chicken/Rooster,category_organization,"Form, Material",29,닭,0.13793103448275862,Chicken/Rooster,Korean,"Form, Material",multiple,form material
Chicken/Rooster,category_organization,Material,29,닭,0.03448275862068965,Chicken/Rooster,Korean,Material,material,material
Chicken/Rooster,count_mass,Can be counted,29,닭,1,Chicken/Rooster,Korean,Can be counted,count,can be counted
Chicken/Rooster,solidity,I don't know/It's hard to say,29,닭,0.2413793103448276,Chicken/Rooster,Korean,I don't know/It's hard to say,unknown,i dont knowits hard to say
Chicken/Rooster,solidity,Not a solid,29,닭,0.10344827586206896,Chicken/Rooster,Korean,Not a solid,non-solid,not a solid
Chicken/Rooster,solidity,Solid,29,닭,0.6551724137931034,Chicken/Rooster,Korean,Solid,solid,solid
Chin,category_organization,Form,29,턱,0.8620689655172413,Chin,Korean,Form,shape,form
Chin,category_organization,"Form, Material",29,턱,0.10344827586206896,Chin,Korean,"Form, Material",multiple,form material
Chin,category_organization,Material,29,턱,0.03448275862068965,Chin,Korean,Material,material,material
Chin,count_mass,Can be counted,29,턱,0.9655172413793104,Chin,Korean,Can be counted,count,can be counted
Chin,count_mass,I don't know/It's hard to say,29,턱,0.034482758620689655,Chin,Korean,I don't know/It's hard to say,unknown,i dont knowits hard to say
Chin,solidity,I don't know/It's hard to say,29,턱,0.20689655172413793,Chin,Korean,I don't know/It's hard to say,unknown,i dont knowits hard to say
Chin,solidity,Not a solid,29,턱,0.10344827586206896,Chin,Korean,Not a solid,non-solid,not a solid
Chin,solidity,Solid,29,턱,0.6896551724137931,Chin,Korean,Solid,solid,solid
Chocolate,category_organization,Color,29,초콜렛,0.06896551724137931,Chocolate,Korean,Color,color,color
Chocolate,category_organization,"Color, Material",29,초콜렛,0.10344827586206896,Chocolate,Korean,"Color, Material",multiple,color material
Chocolate,category_organization,Form,29,초콜렛,0.20689655172413793,Chocolate,Korean,Form,shape,form
Chocolate,category_organization,"Form, Color",29,초콜렛,0.10344827586206896,Chocolate,Korean,"Form, Color",multiple,form color
Chocolate,category_organization,"Form, Color, Material",29,초콜렛,0.20689655172413793,Chocolate,Korean,"Form, Color, Material",multiple,form color material
Chocolate,category_organization,"Form, Material",29,초콜렛,0.13793103448275862,Chocolate,Korean,"Form, Material",multiple,form material
Chocolate,category_organization,Material,29,초콜렛,0.1724137931034483,Chocolate,Korean,Material,material,material
Chocolate,count_mass,Can be counted,29,초콜렛,0.8620689655172413,Chocolate,Korean,Can be counted,count,can be counted
Chocolate,count_mass,Cannot be counted,29,초콜렛,0.06896551724137931,Chocolate,Korean,Cannot be counted,mass,cannot be counted
Chocolate,count_mass,I don't know/It's hard to say,29,초콜렛,0.06896551724137931,Chocolate,Korean,I don't know/It's hard to say,unknown,i dont knowits hard to say
Chocolate,solidity,I don't know/It's hard to say,29,초콜렛,0.13793103448275862,Chocolate,Korean,I don't know/It's hard to say,unknown,i dont knowits hard to say
Chocolate,solidity,Not a solid,29,초콜렛,0.13793103448275862,Chocolate,Korean,Not a solid,non-solid,not a solid
Chocolate,solidity,Solid,29,초콜렛,0.7241379310344828,Chocolate,Korean,Solid,solid,solid
Chopsticks,category_organization,Color,29,젓가락,0.03448275862068965,Chopsticks,Korean,Color,color,color
Chopsticks,category_organization,Form,29,젓가락,0.7241379310344828,Chopsticks,Korean,Form,shape,form
Chopsticks,category_organization,"Form, Color, Material",29,젓가락,0.06896551724137931,Chopsticks,Korean,"Form, Color, Material",multiple,form color material
Chopsticks,category_organization,"Form, Material",29,젓가락,0.10344827586206896,Chopsticks,Korean,"Form, Material",multiple,form material
Chopsticks,category_organization,Material,29,젓가락,0.06896551724137931,Chopsticks,Korean,Material,material,material
Chopsticks,count_mass,Can be counted,29,젓가락,0.9655172413793104,Chopsticks,Korean,Can be counted,count,can be counted
Chopsticks,count_mass,I don't know/It's hard to say,29,젓가락,0.034482758620689655,Chopsticks,Korean,I don't know/It's hard to say,unknown,i dont knowits hard to say
Chopsticks,solidity,I don't know/It's hard to say,29,젓가락,0.034482758620689655,Chopsticks,Korean,I don't know/It's hard to say,unknown,i dont knowits hard to say
Chopsticks,solidity,Solid,29,젓가락,0.9655172413793104,Chopsticks,Korean,Solid,solid,solid
Clock/Watch,category_organization,Color,29,시계,0.03448275862068965,Clock/Watch,Korean,Color,color,color
Clock/Watch,category_organization,Form,29,시계,0.6896551724137931,Clock/Watch,Korean,Form,shape,form
Clock/Watch,category_organization,"Form, Color, Material",29,시계,0.10344827586206896,Clock/Watch,Korean,"Form, Color, Material",multiple,form color material
Clock/Watch,category_organization,"Form, Material",29,시계,0.13793103448275862,Clock/Watch,Korean,"Form, Material",multiple,form material
Clock/Watch,category_organization,Material,29,시계,0.03448275862068965,Clock/Watch,Korean,Material,material,material
Clock/Watch,count_mass,Can be counted,29,시계,1,Clock/Watch,Korean,Can be counted,count,can be counted
Clock/Watch,solidity,I don't know/It's hard to say,29,시계,0.034482758620689655,Clock/Watch,Korean,I don't know/It's hard to say,unknown,i dont knowits hard to say
Clock/Watch,solidity,Solid,29,시계,0.9655172413793104,Clock/Watch,Korean,Solid,solid,solid
Closet,category_organization,Form,29,옷장,0.7241379310344828,Closet,Korean,Form,shape,form
Closet,category_organization,"Form, Color, Material",29,옷장,0.13793103448275862,Closet,Korean,"Form, Color, Material",multiple,form color material
Closet,category_organization,"Form, Material",29,옷장,0.10344827586206896,Closet,Korean,"Form, Material",multiple,form material
Closet,category_organization,Material,29,옷장,0.03448275862068965,Closet,Korean,Material,material,material
Closet,count_mass,Can be counted,29,옷장,1,Closet,Korean,Can be counted,count,can be counted
Closet,solidity,I don't know/It's hard to say,29,옷장,0.034482758620689655,Closet,Korean,I don't know/It's hard to say,unknown,i dont knowits hard to say
Closet,solidity,Solid,29,옷장,0.9655172413793104,Closet,Korean,Solid,solid,solid
Clothes,category_organization,Color,29,옷/꼬까,0.03448275862068965,Clothes,Korean,Color,color,color
Clothes,category_organization,Form,29,옷/꼬까,0.6206896551724138,Clothes,Korean,Form,shape,form
Clothes,category_organization,"Form, Color",29,옷/꼬까,0.03448275862068965,Clothes,Korean,"Form, Color",multiple,form color
Clothes,category_organization,"Form, Color, Material",29,옷/꼬까,0.10344827586206896,Clothes,Korean,"Form, Color, Material",multiple,form color material
Clothes,category_organization,"Form, Material",29,옷/꼬까,0.10344827586206896,Clothes,Korean,"Form, Material",multiple,form material
Clothes,category_organization,Material,29,옷/꼬까,0.06896551724137931,Clothes,Korean,Material,material,material
Clothes,category_organization,Not applicable,29,옷/꼬까,0.03448275862068965,Clothes,Korean,Not applicable,none of these,not applicable
Clothes,count_mass,Can be counted,29,옷/꼬까,0.9655172413793104,Clothes,Korean,Can be counted,count,can be counted
Clothes,count_mass,I don't know/It's hard to say,29,옷/꼬까,0.034482758620689655,Clothes,Korean,I don't know/It's hard to say,unknown,i dont knowits hard to say
Clothes,solidity,I don't know/It's hard to say,29,옷/꼬까,0.10344827586206896,Clothes,Korean,I don't know/It's hard to say,unknown,i dont knowits hard to say
Clothes,solidity,Not a solid,29,옷/꼬까,0.06896551724137931,Clothes,Korean,Not a solid,non-solid,not a solid
Clothes,solidity,Solid,29,옷/꼬까,0.8275862068965517,Clothes,Korean,Solid,solid,solid
Clothes Hanger,category_organization,Form,29,옷걸이,0.6551724137931034,Clothes Hanger,Korean,Form,shape,form
Clothes Hanger,category_organization,"Form, Color, Material",29,옷걸이,0.10344827586206896,Clothes Hanger,Korean,"Form, Color, Material",multiple,form color material
Clothes Hanger,category_organization,"Form, Material",29,옷걸이,0.1724137931034483,Clothes Hanger,Korean,"Form, Material",multiple,form material
Clothes Hanger,category_organization,Material,29,옷걸이,0.06896551724137931,Clothes Hanger,Korean,Material,material,material
Clothes Hanger,count_mass,Can be counted,29,옷걸이,1,Clothes Hanger,Korean,Can be counted,count,can be counted
Clothes Hanger,solidity,I don't know/It's hard to say,29,옷걸이,0.034482758620689655,Clothes Hanger,Korean,I don't know/It's hard to say,unknown,i dont knowits hard to say
Clothes Hanger,solidity,Solid,29,옷걸이,0.9655172413793104,Clothes Hanger,Korean,Solid,solid,solid
Cloud,category_organization,Form,29,구름,0.4482758620689655,Cloud,Korean,Form,shape,form
Cloud,category_organization,"Form, Color",29,구름,0.13793103448275862,Cloud,Korean,"Form, Color",multiple,form color
Cloud,category_organization,"Form, Color, Material",29,구름,0.13793103448275862,Cloud,Korean,"Form, Color, Material",multiple,form color material
Cloud,category_organization,"Form, Material",29,구름,0.13793103448275862,Cloud,Korean,"Form, Material",multiple,form material
Cloud,category_organization,Material,29,구름,0.13793103448275862,Cloud,Korean,Material,material,material
Cloud,count_mass,Can be counted,29,구름,0.1724137931034483,Cloud,Korean,Can be counted,count,can be counted
Cloud,count_mass,Cannot be counted,29,구름,0.5517241379310345,Cloud,Korean,Cannot be counted,mass,cannot be counted
Cloud,count_mass,I don't know/It's hard to say,29,구름,0.27586206896551724,Cloud,Korean,I don't know/It's hard to say,unknown,i dont knowits hard to say
Cloud,solidity,I don't know/It's hard to say,29,구름,0.10344827586206896,Cloud,Korean,I don't know/It's hard to say,unknown,i dont knowits hard to say
Cloud,solidity,Not a solid,29,구름,0.896551724137931,Cloud,Korean,Not a solid,non-solid,not a solid
Coat,category_organization,Form,29,코트/외투,0.5862068965517241,Coat,Korean,Form,shape,form
Coat,category_organization,"Form, Color",29,코트/외투,0.13793103448275862,Coat,Korean,"Form, Color",multiple,form color
Coat,category_organization,"Form, Color, Material",29,코트/외투,0.10344827586206896,Coat,Korean,"Form, Color, Material",multiple,form color material
Coat,category_organization,"Form, Material",29,코트/외투,0.10344827586206896,Coat,Korean,"Form, Material",multiple,form material
Coat,category_organization,Material,29,코트/외투,0.06896551724137931,Coat,Korean,Material,material,material
Coat,count_mass,Can be counted,29,코트/외투,1,Coat,Korean,Can be counted,count,can be counted
Coat,solidity,I don't know/It's hard to say,29,코트/외투,0.10344827586206896,Coat,Korean,I don't know/It's hard to say,unknown,i dont knowits hard to say
Coat,solidity,Not a solid,29,코트/외투,0.034482758620689655,Coat,Korean,Not a solid,non-solid,not a solid
Coat,solidity,Solid,29,코트/외투,0.8620689655172413,Coat,Korean,Solid,solid,solid
Coffee,category_organization,Color,29,커피,0.13793103448275862,Coffee,Korean,Color,color,color
Coffee,category_organization,"Color, Material",29,커피,0.1724137931034483,Coffee,Korean,"Color, Material",multiple,color material
Coffee,category_organization,Form,29,커피,0.13793103448275862,Coffee,Korean,Form,shape,form
Coffee,category_organization,"Form, Color",29,커피,0.06896551724137931,Coffee,Korean,"Form, Color",multiple,form color
Coffee,category_organization,"Form, Color, Material",29,커피,0.13793103448275862,Coffee,Korean,"Form, Color, Material",multiple,form color material
Coffee,category_organization,"Form, Material",29,커피,0.06896551724137931,Coffee,Korean,"Form, Material",multiple,form material
Coffee,category_organization,Material,29,커피,0.2413793103448276,Coffee,Korean,Material,material,material
Coffee,category_organization,Not applicable,29,커피,0.03448275862068965,Coffee,Korean,Not applicable,none of these,not applicable
Coffee,count_mass,Can be counted,29,커피,0.5862068965517241,Coffee,Korean,Can be counted,count,can be counted
Coffee,count_mass,Cannot be counted,29,커피,0.20689655172413793,Coffee,Korean,Cannot be counted,mass,cannot be counted
Coffee,count_mass,I don't know/It's hard to say,29,커피,0.20689655172413793,Coffee,Korean,I don't know/It's hard to say,unknown,i dont knowits hard to say
Coffee,solidity,I don't know/It's hard to say,29,커피,0.13793103448275862,Coffee,Korean,I don't know/It's hard to say,unknown,i dont knowits hard to say
Coffee,solidity,Not a solid,29,커피,0.7241379310344828,Coffee,Korean,Not a solid,non-solid,not a solid
Coffee,solidity,Solid,29,커피,0.13793103448275862,Coffee,Korean,Solid,solid,solid
Coke/Cola,category_organization,Color,29,콜라,0.13793103448275862,Coke/Cola,Korean,Color,color,color
Coke/Cola,category_organization,"Color, Material",29,콜라,0.20689655172413793,Coke/Cola,Korean,"Color, Material",multiple,color material
Coke/Cola,category_organization,Form,29,콜라,0.13793103448275862,Coke/Cola,Korean,Form,shape,form
Coke/Cola,category_organization,"Form, Color",29,콜라,0.06896551724137931,Coke/Cola,Korean,"Form, Color",multiple,form color
Coke/Cola,category_organization,"Form, Color, Material",29,콜라,0.10344827586206896,Coke/Cola,Korean,"Form, Color, Material",multiple,form color material
Coke/Cola,category_organization,"Form, Material",29,콜라,0.10344827586206896,Coke/Cola,Korean,"Form, Material",multiple,form material
Coke/Cola,category_organization,Material,29,콜라,0.20689655172413793,Coke/Cola,Korean,Material,material,material
Coke/Cola,category_organization,Not applicable,29,콜라,0.03448275862068965,Coke/Cola,Korean,Not applicable,none of these,not applicable
Coke/Cola,count_mass,Can be counted,29,콜라,0.6896551724137931,Coke/Cola,Korean,Can be counted,count,can be counted
Coke/Cola,count_mass,Cannot be counted,29,콜라,0.13793103448275862,Coke/Cola,Korean,Cannot be counted,mass,cannot be counted
Coke/Cola,count_mass,I don't know/It's hard to say,29,콜라,0.1724137931034483,Coke/Cola,Korean,I don't know/It's hard to say,unknown,i dont knowits hard to say
Coke/Cola,solidity,I don't know/It's hard to say,29,콜라,0.06896551724137931,Coke/Cola,Korean,I don't know/It's hard to say,unknown,i dont knowits hard to say
Coke/Cola,solidity,Not a solid,29,콜라,0.8620689655172413,Coke/Cola,Korean,Not a solid,non-solid,not a solid
Coke/Cola,solidity,Solid,29,콜라,0.06896551724137931,Coke/Cola,Korean,Solid,solid,solid
Corn,category_organization,Color,29,옥수수,0.03448275862068965,Corn,Korean,Color,color,color
Corn,category_organization,Form,29,옥수수,0.4827586206896552,Corn,Korean,Form,shape,form
Corn,category_organization,"Form, Color",29,옥수수,0.13793103448275862,Corn,Korean,"Form, Color",multiple,form color
Corn,category_organization,"Form, Color, Material",29,옥수수,0.20689655172413793,Corn,Korean,"Form, Color, Material",multiple,form color material
Corn,category_organization,"Form, Material",29,옥수수,0.06896551724137931,Corn,Korean,"Form, Material",multiple,form material
Corn,category_organization,Material,29,옥수수,0.06896551724137931,Corn,Korean,Material,material,material
Corn,count_mass,Can be counted,29,옥수수,1,Corn,Korean,Can be counted,count,can be counted
Corn,solidity,I don't know/It's hard to say,29,옥수수,0.10344827586206896,Corn,Korean,I don't know/It's hard to say,unknown,i dont knowits hard to say
Corn,solidity,Not a solid,29,옥수수,0.10344827586206896,Corn,Korean,Not a solid,non-solid,not a solid
Corn,solidity,Solid,29,옥수수,0.7931034482758621,Corn,Korean,Solid,solid,solid
Cow,category_organization,Form,29,소,0.6896551724137931,Cow,Korean,Form,shape,form
Cow,category_organization,"Form, Color",29,소,0.10344827586206896,Cow,Korean,"Form, Color",multiple,form color
Cow,category_organization,"Form, Color, Material",29,소,0.13793103448275862,Cow,Korean,"Form, Color, Material",multiple,form color material
Cow,category_organization,"Form, Material",29,소,0.03448275862068965,Cow,Korean,"Form, Material",multiple,form material
Cow,category_organization,Material,29,소,0.03448275862068965,Cow,Korean,Material,material,material
Cow,count_mass,Can be counted,29,소,1,Cow,Korean,Can be counted,count,can be counted
Cow,solidity,I don't know/It's hard to say,29,소,0.2413793103448276,Cow,Korean,I don't know/It's hard to say,unknown,i dont knowits hard to say
Cow,solidity,Not a solid,29,소,0.10344827586206896,Cow,Korean,Not a solid,non-solid,not a solid
Cow,solidity,Solid,29,소,0.6551724137931034,Cow,Korean,Solid,solid,solid
Crackers/Chips,category_organization,Form,29,과자/까까,0.4482758620689655,Crackers/Chips,Korean,Form,shape,form
Crackers/Chips,category_organization,"Form, Color",29,과자/까까,0.03448275862068965,Crackers/Chips,Korean,"Form, Color",multiple,form color
Crackers/Chips,category_organization,"Form, Color, Material",29,과자/까까,0.06896551724137931,Crackers/Chips,Korean,"Form, Color, Material",multiple,form color material
Crackers/Chips,category_organization,"Form, Material",29,과자/까까,0.27586206896551724,Crackers/Chips,Korean,"Form, Material",multiple,form material
Crackers/Chips,category_organization,Material,29,과자/까까,0.13793103448275862,Crackers/Chips,Korean,Material,material,material
Crackers/Chips,category_organization,Not applicable,29,과자/까까,0.03448275862068965,Crackers/Chips,Korean,Not applicable,none of these,not applicable
Crackers/Chips,count_mass,Can be counted,29,과자/까까,0.7931034482758621,Crackers/Chips,Korean,Can be counted,count,can be counted
Crackers/Chips,count_mass,Cannot be counted,29,과자/까까,0.10344827586206896,Crackers/Chips,Korean,Cannot be counted,mass,cannot be counted
Crackers/Chips,count_mass,I don't know/It's hard to say,29,과자/까까,0.10344827586206896,Crackers/Chips,Korean,I don't know/It's hard to say,unknown,i dont knowits hard to say
Crackers/Chips,solidity,I don't know/It's hard to say,29,과자/까까,0.1724137931034483,Crackers/Chips,Korean,I don't know/It's hard to say,unknown,i dont knowits hard to say
Crackers/Chips,solidity,Not a solid,29,과자/까까,0.06896551724137931,Crackers/Chips,Korean,Not a solid,non-solid,not a solid
Crackers/Chips,solidity,Solid,29,과자/까까,0.7586206896551724,Crackers/Chips,Korean,Solid,solid,solid
Crayon,category_organization,Color,29,크레용/크레파스,0.03448275862068965,Crayon,Korean,Color,color,color
Crayon,category_organization,Form,29,크레용/크레파스,0.3103448275862069,Crayon,Korean,Form,shape,form
Crayon,category_organization,"Form, Color",29,크레용/크레파스,0.06896551724137931,Crayon,Korean,"Form, Color",multiple,form color
Crayon,category_organization,"Form, Color, Material",29,크레용/크레파스,0.20689655172413793,Crayon,Korean,"Form, Color, Material",multiple,form color material
Crayon,category_organization,"Form, Material",29,크레용/크레파스,0.2413793103448276,Crayon,Korean,"Form, Material",multiple,form material
Crayon,category_organization,Material,29,크레용/크레파스,0.10344827586206896,Crayon,Korean,Material,material,material
Crayon,category_organization,Not applicable,29,크레용/크레파스,0.03448275862068965,Crayon,Korean,Not applicable,none of these,not applicable
Crayon,count_mass,Can be counted,29,크레용/크레파스,0.9310344827586207,Crayon,Korean,Can be counted,count,can be counted
Crayon,count_mass,Cannot be counted,29,크레용/크레파스,0.034482758620689655,Crayon,Korean,Cannot be counted,mass,cannot be counted
Crayon,count_mass,I don't know/It's hard to say,29,크레용/크레파스,0.034482758620689655,Crayon,Korean,I don't know/It's hard to say,unknown,i dont knowits hard to say
Crayon,solidity,I don't know/It's hard to say,29,크레용/크레파스,0.034482758620689655,Crayon,Korean,I don't know/It's hard to say,unknown,i dont knowits hard to say
Crayon,solidity,Not a solid,29,크레용/크레파스,0.034482758620689655,Crayon,Korean,Not a solid,non-solid,not a solid
Crayon,solidity,Solid,29,크레용/크레파스,0.9310344827586207,Crayon,Korean,Solid,solid,solid
Crocodile,category_organization,Form,29,악어,0.6896551724137931,Crocodile,Korean,Form,shape,form
Crocodile,category_organization,"Form, Color",29,악어,0.10344827586206896,Crocodile,Korean,"Form, Color",multiple,form color
Crocodile,category_organization,"Form, Color, Material",29,악어,0.10344827586206896,Crocodile,Korean,"Form, Color, Material",multiple,form color material
Crocodile,category_organization,"Form, Material",29,악어,0.06896551724137931,Crocodile,Korean,"Form, Material",multiple,form material
Crocodile,category_organization,Material,29,악어,0.03448275862068965,Crocodile,Korean,Material,material,material
Crocodile,count_mass,Can be counted,29,악어,0.9655172413793104,Crocodile,Korean,Can be counted,count,can be counted
Crocodile,count_mass,I don't know/It's hard to say,29,악어,0.034482758620689655,Crocodile,Korean,I don't know/It's hard to say,unknown,i dont knowits hard to say
Crocodile,solidity,I don't know/It's hard to say,29,악어,0.2413793103448276,Crocodile,Korean,I don't know/It's hard to say,unknown,i dont knowits hard to say
Crocodile,solidity,Not a solid,29,악어,0.10344827586206896,Crocodile,Korean,Not a solid,non-solid,not a solid
Crocodile,solidity,Solid,29,악어,0.6551724137931034,Crocodile,Korean,Solid,solid,solid
Cup,category_organization,Color,29,컵,0.06896551724137931,Cup,Korean,Color,color,color
Cup,category_organization,Form,29,컵,0.6896551724137931,Cup,Korean,Form,shape,form
Cup,category_organization,"Form, Color, Material",29,컵,0.10344827586206896,Cup,Korean,"Form, Color, Material",multiple,form color material
Cup,category_organization,"Form, Material",29,컵,0.10344827586206896,Cup,Korean,"Form, Material",multiple,form material
Cup,category_organization,Material,29,컵,0.03448275862068965,Cup,Korean,Material,material,material
Cup,count_mass,Can be counted,29,컵,1,Cup,Korean,Can be counted,count,can be counted
Cup,solidity,I don't know/It's hard to say,29,컵,0.034482758620689655,Cup,Korean,I don't know/It's hard to say,unknown,i dont knowits hard to say
Cup,solidity,Solid,29,컵,0.9655172413793104,Cup,Korean,Solid,solid,solid
Deer,category_organization,Form,29,사슴,0.6896551724137931,Deer,Korean,Form,shape,form
Deer,category_organization,"Form, Color",29,사슴,0.10344827586206896,Deer,Korean,"Form, Color",multiple,form color
Deer,category_organization,"Form, Color, Material",29,사슴,0.10344827586206896,Deer,Korean,"Form, Color, Material",multiple,form color material
Deer,category_organization,"Form, Material",29,사슴,0.06896551724137931,Deer,Korean,"Form, Material",multiple,form material
Deer,category_organization,Material,29,사슴,0.03448275862068965,Deer,Korean,Material,material,material
Deer,count_mass,Can be counted,29,사슴,1,Deer,Korean,Can be counted,count,can be counted
Deer,solidity,I don't know/It's hard to say,29,사슴,0.2413793103448276,Deer,Korean,I don't know/It's hard to say,unknown,i dont knowits hard to say
Deer,solidity,Not a solid,29,사슴,0.10344827586206896,Deer,Korean,Not a solid,non-solid,not a solid
Deer,solidity,Solid,29,사슴,0.6551724137931034,Deer,Korean,Solid,solid,solid
Diaper,category_organization,Form,29,기저귀,0.6206896551724138,Diaper,Korean,Form,shape,form
Diaper,category_organization,"Form, Color",29,기저귀,0.03448275862068965,Diaper,Korean,"Form, Color",multiple,form color
Diaper,category_organization,"Form, Color, Material",29,기저귀,0.06896551724137931,Diaper,Korean,"Form, Color, Material",multiple,form color material
Diaper,category_organization,"Form, Material",29,기저귀,0.20689655172413793,Diaper,Korean,"Form, Material",multiple,form material
Diaper,category_organization,Material,29,기저귀,0.06896551724137931,Diaper,Korean,Material,material,material
Diaper,count_mass,Can be counted,29,기저귀,0.8620689655172413,Diaper,Korean,Can be counted,count,can be counted
Diaper,count_mass,Cannot be counted,29,기저귀,0.13793103448275862,Diaper,Korean,Cannot be counted,mass,cannot be counted
Diaper,solidity,I don't know/It's hard to say,29,기저귀,0.13793103448275862,Diaper,Korean,I don't know/It's hard to say,unknown,i dont knowits hard to say
Diaper,solidity,Not a solid,29,기저귀,0.06896551724137931,Diaper,Korean,Not a solid,non-solid,not a solid
Diaper,solidity,Solid,29,기저귀,0.7931034482758621,Diaper,Korean,Solid,solid,solid
Dinosaur,category_organization,Form,29,공룡,0.6896551724137931,Dinosaur,Korean,Form,shape,form
Dinosaur,category_organization,"Form, Color",29,공룡,0.03448275862068965,Dinosaur,Korean,"Form, Color",multiple,form color
Dinosaur,category_organization,"Form, Color, Material",29,공룡,0.10344827586206896,Dinosaur,Korean,"Form, Color, Material",multiple,form color material
Dinosaur,category_organization,"Form, Material",29,공룡,0.13793103448275862,Dinosaur,Korean,"Form, Material",multiple,form material
Dinosaur,category_organization,Material,29,공룡,0.03448275862068965,Dinosaur,Korean,Material,material,material
Dinosaur,count_mass,Can be counted,29,공룡,0.8275862068965517,Dinosaur,Korean,Can be counted,count,can be counted
Dinosaur,count_mass,Cannot be counted,29,공룡,0.06896551724137931,Dinosaur,Korean,Cannot be counted,mass,cannot be counted
Dinosaur,count_mass,I don't know/It's hard to say,29,공룡,0.10344827586206896,Dinosaur,Korean,I don't know/It's hard to say,unknown,i dont knowits hard to say
Dinosaur,solidity,I don't know/It's hard to say,29,공룡,0.2413793103448276,Dinosaur,Korean,I don't know/It's hard to say,unknown,i dont knowits hard to say
Dinosaur,solidity,Not a solid,29,공룡,0.10344827586206896,Dinosaur,Korean,Not a solid,non-solid,not a solid
Dinosaur,solidity,Solid,29,공룡,0.6551724137931034,Dinosaur,Korean,Solid,solid,solid
Dog,category_organization,Form,29,개,0.6896551724137931,Dog,Korean,Form,shape,form
Dog,category_organization,"Form, Color",29,개,0.06896551724137931,Dog,Korean,"Form, Color",multiple,form color
Dog,category_organization,"Form, Color, Material",29,개,0.10344827586206896,Dog,Korean,"Form, Color, Material",multiple,form color material
Dog,category_organization,"Form, Material",29,개,0.10344827586206896,Dog,Korean,"Form, Material",multiple,form material
Dog,category_organization,Material,29,개,0.03448275862068965,Dog,Korean,Material,material,material
Dog,count_mass,Can be counted,29,개,1,Dog,Korean,Can be counted,count,can be counted
Dog,solidity,I don't know/It's hard to say,29,개,0.2413793103448276,Dog,Korean,I don't know/It's hard to say,unknown,i dont knowits hard to say
Dog,solidity,Not a solid,29,개,0.10344827586206896,Dog,Korean,Not a solid,non-solid,not a solid
Dog,solidity,Solid,29,개,0.6551724137931034,Dog,Korean,Solid,solid,solid
Doll,category_organization,"Color, Material",29,인형,0.03448275862068965,Doll,Korean,"Color, Material",multiple,color material
Doll,category_organization,Form,29,인형,0.5172413793103449,Doll,Korean,Form,shape,form
Doll,category_organization,"Form, Color",29,인형,0.03448275862068965,Doll,Korean,"Form, Color",multiple,form color
Doll,category_organization,"Form, Color, Material",29,인형,0.13793103448275862,Doll,Korean,"Form, Color, Material",multiple,form color material
Doll,category_organization,"Form, Material",29,인형,0.13793103448275862,Doll,Korean,"Form, Material",multiple,form material
Doll,category_organization,Material,29,인형,0.10344827586206896,Doll,Korean,Material,material,material
Doll,category_organization,Not applicable,29,인형,0.03448275862068965,Doll,Korean,Not applicable,none of these,not applicable
Doll,count_mass,Can be counted,29,인형,0.9655172413793104,Doll,Korean,Can be counted,count,can be counted
Doll,count_mass,I don't know/It's hard to say,29,인형,0.034482758620689655,Doll,Korean,I don't know/It's hard to say,unknown,i dont knowits hard to say
Doll,solidity,I don't know/It's hard to say,29,인형,0.034482758620689655,Doll,Korean,I don't know/It's hard to say,unknown,i dont knowits hard to say
Doll,solidity,Solid,29,인형,0.9655172413793104,Doll,Korean,Solid,solid,solid
Donkey,category_organization,Form,29,당나귀,0.6551724137931034,Donkey,Korean,Form,shape,form
Donkey,category_organization,"Form, Color",29,당나귀,0.10344827586206896,Donkey,Korean,"Form, Color",multiple,form color
Donkey,category_organization,"Form, Color, Material",29,당나귀,0.10344827586206896,Donkey,Korean,"Form, Color, Material",multiple,form color material
Donkey,category_organization,"Form, Material",29,당나귀,0.10344827586206896,Donkey,Korean,"Form, Material",multiple,form material
Donkey,category_organization,Material,29,당나귀,0.03448275862068965,Donkey,Korean,Material,material,material
Donkey,count_mass,Can be counted,29,당나귀,1,Donkey,Korean,Can be counted,count,can be counted
Donkey,solidity,I don't know/It's hard to say,29,당나귀,0.2413793103448276,Donkey,Korean,I don't know/It's hard to say,unknown,i dont knowits hard to say
Donkey,solidity,Not a solid,29,당나귀,0.10344827586206896,Donkey,Korean,Not a solid,non-solid,not a solid
Donkey,solidity,Solid,29,당나귀,0.6551724137931034,Donkey,Korean,Solid,solid,solid
Donut,category_organization,Form,29,도너츠,0.5862068965517241,Donut,Korean,Form,shape,form
Donut,category_organization,"Form, Color",29,도너츠,0.03448275862068965,Donut,Korean,"Form, Color",multiple,form color
Donut,category_organization,"Form, Color, Material",29,도너츠,0.10344827586206896,Donut,Korean,"Form, Color, Material",multiple,form color material
Donut,category_organization,"Form, Material",29,도너츠,0.2413793103448276,Donut,Korean,"Form, Material",multiple,form material
Donut,category_organization,Material,29,도너츠,0.03448275862068965,Donut,Korean,Material,material,material
Donut,count_mass,Can be counted,29,도너츠,1,Donut,Korean,Can be counted,count,can be counted
Donut,solidity,I don't know/It's hard to say,29,도너츠,0.13793103448275862,Donut,Korean,I don't know/It's hard to say,unknown,i dont knowits hard to say
Donut,solidity,Not a solid,29,도너츠,0.10344827586206896,Donut,Korean,Not a solid,non-solid,not a solid
Donut,solidity,Solid,29,도너츠,0.7586206896551724,Donut,Korean,Solid,solid,solid
Door,category_organization,Form,29,문,0.5862068965517241,Door,Korean,Form,shape,form
Door,category_organization,"Form, Color",29,문,0.03448275862068965,Door,Korean,"Form, Color",multiple,form color
Door,category_organization,"Form, Color, Material",29,문,0.03448275862068965,Door,Korean,"Form, Color, Material",multiple,form color material
Door,category_organization,"Form, Material",29,문,0.27586206896551724,Door,Korean,"Form, Material",multiple,form material
Door,category_organization,Material,29,문,0.03448275862068965,Door,Korean,Material,material,material
Door,category_organization,Not applicable,29,문,0.03448275862068965,Door,Korean,Not applicable,none of these,not applicable
Door,count_mass,Can be counted,29,문,0.9655172413793104,Door,Korean,Can be counted,count,can be counted
Door,count_mass,I don't know/It's hard to say,29,문,0.034482758620689655,Door,Korean,I don't know/It's hard to say,unknown,i dont knowits hard to say
Door,solidity,I don't know/It's hard to say,29,문,0.034482758620689655,Door,Korean,I don't know/It's hard to say,unknown,i dont knowits hard to say
Door,solidity,Solid,29,문,0.9655172413793104,Door,Korean,Solid,solid,solid
Drawer,category_organization,Color,29,서랍,0.03448275862068965,Drawer,Korean,Color,color,color
Drawer,category_organization,Form,29,서랍,0.7241379310344828,Drawer,Korean,Form,shape,form
Drawer,category_organization,"Form, Color, Material",29,서랍,0.03448275862068965,Drawer,Korean,"Form, Color, Material",multiple,form color material
Drawer,category_organization,"Form, Material",29,서랍,0.1724137931034483,Drawer,Korean,"Form, Material",multiple,form material
Drawer,category_organization,Material,29,서랍,0.03448275862068965,Drawer,Korean,Material,material,material
Drawer,count_mass,Can be counted,29,서랍,0.896551724137931,Drawer,Korean,Can be counted,count,can be counted
Drawer,count_mass,Cannot be counted,29,서랍,0.06896551724137931,Drawer,Korean,Cannot be counted,mass,cannot be counted
Drawer,count_mass,I don't know/It's hard to say,29,서랍,0.034482758620689655,Drawer,Korean,I don't know/It's hard to say,unknown,i dont knowits hard to say
Drawer,solidity,I don't know/It's hard to say,29,서랍,0.034482758620689655,Drawer,Korean,I don't know/It's hard to say,unknown,i dont knowits hard to say
Drawer,solidity,Not a solid,29,서랍,0.034482758620689655,Drawer,Korean,Not a solid,non-solid,not a solid
Drawer,solidity,Solid,29,서랍,0.9310344827586207,Drawer,Korean,Solid,solid,solid
Duck,category_organization,Form,29,오리,0.6206896551724138,Duck,Korean,Form,shape,form
Duck,category_organization,"Form, Color",29,오리,0.1724137931034483,Duck,Korean,"Form, Color",multiple,form color
Duck,category_organization,"Form, Color, Material",29,오리,0.10344827586206896,Duck,Korean,"Form, Color, Material",multiple,form color material
Duck,category_organization,"Form, Material",29,오리,0.06896551724137931,Duck,Korean,"Form, Material",multiple,form material
Duck,category_organization,Material,29,오리,0.03448275862068965,Duck,Korean,Material,material,material
Duck,count_mass,Can be counted,29,오리,1,Duck,Korean,Can be counted,count,can be counted
Duck,solidity,I don't know/It's hard to say,29,오리,0.2413793103448276,Duck,Korean,I don't know/It's hard to say,unknown,i dont knowits hard to say
Duck,solidity,Not a solid,29,오리,0.10344827586206896,Duck,Korean,Not a solid,non-solid,not a solid
Duck,solidity,Solid,29,오리,0.6551724137931034,Duck,Korean,Solid,solid,solid
Ear,category_organization,Form,29,귀,0.8275862068965517,Ear,Korean,Form,shape,form
Ear,category_organization,"Form, Material",29,귀,0.13793103448275862,Ear,Korean,"Form, Material",multiple,form material
Ear,category_organization,Material,29,귀,0.03448275862068965,Ear,Korean,Material,material,material
Ear,count_mass,Can be counted,29,귀,0.9655172413793104,Ear,Korean,Can be counted,count,can be counted
Ear,count_mass,I don't know/It's hard to say,29,귀,0.034482758620689655,Ear,Korean,I don't know/It's hard to say,unknown,i dont knowits hard to say
Ear,solidity,I don't know/It's hard to say,29,귀,0.1724137931034483,Ear,Korean,I don't know/It's hard to say,unknown,i dont knowits hard to say
Ear,solidity,Not a solid,29,귀,0.10344827586206896,Ear,Korean,Not a solid,non-solid,not a solid
Ear,solidity,Solid,29,귀,0.7241379310344828,Ear,Korean,Solid,solid,solid
Egg,category_organization,Color,29,계란/달걀,0.03448275862068965,Egg,Korean,Color,color,color
Egg,category_organization,Form,29,계란/달걀,0.4827586206896552,Egg,Korean,Form,shape,form
Egg,category_organization,"Form, Color",29,계란/달걀,0.13793103448275862,Egg,Korean,"Form, Color",multiple,form color
Egg,category_organization,"Form, Color, Material",29,계란/달걀,0.20689655172413793,Egg,Korean,"Form, Color, Material",multiple,form color material
Egg,category_organization,"Form, Material",29,계란/달걀,0.06896551724137931,Egg,Korean,"Form, Material",multiple,form material
Egg,category_organization,Material,29,계란/달걀,0.03448275862068965,Egg,Korean,Material,material,material
Egg,category_organization,Not applicable,29,계란/달걀,0.03448275862068965,Egg,Korean,Not applicable,none of these,not applicable
Egg,count_mass,Can be counted,29,계란/달걀,1,Egg,Korean,Can be counted,count,can be counted
Egg,solidity,I don't know/It's hard to say,29,계란/달걀,0.20689655172413793,Egg,Korean,I don't know/It's hard to say,unknown,i dont knowits hard to say
Egg,solidity,Not a solid,29,계란/달걀,0.13793103448275862,Egg,Korean,Not a solid,non-solid,not a solid
Egg,solidity,Solid,29,계란/달걀,0.6551724137931034,Egg,Korean,Solid,solid,solid
Elephant,category_organization,Form,29,코끼리,0.7241379310344828,Elephant,Korean,Form,shape,form
Elephant,category_organization,"Form, Color",29,코끼리,0.06896551724137931,Elephant,Korean,"Form, Color",multiple,form color
Elephant,category_organization,"Form, Color, Material",29,코끼리,0.10344827586206896,Elephant,Korean,"Form, Color, Material",multiple,form color material
Elephant,category_organization,"Form, Material",29,코끼리,0.06896551724137931,Elephant,Korean,"Form, Material",multiple,form material
Elephant,category_organization,Material,29,코끼리,0.03448275862068965,Elephant,Korean,Material,material,material
Elephant,count_mass,Can be counted,29,코끼리,1,Elephant,Korean,Can be counted,count,can be counted
Elephant,solidity,I don't know/It's hard to say,29,코끼리,0.2413793103448276,Elephant,Korean,I don't know/It's hard to say,unknown,i dont knowits hard to say
Elephant,solidity,Not a solid,29,코끼리,0.10344827586206896,Elephant,Korean,Not a solid,non-solid,not a solid
Elephant,solidity,Solid,29,코끼리,0.6551724137931034,Elephant,Korean,Solid,solid,solid
Eye,category_organization,Color,29,눈,0.03448275862068965,Eye,Korean,Color,color,color
Eye,category_organization,Form,29,눈,0.6896551724137931,Eye,Korean,Form,shape,form
Eye,category_organization,"Form, Color",29,눈,0.10344827586206896,Eye,Korean,"Form, Color",multiple,form color
Eye,category_organization,"Form, Color, Material",29,눈,0.06896551724137931,Eye,Korean,"Form, Color, Material",multiple,form color material
Eye,category_organization,"Form, Material",29,눈,0.06896551724137931,Eye,Korean,"Form, Material",multiple,form material
Eye,category_organization,Material,29,눈,0.03448275862068965,Eye,Korean,Material,material,material
Eye,count_mass,Can be counted,29,눈,0.9655172413793104,Eye,Korean,Can be counted,count,can be counted
Eye,count_mass,I don't know/It's hard to say,29,눈,0.034482758620689655,Eye,Korean,I don't know/It's hard to say,unknown,i dont knowits hard to say
Eye,solidity,I don't know/It's hard to say,29,눈,0.27586206896551724,Eye,Korean,I don't know/It's hard to say,unknown,i dont knowits hard to say
Eye,solidity,Not a solid,29,눈,0.10344827586206896,Eye,Korean,Not a solid,non-solid,not a solid
Eye,solidity,Solid,29,눈,0.6206896551724138,Eye,Korean,Solid,solid,solid
Face,category_organization,Form,29,얼굴,0.7931034482758621,Face,Korean,Form,shape,form
Face,category_organization,"Form, Color",29,얼굴,0.06896551724137931,Face,Korean,"Form, Color",multiple,form color
Face,category_organization,"Form, Color, Material",29,얼굴,0.03448275862068965,Face,Korean,"Form, Color, Material",multiple,form color material
Face,category_organization,"Form, Material",29,얼굴,0.06896551724137931,Face,Korean,"Form, Material",multiple,form material
Face,category_organization,Material,29,얼굴,0.03448275862068965,Face,Korean,Material,material,material
Face,count_mass,Can be counted,29,얼굴,0.9655172413793104,Face,Korean,Can be counted,count,can be counted
Face,count_mass,I don't know/It's hard to say,29,얼굴,0.034482758620689655,Face,Korean,I don't know/It's hard to say,unknown,i dont knowits hard to say
Face,solidity,I don't know/It's hard to say,29,얼굴,0.2413793103448276,Face,Korean,I don't know/It's hard to say,unknown,i dont knowits hard to say
Face,solidity,Not a solid,29,얼굴,0.10344827586206896,Face,Korean,Not a solid,non-solid,not a solid
Face,solidity,Solid,29,얼굴,0.6551724137931034,Face,Korean,Solid,solid,solid
Finger,category_organization,Form,29,손가락,0.7931034482758621,Finger,Korean,Form,shape,form
Finger,category_organization,"Form, Color",29,손가락,0.03448275862068965,Finger,Korean,"Form, Color",multiple,form color
Finger,category_organization,"Form, Material",29,손가락,0.13793103448275862,Finger,Korean,"Form, Material",multiple,form material
Finger,category_organization,Material,29,손가락,0.03448275862068965,Finger,Korean,Material,material,material
Finger,count_mass,Can be counted,29,손가락,1,Finger,Korean,Can be counted,count,can be counted
Finger,solidity,I don't know/It's hard to say,29,손가락,0.20689655172413793,Finger,Korean,I don't know/It's hard to say,unknown,i dont knowits hard to say
Finger,solidity,Not a solid,29,손가락,0.10344827586206896,Finger,Korean,Not a solid,non-solid,not a solid
Finger,solidity,Solid,29,손가락,0.6896551724137931,Finger,Korean,Solid,solid,solid
Fire,category_organization,Color,29,불,0.10344827586206896,Fire,Korean,Color,color,color
Fire,category_organization,"Color, Material",29,불,0.13793103448275862,Fire,Korean,"Color, Material",multiple,color material
Fire,category_organization,Form,29,불,0.3103448275862069,Fire,Korean,Form,shape,form
Fire,category_organization,"Form, Color",29,불,0.10344827586206896,Fire,Korean,"Form, Color",multiple,form color
Fire,category_organization,"Form, Color, Material",29,불,0.10344827586206896,Fire,Korean,"Form, Color, Material",multiple,form color material
Fire,category_organization,"Form, Material",29,불,0.03448275862068965,Fire,Korean,"Form, Material",multiple,form material
Fire,category_organization,Material,29,불,0.10344827586206896,Fire,Korean,Material,material,material
Fire,category_organization,Not applicable,29,불,0.10344827586206896,Fire,Korean,Not applicable,none of these,not applicable
Fire,count_mass,Can be counted,29,불,0.1724137931034483,Fire,Korean,Can be counted,count,can be counted
Fire,count_mass,Cannot be counted,29,불,0.7241379310344828,Fire,Korean,Cannot be counted,mass,cannot be counted
Fire,count_mass,I don't know/It's hard to say,29,불,0.10344827586206896,Fire,Korean,I don't know/It's hard to say,unknown,i dont knowits hard to say
Fire,solidity,I don't know/It's hard to say,29,불,0.1724137931034483,Fire,Korean,I don't know/It's hard to say,unknown,i dont knowits hard to say
Fire,solidity,Not a solid,29,불,0.8275862068965517,Fire,Korean,Not a solid,non-solid,not a solid
Fire Truck,category_organization,Form,28,소방차/불자동차,0.5,Fire Truck,Korean,Form,shape,form
Fire Truck,category_organization,"Form, Color",28,소방차/불자동차,0.14285714285714285,Fire Truck,Korean,"Form, Color",multiple,form color
Fire Truck,category_organization,"Form, Color, Material",28,소방차/불자동차,0.21428571428571427,Fire Truck,Korean,"Form, Color, Material",multiple,form color material
Fire Truck,category_organization,"Form, Material",28,소방차/불자동차,0.07142857142857142,Fire Truck,Korean,"Form, Material",multiple,form material
Fire Truck,category_organization,Material,28,소방차/불자동차,0.07142857142857142,Fire Truck,Korean,Material,material,material
Fire Truck,count_mass,Can be counted,29,소방차/불자동차,0.9310344827586207,Fire Truck,Korean,Can be counted,count,can be counted
Fire Truck,count_mass,Cannot be counted,29,소방차/불자동차,0.034482758620689655,Fire Truck,Korean,Cannot be counted,mass,cannot be counted
Fire Truck,count_mass,I don't know/It's hard to say,29,소방차/불자동차,0.034482758620689655,Fire Truck,Korean,I don't know/It's hard to say,unknown,i dont knowits hard to say
Fire Truck,solidity,I don't know/It's hard to say,29,소방차/불자동차,0.034482758620689655,Fire Truck,Korean,I don't know/It's hard to say,unknown,i dont knowits hard to say
Fire Truck,solidity,Solid,29,소방차/불자동차,0.9655172413793104,Fire Truck,Korean,Solid,solid,solid
Fish,category_organization,Color,58,생선,0.01724137931034482,Fish,Korean,Color,color,color
Fish,category_organization,"Color, Material",58,생선,0.01724137931034482,Fish,Korean,"Color, Material",multiple,color material
Fish,category_organization,Form,58,물고기,0.3275862068965517,Fish,Korean,Form,shape,form
Fish,category_organization,Form,58,생선,0.20689655172413793,Fish,Korean,Form,shape,form
Fish,category_organization,"Form, Color",58,물고기,0.05172413793103448,Fish,Korean,"Form, Color",multiple,form color
Fish,category_organization,"Form, Color",58,생선,0.03448275862068965,Fish,Korean,"Form, Color",multiple,form color
Fish,category_organization,"Form, Color, Material",58,물고기,0.03448275862068965,Fish,Korean,"Form, Color, Material",multiple,form color material
Fish,category_organization,"Form, Material",58,물고기,0.06896551724137931,Fish,Korean,"Form, Material",multiple,form material
Fish,category_organization,"Form, Material",58,생선,0.15517241379310345,Fish,Korean,"Form, Material",multiple,form material
Fish,category_organization,Material,58,물고기,0.01724137931034482,Fish,Korean,Material,material,material
Fish,category_organization,Material,58,생선,0.05172413793103448,Fish,Korean,Material,material,material
Fish,category_organization,Not applicable,58,생선,0.01724137931034482,Fish,Korean,Not applicable,none of these,not applicable
Fish,count_mass,Can be counted,58,생선,0.896551724137931,Fish,Korean,Can be counted,count,can be counted
Fish,count_mass,Can be counted,58,물고기,0.896551724137931,Fish,Korean,Can be counted,count,can be counted
Fish,count_mass,Cannot be counted,58,생선,0.05172413793103448,Fish,Korean,Cannot be counted,mass,cannot be counted
Fish,count_mass,Cannot be counted,58,물고기,0.05172413793103448,Fish,Korean,Cannot be counted,mass,cannot be counted
Fish,count_mass,I don't know/It's hard to say,58,생선,0.05172413793103448,Fish,Korean,I don't know/It's hard to say,unknown,i dont knowits hard to say
Fish,count_mass,I don't know/It's hard to say,58,물고기,0.05172413793103448,Fish,Korean,I don't know/It's hard to say,unknown,i dont knowits hard to say
Fish,solidity,I don't know/It's hard to say,58,생선,0.1896551724137931,Fish,Korean,I don't know/It's hard to say,unknown,i dont knowits hard to say
Fish,solidity,I don't know/It's hard to say,58,물고기,0.1896551724137931,Fish,Korean,I don't know/It's hard to say,unknown,i dont knowits hard to say
Fish,solidity,Not a solid,58,생선,0.10344827586206896,Fish,Korean,Not a solid,non-solid,not a solid
Fish,solidity,Not a solid,58,물고기,0.10344827586206896,Fish,Korean,Not a solid,non-solid,not a solid
Fish,solidity,Solid,58,생선,0.7068965517241379,Fish,Korean,Solid,solid,solid
Fish,solidity,Solid,58,물고기,0.7068965517241379,Fish,Korean,Solid,solid,solid
Flag,category_organization,Color,29,깃발,0.06896551724137931,Flag,Korean,Color,color,color
Flag,category_organization,Form,29,깃발,0.6206896551724138,Flag,Korean,Form,shape,form
Flag,category_organization,"Form, Color",29,깃발,0.03448275862068965,Flag,Korean,"Form, Color",multiple,form color
Flag,category_organization,"Form, Color, Material",29,깃발,0.10344827586206896,Flag,Korean,"Form, Color, Material",multiple,form color material
Flag,category_organization,"Form, Material",29,깃발,0.13793103448275862,Flag,Korean,"Form, Material",multiple,form material
Flag,category_organization,Material,29,깃발,0.03448275862068965,Flag,Korean,Material,material,material
Flag,count_mass,Can be counted,29,깃발,0.9655172413793104,Flag,Korean,Can be counted,count,can be counted
Flag,count_mass,I don't know/It's hard to say,29,깃발,0.034482758620689655,Flag,Korean,I don't know/It's hard to say,unknown,i dont knowits hard to say
Flag,solidity,I don't know/It's hard to say,29,깃발,0.06896551724137931,Flag,Korean,I don't know/It's hard to say,unknown,i dont knowits hard to say
Flag,solidity,Not a solid,29,깃발,0.034482758620689655,Flag,Korean,Not a solid,non-solid,not a solid
Flag,solidity,Solid,29,깃발,0.896551724137931,Flag,Korean,Solid,solid,solid
Flower,category_organization,Form,29,꽃,0.5172413793103449,Flower,Korean,Form,shape,form
Flower,category_organization,"Form, Color",29,꽃,0.1724137931034483,Flower,Korean,"Form, Color",multiple,form color
Flower,category_organization,"Form, Color, Material",29,꽃,0.13793103448275862,Flower,Korean,"Form, Color, Material",multiple,form color material
Flower,category_organization,"Form, Material",29,꽃,0.10344827586206896,Flower,Korean,"Form, Material",multiple,form material
Flower,category_organization,Material,29,꽃,0.03448275862068965,Flower,Korean,Material,material,material
Flower,category_organization,Not applicable,29,꽃,0.03448275862068965,Flower,Korean,Not applicable,none of these,not applicable
Flower,count_mass,Can be counted,29,꽃,0.8620689655172413,Flower,Korean,Can be counted,count,can be counted
Flower,count_mass,Cannot be counted,29,꽃,0.13793103448275862,Flower,Korean,Cannot be counted,mass,cannot be counted
Flower,solidity,I don't know/It's hard to say,29,꽃,0.13793103448275862,Flower,Korean,I don't know/It's hard to say,unknown,i dont knowits hard to say
Flower,solidity,Not a solid,29,꽃,0.1724137931034483,Flower,Korean,Not a solid,non-solid,not a solid
Flower,solidity,Solid,29,꽃,0.6896551724137931,Flower,Korean,Solid,solid,solid
Food,category_organization,Color,29,음식,0.03448275862068965,Food,Korean,Color,color,color
Food,category_organization,Form,29,음식,0.2413793103448276,Food,Korean,Form,shape,form
Food,category_organization,"Form, Color",29,음식,0.03448275862068965,Food,Korean,"Form, Color",multiple,form color
Food,category_organization,"Form, Color, Material",29,음식,0.27586206896551724,Food,Korean,"Form, Color, Material",multiple,form color material
Food,category_organization,"Form, Material",29,음식,0.13793103448275862,Food,Korean,"Form, Material",multiple,form material
Food,category_organization,Material,29,음식,0.13793103448275862,Food,Korean,Material,material,material
Food,category_organization,Not applicable,29,음식,0.13793103448275862,Food,Korean,Not applicable,none of these,not applicable
Food,count_mass,Can be counted,29,음식,0.6206896551724138,Food,Korean,Can be counted,count,can be counted
Food,count_mass,Cannot be counted,29,음식,0.13793103448275862,Food,Korean,Cannot be counted,mass,cannot be counted
Food,count_mass,I don't know/It's hard to say,29,음식,0.2413793103448276,Food,Korean,I don't know/It's hard to say,unknown,i dont knowits hard to say
Food,solidity,I don't know/It's hard to say,29,음식,0.4827586206896552,Food,Korean,I don't know/It's hard to say,unknown,i dont knowits hard to say
Food,solidity,Not a solid,29,음식,0.10344827586206896,Food,Korean,Not a solid,non-solid,not a solid
Food,solidity,Solid,29,음식,0.41379310344827586,Food,Korean,Solid,solid,solid
Foot,category_organization,Form,29,발,0.8620689655172413,Foot,Korean,Form,shape,form
Foot,category_organization,"Form, Material",29,발,0.10344827586206896,Foot,Korean,"Form, Material",multiple,form material
Foot,category_organization,Material,29,발,0.03448275862068965,Foot,Korean,Material,material,material
Foot,count_mass,Can be counted,29,발,1,Foot,Korean,Can be counted,count,can be counted
Foot,solidity,I don't know/It's hard to say,29,발,0.1724137931034483,Foot,Korean,I don't know/It's hard to say,unknown,i dont knowits hard to say
Foot,solidity,Not a solid,29,발,0.10344827586206896,Foot,Korean,Not a solid,non-solid,not a solid
Foot,solidity,Solid,29,발,0.7241379310344828,Foot,Korean,Solid,solid,solid
Fork,category_organization,Color,29,포크,0.03448275862068965,Fork,Korean,Color,color,color
Fork,category_organization,Form,29,포크,0.7241379310344828,Fork,Korean,Form,shape,form
Fork,category_organization,"Form, Color, Material",29,포크,0.06896551724137931,Fork,Korean,"Form, Color, Material",multiple,form color material
Fork,category_organization,"Form, Material",29,포크,0.13793103448275862,Fork,Korean,"Form, Material",multiple,form material
Fork,category_organization,Material,29,포크,0.03448275862068965,Fork,Korean,Material,material,material
Fork,count_mass,Can be counted,29,포크,1,Fork,Korean,Can be counted,count,can be counted
Fork,solidity,I don't know/It's hard to say,29,포크,0.034482758620689655,Fork,Korean,I don't know/It's hard to say,unknown,i dont knowits hard to say
Fork,solidity,Solid,29,포크,0.9655172413793104,Fork,Korean,Solid,solid,solid
Fox,category_organization,Form,29,여우,0.6896551724137931,Fox,Korean,Form,shape,form
Fox,category_organization,"Form, Color",29,여우,0.10344827586206896,Fox,Korean,"Form, Color",multiple,form color
Fox,category_organization,"Form, Color, Material",29,여우,0.03448275862068965,Fox,Korean,"Form, Color, Material",multiple,form color material
Fox,category_organization,"Form, Material",29,여우,0.13793103448275862,Fox,Korean,"Form, Material",multiple,form material
Fox,category_organization,Material,29,여우,0.03448275862068965,Fox,Korean,Material,material,material
Fox,count_mass,Can be counted,29,여우,1,Fox,Korean,Can be counted,count,can be counted
Fox,solidity,I don't know/It's hard to say,29,여우,0.2413793103448276,Fox,Korean,I don't know/It's hard to say,unknown,i dont knowits hard to say
Fox,solidity,Not a solid,29,여우,0.10344827586206896,Fox,Korean,Not a solid,non-solid,not a solid
Fox,solidity,Solid,29,여우,0.6551724137931034,Fox,Korean,Solid,solid,solid
Frog,category_organization,Color,29,개구리,0.03448275862068965,Frog,Korean,Color,color,color
Frog,category_organization,Form,29,개구리,0.5517241379310345,Frog,Korean,Form,shape,form
Frog,category_organization,"Form, Color",29,개구리,0.1724137931034483,Frog,Korean,"Form, Color",multiple,form color
Frog,category_organization,"Form, Color, Material",29,개구리,0.06896551724137931,Frog,Korean,"Form, Color, Material",multiple,form color material
Frog,category_organization,"Form, Material",29,개구리,0.13793103448275862,Frog,Korean,"Form, Material",multiple,form material
Frog,category_organization,Material,29,개구리,0.03448275862068965,Frog,Korean,Material,material,material
Frog,count_mass,Can be counted,29,개구리,0.9655172413793104,Frog,Korean,Can be counted,count,can be counted
Frog,count_mass,I don't know/It's hard to say,29,개구리,0.034482758620689655,Frog,Korean,I don't know/It's hard to say,unknown,i dont knowits hard to say
Frog,solidity,I don't know/It's hard to say,29,개구리,0.2413793103448276,Frog,Korean,I don't know/It's hard to say,unknown,i dont knowits hard to say
Frog,solidity,Not a solid,29,개구리,0.10344827586206896,Frog,Korean,Not a solid,non-solid,not a solid
Frog,solidity,Solid,29,개구리,0.6551724137931034,Frog,Korean,Solid,solid,solid
Fruit,category_organization,Color,29,과일,0.03448275862068965,Fruit,Korean,Color,color,color
Fruit,category_organization,Form,29,과일,0.41379310344827586,Fruit,Korean,Form,shape,form
Fruit,category_organization,"Form, Color",29,과일,0.10344827586206896,Fruit,Korean,"Form, Color",multiple,form color
Fruit,category_organization,"Form, Color, Material",29,과일,0.10344827586206896,Fruit,Korean,"Form, Color, Material",multiple,form color material
Fruit,category_organization,"Form, Material",29,과일,0.20689655172413793,Fruit,Korean,"Form, Material",multiple,form material
Fruit,category_organization,Material,29,과일,0.06896551724137931,Fruit,Korean,Material,material,material
Fruit,category_organization,Not applicable,29,과일,0.06896551724137931,Fruit,Korean,Not applicable,none of these,not applicable
Fruit,count_mass,Can be counted,29,과일,0.8620689655172413,Fruit,Korean,Can be counted,count,can be counted
Fruit,count_mass,Cannot be counted,29,과일,0.034482758620689655,Fruit,Korean,Cannot be counted,mass,cannot be counted
Fruit,count_mass,I don't know/It's hard to say,29,과일,0.10344827586206896,Fruit,Korean,I don't know/It's hard to say,unknown,i dont knowits hard to say
Fruit,solidity,I don't know/It's hard to say,29,과일,0.13793103448275862,Fruit,Korean,I don't know/It's hard to say,unknown,i dont knowits hard to say
Fruit,solidity,Not a solid,29,과일,0.06896551724137931,Fruit,Korean,Not a solid,non-solid,not a solid
Fruit,solidity,Solid,29,과일,0.7931034482758621,Fruit,Korean,Solid,solid,solid
Garbage,category_organization,Color,29,쓰레기,0.03448275862068965,Garbage,Korean,Color,color,color
Garbage,category_organization,Form,29,쓰레기,0.41379310344827586,Garbage,Korean,Form,shape,form
Garbage,category_organization,"Form, Color, Material",29,쓰레기,0.03448275862068965,Garbage,Korean,"Form, Color, Material",multiple,form color material
Garbage,category_organization,"Form, Color, Material, Not applicable",29,쓰레기,0.03448275862068965,Garbage,Korean,"Form, Color, Material, Not applicable",multiple,form color material not applicable
Garbage,category_organization,"Form, Material",29,쓰레기,0.1724137931034483,Garbage,Korean,"Form, Material",multiple,form material
Garbage,category_organization,Material,29,쓰레기,0.06896551724137931,Garbage,Korean,Material,material,material
Garbage,category_organization,Not applicable,29,쓰레기,0.2413793103448276,Garbage,Korean,Not applicable,none of these,not applicable
Garbage,count_mass,Can be counted,29,쓰레기,0.4482758620689655,Garbage,Korean,Can be counted,count,can be counted
Garbage,count_mass,Cannot be counted,29,쓰레기,0.3103448275862069,Garbage,Korean,Cannot be counted,mass,cannot be counted
Garbage,count_mass,I don't know/It's hard to say,29,쓰레기,0.2413793103448276,Garbage,Korean,I don't know/It's hard to say,unknown,i dont knowits hard to say
Garbage,solidity,I don't know/It's hard to say,29,쓰레기,0.4482758620689655,Garbage,Korean,I don't know/It's hard to say,unknown,i dont knowits hard to say
Garbage,solidity,Not a solid,29,쓰레기,0.10344827586206896,Garbage,Korean,Not a solid,non-solid,not a solid
Garbage,solidity,Solid,29,쓰레기,0.4482758620689655,Garbage,Korean,Solid,solid,solid
Gift/present,category_organization,Form,29,선물,0.4827586206896552,Gift/present,Korean,Form,shape,form
Gift/present,category_organization,"Form, Color, Material",29,선물,0.13793103448275862,Gift/present,Korean,"Form, Color, Material",multiple,form color material
Gift/present,category_organization,"Form, Material",29,선물,0.06896551724137931,Gift/present,Korean,"Form, Material",multiple,form material
Gift/present,category_organization,Material,29,선물,0.10344827586206896,Gift/present,Korean,Material,material,material
Gift/present,category_organization,Not applicable,29,선물,0.20689655172413793,Gift/present,Korean,Not applicable,none of these,not applicable
Gift/present,count_mass,Can be counted,29,선물,0.7931034482758621,Gift/present,Korean,Can be counted,count,can be counted
Gift/present,count_mass,Cannot be counted,29,선물,0.10344827586206896,Gift/present,Korean,Cannot be counted,mass,cannot be counted
Gift/present,count_mass,I don't know/It's hard to say,29,선물,0.10344827586206896,Gift/present,Korean,I don't know/It's hard to say,unknown,i dont knowits hard to say
Gift/present,solidity,I don't know/It's hard to say,29,선물,0.3793103448275862,Gift/present,Korean,I don't know/It's hard to say,unknown,i dont knowits hard to say
Gift/present,solidity,Solid,29,선물,0.6206896551724138,Gift/present,Korean,Solid,solid,solid
Giraffe,category_organization,Form,29,기린,0.6206896551724138,Giraffe,Korean,Form,shape,form
Giraffe,category_organization,"Form, Color",29,기린,0.1724137931034483,Giraffe,Korean,"Form, Color",multiple,form color
Giraffe,category_organization,"Form, Color, Material",29,기린,0.10344827586206896,Giraffe,Korean,"Form, Color, Material",multiple,form color material
Giraffe,category_organization,"Form, Material",29,기린,0.06896551724137931,Giraffe,Korean,"Form, Material",multiple,form material
Giraffe,category_organization,Material,29,기린,0.03448275862068965,Giraffe,Korean,Material,material,material
Giraffe,count_mass,Can be counted,29,기린,1,Giraffe,Korean,Can be counted,count,can be counted
Giraffe,solidity,I don't know/It's hard to say,29,기린,0.2413793103448276,Giraffe,Korean,I don't know/It's hard to say,unknown,i dont knowits hard to say
Giraffe,solidity,Not a solid,29,기린,0.10344827586206896,Giraffe,Korean,Not a solid,non-solid,not a solid
Giraffe,solidity,Solid,29,기린,0.6551724137931034,Giraffe,Korean,Solid,solid,solid
Glass,category_organization,Form,28,유리,0.25,Glass,Korean,Form,shape,form
Glass,category_organization,"Form, Color",28,유리,0.03571428571428571,Glass,Korean,"Form, Color",multiple,form color
Glass,category_organization,"Form, Material",28,유리,0.32142857142857145,Glass,Korean,"Form, Material",multiple,form material
Glass,category_organization,Material,28,유리,0.35714285714285715,Glass,Korean,Material,material,material
Glass,category_organization,Not applicable,28,유리,0.03571428571428571,Glass,Korean,Not applicable,none of these,not applicable
Glass,count_mass,Can be counted,29,유리,0.6551724137931034,Glass,Korean,Can be counted,count,can be counted
Glass,count_mass,Cannot be counted,29,유리,0.1724137931034483,Glass,Korean,Cannot be counted,mass,cannot be counted
Glass,count_mass,I don't know/It's hard to say,29,유리,0.1724137931034483,Glass,Korean,I don't know/It's hard to say,unknown,i dont knowits hard to say
Glass,solidity,I don't know/It's hard to say,29,유리,0.034482758620689655,Glass,Korean,I don't know/It's hard to say,unknown,i dont knowits hard to say
Glass,solidity,Not a solid,29,유리,0.034482758620689655,Glass,Korean,Not a solid,non-solid,not a solid
Glass,solidity,Solid,29,유리,0.9310344827586207,Glass,Korean,Solid,solid,solid
Glasses,category_organization,Form,29,안경,0.6551724137931034,Glasses,Korean,Form,shape,form
Glasses,category_organization,"Form, Color, Material",29,안경,0.13793103448275862,Glasses,Korean,"Form, Color, Material",multiple,form color material
Glasses,category_organization,"Form, Material",29,안경,0.1724137931034483,Glasses,Korean,"Form, Material",multiple,form material
Glasses,category_organization,Material,29,안경,0.03448275862068965,Glasses,Korean,Material,material,material
Glasses,count_mass,Can be counted,29,안경,0.9655172413793104,Glasses,Korean,Can be counted,count,can be counted
Glasses,count_mass,Cannot be counted,29,안경,0.034482758620689655,Glasses,Korean,Cannot be counted,mass,cannot be counted
Glasses,solidity,I don't know/It's hard to say,29,안경,0.034482758620689655,Glasses,Korean,I don't know/It's hard to say,unknown,i dont knowits hard to say
Glasses,solidity,Solid,29,안경,0.9655172413793104,Glasses,Korean,Solid,solid,solid
Gloves,category_organization,Color,29,장갑,0.03448275862068965,Gloves,Korean,Color,color,color
Gloves,category_organization,Form,29,장갑,0.6551724137931034,Gloves,Korean,Form,shape,form
Gloves,category_organization,"Form, Color",29,장갑,0.03448275862068965,Gloves,Korean,"Form, Color",multiple,form color
Gloves,category_organization,"Form, Color, Material",29,장갑,0.10344827586206896,Gloves,Korean,"Form, Color, Material",multiple,form color material
Gloves,category_organization,"Form, Material",29,장갑,0.10344827586206896,Gloves,Korean,"Form, Material",multiple,form material
Gloves,category_organization,Material,29,장갑,0.06896551724137931,Gloves,Korean,Material,material,material
Gloves,count_mass,Can be counted,29,장갑,0.9655172413793104,Gloves,Korean,Can be counted,count,can be counted
Gloves,count_mass,Cannot be counted,29,장갑,0.034482758620689655,Gloves,Korean,Cannot be counted,mass,cannot be counted
Gloves,solidity,I don't know/It's hard to say,29,장갑,0.10344827586206896,Gloves,Korean,I don't know/It's hard to say,unknown,i dont knowits hard to say
Gloves,solidity,Not a solid,29,장갑,0.06896551724137931,Gloves,Korean,Not a solid,non-solid,not a solid
Gloves,solidity,Solid,29,장갑,0.8275862068965517,Gloves,Korean,Solid,solid,solid
Glue/Gluestick,category_organization,Color,29,풀,0.03448275862068965,Glue/Gluestick,Korean,Color,color,color
Glue/Gluestick,category_organization,Form,29,풀,0.3448275862068966,Glue/Gluestick,Korean,Form,shape,form
Glue/Gluestick,category_organization,"Form, Color, Material",29,풀,0.03448275862068965,Glue/Gluestick,Korean,"Form, Color, Material",multiple,form color material
Glue/Gluestick,category_organization,"Form, Material",29,풀,0.3448275862068966,Glue/Gluestick,Korean,"Form, Material",multiple,form material
Glue/Gluestick,category_organization,Material,29,풀,0.1724137931034483,Glue/Gluestick,Korean,Material,material,material
Glue/Gluestick,category_organization,Not applicable,29,풀,0.06896551724137931,Glue/Gluestick,Korean,Not applicable,none of these,not applicable
Glue/Gluestick,count_mass,Can be counted,29,풀,0.8620689655172413,Glue/Gluestick,Korean,Can be counted,count,can be counted
Glue/Gluestick,count_mass,Cannot be counted,29,풀,0.06896551724137931,Glue/Gluestick,Korean,Cannot be counted,mass,cannot be counted
Glue/Gluestick,count_mass,I don't know/It's hard to say,29,풀,0.06896551724137931,Glue/Gluestick,Korean,I don't know/It's hard to say,unknown,i dont knowits hard to say
Glue/Gluestick,solidity,I don't know/It's hard to say,29,풀,0.1724137931034483,Glue/Gluestick,Korean,I don't know/It's hard to say,unknown,i dont knowits hard to say
Glue/Gluestick,solidity,Not a solid,29,풀,0.20689655172413793,Glue/Gluestick,Korean,Not a solid,non-solid,not a solid
Glue/Gluestick,solidity,Solid,29,풀,0.6206896551724138,Glue/Gluestick,Korean,Solid,solid,solid
Goat,category_organization,Form,29,염소,0.7241379310344828,Goat,Korean,Form,shape,form
Goat,category_organization,"Form, Color",29,염소,0.06896551724137931,Goat,Korean,"Form, Color",multiple,form color
Goat,category_organization,"Form, Color, Material",29,염소,0.06896551724137931,Goat,Korean,"Form, Color, Material",multiple,form color material
Goat,category_organization,"Form, Material",29,염소,0.10344827586206896,Goat,Korean,"Form, Material",multiple,form material
Goat,category_organization,Material,29,염소,0.03448275862068965,Goat,Korean,Material,material,material
Goat,count_mass,Can be counted,29,염소,1,Goat,Korean,Can be counted,count,can be counted
Goat,solidity,I don't know/It's hard to say,29,염소,0.2413793103448276,Goat,Korean,I don't know/It's hard to say,unknown,i dont knowits hard to say
Goat,solidity,Not a solid,29,염소,0.10344827586206896,Goat,Korean,Not a solid,non-solid,not a solid
Goat,solidity,Solid,29,염소,0.6551724137931034,Goat,Korean,Solid,solid,solid
Goose,category_organization,Color,29,거위,0.03448275862068965,Goose,Korean,Color,color,color
Goose,category_organization,Form,29,거위,0.6206896551724138,Goose,Korean,Form,shape,form
Goose,category_organization,"Form, Color",29,거위,0.10344827586206896,Goose,Korean,"Form, Color",multiple,form color
Goose,category_organization,"Form, Color, Material",29,거위,0.06896551724137931,Goose,Korean,"Form, Color, Material",multiple,form color material
Goose,category_organization,"Form, Material",29,거위,0.13793103448275862,Goose,Korean,"Form, Material",multiple,form material
Goose,category_organization,Material,29,거위,0.03448275862068965,Goose,Korean,Material,material,material
Goose,count_mass,Can be counted,29,거위,1,Goose,Korean,Can be counted,count,can be counted
Goose,solidity,I don't know/It's hard to say,29,거위,0.2413793103448276,Goose,Korean,I don't know/It's hard to say,unknown,i dont knowits hard to say
Goose,solidity,Not a solid,29,거위,0.10344827586206896,Goose,Korean,Not a solid,non-solid,not a solid
Goose,solidity,Solid,29,거위,0.6551724137931034,Goose,Korean,Solid,solid,solid
Grape,category_organization,Color,29,포도,0.03448275862068965,Grape,Korean,Color,color,color
Grape,category_organization,Form,29,포도,0.4482758620689655,Grape,Korean,Form,shape,form
Grape,category_organization,"Form, Color",29,포도,0.10344827586206896,Grape,Korean,"Form, Color",multiple,form color
Grape,category_organization,"Form, Color, Material",29,포도,0.2413793103448276,Grape,Korean,"Form, Color, Material",multiple,form color material
Grape,category_organization,"Form, Material",29,포도,0.03448275862068965,Grape,Korean,"Form, Material",multiple,form material
Grape,category_organization,Material,29,포도,0.10344827586206896,Grape,Korean,Material,material,material
Grape,category_organization,Not applicable,29,포도,0.03448275862068965,Grape,Korean,Not applicable,none of these,not applicable
Grape,count_mass,Can be counted,29,포도,0.896551724137931,Grape,Korean,Can be counted,count,can be counted
Grape,count_mass,Cannot be counted,29,포도,0.06896551724137931,Grape,Korean,Cannot be counted,mass,cannot be counted
Grape,count_mass,I don't know/It's hard to say,29,포도,0.034482758620689655,Grape,Korean,I don't know/It's hard to say,unknown,i dont knowits hard to say
Grape,solidity,I don't know/It's hard to say,29,포도,0.10344827586206896,Grape,Korean,I don't know/It's hard to say,unknown,i dont knowits hard to say
Grape,solidity,Not a solid,29,포도,0.10344827586206896,Grape,Korean,Not a solid,non-solid,not a solid
Grape,solidity,Solid,29,포도,0.7931034482758621,Grape,Korean,Solid,solid,solid
Grass (more beautified and maintained),category_organization,"Color, Material",29,잔디,0.13793103448275862,Grass (more beautified and maintained),Korean,"Color, Material",multiple,color material
Grass (more beautified and maintained),category_organization,Form,29,잔디,0.4827586206896552,Grass (more beautified and maintained),Korean,Form,shape,form
Grass (more beautified and maintained),category_organization,"Form, Color",29,잔디,0.13793103448275862,Grass (more beautified and maintained),Korean,"Form, Color",multiple,form color
Grass (more beautified and maintained),category_organization,"Form, Color, Material",29,잔디,0.03448275862068965,Grass (more beautified and maintained),Korean,"Form, Color, Material",multiple,form color material
Grass (more beautified and maintained),category_organization,"Form, Material",29,잔디,0.06896551724137931,Grass (more beautified and maintained),Korean,"Form, Material",multiple,form material
Grass (more beautified and maintained),category_organization,Material,29,잔디,0.06896551724137931,Grass (more beautified and maintained),Korean,Material,material,material
Grass (more beautified and maintained),category_organization,Not applicable,29,잔디,0.06896551724137931,Grass (more beautified and maintained),Korean,Not applicable,none of these,not applicable
Grass (more beautified and maintained),count_mass,Can be counted,29,잔디,0.1724137931034483,Grass (more beautified and maintained),Korean,Can be counted,count,can be counted
Grass (more beautified and maintained),count_mass,Cannot be counted,29,잔디,0.6206896551724138,Grass (more beautified and maintained),Korean,Cannot be counted,mass,cannot be counted
Grass (more beautified and maintained),count_mass,I don't know/It's hard to say,29,잔디,0.20689655172413793,Grass (more beautified and maintained),Korean,I don't know/It's hard to say,unknown,i dont knowits hard to say
Grass (more beautified and maintained),solidity,I don't know/It's hard to say,29,잔디,0.2413793103448276,Grass (more beautified and maintained),Korean,I don't know/It's hard to say,unknown,i dont knowits hard to say
Grass (more beautified and maintained),solidity,Not a solid,29,잔디,0.20689655172413793,Grass (more beautified and maintained),Korean,Not a solid,non-solid,not a solid
Grass (more beautified and maintained),solidity,Solid,29,잔디,0.5517241379310345,Grass (more beautified and maintained),Korean,Solid,solid,solid
Grass/weeds (In nature),category_organization,"Color, Material",29,풀,0.10344827586206896,Grass/weeds (In nature),Korean,"Color, Material",multiple,color material
Grass/weeds (In nature),category_organization,Form,29,풀,0.41379310344827586,Grass/weeds (In nature),Korean,Form,shape,form
Grass/weeds (In nature),category_organization,"Form, Color",29,풀,0.1724137931034483,Grass/weeds (In nature),Korean,"Form, Color",multiple,form color
Grass/weeds (In nature),category_organization,"Form, Color, Material",29,풀,0.06896551724137931,Grass/weeds (In nature),Korean,"Form, Color, Material",multiple,form color material
Grass/weeds (In nature),category_organization,"Form, Material",29,풀,0.13793103448275862,Grass/weeds (In nature),Korean,"Form, Material",multiple,form material
Grass/weeds (In nature),category_organization,Material,29,풀,0.06896551724137931,Grass/weeds (In nature),Korean,Material,material,material
Grass/weeds (In nature),category_organization,Not applicable,29,풀,0.03448275862068965,Grass/weeds (In nature),Korean,Not applicable,none of these,not applicable
Grass/weeds (In nature),count_mass,Can be counted,29,풀,0.13793103448275862,Grass/weeds (In nature),Korean,Can be counted,count,can be counted
Grass/weeds (In nature),count_mass,Cannot be counted,29,풀,0.6896551724137931,Grass/weeds (In nature),Korean,Cannot be counted,mass,cannot be counted
Grass/weeds (In nature),count_mass,I don't know/It's hard to say,29,풀,0.1724137931034483,Grass/weeds (In nature),Korean,I don't know/It's hard to say,unknown,i dont knowits hard to say
Grass/weeds (In nature),solidity,I don't know/It's hard to say,29,풀,0.2413793103448276,Grass/weeds (In nature),Korean,I don't know/It's hard to say,unknown,i dont knowits hard to say
Grass/weeds (In nature),solidity,Not a solid,29,풀,0.20689655172413793,Grass/weeds (In nature),Korean,Not a solid,non-solid,not a solid
Grass/weeds (In nature),solidity,Solid,29,풀,0.5517241379310345,Grass/weeds (In nature),Korean,Solid,solid,solid
Ground,category_organization,Color,29,땅,0.03448275862068965,Ground,Korean,Color,color,color
Ground,category_organization,"Color, Material",29,땅,0.03448275862068965,Ground,Korean,"Color, Material",multiple,color material
Ground,category_organization,Form,29,땅,0.4482758620689655,Ground,Korean,Form,shape,form
Ground,category_organization,"Form, Color",29,땅,0.06896551724137931,Ground,Korean,"Form, Color",multiple,form color
Ground,category_organization,"Form, Color, Material",29,땅,0.06896551724137931,Ground,Korean,"Form, Color, Material",multiple,form color material
Ground,category_organization,"Form, Material",29,땅,0.13793103448275862,Ground,Korean,"Form, Material",multiple,form material
Ground,category_organization,Material,29,땅,0.13793103448275862,Ground,Korean,Material,material,material
Ground,category_organization,Not applicable,29,땅,0.06896551724137931,Ground,Korean,Not applicable,none of these,not applicable
Ground,count_mass,Can be counted,29,땅,0.13793103448275862,Ground,Korean,Can be counted,count,can be counted
Ground,count_mass,Cannot be counted,29,땅,0.7241379310344828,Ground,Korean,Cannot be counted,mass,cannot be counted
Ground,count_mass,I don't know/It's hard to say,29,땅,0.13793103448275862,Ground,Korean,I don't know/It's hard to say,unknown,i dont knowits hard to say
Ground,solidity,I don't know/It's hard to say,29,땅,0.1724137931034483,Ground,Korean,I don't know/It's hard to say,unknown,i dont knowits hard to say
Ground,solidity,Not a solid,29,땅,0.1724137931034483,Ground,Korean,Not a solid,non-solid,not a solid
Ground,solidity,Solid,29,땅,0.6551724137931034,Ground,Korean,Solid,solid,solid
Gum,category_organization,Form,29,껌,0.3103448275862069,Gum,Korean,Form,shape,form
Gum,category_organization,"Form, Color",29,껌,0.10344827586206896,Gum,Korean,"Form, Color",multiple,form color
Gum,category_organization,"Form, Material",29,껌,0.3793103448275862,Gum,Korean,"Form, Material",multiple,form material
Gum,category_organization,Material,29,껌,0.1724137931034483,Gum,Korean,Material,material,material
Gum,category_organization,Not applicable,29,껌,0.03448275862068965,Gum,Korean,Not applicable,none of these,not applicable
Gum,count_mass,Can be counted,29,껌,0.8620689655172413,Gum,Korean,Can be counted,count,can be counted
Gum,count_mass,Cannot be counted,29,껌,0.06896551724137931,Gum,Korean,Cannot be counted,mass,cannot be counted
Gum,count_mass,I don't know/It's hard to say,29,껌,0.06896551724137931,Gum,Korean,I don't know/It's hard to say,unknown,i dont knowits hard to say
Gum,solidity,I don't know/It's hard to say,29,껌,0.13793103448275862,Gum,Korean,I don't know/It's hard to say,unknown,i dont knowits hard to say
Gum,solidity,Not a solid,29,껌,0.10344827586206896,Gum,Korean,Not a solid,non-solid,not a solid
Gum,solidity,Solid,29,껌,0.7586206896551724,Gum,Korean,Solid,solid,solid
Gun,category_organization,Color,29,총,0.03448275862068965,Gun,Korean,Color,color,color
Gun,category_organization,Form,29,총,0.5517241379310345,Gun,Korean,Form,shape,form
Gun,category_organization,"Form, Color, Material",29,총,0.06896551724137931,Gun,Korean,"Form, Color, Material",multiple,form color material
Gun,category_organization,"Form, Material",29,총,0.2413793103448276,Gun,Korean,"Form, Material",multiple,form material
Gun,category_organization,Material,29,총,0.06896551724137931,Gun,Korean,Material,material,material
Gun,category_organization,Not applicable,29,총,0.03448275862068965,Gun,Korean,Not applicable,none of these,not applicable
Gun,count_mass,Can be counted,29,총,0.896551724137931,Gun,Korean,Can be counted,count,can be counted
Gun,count_mass,I don't know/It's hard to say,29,총,0.10344827586206896,Gun,Korean,I don't know/It's hard to say,unknown,i dont knowits hard to say
Gun,solidity,I don't know/It's hard to say,29,총,0.034482758620689655,Gun,Korean,I don't know/It's hard to say,unknown,i dont knowits hard to say
Gun,solidity,Solid,29,총,0.9655172413793104,Gun,Korean,Solid,solid,solid
Hair,category_organization,Form,29,머리카락,0.4827586206896552,Hair,Korean,Form,shape,form
Hair,category_organization,"Form, Color",29,머리카락,0.20689655172413793,Hair,Korean,"Form, Color",multiple,form color
Hair,category_organization,"Form, Color, Material",29,머리카락,0.10344827586206896,Hair,Korean,"Form, Color, Material",multiple,form color material
Hair,category_organization,"Form, Material",29,머리카락,0.1724137931034483,Hair,Korean,"Form, Material",multiple,form material
Hair,category_organization,Material,29,머리카락,0.03448275862068965,Hair,Korean,Material,material,material
Hair,count_mass,Can be counted,29,머리카락,0.6896551724137931,Hair,Korean,Can be counted,count,can be counted
Hair,count_mass,Cannot be counted,29,머리카락,0.20689655172413793,Hair,Korean,Cannot be counted,mass,cannot be counted
Hair,count_mass,I don't know/It's hard to say,29,머리카락,0.10344827586206896,Hair,Korean,I don't know/It's hard to say,unknown,i dont knowits hard to say
Hair,solidity,I don't know/It's hard to say,29,머리카락,0.13793103448275862,Hair,Korean,I don't know/It's hard to say,unknown,i dont knowits hard to say
Hair,solidity,Not a solid,29,머리카락,0.20689655172413793,Hair,Korean,Not a solid,non-solid,not a solid
Hair,solidity,Solid,29,머리카락,0.6551724137931034,Hair,Korean,Solid,solid,solid
Hamburger,category_organization,Form,29,햄버거,0.5172413793103449,Hamburger,Korean,Form,shape,form
Hamburger,category_organization,"Form, Color",29,햄버거,0.10344827586206896,Hamburger,Korean,"Form, Color",multiple,form color
Hamburger,category_organization,"Form, Color, Material",29,햄버거,0.06896551724137931,Hamburger,Korean,"Form, Color, Material",multiple,form color material
Hamburger,category_organization,"Form, Color, Not applicable",29,햄버거,0.03448275862068965,Hamburger,Korean,"Form, Color, Not applicable",multiple,form color not applicable
Hamburger,category_organization,"Form, Material",29,햄버거,0.1724137931034483,Hamburger,Korean,"Form, Material",multiple,form material
Hamburger,category_organization,Material,29,햄버거,0.10344827586206896,Hamburger,Korean,Material,material,material
Hamburger,count_mass,Can be counted,29,햄버거,1,Hamburger,Korean,Can be counted,count,can be counted
Hamburger,solidity,I don't know/It's hard to say,29,햄버거,0.1724137931034483,Hamburger,Korean,I don't know/It's hard to say,unknown,i dont knowits hard to say
Hamburger,solidity,Not a solid,29,햄버거,0.10344827586206896,Hamburger,Korean,Not a solid,non-solid,not a solid
Hamburger,solidity,Solid,29,햄버거,0.7241379310344828,Hamburger,Korean,Solid,solid,solid
Hammer,category_organization,Color,29,망치,0.03448275862068965,Hammer,Korean,Color,color,color
Hammer,category_organization,Form,29,망치,0.7241379310344828,Hammer,Korean,Form,shape,form
Hammer,category_organization,"Form, Color",29,망치,0.03448275862068965,Hammer,Korean,"Form, Color",multiple,form color
Hammer,category_organization,"Form, Material",29,망치,0.1724137931034483,Hammer,Korean,"Form, Material",multiple,form material
Hammer,category_organization,Material,29,망치,0.03448275862068965,Hammer,Korean,Material,material,material
Hammer,count_mass,Can be counted,29,망치,1,Hammer,Korean,Can be counted,count,can be counted
Hammer,solidity,I don't know/It's hard to say,29,망치,0.034482758620689655,Hammer,Korean,I don't know/It's hard to say,unknown,i dont knowits hard to say
Hammer,solidity,Solid,29,망치,0.9655172413793104,Hammer,Korean,Solid,solid,solid
Hand,category_organization,Form,29,손,0.8275862068965517,Hand,Korean,Form,shape,form
Hand,category_organization,"Form, Color",29,손,0.03448275862068965,Hand,Korean,"Form, Color",multiple,form color
Hand,category_organization,"Form, Material",29,손,0.10344827586206896,Hand,Korean,"Form, Material",multiple,form material
Hand,category_organization,Material,29,손,0.03448275862068965,Hand,Korean,Material,material,material
Hand,count_mass,Can be counted,29,손,1,Hand,Korean,Can be counted,count,can be counted
Hand,solidity,I don't know/It's hard to say,29,손,0.20689655172413793,Hand,Korean,I don't know/It's hard to say,unknown,i dont knowits hard to say
Hand,solidity,Not a solid,29,손,0.10344827586206896,Hand,Korean,Not a solid,non-solid,not a solid
Hand,solidity,Solid,29,손,0.6896551724137931,Hand,Korean,Solid,solid,solid
Hat,category_organization,Color,29,모자,0.03448275862068965,Hat,Korean,Color,color,color
Hat,category_organization,Form,29,모자,0.6206896551724138,Hat,Korean,Form,shape,form
Hat,category_organization,"Form, Color",29,모자,0.03448275862068965,Hat,Korean,"Form, Color",multiple,form color
Hat,category_organization,"Form, Color, Material",29,모자,0.10344827586206896,Hat,Korean,"Form, Color, Material",multiple,form color material
Hat,category_organization,"Form, Material",29,모자,0.13793103448275862,Hat,Korean,"Form, Material",multiple,form material
Hat,category_organization,Material,29,모자,0.06896551724137931,Hat,Korean,Material,material,material
Hat,count_mass,Can be counted,29,모자,1,Hat,Korean,Can be counted,count,can be counted
Hat,solidity,I don't know/It's hard to say,29,모자,0.06896551724137931,Hat,Korean,I don't know/It's hard to say,unknown,i dont knowits hard to say
Hat,solidity,Not a solid,29,모자,0.034482758620689655,Hat,Korean,Not a solid,non-solid,not a solid
Hat,solidity,Solid,29,모자,0.896551724137931,Hat,Korean,Solid,solid,solid
Head,category_organization,Form,29,머리,0.8275862068965517,Head,Korean,Form,shape,form
Head,category_organization,"Form, Color, Material",29,머리,0.03448275862068965,Head,Korean,"Form, Color, Material",multiple,form color material
Head,category_organization,"Form, Material",29,머리,0.10344827586206896,Head,Korean,"Form, Material",multiple,form material
Head,category_organization,Material,29,머리,0.03448275862068965,Head,Korean,Material,material,material
Head,count_mass,Can be counted,29,머리,0.9655172413793104,Head,Korean,Can be counted,count,can be counted
Head,count_mass,I don't know/It's hard to say,29,머리,0.034482758620689655,Head,Korean,I don't know/It's hard to say,unknown,i dont knowits hard to say
Head,solidity,I don't know/It's hard to say,29,머리,0.1724137931034483,Head,Korean,I don't know/It's hard to say,unknown,i dont knowits hard to say
Head,solidity,Not a solid,29,머리,0.10344827586206896,Head,Korean,Not a solid,non-solid,not a solid
Head,solidity,Solid,29,머리,0.7241379310344828,Head,Korean,Solid,solid,solid
Helipcopter,category_organization,Form,28,헬리콥터,0.6428571428571429,Helipcopter,Korean,Form,shape,form
Helipcopter,category_organization,"Form, Color, Material",28,헬리콥터,0.03571428571428571,Helipcopter,Korean,"Form, Color, Material",multiple,form color material
Helipcopter,category_organization,"Form, Material",28,헬리콥터,0.25,Helipcopter,Korean,"Form, Material",multiple,form material
Helipcopter,category_organization,Material,28,헬리콥터,0.07142857142857142,Helipcopter,Korean,Material,material,material
Helipcopter,count_mass,Can be counted,29,헬리콥터,0.9310344827586207,Helipcopter,Korean,Can be counted,count,can be counted
Helipcopter,count_mass,Cannot be counted,29,헬리콥터,0.034482758620689655,Helipcopter,Korean,Cannot be counted,mass,cannot be counted
Helipcopter,count_mass,I don't know/It's hard to say,29,헬리콥터,0.034482758620689655,Helipcopter,Korean,I don't know/It's hard to say,unknown,i dont knowits hard to say
Helipcopter,solidity,I don't know/It's hard to say,29,헬리콥터,0.034482758620689655,Helipcopter,Korean,I don't know/It's hard to say,unknown,i dont knowits hard to say
Helipcopter,solidity,Solid,29,헬리콥터,0.9655172413793104,Helipcopter,Korean,Solid,solid,solid
Hippopotamus,category_organization,Form,29,하마,0.7586206896551724,Hippopotamus,Korean,Form,shape,form
Hippopotamus,category_organization,"Form, Color",29,하마,0.03448275862068965,Hippopotamus,Korean,"Form, Color",multiple,form color
Hippopotamus,category_organization,"Form, Color, Material",29,하마,0.06896551724137931,Hippopotamus,Korean,"Form, Color, Material",multiple,form color material
Hippopotamus,category_organization,"Form, Material",29,하마,0.10344827586206896,Hippopotamus,Korean,"Form, Material",multiple,form material
Hippopotamus,category_organization,Material,29,하마,0.03448275862068965,Hippopotamus,Korean,Material,material,material
Hippopotamus,count_mass,Can be counted,29,하마,0.9655172413793104,Hippopotamus,Korean,Can be counted,count,can be counted
Hippopotamus,count_mass,I don't know/It's hard to say,29,하마,0.034482758620689655,Hippopotamus,Korean,I don't know/It's hard to say,unknown,i dont knowits hard to say
Hippopotamus,solidity,I don't know/It's hard to say,29,하마,0.2413793103448276,Hippopotamus,Korean,I don't know/It's hard to say,unknown,i dont knowits hard to say
Hippopotamus,solidity,Not a solid,29,하마,0.10344827586206896,Hippopotamus,Korean,Not a solid,non-solid,not a solid
Hippopotamus,solidity,Solid,29,하마,0.6551724137931034,Hippopotamus,Korean,Solid,solid,solid
Horse,category_organization,Form,29,말,0.6551724137931034,Horse,Korean,Form,shape,form
Horse,category_organization,"Form, Color",29,말,0.06896551724137931,Horse,Korean,"Form, Color",multiple,form color
Horse,category_organization,"Form, Color, Material",29,말,0.13793103448275862,Horse,Korean,"Form, Color, Material",multiple,form color material
Horse,category_organization,"Form, Material",29,말,0.10344827586206896,Horse,Korean,"Form, Material",multiple,form material
Horse,category_organization,Material,29,말,0.03448275862068965,Horse,Korean,Material,material,material
Horse,count_mass,Can be counted,29,말,1,Horse,Korean,Can be counted,count,can be counted
Horse,solidity,I don't know/It's hard to say,29,말,0.2413793103448276,Horse,Korean,I don't know/It's hard to say,unknown,i dont knowits hard to say
Horse,solidity,Not a solid,29,말,0.10344827586206896,Horse,Korean,Not a solid,non-solid,not a solid
Horse,solidity,Solid,29,말,0.6551724137931034,Horse,Korean,Solid,solid,solid
Hot Dog,category_organization,Color,29,핫도그,0.03448275862068965,Hot Dog,Korean,Color,color,color
Hot Dog,category_organization,Form,29,핫도그,0.5172413793103449,Hot Dog,Korean,Form,shape,form
Hot Dog,category_organization,"Form, Color",29,핫도그,0.06896551724137931,Hot Dog,Korean,"Form, Color",multiple,form color
Hot Dog,category_organization,"Form, Color, Material",29,핫도그,0.13793103448275862,Hot Dog,Korean,"Form, Color, Material",multiple,form color material
Hot Dog,category_organization,"Form, Material",29,핫도그,0.13793103448275862,Hot Dog,Korean,"Form, Material",multiple,form material
Hot Dog,category_organization,Material,29,핫도그,0.06896551724137931,Hot Dog,Korean,Material,material,material
Hot Dog,category_organization,"Material, Not applicable",29,핫도그,0.03448275862068965,Hot Dog,Korean,"Material, Not applicable",multiple,material not applicable
Hot Dog,count_mass,Can be counted,29,핫도그,1,Hot Dog,Korean,Can be counted,count,can be counted
Hot Dog,solidity,I don't know/It's hard to say,29,핫도그,0.1724137931034483,Hot Dog,Korean,I don't know/It's hard to say,unknown,i dont knowits hard to say
Hot Dog,solidity,Not a solid,29,핫도그,0.10344827586206896,Hot Dog,Korean,Not a solid,non-solid,not a solid
Hot Dog,solidity,Solid,29,핫도그,0.7241379310344828,Hot Dog,Korean,Solid,solid,solid
Hotteok (Korean Pancake),category_organization,Color,29,호떡,0.03448275862068965,Hotteok (Korean Pancake),Korean,Color,color,color
Hotteok (Korean Pancake),category_organization,Form,29,호떡,0.5172413793103449,Hotteok (Korean Pancake),Korean,Form,shape,form
Hotteok (Korean Pancake),category_organization,"Form, Color",29,호떡,0.06896551724137931,Hotteok (Korean Pancake),Korean,"Form, Color",multiple,form color
Hotteok (Korean Pancake),category_organization,"Form, Color, Material",29,호떡,0.10344827586206896,Hotteok (Korean Pancake),Korean,"Form, Color, Material",multiple,form color material
Hotteok (Korean Pancake),category_organization,"Form, Material",29,호떡,0.1724137931034483,Hotteok (Korean Pancake),Korean,"Form, Material",multiple,form material
Hotteok (Korean Pancake),category_organization,Material,29,호떡,0.10344827586206896,Hotteok (Korean Pancake),Korean,Material,material,material
Hotteok (Korean Pancake),count_mass,Can be counted,29,호떡,1,Hotteok (Korean Pancake),Korean,Can be counted,count,can be counted
Hotteok (Korean Pancake),solidity,I don't know/It's hard to say,29,호떡,0.1724137931034483,Hotteok (Korean Pancake),Korean,I don't know/It's hard to say,unknown,i dont knowits hard to say
Hotteok (Korean Pancake),solidity,Not a solid,29,호떡,0.10344827586206896,Hotteok (Korean Pancake),Korean,Not a solid,non-solid,not a solid
Hotteok (Korean Pancake),solidity,Solid,29,호떡,0.7241379310344828,Hotteok (Korean Pancake),Korean,Solid,solid,solid
Ice,category_organization,"Color, Material",29,얼음,0.03448275862068965,Ice,Korean,"Color, Material",multiple,color material
Ice,category_organization,Form,29,얼음,0.3793103448275862,Ice,Korean,Form,shape,form
Ice,category_organization,"Form, Material",29,얼음,0.3103448275862069,Ice,Korean,"Form, Material",multiple,form material
Ice,category_organization,Material,29,얼음,0.1724137931034483,Ice,Korean,Material,material,material
Ice,category_organization,Not applicable,29,얼음,0.10344827586206896,Ice,Korean,Not applicable,none of these,not applicable
Ice,count_mass,Can be counted,29,얼음,0.6551724137931034,Ice,Korean,Can be counted,count,can be counted
Ice,count_mass,Cannot be counted,29,얼음,0.1724137931034483,Ice,Korean,Cannot be counted,mass,cannot be counted
Ice,count_mass,I don't know/It's hard to say,29,얼음,0.1724137931034483,Ice,Korean,I don't know/It's hard to say,unknown,i dont knowits hard to say
Ice,solidity,I don't know/It's hard to say,29,얼음,0.13793103448275862,Ice,Korean,I don't know/It's hard to say,unknown,i dont knowits hard to say
Ice,solidity,Not a solid,29,얼음,0.20689655172413793,Ice,Korean,Not a solid,non-solid,not a solid
Ice,solidity,Solid,29,얼음,0.6551724137931034,Ice,Korean,Solid,solid,solid
Ice Cream,category_organization,Form,29,아이스크림,0.41379310344827586,Ice Cream,Korean,Form,shape,form
Ice Cream,category_organization,"Form, Color",29,아이스크림,0.03448275862068965,Ice Cream,Korean,"Form, Color",multiple,form color
Ice Cream,category_organization,"Form, Color, Material",29,아이스크림,0.13793103448275862,Ice Cream,Korean,"Form, Color, Material",multiple,form color material
Ice Cream,category_organization,"Form, Material",29,아이스크림,0.2413793103448276,Ice Cream,Korean,"Form, Material",multiple,form material
Ice Cream,category_organization,Material,29,아이스크림,0.1724137931034483,Ice Cream,Korean,Material,material,material
Ice Cream,count_mass,Can be counted,29,아이스크림,0.8275862068965517,Ice Cream,Korean,Can be counted,count,can be counted
Ice Cream,count_mass,Cannot be counted,29,아이스크림,0.034482758620689655,Ice Cream,Korean,Cannot be counted,mass,cannot be counted
Ice Cream,count_mass,I don't know/It's hard to say,29,아이스크림,0.13793103448275862,Ice Cream,Korean,I don't know/It's hard to say,unknown,i dont knowits hard to say
Ice Cream,solidity,I don't know/It's hard to say,29,아이스크림,0.3793103448275862,Ice Cream,Korean,I don't know/It's hard to say,unknown,i dont knowits hard to say
Ice Cream,solidity,Not a solid,29,아이스크림,0.3448275862068966,Ice Cream,Korean,Not a solid,non-solid,not a solid
Ice Cream,solidity,Solid,29,아이스크림,0.27586206896551724,Ice Cream,Korean,Solid,solid,solid
Jacket,category_organization,Form,29,잠바,0.5862068965517241,Jacket,Korean,Form,shape,form
Jacket,category_organization,"Form, Color",29,잠바,0.10344827586206896,Jacket,Korean,"Form, Color",multiple,form color
Jacket,category_organization,"Form, Color, Material",29,잠바,0.13793103448275862,Jacket,Korean,"Form, Color, Material",multiple,form color material
Jacket,category_organization,"Form, Material",29,잠바,0.10344827586206896,Jacket,Korean,"Form, Material",multiple,form material
Jacket,category_organization,Material,29,잠바,0.06896551724137931,Jacket,Korean,Material,material,material
Jacket,count_mass,Can be counted,29,잠바,1,Jacket,Korean,Can be counted,count,can be counted
Jacket,solidity,I don't know/It's hard to say,29,잠바,0.10344827586206896,Jacket,Korean,I don't know/It's hard to say,unknown,i dont knowits hard to say
Jacket,solidity,Not a solid,29,잠바,0.034482758620689655,Jacket,Korean,Not a solid,non-solid,not a solid
Jacket,solidity,Solid,29,잠바,0.8620689655172413,Jacket,Korean,Solid,solid,solid
Juice,category_organization,Color,29,주스,0.10344827586206896,Juice,Korean,Color,color,color
Juice,category_organization,"Color, Material",29,주스,0.10344827586206896,Juice,Korean,"Color, Material",multiple,color material
Juice,category_organization,Form,29,주스,0.1724137931034483,Juice,Korean,Form,shape,form
Juice,category_organization,"Form, Color, Material",29,주스,0.13793103448275862,Juice,Korean,"Form, Color, Material",multiple,form color material
Juice,category_organization,"Form, Material",29,주스,0.1724137931034483,Juice,Korean,"Form, Material",multiple,form material
Juice,category_organization,Material,29,주스,0.3103448275862069,Juice,Korean,Material,material,material
Juice,count_mass,Can be counted,29,주스,0.5517241379310345,Juice,Korean,Can be counted,count,can be counted
Juice,count_mass,Cannot be counted,29,주스,0.1724137931034483,Juice,Korean,Cannot be counted,mass,cannot be counted
Juice,count_mass,I don't know/It's hard to say,29,주스,0.27586206896551724,Juice,Korean,I don't know/It's hard to say,unknown,i dont knowits hard to say
Juice,solidity,I don't know/It's hard to say,29,주스,0.06896551724137931,Juice,Korean,I don't know/It's hard to say,unknown,i dont knowits hard to say
Juice,solidity,Not a solid,29,주스,0.8620689655172413,Juice,Korean,Not a solid,non-solid,not a solid
Juice,solidity,Solid,29,주스,0.06896551724137931,Juice,Korean,Solid,solid,solid
Key,category_organization,"Color, Material",29,열쇠,0.03448275862068965,Key,Korean,"Color, Material",multiple,color material
Key,category_organization,Form,29,열쇠,0.5862068965517241,Key,Korean,Form,shape,form
Key,category_organization,"Form, Color, Material",29,열쇠,0.13793103448275862,Key,Korean,"Form, Color, Material",multiple,form color material
Key,category_organization,"Form, Material",29,열쇠,0.20689655172413793,Key,Korean,"Form, Material",multiple,form material
Key,category_organization,Material,29,열쇠,0.03448275862068965,Key,Korean,Material,material,material
Key,count_mass,Can be counted,29,열쇠,1,Key,Korean,Can be counted,count,can be counted
Key,solidity,I don't know/It's hard to say,29,열쇠,0.034482758620689655,Key,Korean,I don't know/It's hard to say,unknown,i dont knowits hard to say
Key,solidity,Solid,29,열쇠,0.9655172413793104,Key,Korean,Solid,solid,solid
Kimchi,category_organization,Form,29,김치,0.4827586206896552,Kimchi,Korean,Form,shape,form
Kimchi,category_organization,"Form, Color",29,김치,0.10344827586206896,Kimchi,Korean,"Form, Color",multiple,form color
Kimchi,category_organization,"Form, Color, Material",29,김치,0.20689655172413793,Kimchi,Korean,"Form, Color, Material",multiple,form color material
Kimchi,category_organization,"Form, Material",29,김치,0.10344827586206896,Kimchi,Korean,"Form, Material",multiple,form material
Kimchi,category_organization,Material,29,김치,0.10344827586206896,Kimchi,Korean,Material,material,material
Kimchi,count_mass,Can be counted,29,김치,0.7241379310344828,Kimchi,Korean,Can be counted,count,can be counted
Kimchi,count_mass,Cannot be counted,29,김치,0.10344827586206896,Kimchi,Korean,Cannot be counted,mass,cannot be counted
Kimchi,count_mass,I don't know/It's hard to say,29,김치,0.1724137931034483,Kimchi,Korean,I don't know/It's hard to say,unknown,i dont knowits hard to say
Kimchi,solidity,I don't know/It's hard to say,29,김치,0.2413793103448276,Kimchi,Korean,I don't know/It's hard to say,unknown,i dont knowits hard to say
Kimchi,solidity,Not a solid,29,김치,0.10344827586206896,Kimchi,Korean,Not a solid,non-solid,not a solid
Kimchi,solidity,Solid,29,김치,0.6551724137931034,Kimchi,Korean,Solid,solid,solid
Kitchen,category_organization,Form,29,부엌,0.6896551724137931,Kitchen,Korean,Form,shape,form
Kitchen,category_organization,"Form, Color, Material",29,부엌,0.03448275862068965,Kitchen,Korean,"Form, Color, Material",multiple,form color material
Kitchen,category_organization,"Form, Material",29,부엌,0.13793103448275862,Kitchen,Korean,"Form, Material",multiple,form material
Kitchen,category_organization,Material,29,부엌,0.03448275862068965,Kitchen,Korean,Material,material,material
Kitchen,category_organization,Not applicable,29,부엌,0.10344827586206896,Kitchen,Korean,Not applicable,none of these,not applicable
Kitchen,count_mass,Can be counted,29,부엌,0.7586206896551724,Kitchen,Korean,Can be counted,count,can be counted
Kitchen,count_mass,Cannot be counted,29,부엌,0.13793103448275862,Kitchen,Korean,Cannot be counted,mass,cannot be counted
Kitchen,count_mass,I don't know/It's hard to say,29,부엌,0.10344827586206896,Kitchen,Korean,I don't know/It's hard to say,unknown,i dont knowits hard to say
Kitchen,solidity,I don't know/It's hard to say,29,부엌,0.27586206896551724,Kitchen,Korean,I don't know/It's hard to say,unknown,i dont knowits hard to say
Kitchen,solidity,Not a solid,29,부엌,0.10344827586206896,Kitchen,Korean,Not a solid,non-solid,not a solid
Kitchen,solidity,Solid,29,부엌,0.6206896551724138,Kitchen,Korean,Solid,solid,solid
Knee,category_organization,Form,29,무릎,0.8275862068965517,Knee,Korean,Form,shape,form
Knee,category_organization,"Form, Color",29,무릎,0.03448275862068965,Knee,Korean,"Form, Color",multiple,form color
Knee,category_organization,"Form, Material",29,무릎,0.10344827586206896,Knee,Korean,"Form, Material",multiple,form material
Knee,category_organization,Material,29,무릎,0.03448275862068965,Knee,Korean,Material,material,material
Knee,count_mass,Can be counted,29,무릎,0.9310344827586207,Knee,Korean,Can be counted,count,can be counted
Knee,count_mass,Cannot be counted,29,무릎,0.034482758620689655,Knee,Korean,Cannot be counted,mass,cannot be counted
Knee,count_mass,I don't know/It's hard to say,29,무릎,0.034482758620689655,Knee,Korean,I don't know/It's hard to say,unknown,i dont knowits hard to say
Knee,solidity,I don't know/It's hard to say,29,무릎,0.27586206896551724,Knee,Korean,I don't know/It's hard to say,unknown,i dont knowits hard to say
Knee,solidity,Not a solid,29,무릎,0.10344827586206896,Knee,Korean,Not a solid,non-solid,not a solid
Knee,solidity,Solid,29,무릎,0.6206896551724138,Knee,Korean,Solid,solid,solid
Knife,category_organization,Form,29,칼,0.6896551724137931,Knife,Korean,Form,shape,form
Knife,category_organization,"Form, Color, Material",29,칼,0.06896551724137931,Knife,Korean,"Form, Color, Material",multiple,form color material
Knife,category_organization,"Form, Material",29,칼,0.13793103448275862,Knife,Korean,"Form, Material",multiple,form material
Knife,category_organization,Material,29,칼,0.10344827586206896,Knife,Korean,Material,material,material
Knife,count_mass,Can be counted,29,칼,1,Knife,Korean,Can be counted,count,can be counted
Knife,solidity,I don't know/It's hard to say,29,칼,0.034482758620689655,Knife,Korean,I don't know/It's hard to say,unknown,i dont knowits hard to say
Knife,solidity,Solid,29,칼,0.9655172413793104,Knife,Korean,Solid,solid,solid
Ladder,category_organization,Color,29,사다리,0.03448275862068965,Ladder,Korean,Color,color,color
Ladder,category_organization,Form,29,사다리,0.6551724137931034,Ladder,Korean,Form,shape,form
Ladder,category_organization,"Form, Color, Material",29,사다리,0.06896551724137931,Ladder,Korean,"Form, Color, Material",multiple,form color material
Ladder,category_organization,"Form, Material",29,사다리,0.1724137931034483,Ladder,Korean,"Form, Material",multiple,form material
Ladder,category_organization,Material,29,사다리,0.06896551724137931,Ladder,Korean,Material,material,material
Ladder,count_mass,Can be counted,29,사다리,0.9310344827586207,Ladder,Korean,Can be counted,count,can be counted
Ladder,count_mass,I don't know/It's hard to say,29,사다리,0.06896551724137931,Ladder,Korean,I don't know/It's hard to say,unknown,i dont knowits hard to say
Ladder,solidity,I don't know/It's hard to say,29,사다리,0.034482758620689655,Ladder,Korean,I don't know/It's hard to say,unknown,i dont knowits hard to say
Ladder,solidity,Solid,29,사다리,0.9655172413793104,Ladder,Korean,Solid,solid,solid
Laundry Machine/Washer,category_organization,Form,29,세탁기,0.6896551724137931,Laundry Machine/Washer,Korean,Form,shape,form
Laundry Machine/Washer,category_organization,"Form, Color, Material",29,세탁기,0.06896551724137931,Laundry Machine/Washer,Korean,"Form, Color, Material",multiple,form color material
Laundry Machine/Washer,category_organization,"Form, Material",29,세탁기,0.20689655172413793,Laundry Machine/Washer,Korean,"Form, Material",multiple,form material
Laundry Machine/Washer,category_organization,Material,29,세탁기,0.03448275862068965,Laundry Machine/Washer,Korean,Material,material,material
Laundry Machine/Washer,count_mass,Can be counted,29,세탁기,1,Laundry Machine/Washer,Korean,Can be counted,count,can be counted
Laundry Machine/Washer,solidity,I don't know/It's hard to say,29,세탁기,0.034482758620689655,Laundry Machine/Washer,Korean,I don't know/It's hard to say,unknown,i dont knowits hard to say
Laundry Machine/Washer,solidity,Solid,29,세탁기,0.9655172413793104,Laundry Machine/Washer,Korean,Solid,solid,solid
Leg,category_organization,Form,29,다리,0.8275862068965517,Leg,Korean,Form,shape,form
Leg,category_organization,"Form, Color",29,다리,0.03448275862068965,Leg,Korean,"Form, Color",multiple,form color
Leg,category_organization,"Form, Material",29,다리,0.10344827586206896,Leg,Korean,"Form, Material",multiple,form material
Leg,category_organization,Material,29,다리,0.03448275862068965,Leg,Korean,Material,material,material
Leg,count_mass,Can be counted,29,다리,0.9310344827586207,Leg,Korean,Can be counted,count,can be counted
Leg,count_mass,Cannot be counted,29,다리,0.034482758620689655,Leg,Korean,Cannot be counted,mass,cannot be counted
Leg,count_mass,I don't know/It's hard to say,29,다리,0.034482758620689655,Leg,Korean,I don't know/It's hard to say,unknown,i dont knowits hard to say
Leg,solidity,I don't know/It's hard to say,29,다리,0.1724137931034483,Leg,Korean,I don't know/It's hard to say,unknown,i dont knowits hard to say
Leg,solidity,Not a solid,29,다리,0.10344827586206896,Leg,Korean,Not a solid,non-solid,not a solid
Leg,solidity,Solid,29,다리,0.7241379310344828,Leg,Korean,Solid,solid,solid
Lion,category_organization,Form,29,사자,0.6896551724137931,Lion,Korean,Form,shape,form
Lion,category_organization,"Form, Color",29,사자,0.10344827586206896,Lion,Korean,"Form, Color",multiple,form color
Lion,category_organization,"Form, Color, Material",29,사자,0.10344827586206896,Lion,Korean,"Form, Color, Material",multiple,form color material
Lion,category_organization,"Form, Material",29,사자,0.06896551724137931,Lion,Korean,"Form, Material",multiple,form material
Lion,category_organization,Material,29,사자,0.03448275862068965,Lion,Korean,Material,material,material
Lion,count_mass,Can be counted,29,사자,1,Lion,Korean,Can be counted,count,can be counted
Lion,solidity,I don't know/It's hard to say,29,사자,0.2413793103448276,Lion,Korean,I don't know/It's hard to say,unknown,i dont knowits hard to say
Lion,solidity,Not a solid,29,사자,0.10344827586206896,Lion,Korean,Not a solid,non-solid,not a solid
Lion,solidity,Solid,29,사자,0.6551724137931034,Lion,Korean,Solid,solid,solid
Lips,category_organization,Form,29,입술,0.5172413793103449,Lips,Korean,Form,shape,form
Lips,category_organization,"Form, Color",29,입술,0.27586206896551724,Lips,Korean,"Form, Color",multiple,form color
Lips,category_organization,"Form, Color, Material",29,입술,0.10344827586206896,Lips,Korean,"Form, Color, Material",multiple,form color material
Lips,category_organization,"Form, Material",29,입술,0.06896551724137931,Lips,Korean,"Form, Material",multiple,form material
Lips,category_organization,Material,29,입술,0.03448275862068965,Lips,Korean,Material,material,material
Lips,count_mass,Can be counted,29,입술,0.9655172413793104,Lips,Korean,Can be counted,count,can be counted
Lips,count_mass,I don't know/It's hard to say,29,입술,0.034482758620689655,Lips,Korean,I don't know/It's hard to say,unknown,i dont knowits hard to say
Lips,solidity,I don't know/It's hard to say,29,입술,0.27586206896551724,Lips,Korean,I don't know/It's hard to say,unknown,i dont knowits hard to say
Lips,solidity,Not a solid,29,입술,0.10344827586206896,Lips,Korean,Not a solid,non-solid,not a solid
Lips,solidity,Solid,29,입술,0.6206896551724138,Lips,Korean,Solid,solid,solid
Meat,category_organization,"Color, Material",29,고기,0.06896551724137931,Meat,Korean,"Color, Material",multiple,color material
Meat,category_organization,Form,29,고기,0.41379310344827586,Meat,Korean,Form,shape,form
Meat,category_organization,"Form, Color",29,고기,0.1724137931034483,Meat,Korean,"Form, Color",multiple,form color
Meat,category_organization,"Form, Color, Material",29,고기,0.10344827586206896,Meat,Korean,"Form, Color, Material",multiple,form color material
Meat,category_organization,"Form, Material",29,고기,0.10344827586206896,Meat,Korean,"Form, Material",multiple,form material
Meat,category_organization,Material,29,고기,0.13793103448275862,Meat,Korean,Material,material,material
Meat,count_mass,Can be counted,29,고기,0.5862068965517241,Meat,Korean,Can be counted,count,can be counted
Meat,count_mass,Cannot be counted,29,고기,0.1724137931034483,Meat,Korean,Cannot be counted,mass,cannot be counted
Meat,count_mass,I don't know/It's hard to say,29,고기,0.2413793103448276,Meat,Korean,I don't know/It's hard to say,unknown,i dont knowits hard to say
Meat,solidity,I don't know/It's hard to say,29,고기,0.10344827586206896,Meat,Korean,I don't know/It's hard to say,unknown,i dont knowits hard to say
Meat,solidity,Not a solid,29,고기,0.1724137931034483,Meat,Korean,Not a solid,non-solid,not a solid
Meat,solidity,Solid,29,고기,0.7241379310344828,Meat,Korean,Solid,solid,solid
Medicine,category_organization,"Color, Material",29,약,0.03448275862068965,Medicine,Korean,"Color, Material",multiple,color material
Medicine,category_organization,Form,29,약,0.3793103448275862,Medicine,Korean,Form,shape,form
Medicine,category_organization,"Form, Color",29,약,0.06896551724137931,Medicine,Korean,"Form, Color",multiple,form color
Medicine,category_organization,"Form, Color, Material",29,약,0.10344827586206896,Medicine,Korean,"Form, Color, Material",multiple,form color material
Medicine,category_organization,"Form, Material",29,약,0.20689655172413793,Medicine,Korean,"Form, Material",multiple,form material
Medicine,category_organization,Material,29,약,0.1724137931034483,Medicine,Korean,Material,material,material
Medicine,category_organization,Not applicable,29,약,0.03448275862068965,Medicine,Korean,Not applicable,none of these,not applicable
Medicine,count_mass,Can be counted,29,약,0.7931034482758621,Medicine,Korean,Can be counted,count,can be counted
Medicine,count_mass,Cannot be counted,29,약,0.13793103448275862,Medicine,Korean,Cannot be counted,mass,cannot be counted
Medicine,count_mass,I don't know/It's hard to say,29,약,0.06896551724137931,Medicine,Korean,I don't know/It's hard to say,unknown,i dont knowits hard to say
Medicine,solidity,I don't know/It's hard to say,29,약,0.4827586206896552,Medicine,Korean,I don't know/It's hard to say,unknown,i dont knowits hard to say
Medicine,solidity,Not a solid,29,약,0.10344827586206896,Medicine,Korean,Not a solid,non-solid,not a solid
Medicine,solidity,Solid,29,약,0.41379310344827586,Medicine,Korean,Solid,solid,solid
Melon,category_organization,Form,29,메론,0.4482758620689655,Melon,Korean,Form,shape,form
Melon,category_organization,"Form, Color",29,메론,0.1724137931034483,Melon,Korean,"Form, Color",multiple,form color
Melon,category_organization,"Form, Color, Material",29,메론,0.20689655172413793,Melon,Korean,"Form, Color, Material",multiple,form color material
Melon,category_organization,"Form, Material",29,메론,0.06896551724137931,Melon,Korean,"Form, Material",multiple,form material
Melon,category_organization,Material,29,메론,0.06896551724137931,Melon,Korean,Material,material,material
Melon,category_organization,Not applicable,29,메론,0.03448275862068965,Melon,Korean,Not applicable,none of these,not applicable
Melon,count_mass,Can be counted,29,메론,1,Melon,Korean,Can be counted,count,can be counted
Melon,solidity,I don't know/It's hard to say,29,메론,0.10344827586206896,Melon,Korean,I don't know/It's hard to say,unknown,i dont knowits hard to say
Melon,solidity,Not a solid,29,메론,0.06896551724137931,Melon,Korean,Not a solid,non-solid,not a solid
Melon,solidity,Solid,29,메론,0.8275862068965517,Melon,Korean,Solid,solid,solid
Microwave,category_organization,Form,29,전자레인지,0.6896551724137931,Microwave,Korean,Form,shape,form
Microwave,category_organization,"Form, Color",29,전자레인지,0.03448275862068965,Microwave,Korean,"Form, Color",multiple,form color
Microwave,category_organization,"Form, Color, Material",29,전자레인지,0.03448275862068965,Microwave,Korean,"Form, Color, Material",multiple,form color material
Microwave,category_organization,"Form, Material",29,전자레인지,0.20689655172413793,Microwave,Korean,"Form, Material",multiple,form material
Microwave,category_organization,Material,29,전자레인지,0.03448275862068965,Microwave,Korean,Material,material,material
Microwave,count_mass,Can be counted,29,전자레인지,1,Microwave,Korean,Can be counted,count,can be counted
Microwave,solidity,I don't know/It's hard to say,29,전자레인지,0.034482758620689655,Microwave,Korean,I don't know/It's hard to say,unknown,i dont knowits hard to say
Microwave,solidity,Solid,29,전자레인지,0.9655172413793104,Microwave,Korean,Solid,solid,solid
Milk,category_organization,"Color, Material",29,우유,0.13793103448275862,Milk,Korean,"Color, Material",multiple,color material
Milk,category_organization,Form,29,우유,0.1724137931034483,Milk,Korean,Form,shape,form
Milk,category_organization,"Form, Color",29,우유,0.06896551724137931,Milk,Korean,"Form, Color",multiple,form color
Milk,category_organization,"Form, Color, Material",29,우유,0.06896551724137931,Milk,Korean,"Form, Color, Material",multiple,form color material
Milk,category_organization,"Form, Material",29,우유,0.27586206896551724,Milk,Korean,"Form, Material",multiple,form material
Milk,category_organization,Material,29,우유,0.2413793103448276,Milk,Korean,Material,material,material
Milk,category_organization,Not applicable,29,우유,0.03448275862068965,Milk,Korean,Not applicable,none of these,not applicable
Milk,count_mass,Can be counted,29,우유,0.6551724137931034,Milk,Korean,Can be counted,count,can be counted
Milk,count_mass,Cannot be counted,29,우유,0.1724137931034483,Milk,Korean,Cannot be counted,mass,cannot be counted
Milk,count_mass,I don't know/It's hard to say,29,우유,0.1724137931034483,Milk,Korean,I don't know/It's hard to say,unknown,i dont knowits hard to say
Milk,solidity,I don't know/It's hard to say,29,우유,0.10344827586206896,Milk,Korean,I don't know/It's hard to say,unknown,i dont knowits hard to say
Milk,solidity,Not a solid,29,우유,0.8275862068965517,Milk,Korean,Not a solid,non-solid,not a solid
Milk,solidity,Solid,29,우유,0.06896551724137931,Milk,Korean,Solid,solid,solid
Money,category_organization,"Color, Material",29,돈,0.03448275862068965,Money,Korean,"Color, Material",multiple,color material
Money,category_organization,Form,29,돈,0.5172413793103449,Money,Korean,Form,shape,form
Money,category_organization,"Form, Color",29,돈,0.06896551724137931,Money,Korean,"Form, Color",multiple,form color
Money,category_organization,"Form, Color, Material",29,돈,0.10344827586206896,Money,Korean,"Form, Color, Material",multiple,form color material
Money,category_organization,"Form, Material",29,돈,0.1724137931034483,Money,Korean,"Form, Material",multiple,form material
Money,category_organization,Material,29,돈,0.03448275862068965,Money,Korean,Material,material,material
Money,category_organization,Not applicable,29,돈,0.06896551724137931,Money,Korean,Not applicable,none of these,not applicable
Money,count_mass,Can be counted,29,돈,0.7931034482758621,Money,Korean,Can be counted,count,can be counted
Money,count_mass,Cannot be counted,29,돈,0.06896551724137931,Money,Korean,Cannot be counted,mass,cannot be counted
Money,count_mass,I don't know/It's hard to say,29,돈,0.13793103448275862,Money,Korean,I don't know/It's hard to say,unknown,i dont knowits hard to say
Money,solidity,I don't know/It's hard to say,29,돈,0.13793103448275862,Money,Korean,I don't know/It's hard to say,unknown,i dont knowits hard to say
Money,solidity,Not a solid,29,돈,0.06896551724137931,Money,Korean,Not a solid,non-solid,not a solid
Money,solidity,Solid,29,돈,0.7931034482758621,Money,Korean,Solid,solid,solid
Monkey,category_organization,Form,29,원숭이,0.7586206896551724,Monkey,Korean,Form,shape,form
Monkey,category_organization,"Form, Color",29,원숭이,0.03448275862068965,Monkey,Korean,"Form, Color",multiple,form color
Monkey,category_organization,"Form, Color, Material",29,원숭이,0.10344827586206896,Monkey,Korean,"Form, Color, Material",multiple,form color material
Monkey,category_organization,"Form, Material",29,원숭이,0.06896551724137931,Monkey,Korean,"Form, Material",multiple,form material
Monkey,category_organization,Material,29,원숭이,0.03448275862068965,Monkey,Korean,Material,material,material
Monkey,count_mass,Can be counted,29,원숭이,1,Monkey,Korean,Can be counted,count,can be counted
Monkey,solidity,I don't know/It's hard to say,29,원숭이,0.2413793103448276,Monkey,Korean,I don't know/It's hard to say,unknown,i dont knowits hard to say
Monkey,solidity,Not a solid,29,원숭이,0.10344827586206896,Monkey,Korean,Not a solid,non-solid,not a solid
Monkey,solidity,Solid,29,원숭이,0.6551724137931034,Monkey,Korean,Solid,solid,solid
Moon,category_organization,"Color, Material",29,달,0.03448275862068965,Moon,Korean,"Color, Material",multiple,color material
Moon,category_organization,Form,29,달,0.5172413793103449,Moon,Korean,Form,shape,form
Moon,category_organization,"Form, Color",29,달,0.10344827586206896,Moon,Korean,"Form, Color",multiple,form color
Moon,category_organization,"Form, Color, Material",29,달,0.06896551724137931,Moon,Korean,"Form, Color, Material",multiple,form color material
Moon,category_organization,"Form, Material",29,달,0.20689655172413793,Moon,Korean,"Form, Material",multiple,form material
Moon,category_organization,Material,29,달,0.06896551724137931,Moon,Korean,Material,material,material
Moon,count_mass,Can be counted,29,달,0.896551724137931,Moon,Korean,Can be counted,count,can be counted
Moon,count_mass,Cannot be counted,29,달,0.10344827586206896,Moon,Korean,Cannot be counted,mass,cannot be counted
Moon,solidity,I don't know/It's hard to say,29,달,0.20689655172413793,Moon,Korean,I don't know/It's hard to say,unknown,i dont knowits hard to say
Moon,solidity,Not a solid,29,달,0.13793103448275862,Moon,Korean,Not a solid,non-solid,not a solid
Moon,solidity,Solid,29,달,0.6551724137931034,Moon,Korean,Solid,solid,solid
Motorcycle,category_organization,Form,28,오토바이,0.6428571428571429,Motorcycle,Korean,Form,shape,form
Motorcycle,category_organization,"Form, Color, Material",28,오토바이,0.03571428571428571,Motorcycle,Korean,"Form, Color, Material",multiple,form color material
Motorcycle,category_organization,"Form, Material",28,오토바이,0.25,Motorcycle,Korean,"Form, Material",multiple,form material
Motorcycle,category_organization,Material,28,오토바이,0.07142857142857142,Motorcycle,Korean,Material,material,material
Motorcycle,count_mass,Can be counted,29,오토바이,0.9655172413793104,Motorcycle,Korean,Can be counted,count,can be counted
Motorcycle,count_mass,I don't know/It's hard to say,29,오토바이,0.034482758620689655,Motorcycle,Korean,I don't know/It's hard to say,unknown,i dont knowits hard to say
Motorcycle,solidity,I don't know/It's hard to say,29,오토바이,0.034482758620689655,Motorcycle,Korean,I don't know/It's hard to say,unknown,i dont knowits hard to say
Motorcycle,solidity,Solid,29,오토바이,0.9655172413793104,Motorcycle,Korean,Solid,solid,solid
Mouse,category_organization,Form,29,쥐,0.7241379310344828,Mouse,Korean,Form,shape,form
Mouse,category_organization,"Form, Color",29,쥐,0.06896551724137931,Mouse,Korean,"Form, Color",multiple,form color
Mouse,category_organization,"Form, Color, Material",29,쥐,0.03448275862068965,Mouse,Korean,"Form, Color, Material",multiple,form color material
Mouse,category_organization,"Form, Material",29,쥐,0.13793103448275862,Mouse,Korean,"Form, Material",multiple,form material
Mouse,category_organization,Material,29,쥐,0.03448275862068965,Mouse,Korean,Material,material,material
Mouse,count_mass,Can be counted,29,쥐,0.9655172413793104,Mouse,Korean,Can be counted,count,can be counted
Mouse,count_mass,Cannot be counted,29,쥐,0.034482758620689655,Mouse,Korean,Cannot be counted,mass,cannot be counted
Mouse,solidity,I don't know/It's hard to say,29,쥐,0.2413793103448276,Mouse,Korean,I don't know/It's hard to say,unknown,i dont knowits hard to say
Mouse,solidity,Not a solid,29,쥐,0.10344827586206896,Mouse,Korean,Not a solid,non-solid,not a solid
Mouse,solidity,Solid,29,쥐,0.6551724137931034,Mouse,Korean,Solid,solid,solid
Mouth,category_organization,Form,29,입,0.7241379310344828,Mouth,Korean,Form,shape,form
Mouth,category_organization,"Form, Color",29,입,0.10344827586206896,Mouth,Korean,"Form, Color",multiple,form color
Mouth,category_organization,"Form, Material",29,입,0.13793103448275862,Mouth,Korean,"Form, Material",multiple,form material
Mouth,category_organization,Material,29,입,0.03448275862068965,Mouth,Korean,Material,material,material
Mouth,count_mass,Can be counted,29,입,0.896551724137931,Mouth,Korean,Can be counted,count,can be counted
Mouth,count_mass,Cannot be counted,29,입,0.034482758620689655,Mouth,Korean,Cannot be counted,mass,cannot be counted
Mouth,count_mass,I don't know/It's hard to say,29,입,0.06896551724137931,Mouth,Korean,I don't know/It's hard to say,unknown,i dont knowits hard to say
Mouth,solidity,I don't know/It's hard to say,29,입,0.27586206896551724,Mouth,Korean,I don't know/It's hard to say,unknown,i dont knowits hard to say
Mouth,solidity,Not a solid,29,입,0.10344827586206896,Mouth,Korean,Not a solid,non-solid,not a solid
Mouth,solidity,Solid,29,입,0.6206896551724138,Mouth,Korean,Solid,solid,solid
Nail,category_organization,Color,29,못,0.03448275862068965,Nail,Korean,Color,color,color
Nail,category_organization,Form,29,못,0.6206896551724138,Nail,Korean,Form,shape,form
Nail,category_organization,"Form, Color",29,못,0.03448275862068965,Nail,Korean,"Form, Color",multiple,form color
Nail,category_organization,"Form, Color, Material",29,못,0.06896551724137931,Nail,Korean,"Form, Color, Material",multiple,form color material
Nail,category_organization,"Form, Material",29,못,0.1724137931034483,Nail,Korean,"Form, Material",multiple,form material
Nail,category_organization,Material,29,못,0.06896551724137931,Nail,Korean,Material,material,material
Nail,count_mass,Can be counted,29,못,1,Nail,Korean,Can be counted,count,can be counted
Nail,solidity,I don't know/It's hard to say,29,못,0.034482758620689655,Nail,Korean,I don't know/It's hard to say,unknown,i dont knowits hard to say
Nail,solidity,Solid,29,못,0.9655172413793104,Nail,Korean,Solid,solid,solid
Napa Cabbage,category_organization,Color,29,배추,0.03448275862068965,Napa Cabbage,Korean,Color,color,color
Napa Cabbage,category_organization,Form,29,배추,0.5172413793103449,Napa Cabbage,Korean,Form,shape,form
Napa Cabbage,category_organization,"Form, Color",29,배추,0.06896551724137931,Napa Cabbage,Korean,"Form, Color",multiple,form color
Napa Cabbage,category_organization,"Form, Color, Material",29,배추,0.06896551724137931,Napa Cabbage,Korean,"Form, Color, Material",multiple,form color material
Napa Cabbage,category_organization,"Form, Material",29,배추,0.20689655172413793,Napa Cabbage,Korean,"Form, Material",multiple,form material
Napa Cabbage,category_organization,Material,29,배추,0.06896551724137931,Napa Cabbage,Korean,Material,material,material
Napa Cabbage,category_organization,Not applicable,29,배추,0.03448275862068965,Napa Cabbage,Korean,Not applicable,none of these,not applicable
Napa Cabbage,count_mass,Can be counted,29,배추,0.9655172413793104,Napa Cabbage,Korean,Can be counted,count,can be counted
Napa Cabbage,count_mass,Cannot be counted,29,배추,0.034482758620689655,Napa Cabbage,Korean,Cannot be counted,mass,cannot be counted
Napa Cabbage,solidity,I don't know/It's hard to say,29,배추,0.10344827586206896,Napa Cabbage,Korean,I don't know/It's hard to say,unknown,i dont knowits hard to say
Napa Cabbage,solidity,Not a solid,29,배추,0.10344827586206896,Napa Cabbage,Korean,Not a solid,non-solid,not a solid
Napa Cabbage,solidity,Solid,29,배추,0.7931034482758621,Napa Cabbage,Korean,Solid,solid,solid
Neck,category_organization,Form,29,목,0.8620689655172413,Neck,Korean,Form,shape,form
Neck,category_organization,"Form, Material",29,목,0.10344827586206896,Neck,Korean,"Form, Material",multiple,form material
Neck,category_organization,Material,29,목,0.03448275862068965,Neck,Korean,Material,material,material
Neck,count_mass,Can be counted,29,목,0.9655172413793104,Neck,Korean,Can be counted,count,can be counted
Neck,count_mass,I don't know/It's hard to say,29,목,0.034482758620689655,Neck,Korean,I don't know/It's hard to say,unknown,i dont knowits hard to say
Neck,solidity,I don't know/It's hard to say,29,목,0.20689655172413793,Neck,Korean,I don't know/It's hard to say,unknown,i dont knowits hard to say
Neck,solidity,Not a solid,29,목,0.10344827586206896,Neck,Korean,Not a solid,non-solid,not a solid
Neck,solidity,Solid,29,목,0.6896551724137931,Neck,Korean,Solid,solid,solid
Necklace,category_organization,Color,29,목걸이,0.03448275862068965,Necklace,Korean,Color,color,color
Necklace,category_organization,Form,29,목걸이,0.6206896551724138,Necklace,Korean,Form,shape,form
Necklace,category_organization,"Form, Color",29,목걸이,0.03448275862068965,Necklace,Korean,"Form, Color",multiple,form color
Necklace,category_organization,"Form, Color, Material",29,목걸이,0.10344827586206896,Necklace,Korean,"Form, Color, Material",multiple,form color material
Necklace,category_organization,"Form, Material",29,목걸이,0.13793103448275862,Necklace,Korean,"Form, Material",multiple,form material
Necklace,category_organization,Material,29,목걸이,0.06896551724137931,Necklace,Korean,Material,material,material
Necklace,count_mass,Can be counted,29,목걸이,0.9655172413793104,Necklace,Korean,Can be counted,count,can be counted
Necklace,count_mass,Cannot be counted,29,목걸이,0.034482758620689655,Necklace,Korean,Cannot be counted,mass,cannot be counted
Necklace,solidity,I don't know/It's hard to say,29,목걸이,0.034482758620689655,Necklace,Korean,I don't know/It's hard to say,unknown,i dont knowits hard to say
Necklace,solidity,Solid,29,목걸이,0.9655172413793104,Necklace,Korean,Solid,solid,solid
Noodles,category_organization,"Color, Material",29,국수,0.06896551724137931,Noodles,Korean,"Color, Material",multiple,color material
Noodles,category_organization,Form,29,국수,0.3448275862068966,Noodles,Korean,Form,shape,form
Noodles,category_organization,"Form, Color",29,국수,0.03448275862068965,Noodles,Korean,"Form, Color",multiple,form color
Noodles,category_organization,"Form, Color, Material",29,국수,0.06896551724137931,Noodles,Korean,"Form, Color, Material",multiple,form color material
Noodles,category_organization,"Form, Material",29,국수,0.3793103448275862,Noodles,Korean,"Form, Material",multiple,form material
Noodles,category_organization,Material,29,국수,0.10344827586206896,Noodles,Korean,Material,material,material
Noodles,count_mass,Can be counted,29,국수,0.6206896551724138,Noodles,Korean,Can be counted,count,can be counted
Noodles,count_mass,Cannot be counted,29,국수,0.10344827586206896,Noodles,Korean,Cannot be counted,mass,cannot be counted
Noodles,count_mass,I don't know/It's hard to say,29,국수,0.27586206896551724,Noodles,Korean,I don't know/It's hard to say,unknown,i dont knowits hard to say
Noodles,solidity,I don't know/It's hard to say,29,국수,0.3448275862068966,Noodles,Korean,I don't know/It's hard to say,unknown,i dont knowits hard to say
Noodles,solidity,Not a solid,29,국수,0.1724137931034483,Noodles,Korean,Not a solid,non-solid,not a solid
Noodles,solidity,Solid,29,국수,0.4827586206896552,Noodles,Korean,Solid,solid,solid
Nose,category_organization,Form,29,코,0.8275862068965517,Nose,Korean,Form,shape,form
Nose,category_organization,"Form, Material",29,코,0.13793103448275862,Nose,Korean,"Form, Material",multiple,form material
Nose,category_organization,Material,29,코,0.03448275862068965,Nose,Korean,Material,material,material
Nose,count_mass,Can be counted,29,코,1,Nose,Korean,Can be counted,count,can be counted
Nose,solidity,I don't know/It's hard to say,29,코,0.20689655172413793,Nose,Korean,I don't know/It's hard to say,unknown,i dont knowits hard to say
Nose,solidity,Not a solid,29,코,0.10344827586206896,Nose,Korean,Not a solid,non-solid,not a solid
Nose,solidity,Solid,29,코,0.6896551724137931,Nose,Korean,Solid,solid,solid
Orange,category_organization,Color,29,오렌지,0.03448275862068965,Orange,Korean,Color,color,color
Orange,category_organization,"Color, Material",29,오렌지,0.03448275862068965,Orange,Korean,"Color, Material",multiple,color material
Orange,category_organization,Form,29,오렌지,0.4482758620689655,Orange,Korean,Form,shape,form
Orange,category_organization,"Form, Color",29,오렌지,0.13793103448275862,Orange,Korean,"Form, Color",multiple,form color
Orange,category_organization,"Form, Color, Material",29,오렌지,0.1724137931034483,Orange,Korean,"Form, Color, Material",multiple,form color material
Orange,category_organization,"Form, Material",29,오렌지,0.06896551724137931,Orange,Korean,"Form, Material",multiple,form material
Orange,category_organization,Material,29,오렌지,0.06896551724137931,Orange,Korean,Material,material,material
Orange,category_organization,Not applicable,29,오렌지,0.03448275862068965,Orange,Korean,Not applicable,none of these,not applicable
Orange,count_mass,Can be counted,29,오렌지,1,Orange,Korean,Can be counted,count,can be counted
Orange,solidity,I don't know/It's hard to say,29,오렌지,0.13793103448275862,Orange,Korean,I don't know/It's hard to say,unknown,i dont knowits hard to say
Orange,solidity,Not a solid,29,오렌지,0.13793103448275862,Orange,Korean,Not a solid,non-solid,not a solid
Orange,solidity,Solid,29,오렌지,0.7241379310344828,Orange,Korean,Solid,solid,solid
Owl,category_organization,Form,29,부엉이,0.6896551724137931,Owl,Korean,Form,shape,form
Owl,category_organization,"Form, Color",29,부엉이,0.10344827586206896,Owl,Korean,"Form, Color",multiple,form color
Owl,category_organization,"Form, Color, Material",29,부엉이,0.06896551724137931,Owl,Korean,"Form, Color, Material",multiple,form color material
Owl,category_organization,"Form, Material",29,부엉이,0.10344827586206896,Owl,Korean,"Form, Material",multiple,form material
Owl,category_organization,Material,29,부엉이,0.03448275862068965,Owl,Korean,Material,material,material
Owl,count_mass,Can be counted,29,부엉이,1,Owl,Korean,Can be counted,count,can be counted
Owl,solidity,I don't know/It's hard to say,29,부엉이,0.2413793103448276,Owl,Korean,I don't know/It's hard to say,unknown,i dont knowits hard to say
Owl,solidity,Not a solid,29,부엉이,0.10344827586206896,Owl,Korean,Not a solid,non-solid,not a solid
Owl,solidity,Solid,29,부엉이,0.6551724137931034,Owl,Korean,Solid,solid,solid
PIgeon,category_organization,Form,29,비둘기,0.6896551724137931,PIgeon,Korean,Form,shape,form
PIgeon,category_organization,"Form, Color",29,비둘기,0.10344827586206896,PIgeon,Korean,"Form, Color",multiple,form color
PIgeon,category_organization,"Form, Color, Material",29,비둘기,0.10344827586206896,PIgeon,Korean,"Form, Color, Material",multiple,form color material
PIgeon,category_organization,"Form, Material",29,비둘기,0.06896551724137931,PIgeon,Korean,"Form, Material",multiple,form material
PIgeon,category_organization,Material,29,비둘기,0.03448275862068965,PIgeon,Korean,Material,material,material
PIgeon,count_mass,Can be counted,29,비둘기,1,PIgeon,Korean,Can be counted,count,can be counted
PIgeon,solidity,I don't know/It's hard to say,29,비둘기,0.2413793103448276,PIgeon,Korean,I don't know/It's hard to say,unknown,i dont knowits hard to say
PIgeon,solidity,Not a solid,29,비둘기,0.10344827586206896,PIgeon,Korean,Not a solid,non-solid,not a solid
PIgeon,solidity,Solid,29,비둘기,0.6551724137931034,PIgeon,Korean,Solid,solid,solid
Pajamas,category_organization,Form,29,잠옷,0.6551724137931034,Pajamas,Korean,Form,shape,form
Pajamas,category_organization,"Form, Color",29,잠옷,0.03448275862068965,Pajamas,Korean,"Form, Color",multiple,form color
Pajamas,category_organization,"Form, Color, Material",29,잠옷,0.13793103448275862,Pajamas,Korean,"Form, Color, Material",multiple,form color material
Pajamas,category_organization,"Form, Material",29,잠옷,0.10344827586206896,Pajamas,Korean,"Form, Material",multiple,form material
Pajamas,category_organization,Material,29,잠옷,0.06896551724137931,Pajamas,Korean,Material,material,material
Pajamas,count_mass,Can be counted,29,잠옷,1,Pajamas,Korean,Can be counted,count,can be counted
Pajamas,solidity,I don't know/It's hard to say,29,잠옷,0.10344827586206896,Pajamas,Korean,I don't know/It's hard to say,unknown,i dont knowits hard to say
Pajamas,solidity,Not a solid,29,잠옷,0.034482758620689655,Pajamas,Korean,Not a solid,non-solid,not a solid
Pajamas,solidity,Solid,29,잠옷,0.8620689655172413,Pajamas,Korean,Solid,solid,solid
Pants,category_organization,Form,29,바지,0.6551724137931034,Pants,Korean,Form,shape,form
Pants,category_organization,"Form, Color",29,바지,0.03448275862068965,Pants,Korean,"Form, Color",multiple,form color
Pants,category_organization,"Form, Color, Material",29,바지,0.13793103448275862,Pants,Korean,"Form, Color, Material",multiple,form color material
Pants,category_organization,"Form, Material",29,바지,0.10344827586206896,Pants,Korean,"Form, Material",multiple,form material
Pants,category_organization,Material,29,바지,0.06896551724137931,Pants,Korean,Material,material,material
Pants,count_mass,Can be counted,29,바지,1,Pants,Korean,Can be counted,count,can be counted
Pants,solidity,I don't know/It's hard to say,29,바지,0.10344827586206896,Pants,Korean,I don't know/It's hard to say,unknown,i dont knowits hard to say
Pants,solidity,Not a solid,29,바지,0.06896551724137931,Pants,Korean,Not a solid,non-solid,not a solid
Pants,solidity,Solid,29,바지,0.8275862068965517,Pants,Korean,Solid,solid,solid
Paper,category_organization,Form,29,종이,0.27586206896551724,Paper,Korean,Form,shape,form
Paper,category_organization,"Form, Color, Material",29,종이,0.10344827586206896,Paper,Korean,"Form, Color, Material",multiple,form color material
Paper,category_organization,"Form, Material",29,종이,0.3448275862068966,Paper,Korean,"Form, Material",multiple,form material
Paper,category_organization,Material,29,종이,0.2413793103448276,Paper,Korean,Material,material,material
Paper,category_organization,Not applicable,29,종이,0.03448275862068965,Paper,Korean,Not applicable,none of these,not applicable
Paper,count_mass,Can be counted,29,종이,0.8620689655172413,Paper,Korean,Can be counted,count,can be counted
Paper,count_mass,Cannot be counted,29,종이,0.06896551724137931,Paper,Korean,Cannot be counted,mass,cannot be counted
Paper,count_mass,I don't know/It's hard to say,29,종이,0.06896551724137931,Paper,Korean,I don't know/It's hard to say,unknown,i dont knowits hard to say
Paper,solidity,I don't know/It's hard to say,29,종이,0.034482758620689655,Paper,Korean,I don't know/It's hard to say,unknown,i dont knowits hard to say
Paper,solidity,Not a solid,29,종이,0.034482758620689655,Paper,Korean,Not a solid,non-solid,not a solid
Paper,solidity,Solid,29,종이,0.9310344827586207,Paper,Korean,Solid,solid,solid
Path,category_organization,Color,29,길,0.06896551724137931,Path,Korean,Color,color,color
Path,category_organization,"Color, Material",29,길,0.03448275862068965,Path,Korean,"Color, Material",multiple,color material
Path,category_organization,Form,29,길,0.6896551724137931,Path,Korean,Form,shape,form
Path,category_organization,"Form, Material",29,길,0.06896551724137931,Path,Korean,"Form, Material",multiple,form material
Path,category_organization,"Form, Material, Not applicable",29,길,0.03448275862068965,Path,Korean,"Form, Material, Not applicable",multiple,form material not applicable
Path,category_organization,Not applicable,29,길,0.10344827586206896,Path,Korean,Not applicable,none of these,not applicable
Path,count_mass,Can be counted,29,길,0.3793103448275862,Path,Korean,Can be counted,count,can be counted
Path,count_mass,Cannot be counted,29,길,0.3103448275862069,Path,Korean,Cannot be counted,mass,cannot be counted
Path,count_mass,I don't know/It's hard to say,29,길,0.3103448275862069,Path,Korean,I don't know/It's hard to say,unknown,i dont knowits hard to say
Path,solidity,I don't know/It's hard to say,29,길,0.27586206896551724,Path,Korean,I don't know/It's hard to say,unknown,i dont knowits hard to say
Path,solidity,Not a solid,29,길,0.2413793103448276,Path,Korean,Not a solid,non-solid,not a solid
Path,solidity,Solid,29,길,0.4827586206896552,Path,Korean,Solid,solid,solid
Peach,category_organization,"Color, Not applicable",29,복숭아,0.03448275862068965,Peach,Korean,"Color, Not applicable",multiple,color not applicable
Peach,category_organization,Form,29,복숭아,0.4482758620689655,Peach,Korean,Form,shape,form
Peach,category_organization,"Form, Color",29,복숭아,0.13793103448275862,Peach,Korean,"Form, Color",multiple,form color
Peach,category_organization,"Form, Color, Material",29,복숭아,0.20689655172413793,Peach,Korean,"Form, Color, Material",multiple,form color material
Peach,category_organization,"Form, Material",29,복숭아,0.10344827586206896,Peach,Korean,"Form, Material",multiple,form material
Peach,category_organization,Material,29,복숭아,0.06896551724137931,Peach,Korean,Material,material,material
Peach,count_mass,Can be counted,29,복숭아,1,Peach,Korean,Can be counted,count,can be counted
Peach,solidity,I don't know/It's hard to say,29,복숭아,0.10344827586206896,Peach,Korean,I don't know/It's hard to say,unknown,i dont knowits hard to say
Peach,solidity,Not a solid,29,복숭아,0.10344827586206896,Peach,Korean,Not a solid,non-solid,not a solid
Peach,solidity,Solid,29,복숭아,0.7931034482758621,Peach,Korean,Solid,solid,solid
Peanut,category_organization,Form,29,땅콩,0.5172413793103449,Peanut,Korean,Form,shape,form
Peanut,category_organization,"Form, Color",29,땅콩,0.06896551724137931,Peanut,Korean,"Form, Color",multiple,form color
Peanut,category_organization,"Form, Color, Material",29,땅콩,0.10344827586206896,Peanut,Korean,"Form, Color, Material",multiple,form color material
Peanut,category_organization,"Form, Material",29,땅콩,0.13793103448275862,Peanut,Korean,"Form, Material",multiple,form material
Peanut,category_organization,Material,29,땅콩,0.10344827586206896,Peanut,Korean,Material,material,material
Peanut,category_organization,Not applicable,29,땅콩,0.06896551724137931,Peanut,Korean,Not applicable,none of these,not applicable
Peanut,count_mass,Can be counted,29,땅콩,0.9655172413793104,Peanut,Korean,Can be counted,count,can be counted
Peanut,count_mass,Cannot be counted,29,땅콩,0.034482758620689655,Peanut,Korean,Cannot be counted,mass,cannot be counted
Peanut,solidity,I don't know/It's hard to say,29,땅콩,0.10344827586206896,Peanut,Korean,I don't know/It's hard to say,unknown,i dont knowits hard to say
Peanut,solidity,Not a solid,29,땅콩,0.06896551724137931,Peanut,Korean,Not a solid,non-solid,not a solid
Peanut,solidity,Solid,29,땅콩,0.8275862068965517,Peanut,Korean,Solid,solid,solid
Pencil,category_organization,Form,29,연필,0.41379310344827586,Pencil,Korean,Form,shape,form
Pencil,category_organization,"Form, Color, Material",29,연필,0.1724137931034483,Pencil,Korean,"Form, Color, Material",multiple,form color material
Pencil,category_organization,"Form, Material",29,연필,0.3103448275862069,Pencil,Korean,"Form, Material",multiple,form material
Pencil,category_organization,Material,29,연필,0.06896551724137931,Pencil,Korean,Material,material,material
Pencil,category_organization,Not applicable,29,연필,0.03448275862068965,Pencil,Korean,Not applicable,none of these,not applicable
Pencil,count_mass,Can be counted,29,연필,0.9655172413793104,Pencil,Korean,Can be counted,count,can be counted
Pencil,count_mass,I don't know/It's hard to say,29,연필,0.034482758620689655,Pencil,Korean,I don't know/It's hard to say,unknown,i dont knowits hard to say
Pencil,solidity,I don't know/It's hard to say,29,연필,0.034482758620689655,Pencil,Korean,I don't know/It's hard to say,unknown,i dont knowits hard to say
Pencil,solidity,Solid,29,연필,0.9655172413793104,Pencil,Korean,Solid,solid,solid
Penguin,category_organization,Form,29,펭귄,0.7241379310344828,Penguin,Korean,Form,shape,form
Penguin,category_organization,"Form, Color",29,펭귄,0.06896551724137931,Penguin,Korean,"Form, Color",multiple,form color
Penguin,category_organization,"Form, Color, Material",29,펭귄,0.06896551724137931,Penguin,Korean,"Form, Color, Material",multiple,form color material
Penguin,category_organization,"Form, Material",29,펭귄,0.10344827586206896,Penguin,Korean,"Form, Material",multiple,form material
Penguin,category_organization,Material,29,펭귄,0.03448275862068965,Penguin,Korean,Material,material,material
Penguin,count_mass,Can be counted,29,펭귄,0.9655172413793104,Penguin,Korean,Can be counted,count,can be counted
Penguin,count_mass,I don't know/It's hard to say,29,펭귄,0.034482758620689655,Penguin,Korean,I don't know/It's hard to say,unknown,i dont knowits hard to say
Penguin,solidity,I don't know/It's hard to say,29,펭귄,0.2413793103448276,Penguin,Korean,I don't know/It's hard to say,unknown,i dont knowits hard to say
Penguin,solidity,Not a solid,29,펭귄,0.10344827586206896,Penguin,Korean,Not a solid,non-solid,not a solid
Penguin,solidity,Solid,29,펭귄,0.6551724137931034,Penguin,Korean,Solid,solid,solid
Pepper,category_organization,Form,29,고추,0.8275862068965517,Pepper,Korean,Form,shape,form
Pepper,category_organization,"Form, Color",29,고추,0.03448275862068965,Pepper,Korean,"Form, Color",multiple,form color
Pepper,category_organization,"Form, Material",29,고추,0.10344827586206896,Pepper,Korean,"Form, Material",multiple,form material
Pepper,category_organization,Material,29,고추,0.03448275862068965,Pepper,Korean,Material,material,material
Pepper,count_mass,Can be counted,29,고추,0.9310344827586207,Pepper,Korean,Can be counted,count,can be counted
Pepper,count_mass,Cannot be counted,29,고추,0.034482758620689655,Pepper,Korean,Cannot be counted,mass,cannot be counted
Pepper,count_mass,I don't know/It's hard to say,29,고추,0.034482758620689655,Pepper,Korean,I don't know/It's hard to say,unknown,i dont knowits hard to say
Pepper,solidity,I don't know/It's hard to say,29,고추,0.20689655172413793,Pepper,Korean,I don't know/It's hard to say,unknown,i dont knowits hard to say
Pepper,solidity,Not a solid,29,고추,0.10344827586206896,Pepper,Korean,Not a solid,non-solid,not a solid
Pepper,solidity,Solid,29,고추,0.6896551724137931,Pepper,Korean,Solid,solid,solid
Persimmon,category_organization,Form,29,감,0.5172413793103449,Persimmon,Korean,Form,shape,form
Persimmon,category_organization,"Form, Color",29,감,0.13793103448275862,Persimmon,Korean,"Form, Color",multiple,form color
Persimmon,category_organization,"Form, Color, Material",29,감,0.1724137931034483,Persimmon,Korean,"Form, Color, Material",multiple,form color material
Persimmon,category_organization,"Form, Material",29,감,0.13793103448275862,Persimmon,Korean,"Form, Material",multiple,form material
Persimmon,category_organization,Material,29,감,0.03448275862068965,Persimmon,Korean,Material,material,material
Persimmon,count_mass,Can be counted,29,감,1,Persimmon,Korean,Can be counted,count,can be counted
Persimmon,solidity,I don't know/It's hard to say,29,감,0.13793103448275862,Persimmon,Korean,I don't know/It's hard to say,unknown,i dont knowits hard to say
Persimmon,solidity,Not a solid,29,감,0.06896551724137931,Persimmon,Korean,Not a solid,non-solid,not a solid
Persimmon,solidity,Solid,29,감,0.7931034482758621,Persimmon,Korean,Solid,solid,solid
Phone,category_organization,Color,29,전화,0.03448275862068965,Phone,Korean,Color,color,color
Phone,category_organization,Form,29,전화,0.7241379310344828,Phone,Korean,Form,shape,form
Phone,category_organization,"Form, Color, Material",29,전화,0.06896551724137931,Phone,Korean,"Form, Color, Material",multiple,form color material
Phone,category_organization,"Form, Material",29,전화,0.10344827586206896,Phone,Korean,"Form, Material",multiple,form material
Phone,category_organization,Material,29,전화,0.03448275862068965,Phone,Korean,Material,material,material
Phone,category_organization,Not applicable,29,전화,0.03448275862068965,Phone,Korean,Not applicable,none of these,not applicable
Phone,count_mass,Can be counted,29,전화,0.9310344827586207,Phone,Korean,Can be counted,count,can be counted
Phone,count_mass,Cannot be counted,29,전화,0.034482758620689655,Phone,Korean,Cannot be counted,mass,cannot be counted
Phone,count_mass,I don't know/It's hard to say,29,전화,0.034482758620689655,Phone,Korean,I don't know/It's hard to say,unknown,i dont knowits hard to say
Phone,solidity,I don't know/It's hard to say,29,전화,0.06896551724137931,Phone,Korean,I don't know/It's hard to say,unknown,i dont knowits hard to say
Phone,solidity,Solid,29,전화,0.9310344827586207,Phone,Korean,Solid,solid,solid
Piano,category_organization,Form,29,피아노,0.7586206896551724,Piano,Korean,Form,shape,form
Piano,category_organization,"Form, Color",29,피아노,0.03448275862068965,Piano,Korean,"Form, Color",multiple,form color
Piano,category_organization,"Form, Color, Material",29,피아노,0.06896551724137931,Piano,Korean,"Form, Color, Material",multiple,form color material
Piano,category_organization,"Form, Material",29,피아노,0.10344827586206896,Piano,Korean,"Form, Material",multiple,form material
Piano,category_organization,Material,29,피아노,0.03448275862068965,Piano,Korean,Material,material,material
Piano,count_mass,Can be counted,29,피아노,1,Piano,Korean,Can be counted,count,can be counted
Piano,solidity,I don't know/It's hard to say,29,피아노,0.034482758620689655,Piano,Korean,I don't know/It's hard to say,unknown,i dont knowits hard to say
Piano,solidity,Solid,29,피아노,0.9655172413793104,Piano,Korean,Solid,solid,solid
Picture/Artwork,category_organization,Color,29,그림,0.03448275862068965,Picture/Artwork,Korean,Color,color,color
Picture/Artwork,category_organization,"Color, Material",29,그림,0.03448275862068965,Picture/Artwork,Korean,"Color, Material",multiple,color material
Picture/Artwork,category_organization,Form,29,그림,0.5172413793103449,Picture/Artwork,Korean,Form,shape,form
Picture/Artwork,category_organization,"Form, Color",29,그림,0.10344827586206896,Picture/Artwork,Korean,"Form, Color",multiple,form color
Picture/Artwork,category_organization,"Form, Color, Material",29,그림,0.06896551724137931,Picture/Artwork,Korean,"Form, Color, Material",multiple,form color material
Picture/Artwork,category_organization,"Form, Material",29,그림,0.13793103448275862,Picture/Artwork,Korean,"Form, Material",multiple,form material
Picture/Artwork,category_organization,Material,29,그림,0.06896551724137931,Picture/Artwork,Korean,Material,material,material
Picture/Artwork,category_organization,Not applicable,29,그림,0.03448275862068965,Picture/Artwork,Korean,Not applicable,none of these,not applicable
Picture/Artwork,count_mass,Can be counted,29,그림,0.7931034482758621,Picture/Artwork,Korean,Can be counted,count,can be counted
Picture/Artwork,count_mass,Cannot be counted,29,그림,0.13793103448275862,Picture/Artwork,Korean,Cannot be counted,mass,cannot be counted
Picture/Artwork,count_mass,I don't know/It's hard to say,29,그림,0.06896551724137931,Picture/Artwork,Korean,I don't know/It's hard to say,unknown,i dont knowits hard to say
Picture/Artwork,solidity,I don't know/It's hard to say,29,그림,0.13793103448275862,Picture/Artwork,Korean,I don't know/It's hard to say,unknown,i dont knowits hard to say
Picture/Artwork,solidity,Not a solid,29,그림,0.06896551724137931,Picture/Artwork,Korean,Not a solid,non-solid,not a solid
Picture/Artwork,solidity,Solid,29,그림,0.7931034482758621,Picture/Artwork,Korean,Solid,solid,solid
Pig,category_organization,Form,29,돼지,0.6206896551724138,Pig,Korean,Form,shape,form
Pig,category_organization,"Form, Color",29,돼지,0.10344827586206896,Pig,Korean,"Form, Color",multiple,form color
Pig,category_organization,"Form, Color, Material",29,돼지,0.13793103448275862,Pig,Korean,"Form, Color, Material",multiple,form color material
Pig,category_organization,"Form, Material",29,돼지,0.10344827586206896,Pig,Korean,"Form, Material",multiple,form material
Pig,category_organization,Material,29,돼지,0.03448275862068965,Pig,Korean,Material,material,material
Pig,count_mass,Can be counted,29,돼지,1,Pig,Korean,Can be counted,count,can be counted
Pig,solidity,I don't know/It's hard to say,29,돼지,0.2413793103448276,Pig,Korean,I don't know/It's hard to say,unknown,i dont knowits hard to say
Pig,solidity,Not a solid,29,돼지,0.10344827586206896,Pig,Korean,Not a solid,non-solid,not a solid
Pig,solidity,Solid,29,돼지,0.6551724137931034,Pig,Korean,Solid,solid,solid
Pillow,category_organization,Color,29,베개,0.03448275862068965,Pillow,Korean,Color,color,color
Pillow,category_organization,Form,29,베개,0.6551724137931034,Pillow,Korean,Form,shape,form
Pillow,category_organization,"Form, Color, Material",29,베개,0.06896551724137931,Pillow,Korean,"Form, Color, Material",multiple,form color material
Pillow,category_organization,"Form, Material",29,베개,0.20689655172413793,Pillow,Korean,"Form, Material",multiple,form material
Pillow,category_organization,Material,29,베개,0.03448275862068965,Pillow,Korean,Material,material,material
Pillow,count_mass,Can be counted,29,베개,0.9655172413793104,Pillow,Korean,Can be counted,count,can be counted
Pillow,count_mass,I don't know/It's hard to say,29,베개,0.034482758620689655,Pillow,Korean,I don't know/It's hard to say,unknown,i dont knowits hard to say
Pillow,solidity,I don't know/It's hard to say,29,베개,0.06896551724137931,Pillow,Korean,I don't know/It's hard to say,unknown,i dont knowits hard to say
Pillow,solidity,Not a solid,29,베개,0.06896551724137931,Pillow,Korean,Not a solid,non-solid,not a solid
Pillow,solidity,Solid,29,베개,0.8620689655172413,Pillow,Korean,Solid,solid,solid
Pizza,category_organization,Color,29,피자,0.06896551724137931,Pizza,Korean,Color,color,color
Pizza,category_organization,"Color, Material",29,피자,0.03448275862068965,Pizza,Korean,"Color, Material",multiple,color material
Pizza,category_organization,Form,29,피자,0.4827586206896552,Pizza,Korean,Form,shape,form
Pizza,category_organization,"Form, Color",29,피자,0.06896551724137931,Pizza,Korean,"Form, Color",multiple,form color
Pizza,category_organization,"Form, Color, Material",29,피자,0.10344827586206896,Pizza,Korean,"Form, Color, Material",multiple,form color material
Pizza,category_organization,"Form, Material",29,피자,0.13793103448275862,Pizza,Korean,"Form, Material",multiple,form material
Pizza,category_organization,"Form, Material, Not applicable",29,피자,0.03448275862068965,Pizza,Korean,"Form, Material, Not applicable",multiple,form material not applicable
Pizza,category_organization,Material,29,피자,0.06896551724137931,Pizza,Korean,Material,material,material
Pizza,count_mass,Can be counted,29,피자,0.9655172413793104,Pizza,Korean,Can be counted,count,can be counted
Pizza,count_mass,I don't know/It's hard to say,29,피자,0.034482758620689655,Pizza,Korean,I don't know/It's hard to say,unknown,i dont knowits hard to say
Pizza,solidity,I don't know/It's hard to say,29,피자,0.1724137931034483,Pizza,Korean,I don't know/It's hard to say,unknown,i dont knowits hard to say
Pizza,solidity,Not a solid,29,피자,0.10344827586206896,Pizza,Korean,Not a solid,non-solid,not a solid
Pizza,solidity,Solid,29,피자,0.7241379310344828,Pizza,Korean,Solid,solid,solid
Plane,category_organization,Form,28,비행기,0.6428571428571429,Plane,Korean,Form,shape,form
Plane,category_organization,"Form, Color, Material",28,비행기,0.03571428571428571,Plane,Korean,"Form, Color, Material",multiple,form color material
Plane,category_organization,"Form, Material",28,비행기,0.25,Plane,Korean,"Form, Material",multiple,form material
Plane,category_organization,Material,28,비행기,0.07142857142857142,Plane,Korean,Material,material,material
Plane,count_mass,Can be counted,29,비행기,0.9655172413793104,Plane,Korean,Can be counted,count,can be counted
Plane,count_mass,I don't know/It's hard to say,29,비행기,0.034482758620689655,Plane,Korean,I don't know/It's hard to say,unknown,i dont knowits hard to say
Plane,solidity,I don't know/It's hard to say,29,비행기,0.034482758620689655,Plane,Korean,I don't know/It's hard to say,unknown,i dont knowits hard to say
Plane,solidity,Solid,29,비행기,0.9655172413793104,Plane,Korean,Solid,solid,solid
Plate (More curved and round),category_organization,Form,29,그릇,0.6206896551724138,Plate (More curved and round),Korean,Form,shape,form
Plate (More curved and round),category_organization,"Form, Color",29,그릇,0.03448275862068965,Plate (More curved and round),Korean,"Form, Color",multiple,form color
Plate (More curved and round),category_organization,"Form, Color, Material",29,그릇,0.10344827586206896,Plate (More curved and round),Korean,"Form, Color, Material",multiple,form color material
Plate (More curved and round),category_organization,"Form, Material",29,그릇,0.13793103448275862,Plate (More curved and round),Korean,"Form, Material",multiple,form material
Plate (More curved and round),category_organization,Material,29,그릇,0.10344827586206896,Plate (More curved and round),Korean,Material,material,material
Plate (More curved and round),count_mass,Can be counted,29,그릇,1,Plate (More curved and round),Korean,Can be counted,count,can be counted
Plate (More curved and round),solidity,I don't know/It's hard to say,29,그릇,0.034482758620689655,Plate (More curved and round),Korean,I don't know/It's hard to say,unknown,i dont knowits hard to say
Plate (More curved and round),solidity,Solid,29,그릇,0.9655172413793104,Plate (More curved and round),Korean,Solid,solid,solid
Plate (More flat),category_organization,Form,29,접시,0.6896551724137931,Plate (More flat),Korean,Form,shape,form
Plate (More flat),category_organization,"Form, Color, Material",29,접시,0.1724137931034483,Plate (More flat),Korean,"Form, Color, Material",multiple,form color material
Plate (More flat),category_organization,"Form, Material",29,접시,0.06896551724137931,Plate (More flat),Korean,"Form, Material",multiple,form material
Plate (More flat),category_organization,Material,29,접시,0.06896551724137931,Plate (More flat),Korean,Material,material,material
Plate (More flat),count_mass,Can be counted,29,접시,0.9655172413793104,Plate (More flat),Korean,Can be counted,count,can be counted
Plate (More flat),count_mass,I don't know/It's hard to say,29,접시,0.034482758620689655,Plate (More flat),Korean,I don't know/It's hard to say,unknown,i dont knowits hard to say
Plate (More flat),solidity,I don't know/It's hard to say,29,접시,0.034482758620689655,Plate (More flat),Korean,I don't know/It's hard to say,unknown,i dont knowits hard to say
Plate (More flat),solidity,Solid,29,접시,0.9655172413793104,Plate (More flat),Korean,Solid,solid,solid
Pocket,category_organization,Form,29,주머니,0.6896551724137931,Pocket,Korean,Form,shape,form
Pocket,category_organization,"Form, Color",29,주머니,0.03448275862068965,Pocket,Korean,"Form, Color",multiple,form color
Pocket,category_organization,"Form, Color, Material",29,주머니,0.06896551724137931,Pocket,Korean,"Form, Color, Material",multiple,form color material
Pocket,category_organization,"Form, Material",29,주머니,0.13793103448275862,Pocket,Korean,"Form, Material",multiple,form material
Pocket,category_organization,Material,29,주머니,0.06896551724137931,Pocket,Korean,Material,material,material
Pocket,count_mass,Can be counted,29,주머니,0.896551724137931,Pocket,Korean,Can be counted,count,can be counted
Pocket,count_mass,I don't know/It's hard to say,29,주머니,0.10344827586206896,Pocket,Korean,I don't know/It's hard to say,unknown,i dont knowits hard to say
Pocket,solidity,I don't know/It's hard to say,29,주머니,0.1724137931034483,Pocket,Korean,I don't know/It's hard to say,unknown,i dont knowits hard to say
Pocket,solidity,Not a solid,29,주머니,0.06896551724137931,Pocket,Korean,Not a solid,non-solid,not a solid
Pocket,solidity,Solid,29,주머니,0.7586206896551724,Pocket,Korean,Solid,solid,solid
Potato,category_organization,"Color, Material",29,감자,0.03448275862068965,Potato,Korean,"Color, Material",multiple,color material
Potato,category_organization,Form,29,감자,0.4827586206896552,Potato,Korean,Form,shape,form
Potato,category_organization,"Form, Color",29,감자,0.1724137931034483,Potato,Korean,"Form, Color",multiple,form color
Potato,category_organization,"Form, Color, Material",29,감자,0.13793103448275862,Potato,Korean,"Form, Color, Material",multiple,form color material
Potato,category_organization,"Form, Material",29,감자,0.10344827586206896,Potato,Korean,"Form, Material",multiple,form material
Potato,category_organization,Material,29,감자,0.06896551724137931,Potato,Korean,Material,material,material
Potato,count_mass,Can be counted,29,감자,1,Potato,Korean,Can be counted,count,can be counted
Potato,solidity,I don't know/It's hard to say,29,감자,0.10344827586206896,Potato,Korean,I don't know/It's hard to say,unknown,i dont knowits hard to say
Potato,solidity,Not a solid,29,감자,0.06896551724137931,Potato,Korean,Not a solid,non-solid,not a solid
Potato,solidity,Solid,29,감자,0.8275862068965517,Potato,Korean,Solid,solid,solid
Pumpkin,category_organization,Color,29,호박,0.06896551724137931,Pumpkin,Korean,Color,color,color
Pumpkin,category_organization,Form,29,호박,0.4827586206896552,Pumpkin,Korean,Form,shape,form
Pumpkin,category_organization,"Form, Color",29,호박,0.06896551724137931,Pumpkin,Korean,"Form, Color",multiple,form color
Pumpkin,category_organization,"Form, Color, Material",29,호박,0.13793103448275862,Pumpkin,Korean,"Form, Color, Material",multiple,form color material
Pumpkin,category_organization,"Form, Material",29,호박,0.1724137931034483,Pumpkin,Korean,"Form, Material",multiple,form material
Pumpkin,category_organization,Material,29,호박,0.06896551724137931,Pumpkin,Korean,Material,material,material
Pumpkin,count_mass,Can be counted,29,호박,1,Pumpkin,Korean,Can be counted,count,can be counted
Pumpkin,solidity,I don't know/It's hard to say,29,호박,0.10344827586206896,Pumpkin,Korean,I don't know/It's hard to say,unknown,i dont knowits hard to say
Pumpkin,solidity,Not a solid,29,호박,0.10344827586206896,Pumpkin,Korean,Not a solid,non-solid,not a solid
Pumpkin,solidity,Solid,29,호박,0.7931034482758621,Pumpkin,Korean,Solid,solid,solid
Rabbit,category_organization,Form,29,토끼,0.7586206896551724,Rabbit,Korean,Form,shape,form
Rabbit,category_organization,"Form, Color",29,토끼,0.03448275862068965,Rabbit,Korean,"Form, Color",multiple,form color
Rabbit,category_organization,"Form, Color, Material",29,토끼,0.03448275862068965,Rabbit,Korean,"Form, Color, Material",multiple,form color material
Rabbit,category_organization,"Form, Material",29,토끼,0.13793103448275862,Rabbit,Korean,"Form, Material",multiple,form material
Rabbit,category_organization,Material,29,토끼,0.03448275862068965,Rabbit,Korean,Material,material,material
Rabbit,count_mass,Can be counted,29,토끼,1,Rabbit,Korean,Can be counted,count,can be counted
Rabbit,solidity,I don't know/It's hard to say,29,토끼,0.2413793103448276,Rabbit,Korean,I don't know/It's hard to say,unknown,i dont knowits hard to say
Rabbit,solidity,Not a solid,29,토끼,0.10344827586206896,Rabbit,Korean,Not a solid,non-solid,not a solid
Rabbit,solidity,Solid,29,토끼,0.6551724137931034,Rabbit,Korean,Solid,solid,solid
Radio,category_organization,Color,29,라디오,0.03448275862068965,Radio,Korean,Color,color,color
Radio,category_organization,Form,29,라디오,0.6206896551724138,Radio,Korean,Form,shape,form
Radio,category_organization,"Form, Color",29,라디오,0.06896551724137931,Radio,Korean,"Form, Color",multiple,form color
Radio,category_organization,"Form, Material",29,라디오,0.13793103448275862,Radio,Korean,"Form, Material",multiple,form material
Radio,category_organization,Material,29,라디오,0.03448275862068965,Radio,Korean,Material,material,material
Radio,category_organization,Not applicable,29,라디오,0.10344827586206896,Radio,Korean,Not applicable,none of these,not applicable
Radio,count_mass,Can be counted,29,라디오,1,Radio,Korean,Can be counted,count,can be counted
Radio,solidity,I don't know/It's hard to say,29,라디오,0.06896551724137931,Radio,Korean,I don't know/It's hard to say,unknown,i dont knowits hard to say
Radio,solidity,Solid,29,라디오,0.9310344827586207,Radio,Korean,Solid,solid,solid
Radish,category_organization,Color,29,무/무우,0.03448275862068965,Radish,Korean,Color,color,color
Radish,category_organization,Form,29,무/무우,0.5172413793103449,Radish,Korean,Form,shape,form
Radish,category_organization,"Form, Color",29,무/무우,0.06896551724137931,Radish,Korean,"Form, Color",multiple,form color
Radish,category_organization,"Form, Color, Material",29,무/무우,0.13793103448275862,Radish,Korean,"Form, Color, Material",multiple,form color material
Radish,category_organization,"Form, Material",29,무/무우,0.10344827586206896,Radish,Korean,"Form, Material",multiple,form material
Radish,category_organization,Material,29,무/무우,0.10344827586206896,Radish,Korean,Material,material,material
Radish,category_organization,Not applicable,29,무/무우,0.03448275862068965,Radish,Korean,Not applicable,none of these,not applicable
Radish,count_mass,Can be counted,29,무/무우,1,Radish,Korean,Can be counted,count,can be counted
Radish,solidity,I don't know/It's hard to say,29,무/무우,0.10344827586206896,Radish,Korean,I don't know/It's hard to say,unknown,i dont knowits hard to say
Radish,solidity,Not a solid,29,무/무우,0.06896551724137931,Radish,Korean,Not a solid,non-solid,not a solid
Radish,solidity,Solid,29,무/무우,0.8275862068965517,Radish,Korean,Solid,solid,solid
Rag,category_organization,Color,29,걸레,0.03448275862068965,Rag,Korean,Color,color,color
Rag,category_organization,Form,29,걸레,0.5172413793103449,Rag,Korean,Form,shape,form
Rag,category_organization,"Form, Color, Material",29,걸레,0.10344827586206896,Rag,Korean,"Form, Color, Material",multiple,form color material
Rag,category_organization,"Form, Material",29,걸레,0.1724137931034483,Rag,Korean,"Form, Material",multiple,form material
Rag,category_organization,Material,29,걸레,0.13793103448275862,Rag,Korean,Material,material,material
Rag,category_organization,Not applicable,29,걸레,0.03448275862068965,Rag,Korean,Not applicable,none of these,not applicable
Rag,count_mass,Can be counted,29,걸레,0.9655172413793104,Rag,Korean,Can be counted,count,can be counted
Rag,count_mass,Cannot be counted,29,걸레,0.034482758620689655,Rag,Korean,Cannot be counted,mass,cannot be counted
Rag,solidity,I don't know/It's hard to say,29,걸레,0.06896551724137931,Rag,Korean,I don't know/It's hard to say,unknown,i dont knowits hard to say
Rag,solidity,Not a solid,29,걸레,0.10344827586206896,Rag,Korean,Not a solid,non-solid,not a solid
Rag,solidity,Solid,29,걸레,0.8275862068965517,Rag,Korean,Solid,solid,solid
Rain,category_organization,Color,29,비,0.03448275862068965,Rain,Korean,Color,color,color
Rain,category_organization,"Color, Material",29,비,0.03448275862068965,Rain,Korean,"Color, Material",multiple,color material
Rain,category_organization,Form,29,비,0.3448275862068966,Rain,Korean,Form,shape,form
Rain,category_organization,"Form, Material",29,비,0.13793103448275862,Rain,Korean,"Form, Material",multiple,form material
Rain,category_organization,Material,29,비,0.27586206896551724,Rain,Korean,Material,material,material
Rain,category_organization,"Material, Not applicable",29,비,0.06896551724137931,Rain,Korean,"Material, Not applicable",multiple,material not applicable
Rain,category_organization,Not applicable,29,비,0.10344827586206896,Rain,Korean,Not applicable,none of these,not applicable
Rain,count_mass,Can be counted,29,비,0.034482758620689655,Rain,Korean,Can be counted,count,can be counted
Rain,count_mass,Cannot be counted,29,비,0.8620689655172413,Rain,Korean,Cannot be counted,mass,cannot be counted
Rain,count_mass,I don't know/It's hard to say,29,비,0.10344827586206896,Rain,Korean,I don't know/It's hard to say,unknown,i dont knowits hard to say
Rain,solidity,I don't know/It's hard to say,29,비,0.06896551724137931,Rain,Korean,I don't know/It's hard to say,unknown,i dont knowits hard to say
Rain,solidity,Not a solid,29,비,0.896551724137931,Rain,Korean,Not a solid,non-solid,not a solid
Rain,solidity,Solid,29,비,0.034482758620689655,Rain,Korean,Solid,solid,solid
Ramen,category_organization,Color,29,라면,0.03448275862068965,Ramen,Korean,Color,color,color
Ramen,category_organization,"Color, Material",29,라면,0.03448275862068965,Ramen,Korean,"Color, Material",multiple,color material
Ramen,category_organization,Form,29,라면,0.4827586206896552,Ramen,Korean,Form,shape,form
Ramen,category_organization,"Form, Color",29,라면,0.06896551724137931,Ramen,Korean,"Form, Color",multiple,form color
Ramen,category_organization,"Form, Color, Material",29,라면,0.13793103448275862,Ramen,Korean,"Form, Color, Material",multiple,form color material
Ramen,category_organization,"Form, Material",29,라면,0.20689655172413793,Ramen,Korean,"Form, Material",multiple,form material
Ramen,category_organization,Material,29,라면,0.03448275862068965,Ramen,Korean,Material,material,material
Ramen,count_mass,Can be counted,29,라면,0.8620689655172413,Ramen,Korean,Can be counted,count,can be counted
Ramen,count_mass,Cannot be counted,29,라면,0.034482758620689655,Ramen,Korean,Cannot be counted,mass,cannot be counted
Ramen,count_mass,I don't know/It's hard to say,29,라면,0.10344827586206896,Ramen,Korean,I don't know/It's hard to say,unknown,i dont knowits hard to say
Ramen,solidity,I don't know/It's hard to say,29,라면,0.41379310344827586,Ramen,Korean,I don't know/It's hard to say,unknown,i dont knowits hard to say
Ramen,solidity,Not a solid,29,라면,0.10344827586206896,Ramen,Korean,Not a solid,non-solid,not a solid
Ramen,solidity,Solid,29,라면,0.4827586206896552,Ramen,Korean,Solid,solid,solid
Refrigerator,category_organization,Color,29,냉장고,0.03448275862068965,Refrigerator,Korean,Color,color,color
Refrigerator,category_organization,Form,29,냉장고,0.6896551724137931,Refrigerator,Korean,Form,shape,form
Refrigerator,category_organization,"Form, Color, Material",29,냉장고,0.03448275862068965,Refrigerator,Korean,"Form, Color, Material",multiple,form color material
Refrigerator,category_organization,"Form, Material",29,냉장고,0.1724137931034483,Refrigerator,Korean,"Form, Material",multiple,form material
Refrigerator,category_organization,Material,29,냉장고,0.06896551724137931,Refrigerator,Korean,Material,material,material
Refrigerator,count_mass,Can be counted,29,냉장고,1,Refrigerator,Korean,Can be counted,count,can be counted
Refrigerator,solidity,I don't know/It's hard to say,29,냉장고,0.034482758620689655,Refrigerator,Korean,I don't know/It's hard to say,unknown,i dont knowits hard to say
Refrigerator,solidity,Solid,29,냉장고,0.9655172413793104,Refrigerator,Korean,Solid,solid,solid
Rice,category_organization,Color,29,쌀,0.03448275862068965,Rice,Korean,Color,color,color
Rice,category_organization,Form,29,쌀,0.4482758620689655,Rice,Korean,Form,shape,form
Rice,category_organization,"Form, Color",29,쌀,0.03448275862068965,Rice,Korean,"Form, Color",multiple,form color
Rice,category_organization,"Form, Color, Material",29,쌀,0.13793103448275862,Rice,Korean,"Form, Color, Material",multiple,form color material
Rice,category_organization,"Form, Material",29,쌀,0.20689655172413793,Rice,Korean,"Form, Material",multiple,form material
Rice,category_organization,Material,29,쌀,0.13793103448275862,Rice,Korean,Material,material,material
Rice,count_mass,Can be counted,29,쌀,0.5517241379310345,Rice,Korean,Can be counted,count,can be counted
Rice,count_mass,Cannot be counted,29,쌀,0.27586206896551724,Rice,Korean,Cannot be counted,mass,cannot be counted
Rice,count_mass,I don't know/It's hard to say,29,쌀,0.1724137931034483,Rice,Korean,I don't know/It's hard to say,unknown,i dont knowits hard to say
Rice,solidity,I don't know/It's hard to say,29,쌀,0.06896551724137931,Rice,Korean,I don't know/It's hard to say,unknown,i dont knowits hard to say
Rice,solidity,Not a solid,29,쌀,0.13793103448275862,Rice,Korean,Not a solid,non-solid,not a solid
Rice,solidity,Solid,29,쌀,0.7931034482758621,Rice,Korean,Solid,solid,solid
Rice Cake,category_organization,Form,29,떡,0.5517241379310345,Rice Cake,Korean,Form,shape,form
Rice Cake,category_organization,"Form, Color, Material",29,떡,0.06896551724137931,Rice Cake,Korean,"Form, Color, Material",multiple,form color material
Rice Cake,category_organization,"Form, Material",29,떡,0.2413793103448276,Rice Cake,Korean,"Form, Material",multiple,form material
Rice Cake,category_organization,Material,29,떡,0.13793103448275862,Rice Cake,Korean,Material,material,material
Rice Cake,count_mass,Can be counted,29,떡,1,Rice Cake,Korean,Can be counted,count,can be counted
Rice Cake,solidity,I don't know/It's hard to say,29,떡,0.10344827586206896,Rice Cake,Korean,I don't know/It's hard to say,unknown,i dont knowits hard to say
Rice Cake,solidity,Not a solid,29,떡,0.13793103448275862,Rice Cake,Korean,Not a solid,non-solid,not a solid
Rice Cake,solidity,Solid,29,떡,0.7586206896551724,Rice Cake,Korean,Solid,solid,solid
Robot,category_organization,Form,29,로봇,0.6206896551724138,Robot,Korean,Form,shape,form
Robot,category_organization,"Form, Color, Material",29,로봇,0.03448275862068965,Robot,Korean,"Form, Color, Material",multiple,form color material
Robot,category_organization,"Form, Material",29,로봇,0.20689655172413793,Robot,Korean,"Form, Material",multiple,form material
Robot,category_organization,Material,29,로봇,0.06896551724137931,Robot,Korean,Material,material,material
Robot,category_organization,Not applicable,29,로봇,0.06896551724137931,Robot,Korean,Not applicable,none of these,not applicable
Robot,count_mass,Can be counted,29,로봇,0.8620689655172413,Robot,Korean,Can be counted,count,can be counted
Robot,count_mass,I don't know/It's hard to say,29,로봇,0.13793103448275862,Robot,Korean,I don't know/It's hard to say,unknown,i dont knowits hard to say
Robot,solidity,I don't know/It's hard to say,29,로봇,0.034482758620689655,Robot,Korean,I don't know/It's hard to say,unknown,i dont knowits hard to say
Robot,solidity,Solid,29,로봇,0.9655172413793104,Robot,Korean,Solid,solid,solid
Rock,category_organization,"Color, Material",29,돌,0.03448275862068965,Rock,Korean,"Color, Material",multiple,color material
Rock,category_organization,Form,29,돌,0.4482758620689655,Rock,Korean,Form,shape,form
Rock,category_organization,"Form, Color",29,돌,0.06896551724137931,Rock,Korean,"Form, Color",multiple,form color
Rock,category_organization,"Form, Color, Material",29,돌,0.10344827586206896,Rock,Korean,"Form, Color, Material",multiple,form color material
Rock,category_organization,"Form, Material",29,돌,0.1724137931034483,Rock,Korean,"Form, Material",multiple,form material
Rock,category_organization,Material,29,돌,0.13793103448275862,Rock,Korean,Material,material,material
Rock,category_organization,Not applicable,29,돌,0.03448275862068965,Rock,Korean,Not applicable,none of these,not applicable
Rock,count_mass,Can be counted,29,돌,0.7586206896551724,Rock,Korean,Can be counted,count,can be counted
Rock,count_mass,Cannot be counted,29,돌,0.20689655172413793,Rock,Korean,Cannot be counted,mass,cannot be counted
Rock,count_mass,I don't know/It's hard to say,29,돌,0.034482758620689655,Rock,Korean,I don't know/It's hard to say,unknown,i dont knowits hard to say
Rock,solidity,I don't know/It's hard to say,29,돌,0.06896551724137931,Rock,Korean,I don't know/It's hard to say,unknown,i dont knowits hard to say
Rock,solidity,Solid,29,돌,0.9310344827586207,Rock,Korean,Solid,solid,solid
Roof,category_organization,Form,29,지붕,0.7241379310344828,Roof,Korean,Form,shape,form
Roof,category_organization,"Form, Color, Material",29,지붕,0.13793103448275862,Roof,Korean,"Form, Color, Material",multiple,form color material
Roof,category_organization,"Form, Material",29,지붕,0.10344827586206896,Roof,Korean,"Form, Material",multiple,form material
Roof,category_organization,Material,29,지붕,0.03448275862068965,Roof,Korean,Material,material,material
Roof,count_mass,Can be counted,29,지붕,0.896551724137931,Roof,Korean,Can be counted,count,can be counted
Roof,count_mass,I don't know/It's hard to say,29,지붕,0.10344827586206896,Roof,Korean,I don't know/It's hard to say,unknown,i dont knowits hard to say
Roof,solidity,I don't know/It's hard to say,29,지붕,0.034482758620689655,Roof,Korean,I don't know/It's hard to say,unknown,i dont knowits hard to say
Roof,solidity,Solid,29,지붕,0.9655172413793104,Roof,Korean,Solid,solid,solid
Room,category_organization,Form,29,방,0.6551724137931034,Room,Korean,Form,shape,form
Room,category_organization,"Form, Color",29,방,0.03448275862068965,Room,Korean,"Form, Color",multiple,form color
Room,category_organization,"Form, Color, Material",29,방,0.03448275862068965,Room,Korean,"Form, Color, Material",multiple,form color material
Room,category_organization,"Form, Material",29,방,0.13793103448275862,Room,Korean,"Form, Material",multiple,form material
Room,category_organization,Material,29,방,0.03448275862068965,Room,Korean,Material,material,material
Room,category_organization,Not applicable,29,방,0.10344827586206896,Room,Korean,Not applicable,none of these,not applicable
Room,count_mass,Can be counted,29,방,0.9310344827586207,Room,Korean,Can be counted,count,can be counted
Room,count_mass,Cannot be counted,29,방,0.034482758620689655,Room,Korean,Cannot be counted,mass,cannot be counted
Room,count_mass,I don't know/It's hard to say,29,방,0.034482758620689655,Room,Korean,I don't know/It's hard to say,unknown,i dont knowits hard to say
Room,solidity,I don't know/It's hard to say,29,방,0.20689655172413793,Room,Korean,I don't know/It's hard to say,unknown,i dont knowits hard to say
Room,solidity,Not a solid,29,방,0.06896551724137931,Room,Korean,Not a solid,non-solid,not a solid
Room,solidity,Solid,29,방,0.7241379310344828,Room,Korean,Solid,solid,solid
Salt,category_organization,Color,29,소금,0.03448275862068965,Salt,Korean,Color,color,color
Salt,category_organization,"Color, Material",29,소금,0.03448275862068965,Salt,Korean,"Color, Material",multiple,color material
Salt,category_organization,Form,29,소금,0.27586206896551724,Salt,Korean,Form,shape,form
Salt,category_organization,"Form, Color, Material",29,소금,0.10344827586206896,Salt,Korean,"Form, Color, Material",multiple,form color material
Salt,category_organization,"Form, Material",29,소금,0.2413793103448276,Salt,Korean,"Form, Material",multiple,form material
Salt,category_organization,Material,29,소금,0.27586206896551724,Salt,Korean,Material,material,material
Salt,category_organization,Not applicable,29,소금,0.03448275862068965,Salt,Korean,Not applicable,none of these,not applicable
Salt,count_mass,Can be counted,29,소금,0.4827586206896552,Salt,Korean,Can be counted,count,can be counted
Salt,count_mass,Cannot be counted,29,소금,0.3103448275862069,Salt,Korean,Cannot be counted,mass,cannot be counted
Salt,count_mass,I don't know/It's hard to say,29,소금,0.20689655172413793,Salt,Korean,I don't know/It's hard to say,unknown,i dont knowits hard to say
Salt,solidity,I don't know/It's hard to say,29,소금,0.1724137931034483,Salt,Korean,I don't know/It's hard to say,unknown,i dont knowits hard to say
Salt,solidity,Not a solid,29,소금,0.1724137931034483,Salt,Korean,Not a solid,non-solid,not a solid
Salt,solidity,Solid,29,소금,0.6551724137931034,Salt,Korean,Solid,solid,solid
Sand,category_organization,Color,29,모래,0.06896551724137931,Sand,Korean,Color,color,color
Sand,category_organization,"Color, Material",29,모래,0.03448275862068965,Sand,Korean,"Color, Material",multiple,color material
Sand,category_organization,Form,29,모래,0.3103448275862069,Sand,Korean,Form,shape,form
Sand,category_organization,"Form, Color",29,모래,0.03448275862068965,Sand,Korean,"Form, Color",multiple,form color
Sand,category_organization,"Form, Color, Material",29,모래,0.06896551724137931,Sand,Korean,"Form, Color, Material",multiple,form color material
Sand,category_organization,"Form, Material",29,모래,0.27586206896551724,Sand,Korean,"Form, Material",multiple,form material
Sand,category_organization,Material,29,모래,0.20689655172413793,Sand,Korean,Material,material,material
Sand,count_mass,Can be counted,29,모래,0.13793103448275862,Sand,Korean,Can be counted,count,can be counted
Sand,count_mass,Cannot be counted,29,모래,0.7241379310344828,Sand,Korean,Cannot be counted,mass,cannot be counted
Sand,count_mass,I don't know/It's hard to say,29,모래,0.13793103448275862,Sand,Korean,I don't know/It's hard to say,unknown,i dont knowits hard to say
Sand,solidity,I don't know/It's hard to say,29,모래,0.06896551724137931,Sand,Korean,I don't know/It's hard to say,unknown,i dont knowits hard to say
Sand,solidity,Not a solid,29,모래,0.20689655172413793,Sand,Korean,Not a solid,non-solid,not a solid
Sand,solidity,Solid,29,모래,0.7241379310344828,Sand,Korean,Solid,solid,solid
Scarf,category_organization,Form,29,목도리,0.6206896551724138,Scarf,Korean,Form,shape,form
Scarf,category_organization,"Form, Color",29,목도리,0.03448275862068965,Scarf,Korean,"Form, Color",multiple,form color
Scarf,category_organization,"Form, Color, Material",29,목도리,0.13793103448275862,Scarf,Korean,"Form, Color, Material",multiple,form color material
Scarf,category_organization,"Form, Material",29,목도리,0.13793103448275862,Scarf,Korean,"Form, Material",multiple,form material
Scarf,category_organization,Material,29,목도리,0.06896551724137931,Scarf,Korean,Material,material,material
Scarf,count_mass,Can be counted,29,목도리,0.9655172413793104,Scarf,Korean,Can be counted,count,can be counted
Scarf,count_mass,Cannot be counted,29,목도리,0.034482758620689655,Scarf,Korean,Cannot be counted,mass,cannot be counted
Scarf,solidity,I don't know/It's hard to say,29,목도리,0.10344827586206896,Scarf,Korean,I don't know/It's hard to say,unknown,i dont knowits hard to say
Scarf,solidity,Not a solid,29,목도리,0.06896551724137931,Scarf,Korean,Not a solid,non-solid,not a solid
Scarf,solidity,Solid,29,목도리,0.8275862068965517,Scarf,Korean,Solid,solid,solid
Scissors,category_organization,Form,29,가위,0.6551724137931034,Scissors,Korean,Form,shape,form
Scissors,category_organization,"Form, Color",29,가위,0.03448275862068965,Scissors,Korean,"Form, Color",multiple,form color
Scissors,category_organization,"Form, Color, Material",29,가위,0.03448275862068965,Scissors,Korean,"Form, Color, Material",multiple,form color material
Scissors,category_organization,"Form, Material",29,가위,0.2413793103448276,Scissors,Korean,"Form, Material",multiple,form material
Scissors,category_organization,Material,29,가위,0.03448275862068965,Scissors,Korean,Material,material,material
Scissors,count_mass,Can be counted,29,가위,1,Scissors,Korean,Can be counted,count,can be counted
Scissors,solidity,I don't know/It's hard to say,29,가위,0.034482758620689655,Scissors,Korean,I don't know/It's hard to say,unknown,i dont knowits hard to say
Scissors,solidity,Solid,29,가위,0.9655172413793104,Scissors,Korean,Solid,solid,solid
See-Saw,category_organization,Color,29,시소,0.03448275862068965,See-Saw,Korean,Color,color,color
See-Saw,category_organization,Form,29,시소,0.6896551724137931,See-Saw,Korean,Form,shape,form
See-Saw,category_organization,"Form, Color, Material",29,시소,0.10344827586206896,See-Saw,Korean,"Form, Color, Material",multiple,form color material
See-Saw,category_organization,"Form, Material",29,시소,0.13793103448275862,See-Saw,Korean,"Form, Material",multiple,form material
See-Saw,category_organization,Material,29,시소,0.03448275862068965,See-Saw,Korean,Material,material,material
See-Saw,count_mass,Can be counted,29,시소,0.9310344827586207,See-Saw,Korean,Can be counted,count,can be counted
See-Saw,count_mass,Cannot be counted,29,시소,0.034482758620689655,See-Saw,Korean,Cannot be counted,mass,cannot be counted
See-Saw,count_mass,I don't know/It's hard to say,29,시소,0.034482758620689655,See-Saw,Korean,I don't know/It's hard to say,unknown,i dont knowits hard to say
See-Saw,solidity,I don't know/It's hard to say,29,시소,0.034482758620689655,See-Saw,Korean,I don't know/It's hard to say,unknown,i dont knowits hard to say
See-Saw,solidity,Solid,29,시소,0.9655172413793104,See-Saw,Korean,Solid,solid,solid
Seweed,category_organization,Color,29,김,0.03448275862068965,Seweed,Korean,Color,color,color
Seweed,category_organization,"Color, Material",29,김,0.03448275862068965,Seweed,Korean,"Color, Material",multiple,color material
Seweed,category_organization,Form,29,김,0.3793103448275862,Seweed,Korean,Form,shape,form
Seweed,category_organization,"Form, Color",29,김,0.1724137931034483,Seweed,Korean,"Form, Color",multiple,form color
Seweed,category_organization,"Form, Color, Material",29,김,0.20689655172413793,Seweed,Korean,"Form, Color, Material",multiple,form color material
Seweed,category_organization,"Form, Material",29,김,0.06896551724137931,Seweed,Korean,"Form, Material",multiple,form material
Seweed,category_organization,Material,29,김,0.10344827586206896,Seweed,Korean,Material,material,material
Seweed,count_mass,Can be counted,29,김,0.7931034482758621,Seweed,Korean,Can be counted,count,can be counted
Seweed,count_mass,Cannot be counted,29,김,0.06896551724137931,Seweed,Korean,Cannot be counted,mass,cannot be counted
Seweed,count_mass,I don't know/It's hard to say,29,김,0.13793103448275862,Seweed,Korean,I don't know/It's hard to say,unknown,i dont knowits hard to say
Seweed,solidity,I don't know/It's hard to say,29,김,0.1724137931034483,Seweed,Korean,I don't know/It's hard to say,unknown,i dont knowits hard to say
Seweed,solidity,Not a solid,29,김,0.1724137931034483,Seweed,Korean,Not a solid,non-solid,not a solid
Seweed,solidity,Solid,29,김,0.6551724137931034,Seweed,Korean,Solid,solid,solid
Sheep,category_organization,Form,29,양,0.6896551724137931,Sheep,Korean,Form,shape,form
Sheep,category_organization,"Form, Color",29,양,0.10344827586206896,Sheep,Korean,"Form, Color",multiple,form color
Sheep,category_organization,"Form, Color, Material",29,양,0.13793103448275862,Sheep,Korean,"Form, Color, Material",multiple,form color material
Sheep,category_organization,"Form, Material",29,양,0.03448275862068965,Sheep,Korean,"Form, Material",multiple,form material
Sheep,category_organization,Material,29,양,0.03448275862068965,Sheep,Korean,Material,material,material
Sheep,count_mass,Can be counted,29,양,1,Sheep,Korean,Can be counted,count,can be counted
Sheep,solidity,I don't know/It's hard to say,29,양,0.2413793103448276,Sheep,Korean,I don't know/It's hard to say,unknown,i dont knowits hard to say
Sheep,solidity,Not a solid,29,양,0.10344827586206896,Sheep,Korean,Not a solid,non-solid,not a solid
Sheep,solidity,Solid,29,양,0.6551724137931034,Sheep,Korean,Solid,solid,solid
Shoes,category_organization,Color,29,신/신발,0.03448275862068965,Shoes,Korean,Color,color,color
Shoes,category_organization,Form,29,신/신발,0.6206896551724138,Shoes,Korean,Form,shape,form
Shoes,category_organization,"Form, Color",29,신/신발,0.03448275862068965,Shoes,Korean,"Form, Color",multiple,form color
Shoes,category_organization,"Form, Color, Material",29,신/신발,0.13793103448275862,Shoes,Korean,"Form, Color, Material",multiple,form color material
Shoes,category_organization,"Form, Material",29,신/신발,0.10344827586206896,Shoes,Korean,"Form, Material",multiple,form material
Shoes,category_organization,Material,29,신/신발,0.06896551724137931,Shoes,Korean,Material,material,material
Shoes,count_mass,Can be counted,29,신/신발,1,Shoes,Korean,Can be counted,count,can be counted
Shoes,solidity,I don't know/It's hard to say,29,신/신발,0.034482758620689655,Shoes,Korean,I don't know/It's hard to say,unknown,i dont knowits hard to say
Shoes,solidity,Solid,29,신/신발,0.9655172413793104,Shoes,Korean,Solid,solid,solid
Shoes/Dress Shoes,category_organization,Form,29,구두,0.6206896551724138,Shoes/Dress Shoes,Korean,Form,shape,form
Shoes/Dress Shoes,category_organization,"Form, Color",29,구두,0.03448275862068965,Shoes/Dress Shoes,Korean,"Form, Color",multiple,form color
Shoes/Dress Shoes,category_organization,"Form, Color, Material",29,구두,0.1724137931034483,Shoes/Dress Shoes,Korean,"Form, Color, Material",multiple,form color material
Shoes/Dress Shoes,category_organization,"Form, Material",29,구두,0.10344827586206896,Shoes/Dress Shoes,Korean,"Form, Material",multiple,form material
Shoes/Dress Shoes,category_organization,Material,29,구두,0.06896551724137931,Shoes/Dress Shoes,Korean,Material,material,material
Shoes/Dress Shoes,count_mass,Can be counted,29,구두,1,Shoes/Dress Shoes,Korean,Can be counted,count,can be counted
Shoes/Dress Shoes,solidity,I don't know/It's hard to say,29,구두,0.034482758620689655,Shoes/Dress Shoes,Korean,I don't know/It's hard to say,unknown,i dont knowits hard to say
Shoes/Dress Shoes,solidity,Solid,29,구두,0.9655172413793104,Shoes/Dress Shoes,Korean,Solid,solid,solid
Shoulder,category_organization,Form,29,어깨,0.8620689655172413,Shoulder,Korean,Form,shape,form
Shoulder,category_organization,"Form, Material",29,어깨,0.10344827586206896,Shoulder,Korean,"Form, Material",multiple,form material
Shoulder,category_organization,Material,29,어깨,0.03448275862068965,Shoulder,Korean,Material,material,material
Shoulder,count_mass,Can be counted,29,어깨,0.8275862068965517,Shoulder,Korean,Can be counted,count,can be counted
Shoulder,count_mass,Cannot be counted,29,어깨,0.034482758620689655,Shoulder,Korean,Cannot be counted,mass,cannot be counted
Shoulder,count_mass,I don't know/It's hard to say,29,어깨,0.13793103448275862,Shoulder,Korean,I don't know/It's hard to say,unknown,i dont knowits hard to say
Shoulder,solidity,I don't know/It's hard to say,29,어깨,0.2413793103448276,Shoulder,Korean,I don't know/It's hard to say,unknown,i dont knowits hard to say
Shoulder,solidity,Not a solid,29,어깨,0.10344827586206896,Shoulder,Korean,Not a solid,non-solid,not a solid
Shoulder,solidity,Solid,29,어깨,0.6551724137931034,Shoulder,Korean,Solid,solid,solid
Skirt,category_organization,Form,29,치마,0.6551724137931034,Skirt,Korean,Form,shape,form
Skirt,category_organization,"Form, Color",29,치마,0.03448275862068965,Skirt,Korean,"Form, Color",multiple,form color
Skirt,category_organization,"Form, Color, Material",29,치마,0.13793103448275862,Skirt,Korean,"Form, Color, Material",multiple,form color material
Skirt,category_organization,"Form, Material",29,치마,0.10344827586206896,Skirt,Korean,"Form, Material",multiple,form material
Skirt,category_organization,Material,29,치마,0.06896551724137931,Skirt,Korean,Material,material,material
Skirt,count_mass,Can be counted,29,치마,1,Skirt,Korean,Can be counted,count,can be counted
Skirt,solidity,I don't know/It's hard to say,29,치마,0.10344827586206896,Skirt,Korean,I don't know/It's hard to say,unknown,i dont knowits hard to say
Skirt,solidity,Not a solid,29,치마,0.06896551724137931,Skirt,Korean,Not a solid,non-solid,not a solid
Skirt,solidity,Solid,29,치마,0.8275862068965517,Skirt,Korean,Solid,solid,solid
Sky,category_organization,Color,29,하늘,0.27586206896551724,Sky,Korean,Color,color,color
Sky,category_organization,"Color, Material",29,하늘,0.06896551724137931,Sky,Korean,"Color, Material",multiple,color material
Sky,category_organization,Form,29,하늘,0.3448275862068966,Sky,Korean,Form,shape,form
Sky,category_organization,"Form, Color, Material",29,하늘,0.03448275862068965,Sky,Korean,"Form, Color, Material",multiple,form color material
Sky,category_organization,Material,29,하늘,0.13793103448275862,Sky,Korean,Material,material,material
Sky,category_organization,Not applicable,29,하늘,0.13793103448275862,Sky,Korean,Not applicable,none of these,not applicable
Sky,count_mass,Can be counted,29,하늘,0.034482758620689655,Sky,Korean,Can be counted,count,can be counted
Sky,count_mass,Cannot be counted,29,하늘,0.896551724137931,Sky,Korean,Cannot be counted,mass,cannot be counted
Sky,count_mass,I don't know/It's hard to say,29,하늘,0.06896551724137931,Sky,Korean,I don't know/It's hard to say,unknown,i dont knowits hard to say
Sky,solidity,I don't know/It's hard to say,29,하늘,0.13793103448275862,Sky,Korean,I don't know/It's hard to say,unknown,i dont knowits hard to say
Sky,solidity,Not a solid,29,하늘,0.7931034482758621,Sky,Korean,Not a solid,non-solid,not a solid
Sky,solidity,Solid,29,하늘,0.06896551724137931,Sky,Korean,Solid,solid,solid
Sled,category_organization,Form,28,썰매,0.6785714285714286,Sled,Korean,Form,shape,form
Sled,category_organization,"Form, Color, Material",28,썰매,0.03571428571428571,Sled,Korean,"Form, Color, Material",multiple,form color material
Sled,category_organization,"Form, Material",28,썰매,0.21428571428571427,Sled,Korean,"Form, Material",multiple,form material
Sled,category_organization,Material,28,썰매,0.07142857142857142,Sled,Korean,Material,material,material
Sled,count_mass,Can be counted,29,썰매,0.7931034482758621,Sled,Korean,Can be counted,count,can be counted
Sled,count_mass,Cannot be counted,29,썰매,0.10344827586206896,Sled,Korean,Cannot be counted,mass,cannot be counted
Sled,count_mass,I don't know/It's hard to say,29,썰매,0.10344827586206896,Sled,Korean,I don't know/It's hard to say,unknown,i dont knowits hard to say
Sled,solidity,I don't know/It's hard to say,29,썰매,0.034482758620689655,Sled,Korean,I don't know/It's hard to say,unknown,i dont knowits hard to say
Sled,solidity,Solid,29,썰매,0.9655172413793104,Sled,Korean,Solid,solid,solid
Slide,category_organization,Color,29,미끄럼틀,0.03448275862068965,Slide,Korean,Color,color,color
Slide,category_organization,Form,29,미끄럼틀,0.7241379310344828,Slide,Korean,Form,shape,form
Slide,category_organization,"Form, Color",29,미끄럼틀,0.03448275862068965,Slide,Korean,"Form, Color",multiple,form color
Slide,category_organization,"Form, Color, Material",29,미끄럼틀,0.06896551724137931,Slide,Korean,"Form, Color, Material",multiple,form color material
Slide,category_organization,"Form, Material",29,미끄럼틀,0.10344827586206896,Slide,Korean,"Form, Material",multiple,form material
Slide,category_organization,Material,29,미끄럼틀,0.03448275862068965,Slide,Korean,Material,material,material
Slide,count_mass,Can be counted,29,미끄럼틀,1,Slide,Korean,Can be counted,count,can be counted
Slide,solidity,I don't know/It's hard to say,29,미끄럼틀,0.034482758620689655,Slide,Korean,I don't know/It's hard to say,unknown,i dont knowits hard to say
Slide,solidity,Solid,29,미끄럼틀,0.9655172413793104,Slide,Korean,Solid,solid,solid
Snake,category_organization,Form,29,뱀,0.6551724137931034,Snake,Korean,Form,shape,form
Snake,category_organization,"Form, Color",29,뱀,0.06896551724137931,Snake,Korean,"Form, Color",multiple,form color
Snake,category_organization,"Form, Color, Material",29,뱀,0.06896551724137931,Snake,Korean,"Form, Color, Material",multiple,form color material
Snake,category_organization,"Form, Material",29,뱀,0.1724137931034483,Snake,Korean,"Form, Material",multiple,form material
Snake,category_organization,Material,29,뱀,0.03448275862068965,Snake,Korean,Material,material,material
Snake,count_mass,Can be counted,29,뱀,0.9655172413793104,Snake,Korean,Can be counted,count,can be counted
Snake,count_mass,I don't know/It's hard to say,29,뱀,0.034482758620689655,Snake,Korean,I don't know/It's hard to say,unknown,i dont knowits hard to say
Snake,solidity,I don't know/It's hard to say,29,뱀,0.2413793103448276,Snake,Korean,I don't know/It's hard to say,unknown,i dont knowits hard to say
Snake,solidity,Not a solid,29,뱀,0.10344827586206896,Snake,Korean,Not a solid,non-solid,not a solid
Snake,solidity,Solid,29,뱀,0.6551724137931034,Snake,Korean,Solid,solid,solid
Sneakers,category_organization,Form,29,운동화,0.6206896551724138,Sneakers,Korean,Form,shape,form
Sneakers,category_organization,"Form, Color",29,운동화,0.03448275862068965,Sneakers,Korean,"Form, Color",multiple,form color
Sneakers,category_organization,"Form, Color, Material",29,운동화,0.13793103448275862,Sneakers,Korean,"Form, Color, Material",multiple,form color material
Sneakers,category_organization,"Form, Material",29,운동화,0.10344827586206896,Sneakers,Korean,"Form, Material",multiple,form material
Sneakers,category_organization,Material,29,운동화,0.10344827586206896,Sneakers,Korean,Material,material,material
Sneakers,count_mass,Can be counted,29,운동화,1,Sneakers,Korean,Can be counted,count,can be counted
Sneakers,solidity,I don't know/It's hard to say,29,운동화,0.034482758620689655,Sneakers,Korean,I don't know/It's hard to say,unknown,i dont knowits hard to say
Sneakers,solidity,Solid,29,운동화,0.9655172413793104,Sneakers,Korean,Solid,solid,solid
Snow,category_organization,"Color, Material",29,눈,0.13793103448275862,Snow,Korean,"Color, Material",multiple,color material
Snow,category_organization,Form,29,눈,0.3793103448275862,Snow,Korean,Form,shape,form
Snow,category_organization,"Form, Color, Material",29,눈,0.1724137931034483,Snow,Korean,"Form, Color, Material",multiple,form color material
Snow,category_organization,"Form, Material",29,눈,0.10344827586206896,Snow,Korean,"Form, Material",multiple,form material
Snow,category_organization,Material,29,눈,0.1724137931034483,Snow,Korean,Material,material,material
Snow,category_organization,Not applicable,29,눈,0.03448275862068965,Snow,Korean,Not applicable,none of these,not applicable
Snow,count_mass,Can be counted,29,눈,0.1724137931034483,Snow,Korean,Can be counted,count,can be counted
Snow,count_mass,Cannot be counted,29,눈,0.6896551724137931,Snow,Korean,Cannot be counted,mass,cannot be counted
Snow,count_mass,I don't know/It's hard to say,29,눈,0.13793103448275862,Snow,Korean,I don't know/It's hard to say,unknown,i dont knowits hard to say
Snow,solidity,I don't know/It's hard to say,29,눈,0.20689655172413793,Snow,Korean,I don't know/It's hard to say,unknown,i dont knowits hard to say
Snow,solidity,Not a solid,29,눈,0.4827586206896552,Snow,Korean,Not a solid,non-solid,not a solid
Snow,solidity,Solid,29,눈,0.3103448275862069,Snow,Korean,Solid,solid,solid
Snowman,category_organization,"Color, Material",29,눈사람,0.03448275862068965,Snowman,Korean,"Color, Material",multiple,color material
Snowman,category_organization,Form,29,눈사람,0.41379310344827586,Snowman,Korean,Form,shape,form
Snowman,category_organization,"Form, Color",29,눈사람,0.03448275862068965,Snowman,Korean,"Form, Color",multiple,form color
Snowman,category_organization,"Form, Color, Material",29,눈사람,0.20689655172413793,Snowman,Korean,"Form, Color, Material",multiple,form color material
Snowman,category_organization,"Form, Material",29,눈사람,0.20689655172413793,Snowman,Korean,"Form, Material",multiple,form material
Snowman,category_organization,Material,29,눈사람,0.10344827586206896,Snowman,Korean,Material,material,material
Snowman,count_mass,Can be counted,29,눈사람,0.8275862068965517,Snowman,Korean,Can be counted,count,can be counted
Snowman,count_mass,Cannot be counted,29,눈사람,0.13793103448275862,Snowman,Korean,Cannot be counted,mass,cannot be counted
Snowman,count_mass,I don't know/It's hard to say,29,눈사람,0.034482758620689655,Snowman,Korean,I don't know/It's hard to say,unknown,i dont knowits hard to say
Snowman,solidity,I don't know/It's hard to say,29,눈사람,0.2413793103448276,Snowman,Korean,I don't know/It's hard to say,unknown,i dont knowits hard to say
Snowman,solidity,Not a solid,29,눈사람,0.20689655172413793,Snowman,Korean,Not a solid,non-solid,not a solid
Snowman,solidity,Solid,29,눈사람,0.5517241379310345,Snowman,Korean,Solid,solid,solid
Soap,category_organization,Color,29,비누,0.03448275862068965,Soap,Korean,Color,color,color
Soap,category_organization,"Color, Material",29,비누,0.06896551724137931,Soap,Korean,"Color, Material",multiple,color material
Soap,category_organization,Form,29,비누,0.4482758620689655,Soap,Korean,Form,shape,form
Soap,category_organization,"Form, Color, Material",29,비누,0.10344827586206896,Soap,Korean,"Form, Color, Material",multiple,form color material
Soap,category_organization,"Form, Material",29,비누,0.3103448275862069,Soap,Korean,"Form, Material",multiple,form material
Soap,category_organization,Material,29,비누,0.03448275862068965,Soap,Korean,Material,material,material
Soap,count_mass,Can be counted,29,비누,0.9655172413793104,Soap,Korean,Can be counted,count,can be counted
Soap,count_mass,I don't know/It's hard to say,29,비누,0.034482758620689655,Soap,Korean,I don't know/It's hard to say,unknown,i dont knowits hard to say
Soap,solidity,I don't know/It's hard to say,29,비누,0.10344827586206896,Soap,Korean,I don't know/It's hard to say,unknown,i dont knowits hard to say
Soap,solidity,Not a solid,29,비누,0.13793103448275862,Soap,Korean,Not a solid,non-solid,not a solid
Soap,solidity,Solid,29,비누,0.7586206896551724,Soap,Korean,Solid,solid,solid
Soap Bubble,category_organization,Color,29,비누방울,0.03448275862068965,Soap Bubble,Korean,Color,color,color
Soap Bubble,category_organization,Form,29,비누방울,0.2413793103448276,Soap Bubble,Korean,Form,shape,form
Soap Bubble,category_organization,"Form, Color",29,비누방울,0.03448275862068965,Soap Bubble,Korean,"Form, Color",multiple,form color
Soap Bubble,category_organization,"Form, Color, Material",29,비누방울,0.13793103448275862,Soap Bubble,Korean,"Form, Color, Material",multiple,form color material
Soap Bubble,category_organization,"Form, Material",29,비누방울,0.3103448275862069,Soap Bubble,Korean,"Form, Material",multiple,form material
Soap Bubble,category_organization,Material,29,비누방울,0.2413793103448276,Soap Bubble,Korean,Material,material,material
Soap Bubble,count_mass,Can be counted,29,비누방울,0.4827586206896552,Soap Bubble,Korean,Can be counted,count,can be counted
Soap Bubble,count_mass,Cannot be counted,29,비누방울,0.3103448275862069,Soap Bubble,Korean,Cannot be counted,mass,cannot be counted
Soap Bubble,count_mass,I don't know/It's hard to say,29,비누방울,0.20689655172413793,Soap Bubble,Korean,I don't know/It's hard to say,unknown,i dont knowits hard to say
Soap Bubble,solidity,I don't know/It's hard to say,29,비누방울,0.10344827586206896,Soap Bubble,Korean,I don't know/It's hard to say,unknown,i dont knowits hard to say
Soap Bubble,solidity,Not a solid,29,비누방울,0.8275862068965517,Soap Bubble,Korean,Not a solid,non-solid,not a solid
Soap Bubble,solidity,Solid,29,비누방울,0.06896551724137931,Soap Bubble,Korean,Solid,solid,solid
Socks,category_organization,Form,29,양말,0.6896551724137931,Socks,Korean,Form,shape,form
Socks,category_organization,"Form, Color",29,양말,0.03448275862068965,Socks,Korean,"Form, Color",multiple,form color
Socks,category_organization,"Form, Color, Material",29,양말,0.10344827586206896,Socks,Korean,"Form, Color, Material",multiple,form color material
Socks,category_organization,"Form, Material",29,양말,0.10344827586206896,Socks,Korean,"Form, Material",multiple,form material
Socks,category_organization,Material,29,양말,0.06896551724137931,Socks,Korean,Material,material,material
Socks,count_mass,Can be counted,29,양말,1,Socks,Korean,Can be counted,count,can be counted
Socks,solidity,I don't know/It's hard to say,29,양말,0.10344827586206896,Socks,Korean,I don't know/It's hard to say,unknown,i dont knowits hard to say
Socks,solidity,Not a solid,29,양말,0.06896551724137931,Socks,Korean,Not a solid,non-solid,not a solid
Socks,solidity,Solid,29,양말,0.8275862068965517,Socks,Korean,Solid,solid,solid
Sofa,category_organization,Form,29,소파,0.6896551724137931,Sofa,Korean,Form,shape,form
Sofa,category_organization,"Form, Color, Material",29,소파,0.13793103448275862,Sofa,Korean,"Form, Color, Material",multiple,form color material
Sofa,category_organization,"Form, Material",29,소파,0.10344827586206896,Sofa,Korean,"Form, Material",multiple,form material
Sofa,category_organization,Material,29,소파,0.06896551724137931,Sofa,Korean,Material,material,material
Sofa,count_mass,Can be counted,29,소파,1,Sofa,Korean,Can be counted,count,can be counted
Sofa,solidity,I don't know/It's hard to say,29,소파,0.06896551724137931,Sofa,Korean,I don't know/It's hard to say,unknown,i dont knowits hard to say
Sofa,solidity,Not a solid,29,소파,0.06896551724137931,Sofa,Korean,Not a solid,non-solid,not a solid
Sofa,solidity,Solid,29,소파,0.8620689655172413,Sofa,Korean,Solid,solid,solid
Soil/Dirt,category_organization,Color,29,흙,0.06896551724137931,Soil/Dirt,Korean,Color,color,color
Soil/Dirt,category_organization,"Color, Material",29,흙,0.1724137931034483,Soil/Dirt,Korean,"Color, Material",multiple,color material
Soil/Dirt,category_organization,Form,29,흙,0.27586206896551724,Soil/Dirt,Korean,Form,shape,form
Soil/Dirt,category_organization,"Form, Color, Material",29,흙,0.03448275862068965,Soil/Dirt,Korean,"Form, Color, Material",multiple,form color material
Soil/Dirt,category_organization,"Form, Material",29,흙,0.20689655172413793,Soil/Dirt,Korean,"Form, Material",multiple,form material
Soil/Dirt,category_organization,Material,29,흙,0.1724137931034483,Soil/Dirt,Korean,Material,material,material
Soil/Dirt,category_organization,Not applicable,29,흙,0.06896551724137931,Soil/Dirt,Korean,Not applicable,none of these,not applicable
Soil/Dirt,count_mass,Can be counted,29,흙,0.06896551724137931,Soil/Dirt,Korean,Can be counted,count,can be counted
Soil/Dirt,count_mass,Cannot be counted,29,흙,0.896551724137931,Soil/Dirt,Korean,Cannot be counted,mass,cannot be counted
Soil/Dirt,count_mass,I don't know/It's hard to say,29,흙,0.034482758620689655,Soil/Dirt,Korean,I don't know/It's hard to say,unknown,i dont knowits hard to say
Soil/Dirt,solidity,I don't know/It's hard to say,29,흙,0.1724137931034483,Soil/Dirt,Korean,I don't know/It's hard to say,unknown,i dont knowits hard to say
Soil/Dirt,solidity,Not a solid,29,흙,0.20689655172413793,Soil/Dirt,Korean,Not a solid,non-solid,not a solid
Soil/Dirt,solidity,Solid,29,흙,0.6206896551724138,Soil/Dirt,Korean,Solid,solid,solid
Soup,category_organization,Color,29,국,0.03448275862068965,Soup,Korean,Color,color,color
Soup,category_organization,"Color, Material",29,국,0.10344827586206896,Soup,Korean,"Color, Material",multiple,color material
Soup,category_organization,Form,29,국,0.3103448275862069,Soup,Korean,Form,shape,form
Soup,category_organization,"Form, Color",29,국,0.03448275862068965,Soup,Korean,"Form, Color",multiple,form color
Soup,category_organization,"Form, Color, Material",29,국,0.06896551724137931,Soup,Korean,"Form, Color, Material",multiple,form color material
Soup,category_organization,"Form, Material",29,국,0.2413793103448276,Soup,Korean,"Form, Material",multiple,form material
Soup,category_organization,Material,29,국,0.20689655172413793,Soup,Korean,Material,material,material
Soup,count_mass,Can be counted,29,국,0.5517241379310345,Soup,Korean,Can be counted,count,can be counted
Soup,count_mass,Cannot be counted,29,국,0.20689655172413793,Soup,Korean,Cannot be counted,mass,cannot be counted
Soup,count_mass,I don't know/It's hard to say,29,국,0.2413793103448276,Soup,Korean,I don't know/It's hard to say,unknown,i dont knowits hard to say
Soup,solidity,I don't know/It's hard to say,29,국,0.10344827586206896,Soup,Korean,I don't know/It's hard to say,unknown,i dont knowits hard to say
Soup,solidity,Not a solid,29,국,0.7586206896551724,Soup,Korean,Not a solid,non-solid,not a solid
Soup,solidity,Solid,29,국,0.13793103448275862,Soup,Korean,Solid,solid,solid
Spaghetti,category_organization,Color,29,스파게티,0.06896551724137931,Spaghetti,Korean,Color,color,color
Spaghetti,category_organization,"Color, Material",29,스파게티,0.03448275862068965,Spaghetti,Korean,"Color, Material",multiple,color material
Spaghetti,category_organization,Form,29,스파게티,0.3448275862068966,Spaghetti,Korean,Form,shape,form
Spaghetti,category_organization,"Form, Color",29,스파게티,0.10344827586206896,Spaghetti,Korean,"Form, Color",multiple,form color
Spaghetti,category_organization,"Form, Color, Material",29,스파게티,0.03448275862068965,Spaghetti,Korean,"Form, Color, Material",multiple,form color material
Spaghetti,category_organization,"Form, Material",29,스파게티,0.3448275862068966,Spaghetti,Korean,"Form, Material",multiple,form material
Spaghetti,category_organization,Material,29,스파게티,0.06896551724137931,Spaghetti,Korean,Material,material,material
Spaghetti,count_mass,Can be counted,29,스파게티,0.6206896551724138,Spaghetti,Korean,Can be counted,count,can be counted
Spaghetti,count_mass,Cannot be counted,29,스파게티,0.13793103448275862,Spaghetti,Korean,Cannot be counted,mass,cannot be counted
Spaghetti,count_mass,I don't know/It's hard to say,29,스파게티,0.2413793103448276,Spaghetti,Korean,I don't know/It's hard to say,unknown,i dont knowits hard to say
Spaghetti,solidity,I don't know/It's hard to say,29,스파게티,0.1724137931034483,Spaghetti,Korean,I don't know/It's hard to say,unknown,i dont knowits hard to say
Spaghetti,solidity,Not a solid,29,스파게티,0.13793103448275862,Spaghetti,Korean,Not a solid,non-solid,not a solid
Spaghetti,solidity,Solid,29,스파게티,0.6896551724137931,Spaghetti,Korean,Solid,solid,solid
Sparrow,category_organization,Form,29,참새,0.7241379310344828,Sparrow,Korean,Form,shape,form
Sparrow,category_organization,"Form, Color",29,참새,0.06896551724137931,Sparrow,Korean,"Form, Color",multiple,form color
Sparrow,category_organization,"Form, Color, Material",29,참새,0.06896551724137931,Sparrow,Korean,"Form, Color, Material",multiple,form color material
Sparrow,category_organization,"Form, Material",29,참새,0.10344827586206896,Sparrow,Korean,"Form, Material",multiple,form material
Sparrow,category_organization,Material,29,참새,0.03448275862068965,Sparrow,Korean,Material,material,material
Sparrow,count_mass,Can be counted,29,참새,0.9655172413793104,Sparrow,Korean,Can be counted,count,can be counted
Sparrow,count_mass,Cannot be counted,29,참새,0.034482758620689655,Sparrow,Korean,Cannot be counted,mass,cannot be counted
Sparrow,solidity,I don't know/It's hard to say,29,참새,0.2413793103448276,Sparrow,Korean,I don't know/It's hard to say,unknown,i dont knowits hard to say
Sparrow,solidity,Not a solid,29,참새,0.10344827586206896,Sparrow,Korean,Not a solid,non-solid,not a solid
Sparrow,solidity,Solid,29,참새,0.6551724137931034,Sparrow,Korean,Solid,solid,solid
Spoon,category_organization,Color,29,숟가락,0.03448275862068965,Spoon,Korean,Color,color,color
Spoon,category_organization,Form,29,숟가락,0.6206896551724138,Spoon,Korean,Form,shape,form
Spoon,category_organization,"Form, Color, Material",29,숟가락,0.10344827586206896,Spoon,Korean,"Form, Color, Material",multiple,form color material
Spoon,category_organization,"Form, Material",29,숟가락,0.20689655172413793,Spoon,Korean,"Form, Material",multiple,form material
Spoon,category_organization,Material,29,숟가락,0.03448275862068965,Spoon,Korean,Material,material,material
Spoon,count_mass,Can be counted,29,숟가락,0.9655172413793104,Spoon,Korean,Can be counted,count,can be counted
Spoon,count_mass,I don't know/It's hard to say,29,숟가락,0.034482758620689655,Spoon,Korean,I don't know/It's hard to say,unknown,i dont knowits hard to say
Spoon,solidity,I don't know/It's hard to say,29,숟가락,0.034482758620689655,Spoon,Korean,I don't know/It's hard to say,unknown,i dont knowits hard to say
Spoon,solidity,Solid,29,숟가락,0.9655172413793104,Spoon,Korean,Solid,solid,solid
Squirrel,category_organization,Form,29,다람쥐,0.6896551724137931,Squirrel,Korean,Form,shape,form
Squirrel,category_organization,"Form, Color",29,다람쥐,0.10344827586206896,Squirrel,Korean,"Form, Color",multiple,form color
Squirrel,category_organization,"Form, Color, Material",29,다람쥐,0.10344827586206896,Squirrel,Korean,"Form, Color, Material",multiple,form color material
Squirrel,category_organization,"Form, Material",29,다람쥐,0.06896551724137931,Squirrel,Korean,"Form, Material",multiple,form material
Squirrel,category_organization,Material,29,다람쥐,0.03448275862068965,Squirrel,Korean,Material,material,material
Squirrel,count_mass,Can be counted,29,다람쥐,1,Squirrel,Korean,Can be counted,count,can be counted
Squirrel,solidity,I don't know/It's hard to say,29,다람쥐,0.2413793103448276,Squirrel,Korean,I don't know/It's hard to say,unknown,i dont knowits hard to say
Squirrel,solidity,Not a solid,29,다람쥐,0.10344827586206896,Squirrel,Korean,Not a solid,non-solid,not a solid
Squirrel,solidity,Solid,29,다람쥐,0.6551724137931034,Squirrel,Korean,Solid,solid,solid
Stairs,category_organization,Form,29,계단,0.6551724137931034,Stairs,Korean,Form,shape,form
Stairs,category_organization,"Form, Color, Material",29,계단,0.06896551724137931,Stairs,Korean,"Form, Color, Material",multiple,form color material
Stairs,category_organization,"Form, Material",29,계단,0.20689655172413793,Stairs,Korean,"Form, Material",multiple,form material
Stairs,category_organization,Material,29,계단,0.03448275862068965,Stairs,Korean,Material,material,material
Stairs,category_organization,Not applicable,29,계단,0.03448275862068965,Stairs,Korean,Not applicable,none of these,not applicable
Stairs,count_mass,Can be counted,29,계단,0.8275862068965517,Stairs,Korean,Can be counted,count,can be counted
Stairs,count_mass,Cannot be counted,29,계단,0.06896551724137931,Stairs,Korean,Cannot be counted,mass,cannot be counted
Stairs,count_mass,I don't know/It's hard to say,29,계단,0.10344827586206896,Stairs,Korean,I don't know/It's hard to say,unknown,i dont knowits hard to say
Stairs,solidity,I don't know/It's hard to say,29,계단,0.034482758620689655,Stairs,Korean,I don't know/It's hard to say,unknown,i dont knowits hard to say
Stairs,solidity,Solid,29,계단,0.9655172413793104,Stairs,Korean,Solid,solid,solid
Star,category_organization,Color,29,별,0.10344827586206896,Star,Korean,Color,color,color
Star,category_organization,Form,29,별,0.5517241379310345,Star,Korean,Form,shape,form
Star,category_organization,"Form, Color",29,별,0.06896551724137931,Star,Korean,"Form, Color",multiple,form color
Star,category_organization,"Form, Color, Material",29,별,0.06896551724137931,Star,Korean,"Form, Color, Material",multiple,form color material
Star,category_organization,"Form, Material",29,별,0.03448275862068965,Star,Korean,"Form, Material",multiple,form material
Star,category_organization,Material,29,별,0.10344827586206896,Star,Korean,Material,material,material
Star,category_organization,Not applicable,29,별,0.06896551724137931,Star,Korean,Not applicable,none of these,not applicable
Star,count_mass,Can be counted,29,별,0.6551724137931034,Star,Korean,Can be counted,count,can be counted
Star,count_mass,Cannot be counted,29,별,0.2413793103448276,Star,Korean,Cannot be counted,mass,cannot be counted
Star,count_mass,I don't know/It's hard to say,29,별,0.10344827586206896,Star,Korean,I don't know/It's hard to say,unknown,i dont knowits hard to say
Star,solidity,I don't know/It's hard to say,29,별,0.27586206896551724,Star,Korean,I don't know/It's hard to say,unknown,i dont knowits hard to say
Star,solidity,Not a solid,29,별,0.13793103448275862,Star,Korean,Not a solid,non-solid,not a solid
Star,solidity,Solid,29,별,0.5862068965517241,Star,Korean,Solid,solid,solid
Stomach,category_organization,Form,29,배,0.8275862068965517,Stomach,Korean,Form,shape,form
Stomach,category_organization,"Form, Material",29,배,0.10344827586206896,Stomach,Korean,"Form, Material",multiple,form material
Stomach,category_organization,Material,29,배,0.03448275862068965,Stomach,Korean,Material,material,material
Stomach,category_organization,Not applicable,29,배,0.03448275862068965,Stomach,Korean,Not applicable,none of these,not applicable
Stomach,count_mass,Can be counted,29,배,0.8620689655172413,Stomach,Korean,Can be counted,count,can be counted
Stomach,count_mass,Cannot be counted,29,배,0.06896551724137931,Stomach,Korean,Cannot be counted,mass,cannot be counted
Stomach,count_mass,I don't know/It's hard to say,29,배,0.06896551724137931,Stomach,Korean,I don't know/It's hard to say,unknown,i dont knowits hard to say
Stomach,solidity,I don't know/It's hard to say,29,배,0.27586206896551724,Stomach,Korean,I don't know/It's hard to say,unknown,i dont knowits hard to say
Stomach,solidity,Not a solid,29,배,0.10344827586206896,Stomach,Korean,Not a solid,non-solid,not a solid
Stomach,solidity,Solid,29,배,0.6206896551724138,Stomach,Korean,Solid,solid,solid
Stone,category_organization,Form,29,바위,0.4827586206896552,Stone,Korean,Form,shape,form
Stone,category_organization,"Form, Color",29,바위,0.06896551724137931,Stone,Korean,"Form, Color",multiple,form color
Stone,category_organization,"Form, Color, Material",29,바위,0.20689655172413793,Stone,Korean,"Form, Color, Material",multiple,form color material
Stone,category_organization,"Form, Material",29,바위,0.10344827586206896,Stone,Korean,"Form, Material",multiple,form material
Stone,category_organization,Material,29,바위,0.13793103448275862,Stone,Korean,Material,material,material
Stone,count_mass,Can be counted,29,바위,0.7241379310344828,Stone,Korean,Can be counted,count,can be counted
Stone,count_mass,Cannot be counted,29,바위,0.20689655172413793,Stone,Korean,Cannot be counted,mass,cannot be counted
Stone,count_mass,I don't know/It's hard to say,29,바위,0.06896551724137931,Stone,Korean,I don't know/It's hard to say,unknown,i dont knowits hard to say
Stone,solidity,I don't know/It's hard to say,29,바위,0.034482758620689655,Stone,Korean,I don't know/It's hard to say,unknown,i dont knowits hard to say
Stone,solidity,Solid,29,바위,0.9655172413793104,Stone,Korean,Solid,solid,solid
Strawberry,category_organization,Form,29,딸기,0.5172413793103449,Strawberry,Korean,Form,shape,form
Strawberry,category_organization,"Form, Color",29,딸기,0.06896551724137931,Strawberry,Korean,"Form, Color",multiple,form color
Strawberry,category_organization,"Form, Color, Material",29,딸기,0.20689655172413793,Strawberry,Korean,"Form, Color, Material",multiple,form color material
Strawberry,category_organization,"Form, Material",29,딸기,0.03448275862068965,Strawberry,Korean,"Form, Material",multiple,form material
Strawberry,category_organization,Material,29,딸기,0.10344827586206896,Strawberry,Korean,Material,material,material
Strawberry,category_organization,Not applicable,29,딸기,0.06896551724137931,Strawberry,Korean,Not applicable,none of these,not applicable
Strawberry,count_mass,Can be counted,29,딸기,1,Strawberry,Korean,Can be counted,count,can be counted
Strawberry,solidity,I don't know/It's hard to say,29,딸기,0.13793103448275862,Strawberry,Korean,I don't know/It's hard to say,unknown,i dont knowits hard to say
Strawberry,solidity,Not a solid,29,딸기,0.10344827586206896,Strawberry,Korean,Not a solid,non-solid,not a solid
Strawberry,solidity,Solid,29,딸기,0.7586206896551724,Strawberry,Korean,Solid,solid,solid
Stroller,category_organization,Form,28,유모차,0.6785714285714286,Stroller,Korean,Form,shape,form
Stroller,category_organization,"Form, Color, Material",28,유모차,0.03571428571428571,Stroller,Korean,"Form, Color, Material",multiple,form color material
Stroller,category_organization,"Form, Material",28,유모차,0.21428571428571427,Stroller,Korean,"Form, Material",multiple,form material
Stroller,category_organization,Material,28,유모차,0.07142857142857142,Stroller,Korean,Material,material,material
Stroller,count_mass,Can be counted,29,유모차,0.896551724137931,Stroller,Korean,Can be counted,count,can be counted
Stroller,count_mass,I don't know/It's hard to say,29,유모차,0.10344827586206896,Stroller,Korean,I don't know/It's hard to say,unknown,i dont knowits hard to say
Stroller,solidity,I don't know/It's hard to say,29,유모차,0.034482758620689655,Stroller,Korean,I don't know/It's hard to say,unknown,i dont knowits hard to say
Stroller,solidity,Solid,29,유모차,0.9655172413793104,Stroller,Korean,Solid,solid,solid
Subway,category_organization,Color,29,지하철,0.03448275862068965,Subway,Korean,Color,color,color
Subway,category_organization,Form,29,지하철,0.7241379310344828,Subway,Korean,Form,shape,form
Subway,category_organization,"Form, Material",29,지하철,0.13793103448275862,Subway,Korean,"Form, Material",multiple,form material
Subway,category_organization,Material,29,지하철,0.03448275862068965,Subway,Korean,Material,material,material
Subway,category_organization,Not applicable,29,지하철,0.06896551724137931,Subway,Korean,Not applicable,none of these,not applicable
Subway,count_mass,Can be counted,29,지하철,0.7586206896551724,Subway,Korean,Can be counted,count,can be counted
Subway,count_mass,Cannot be counted,29,지하철,0.10344827586206896,Subway,Korean,Cannot be counted,mass,cannot be counted
Subway,count_mass,I don't know/It's hard to say,29,지하철,0.13793103448275862,Subway,Korean,I don't know/It's hard to say,unknown,i dont knowits hard to say
Subway,solidity,I don't know/It's hard to say,29,지하철,0.06896551724137931,Subway,Korean,I don't know/It's hard to say,unknown,i dont knowits hard to say
Subway,solidity,Not a solid,29,지하철,0.034482758620689655,Subway,Korean,Not a solid,non-solid,not a solid
Subway,solidity,Solid,29,지하철,0.896551724137931,Subway,Korean,Solid,solid,solid
Sugar,category_organization,Color,29,설탕,0.03448275862068965,Sugar,Korean,Color,color,color
Sugar,category_organization,"Color, Material",29,설탕,0.06896551724137931,Sugar,Korean,"Color, Material",multiple,color material
Sugar,category_organization,Form,29,설탕,0.20689655172413793,Sugar,Korean,Form,shape,form
Sugar,category_organization,"Form, Color",29,설탕,0.06896551724137931,Sugar,Korean,"Form, Color",multiple,form color
Sugar,category_organization,"Form, Color, Material",29,설탕,0.10344827586206896,Sugar,Korean,"Form, Color, Material",multiple,form color material
Sugar,category_organization,"Form, Material",29,설탕,0.1724137931034483,Sugar,Korean,"Form, Material",multiple,form material
Sugar,category_organization,Material,29,설탕,0.3103448275862069,Sugar,Korean,Material,material,material
Sugar,category_organization,Not applicable,29,설탕,0.03448275862068965,Sugar,Korean,Not applicable,none of these,not applicable
Sugar,count_mass,Can be counted,29,설탕,0.5172413793103449,Sugar,Korean,Can be counted,count,can be counted
Sugar,count_mass,Cannot be counted,29,설탕,0.27586206896551724,Sugar,Korean,Cannot be counted,mass,cannot be counted
Sugar,count_mass,I don't know/It's hard to say,29,설탕,0.20689655172413793,Sugar,Korean,I don't know/It's hard to say,unknown,i dont knowits hard to say
Sugar,solidity,I don't know/It's hard to say,29,설탕,0.1724137931034483,Sugar,Korean,I don't know/It's hard to say,unknown,i dont knowits hard to say
Sugar,solidity,Not a solid,29,설탕,0.1724137931034483,Sugar,Korean,Not a solid,non-solid,not a solid
Sugar,solidity,Solid,29,설탕,0.6551724137931034,Sugar,Korean,Solid,solid,solid
Sun/sunlight,category_organization,Color,29,해/햇빛,0.13793103448275862,Sun/sunlight,Korean,Color,color,color
Sun/sunlight,category_organization,"Color, Material",29,해/햇빛,0.03448275862068965,Sun/sunlight,Korean,"Color, Material",multiple,color material
Sun/sunlight,category_organization,Form,29,해/햇빛,0.3793103448275862,Sun/sunlight,Korean,Form,shape,form
Sun/sunlight,category_organization,"Form, Color",29,해/햇빛,0.06896551724137931,Sun/sunlight,Korean,"Form, Color",multiple,form color
Sun/sunlight,category_organization,"Form, Color, Material",29,해/햇빛,0.03448275862068965,Sun/sunlight,Korean,"Form, Color, Material",multiple,form color material
Sun/sunlight,category_organization,"Form, Material",29,해/햇빛,0.03448275862068965,Sun/sunlight,Korean,"Form, Material",multiple,form material
Sun/sunlight,category_organization,Material,29,해/햇빛,0.13793103448275862,Sun/sunlight,Korean,Material,material,material
Sun/sunlight,category_organization,Not applicable,29,해/햇빛,0.1724137931034483,Sun/sunlight,Korean,Not applicable,none of these,not applicable
Sun/sunlight,count_mass,Can be counted,29,해/햇빛,0.2413793103448276,Sun/sunlight,Korean,Can be counted,count,can be counted
Sun/sunlight,count_mass,Cannot be counted,29,해/햇빛,0.6206896551724138,Sun/sunlight,Korean,Cannot be counted,mass,cannot be counted
Sun/sunlight,count_mass,I don't know/It's hard to say,29,해/햇빛,0.13793103448275862,Sun/sunlight,Korean,I don't know/It's hard to say,unknown,i dont knowits hard to say
Sun/sunlight,solidity,I don't know/It's hard to say,29,해/햇빛,0.27586206896551724,Sun/sunlight,Korean,I don't know/It's hard to say,unknown,i dont knowits hard to say
Sun/sunlight,solidity,Not a solid,29,해/햇빛,0.6206896551724138,Sun/sunlight,Korean,Not a solid,non-solid,not a solid
Sun/sunlight,solidity,Solid,29,해/햇빛,0.10344827586206896,Sun/sunlight,Korean,Solid,solid,solid
Sweet Potato,category_organization,"Color, Material",29,고구마,0.03448275862068965,Sweet Potato,Korean,"Color, Material",multiple,color material
Sweet Potato,category_organization,Form,29,고구마,0.4827586206896552,Sweet Potato,Korean,Form,shape,form
Sweet Potato,category_organization,"Form, Color",29,고구마,0.1724137931034483,Sweet Potato,Korean,"Form, Color",multiple,form color
Sweet Potato,category_organization,"Form, Color, Material",29,고구마,0.10344827586206896,Sweet Potato,Korean,"Form, Color, Material",multiple,form color material
Sweet Potato,category_organization,"Form, Material",29,고구마,0.13793103448275862,Sweet Potato,Korean,"Form, Material",multiple,form material
Sweet Potato,category_organization,Material,29,고구마,0.06896551724137931,Sweet Potato,Korean,Material,material,material
Sweet Potato,count_mass,Can be counted,29,고구마,1,Sweet Potato,Korean,Can be counted,count,can be counted
Sweet Potato,solidity,I don't know/It's hard to say,29,고구마,0.10344827586206896,Sweet Potato,Korean,I don't know/It's hard to say,unknown,i dont knowits hard to say
Sweet Potato,solidity,Not a solid,29,고구마,0.06896551724137931,Sweet Potato,Korean,Not a solid,non-solid,not a solid
Sweet Potato,solidity,Solid,29,고구마,0.8275862068965517,Sweet Potato,Korean,Solid,solid,solid
Swings,category_organization,Form,29,그네,0.7586206896551724,Swings,Korean,Form,shape,form
Swings,category_organization,"Form, Color, Material",29,그네,0.10344827586206896,Swings,Korean,"Form, Color, Material",multiple,form color material
Swings,category_organization,"Form, Material",29,그네,0.10344827586206896,Swings,Korean,"Form, Material",multiple,form material
Swings,category_organization,Material,29,그네,0.03448275862068965,Swings,Korean,Material,material,material
Swings,count_mass,Can be counted,29,그네,0.9655172413793104,Swings,Korean,Can be counted,count,can be counted
Swings,count_mass,Cannot be counted,29,그네,0.034482758620689655,Swings,Korean,Cannot be counted,mass,cannot be counted
Swings,solidity,I don't know/It's hard to say,29,그네,0.034482758620689655,Swings,Korean,I don't know/It's hard to say,unknown,i dont knowits hard to say
Swings,solidity,Solid,29,그네,0.9655172413793104,Swings,Korean,Solid,solid,solid
Tangerine,category_organization,Form,29,귤,0.5172413793103449,Tangerine,Korean,Form,shape,form
Tangerine,category_organization,"Form, Color",29,귤,0.06896551724137931,Tangerine,Korean,"Form, Color",multiple,form color
Tangerine,category_organization,"Form, Color, Material",29,귤,0.2413793103448276,Tangerine,Korean,"Form, Color, Material",multiple,form color material
Tangerine,category_organization,"Form, Material",29,귤,0.06896551724137931,Tangerine,Korean,"Form, Material",multiple,form material
Tangerine,category_organization,Material,29,귤,0.06896551724137931,Tangerine,Korean,Material,material,material
Tangerine,category_organization,Not applicable,29,귤,0.03448275862068965,Tangerine,Korean,Not applicable,none of these,not applicable
Tangerine,count_mass,Can be counted,29,귤,1,Tangerine,Korean,Can be counted,count,can be counted
Tangerine,solidity,I don't know/It's hard to say,29,귤,0.13793103448275862,Tangerine,Korean,I don't know/It's hard to say,unknown,i dont knowits hard to say
Tangerine,solidity,Not a solid,29,귤,0.06896551724137931,Tangerine,Korean,Not a solid,non-solid,not a solid
Tangerine,solidity,Solid,29,귤,0.7931034482758621,Tangerine,Korean,Solid,solid,solid
Taxi,category_organization,Form,28,택시,0.5357142857142857,Taxi,Korean,Form,shape,form
Taxi,category_organization,"Form, Color",28,택시,0.10714285714285714,Taxi,Korean,"Form, Color",multiple,form color
Taxi,category_organization,"Form, Color, Material",28,택시,0.14285714285714285,Taxi,Korean,"Form, Color, Material",multiple,form color material
Taxi,category_organization,"Form, Material",28,택시,0.14285714285714285,Taxi,Korean,"Form, Material",multiple,form material
Taxi,category_organization,Material,28,택시,0.07142857142857142,Taxi,Korean,Material,material,material
Taxi,count_mass,Can be counted,29,택시,0.9655172413793104,Taxi,Korean,Can be counted,count,can be counted
Taxi,count_mass,I don't know/It's hard to say,29,택시,0.034482758620689655,Taxi,Korean,I don't know/It's hard to say,unknown,i dont knowits hard to say
Taxi,solidity,I don't know/It's hard to say,29,택시,0.034482758620689655,Taxi,Korean,I don't know/It's hard to say,unknown,i dont knowits hard to say
Taxi,solidity,Solid,29,택시,0.9655172413793104,Taxi,Korean,Solid,solid,solid
Television,category_organization,Form,29,텔레비전,0.7586206896551724,Television,Korean,Form,shape,form
Television,category_organization,"Form, Color, Material",29,텔레비전,0.10344827586206896,Television,Korean,"Form, Color, Material",multiple,form color material
Television,category_organization,"Form, Material",29,텔레비전,0.10344827586206896,Television,Korean,"Form, Material",multiple,form material
Television,category_organization,Material,29,텔레비전,0.03448275862068965,Television,Korean,Material,material,material
Television,count_mass,Can be counted,29,텔레비전,1,Television,Korean,Can be counted,count,can be counted
Television,solidity,I don't know/It's hard to say,29,텔레비전,0.034482758620689655,Television,Korean,I don't know/It's hard to say,unknown,i dont knowits hard to say
Television,solidity,Solid,29,텔레비전,0.9655172413793104,Television,Korean,Solid,solid,solid
Tiger,category_organization,Form,29,호랑이,0.6896551724137931,Tiger,Korean,Form,shape,form
Tiger,category_organization,"Form, Color",29,호랑이,0.10344827586206896,Tiger,Korean,"Form, Color",multiple,form color
Tiger,category_organization,"Form, Color, Material",29,호랑이,0.10344827586206896,Tiger,Korean,"Form, Color, Material",multiple,form color material
Tiger,category_organization,"Form, Material",29,호랑이,0.06896551724137931,Tiger,Korean,"Form, Material",multiple,form material
Tiger,category_organization,Material,29,호랑이,0.03448275862068965,Tiger,Korean,Material,material,material
Tiger,count_mass,Can be counted,29,호랑이,1,Tiger,Korean,Can be counted,count,can be counted
Tiger,solidity,I don't know/It's hard to say,29,호랑이,0.2413793103448276,Tiger,Korean,I don't know/It's hard to say,unknown,i dont knowits hard to say
Tiger,solidity,Not a solid,29,호랑이,0.10344827586206896,Tiger,Korean,Not a solid,non-solid,not a solid
Tiger,solidity,Solid,29,호랑이,0.6551724137931034,Tiger,Korean,Solid,solid,solid
Tissue/Napkin,category_organization,Color,29,휴지,0.06896551724137931,Tissue/Napkin,Korean,Color,color,color
Tissue/Napkin,category_organization,Form,29,휴지,0.4827586206896552,Tissue/Napkin,Korean,Form,shape,form
Tissue/Napkin,category_organization,"Form, Color, Material",29,휴지,0.10344827586206896,Tissue/Napkin,Korean,"Form, Color, Material",multiple,form color material
Tissue/Napkin,category_organization,"Form, Material",29,휴지,0.27586206896551724,Tissue/Napkin,Korean,"Form, Material",multiple,form material
Tissue/Napkin,category_organization,Material,29,휴지,0.06896551724137931,Tissue/Napkin,Korean,Material,material,material
Tissue/Napkin,count_mass,Can be counted,29,휴지,0.8620689655172413,Tissue/Napkin,Korean,Can be counted,count,can be counted
Tissue/Napkin,count_mass,Cannot be counted,29,휴지,0.10344827586206896,Tissue/Napkin,Korean,Cannot be counted,mass,cannot be counted
Tissue/Napkin,count_mass,I don't know/It's hard to say,29,휴지,0.034482758620689655,Tissue/Napkin,Korean,I don't know/It's hard to say,unknown,i dont knowits hard to say
Tissue/Napkin,solidity,I don't know/It's hard to say,29,휴지,0.10344827586206896,Tissue/Napkin,Korean,I don't know/It's hard to say,unknown,i dont knowits hard to say
Tissue/Napkin,solidity,Not a solid,29,휴지,0.10344827586206896,Tissue/Napkin,Korean,Not a solid,non-solid,not a solid
Tissue/Napkin,solidity,Solid,29,휴지,0.7931034482758621,Tissue/Napkin,Korean,Solid,solid,solid
Toenail,category_organization,Form,29,발톱,0.6896551724137931,Toenail,Korean,Form,shape,form
Toenail,category_organization,"Form, Color",29,발톱,0.03448275862068965,Toenail,Korean,"Form, Color",multiple,form color
Toenail,category_organization,"Form, Material",29,발톱,0.2413793103448276,Toenail,Korean,"Form, Material",multiple,form material
Toenail,category_organization,Material,29,발톱,0.03448275862068965,Toenail,Korean,Material,material,material
Toenail,count_mass,Can be counted,29,발톱,1,Toenail,Korean,Can be counted,count,can be counted
Toenail,solidity,I don't know/It's hard to say,29,발톱,0.13793103448275862,Toenail,Korean,I don't know/It's hard to say,unknown,i dont knowits hard to say
Toenail,solidity,Not a solid,29,발톱,0.06896551724137931,Toenail,Korean,Not a solid,non-solid,not a solid
Toenail,solidity,Solid,29,발톱,0.7931034482758621,Toenail,Korean,Solid,solid,solid
Tomato,category_organization,Color,29,토마토,0.03448275862068965,Tomato,Korean,Color,color,color
Tomato,category_organization,Form,29,토마토,0.4827586206896552,Tomato,Korean,Form,shape,form
Tomato,category_organization,"Form, Color",29,토마토,0.13793103448275862,Tomato,Korean,"Form, Color",multiple,form color
Tomato,category_organization,"Form, Color, Material",29,토마토,0.20689655172413793,Tomato,Korean,"Form, Color, Material",multiple,form color material
Tomato,category_organization,"Form, Material",29,토마토,0.03448275862068965,Tomato,Korean,"Form, Material",multiple,form material
Tomato,category_organization,Material,29,토마토,0.10344827586206896,Tomato,Korean,Material,material,material
Tomato,count_mass,Can be counted,29,토마토,1,Tomato,Korean,Can be counted,count,can be counted
Tomato,solidity,I don't know/It's hard to say,29,토마토,0.10344827586206896,Tomato,Korean,I don't know/It's hard to say,unknown,i dont knowits hard to say
Tomato,solidity,Not a solid,29,토마토,0.10344827586206896,Tomato,Korean,Not a solid,non-solid,not a solid
Tomato,solidity,Solid,29,토마토,0.7931034482758621,Tomato,Korean,Solid,solid,solid
Tongue,category_organization,Form,29,혀,0.5862068965517241,Tongue,Korean,Form,shape,form
Tongue,category_organization,"Form, Color",29,혀,0.1724137931034483,Tongue,Korean,"Form, Color",multiple,form color
Tongue,category_organization,"Form, Color, Material",29,혀,0.10344827586206896,Tongue,Korean,"Form, Color, Material",multiple,form color material
Tongue,category_organization,"Form, Material",29,혀,0.10344827586206896,Tongue,Korean,"Form, Material",multiple,form material
Tongue,category_organization,Material,29,혀,0.03448275862068965,Tongue,Korean,Material,material,material
Tongue,count_mass,Can be counted,29,혀,1,Tongue,Korean,Can be counted,count,can be counted
Tongue,solidity,I don't know/It's hard to say,29,혀,0.2413793103448276,Tongue,Korean,I don't know/It's hard to say,unknown,i dont knowits hard to say
Tongue,solidity,Not a solid,29,혀,0.10344827586206896,Tongue,Korean,Not a solid,non-solid,not a solid
Tongue,solidity,Solid,29,혀,0.6551724137931034,Tongue,Korean,Solid,solid,solid
Tooth/Teeth,category_organization,Form,29,이/이빨,0.5517241379310345,Tooth/Teeth,Korean,Form,shape,form
Tooth/Teeth,category_organization,"Form, Color",29,이/이빨,0.13793103448275862,Tooth/Teeth,Korean,"Form, Color",multiple,form color
Tooth/Teeth,category_organization,"Form, Color, Material",29,이/이빨,0.10344827586206896,Tooth/Teeth,Korean,"Form, Color, Material",multiple,form color material
Tooth/Teeth,category_organization,"Form, Material",29,이/이빨,0.1724137931034483,Tooth/Teeth,Korean,"Form, Material",multiple,form material
Tooth/Teeth,category_organization,Material,29,이/이빨,0.03448275862068965,Tooth/Teeth,Korean,Material,material,material
Tooth/Teeth,count_mass,Can be counted,29,이/이빨,1,Tooth/Teeth,Korean,Can be counted,count,can be counted
Tooth/Teeth,solidity,I don't know/It's hard to say,29,이/이빨,0.10344827586206896,Tooth/Teeth,Korean,I don't know/It's hard to say,unknown,i dont knowits hard to say
Tooth/Teeth,solidity,Not a solid,29,이/이빨,0.06896551724137931,Tooth/Teeth,Korean,Not a solid,non-solid,not a solid
Tooth/Teeth,solidity,Solid,29,이/이빨,0.8275862068965517,Tooth/Teeth,Korean,Solid,solid,solid
Toothbrush,category_organization,Form,29,칫솔,0.6896551724137931,Toothbrush,Korean,Form,shape,form
Toothbrush,category_organization,"Form, Color, Material",29,칫솔,0.10344827586206896,Toothbrush,Korean,"Form, Color, Material",multiple,form color material
Toothbrush,category_organization,"Form, Material",29,칫솔,0.1724137931034483,Toothbrush,Korean,"Form, Material",multiple,form material
Toothbrush,category_organization,Material,29,칫솔,0.03448275862068965,Toothbrush,Korean,Material,material,material
Toothbrush,count_mass,Can be counted,29,칫솔,1,Toothbrush,Korean,Can be counted,count,can be counted
Toothbrush,solidity,I don't know/It's hard to say,29,칫솔,0.034482758620689655,Toothbrush,Korean,I don't know/It's hard to say,unknown,i dont knowits hard to say
Toothbrush,solidity,Solid,29,칫솔,0.9655172413793104,Toothbrush,Korean,Solid,solid,solid
Toothpaste,category_organization,Color,29,치약,0.03448275862068965,Toothpaste,Korean,Color,color,color
Toothpaste,category_organization,"Color, Material",29,치약,0.06896551724137931,Toothpaste,Korean,"Color, Material",multiple,color material
Toothpaste,category_organization,Form,29,치약,0.4827586206896552,Toothpaste,Korean,Form,shape,form
Toothpaste,category_organization,"Form, Color, Material",29,치약,0.06896551724137931,Toothpaste,Korean,"Form, Color, Material",multiple,form color material
Toothpaste,category_organization,"Form, Material",29,치약,0.27586206896551724,Toothpaste,Korean,"Form, Material",multiple,form material
Toothpaste,category_organization,Material,29,치약,0.06896551724137931,Toothpaste,Korean,Material,material,material
Toothpaste,count_mass,Can be counted,29,치약,0.9310344827586207,Toothpaste,Korean,Can be counted,count,can be counted
Toothpaste,count_mass,Cannot be counted,29,치약,0.06896551724137931,Toothpaste,Korean,Cannot be counted,mass,cannot be counted
Toothpaste,solidity,I don't know/It's hard to say,29,치약,0.3103448275862069,Toothpaste,Korean,I don't know/It's hard to say,unknown,i dont knowits hard to say
Toothpaste,solidity,Not a solid,29,치약,0.27586206896551724,Toothpaste,Korean,Not a solid,non-solid,not a solid
Toothpaste,solidity,Solid,29,치약,0.41379310344827586,Toothpaste,Korean,Solid,solid,solid
Towel,category_organization,Color,29,수건,0.03448275862068965,Towel,Korean,Color,color,color
Towel,category_organization,Form,29,수건,0.5862068965517241,Towel,Korean,Form,shape,form
Towel,category_organization,"Form, Color",29,수건,0.06896551724137931,Towel,Korean,"Form, Color",multiple,form color
Towel,category_organization,"Form, Color, Material",29,수건,0.06896551724137931,Towel,Korean,"Form, Color, Material",multiple,form color material
Towel,category_organization,"Form, Material",29,수건,0.1724137931034483,Towel,Korean,"Form, Material",multiple,form material
Towel,category_organization,Material,29,수건,0.06896551724137931,Towel,Korean,Material,material,material
Towel,count_mass,Can be counted,29,수건,0.9655172413793104,Towel,Korean,Can be counted,count,can be counted
Towel,count_mass,I don't know/It's hard to say,29,수건,0.034482758620689655,Towel,Korean,I don't know/It's hard to say,unknown,i dont knowits hard to say
Towel,solidity,I don't know/It's hard to say,29,수건,0.13793103448275862,Towel,Korean,I don't know/It's hard to say,unknown,i dont knowits hard to say
Towel,solidity,Not a solid,29,수건,0.06896551724137931,Towel,Korean,Not a solid,non-solid,not a solid
Towel,solidity,Solid,29,수건,0.7931034482758621,Towel,Korean,Solid,solid,solid
Toy,category_organization,"Color, Material",29,장난감,0.03448275862068965,Toy,Korean,"Color, Material",multiple,color material
Toy,category_organization,Form,29,장난감,0.4827586206896552,Toy,Korean,Form,shape,form
Toy,category_organization,"Form, Color",29,장난감,0.03448275862068965,Toy,Korean,"Form, Color",multiple,form color
Toy,category_organization,"Form, Color, Material",29,장난감,0.10344827586206896,Toy,Korean,"Form, Color, Material",multiple,form color material
Toy,category_organization,"Form, Material",29,장난감,0.13793103448275862,Toy,Korean,"Form, Material",multiple,form material
Toy,category_organization,Material,29,장난감,0.06896551724137931,Toy,Korean,Material,material,material
Toy,category_organization,Not applicable,29,장난감,0.13793103448275862,Toy,Korean,Not applicable,none of these,not applicable
Toy,count_mass,Can be counted,29,장난감,0.896551724137931,Toy,Korean,Can be counted,count,can be counted
Toy,count_mass,Cannot be counted,29,장난감,0.034482758620689655,Toy,Korean,Cannot be counted,mass,cannot be counted
Toy,count_mass,I don't know/It's hard to say,29,장난감,0.06896551724137931,Toy,Korean,I don't know/It's hard to say,unknown,i dont knowits hard to say
Toy,solidity,I don't know/It's hard to say,29,장난감,0.1724137931034483,Toy,Korean,I don't know/It's hard to say,unknown,i dont knowits hard to say
Toy,solidity,Solid,29,장난감,0.8275862068965517,Toy,Korean,Solid,solid,solid
Train,category_organization,Form,28,기차,0.6428571428571429,Train,Korean,Form,shape,form
Train,category_organization,"Form, Color, Material",28,기차,0.03571428571428571,Train,Korean,"Form, Color, Material",multiple,form color material
Train,category_organization,"Form, Material",28,기차,0.25,Train,Korean,"Form, Material",multiple,form material
Train,category_organization,Material,28,기차,0.07142857142857142,Train,Korean,Material,material,material
Train,count_mass,Can be counted,29,기차,0.896551724137931,Train,Korean,Can be counted,count,can be counted
Train,count_mass,Cannot be counted,29,기차,0.034482758620689655,Train,Korean,Cannot be counted,mass,cannot be counted
Train,count_mass,I don't know/It's hard to say,29,기차,0.06896551724137931,Train,Korean,I don't know/It's hard to say,unknown,i dont knowits hard to say
Train,solidity,I don't know/It's hard to say,29,기차,0.034482758620689655,Train,Korean,I don't know/It's hard to say,unknown,i dont knowits hard to say
Train,solidity,Solid,29,기차,0.9655172413793104,Train,Korean,Solid,solid,solid
Trash can,category_organization,Color,29,쓰레기통/휴지통,0.03448275862068965,Trash can,Korean,Color,color,color
Trash can,category_organization,Form,29,쓰레기통/휴지통,0.7586206896551724,Trash can,Korean,Form,shape,form
Trash can,category_organization,"Form, Color, Material",29,쓰레기통/휴지통,0.10344827586206896,Trash can,Korean,"Form, Color, Material",multiple,form color material
Trash can,category_organization,"Form, Material",29,쓰레기통/휴지통,0.06896551724137931,Trash can,Korean,"Form, Material",multiple,form material
Trash can,category_organization,Material,29,쓰레기통/휴지통,0.03448275862068965,Trash can,Korean,Material,material,material
Trash can,count_mass,Can be counted,29,쓰레기통/휴지통,1,Trash can,Korean,Can be counted,count,can be counted
Trash can,solidity,I don't know/It's hard to say,29,쓰레기통/휴지통,0.034482758620689655,Trash can,Korean,I don't know/It's hard to say,unknown,i dont knowits hard to say
Trash can,solidity,Solid,29,쓰레기통/휴지통,0.9655172413793104,Trash can,Korean,Solid,solid,solid
Tray,category_organization,Color,29,쟁반,0.03448275862068965,Tray,Korean,Color,color,color
Tray,category_organization,Form,29,쟁반,0.6551724137931034,Tray,Korean,Form,shape,form
Tray,category_organization,"Form, Color",29,쟁반,0.03448275862068965,Tray,Korean,"Form, Color",multiple,form color
Tray,category_organization,"Form, Color, Material",29,쟁반,0.10344827586206896,Tray,Korean,"Form, Color, Material",multiple,form color material
Tray,category_organization,"Form, Material",29,쟁반,0.13793103448275862,Tray,Korean,"Form, Material",multiple,form material
Tray,category_organization,Material,29,쟁반,0.03448275862068965,Tray,Korean,Material,material,material
Tray,count_mass,Can be counted,29,쟁반,1,Tray,Korean,Can be counted,count,can be counted
Tray,solidity,I don't know/It's hard to say,29,쟁반,0.034482758620689655,Tray,Korean,I don't know/It's hard to say,unknown,i dont knowits hard to say
Tray,solidity,Solid,29,쟁반,0.9655172413793104,Tray,Korean,Solid,solid,solid
Tree,category_organization,Color,29,나무,0.03448275862068965,Tree,Korean,Color,color,color
Tree,category_organization,Form,29,나무,0.5862068965517241,Tree,Korean,Form,shape,form
Tree,category_organization,"Form, Color",29,나무,0.06896551724137931,Tree,Korean,"Form, Color",multiple,form color
Tree,category_organization,"Form, Color, Material",29,나무,0.13793103448275862,Tree,Korean,"Form, Color, Material",multiple,form color material
Tree,category_organization,"Form, Material",29,나무,0.10344827586206896,Tree,Korean,"Form, Material",multiple,form material
Tree,category_organization,Material,29,나무,0.03448275862068965,Tree,Korean,Material,material,material
Tree,category_organization,Not applicable,29,나무,0.03448275862068965,Tree,Korean,Not applicable,none of these,not applicable
Tree,count_mass,Can be counted,29,나무,0.896551724137931,Tree,Korean,Can be counted,count,can be counted
Tree,count_mass,Cannot be counted,29,나무,0.10344827586206896,Tree,Korean,Cannot be counted,mass,cannot be counted
Tree,solidity,I don't know/It's hard to say,29,나무,0.13793103448275862,Tree,Korean,I don't know/It's hard to say,unknown,i dont knowits hard to say
Tree,solidity,Not a solid,29,나무,0.10344827586206896,Tree,Korean,Not a solid,non-solid,not a solid
Tree,solidity,Solid,29,나무,0.7586206896551724,Tree,Korean,Solid,solid,solid
Truck,category_organization,Form,28,트럭,0.6071428571428571,Truck,Korean,Form,shape,form
Truck,category_organization,"Form, Color",28,트럭,0.03571428571428571,Truck,Korean,"Form, Color",multiple,form color
Truck,category_organization,"Form, Color, Material",28,트럭,0.03571428571428571,Truck,Korean,"Form, Color, Material",multiple,form color material
Truck,category_organization,"Form, Material",28,트럭,0.25,Truck,Korean,"Form, Material",multiple,form material
Truck,category_organization,Material,28,트럭,0.07142857142857142,Truck,Korean,Material,material,material
Truck,count_mass,Can be counted,29,트럭,0.9655172413793104,Truck,Korean,Can be counted,count,can be counted
Truck,count_mass,I don't know/It's hard to say,29,트럭,0.034482758620689655,Truck,Korean,I don't know/It's hard to say,unknown,i dont knowits hard to say
Truck,solidity,I don't know/It's hard to say,29,트럭,0.034482758620689655,Truck,Korean,I don't know/It's hard to say,unknown,i dont knowits hard to say
Truck,solidity,Solid,29,트럭,0.9655172413793104,Truck,Korean,Solid,solid,solid
Turtle,category_organization,Color,29,거북이,0.03448275862068965,Turtle,Korean,Color,color,color
Turtle,category_organization,Form,29,거북이,0.6206896551724138,Turtle,Korean,Form,shape,form
Turtle,category_organization,"Form, Color",29,거북이,0.10344827586206896,Turtle,Korean,"Form, Color",multiple,form color
Turtle,category_organization,"Form, Color, Material",29,거북이,0.06896551724137931,Turtle,Korean,"Form, Color, Material",multiple,form color material
Turtle,category_organization,"Form, Material",29,거북이,0.13793103448275862,Turtle,Korean,"Form, Material",multiple,form material
Turtle,category_organization,Material,29,거북이,0.03448275862068965,Turtle,Korean,Material,material,material
Turtle,count_mass,Can be counted,29,거북이,1,Turtle,Korean,Can be counted,count,can be counted
Turtle,solidity,I don't know/It's hard to say,29,거북이,0.2413793103448276,Turtle,Korean,I don't know/It's hard to say,unknown,i dont knowits hard to say
Turtle,solidity,Not a solid,29,거북이,0.10344827586206896,Turtle,Korean,Not a solid,non-solid,not a solid
Turtle,solidity,Solid,29,거북이,0.6551724137931034,Turtle,Korean,Solid,solid,solid
Umbrella,category_organization,Color,29,우산,0.03448275862068965,Umbrella,Korean,Color,color,color
Umbrella,category_organization,Form,29,우산,0.6206896551724138,Umbrella,Korean,Form,shape,form
Umbrella,category_organization,"Form, Color",29,우산,0.06896551724137931,Umbrella,Korean,"Form, Color",multiple,form color
Umbrella,category_organization,"Form, Color, Material",29,우산,0.13793103448275862,Umbrella,Korean,"Form, Color, Material",multiple,form color material
Umbrella,category_organization,"Form, Material",29,우산,0.10344827586206896,Umbrella,Korean,"Form, Material",multiple,form material
Umbrella,category_organization,Material,29,우산,0.03448275862068965,Umbrella,Korean,Material,material,material
Umbrella,count_mass,Can be counted,29,우산,1,Umbrella,Korean,Can be counted,count,can be counted
Umbrella,solidity,I don't know/It's hard to say,29,우산,0.034482758620689655,Umbrella,Korean,I don't know/It's hard to say,unknown,i dont knowits hard to say
Umbrella,solidity,Solid,29,우산,0.9655172413793104,Umbrella,Korean,Solid,solid,solid
Underwear,category_organization,Form,29,팬티,0.6206896551724138,Underwear,Korean,Form,shape,form
Underwear,category_organization,"Form, Color",29,팬티,0.06896551724137931,Underwear,Korean,"Form, Color",multiple,form color
Underwear,category_organization,"Form, Color, Material",29,팬티,0.10344827586206896,Underwear,Korean,"Form, Color, Material",multiple,form color material
Underwear,category_organization,"Form, Material",29,팬티,0.13793103448275862,Underwear,Korean,"Form, Material",multiple,form material
Underwear,category_organization,Material,29,팬티,0.06896551724137931,Underwear,Korean,Material,material,material
Underwear,count_mass,Can be counted,29,팬티,0.9655172413793104,Underwear,Korean,Can be counted,count,can be counted
Underwear,count_mass,Cannot be counted,29,팬티,0.034482758620689655,Underwear,Korean,Cannot be counted,mass,cannot be counted
Underwear,solidity,I don't know/It's hard to say,29,팬티,0.10344827586206896,Underwear,Korean,I don't know/It's hard to say,unknown,i dont knowits hard to say
Underwear,solidity,Not a solid,29,팬티,0.06896551724137931,Underwear,Korean,Not a solid,non-solid,not a solid
Underwear,solidity,Solid,29,팬티,0.8275862068965517,Underwear,Korean,Solid,solid,solid
Vacuum Cleaner,category_organization,Color,29,청소기,0.03448275862068965,Vacuum Cleaner,Korean,Color,color,color
Vacuum Cleaner,category_organization,Form,29,청소기,0.6896551724137931,Vacuum Cleaner,Korean,Form,shape,form
Vacuum Cleaner,category_organization,"Form, Color",29,청소기,0.03448275862068965,Vacuum Cleaner,Korean,"Form, Color",multiple,form color
Vacuum Cleaner,category_organization,"Form, Color, Material",29,청소기,0.03448275862068965,Vacuum Cleaner,Korean,"Form, Color, Material",multiple,form color material
Vacuum Cleaner,category_organization,"Form, Material",29,청소기,0.13793103448275862,Vacuum Cleaner,Korean,"Form, Material",multiple,form material
Vacuum Cleaner,category_organization,Material,29,청소기,0.06896551724137931,Vacuum Cleaner,Korean,Material,material,material
Vacuum Cleaner,count_mass,Can be counted,29,청소기,1,Vacuum Cleaner,Korean,Can be counted,count,can be counted
Vacuum Cleaner,solidity,I don't know/It's hard to say,29,청소기,0.034482758620689655,Vacuum Cleaner,Korean,I don't know/It's hard to say,unknown,i dont knowits hard to say
Vacuum Cleaner,solidity,Solid,29,청소기,0.9655172413793104,Vacuum Cleaner,Korean,Solid,solid,solid
Waist,category_organization,Form,29,허리,0.8620689655172413,Waist,Korean,Form,shape,form
Waist,category_organization,"Form, Material",29,허리,0.10344827586206896,Waist,Korean,"Form, Material",multiple,form material
Waist,category_organization,Material,29,허리,0.03448275862068965,Waist,Korean,Material,material,material
Waist,count_mass,Can be counted,29,허리,0.896551724137931,Waist,Korean,Can be counted,count,can be counted
Waist,count_mass,Cannot be counted,29,허리,0.034482758620689655,Waist,Korean,Cannot be counted,mass,cannot be counted
Waist,count_mass,I don't know/It's hard to say,29,허리,0.06896551724137931,Waist,Korean,I don't know/It's hard to say,unknown,i dont knowits hard to say
Waist,solidity,I don't know/It's hard to say,29,허리,0.27586206896551724,Waist,Korean,I don't know/It's hard to say,unknown,i dont knowits hard to say
Waist,solidity,Not a solid,29,허리,0.10344827586206896,Waist,Korean,Not a solid,non-solid,not a solid
Waist,solidity,Solid,29,허리,0.6206896551724138,Waist,Korean,Solid,solid,solid
Wallet,category_organization,Color,29,지갑,0.03448275862068965,Wallet,Korean,Color,color,color
Wallet,category_organization,Form,29,지갑,0.6896551724137931,Wallet,Korean,Form,shape,form
Wallet,category_organization,"Form, Color",29,지갑,0.03448275862068965,Wallet,Korean,"Form, Color",multiple,form color
Wallet,category_organization,"Form, Color, Material",29,지갑,0.13793103448275862,Wallet,Korean,"Form, Color, Material",multiple,form color material
Wallet,category_organization,"Form, Material",29,지갑,0.06896551724137931,Wallet,Korean,"Form, Material",multiple,form material
Wallet,category_organization,Material,29,지갑,0.03448275862068965,Wallet,Korean,Material,material,material
Wallet,count_mass,Can be counted,29,지갑,1,Wallet,Korean,Can be counted,count,can be counted
Wallet,solidity,I don't know/It's hard to say,29,지갑,0.034482758620689655,Wallet,Korean,I don't know/It's hard to say,unknown,i dont knowits hard to say
Wallet,solidity,Solid,29,지갑,0.9655172413793104,Wallet,Korean,Solid,solid,solid
Water,category_organization,"Color, Material",29,물,0.13793103448275862,Water,Korean,"Color, Material",multiple,color material
Water,category_organization,Form,29,물,0.1724137931034483,Water,Korean,Form,shape,form
Water,category_organization,"Form, Color",29,물,0.03448275862068965,Water,Korean,"Form, Color",multiple,form color
Water,category_organization,"Form, Color, Material",29,물,0.06896551724137931,Water,Korean,"Form, Color, Material",multiple,form color material
Water,category_organization,"Form, Material",29,물,0.27586206896551724,Water,Korean,"Form, Material",multiple,form material
Water,category_organization,Material,29,물,0.27586206896551724,Water,Korean,Material,material,material
Water,category_organization,Not applicable,29,물,0.03448275862068965,Water,Korean,Not applicable,none of these,not applicable
Water,count_mass,Can be counted,29,물,0.3793103448275862,Water,Korean,Can be counted,count,can be counted
Water,count_mass,Cannot be counted,29,물,0.27586206896551724,Water,Korean,Cannot be counted,mass,cannot be counted
Water,count_mass,I don't know/It's hard to say,29,물,0.3448275862068966,Water,Korean,I don't know/It's hard to say,unknown,i dont knowits hard to say
Water,solidity,I don't know/It's hard to say,29,물,0.06896551724137931,Water,Korean,I don't know/It's hard to say,unknown,i dont knowits hard to say
Water,solidity,Not a solid,29,물,0.8275862068965517,Water,Korean,Not a solid,non-solid,not a solid
Water,solidity,Solid,29,물,0.10344827586206896,Water,Korean,Solid,solid,solid
Watermelon,category_organization,Color,29,수박,0.03448275862068965,Watermelon,Korean,Color,color,color
Watermelon,category_organization,Form,29,수박,0.5517241379310345,Watermelon,Korean,Form,shape,form
Watermelon,category_organization,"Form, Color",29,수박,0.06896551724137931,Watermelon,Korean,"Form, Color",multiple,form color
Watermelon,category_organization,"Form, Color, Material",29,수박,0.2413793103448276,Watermelon,Korean,"Form, Color, Material",multiple,form color material
Watermelon,category_organization,"Form, Material",29,수박,0.03448275862068965,Watermelon,Korean,"Form, Material",multiple,form material
Watermelon,category_organization,Material,29,수박,0.06896551724137931,Watermelon,Korean,Material,material,material
Watermelon,count_mass,Can be counted,29,수박,1,Watermelon,Korean,Can be counted,count,can be counted
Watermelon,solidity,I don't know/It's hard to say,29,수박,0.10344827586206896,Watermelon,Korean,I don't know/It's hard to say,unknown,i dont knowits hard to say
Watermelon,solidity,Not a solid,29,수박,0.06896551724137931,Watermelon,Korean,Not a solid,non-solid,not a solid
Watermelon,solidity,Solid,29,수박,0.8275862068965517,Watermelon,Korean,Solid,solid,solid
Window,category_organization,Color,58,바람,0.01724137931034482,Window,Korean,Color,color,color
Window,category_organization,Color,58,창문,0.01724137931034482,Window,Korean,Color,color,color
Window,category_organization,Form,58,바람,0.13793103448275862,Window,Korean,Form,shape,form
Window,category_organization,Form,58,창문,0.3620689655172414,Window,Korean,Form,shape,form
Window,category_organization,"Form, Color, Material",58,창문,0.01724137931034482,Window,Korean,"Form, Color, Material",multiple,form color material
Window,category_organization,"Form, Material",58,바람,0.03448275862068965,Window,Korean,"Form, Material",multiple,form material
Window,category_organization,"Form, Material",58,창문,0.08620689655172414,Window,Korean,"Form, Material",multiple,form material
Window,category_organization,Material,58,바람,0.13793103448275862,Window,Korean,Material,material,material
Window,category_organization,Material,58,창문,0.01724137931034482,Window,Korean,Material,material,material
Window,category_organization,Not applicable,58,바람,0.1724137931034483,Window,Korean,Not applicable,none of these,not applicable
Window,count_mass,Can be counted,58,바람,0.5517241379310345,Window,Korean,Can be counted,count,can be counted
Window,count_mass,Can be counted,58,창문,0.5517241379310345,Window,Korean,Can be counted,count,can be counted
Window,count_mass,Cannot be counted,58,바람,0.43103448275862066,Window,Korean,Cannot be counted,mass,cannot be counted
Window,count_mass,Cannot be counted,58,창문,0.43103448275862066,Window,Korean,Cannot be counted,mass,cannot be counted
Window,count_mass,I don't know/It's hard to say,58,바람,0.017241379310344827,Window,Korean,I don't know/It's hard to say,unknown,i dont knowits hard to say
Window,count_mass,I don't know/It's hard to say,58,창문,0.017241379310344827,Window,Korean,I don't know/It's hard to say,unknown,i dont knowits hard to say
Window,solidity,I don't know/It's hard to say,58,바람,0.08620689655172414,Window,Korean,I don't know/It's hard to say,unknown,i dont knowits hard to say
Window,solidity,I don't know/It's hard to say,58,창문,0.08620689655172414,Window,Korean,I don't know/It's hard to say,unknown,i dont knowits hard to say
Window,solidity,Not a solid,58,바람,0.4482758620689655,Window,Korean,Not a solid,non-solid,not a solid
Window,solidity,Not a solid,58,창문,0.4482758620689655,Window,Korean,Not a solid,non-solid,not a solid
Window,solidity,Solid,58,바람,0.46551724137931033,Window,Korean,Solid,solid,solid
Window,solidity,Solid,58,창문,0.46551724137931033,Window,Korean,Solid,solid,solid
Yogurt,category_organization,Color,29,요구르트,0.03448275862068965,Yogurt,Korean,Color,color,color
Yogurt,category_organization,"Color, Material",29,요구르트,0.10344827586206896,Yogurt,Korean,"Color, Material",multiple,color material
Yogurt,category_organization,Form,29,요구르트,0.20689655172413793,Yogurt,Korean,Form,shape,form
Yogurt,category_organization,"Form, Color",29,요구르트,0.06896551724137931,Yogurt,Korean,"Form, Color",multiple,form color
Yogurt,category_organization,"Form, Color, Material",29,요구르트,0.03448275862068965,Yogurt,Korean,"Form, Color, Material",multiple,form color material
Yogurt,category_organization,"Form, Material",29,요구르트,0.27586206896551724,Yogurt,Korean,"Form, Material",multiple,form material
Yogurt,category_organization,Material,29,요구르트,0.2413793103448276,Yogurt,Korean,Material,material,material
Yogurt,category_organization,Not applicable,29,요구르트,0.03448275862068965,Yogurt,Korean,Not applicable,none of these,not applicable
Yogurt,count_mass,Can be counted,29,요구르트,0.7241379310344828,Yogurt,Korean,Can be counted,count,can be counted
Yogurt,count_mass,Cannot be counted,29,요구르트,0.13793103448275862,Yogurt,Korean,Cannot be counted,mass,cannot be counted
Yogurt,count_mass,I don't know/It's hard to say,29,요구르트,0.13793103448275862,Yogurt,Korean,I don't know/It's hard to say,unknown,i dont knowits hard to say
Yogurt,solidity,I don't know/It's hard to say,29,요구르트,0.10344827586206896,Yogurt,Korean,I don't know/It's hard to say,unknown,i dont knowits hard to say
Yogurt,solidity,Not a solid,29,요구르트,0.7241379310344828,Yogurt,Korean,Not a solid,non-solid,not a solid
Yogurt,solidity,Solid,29,요구르트,0.1724137931034483,Yogurt,Korean,Solid,solid,solid
