uni_lemma,language,count_noun,none_of_these_s1,unclear_solid,mass_noun,unclear_countmass,non_solid,material_s1,shape_s1,solid,color_s1,none_of_these_s2,material_s2,shape_s2,color_s2,lexical_category,category,freq,concreteness,intercept,slope,aoa,mean_shape,logfreq
air conditioner,Mandarin (Taiwanese),0.625,0.125,0,0.25,0.125,0.5,0.5,0.375,0.5,0,0.5,0.375,0.125,0,nouns,household,0.0881063955493428,0.7132981588808406,-8.210450348471218,0.2997921556363684,27.38714203859973,0.25,-2.429210154471171
airplane,Turkish,0.9,0.5,0,0.1,0,0,0.2,0.3,1,0,0.5,0,0.5,0,nouns,vehicles,0.13240690493396218,0.8081613822574901,-7.219118575841751,0.2998131126067245,24.07872862222449,0.4,-2.0218754847699003
airplane,Spanish (European),0.9,0.5,0,0.1,0,0,0.2,0.3,1,0,0.5,0,0.5,0,nouns,vehicles,0.00317404853501103,0.7789116860859737,-6.626074604506951,0.3001236892914352,22.077812718317947,0.4,-5.752747365560985
airplane,Japanese,0.9,0.5,0,0.1,0,0,0.2,0.3,1,0,0.5,0,0.5,0,nouns,vehicles,1.2406300665595598,0.7720850407548114,-7.214374587674944,0.30001697753384104,24.046554454943085,0.4,0.2156193687618024
airplane,English (Australian),0.9,0.5,0,0.1,0,0,0.2,0.3,1,0,0.5,0,0.5,0,nouns,vehicles,0.1877189619266195,0.747434706705446,-5.710134700740404,0.3002385990160763,19.018656226925224,0.4,-1.6728093179741534
airplane,Cantonese,0.9,0.5,0,0.1,0,0,0.2,0.3,1,0,0.5,0,0.5,0,nouns,vehicles,0.4649531626954781,0.8463044561166753,-6.737833487445162,0.30016268148461733,22.447272439463667,0.4,-0.7658186038539917
airplane,Korean,0.9,0.5,0,0.1,0,0,0.2,0.3,1,0,0.5,0,0.5,0,nouns,vehicles,0.9996824097773086,0.825329576937764,-6.984642764649531,0.3000206961858892,23.28053648779593,0.4,-3.1764066514647723e-4
airplane,Catalan,0.9,0.5,0,0.1,0,0,0.2,0.3,1,0,0.5,0,0.5,0,nouns,vehicles,0.2884023771257643,0.751548680439824,-6.217891728850569,0.30036328094842407,20.701237878401837,0.4,-1.2433986311442708
airplane,Spanish (Mexican),0.9,0.5,0,0.1,0,0,0.2,0.3,1,0,0.5,0,0.5,0,nouns,vehicles,0.17207362549088284,0.7687692610590174,-6.37564180959833,0.29991915131744795,21.257868267472062,0.4,-1.759832838578615
airplane,Mandarin (Beijing),0.9,0.5,0,0.1,0,0,0.2,0.3,1,0,0.5,0,0.5,0,nouns,vehicles,0.4402743833297766,0.8013417738887985,-6.0065238964644045,0.3004049998287849,19.994753415847967,0.4,-0.8203571479497992
alligator,Mandarin (Taiwanese),1,0.6428571428571429,0.125,0,0,0,0.07142857142857142,0.2857142857142857,0.875,0,0.3333333333333333,0.2222222222222222,0.4444444444444444,0,nouns,animals,1.4026933680881732,0.7435120351018353,-8.399692497766292,0.2994459106715959,28.050783792396764,0.36507936507936506,0.33839422277064735
ambulance,Mandarin (Taiwanese),0.75,0.875,0,0.125,0.125,0,0,0.125,1,0,0.5454545454545454,0.18181818181818185,0.2727272727272727,0,nouns,vehicles,1.21554415476269,0.5924426539968627,-8.220909436943266,0.29978780347225303,27.422427936445903,0.19886363636363635,0.19519184053357794
animal,English (Australian),0.7,0.6666666666666666,0.125,0.1,0.2,0.125,0.2222222222222222,0.1111111111111111,0.75,0,0.6666666666666666,0.16666666666666666,0.16666666666666666,0,nouns,animals,0.9381952250846574,0.327620916458229,-7.852234364565119,0.30004446513596844,26.170235671592184,0.1388888888888889,-0.06379722254364543
animal,Turkish,0.7,0.6666666666666666,0.125,0.1,0.2,0.125,0.2222222222222222,0.1111111111111111,0.75,0,0.6666666666666666,0.16666666666666666,0.16666666666666666,0,nouns,animals,0.30650440487285197,0.4585006205822052,-6.089510569927075,0.22114804600929533,27.535900406151995,0.1388888888888889,-1.1825231521827066
animal,Mandarin (Beijing),0.7,0.6666666666666666,0.125,0.1,0.2,0.125,0.2222222222222222,0.1111111111111111,0.75,0,0.6666666666666666,0.16666666666666666,0.16666666666666666,0,nouns,animals,0.5281659831139723,0.4483390829050986,-7.148961127794698,0.30009225476597967,23.82254461505399,0.1388888888888889,-0.638344682718962
animal,Spanish (European),0.7,0.6666666666666666,0.125,0.1,0.2,0.125,0.2222222222222222,0.1111111111111111,0.75,0,0.6666666666666666,0.16666666666666666,0.16666666666666666,0,nouns,animals,0.5325678670891448,0.4636587248297934,-8.55063257596677,0.30003674683369913,28.498617806658576,0.1388888888888889,-0.6300449395869432
animal,Korean,0.7,0.6666666666666666,0.125,0.1,0.2,0.125,0.2222222222222222,0.1111111111111111,0.75,0,0.6666666666666666,0.16666666666666666,0.16666666666666666,0,nouns,animals,0.4021046765363542,0.4799478447818661,-8.630330735659784,0.299704252114664,28.79615712745344,0.1388888888888889,-0.9110428348646344
animal,Cantonese,0.7,0.6666666666666666,0.125,0.1,0.2,0.125,0.2222222222222222,0.1111111111111111,0.75,0,0.6666666666666666,0.16666666666666666,0.16666666666666666,0,nouns,animals,0.13829034562792372,0.4935989151929453,-9.057882900579692,0.30009469929298277,30.183415175009376,0.1388888888888889,-1.9783998502106694
animal,Spanish (Mexican),0.7,0.6666666666666666,0.125,0.1,0.2,0.125,0.2222222222222222,0.1111111111111111,0.75,0,0.6666666666666666,0.16666666666666666,0.16666666666666666,0,nouns,animals,0.6704509612943188,0.4378100403764403,-7.459503329957606,0.2997483973765675,24.885882277416787,0.1388888888888889,-0.39980471645287696
animal,English (American),0.7,0.6666666666666666,0.125,0.1,0.2,0.125,0.2222222222222222,0.1111111111111111,0.75,0,0.6666666666666666,0.16666666666666666,0.16666666666666666,0,nouns,animals,0.5177040281537851,0.49300238224081183,-7.456738311348802,0.29998266631987736,24.85723059544226,0.1388888888888889,-0.6583515742396011
ant,Korean,0.5,0.5833333333333334,0.14285714285714285,0.5,0,0.42857142857142855,0.08333333333333333,0.25,0.42857142857142855,0.08333333333333333,0.7142857142857143,0.07142857142857142,0.14285714285714285,0.07142857142857142,nouns,animals,0.18654018925395743,0.7266490820360791,-7.558057091576439,0.29979569059737693,25.210692910615737,0.19642857142857142,-1.679108571135004
ant,Mandarin (Taiwanese),0.5,0.5833333333333334,0.14285714285714285,0.5,0,0.42857142857142855,0.08333333333333333,0.25,0.42857142857142855,0.08333333333333333,0.7142857142857143,0.07142857142857142,0.14285714285714285,0.07142857142857142,nouns,animals,0.13545604174546175,0.6427991143651874,-7.387938600628581,0.29991625955070694,24.6333380247412,0.19642857142857142,-1.9991081064590082
apple,Spanish (European),1,0.125,0,0,0,0,0.125,0.75,1,0,0.2727272727272727,0.3636363636363637,0.09090909090909093,0.2727272727272727,nouns,food_drink,0.10233921201571763,0.814940595943823,-7.163822332654724,0.29996472435190175,23.88221597767119,0.42045454545454547,-2.279462375305367
apple,Japanese,1,0.125,0,0,0,0,0.125,0.75,1,0,0.2727272727272727,0.3636363636363637,0.09090909090909093,0.2727272727272727,nouns,food_drink,0.8958008732771545,0.810472338107919,-6.638511645942843,0.3000400964004939,22.12541498814128,0.42045454545454547,-0.11003713035212907
apple,Catalan,1,0.125,0,0,0,0,0.125,0.75,1,0,0.2727272727272727,0.3636363636363637,0.09090909090909093,0.2727272727272727,nouns,food_drink,0.09028770925360267,0.7904934045795413,-6.3866258180064195,0.3002973470297571,21.26767312857265,0.42045454545454547,-2.404753937971389
apple,Mandarin (Beijing),1,0.125,0,0,0,0,0.125,0.75,1,0,0.2727272727272727,0.3636363636363637,0.09090909090909093,0.2727272727272727,nouns,food_drink,1.101752672016482,0.8416849385726499,-5.90632144114495,0.3003357097457998,19.66573154469038,0.42045454545454547,0.09690224998456286
apple,Spanish (Mexican),1,0.125,0,0,0,0,0.125,0.75,1,0,0.2727272727272727,0.3636363636363637,0.09090909090909093,0.2727272727272727,nouns,food_drink,0.26542883336808454,0.8065931719941691,-6.600342006591144,0.29992557123913477,22.006599768475898,0.42045454545454547,-1.3264085218091526
apple,Turkish,1,0.125,0,0,0,0,0.125,0.75,1,0,0.2727272727272727,0.3636363636363637,0.09090909090909093,0.2727272727272727,nouns,food_drink,0.6342646022380941,0.8481226121632371,-6.570763495616847,0.2999590191058634,21.905537347079573,0.42045454545454547,-0.4552890579248914
apple,Korean,1,0.125,0,0,0,0,0.125,0.75,1,0,0.2727272727272727,0.3636363636363637,0.09090909090909093,0.2727272727272727,nouns,food_drink,0.9424535606707758,0.8648017748984381,-6.429850775240617,0.30002063475774915,21.43136181427115,0.42045454545454547,-0.05926863337175124
apple,Cantonese,1,0.125,0,0,0,0,0.125,0.75,1,0,0.2727272727272727,0.3636363636363637,0.09090909090909093,0.2727272727272727,nouns,food_drink,0.5370248953815476,0.8866136607936731,-6.482330118766176,0.299990679745177,21.608438383060776,0.42045454545454547,-0.6217108254332554
apple,English (American),1,0.125,0,0,0,0,0.125,0.75,1,0,0.2727272727272727,0.3636363636363637,0.09090909090909093,0.2727272727272727,nouns,food_drink,0.3280657039677587,0.8503216679994073,-6.551804668707276,0.3488019227447533,18.783740115738304,0.42045454545454547,-1.1145413736838854
apple,French (French),1,0.125,0,0,0,0,0.125,0.75,1,0,0.2727272727272727,0.3636363636363637,0.09090909090909093,0.2727272727272727,nouns,food_drink,0.2795477534879377,0.8288148419715677,-6.31817037399783,0.29967913579672406,21.08311730544872,0.42045454545454547,-1.2745821477144157
apple,English (Australian),1,0.125,0,0,0,0,0.125,0.75,1,0,0.2727272727272727,0.3636363636363637,0.09090909090909093,0.2727272727272727,nouns,food_drink,0.7085717757070583,0.7954134255908423,-5.673464854723902,0.3002596140494162,18.895197986200618,0.42045454545454547,-0.34450391840944233
arm,Catalan,0.8888888888888888,0.4,0.16666666666666666,0,0.1111111111111111,0,0,0.6,0.8333333333333334,0,0.3333333333333333,0.1111111111111111,0.5555555555555556,0,nouns,body_parts,1.3260192437108007,0.751548680439824,-6.9777920943779375,0.30026243887166404,23.238977611050224,0.5777777777777777,0.28218140426077776
arm,Korean,0.8888888888888888,0.4,0.16666666666666666,0,0.1111111111111111,0,0,0.6,0.8333333333333334,0,0.3333333333333333,0.1111111111111111,0.5555555555555556,0,nouns,body_parts,0.5361816127552277,0.825329576937764,-7.378748761487383,0.2999870439121021,24.596891469917608,0.5777777777777777,-0.6232823455339616
arm,French (French),0.8888888888888888,0.4,0.16666666666666666,0,0.1111111111111111,0,0,0.6,0.8333333333333334,0,0.3333333333333333,0.1111111111111111,0.5555555555555556,0,nouns,body_parts,0.26875760941206117,0.7906792976489233,-6.880559380446849,0.2998154993580411,22.94931181069479,0.5777777777777777,-1.3139453858497103
arm,Russian,0.8888888888888888,0.4,0.16666666666666666,0,0.1111111111111111,0,0,0.6,0.8333333333333334,0,0.3333333333333333,0.1111111111111111,0.5555555555555556,0,nouns,body_parts,0.8393516520200365,0.7926997553287265,-6.633196748005148,0.3001071701484381,22.102759973126457,0.5777777777777777,-0.17512552800210898
back (body part),Mandarin (Taiwanese),0.625,0.7272727272727273,0.18181818181818185,0.125,0.25,0.18181818181818185,0,0.2727272727272727,0.6363636363636364,0,0.3333333333333333,0.1111111111111111,0.5555555555555556,0,nouns,body_parts,0.436804778608086,0.10902063446095198,-8.730386676950623,0.2994688543393,29.1529037175233,0.41414141414141414,-0.8282689145744566
bag,Korean,0.875,0.1111111111111111,0.2222222222222222,0.125,0,0,0.4444444444444444,0.4444444444444444,0.7777777777777778,0,0.2222222222222222,0.3333333333333333,0.4444444444444444,0,nouns,clothing,0.15048649609459608,0.7661212799967533,-6.688709996847673,0.3000357961148475,22.293039975428044,0.4444444444444444,-1.8938819257651154
bag,Cantonese,0.875,0.1111111111111111,0.2222222222222222,0.125,0,0,0.4444444444444444,0.4444444444444444,0.7777777777777778,0,0.2222222222222222,0.3333333333333333,0.4444444444444444,0,nouns,household,0.4956382879961178,0.785840649101179,-6.800559223424945,0.3000698975183396,22.663250394882777,0.4444444444444444,-0.7019088763675688
balcony,Mandarin (Beijing),0.8571428571428571,0.2222222222222222,0.1,0.14285714285714285,0,0,0,0.7777777777777778,0.9,0,0.6666666666666666,0,0.3333333333333333,0,nouns,furniture_rooms,0.4023619480891514,0.518939621101838,-7.152641442433696,0.30000523856210654,23.841721820310713,0.5555555555555556,-0.9104032270706188
ball,Spanish (European),0.7142857142857143,0.07692307692307693,0,0,0.2857142857142857,0.375,0.15384615384615383,0.6923076923076923,0.625,0.07692307692307693,0.09090909090909093,0.09090909090909093,0.8181818181818182,0,nouns,toys,0.5724173946710874,0.814940595943823,-5.435126613441451,0.30013952753535617,18.10866651944469,0.7552447552447552,-0.5578868427484971
ball,Japanese,0.7142857142857143,0.07692307692307693,0,0,0.2857142857142857,0.375,0.15384615384615383,0.6923076923076923,0.625,0.07692307692307693,0.09090909090909093,0.09090909090909093,0.8181818181818182,0,nouns,toys,1.5039002745491254,0.810472338107919,-6.5022129048033674,0.30001626502113293,21.67286798382533,0.7552447552447552,0.4080619165135129
ball,French (French),0.7142857142857143,0.07692307692307693,0,0,0.2857142857142857,0.375,0.15384615384615383,0.6923076923076923,0.625,0.07692307692307693,0.09090909090909093,0.09090909090909093,0.8181818181818182,0,nouns,toys,0.5052290636607917,0.8288148419715677,-2.998843873768695,0.17818466661663707,16.82997718440434,0.7552447552447552,-0.682743361140754
ball,English (Australian),0.7142857142857143,0.07692307692307693,0,0,0.2857142857142857,0.375,0.15384615384615383,0.6923076923076923,0.625,0.07692307692307693,0.09090909090909093,0.09090909090909093,0.8181818181818182,0,nouns,toys,1.1528984881078876,0.7954134255908423,-4.305294052057476,0.3002413821424867,14.33944255563777,0.7552447552447552,0.14227919587408056
ball,Catalan,0.7142857142857143,0.07692307692307693,0,0,0.2857142857142857,0.375,0.15384615384615383,0.6923076923076923,0.625,0.07692307692307693,0.09090909090909093,0.09090909090909093,0.8181818181818182,0,nouns,toys,0.49841121618700746,0.7904934045795413,-5.345167178542959,0.3002430468361454,17.80280088038152,0.7552447552447552,-0.6963298073740569
ball,Spanish (Mexican),0.7142857142857143,0.07692307692307693,0,0,0.2857142857142857,0.375,0.15384615384615383,0.6923076923076923,0.625,0.07692307692307693,0.09090909090909093,0.09090909090909093,0.8181818181818182,0,nouns,toys,0.5504903911560707,0.8065931719941691,-5.475518494070092,0.30006144881395336,18.247990588971224,0.7552447552447552,-0.5969457777291033
balloon,English (Australian),0.8,0.07692307692307693,0.16666666666666666,0,0.2,0.6666666666666666,0.2307692307692308,0.6153846153846154,0.16666666666666666,0.07692307692307693,0,0.625,0.25,0.125,nouns,toys,0.24462103663072185,0.6994559878200496,-5.663183968997903,0.3001545997972227,18.86755682846045,0.4326923076923077,-1.4080450552133077
balloon,Mandarin (Taiwanese),0.8,0.07692307692307693,0.16666666666666666,0,0.2,0.6666666666666666,0.2307692307692308,0.6153846153846154,0.16666666666666666,0.07692307692307693,0,0.625,0.25,0.125,nouns,toys,0.42083056337914165,0.7032268668071759,-6.546422560596147,0.29997339208127455,21.823344114542213,0.4326923076923077,-0.8655249885917601
balloon,Spanish (Mexican),0.8,0.07692307692307693,0.16666666666666666,0,0.2,0.6666666666666666,0.2307692307692308,0.6153846153846154,0.16666666666666666,0.07692307692307693,0,0.625,0.25,0.125,nouns,toys,0.2256538535484673,0.7309453501238656,-5.788865991419073,0.2997590582253047,19.311729979709405,0.4326923076923077,-1.4887530753080054
balloon,Spanish (European),0.8,0.07692307692307693,0.16666666666666666,0,0.2,0.6666666666666666,0.2307692307692308,0.6153846153846154,0.16666666666666666,0.07692307692307693,0,0.625,0.25,0.125,nouns,toys,0.00494877498871648,0.7428827762281245,-6.325590084083685,0.3000568761691799,21.081303534324444,0.4326923076923077,-5.308615210056004
balloon,Turkish,0.8,0.07692307692307693,0.16666666666666666,0,0.2,0.6666666666666666,0.2307692307692308,0.6153846153846154,0.16666666666666666,0.07692307692307693,0,0.625,0.25,0.125,nouns,toys,0.28729094135816247,0.7682001523517432,-6.325968877629215,0.29995182341279497,21.089949731438672,0.4326923076923077,-1.2472598437475064
balloon,Japanese,0.8,0.07692307692307693,0.16666666666666666,0,0.2,0.6666666666666666,0.2307692307692308,0.6153846153846154,0.16666666666666666,0.07692307692307693,0,0.625,0.25,0.125,nouns,toys,0.4558234290944892,0.7336977434017038,-7.564241139109571,0.30003483702608236,25.211209518486697,0.4326923076923077,-0.7856497613536224
banana,English (Australian),0.8571428571428571,0.375,0,0.14285714285714285,0,0.2,0.125,0.5,0.8,0,0.4117647058823529,0.1176470588235294,0.4117647058823529,0.0588235294117647,nouns,food_drink,0.20509179001364783,0.7954134255908423,-4.8415438417888,0.3001118826369478,16.132462997627208,0.45588235294117646,-1.5842976438924716
banana,Catalan,0.8571428571428571,0.375,0,0.14285714285714285,0,0.2,0.125,0.5,0.8,0,0.4117647058823529,0.1176470588235294,0.4117647058823529,0.0588235294117647,nouns,food_drink,0.09993156310091152,0.7904934045795413,-6.5175313605652185,0.3001803311263509,21.71205333843769,0.45588235294117646,-2.303269696272287
banana,Mandarin (Taiwanese),0.8571428571428571,0.375,0,0.14285714285714285,0,0.2,0.125,0.5,0.8,0,0.4117647058823529,0.1176470588235294,0.4117647058823529,0.0588235294117647,nouns,food_drink,0.34844151188862565,0.7837972033964946,-6.387717541577363,0.30002161335652255,21.29085791558187,0.45588235294117646,-1.0542848910194333
banana,Japanese,0.8571428571428571,0.375,0,0.14285714285714285,0,0.2,0.125,0.5,0.8,0,0.4117647058823529,0.1176470588235294,0.4117647058823529,0.0588235294117647,nouns,food_drink,0.7796027442910927,0.810472338107919,-5.736729115272337,0.30001117624518947,19.12171802087764,0.45588235294117646,-0.24897079122781987
banana,Mandarin (Beijing),0.8571428571428571,0.375,0,0.14285714285714285,0,0.2,0.125,0.5,0.8,0,0.4117647058823529,0.1176470588235294,0.4117647058823529,0.0588235294117647,nouns,food_drink,0.08645471342692414,0.8416849385726499,-5.769552340486098,0.30028635893991173,19.21350127542958,0.45588235294117646,-2.4481345463388284
banana,Korean,0.8571428571428571,0.375,0,0.14285714285714285,0,0.2,0.125,0.5,0.8,0,0.4117647058823529,0.1176470588235294,0.4117647058823529,0.0588235294117647,nouns,food_drink,0.42652454841882825,0.8648017748984381,-6.333678919902112,0.30001233192527654,21.111395252511247,0.45588235294117646,-0.8520853558666321
banana,French (French),0.8571428571428571,0.375,0,0.14285714285714285,0,0.2,0.125,0.5,0.8,0,0.4117647058823529,0.1176470588235294,0.4117647058823529,0.0588235294117647,nouns,food_drink,0.0100245077327079,0.8288148419715677,-6.290375501163673,0.29943358337009895,21.007581816194577,0.45588235294117646,-4.6027224109644305
banana,Cantonese,0.8571428571428571,0.375,0,0.14285714285714285,0,0.2,0.125,0.5,0.8,0,0.4117647058823529,0.1176470588235294,0.4117647058823529,0.0588235294117647,nouns,food_drink,0.11150767617955368,0.8866136607936731,-6.341988199725138,0.29995635686483957,21.143036493748458,0.45588235294117646,-2.1936618457919743
banana,Spanish (Mexican),0.8571428571428571,0.375,0,0.14285714285714285,0,0.2,0.125,0.5,0.8,0,0.4117647058823529,0.1176470588235294,0.4117647058823529,0.0588235294117647,nouns,food_drink,0.34266310469512173,0.8065931719941691,-6.540077326252531,0.2997938995275129,21.8152448617532,0.45588235294117646,-1.0710075165477575
basket,Hebrew,0.75,0.1111111111111111,0,0.25,0,0.16666666666666666,0.3333333333333333,0.5555555555555556,0.8333333333333334,0,0.2,0.2,0.6,0,nouns,household,0.0932462645768609,0.8078576987601587,-8.167851158887444,0.2998885632617171,27.236287606470817,0.5777777777777777,-2.3725112794175494
basket,Mandarin (Taiwanese),0.75,0.1111111111111111,0,0.25,0,0.16666666666666666,0.3333333333333333,0.5555555555555556,0.8333333333333334,0,0.2,0.2,0.6,0,nouns,household,1.4080771592650827,0.7837972033964946,-9.22814386724716,0.2997871468601848,30.7823199356542,0.5777777777777777,0.34222505684875715
bat (object),Mandarin (Taiwanese),1,0,0,0,0,0,0.42857142857142855,0.5714285714285714,1,0,0.1,0.2,0.6,0.1,nouns,toys,0.6791297757729936,0.7837972033964946,-9.316223223898156,0.29964975520901765,31.0903748858387,0.5857142857142856,-0.3869430418907533
bath,Japanese,0.8333333333333334,0.4,0.16666666666666666,0,0.16666666666666666,0.16666666666666666,0.4,0.2,0.6666666666666666,0,0.875,0,0.125,0,nouns,furniture_rooms,0.2650576038520816,0.6665199730337654,-7.075261564419248,0.30007034231180285,23.578676619321975,0.1625,-1.327808103591285
bath,French (French),0.8333333333333334,0.4,0.16666666666666666,0,0.16666666666666666,0.16666666666666666,0.4,0.2,0.6666666666666666,0,0.875,0,0.125,0,nouns,furniture_rooms,0.5241383467894243,0.6858065507616509,-2.8763803742177303,0.17308004093002796,16.618787231397643,0.1625,-0.6459996089178932
bathroom,Russian,0.7142857142857143,0.7,0.14285714285714285,0.14285714285714285,0.14285714285714285,0.14285714285714285,0.1,0.2,0.7142857142857143,0,1,0,0,0,nouns,furniture_rooms,0.1701095458763901,0.35731635537914064,-7.470163813201341,0.30001645235475427,24.89918054349983,0.1,-1.7713126619521808
bathroom,Mandarin (Beijing),0.7142857142857143,0.7,0.14285714285714285,0.14285714285714285,0.14285714285714285,0.14285714285714285,0.1,0.2,0.7142857142857143,0,1,0,0,0,nouns,furniture_rooms,0.6411452768176583,0.3575669623664321,-6.620743991655352,0.30042900407743317,22.037632524817436,0.1,-0.44449920683945315
bathroom,Cantonese,0.7142857142857143,0.7,0.14285714285714285,0.14285714285714285,0.14285714285714285,0.14285714285714285,0.1,0.2,0.7142857142857143,0,1,0,0,0,nouns,furniture_rooms,0.37729948474150504,0.40290320466969953,-7.342429176206615,0.30027565369528275,24.45229603482156,0.1,-0.9747160176594917
bathroom,Mandarin (Taiwanese),0.7142857142857143,0.7,0.14285714285714285,0.14285714285714285,0.14285714285714285,0.14285714285714285,0.1,0.2,0.7142857142857143,0,1,0,0,0,nouns,furniture_rooms,0.4939907510556549,0.300375183860583,-8.679990766188233,0.29984963123732816,28.947812042890597,0.1,-0.7052384845288869
bathroom,Korean,0.7142857142857143,0.7,0.14285714285714285,0.14285714285714285,0.14285714285714285,0.14285714285714285,0.1,0.2,0.7142857142857143,0,1,0,0,0,nouns,furniture_rooms,0.2094797321100115,0.39113539937034864,-7.610018118827253,0.2998654186690111,25.378111796302615,0.1,-1.5631282884049145
bathtub,English (Australian),0.6,0.2307692307692308,0,0,0.4,0,0.4615384615384616,0.3076923076923077,1,0,0.1,0.6,0.3,0,nouns,furniture_rooms,0.4180102252198066,0.6994559878200496,-5.520523525597631,0.300025697013765,18.400168987339615,0.3038461538461539,-0.8722493845082355
battery,Catalan,1,0,0,0,0,0,0.6666666666666666,0.3333333333333333,1,0,0.25,0.375,0.375,0,nouns,household,0.3832885978203028,0.4691994304268741,-8.195358894951587,0.3001219501642949,27.30676276915176,0.35416666666666663,-0.9589670544414226
battery,Japanese,1,0,0,0,0,0,0.6666666666666666,0.3333333333333333,1,0,0.25,0.375,0.375,0,nouns,household,0.3411039641759946,0.4937771349447818,-9.629056342507855,0.29997266531648104,32.099779266050405,0.35416666666666663,-1.07556796788366
beans,Japanese,0.5555555555555556,0.08333333333333333,0.25,0.4444444444444444,0,0.25,0.6666666666666666,0.16666666666666666,0.5,0.08333333333333333,0.4444444444444444,0.2222222222222222,0.2222222222222222,0.1111111111111111,nouns,food_drink,0.02313759467216004,0.810472338107919,-8.20024446325681,0.2999399374413701,27.339621836320912,0.19444444444444442,-3.7662965093713874
beans,Korean,0.5555555555555556,0.08333333333333333,0.25,0.4444444444444444,0,0.25,0.6666666666666666,0.16666666666666666,0.5,0.08333333333333333,0.4444444444444444,0.2222222222222222,0.2222222222222222,0.1111111111111111,nouns,food_drink,0.17474979160574464,0.8648017748984381,-7.593966364355575,0.29980857337388844,25.329383609337988,0.19444444444444442,-1.7444000903968562
bear,English (American),0.8333333333333334,0.625,0,0,0.16666666666666666,0,0.25,0.125,1,0,0.6666666666666666,0,0.1111111111111111,0.2222222222222222,nouns,animals,0.5938916074986904,0.7403772723813777,-5.614902782571936,0.2752828501151643,20.396849205182768,0.11805555555555555,-0.5210584552292367
bear,Russian,0.8333333333333334,0.625,0,0,0.16666666666666666,0,0.25,0.125,1,0,0.6666666666666666,0,0.1111111111111111,0.2222222222222222,nouns,animals,0.21525393018536113,0.7135391371560745,-7.066699521737492,0.2999742868531727,23.55768421310192,0.11805555555555555,-1.5359368771401203
bear,Spanish (Mexican),0.8333333333333334,0.625,0,0,0.16666666666666666,0,0.25,0.125,1,0,0.6666666666666666,0,0.1111111111111111,0.2222222222222222,nouns,animals,0.3392167737347854,0.6931214391887139,-6.62483429391003,0.2998882390020594,22.09101069103459,0.11805555555555555,-1.081115925417982
bear,Spanish (European),0.8333333333333334,0.625,0,0,0.16666666666666666,0,0.25,0.125,1,0,0.6666666666666666,0,0.1111111111111111,0.2222222222222222,nouns,animals,0.18071934029943887,0.7068538663702753,-7.029784763389633,0.3000104219695126,23.431801859550088,0.11805555555555555,-1.7108100572305633
bear,Korean,0.8333333333333334,0.625,0,0,0.16666666666666666,0,0.25,0.125,1,0,0.6666666666666666,0,0.1111111111111111,0.2222222222222222,nouns,animals,1.0978345289263804,0.7463851810164157,-6.6900713565103835,0.29993875605725845,22.30479129957199,0.11805555555555555,0.09333962947777226
bear,French (French),0.8333333333333334,0.625,0,0,0.16666666666666666,0,0.25,0.125,1,0,0.6666666666666666,0,0.1111111111111111,0.2222222222222222,nouns,animals,0.2247834672843534,0.7144082090036344,-7.0348809525815055,0.29974500631382167,23.469551800360108,0.11805555555555555,-1.4926177077758498
bear,Cantonese,0.8333333333333334,0.625,0,0,0.16666666666666666,0,0.25,0.125,1,0,0.6666666666666666,0,0.1111111111111111,0.2222222222222222,nouns,animals,1.2546731448415314,0.7656860467626797,-6.6840713659389195,0.299837831019087,22.29228827870432,0.11805555555555555,0.22687509630540115
bear,Mandarin (Beijing),0.8333333333333334,0.625,0,0,0.16666666666666666,0,0.25,0.125,1,0,0.6666666666666666,0,0.1111111111111111,0.2222222222222222,nouns,animals,1.0598466394099333,0.7206554445210955,-6.343557215943665,0.2999742084262623,21.14700876859884,0.11805555555555555,0.058124217854893905
bear,Catalan,0.8333333333333334,0.625,0,0,0.16666666666666666,0,0.25,0.125,1,0,0.6666666666666666,0,0.1111111111111111,0.2222222222222222,nouns,animals,1.3227732003395256,0.6736592321603895,-7.21750774566,0.30005658290371007,24.053822368483548,0.11805555555555555,0.27973044212251014
bear,Turkish,0.8333333333333334,0.625,0,0,0.16666666666666666,0,0.25,0.125,1,0,0.6666666666666666,0,0.1111111111111111,0.2222222222222222,nouns,animals,0.8832978939692603,0.7282389224459963,-5.527648182647455,0.2279860416312197,24.245555311621832,0.11805555555555555,-0.12409276950960865
bear,English (Australian),0.8333333333333334,0.625,0,0,0.16666666666666666,0,0.25,0.125,1,0,0.6666666666666666,0,0.1111111111111111,0.2222222222222222,nouns,animals,1.030446909146922,0.6514772689346533,-6.254396525234278,0.2999544857087877,20.85115183543676,0.11805555555555555,0.02999260051311966
bed,Spanish (Mexican),1,0,0,0,0,0,0.25,0.75,1,0,0.1,0.4,0.5,0,nouns,furniture_rooms,0.77906790219626465,0.8065931719941691,-6.184246105358457,0.30014227324570275,20.604382176768222,0.625,-0.24965707106124718
bed,Cantonese,1,0,0,0,0,0,0.25,0.75,1,0,0.1,0.4,0.5,0,nouns,furniture_rooms,0.38824247230454456,0.8866136607936731,-6.733854930031761,0.300193527797064,22.431712567047622,0.625,-0.9461252059254792
bed,Mandarin (Beijing),1,0,0,0,0,0,0.25,0.75,1,0,0.1,0.4,0.5,0,nouns,furniture_rooms,0.9523536592006444,0.8416849385726499,-5.545607946058269,0.30021114218804884,18.47235883931504,0.625,-0.0488188224193991
bed,English (Australian),1,0,0,0,0,0,0.25,0.75,1,0,0.1,0.4,0.5,0,nouns,furniture_rooms,1.007399439158863,0.7954134255908423,-6.019349253328223,0.3002745401512574,20.046152598538978,0.625,0.007372197607859452
bed,French (French),1,0,0,0,0,0,0.25,0.75,1,0,0.1,0.4,0.5,0,nouns,furniture_rooms,0.8733543889638125,0.8288148419715677,-6.23569734010536,0.29960907411574433,20.812778646672093,0.625,-0.13541386168518493
bed,Turkish,1,0,0,0,0,0,0.25,0.75,1,0,0.1,0.4,0.5,0,nouns,furniture_rooms,0.02207077257689924,0.8481226121632371,-7.334587083990889,0.2998987844800563,24.45687499769993,0.625,-3.8135010535763265
bed,Mandarin (Taiwanese),1,0,0,0,0,0,0.25,0.75,1,0,0.1,0.4,0.5,0,nouns,furniture_rooms,1.1859130322499478,0.7837972033964946,-7.071272311107725,0.29999940953574056,23.570954096378937,0.625,0.17051296926118223
bed,English (American),1,0,0,0,0,0,0.25,0.75,1,0,0.1,0.4,0.5,0,nouns,furniture_rooms,0.5748574731491276,0.8503216679994073,-7.638686365060559,0.3657407395313698,20.885522282390923,0.625,-0.5536331416944485
bed,Spanish (European),1,0,0,0,0,0,0.25,0.75,1,0,0.1,0.4,0.5,0,nouns,household,0.647944576607951,0.814940595943823,-6.64217736714452,0.30013091284390075,22.130933812203285,0.625,-0.43395011621375656
bedroom,Mandarin (Taiwanese),0.8,0.9166666666666666,0.3333333333333333,0.1,0.1,0.3333333333333333,0,0.08333333333333333,0.3333333333333333,0,1,0,0,0,nouns,furniture_rooms,0.6440262731637569,0.6830842826598468,-9.297261455370135,0.2997640334679115,31.015266734344134,0.041666666666666664,-0.44001575687181993
bedroom,French (French),0.8,0.9166666666666666,0.3333333333333333,0.1,0.1,0.3333333333333333,0,0.08333333333333333,0.3333333333333333,0,1,0,0,0,nouns,furniture_rooms,0.42031670288954465,0.733475981164957,-7.1042957229000505,0.29962861554828807,23.71033791248528,0.041666666666666664,-0.8667467973620637
bee,Japanese,1,0.6666666666666666,0,0,0,0.14285714285714285,0,0.25,0.8571428571428571,0.08333333333333333,0.6666666666666666,0.25,0.08333333333333333,0,nouns,animals,0.6920880927355125,0.6953104460485963,-8.253115069164814,0.2999744820966601,27.51272378730345,0.16666666666666666,-0.3680420298257197
bee,Mandarin (Taiwanese),1,0.6666666666666666,0,0,0,0.14285714285714285,0,0.25,0.8571428571428571,0.08333333333333333,0.6666666666666666,0.25,0.08333333333333333,0,nouns,animals,0.3412659972529331,0.6629416985125167,-8.057543121254502,0.29961024908051614,26.893416183133137,0.16666666666666666,-1.0750930551848517
bell,Cantonese,0.8571428571428571,0.125,0,0,0.14285714285714285,0,0.25,0.625,1,0,0.25,0.25,0.5,0,nouns,toys,0.6537179534161626,0.8463044561166753,-8.492940025863295,0.29969706458600764,28.33841578527031,0.5625,-0.42507928443561466
belly button,Mandarin (Beijing),0.8888888888888888,0.5,0.4444444444444444,0,0.1111111111111111,0.1111111111111111,0,0.5,0.4444444444444444,0,0.2307692307692308,0.07692307692307693,0.6923076923076923,0,nouns,body_parts,0.756921508980897,0.8416849385726499,-7.1657067679554745,0.29998387489275746,23.88697315986459,0.5961538461538461,-0.2784957178678472
belly button,Russian,0.8888888888888888,0.5,0.4444444444444444,0,0.1111111111111111,0.1111111111111111,0,0.5,0.4444444444444444,0,0.2307692307692308,0.07692307692307693,0.6923076923076923,0,nouns,body_parts,0.4325297545615947,0.8322800644150524,-6.825309209811386,0.29988861734085914,22.75948073765537,0.5961538461538461,-0.8381041583023783
belly button,Mandarin (Taiwanese),0.8888888888888888,0.5,0.4444444444444444,0,0.1111111111111111,0.1111111111111111,0,0.5,0.4444444444444444,0,0.2307692307692308,0.07692307692307693,0.6923076923076923,0,nouns,body_parts,0.8796479915175465,0.7837972033964946,-5.371909732542135,0.22028724866770072,24.385931391996102,0.5961538461538461,-0.12823346117423362
bib,Turkish,0.8888888888888888,0.375,0.09090909090909093,0.1111111111111111,0,0,0.25,0.375,0.9090909090909092,0,0.35714285714285715,0.35714285714285715,0.2857142857142857,0,nouns,clothing,0.05159727567496728,0.6383261551580659,-6.650752637490419,0.22551300207005637,29.491659356405272,0.33035714285714285,-2.9642864048851885
bib,Catalan,0.8888888888888888,0.375,0.09090909090909093,0.1111111111111111,0,0,0.25,0.375,0.9090909090909092,0,0.35714285714285715,0.35714285714285715,0.2857142857142857,0,nouns,clothing,0.03904199425771595,0.5860336028460259,-6.895110292261999,0.2999934410327678,22.98420348299834,0.33035714285714285,-3.243117436320905
bib,Mandarin (Taiwanese),0.8888888888888888,0.375,0.09090909090909093,0.1111111111111111,0,0,0.25,0.375,0.9090909090909092,0,0.35714285714285715,0.35714285714285715,0.2857142857142857,0,nouns,clothing,0.5025899480090619,0.5723000698495335,-5.199823964388947,0.186300562082118,27.91094082741928,0.33035714285714285,-0.6879806540546176
bicycle,Cantonese,0.8888888888888888,0,0,0.1111111111111111,0,0,0.125,0.75,1,0.125,0.2777777777777778,0.1111111111111111,0.6111111111111112,0,nouns,vehicles,0.03261468372395607,0.7757633479319289,-7.271531247015714,0.300163020174429,24.225273462367632,0.6805555555555556,-3.4229926710383074
bicycle,Korean,0.8888888888888888,0,0,0.1111111111111111,0,0,0.125,0.75,1,0.125,0.2777777777777778,0.1111111111111111,0.6111111111111112,0,nouns,vehicles,0.6178875359547884,0.7562532305065841,-6.9971432447853825,0.29992447628682306,23.32968396381858,0.6805555555555556,-0.4814488187406172
bicycle,Mandarin (Taiwanese),0.8888888888888888,0,0,0.1111111111111111,0,0,0.125,0.75,1,0.125,0.2777777777777778,0.1111111111111111,0.6111111111111112,0,nouns,vehicles,0.5617175222571432,0.6730129905861812,-7.204404255327547,0.3000622485828441,24.009698951977576,0.6805555555555556,-0.5767561848846524
bicycle,Japanese,0.8888888888888888,0,0,0.1111111111111111,0,0,0.125,0.75,1,0.125,0.2777777777777778,0.1111111111111111,0.6111111111111112,0,nouns,vehicles,0.1788433511671452,0.704907270386873,-7.8006604066402145,0.2999740530766632,26.004450473743574,0.6805555555555556,-1.7212449894383886
bicycle,English (Australian),0.8888888888888888,0,0,0.1111111111111111,0,0,0.125,0.75,1,0.125,0.2777777777777778,0.1111111111111111,0.6111111111111112,0,nouns,vehicles,0.13445686533894613,0.6634719486560021,-5.878224330824879,0.30022359798698245,19.579487989081244,0.6805555555555556,-2.0065118351763616
bird,French (French),0.9,0.75,0,0.1,0,0,0.125,0.125,1,0,0.6153846153846154,0,0.38461538461538464,0,nouns,animals,0.19036464368355724,0.8288148419715677,-6.251029778736554,0.2997266115589161,20.855771685484168,0.2548076923076923,-1.6588138688076124
bird,Korean,0.9,0.75,0,0.1,0,0,0.125,0.125,1,0,0.6153846153846154,0,0.38461538461538464,0,nouns,animals,1.034124945205912,0.8648017748984381,-6.839508813245086,0.29999317219559885,22.798881598497353,0.2548076923076923,0.03355560554226583
bird,Spanish (Mexican),0.9,0.75,0,0.1,0,0,0.125,0.125,1,0,0.6153846153846154,0,0.38461538461538464,0,nouns,animals,0.1015253106038076,0.8065931719941691,-6.6951356066004974,0.29943559310367673,22.35918428135018,0.2548076923076923,-2.2874471460319628
bird,Turkish,0.9,0.75,0,0.1,0,0,0.125,0.125,1,0,0.6153846153846154,0,0.38461538461538464,0,nouns,animals,1.0197949008871847,0.8481226121632371,-6.198580359789327,0.2997965293379146,20.67595770197399,0.2548076923076923,0.019601529515792807
bird,Japanese,0.9,0.75,0,0.1,0,0,0.125,0.125,1,0,0.6153846153846154,0,0.38461538461538464,0,nouns,animals,0.24455912596525456,0.810472338107919,-7.519644658001115,0.3000074060613734,25.064863420281032,0.2548076923076923,-1.408298175313147
bird,English (Australian),0.9,0.75,0,0.1,0,0,0.125,0.125,1,0,0.6153846153846154,0,0.38461538461538464,0,nouns,animals,0.6026021859192879,0.7954134255908423,-5.153850446363707,0.3000808080282857,17.174875261859146,0.2548076923076923,-0.5064980248127811
bird,Russian,0.9,0.75,0,0.1,0,0,0.125,0.125,1,0,0.6153846153846154,0,0.38461538461538464,0,nouns,animals,1.0027701366328103,0.8322800644150524,-7.120891305284933,0.29988019747926586,23.74578703476171,0.2548076923076923,0.00276630687533217
bird,English (American),0.9,0.75,0,0.1,0,0,0.125,0.125,1,0,0.6153846153846154,0,0.38461538461538464,0,nouns,animals,0.24054896525268435,0.8503216679994073,-5.488432775872531,0.29992463310485246,18.29937314269814,0.2548076923076923,-1.4248316124352658
bird,Mandarin (Beijing),0.9,0.75,0,0.1,0,0,0.125,0.125,1,0,0.6153846153846154,0,0.38461538461538464,0,nouns,animals,0.3625877014283518,0.8416849385726499,-5.375968811203179,0.30015327714066786,17.910745011402,0.2548076923076923,-1.0144888989741905
biscuit,Cantonese,0.8,0.2,0,0.2,0,0,0.7,0.1,1,0,0.2,0.5,0.2,0.1,nouns,food_drink,0.22993287305703747,0.785840649101179,-5.4207824356215,0.300007174435918,18.068842672892103,0.15000000000000002,-1.4699678689310227
blanket,Cantonese,0.875,0.125,0,0,0.125,0.16666666666666666,0.625,0.25,0.8333333333333334,0,0,0.8888888888888888,0.1111111111111111,0,nouns,household,0.1821130781884892,0.8866136607936731,-6.287579040723196,0.3001777308826621,20.94618752108889,0.18055555555555555,-1.7031274761097372
blanket,Mandarin (Beijing),0.875,0.125,0,0,0.125,0.16666666666666666,0.625,0.25,0.8333333333333334,0,0,0.8888888888888888,0.1111111111111111,0,nouns,household,0.24759428279911655,0.8416849385726499,-5.596359242978457,0.3003885577631436,18.630400853654308,0.18055555555555555,-1.3959638289103506
blocks,English (American),0.75,0,0,0.25,0,0,0.1,0.9,1,0,0,0.1111111111111111,0.8888888888888888,0,nouns,toys,0.07936033772571345,0.7312152394132089,-5.883722458881789,0.2643064554240229,22.26098658635719,0.8944444444444444,-2.533756560398226
blocks,Japanese,0.75,0,0,0.25,0,0,0.1,0.9,1,0,0,0.1111111111111111,0.8888888888888888,0,nouns,toys,0.1788433511671452,0.7145040947251505,-8.214451674560305,0.2999792612248392,27.38339857568835,0.8944444444444444,-1.7212449894383886
blocks,Mandarin (Taiwanese),0.75,0,0,0.25,0,0,0.1,0.9,1,0,0,0.1111111111111111,0.8888888888888888,0,nouns,toys,0.5025899480090619,0.7233694509545061,-7.676144533070108,0.2998614629020121,25.598969800192354,0.8944444444444444,-0.6879806540546176
blocks,English (Australian),0.75,0,0,0.25,0,0,0.1,0.9,1,0,0,0.1111111111111111,0.8888888888888888,0,nouns,toys,0.6584824292443433,0.5195357919998131,-7.012244452452563,0.29999792991591695,23.37430946412846,0.8944444444444444,-0.4178174411550369
blocks,Mandarin (Beijing),0.75,0,0,0.25,0,0,0.1,0.9,1,0,0,0.1111111111111111,0.8888888888888888,0,nouns,toys,0.1420157574556991,0.8416849385726499,-6.669396716375216,0.30016791718921865,22.218885944999208,0.8944444444444444,-1.951817259539488
blocks,Cantonese,0.75,0,0,0.25,0,0,0.1,0.9,1,0,0,0.1111111111111111,0.8888888888888888,0,nouns,toys,0.21321361715743603,0.6346811315624371,-8.20761248965079,0.3000016739654736,27.35855564124413,0.8944444444444444,-1.5454607183856246
blocks,Russian,0.75,0,0,0.25,0,0,0.1,0.9,1,0,0,0.1111111111111111,0.8888888888888888,0,nouns,toys,0.568462204793825,-1.4633778625918523,-7.026697132285477,0.30001451510883204,23.4211905705179,0.8944444444444444,-0.5648204503343561
blocks,Spanish (European),0.75,0,0,0.25,0,0,0.1,0.9,1,0,0,0.1111111111111111,0.8888888888888888,0,nouns,toys,0.4929117546794314,0.4726659522942555,-7.163972245248935,0.30002807914199636,23.877672602297977,0.8944444444444444,-0.7074251175546946
board game,Mandarin (Beijing),0.8333333333333334,0.25,0.14285714285714285,0,0.16666666666666666,0,0.5,0.16666666666666666,0.8571428571428571,0.08333333333333333,0.7,0.2,0.1,0,nouns,toys,1.9615928803656335,0.4483390829050986,-7.398755365644088,0.3000402286596033,24.65921119543607,0.13333333333333333,0.6737568372495152
boat,Spanish (European),1,0.375,0,0,0,0,0.25,0.375,1,0,0.5714285714285714,0.14285714285714285,0.2857142857142857,0,nouns,vehicles,0.3627746675355362,0.7518900036925866,-7.396345358798206,0.300079519027141,24.647951258976914,0.33035714285714285,-1.0139733880535122
boat,Turkish,1,0.375,0,0,0,0,0.25,0.375,1,0,0.5714285714285714,0.14285714285714285,0.2857142857142857,0,nouns,vehicles,0.6118482148033616,0.7781904598281797,-8.513239955195466,0.29968492312111983,28.407301463593413,0.33035714285714285,-0.49127104225781093
boat,Korean,1,0.375,0,0,0,0,0.25,0.375,1,0,0.5714285714285714,0.14285714285714285,0.2857142857142857,0,nouns,vehicles,1.0218168881863003,0.7957254284672582,-7.180993166918064,0.29998010428512345,23.938231450485507,0.33035714285714285,0.02158230565652466
boat,Mandarin (Taiwanese),1,0.375,0,0,0,0,0.25,0.375,1,0,0.5714285714285714,0.14285714285714285,0.2857142857142857,0,nouns,vehicles,0.05808286195551637,0.7132981588808406,-7.528909077253351,0.2999786666784589,25.09814834707375,0.33035714285714285,-2.8458846335860217
boat,Spanish (Mexican),1,0.375,0,0,0,0,0.25,0.375,1,0,0.5714285714285714,0.14285714285714285,0.2857142857142857,0,nouns,vehicles,0.5106057204447308,0.7404013278576534,-7.737632506067778,0.29975410444955797,25.813266244599003,0.33035714285714285,-0.6721575708596598
boat,Catalan,1,0.375,0,0,0,0,0.25,0.375,1,0,0.5714285714285714,0.14285714285714285,0.2857142857142857,0,nouns,vehicles,0.20305417269309153,0.7223401373350359,-6.932205176941427,0.30028645718663344,23.08530741575514,0.33035714285714285,-1.5942824749841935
boat,Cantonese,1,0.375,0,0,0,0,0.25,0.375,1,0,0.5714285714285714,0.14285714285714285,0.2857142857142857,0,nouns,vehicles,0.32196889208958557,0.8160725526089267,-6.666449644894635,0.3000843214921875,22.215254738219276,0.33035714285714285,-1.1333003465220586
boat,French (French),1,0.375,0,0,0,0,0.25,0.375,1,0,0.5714285714285714,0.14285714285714285,0.2857142857142857,0,nouns,vehicles,0.4098609797696763,0.7620776394069397,-6.512983021522808,0.2997114420651393,21.73084543134418,0.33035714285714285,-0.8919372505147763
boat,English (Australian),1,0.375,0,0,0,0,0.25,0.375,1,0,0.5714285714285714,0.14285714285714285,0.2857142857142857,0,nouns,vehicles,0.3063808313142725,0.7114506675413984,-6.150420949343405,0.3002195419379498,20.48641107651344,0.33035714285714285,-1.1829264040574712
body,Korean,0.625,0.3333333333333333,0,0.125,0.25,0.14285714285714285,0.3333333333333333,0.3333333333333333,0.8571428571428571,0,0.1111111111111111,0,0.8888888888888888,0,nouns,body_parts,0.13799563428928352,0.6575727356048992,-8.699841969393256,0.299626673434307,29.03560577459968,0.611111111111111,-1.98053322991025
book,Korean,0.8,0,0,0,0.2,0.16666666666666666,0.625,0.375,0.8333333333333334,0,0.2857142857142857,0.5,0.21428571428571427,0,nouns,toys,2.1058137925109364,0.7661212799967533,-6.115371316132961,0.2999886723967962,20.385340777281534,0.29464285714285715,0.7447019921915751
book,Japanese,0.8,0,0,0,0.2,0.16666666666666666,0.625,0.375,0.8333333333333334,0,0.2857142857142857,0.5,0.21428571428571427,0,nouns,toys,1.0198154422398833,0.7145040947251505,-7.134364925917184,0.30004691012185447,23.77749840189919,0.29464285714285715,0.019621671944240957
book,Turkish,0.8,0,0,0,0.2,0.16666666666666666,0.625,0.375,0.8333333333333334,0,0.2857142857142857,0.5,0.21428571428571427,0,nouns,toys,0.42622325646400977,0.7482195373988703,-7.139202066380693,0.29990683120132366,23.80473308254935,0.29464285714285715,-0.8527919937861448
book,Mandarin (Beijing),0.8,0,0,0,0.2,0.16666666666666666,0.625,0.375,0.8333333333333334,0,0.2857142857142857,0.5,0.21428571428571427,0,nouns,toys,1.2558450917467232,0.7408270268630217,-5.287797677720134,0.30015966190942533,17.616616583595942,0.29464285714285715,0.2278087258431122
book,Spanish (European),0.8,0,0,0,0.2,0.16666666666666666,0.625,0.375,0.8333333333333334,0,0.2857142857142857,0.5,0.21428571428571427,0,nouns,toys,1.2355560947973387,0.7248683212992003,-6.5462285648647756,0.30010348818474253,21.813237175153873,0.29464285714285715,0.21152114792281673
book,Catalan,0.8,0,0,0,0.2,0.16666666666666666,0.625,0.375,0.8333333333333334,0,0.2857142857142857,0.5,0.21428571428571427,0,nouns,toys,0.8071682349472993,0.6931315942302486,-6.0172629078204345,0.30012797861149637,20.04899021963407,0.29464285714285715,-0.21422316286361076
book,English (Australian),0.8,0,0,0,0.2,0.16666666666666666,0.625,0.375,0.8333333333333334,0,0.2857142857142857,0.5,0.21428571428571427,0,nouns,toys,1.577921410503927,0.6754666283773519,-5.0341771137640805,0.3001841777986599,16.770294659369466,0.29464285714285715,0.4561084179540099
book,French (French),0.8,0,0,0,0.2,0.16666666666666666,0.625,0.375,0.8333333333333334,0,0.2857142857142857,0.5,0.21428571428571427,0,nouns,toys,0.9228696560924164,0.733475981164957,-3.0987556649975474,0.15334031626622616,20.208355770034768,0.29464285714285715,-0.0802672721194598
book,Spanish (Mexican),0.8,0,0,0,0.2,0.16666666666666666,0.625,0.375,0.8333333333333334,0,0.2857142857142857,0.5,0.21428571428571427,0,nouns,toys,0.2196724955084311,0.7120333946562902,-7.369369098817387,0.2998917023283226,24.5734344818563,0.29464285714285715,-1.5156174985600377
book,Cantonese,0.8,0,0,0,0.2,0.16666666666666666,0.625,0.375,0.8333333333333334,0,0.2857142857142857,0.5,0.21428571428571427,0,nouns,toys,1.1908809770240938,0.785840649101179,-5.983348896805532,0.30006883548822655,19.939921075343708,0.29464285714285715,0.17469335005107864
boots,Russian,0.625,0.16666666666666666,0,0.375,0,0,0.3333333333333333,0.5,1,0,0.1111111111111111,0.1111111111111111,0.7777777777777778,0,nouns,clothing,0.4325297545615947,0.8322800644150524,-6.727483930595272,0.3000403339320929,22.421931886390585,0.6388888888888888,-0.8381041583023783
boots,Catalan,0.625,0.16666666666666666,0,0.375,0,0,0.3333333333333333,0.5,1,0,0.1111111111111111,0.1111111111111111,0.7777777777777778,0,nouns,clothing,2.574873397259478,0.7904934045795413,-7.573433220246207,0.3000525519393789,25.24035596863147,0.6388888888888888,0.9458003667941824
boots,Turkish,0.625,0.16666666666666666,0,0.375,0,0,0.3333333333333333,0.5,1,0,0.1111111111111111,0.1111111111111111,0.7777777777777778,0,nouns,clothing,0.42622325646400977,0.8481226121632371,-6.137079730366906,0.2112193163886615,29.05548524299812,0.6388888888888888,-0.8527919937861448
bottle,Cantonese,0.8333333333333334,0,0,0.16666666666666666,0,0.1111111111111111,0.3333333333333333,0.6666666666666666,0.8888888888888888,0,0.16666666666666666,0.25,0.5833333333333334,0,nouns,household,0.07599226636196271,0.7959179502704282,-7.489462264617581,0.29999893742226724,24.964962639436603,0.625,-2.57712370226877
bottle,English (Australian),0.8333333333333334,0,0,0.16666666666666666,0,0.1111111111111111,0.3333333333333333,0.6666666666666666,0.8888888888888888,0,0.16666666666666666,0.25,0.5833333333333334,0,nouns,household,0.428712385940866,0.6874613080987008,-5.935097903669412,0.2999920736883796,19.7841823975475,0.625,-0.8469690139344384
bottle,French (French),0.8333333333333334,0,0,0.16666666666666666,0,0.1111111111111111,0.3333333333333333,0.6666666666666666,0.8888888888888888,0,0.16666666666666666,0.25,0.5833333333333334,0,nouns,household,0.2619923035795019,0.7430098672456179,-6.15062470923824,0.29984670572058125,20.512563893130896,0.625,-1.3394401513032692
bottle,English (American),0.8333333333333334,0,0,0.16666666666666666,0,0.1111111111111111,0.3333333333333333,0.6666666666666666,0.8888888888888888,0,0.16666666666666666,0.25,0.5833333333333334,0,nouns,household,0.0969391973899763,0.7678633712858853,-4.087976509036375,0.2079875639279652,19.654908360060475,0.625,-2.333671328050633
bottle,Mandarin (Taiwanese),0.8333333333333334,0,0,0.16666666666666666,0,0.1111111111111111,0.3333333333333333,0.6666666666666666,0.8888888888888888,0,0.16666666666666666,0.25,0.5833333333333334,0,nouns,household,0.08393414059566384,0.6931555747335114,-8.248917194846461,0.29993321036123016,27.50251359264859,0.625,-2.477722828187159
boulder,Korean,0.75,0.09090909090909093,0,0.25,0,0,0.2727272727272727,0.5454545454545454,1,0.09090909090909093,0.125,0.375,0.5,0,nouns,outside,0.4873685887894179,0.5391561417228768,-10.010236813664218,0.29976421932690944,33.3937013434799,0.5227272727272727,-0.7187345863400596
bowl,Japanese,0.8333333333333334,0.1111111111111111,0,0.16666666666666666,0,0,0,0.7777777777777778,1,0.1111111111111111,0,0,1,0,nouns,household,0.6028916277230798,0.6857136217103196,-10.153437955082016,0.299978642933475,33.84720277347778,0.8888888888888888,-0.5060178202591312
bowl,Mandarin (Beijing),0.8333333333333334,0.1111111111111111,0,0.16666666666666666,0,0,0,0.7777777777777778,1,0.1111111111111111,0,0,1,0,nouns,household,0.4283679750906465,0.7105696533501329,-5.72109525432654,0.3001578154315965,19.060290821014224,0.8888888888888888,-0.8477726978931821
bowl,Mandarin (Taiwanese),0.8333333333333334,0.1111111111111111,0,0.16666666666666666,0,0,0,0.7777777777777778,1,0.1111111111111111,0,0,1,0,nouns,household,0.6791297757729936,0.6528704064388521,-6.923070488975374,0.3000999836125563,23.069213152351903,0.8888888888888888,-0.3869430418907533
bowl,English (Australian),0.8333333333333334,0.1111111111111111,0,0.16666666666666666,0,0,0,0.7777777777777778,1,0.1111111111111111,0,0,1,0,nouns,household,0.1679553727190605,0.6394825892133045,-6.703945336542058,0.3000993342194494,22.33908766901748,0.8888888888888888,-1.7840569734440752
box,Spanish (Mexican),1,0,0,0,0,0.14285714285714285,0.2857142857142857,0.7142857142857143,0.8571428571428571,0,0.09090909090909093,0,0.9090909090909092,0,nouns,household,0.07530779361836676,0.7120333946562902,-7.18779215269814,0.2999257906871728,23.96523532114355,0.8116883116883118,-2.5861716486242137
box,Cantonese,1,0,0,0,0,0.14285714285714285,0.2857142857142857,0.7142857142857143,0.8571428571428571,0,0.09090909090909093,0,0.9090909090909092,0,nouns,household,0.4626074468925862,0.785840649101179,-8.037110410717816,0.30002469391010156,26.788163020761317,0.8116883116883118,-0.7708764314056216
box,English (American),1,0,0,0,0,0.14285714285714285,0.2857142857142857,0.7142857142857143,0.8571428571428571,0,0.09090909090909093,0,0.9090909090909092,0,nouns,household,0.5879880177241096,0.7587013383177165,-6.867305405263755,0.3001047886705006,22.883025078295898,0.8116883116883118,-0.5310487093113666
box,French (French),1,0,0,0,0,0.14285714285714285,0.2857142857142857,0.7142857142857143,0.8571428571428571,0,0.09090909090909093,0,0.9090909090909092,0,nouns,household,0.4644103083802269,0.733475981164957,-7.625531831416553,0.29985018080296166,25.431139681144508,0.8116883116883118,-0.7669868322035772
box,Mandarin (Taiwanese),1,0,0,0,0,0.14285714285714285,0.2857142857142857,0.7142857142857143,0.8571428571428571,0,0.09090909090909093,0,0.9090909090909092,0,nouns,household,0.5617175222571432,0.6830842826598468,-8.96704891461652,0.2999140248549802,29.89873154132231,0.8116883116883118,-0.5767561848846524
box,English (Australian),1,0,0,0,0,0.14285714285714285,0.2857142857142857,0.7142857142857143,0.8571428571428571,0,0.09090909090909093,0,0.9090909090909092,0,nouns,household,1.0232985510628267,0.6754666283773519,-6.857992811775008,0.3001632212065781,22.8475453595136,0.8116883116883118,0.023031283163930386
box,Mandarin (Beijing),1,0,0,0,0,0.14285714285714285,0.2857142857142857,0.7142857142857143,0.8571428571428571,0,0.09090909090909093,0,0.9090909090909092,0,nouns,household,0.30697023908593074,0.7408270268630217,-6.7173862599724705,0.300129277848978,22.381642697826337,0.8116883116883118,-1.1810044771822044
bread,Japanese,0.5,0.125,0,0.3333333333333333,0.16666666666666666,0.21428571428571427,0.75,0.125,0.7857142857142857,0,0.3,0.65,0.05,0,nouns,food_drink,1.1750732987370145,0.7336977434017038,-5.809114480613428,0.3000131181267107,19.362868253513987,0.0875,0.16133052755429436
bread,French (French),0.5,0.125,0,0.3333333333333333,0.16666666666666666,0.21428571428571427,0.75,0.125,0.7857142857142857,0,0.3,0.65,0.05,0,nouns,food_drink,0.26959646894478656,0.7525437533262789,-5.369563178087885,0.29972267691198856,17.91510483427525,0.0875,-1.3108289974155631
bread,English (American),0.5,0.125,0,0.3333333333333333,0.16666666666666666,0.21428571428571427,0.75,0.125,0.7857142857142857,0,0.3,0.65,0.05,0,nouns,food_drink,0.01305141016848183,0.7770254042540543,-6.661401135235017,0.3000895138221841,22.19804701067357,0.0875,-4.338859092163879
bread,English (Australian),0.5,0.125,0,0.3333333333333333,0.16666666666666666,0.21428571428571427,0.75,0.125,0.7857142857142857,0,0.3,0.65,0.05,0,nouns,food_drink,0.32713690985957616,0.6994559878200496,-6.481622912842168,0.3001239789846829,21.596484675331336,0.0875,-1.117376511122958
breast,Mandarin (Taiwanese),0.875,0.3076923076923077,0.25,0.125,0,0.125,0.3076923076923077,0.38461538461538464,0.625,0,0.2222222222222222,0.4444444444444444,0.3333333333333333,0,nouns,body_parts,0.259811757131702,0.6730129905861812,-6.398974410187451,0.2995031869740515,21.36529655940472,0.358974358974359,-1.3477979212210875
breast,Japanese,0.875,0.3076923076923077,0.25,0.125,0,0.125,0.3076923076923077,0.38461538461538464,0.625,0,0.2222222222222222,0.4444444444444444,0.3333333333333333,0,nouns,body_parts,0.4993667450864918,0.704907270386873,-6.735537371206016,0.2999774467293667,22.4534792353329,0.358974358974359,-0.694414493088357
bridge,Turkish,0.8333333333333334,0.2,0,0.16666666666666666,0,0,0.6,0.2,1,0,0.625,0,0.375,0,nouns,outside,0.15711128476523112,0.8181516897339267,-8.95265097805725,0.29990679994514485,29.851443780850435,0.2875,-1.8508009045674845
broom,Mandarin (Taiwanese),0.6666666666666666,0.125,0,0.1111111111111111,0.2222222222222222,0,0.25,0.625,1,0,0.375,0,0.625,0,nouns,household,0.9563118519996282,0.6730129905861812,-7.95658199520857,0.29984746491165454,26.53543193220878,0.625,-0.04467121410349425
brush (object),Cantonese,1,0.2222222222222222,0,0,0,0,0.4444444444444444,0.3333333333333333,1,0,0.2222222222222222,0.6666666666666666,0.1111111111111111,0,nouns,household,0.553105910593365,0.4230578070081989,-8.513150283134099,0.2995922296451853,28.415791334830143,0.2222222222222222,-0.5922057757370931
brush (object),English (Australian),1,0.2222222222222222,0,0,0,0,0.4444444444444444,0.3333333333333333,1,0,0.2222222222222222,0.6666666666666666,0.1111111111111111,0,nouns,household,0.1998264118439832,0.24365815840878516,-6.81098359719022,0.29996893498806226,22.705629826172743,0.2222222222222222,-1.6103062300928712
bubbles,Mandarin (Taiwanese),0.4444444444444444,0.09090909090909093,0,0.5555555555555556,0,1,0.3636363636363637,0.5454545454545454,0,0,0.3333333333333333,0.3333333333333333,0.3333333333333333,0,nouns,toys,0.5556758359229048,0.3809455204499016,-7.0005987097372735,0.29985312696695415,23.346759063509072,0.43939393939393934,-0.5875701836746422
bucket,Turkish,0.8571428571428571,0.09090909090909093,0,0.14285714285714285,0,0.5,0.2727272727272727,0.6363636363636364,0.5,0,0.16666666666666666,0.25,0.5833333333333334,0,nouns,toys,0.30650440487285197,0.8081613822574901,-8.16965696735456,0.2997932888898729,27.250966816524137,0.6098484848484849,-1.1825231521827066
bug,Japanese,0.7142857142857143,0.4545454545454546,0,0.14285714285714285,0.14285714285714285,0.25,0.3636363636363637,0.18181818181818185,0.75,0,1,0,0,0,nouns,animals,0.05183777831623328,0.810472338107919,-7.732909437999417,0.29999898844808093,25.776451707395363,0.09090909090909093,-2.959636084410628
bun,Russian,0.7142857142857143,0.38461538461538464,0,0,0.2857142857142857,0.2,0.38461538461538464,0.2307692307692308,0.8,0,0.125,0.375,0.5,0,nouns,food_drink,1.9926735441164043,0.7135391371560745,-6.7211254007088215,0.29998072359151284,22.40519097440759,0.3653846153846154,0.689477226567609
bunny,Spanish (Mexican),0.8571428571428571,0.4,0.14285714285714285,0,0.14285714285714285,0,0.3,0.3,0.8571428571428571,0,0.5,0.3,0.2,0,nouns,animals,0.3628029300212119,0.7782252387928051,-7.177360999973128,0.299808156855438,23.93984565081036,0.25,-1.0138954846403276
bunny,French (French),0.8571428571428571,0.4,0.14285714285714285,0,0.14285714285714285,0,0.3,0.3,0.8571428571428571,0,0.5,0.3,0.2,0,nouns,animals,0.4627459503825813,0.8002131837295842,-6.17040240245322,0.2997641953613341,20.584187497827923,0.25,-0.7705770787659981
bunny,Mandarin (Beijing),0.8571428571428571,0.4,0.14285714285714285,0,0.14285714285714285,0,0.3,0.3,0.8571428571428571,0,0.5,0.3,0.2,0,nouns,animals,0.4754156228481193,0.8114275650597611,-5.790672133058563,0.3002047940236752,19.28907282074213,0.25,-0.7435658620631497
bunny,English (Australian),0.8571428571428571,0.4,0.14285714285714285,0,0.14285714285714285,0,0.3,0.3,0.8571428571428571,0,0.5,0.3,0.2,0,nouns,animals,0.7480912922443865,0.7594293864267947,-6.50876757271478,0.3001979270320383,21.68158733494565,0.25,-0.29023025999990437
bunny,Mandarin (Taiwanese),0.8571428571428571,0.4,0.14285714285714285,0,0.14285714285714285,0,0.3,0.3,0.8571428571428571,0,0.5,0.3,0.2,0,nouns,animals,0.7246328512637112,0.7535833271754999,-6.874701487773849,0.2999424908989033,22.920065333760903,0.25,-0.32209016444740474
bunny,Spanish (European),0.8571428571428571,0.4,0.14285714285714285,0,0.14285714285714285,0,0.3,0.3,0.8571428571428571,0,0.5,0.3,0.2,0,nouns,animals,0.20577337956740951,0.7879189135504359,-7.421322836878409,0.30002771509834725,24.735457637457746,0.25,-1.5809798149331526
bunny,Cantonese,0.8571428571428571,0.4,0.14285714285714285,0,0.14285714285714285,0,0.3,0.3,0.8571428571428571,0,0.5,0.3,0.2,0,nouns,animals,0.4397860100023302,0.8563817572859245,-7.052631660732451,0.2999631727622507,23.511658433891583,0.25,-0.8214670112757209
bunny,English (American),0.8571428571428571,0.4,0.14285714285714285,0,0.14285714285714285,0,0.3,0.3,0.8571428571428571,0,0.5,0.3,0.2,0,nouns,animals,0.02074177614017659,0.8228355690948997,-6.379352425719584,0.29980017541472026,21.278681431373027,0.25,-3.8756054414590566
bunny,Korean,0.8571428571428571,0.4,0.14285714285714285,0,0.14285714285714285,0,0.3,0.3,0.8571428571428571,0,0.5,0.3,0.2,0,nouns,animals,1.556708921620931,0.8351976264279324,-6.585307481756473,0.29999708184961416,21.951238462571546,0.25,0.4425739271545248
bus,English (American),1,0.16666666666666666,0.125,0,0,0,0.25,0.5,0.875,0.08333333333333333,0.2,0.1,0.7,0,nouns,vehicles,0.18266717854332504,0.7587013383177165,-6.411712227735407,0.30041220605264596,21.343048313462276,0.6,-1.7000894784616774
bus,Japanese,1,0.16666666666666666,0.125,0,0,0,0.25,0.5,0.875,0.08333333333333333,0.2,0.1,0.7,0,nouns,vehicles,1.4482598327511167,0.7145040947251505,-6.391918640287377,0.30002567518873785,21.304572137922523,0.6,0.37036272037332085
bus,English (Australian),1,0.16666666666666666,0.125,0,0,0,0.25,0.5,0.875,0.08333333333333333,0.2,0.1,0.7,0,nouns,vehicles,0.5325160597241232,0.6754666283773519,-5.99196528551529,0.3001728512909937,19.96171625696608,0.6,-0.6301422227469989
bus,Cantonese,1,0.16666666666666666,0.125,0,0,0,0.25,0.5,0.875,0.08333333333333333,0.2,0.1,0.7,0,nouns,vehicles,0.5076444776594838,0.785840649101179,-6.390689182462973,0.3001073069613237,21.29468038339557,0.6,-0.6779739235379745
bus,Mandarin (Taiwanese),1,0.16666666666666666,0.125,0,0,0,0.25,0.5,0.875,0.08333333333333333,0.2,0.1,0.7,0,nouns,vehicles,0.2876765708006359,0.6830842826598468,-7.767976120576603,0.2998564048310615,25.90565349088696,0.6,-1.2459184479568162
bus,Korean,1,0.16666666666666666,0.125,0,0,0,0.25,0.5,0.875,0.08333333333333333,0.2,0.1,0.7,0,nouns,vehicles,0.8434558718308552,0.7661212799967533,-6.833337164160364,0.3000318361304114,22.775373614652665,0.6,-0.17024769391784472
butt,English (Australian),0.5454545454545454,0.25,0.5,0.09090909090909093,0.3636363636363637,0,0.5,0.25,0.5,0,0.3157894736842105,0.05263157894736842,0.631578947368421,0,nouns,body_parts,0.13557905409317053,0.4955464325571155,-6.5568936198982,0.3001247907734782,21.84722429293444,0.4407894736842105,-1.9982003837467548
butt,English (American),0.5454545454545454,0.25,0.5,0.09090909090909093,0.3636363636363637,0,0.5,0.25,0.5,0,0.3157894736842105,0.05263157894736842,0.631578947368421,0,nouns,body_parts,0.22971637143706136,0.6212708437951793,-6.743499246149707,0.29994915913648124,22.482140858682374,0.4407894736842105,-1.4709098987008096
butt,Mandarin (Taiwanese),0.5454545454545454,0.25,0.5,0.09090909090909093,0.3636363636363637,0,0.5,0.25,0.5,0,0.3157894736842105,0.05263157894736842,0.631578947368421,0,nouns,body_parts,0.22089748670602724,0.5320149015548742,-6.256516380197401,0.3001722212085498,20.843089193955024,0.4407894736842105,-1.5100565461399063
butt,Catalan,0.5454545454545454,0.25,0.5,0.09090909090909093,0.3636363636363637,0,0.5,0.25,0.5,0,0.3157894736842105,0.05263157894736842,0.631578947368421,0,nouns,body_parts,0.1541646126244197,0.5470888787063086,-6.138434252496228,0.3003700042373963,20.43624252055721,0.4407894736842105,-1.8697343343038033
butt,Spanish (Mexican),0.5454545454545454,0.25,0.5,0.09090909090909093,0.3636363636363637,0,0.5,0.25,0.5,0,0.3157894736842105,0.05263157894736842,0.631578947368421,0,nouns,body_parts,1.484755706310548,0.5701937286494709,-7.404938346611687,0.29932709804101143,24.73861670084117,0.4407894736842105,0.39525025118682977
butterfly,Mandarin (Beijing),0.6666666666666666,0.375,0.14285714285714285,0.2222222222222222,0.1111111111111111,0.14285714285714285,0.125,0.375,0.7142857142857143,0.125,0.7,0.1,0.2,0,nouns,animals,0.04815908561401406,0.7710844003759096,-6.88653635299229,0.3000412310840569,22.951966728409467,0.2875,-3.0332454645817895
butterfly,Korean,0.6666666666666666,0.375,0.14285714285714285,0.2222222222222222,0.1111111111111111,0.14285714285714285,0.125,0.375,0.7142857142857143,0.125,0.7,0.1,0.2,0,nouns,animals,0.28377349118499595,0.7957254284672582,-6.794504584306071,0.3000304604209658,22.646049253708636,0.2875,-1.2595789252961218
butterfly,Mandarin (Taiwanese),0.6666666666666666,0.375,0.14285714285714285,0.2222222222222222,0.1111111111111111,0.14285714285714285,0.125,0.375,0.7142857142857143,0.125,0.7,0.1,0.2,0,nouns,animals,0.3114031279014363,0.7132981588808406,-6.926519905948787,0.29997121903342566,23.09061492054999,0.2875,-1.166666974990951
buttocks,Japanese,0.8333333333333334,0.2,0.375,0.16666666666666666,0,0.125,0,0.8,0.5,0,0.2307692307692308,0.07692307692307693,0.6923076923076923,0,nouns,body_parts,0.1309957004263578,0.647326324357212,-6.987087183084541,0.3000667689708475,23.28510820124624,0.7461538461538462,-2.032590777492453
button,English (Australian),0.8333333333333334,0.25,0,0,0.16666666666666666,0,0.375,0.375,1,0,0.375,0.125,0.5,0,nouns,clothing,0.2453802425061763,0.747434706705446,-6.929171326878231,0.29999464430120526,23.09765010311683,0.4375,-1.4049462613313162
button,Cantonese,0.8333333333333334,0.25,0,0,0.16666666666666666,0,0.375,0.375,1,0,0.375,0.125,0.5,0,nouns,clothing,0.2207100046259278,0.8463044561166753,-7.869911924454875,0.3000242173447758,26.23092227055487,0.4375,-1.5109056354105515
cake,Catalan,0.8333333333333334,0.3333333333333333,0,0.16666666666666666,0,0.3333333333333333,0.5555555555555556,0.1111111111111111,0.6666666666666666,0,0.3333333333333333,0.4444444444444444,0.2222222222222222,0,nouns,food_drink,0.08045287564320162,0.605505964915884,-6.92405024387422,0.30014874264487623,23.068729799966125,0.16666666666666666,-2.520083661705228
cake,English (Australian),0.8333333333333334,0.3333333333333333,0,0.16666666666666666,0,0.3333333333333333,0.5555555555555556,0.1111111111111111,0.6666666666666666,0,0.3333333333333333,0.4444444444444444,0.2222222222222222,0,nouns,food_drink,0.589485546293166,0.5675145108852094,-6.3136719689445515,0.30022825129439046,21.02957313885043,0.16666666666666666,-0.5285050778919534
cake,Korean,0.8333333333333334,0.3333333333333333,0,0.16666666666666666,0,0.3333333333333333,0.5555555555555556,0.1111111111111111,0.6666666666666666,0,0.3333333333333333,0.4444444444444444,0.2222222222222222,0,nouns,food_drink,0.08540119119923828,0.6773088345852358,-7.523857531416922,0.29996999291191473,25.08203390072513,0.16666666666666666,-2.4603952298160596
cake,Turkish,0.8333333333333334,0.3333333333333333,0,0.16666666666666666,0,0.3333333333333333,0.5555555555555556,0.1111111111111111,0.6666666666666666,0,0.3333333333333333,0.4444444444444444,0.2222222222222222,0,nouns,food_drink,0.07974994556547764,0.658306770110939,-6.722082290978651,0.2999866069930738,22.40794133564054,0.16666666666666666,-2.52885921988196
cake,Mandarin (Taiwanese),0.8333333333333334,0.3333333333333333,0,0.16666666666666666,0,0.3333333333333333,0.5555555555555556,0.1111111111111111,0.6666666666666666,0,0.3333333333333333,0.4444444444444444,0.2222222222222222,0,nouns,food_drink,0.5370652218813097,0.5924426539968627,-6.970567482581958,0.30007773719935216,23.22920569729292,0.16666666666666666,-0.6216357358311209
cake,English (American),0.8333333333333334,0.3333333333333333,0,0.16666666666666666,0,0.3333333333333333,0.5555555555555556,0.1111111111111111,0.6666666666666666,0,0.3333333333333333,0.4444444444444444,0.2222222222222222,0,nouns,food_drink,0.22971637143706136,0.6762430416041937,-7.903149005115881,0.35130489701874934,22.496552345793475,0.16666666666666666,-1.4709098987008096
cake,Cantonese,0.8333333333333334,0.3333333333333333,0,0.16666666666666666,0,0.3333333333333333,0.5555555555555556,0.1111111111111111,0.6666666666666666,0,0.3333333333333333,0.4444444444444444,0.2222222222222222,0,nouns,food_drink,0.15961359565553715,0.6951449385779334,-6.689125332432882,0.3000363293549915,22.294384639396664,0.16666666666666666,-1.8349994117828976
cake,Mandarin (Beijing),0.8333333333333334,0.3333333333333333,0,0.16666666666666666,0,0.3333333333333333,0.5555555555555556,0.1111111111111111,0.6666666666666666,0,0.3333333333333333,0.4444444444444444,0.2222222222222222,0,nouns,food_drink,0.2814811324269705,0.6500549063243551,-6.472202281764209,0.3002390389159986,21.55683120067211,0.16666666666666666,-1.267689858774891
cake,Spanish (European),0.8333333333333334,0.3333333333333333,0,0.16666666666666666,0,0.3333333333333333,0.5555555555555556,0.1111111111111111,0.6666666666666666,0,0.3333333333333333,0.4444444444444444,0.2222222222222222,0,nouns,food_drink,0.15297791761038115,0.6438032741190388,-7.564411887376668,0.2999939456202339,25.215215166217227,0.16666666666666666,-1.8774616973500977
cake,French (French),0.8333333333333334,0.3333333333333333,0,0.16666666666666666,0,0.3333333333333333,0.5555555555555556,0.1111111111111111,0.6666666666666666,0,0.3333333333333333,0.4444444444444444,0.2222222222222222,0,nouns,food_drink,0.6123756707805299,0.6476710064390064,-5.915739597626106,0.2996699804544762,19.740848211270148,0.16666666666666666,-0.49040934364856653
cake,Spanish (Mexican),0.8333333333333334,0.3333333333333333,0,0.16666666666666666,0,0.3333333333333333,0.5555555555555556,0.1111111111111111,0.6666666666666666,0,0.3333333333333333,0.4444444444444444,0.2222222222222222,0,nouns,food_drink,0.14088456702718105,0.6269295950521981,-6.8150005899311035,0.2998899441235288,22.725005367715532,0.16666666666666666,-1.9598143974662758
cake,Japanese,0.8333333333333334,0.3333333333333333,0,0.16666666666666666,0,0.3333333333333333,0.5555555555555556,0.1111111111111111,0.6666666666666666,0,0.3333333333333333,0.4444444444444444,0.2222222222222222,0,nouns,food_drink,0.932705078625512,0.6281326756806579,-7.597752910173962,0.3000438304339013,25.3221434321334,0.16666666666666666,-0.0696662281847912
camera,Japanese,0.7142857142857143,0.125,0,0.14285714285714285,0.14285714285714285,0,0.375,0.5,1,0,0.6666666666666666,0.2222222222222222,0.1111111111111111,0,nouns,household,0.5401580652524673,0.810472338107919,-8.974517657129415,0.2999825706670974,29.916796956476496,0.3055555555555556,-0.61589346882554
can (object),English (American),1,0.1,0,0,0,0,0.3,0.6,1,0,0.1,0.5,0.4,0,nouns,household,1.9069372973699277,0.43803018443179664,-7.371326728511712,0.2548628764462872,28.92271652621496,0.5,0.6454984458312165
candle,Spanish (Mexican),0.9,0,0.16666666666666666,0.1,0,0,0.7272727272727273,0.18181818181818185,0.8333333333333334,0.09090909090909093,0.25,0.5,0.25,0,nouns,household,0.04078343944123486,0.6742094837211384,-8.056719694410628,0.29971558362063655,26.88121717624259,0.21590909090909094,-3.1994791760182846
candy,Korean,0.5,0.3,0.18181818181818185,0.375,0.125,0,0.5,0.1,0.8181818181818182,0.1,0.25,0.75,0,0,nouns,food_drink,0.08540119119923828,0.6970449335655733,-6.386766384721873,0.2999997581649021,21.28923844402312,0.05,-2.4603952298160596
candy,Japanese,0.5,0.3,0.18181818181818185,0.375,0.125,0,0.5,0.1,0.8181818181818182,0.1,0.25,0.75,0,0,nouns,food_drink,0.6490289521100423,0.647326324357212,-8.731066885650922,0.2999680057897143,29.106660434218565,0.05,-0.4322779529340104
candy,Turkish,0.5,0.3,0.18181818181818185,0.375,0.125,0,0.5,0.1,0.8181818181818182,0.1,0.25,0.75,0,0,nouns,food_drink,0.3943646762294097,0.6782873850638128,-6.847864163712459,0.2998542501284054,22.837308995220265,0.05,-0.9304792235775454
candy,Cantonese,0.5,0.3,0.18181818181818185,0.375,0.125,0,0.5,0.1,0.8181818181818182,0.1,0.25,0.75,0,0,nouns,food_drink,0.4273653321805271,0.7152995409164327,-6.157075183551026,0.30016720679608,20.51215137479646,0.05,-0.8501160526753757
candy,Hebrew,0.5,0.3,0.18181818181818185,0.375,0.125,0,0.5,0.1,0.8181818181818182,0.1,0.25,0.75,0,0,nouns,food_drink,1.2949660005074006,0.6218552044358363,-8.075369147443118,0.2999622291768693,26.921286621995225,0.05,0.2584844403724077
cap,Catalan,0.75,0.2727272727272727,0,0,0.25,0.5,0.2727272727272727,0.3636363636363637,0.5,0.09090909090909093,0.5555555555555556,0.2222222222222222,0.2222222222222222,0,nouns,clothing,1.3324483673779668,0.3913099821474395,-7.23345935942344,0.30006230918424726,24.106524338522902,0.29292929292929293,0.2870181276226602
car,Spanish (Mexican),0.8,0.25,0,0.1,0.1,0,0.5,0.25,1,0,0.4,0.1,0.4,0.1,nouns,vehicles,0.9235342075387932,0.7025774169225016,-5.7676260746628545,0.29989358254355786,19.2322424032703,0.325,-0.07954743883903634
car,English (American),0.8,0.25,0,0.1,0.1,0,0.5,0.25,1,0,0.4,0.1,0.4,0.1,nouns,vehicles,0.9150769669629064,0.7495393053495467,-6.56425071691712,0.36525870773998126,17.971510542576986,0.325,-0.08874710034489246
car,French (French),0.8,0.25,0,0.1,0.1,0,0.5,0.25,1,0,0.4,0.1,0.4,0.1,nouns,vehicles,0.8439061207101491,0.7239420950842953,-6.137407107363137,0.2996298247649543,20.483298390531207,0.325,-0.16971402195892854
car,Turkish,0.8,0.25,0,0.1,0.1,0,0.5,0.25,1,0,0.4,0.1,0.4,0.1,nouns,vehicles,1.0910740454936891,0.7382292299224328,-5.872243076059152,0.2999178317178943,19.579506301521416,0.325,0.08716257392801162
car,Catalan,0.8,0.25,0,0.1,0.1,0,0.5,0.25,1,0,0.4,0.1,0.4,0.1,nouns,vehicles,0.8532476211280848,0.6833954131953186,-5.835014038564885,0.3002452749483798,19.43415775508234,0.325,-0.1587054792119996
car,Japanese,0.8,0.25,0,0.1,0.1,0,0.5,0.25,1,0,0.4,0.1,0.4,0.1,nouns,vehicles,1.0853289780947528,0.704907270386873,-6.306846628424896,0.2999978655320915,21.02297167094423,0.325,0.08188314665217289
car,Cantonese,0.8,0.25,0,0.1,0.1,0,0.5,0.25,1,0,0.4,0.1,0.4,0.1,nouns,vehicles,1.3575630585396563,0.7757633479319289,-4.565227125299482,0.3001039025213577,15.212155146748168,0.325,0.30569122371000884
car,English (Australian),0.8,0.25,0,0.1,0.1,0,0.5,0.25,1,0,0.4,0.1,0.4,0.1,nouns,vehicles,1.4193540060974854,0.6634719486560021,-4.663675443608527,0.3002167521108911,15.534361126809822,0.325,0.3502018428198076
car,Mandarin (Beijing),0.8,0.25,0,0.1,0.1,0,0.5,0.25,1,0,0.4,0.1,0.4,0.1,nouns,vehicles,0.6301775041407465,0.7307412356920582,-5.475340305624783,0.3001026879041535,18.244889253952607,0.325,-0.4617537466770102
car,Spanish (European),0.8,0.25,0,0.1,0.1,0,0.5,0.25,1,0,0.4,0.1,0.4,0.1,nouns,vehicles,0.7582109948261292,0.7158610938347374,-5.907528344426179,0.30018348148825696,19.67972493069136,0.325,-0.27679357478356026
carpet,Russian,0.125,0,0.1111111111111111,0.5,0.375,0.1111111111111111,0.8571428571428571,0,0.7777777777777778,0.14285714285714285,0.09090909090909093,0.7272727272727273,0.18181818181818185,0,nouns,furniture_rooms,1.1017718607052411,0.7926997553287265,-8.36527253632112,0.2999349464186616,27.890289665161347,0.09090909090909093,0.0969196663450114
carrot,Mandarin (Beijing),1,0,0,0,0,0,0.3333333333333333,0.3333333333333333,1,0.3333333333333333,0.1,0.4,0.3,0.2,nouns,food_drink,0.5999266016466381,0.8416849385726499,-6.4403535788753485,0.3001850009170782,21.454614851507532,0.31666666666666665,-0.5109479618379239
carrot,Japanese,1,0,0,0,0,0,0.3333333333333333,0.3333333333333333,1,0.3333333333333333,0.1,0.4,0.3,0.2,nouns,food_drink,0.1309957004263578,0.810472338107919,-6.976279543253125,0.300015132830534,23.253092193831883,0.31666666666666665,-2.032590777492453
carrot,French (French),1,0,0,0,0,0,0.3333333333333333,0.3333333333333333,1,0.3333333333333333,0.1,0.4,0.3,0.2,nouns,food_drink,0.03689928752617841,0.8288148419715677,-7.095430638496914,0.29979777660851364,23.66738912731289,0.31666666666666665,-3.299563036355709
carrot,Korean,1,0,0,0,0,0,0.3333333333333333,0.3333333333333333,1,0.3333333333333333,0.1,0.4,0.3,0.2,nouns,food_drink,0.8557041772368528,0.8648017748984381,-7.620285015910525,0.299666103833995,25.429252486066652,0.31666666666666665,-0.1558305499095865
carrot,Russian,1,0,0,0,0,0,0.3333333333333333,0.3333333333333333,1,0.3333333333333333,0.1,0.4,0.3,0.2,nouns,food_drink,0.40128339702395344,0.8322800644150524,-7.516290094763309,0.2999870736034888,25.05537990179553,0.31666666666666665,-0.9130873755430894
cat,Japanese,0.875,0.6,0.1,0,0.125,0,0.1,0.3,0.9,0,0.8888888888888888,0.1111111111111111,0,0,nouns,animals,0.20149998533978375,0.6761167973720429,-6.561603929234063,0.29999791275797005,21.872165272455685,0.15,-1.6019659703508176
cat,English (Australian),0.875,0.6,0.1,0,0.125,0,0.1,0.3,0.9,0,0.8888888888888888,0.1111111111111111,0,0,nouns,animals,0.9308958176333204,0.6274879094919557,-5.450311542178822,0.30007222640688047,18.163332233182143,0.15,-0.07160791169036738
cat,English (American),0.875,0.6,0.1,0,0.125,0,0.1,0.3,0.9,0,0.8888888888888888,0.1111111111111111,0,0,nouns,animals,0.4996394537147395,0.7220532064450399,-5.429796816354274,0.2997655724329163,18.11347704903435,0.15,-0.6938685332427649
cat,Russian,0.875,0.6,0.1,0,0.125,0,0.1,0.3,0.9,0,0.8888888888888888,0.1111111111111111,0,0,nouns,animals,0.7734311375264454,0.693748982612912,-3.9313922069091713,0.18062075054089263,21.76600526316107,0.15,-0.25691864004729703
cat,Mandarin (Taiwanese),0.875,0.6,0.1,0,0.125,0,0.1,0.3,0.9,0,0.8888888888888888,0.1111111111111111,0,0,nouns,animals,1.7751575883517852,0.6427991143651874,-5.431108122289437,0.30012640735397955,18.09606882037474,0.15,0.5738892011564953
cat,Cantonese,0.875,0.6,0.1,0,0.125,0,0.1,0.3,0.9,0,0.8888888888888888,0.1111111111111111,0,0,nouns,animals,0.4672884761768256,0.7455314444241812,-5.3171243296154085,0.29988645723407814,17.73045831631235,0.15,-0.7608084900188937
cat,Catalan,0.875,0.6,0.1,0,0.125,0,0.1,0.3,0.9,0,0.8888888888888888,0.1111111111111111,0,0,nouns,animals,0.32614023587986185,0.6541868700905313,-6.047965196176209,0.30022593569322614,20.14471262188381,0.15,-1.120427818702006
cat,Spanish (European),0.875,0.6,0.1,0,0.125,0,0.1,0.3,0.9,0,0.8888888888888888,0.1111111111111111,0,0,nouns,animals,0.49671374427996495,0.688839411441351,-6.242408535563536,0.3001185293348388,20.799810492870144,0.15,-0.6997413860618901
cat,Spanish (Mexican),0.875,0.6,0.1,0,0.125,0,0.1,0.3,0.9,0,0.8888888888888888,0.1111111111111111,0,0,nouns,animals,0.6366974840587684,0.6742094837211384,-5.850292242180265,0.29994288068991726,19.504687788300373,0.15,-0.4514606435002326
cat,Korean,0.875,0.6,0.1,0,0.125,0,0.1,0.3,0.9,0,0.8888888888888888,0.1111111111111111,0,0,nouns,animals,1.1141484014114345,0.7266490820360791,-6.637956138236898,0.29997863656224105,22.128096234811785,0.15,0.10809034754429495
cat,Turkish,0.875,0.6,0.1,0,0.125,0,0.1,0.3,0.9,0,0.8888888888888888,0.1111111111111111,0,0,nouns,animals,1.543268226967333,0.7082583074931232,-6.023600451288343,0.29983295431099666,20.08985458296377,0.15,0.4339023929898735
cat,French (French),0.875,0.6,0.1,0,0.125,0,0.1,0.3,0.9,0,0.8888888888888888,0.1111111111111111,0,0,nouns,animals,0.7745466814946201,0.6953404368423126,-5.742659315644415,0.2995103907619598,19.17348944400556,0.15,-0.25547734786910253
cd,Mandarin (Taiwanese),0.8333333333333334,0.25,0.1,0,0.16666666666666666,0,0.125,0.625,0.9,0,0,0.625,0.375,0,nouns,household,0.6074183694263956,0.7837972033964946,-8.26832289242634,0.29958110424512935,27.59961417880637,0.5,-0.4985374841106426
cereal,Catalan,0.1,0.25,0.14285714285714285,0.8,0.1,0.2857142857142857,0.75,0,0.5714285714285714,0,0.4,0.6,0,0,nouns,food_drink,2.105195944138471,0.6249783269857432,-7.934603898159331,0.3000220597130522,26.446734969249142,0,0.744408547903607
chair,Spanish (Mexican),0.8333333333333334,0,0,0.16666666666666666,0,0,0.3,0.7,1,0,0,0.3,0.7,0,nouns,furniture_rooms,0.5168580196605659,0.4094421071750763,-6.211146050364924,0.30009687198852614,20.697136925180615,0.7,-0.6599870656701714
chair,Spanish (European),0.8333333333333334,0,0,0.16666666666666666,0,0,0.3,0.7,1,0,0,0.3,0.7,0,nouns,household,0.369416078207388,0.4366370424364063,-6.706188976374806,0.3001301120447999,22.344272391348007,0.7,-0.9958316869682303
chair,Mandarin (Taiwanese),0.8333333333333334,0,0,0.16666666666666666,0,0,0.3,0.7,1,0,0,0.3,0.7,0,nouns,furniture_rooms,0.9992464278322232,0.3608029363025724,-6.210895256946227,0.30013560838578995,20.693630090578363,0.7,-7.538562460074499e-4
chair,Mandarin (Beijing),0.8333333333333334,0,0,0.16666666666666666,0,0,0.3,0.7,1,0,0,0.3,0.7,0,nouns,furniture_rooms,0.7593507784498681,0.4180817093922098,-6.580651289982943,0.30016053794593966,21.92377230869752,0.7,-0.2752914496534658
chair,English (American),0.8333333333333334,0,0,0.16666666666666666,0,0,0.3,0.7,1,0,0,0.3,0.7,0,nouns,furniture_rooms,0.5769134156427624,0.46551628333630424,-7.281351305199994,0.34070012853574294,21.37173043195992,0.7,-0.5500630832787032
chair,Catalan,0.8333333333333334,0,0,0.16666666666666666,0,0,0.3,0.7,1,0,0,0.3,0.7,0,nouns,furniture_rooms,0.1952328635252557,0.3815738011125105,-6.501303859747434,0.3003507488332629,21.645705512645737,0.7,-1.633562260950154
chair,Cantonese,0.8333333333333334,0,0,0.16666666666666666,0,0,0.3,0.7,1,0,0,0.3,0.7,0,nouns,furniture_rooms,0.27376951049124665,0.4633670116851967,-6.63637031951304,0.3001187186531332,22.112483850709513,0.7,-1.295468729190197
chair,French (French),0.8333333333333334,0,0,0.16666666666666666,0,0,0.3,0.7,1,0,0,0.3,0.7,0,nouns,furniture_rooms,0.31204156698225405,0.4283916265838016,-6.592678825567334,0.2996936054803566,21.998063038416916,0.7,-1.1646188725394264
chair,English (Australian),0.8333333333333334,0,0,0.16666666666666666,0,0,0.3,0.7,1,0,0,0.3,0.7,0,nouns,furniture_rooms,1.0098888758755011,0.2916368772941815,-6.100672161957173,0.3002374164657044,20.319493265603832,0.7,0.009840300914453945
cheek,French (French),0.25,0.625,0.125,0.25,0.5,0.125,0.25,0.125,0.75,0,0.5,0.125,0.25,0.125,nouns,body_parts,1.09642503257845,0.666738778600329,-7.133755322706564,0.2997996005078619,23.795079481833696,0.1875,0.09205491679699278
cheese,Japanese,0.375,0.16666666666666666,0,0.375,0.25,0.16666666666666666,0.5,0,0.8333333333333334,0.3333333333333333,0.375,0.375,0.25,0,nouns,food_drink,0.9033523958647476,0.5225676079596127,-7.274886411616762,0.2999748668512486,24.251653106739205,0.125,-0.10164255156585347
cheese,English (Australian),0.375,0.16666666666666666,0,0.375,0.25,0.16666666666666666,0.5,0,0.8333333333333334,0.3333333333333333,0.375,0.375,0.25,0,nouns,food_drink,0.5637241792849623,0.4355730339503704,-5.562682863679337,0.3000869688063533,18.53690243800272,0.125,-0.5731901909259979
cheese,English (American),0.375,0.16666666666666666,0,0.375,0.25,0.16666666666666666,0.5,0,0.8333333333333334,0.3333333333333333,0.375,0.375,0.25,0,nouns,food_drink,0.20844092033910547,0.5754606789543338,-5.718447048861814,0.3000775416982591,19.05656456827402,0.125,-1.5680996335838326
cheese,Spanish (Mexican),0.375,0.16666666666666666,0,0.375,0.25,0.16666666666666666,0.5,0,0.8333333333333334,0.3333333333333333,0.375,0.375,0.25,0,nouns,food_drink,0.04966680313172567,0.5229138399805315,-6.871297896959814,0.2999179957092057,22.910588878508253,0.125,-3.002418514089925
chick,Russian,0.5,0.4444444444444444,0.3333333333333333,0.25,0.25,0,0.3333333333333333,0.2222222222222222,0.6666666666666666,0,0.7777777777777778,0.1111111111111111,0.1111111111111111,0,nouns,animals,0.40128339702395344,0.7630145235139818,-7.938256640856835,0.29972693244337134,26.484962749741022,0.16666666666666666,-0.9130873755430894
chick,Spanish (European),0.5,0.4444444444444444,0.3333333333333333,0.25,0.25,0,0.3333333333333333,0.2222222222222222,0.6666666666666666,0,0.7777777777777778,0.1111111111111111,0.1111111111111111,0,nouns,animals,0.06479906001896274,0.7518900036925866,-7.351337654368425,0.29999335084053175,24.50500197344772,0.16666666666666666,-2.736464181609324
chick,Korean,0.5,0.4444444444444444,0.3333333333333333,0.25,0.25,0,0.3333333333333333,0.2222222222222222,0.6666666666666666,0,0.7777777777777778,0.1111111111111111,0.1111111111111111,0,nouns,animals,0.759817232078763,0.7957254284672582,-7.643356131053326,0.2996650821997687,25.506328848677676,0.16666666666666666,-0.27467735872959076
chick,Spanish (Mexican),0.5,0.4444444444444444,0.3333333333333333,0.25,0.25,0,0.3333333333333333,0.2222222222222222,0.6666666666666666,0,0.7777777777777778,0.1111111111111111,0.1111111111111111,0,nouns,animals,0.23008810916224337,0.7404013278576534,-6.608948176458568,0.29947656565388725,22.06833166404312,0.16666666666666666,-1.4692929601025186
chicken (animal),English (American),0.7777777777777778,0.375,0,0.1111111111111111,0.1111111111111111,0,0.375,0.25,1,0,0.8888888888888888,0,0.1111111111111111,0,nouns,animals,0.1530484926111049,0.6670810086360247,-6.94052957632037,0.30025393595809236,23.115532371535963,0.18055555555555555,-1.8770004626355916
chicken (animal),Mandarin (Taiwanese),0.7777777777777778,0.375,0,0.1111111111111111,0.1111111111111111,0,0.375,0.25,1,0,0.8888888888888888,0,0.1111111111111111,0,nouns,animals,1.5138266743243,0.582371361923198,-6.150306419822381,0.29999667489901494,20.501248628481303,0.18055555555555555,0.41464066650945247
chicken (animal),Cantonese,0.7777777777777778,0.375,0,0.1111111111111111,0.1111111111111111,0,0.375,0.25,1,0,0.8888888888888888,0,0.1111111111111111,0,nouns,animals,0.07599226636196271,0.685067637408684,-6.421028569570217,0.29981373686350965,21.416725720254085,0.18055555555555555,-2.57712370226877
chicken (animal),French (French),0.7777777777777778,0.375,0,0.1111111111111111,0.1111111111111111,0,0.375,0.25,1,0,0.8888888888888888,0,0.1111111111111111,0,nouns,animals,0.2078889320687441,0.6381371203583456,-6.609204102278605,0.2996819643868417,22.05406026285644,0.18055555555555555,-1.5707513223378764
chicken (food),English (Australian),0.5,0.2,0.1111111111111111,0.375,0.125,0,0.8,0,0.8888888888888888,0,0.3,0.6,0.1,0,nouns,food_drink,0.4966522918967052,0.5555198311638607,-6.785901408715999,0.30014593307954646,22.608673517883577,0.05,-0.6998651116194392
chicken (food),Spanish (Mexican),0.5,0.2,0.1111111111111111,0.375,0.125,0,0.8,0,0.8888888888888888,0,0.3,0.6,0.1,0,nouns,food_drink,0.0082285744689942,0.6174736173184104,-6.210130575928944,0.3000462761538824,20.697242623814475,0.05,-4.80014249083985
chicken (food),English (American),0.5,0.2,0.1111111111111111,0.375,0.125,0,0.8,0,0.8888888888888888,0,0.3,0.6,0.1,0,nouns,food_drink,0.1530484926111049,0.6670810086360247,-6.962798081955027,0.3002943508905755,23.18657697457721,0.05,-1.8770004626355916
chicken (food),Cantonese,0.5,0.2,0.1111111111111111,0.375,0.125,0,0.8,0,0.8888888888888888,0,0.3,0.6,0.1,0,nouns,food_drink,0.21884588824746107,0.685067637408684,-7.308270533461291,0.2999334761963257,24.366304909151115,0.05,-1.519387503515967
chocolate,Turkish,0.7142857142857143,0.2727272727272727,0.16666666666666666,0.2857142857142857,0,0,0.6363636363636364,0,0.8333333333333334,0.09090909090909093,0.4615384615384616,0.5384615384615384,0,0,nouns,food_drink,0.377783549479357,0.5683940028230086,-6.9868691495641,0.2998316279467746,23.302642210929104,0,-0.9734338677972196
chocolate,Spanish (Mexican),0.7142857142857143,0.2727272727272727,0.16666666666666666,0.2857142857142857,0,0,0.6363636363636364,0,0.8333333333333334,0.09090909090909093,0.4615384615384616,0.5384615384615384,0,0,nouns,food_drink,0.03172060177076637,0.5418257954481069,-6.541751135966436,0.2995068395608758,21.84174206357916,0,-3.4507889110598073
chocolate,Cantonese,0.7142857142857143,0.2727272727272727,0.16666666666666666,0.2857142857142857,0,0,0.6363636363636364,0,0.8333333333333334,0.09090909090909093,0.4615384615384616,0.5384615384615384,0,0,nouns,food_drink,0.10690841264767624,0.6044492280546885,-7.51852394441857,0.3002145971419253,25.04383203213872,0,-2.2357827676240003
chocolate,French (French),0.7142857142857143,0.2727272727272727,0.16666666666666666,0.2857142857142857,0,0,0.6363636363636364,0,0.8333333333333334,0.09090909090909093,0.4615384615384616,0.5384615384615384,0,0,nouns,food_drink,0.2619923035795019,0.5618660317130566,-6.565149329551961,0.2998759389525049,21.89288461249892,0,-1.3394401513032692
chocolate,English (Australian),0.7142857142857143,0.2727272727272727,0.16666666666666666,0.2857142857142857,0,0,0.6363636363636364,0,0.8333333333333334,0.09090909090909093,0.4615384615384616,0.5384615384615384,0,0,nouns,food_drink,0.3132587098533831,0.459562393393068,-6.760055991779896,0.30017655169863644,22.52026666815296,0,-1.160725880793198
chocolate,English (American),0.7142857142857143,0.2727272727272727,0.16666666666666666,0.2857142857142857,0,0,0.6363636363636364,0,0.8333333333333334,0.09090909090909093,0.4615384615384616,0.5384615384615384,0,0,nouns,food_drink,0.00158986911495867,0.5937847448906717,-7.560817522648973,0.3007516882029646,25.139734269908725,0,-6.444103583774336
chocolate,Catalan,0.7142857142857143,0.2727272727272727,0.16666666666666666,0.2857142857142857,0,0,0.6363636363636364,0,0.8333333333333334,0.09090909090909093,0.4615384615384616,0.5384615384615384,0,0,nouns,food_drink,0.4296412400562919,0.5178803356015205,-6.493698217066728,0.3002246990935941,21.629460323123975,0,-0.8448047439882038
chopstick,Mandarin (Taiwanese),0.625,0.125,0,0.375,0,0,0.375,0.5,1,0,0,0.2222222222222222,0.7777777777777778,0,nouns,household,0.2876765708006359,0.7132981588808406,-7.354936016727206,0.30002201434954356,24.51465447518217,0.6388888888888888,-1.2459184479568162
chopstick,Mandarin (Beijing),0.625,0.125,0,0.375,0,0,0.375,0.5,1,0,0,0.2222222222222222,0.7777777777777778,0,nouns,household,0.0236271459827303,0.7710844003759096,-6.145297652741762,0.30027282669213673,20.465713532721377,0.6388888888888888,-3.7453589744797586
clam,Mandarin (Taiwanese),1,0.5,0,0,0,0.125,0.125,0.375,0.875,0,0.4444444444444444,0.3333333333333333,0.2222222222222222,0,nouns,animals,1.4026933680881732,0.6730129905861812,-8.805621397311743,0.29950721815225173,29.400364544254444,0.2986111111111111,0.33839422277064735
clay,Japanese,0,0,0,1,0,0.125,1,0,0.875,0,0,0.9,0.1,0,nouns,toys,0.4250724830454477,0.7432945677399805,-9.301746295644104,0.2999828110927927,31.007597607873688,0.05,-0.8554955762572055
clock,Korean,0.8888888888888888,0.6,0,0.1111111111111111,0,0,0.1,0.3,1,0,0.5,0.1,0.4,0,nouns,household,0.515722481702046,0.8648017748984381,-7.176912076168951,0.29995665702312585,23.92649707259416,0.35,-0.662186484339766
clock,Mandarin (Taiwanese),0.8888888888888888,0.6,0,0.1111111111111111,0,0,0.1,0.3,1,0,0.5,0.1,0.4,0,nouns,household,0.9563118519996282,0.7837972033964946,-7.995265832599344,0.29979376216147474,26.66922011637099,0.35,-0.04467121410349425
clock,Cantonese,0.8888888888888888,0.6,0,0.1111111111111111,0,0,0.1,0.3,1,0,0.5,0.1,0.4,0,nouns,household,0.02186712034219866,0.8866136607936731,-7.845019943469089,0.2998250166329203,26.16532813562335,0.35,-3.822771124558781
clock,Japanese,0.8888888888888888,0.6,0,0.1111111111111111,0,0,0.1,0.3,1,0,0.5,0.1,0.4,0,nouns,household,0.15536266095282122,0.810472338107919,-8.17519796252719,0.2999926067103797,27.251331465044164,0.35,-1.8619931469286077
closet,Mandarin (Beijing),1,0.5555555555555556,0,0,0,0,0.15555555555555556,0.26666666666666666,1,0.02222222222222222,0.5454545454545454,0,0.4545454545454546,0,nouns,furniture_rooms,0.2092404596282147,0.6702264886662813,-6.938132438469319,0.3001547556418104,23.11518411105549,0.3606060606060606,-1.564271163826554
closet,Spanish (Mexican),1,0.5555555555555556,0,0,0,0,0.15555555555555556,0.26666666666666666,1,0.02222222222222222,0.5454545454545454,0,0.4545454545454546,0,nouns,furniture_rooms,0.5461491133364941,0.6458415505197744,-8.336367001175079,0.2997604077411072,27.810100286409117,0.3606060606060606,-0.6048632391737269
clothes,Cantonese,0.5,0.25,0,0.3333333333333333,0.16666666666666666,0.2,0.75,0,0.8,0,0.1111111111111111,0.8888888888888888,0,0,nouns,clothing,0.6991301978270278,0.6447584327316863,-6.138387725750878,0.30020443204672564,20.447358767826124,0,-0.3579182911073894
clothes,Russian,0.5,0.25,0,0.3333333333333333,0.16666666666666666,0.2,0.75,0,0.8,0,0.1111111111111111,0.8888888888888888,0,0,nouns,clothing,2.4931668147728394,0.5947982098970965,-9.10607406543493,0.2998699801171473,30.36674115187372,0,0.9135537155691095
clothes,Mandarin (Beijing),0.5,0.25,0,0.3333333333333333,0.16666666666666666,0.2,0.75,0,0.8,0,0.1111111111111111,0.8888888888888888,0,0,nouns,clothing,0.90642888402246,0.599625950469541,-5.749474124589617,0.3004227467492851,19.13794540127744,0,-0.09824270302578772
cloud,Korean,0.25,0.1,0,0.5,0.25,1,0.9,0,0,0,0.3333333333333333,0.2222222222222222,0.3333333333333333,0.1111111111111111,nouns,outside,0.562467412311464,0.41087149835068615,-8.35456404550891,0.299662672729367,27.87989564871208,0.16666666666666666,-0.5754220802502901
cloud,Mandarin (Taiwanese),0.25,0.1,0,0.5,0.25,1,0.9,0,0,0,0.3333333333333333,0.2222222222222222,0.3333333333333333,0.1111111111111111,nouns,outside,0.735087298169696,0.3205177680079131,-9.14560436756627,0.2996595311380615,30.519984906979765,0.16666666666666666,-0.30776601380226254
cloud,Cantonese,0.25,0.1,0,0.5,0.25,1,0.9,0,0,0,0.3333333333333333,0.2222222222222222,0.3333333333333333,0.1111111111111111,nouns,outside,0.00811667003701239,0.4230578070081989,-8.581044409004603,0.29997537783664824,28.605829154676208,0.16666666666666666,-4.813835302884068
coat,Turkish,1,0.2307692307692308,0,0,0,0.2857142857142857,0.5384615384615384,0.2307692307692308,0.7142857142857143,0,0.16666666666666666,0.3333333333333333,0.5,0,nouns,clothing,0.5518810494182468,0.8181516897339267,-9.595037241432792,0.2997290204447666,32.012373133554966,0.3653846153846154,-0.5944227461107231
cockroach,Mandarin (Taiwanese),0.8181818181818182,0.6,0.25,0.09090909090909093,0.09090909090909093,0.5,0,0.4,0.25,0,0.75,0,0.25,0,nouns,animals,0.6005669450098702,0.7435120351018353,-8.334894973075903,0.2996832412689904,27.81234925844468,0.325,-0.5098811615610799
cockroach,Cantonese,0.8181818181818182,0.6,0.25,0.09090909090909093,0.09090909090909093,0.5,0,0.4,0.25,0,0.75,0,0.25,0,nouns,animals,0.00251435840238115,0.8463044561166753,-8.240212088897572,0.29996786405681475,27.47031624473231,0.325,-5.985737616373274
coffee,Korean,0.16666666666666666,0.4,0,0.6666666666666666,0.16666666666666666,0.8333333333333334,0.6,0,0.16666666666666666,0,0.7692307692307693,0.2307692307692308,0,0,nouns,food_drink,0.43445884056476586,0.6773088345852358,-7.6946683663823885,0.2998641694959122,25.66051282258077,0,-0.8336540670381136
coffee,English (Australian),0.16666666666666666,0.4,0,0.6666666666666666,0.16666666666666666,0.8333333333333334,0.6,0,0.16666666666666666,0,0.7692307692307693,0.2307692307692308,0,0,nouns,food_drink,0.156326661833841,0.5675145108852094,-7.639176113043607,0.2999943338631858,25.464401326084708,0,-1.855807474951402
coin,Mandarin (Taiwanese),0.8333333333333334,0.2222222222222222,0.08333333333333333,0.16666666666666666,0,0,0.3333333333333333,0.4444444444444444,0.9166666666666666,0,0.18181818181818185,0.5454545454545454,0.2727272727272727,0,nouns,household,1.4068590299777146,0.6730129905861812,-8.641919358726446,0.299635686275663,28.84142228231097,0.35858585858585856,0.34135958119921345
coke,Mandarin (Taiwanese),0.25,0.1,0,0.5,0.25,1,0.8,0,0,0.1,0.125,0.5,0,0.375,nouns,food_drink,1.7751575883517852,0.6125852381441927,-9.03859144480412,0.29971676222053406,30.157110259163453,0,0.5738892011564953
colors,Spanish (Mexican),0.4,0,0.3636363636363637,0.2,0.4,0.5454545454545454,0,0,0.09090909090909093,1,0,0,0,1,nouns,toys,0.9710804765325116,0.02174702008977108,-7.3873936950419665,0.2997644145926854,24.64399820465624,0,-0.02934593407109413
comb (object),Cantonese,1,0.1,0,0,0,0,0.2,0.7,1,0,0.25,0.125,0.625,0,nouns,household,0.6537179534161626,0.8866136607936731,-6.664807840089256,0.3000118800018253,22.215146413697703,0.6625,-0.42507928443561466
comb (object),Turkish,1,0.1,0,0,0,0,0.2,0.7,1,0,0.25,0.125,0.625,0,nouns,household,0.13240690493396218,0.8481226121632371,-7.439972278276251,0.2998604165291564,24.811451822794485,0.6625,-2.0218754847699003
comb (object),Russian,1,0.1,0,0,0,0,0.2,0.7,1,0,0.25,0.125,0.625,0,nouns,household,1.3281173873646648,0.8322800644150524,-7.788129593965755,0.29996445898048413,25.9635078783532,0.6625,0.2837624412476121
cookie,Mandarin (Taiwanese),1,0.1111111111111111,0,0,0,0.16666666666666666,0.6666666666666666,0.2222222222222222,0.8333333333333334,0,0.6666666666666666,0,0.3333333333333333,0,nouns,food_drink,0.18857870898565027,0.7837972033964946,-6.1004581107805125,0.30006849530231156,20.33021862103335,0.2777777777777778,-1.668239804945077
cookie,English (American),1,0.1111111111111111,0,0,0,0.16666666666666666,0.6666666666666666,0.2222222222222222,0.8333333333333334,0,0.6666666666666666,0,0.3333333333333333,0,nouns,food_drink,0.00735094219153925,0.8503216679994073,-5.791516821697991,0.3002775738262103,19.287210656130817,0.2777777777777778,-4.9129267846478735
corn,Mandarin (Beijing),0.8571428571428571,0.25,0,0.14285714285714285,0,0,0.75,0,1,0,0.4444444444444444,0.4444444444444444,0,0.1111111111111111,nouns,food_drink,0.3146663125905893,0.8013417738887985,-6.923109700221798,0.3001656893313787,23.064293975914023,0,-1.1562425267471503
corn,Mandarin (Taiwanese),0.8571428571428571,0.25,0,0.14285714285714285,0,0,0.75,0,1,0,0.4444444444444444,0.4444444444444444,0,0.1111111111111111,nouns,food_drink,0.569160933997297,0.7435120351018353,-7.02566510765379,0.29996663543099156,23.421488518412477,0,-0.5635920482959131
cottage cheese,Russian,0.2222222222222222,0.3076923076923077,0,0.7777777777777778,0,0.7,0.6923076923076923,0,0.3,0,0.3636363636363637,0.6363636363636364,0,0,nouns,food_drink,0.12134989625530292,0.535427746267608,-8.363575828895883,0.29987184374075143,27.890500570391847,0,-2.10907720173117
couch,Mandarin (Beijing),1,0.125,0,0,0,0,0.25,0.625,1,0,0.2222222222222222,0.1111111111111111,0.6666666666666666,0,nouns,furniture_rooms,0.377556201145577,0.5491969946147269,-6.730935934801691,0.3001890766378039,22.42232132557897,0.6458333333333333,-0.9740358441673428
couch,Mandarin (Taiwanese),1,0.125,0,0,0,0,0.25,0.625,1,0,0.2222222222222222,0.1111111111111111,0.6666666666666666,0,nouns,furniture_rooms,1.3231632346853472,0.4917297332602149,-8.733829084937506,0.2998450170784856,29.127811327447848,0.6458333333333333,0.28002525974812176
cow,English (Australian),1,0.6,0,0,0,0,0.1,0.3,1,0,0.5384615384615384,0.07692307692307693,0.38461538461538464,0,nouns,animals,0.7152795353230401,0.747434706705446,-6.131902984700038,0.3001981333026121,20.42618625652421,0.3423076923076923,-0.3350818541987256
cow,Cantonese,1,0.6,0,0,0,0,0.1,0.3,1,0,0.5384615384615384,0.07692307692307693,0.38461538461538464,0,nouns,animals,0.03261468372395607,0.8463044561166753,-7.366099652856561,0.2997944616504739,24.570499442530036,0.3423076923076923,-3.4229926710383074
cow,Catalan,1,0.6,0,0,0,0,0.1,0.3,1,0,0.5384615384615384,0.07692307692307693,0.38461538461538464,0,nouns,animals,0.1872864081131386,0.751548680439824,-6.10050205722339,0.3001787530228166,20.322897592820937,0.3423076923076923,-1.675116239633801
cow,Spanish (European),1,0.6,0,0,0,0,0.1,0.3,1,0,0.5384615384615384,0.07692307692307693,0.38461538461538464,0,nouns,animals,0.6556929343529759,0.7789116860859737,-6.482561136767878,0.3000789510995814,21.602851892856144,0.3423076923076923,-0.4220626875019382
cow,Korean,1,0.6,0,0,0,0,0.1,0.3,1,0,0.5384615384615384,0.07692307692307693,0.38461538461538464,0,nouns,animals,0.38528320209707745,0.825329576937764,-7.0085165204274125,0.2998355213398721,23.374537109907862,0.3423076923076923,-0.953776625245436
cow,Spanish (Mexican),1,0.6,0,0,0,0,0.1,0.3,1,0,0.5384615384615384,0.07692307692307693,0.38461538461538464,0,nouns,animals,0.7863622939221901,0.7687692610590174,-6.562897273298194,0.2998560140963429,21.88682889378218,0.3423076923076923,-0.24033765900701184
cow,English (American),1,0.6,0,0,0,0,0.1,0.3,1,0,0.5384615384615384,0.07692307692307693,0.38461538461538464,0,nouns,animals,0.3336054182089014,0.8136735361267308,-6.223150595791347,0.30022122633052506,20.72854964938436,0.3423076923076923,-1.0977963669960418
cow,Turkish,1,0.6,0,0,0,0,0.1,0.3,1,0,0.5384615384615384,0.07692307692307693,0.38461538461538464,0,nouns,animals,0.13240690493396218,0.8081613822574901,-7.268407505001864,0.2998295374203002,24.241799415556017,0.3423076923076923,-2.0218754847699003
cow,Mandarin (Taiwanese),1,0.6,0,0,0,0,0.1,0.3,1,0,0.5384615384615384,0.07692307692307693,0.38461538461538464,0,nouns,animals,0.13545604174546175,0.7435120351018353,-6.898861444428759,0.2997405450024073,23.01611029756869,0.3423076923076923,-1.9991081064590082
cow,French (French),1,0.6,0,0,0,0,0.1,0.3,1,0,0.5384615384615384,0.07692307692307693,0.38461538461538464,0,nouns,animals,0.2844455128101393,0.7906792976489233,-6.500867458064291,0.29953006350381023,21.70355583683037,0.3423076923076923,-1.257213562878656
crane,Mandarin (Beijing),0.8333333333333334,0.15384615384615383,0,0,0.16666666666666666,0,0.38461538461538464,0.4615384615384616,1,0,0.3333333333333333,0.1111111111111111,0.5555555555555556,0,nouns,vehicles,1.859679230505789,0.518939621101838,-7.408772331101816,0.3000087551322215,24.69518707157923,0.5085470085470086,0.6204040161354225
crayon,Mandarin (Taiwanese),0.9090909090909092,0,0,0.09090909090909093,0,0,0.4615384615384616,0.2307692307692308,1,0.3076923076923077,0.1,0.5,0,0.4,nouns,toys,1.305909472029228,0.6528704064388521,-8.123674487201237,0.29995013485127836,27.08341668600725,0.1153846153846154,0.2668997114756178
crayon,English (Australian),0.9090909090909092,0,0,0.09090909090909093,0,0,0.4615384615384616,0.2307692307692308,1,0.3076923076923077,0.1,0.5,0,0.4,nouns,toys,0.11715898047300471,0.6394825892133045,-7.915801345824388,0.29995017449912137,26.390387533672115,0.1153846153846154,-2.1442234590662306
crayon,Spanish (Mexican),0.9090909090909092,0,0,0.09090909090909093,0,0,0.4615384615384616,0.2307692307692308,1,0.3076923076923077,0.1,0.5,0,0.4,nouns,toys,0.3995505585291272,0.6836654614549262,-8.270243347532618,0.299413915202702,27.621439511031735,0.1153846153846154,-0.917414967267192
crayon,Japanese,0.9090909090909092,0,0,0.09090909090909093,0,0,0.4615384615384616,0.2307692307692308,1,0.3076923076923077,0.1,0.5,0,0.4,nouns,toys,0.2233884483081678,0.6857136217103196,-8.347552374894832,0.29992344749031347,27.83227668508455,0.1153846153846154,-1.4988431022418585
crayon,Turkish,0.9090909090909092,0,0,0.09090909090909093,0,0,0.4615384615384616,0.2307692307692308,1,0.3076923076923077,0.1,0.5,0,0.4,nouns,toys,0.49922409004976226,0.7182486149695598,-7.446647297129399,0.2999213383624338,24.828667869341963,0.1153846153846154,-0.6947002057800432
crib,Cantonese,1,0,0,0,0,0,0.125,0.875,1,0,0.3333333333333333,0.4444444444444444,0.2222222222222222,0,nouns,furniture_rooms,0.13172129171143154,0.7455314444241812,-8.492720417971125,0.29995716379885545,28.313110813603213,0.5486111111111112,-2.0270670150277392
crocodile,Korean,0.8,0.6153846153846154,0,0.1,0.1,0,0,0.38461538461538464,1,0,0.7777777777777778,0,0.2222222222222222,0,nouns,animals,0.3937500125596981,0.6970449335655733,-7.166230886172681,0.2999520519743416,23.89125474889464,0.30341880341880345,-0.9320390569446487
crocodile,French (French),0.8,0.6153846153846154,0,0.1,0.1,0,0,0.38461538461538464,1,0,0.7777777777777778,0,0.2222222222222222,0,nouns,animals,0.1128999221967213,0.666738778600329,-7.1994600210632616,0.29954983777067523,24.03426446378153,0.30341880341880345,-2.181253496961202
crow,Russian,0.8333333333333334,0.7272727272727273,0,0,0.16666666666666666,0.125,0.18181818181818185,0.09090909090909093,0.875,0,0.7272727272727273,0,0.09090909090909093,0.18181818181818185,nouns,animals,0.5435946533641569,0.7630145235139818,-7.396184719355395,0.2999634035845943,24.656956918644767,0.09090909090909093,-0.6095514323602936
cucumber,Turkish,0.6666666666666666,0.2727272727272727,0,0.3333333333333333,0,0,0.18181818181818185,0.4545454545454546,1,0.09090909090909093,0.5,0,0.375,0.125,nouns,food_drink,0.02207077257689924,0.6782873850638128,-7.818569197277593,0.29939847474205555,26.114258611416176,0.4147727272727273,-3.8135010535763265
cup,English (Australian),0.8571428571428571,0,0,0.14285714285714285,0,0,0.3,0.7,1,0,0,0.2222222222222222,0.7777777777777778,0,nouns,household,0.7965970972274928,0.7954134255908423,-6.181410209380261,0.300208387147702,20.59039811682216,0.7388888888888889,-0.2274062521936642
cup,Cantonese,0.8571428571428571,0,0,0.14285714285714285,0,0,0.3,0.7,1,0,0,0.2222222222222222,0.7777777777777778,0,nouns,household,0.6586015648637117,0.8866136607936731,-5.893124071954042,0.30015670142995055,19.633491585825404,0.7388888888888889,-0.4176365329969752
cup,Japanese,0.8571428571428571,0,0,0.14285714285714285,0,0,0.3,0.7,1,0,0,0.2222222222222222,0.7777777777777778,0,nouns,household,0.2233884483081678,0.810472338107919,-7.183815556907864,0.30001038439505745,23.945223000841615,0.7388888888888889,-1.4988431022418585
cup,English (American),0.8571428571428571,0,0,0.14285714285714285,0,0,0.3,0.7,1,0,0,0.2222222222222222,0.7777777777777778,0,nouns,household,0.39093616573584655,0.8503216679994073,-6.673601529766076,0.3319060927871236,20.10689672408744,0.7388888888888889,-0.9392109913125751
cup,Mandarin (Beijing),0.8571428571428571,0,0,0.14285714285714285,0,0,0.3,0.7,1,0,0,0.2222222222222222,0.7777777777777778,0,nouns,household,0.395957135312835,0.8416849385726499,-5.67196906511382,0.30033616446002015,18.885401547667616,0.7388888888888889,-0.9264493177459859
cup,Mandarin (Taiwanese),0.8571428571428571,0,0,0.14285714285714285,0,0,0.3,0.7,1,0,0,0.2222222222222222,0.7777777777777778,0,nouns,household,0.5922097745899079,0.7837972033964946,-6.402320835396921,0.3001064012161788,21.33350308241199,0.7388888888888889,-0.5238943578954613
cup,Korean,0.8571428571428571,0,0,0.14285714285714285,0,0,0.3,0.7,1,0,0,0.2222222222222222,0.7777777777777778,0,nouns,household,0.1627348015005936,0.8648017748984381,-6.495299576930985,0.29993038166157743,21.65602411115481,0.7388888888888889,-1.8156333878111897
cupboard,Mandarin (Taiwanese),0.8333333333333334,0.1111111111111111,0,0.16666666666666666,0,0,0.4444444444444444,0.4444444444444444,1,0,0.4444444444444444,0.2222222222222222,0.3333333333333333,0,nouns,furniture_rooms,0.9764318875764922,0.5723000698495335,-9.229468961073731,0.29983281186567057,30.782051182605947,0.38888888888888884,-0.02385028268393185
deer,Turkish,0.6666666666666666,0.5,0.14285714285714285,0.3333333333333333,0,0,0.125,0.375,0.8571428571428571,0,0.8461538461538461,0,0.15384615384615383,0,nouns,animals,0.4415449170611838,0.7082583074931232,-6.474048871958092,0.1974986225981297,32.780222903789515,0.2644230769230769,-0.8174755267150956
diaper,Korean,1,0.2222222222222222,0.2,0,0,0,0.5555555555555556,0.2222222222222222,0.8,0,0.21428571428571427,0.5714285714285714,0.21428571428571427,0,nouns,clothing,0.37670119340408553,0.687176884075405,-6.792411998471811,0.2997826378273451,22.65778981631281,0.21825396825396826,-0.9763029962400877
diaper,French (French),1,0.2222222222222222,0.2,0,0,0,0.5555555555555556,0.2222222222222222,0.8,0,0.21428571428571427,0.5714285714285714,0.21428571428571427,0,nouns,clothing,0.07262639015636954,0.6572048925196682,-3.5418922764553327,0.1762186965481413,20.099412524525857,0.21825396825396826,-2.622426922425348
diaper,Catalan,1,0.2222222222222222,0.2,0,0,0,0.5555555555555556,0.2222222222222222,0.8,0,0.21428571428571427,0.5714285714285714,0.21428571428571427,0,nouns,clothing,0.10939171327762012,0.6152421459508141,-6.892993939479149,0.30012870386032386,22.966793415024583,0.21825396825396826,-2.212820138868506
digger,Mandarin (Taiwanese),0.75,0.5,0,0,0.25,0,0.2,0.3,1,0,0.375,0.375,0.25,0,nouns,vehicles,1.7751575883517852,0.06873546616629267,-7.823178135537474,0.29953869189401044,26.11742104524396,0.275,0.5738892011564953
dinosaur,Catalan,0.8333333333333334,0.6,0.16666666666666666,0.16666666666666666,0,0,0.06666666666666667,0.3333333333333333,0.8333333333333334,0,0.9,0,0,0.1,nouns,animals,1.453700430068749,0.6639230511254604,-8.79246713137584,0.3000160481352996,29.30665604731471,0.16666666666666666,0.37411232629432284
dinosaur,Korean,0.8333333333333334,0.6,0.16666666666666666,0.16666666666666666,0,0,0.06666666666666667,0.3333333333333333,0.8333333333333334,0,0.9,0,0,0.1,nouns,animals,0.4945774433526383,0.7365171315262474,-7.91978636221161,0.2995280792115884,26.440881212398875,0.16666666666666666,-0.7040515307725703
dinosaur,Mandarin (Beijing),0.8333333333333334,0.6,0.16666666666666666,0.16666666666666666,0,0,0.06666666666666667,0.3333333333333333,0.8333333333333334,0,0.9,0,0,0.1,nouns,animals,0.01230911008905781,0.7105696533501329,-7.720977961531319,0.30000332072110003,25.73630832809739,0.16666666666666666,-4.397415633108304
dish,Japanese,0.8333333333333334,0.2222222222222222,0,0.16666666666666666,0,0,0.6666666666666666,0.1111111111111111,1,0,0,0.1,0.9,0,nouns,household,0.2650576038520816,0.7145040947251505,-7.86318811699859,0.30003661530629966,26.207428413266378,0.5055555555555555,-1.327808103591285
dish,Mandarin (Beijing),0.8333333333333334,0.2222222222222222,0,0.16666666666666666,0,0,0.6666666666666666,0.1111111111111111,1,0,0,0.1,0.9,0,nouns,food_drink,1.0121506903715338,0.7408270268630217,-5.259762252554164,0.3001900318506911,17.521442068303823,0.5055555555555555,0.012077463309427307
dog,Korean,1,0.625,0.14285714285714285,0,0,0,0.375,0,0.8571428571428571,0,0.75,0,0.08333333333333333,0.16666666666666666,nouns,animals,1.6697122426575135,0.71678103254591,-3.9395518065468855,0.1955718603295152,20.14375585480044,0.041666666666666664,0.512651301795707
dog,Catalan,1,0.625,0.14285714285714285,0,0,0,0.375,0,0.8571428571428571,0,0.75,0,0.08333333333333333,0.16666666666666666,nouns,animals,0.6673492589163782,0.6444506890556013,-5.754572303757702,0.3000894410543715,19.17619055018688,0.041666666666666664,-0.4044417435497765
dog,Turkish,1,0.625,0.14285714285714285,0,0,0,0.375,0,0.8571428571428571,0,0.75,0,0.08333333333333333,0.16666666666666666,nouns,animals,1.4507965037719308,0.6982680000166859,-6.45738660593203,0.2998029995158367,21.538765844105328,0.041666666666666664,0.3721127185615138
dog,Spanish (Mexican),1,0.625,0.14285714285714285,0,0,0,0.375,0,0.8571428571428571,0,0.75,0,0.08333333333333333,0.16666666666666666,nouns,animals,0.7632179439346781,0.66475350598735,-5.41966282438644,0.29960615135192675,18.089290890494215,0.041666666666666664,-0.2702116476796411
dog,French (French),1,0.625,0.14285714285714285,0,0,0,0.375,0,0.8571428571428571,0,0.75,0,0.08333333333333333,0.16666666666666666,nouns,animals,0.5665508747908188,0.6858065507616509,-5.910754329151714,0.29964272742924203,19.726006300444872,0.041666666666666664,-0.5681883970903538
dog,Mandarin (Beijing),1,0.625,0.14285714285714285,0,0,0,0.375,0,0.8571428571428571,0,0.75,0,0.08333333333333333,0.16666666666666666,nouns,animals,0.8531661449058122,0.6903980710082067,-5.135446589736404,0.3001714181858057,17.10837967443512,0.041666666666666664,-0.15880097331074203
dog,Japanese,1,0.625,0.14285714285714285,0,0,0,0.375,0,0.8571428571428571,0,0.75,0,0.08333333333333333,0.16666666666666666,nouns,animals,0.5908230927736872,0.6665199730337654,-6.337809299488467,0.2999728157190905,21.12794549164584,0.041666666666666664,-0.5262386417941373
dog,English (Australian),1,0.625,0.14285714285714285,0,0,0,0.375,0,0.8571428571428571,0,0.75,0,0.08333333333333333,0.16666666666666666,nouns,animals,0.9909228267280136,0.6154932297706058,-5.012883254375455,0.29997809816315607,16.710830840886864,0.041666666666666664,-0.009118621823736855
dog,Russian,1,0.625,0.14285714285714285,0,0,0,0.375,0,0.8571428571428571,0,0.75,0,0.08333333333333333,0.16666666666666666,nouns,animals,0.8844960363290075,0.6838539053413298,-6.962184399775778,0.2996480699460342,23.234537773027032,0.041666666666666664,-0.12273724664840631
dog,Spanish (European),1,0.625,0.14285714285714285,0,0,0,0.375,0,0.8571428571428571,0,0.75,0,0.08333333333333333,0.16666666666666666,nouns,animals,0.6311081971716797,0.6798321839768882,-5.949507184348624,0.30000497026739187,19.83136205725485,0.041666666666666664,-0.46027796177136837
doll,Korean,1,0.3333333333333333,0.1,0,0,0,0.1111111111111111,0.5555555555555556,0.9,0,0.18181818181818185,0.3636363636363637,0.4545454545454546,0,nouns,toys,0.7209884886508405,0.8648017748984381,-6.906810439520313,0.29985404334920146,23.03390797194233,0.5050505050505051,-0.3271321076348502
doll,Mandarin (Beijing),1,0.3333333333333333,0.1,0,0,0,0.1111111111111111,0.5555555555555556,0.9,0,0.18181818181818185,0.3636363636363637,0.4545454545454546,0,nouns,toys,0.553914145780532,0.8416849385726499,-5.864684618865972,0.29972092562874864,19.567151030790235,0.5050505050505051,-0.5907455757594645
doll,Cantonese,1,0.3333333333333333,0.1,0,0,0,0.1111111111111111,0.5555555555555556,0.9,0,0.18181818181818185,0.3636363636363637,0.4545454545454546,0,nouns,toys,1.030862951074789,0.8866136607936731,-7.094868638709447,0.3000233880552533,23.647718548538062,0.5050505050505051,0.030396268046609085
doll,Mandarin (Taiwanese),1,0.3333333333333333,0.1,0,0,0,0.1111111111111111,0.5555555555555556,0.9,0,0.18181818181818185,0.3636363636363637,0.4545454545454546,0,nouns,toys,0.5433518487551234,0.7837972033964946,-4.887533594923347,0.20846136693212183,23.44575240416034,0.5050505050505051,-0.6099981969666449
doll,Catalan,1,0.3333333333333333,0.1,0,0,0,0.1111111111111111,0.5555555555555556,0.9,0,0.18181818181818185,0.3636363636363637,0.4545454545454546,0,nouns,toys,0.8071682349472993,0.7904934045795413,-6.033791024518774,0.30000224985528257,20.112485914453643,0.5050505050505051,-0.21422316286361076
doll,English (Australian),1,0.3333333333333333,0.1,0,0,0,0.1111111111111111,0.5555555555555556,0.9,0,0.18181818181818185,0.3636363636363637,0.4545454545454546,0,nouns,toys,0.2485971029594519,0.7954134255908423,-6.651881897369528,0.29988716734591575,22.18128223438342,0.5050505050505051,-1.3919217533947799
doll,French (French),1,0.3333333333333333,0.1,0,0,0,0.1111111111111111,0.5555555555555556,0.9,0,0.18181818181818185,0.3636363636363637,0.4545454545454546,0,nouns,toys,0.16383983089051907,0.8288148419715677,-7.079500790174492,0.2994733013136002,23.639839542026596,0.5050505050505051,-1.808865969293886
doll,Spanish (Mexican),1,0.3333333333333333,0.1,0,0,0,0.1111111111111111,0.5555555555555556,0.9,0,0.18181818181818185,0.3636363636363637,0.4545454545454546,0,nouns,toys,0.1354688649497249,0.8065931719941691,-6.755305971619235,0.2996840485200781,22.54142656233719,0.5050505050505051,-1.9990134440344334
dolphin,Catalan,1,0.6666666666666666,0.25,0,0,0.125,0,0.2222222222222222,0.625,0.1111111111111111,0.6666666666666666,0,0.2222222222222222,0.1111111111111111,nouns,animals,0.5588065310158141,0.751548680439824,-7.726326408133216,0.3001121159866892,25.744800014924756,0.2222222222222222,-0.5819519640945906
donut,Japanese,1,0,0,0,0,0,0.3333333333333333,0.6666666666666666,1,0,0.25,0.125,0.625,0,nouns,food_drink,1.0444145249407029,0.7432945677399805,-7.973499604647747,0.3000086797654954,26.577563058776526,0.6458333333333333,0.043456465196055186
door,Catalan,0.75,0.1,0,0,0.25,0,0.3,0.6,1,0,0.2727272727272727,0.09090909090909093,0.6363636363636364,0,nouns,furniture_rooms,1.1932853616383186,0.605505964915884,-6.767578459421682,0.3001878779834135,22.54447616234396,0.6181818181818182,0.17671031119204209
door,Turkish,0.75,0.1,0,0,0.25,0,0.3,0.6,1,0,0.2727272727272727,0.09090909090909093,0.6363636363636364,0,nouns,furniture_rooms,0.34319280538050273,0.658306770110939,-6.756261399439436,0.2999368174610284,22.525615416711204,0.6181818181818182,-1.0694628749315873
door,Mandarin (Beijing),0.75,0.1,0,0,0.25,0,0.3,0.6,1,0,0.2727272727272727,0.09090909090909093,0.6363636363636364,0,nouns,furniture_rooms,0.6115977473071308,0.6500549063243551,-5.120239835763571,0.30015256208938385,17.05879103653558,0.6181818181818182,-0.4916804882120857
door,French (French),0.75,0.1,0,0,0.25,0,0.3,0.6,1,0,0.2727272727272727,0.09090909090909093,0.6363636363636364,0,nouns,furniture_rooms,0.45035724068362615,0.6476710064390064,-6.669096973295975,0.2997357595313454,22.249921009503513,0.6181818181818182,-0.7977141429786109
door,English (Australian),0.75,0.1,0,0,0.25,0,0.3,0.6,1,0,0.2727272727272727,0.09090909090909093,0.6363636363636364,0,nouns,furniture_rooms,0.8980578456666296,0.5675145108852094,-5.7764635433348195,0.3002342057161287,19.23985819522664,0.6181818181818182,-0.10752079664473344
door,Mandarin (Taiwanese),0.75,0.1,0,0,0.25,0,0.3,0.6,1,0,0.2727272727272727,0.09090909090909093,0.6363636363636364,0,nouns,furniture_rooms,0.735087298169696,0.5924426539968627,-6.312612355939286,0.30009955275127,21.035060859192072,0.6181818181818182,-0.30776601380226254
door,Cantonese,0.75,0.1,0,0,0.25,0,0.3,0.6,1,0,0.2727272727272727,0.09090909090909093,0.6363636363636364,0,nouns,furniture_rooms,0.6610264916060649,0.6951449385779334,-6.293136320360777,0.3001505949023218,20.96659619285031,0.6181818181818182,-0.41396136186083987
door,Korean,0.75,0.1,0,0,0.25,0,0.3,0.6,1,0,0.2727272727272727,0.09090909090909093,0.6363636363636364,0,nouns,furniture_rooms,0.8309650100255427,0.6773088345852358,-6.65537873946845,0.29996733788220903,22.187011380825332,0.6181818181818182,-0.18516759087893866
door,Spanish (Mexican),0.75,0.1,0,0,0.25,0,0.3,0.6,1,0,0.2727272727272727,0.09090909090909093,0.6363636363636364,0,nouns,furniture_rooms,0.5937040649080109,0.6269295950521981,-6.666555103697314,0.2999760493135435,22.22362458253872,0.6181818181818182,-0.5213742909915183
door,Spanish (European),0.75,0.1,0,0,0.25,0,0.3,0.6,1,0,0.2727272727272727,0.09090909090909093,0.6363636363636364,0,nouns,household,0.4510446323404633,0.6438032741190388,-6.8362853503042835,0.3001062667637883,22.779548804574212,0.6181818181818182,-0.7961889813150851
door,English (American),0.75,0.1,0,0,0.25,0,0.3,0.6,1,0,0.2727272727272727,0.09090909090909093,0.6363636363636364,0,nouns,furniture_rooms,0.48455590939376736,0.6762430416041937,-6.34023790227231,0.3004747081462477,21.100737367839876,0.6181818181818182,-0.7245224582433626
drawer,Mandarin (Beijing),1,0.2,0,0,0,0,0.2,0.6,1,0,0.3333333333333333,0.16666666666666666,0.5,0,nouns,furniture_rooms,0.09133794656188868,0.5088538299308754,-7.05585372736906,0.30009047199309086,23.512421705716505,0.55,-2.3931889527360526
drawer,Mandarin (Taiwanese),1,0.2,0,0,0,0,0.2,0.6,1,0,0.3333333333333333,0.16666666666666666,0.5,0,nouns,furniture_rooms,0.10443099364417036,0.4514445649655556,-8.44756652115036,0.29987880484167945,28.169935269717513,0.55,-2.259228773605655
dress (object),English (Australian),0.9,0.21428571428571427,0,0.1,0,0.14285714285714285,0.5714285714285714,0.21428571428571427,0.8571428571428571,0,0.3,0.5,0.1,0.1,nouns,clothing,0.4430432624636989,0.7114506675413984,-7.683317638136507,0.29999107409822273,25.61182082244502,0.15714285714285714,-0.8140878557736265
dress (object),Korean,0.9,0.21428571428571427,0,0.1,0,0.14285714285714285,0.5714285714285714,0.21428571428571427,0.8571428571428571,0,0.3,0.5,0.1,0.1,nouns,clothing,0.7503318216230528,0.7957254284672582,-6.900280786597713,0.2998765033753535,23.01040831452098,0.15714285714285714,-0.2872397414638211
dress (object),Spanish (Mexican),0.9,0.21428571428571427,0,0.1,0,0.14285714285714285,0.5714285714285714,0.21428571428571427,0.8571428571428571,0,0.3,0.5,0.1,0.1,nouns,clothing,0.0855735781470205,0.7404013278576534,-7.612590675132048,0.29971492995619214,25.39943764644872,0.15714285714285714,-2.4583787099885215
dress (object),English (American),0.9,0.21428571428571427,0,0.1,0,0.14285714285714285,0.5714285714285714,0.21428571428571427,0.8571428571428571,0,0.3,0.5,0.1,0.1,nouns,clothing,0.1087745888331118,0.7861874372222232,-7.727667846275678,0.2998360892686224,25.772974377852428,0.15714285714285714,-2.2184775303585265
dried seaweed,Korean,0.375,0.07692307692307693,0,0.5,0.125,0.5,0.7692307692307693,0.07692307692307693,0.5,0.07692307692307693,0.2857142857142857,0.7142857142857143,0,0,nouns,food_drink,0.01281915070156192,-0.01345462972656007,-6.617271544724226,0.3000026211878627,22.057379093966208,0.038461538461538464,-4.3568150776121914
drink (beverage),English (Australian),0.4,0.1,0,0.5,0.1,1,0.7,0,0,0.2,0.4,0.5,0,0.1,nouns,food_drink,0.856127418576428,0.5075411122784643,-6.067795046681622,0.3000711930061072,20.221184799162405,0,-0.15533606044083895
drink (beverage),English (American),0.4,0.1,0,0.5,0.1,1,0.7,0,0,0.2,0.4,0.5,0,0.1,nouns,food_drink,0.4499269725524162,0.6304328767633481,-5.870079550693397,0.2629194655163294,22.326530822529833,0,-0.7986699926039705
dryer,Mandarin (Taiwanese),0.5,0.4,0.16666666666666666,0.16666666666666666,0.3333333333333333,0,0.2,0.4,0.8333333333333334,0,0.9,0,0.1,0,nouns,household,0.3412659972529331,0.5723000698495335,-8.003971607755133,0.29980363891987516,26.69737978028431,0.25,-1.0750930551848517
duck,English (Australian),1,0.4,0,0,0,0,0.2,0.3,1,0.1,0.75,0,0.25,0,nouns,animals,0.5710398991893931,0.6274879094919557,-5.115321207294793,0.3000981485853515,17.045494053889286,0.275,-0.5602961957789107
duck,Spanish (European),1,0.4,0,0,0,0,0.2,0.3,1,0.1,0.75,0,0.25,0,nouns,animals,0.3431482398401969,0.688839411441351,-6.435805767288978,0.3000615985505041,21.448281947367388,0.275,-1.0695927390586968
duck,English (American),1,0.4,0,0,0,0,0.2,0.3,1,0.1,0.75,0,0.25,0,nouns,animals,0.21448272864157264,0.7220532064450399,-4.908567220756062,0.26780893906489117,18.32861605701181,0.275,-1.5395260630094139
duck,Korean,1,0.4,0,0,0,0,0.2,0.3,1,0.1,0.75,0,0.25,0,nouns,animals,0.18654018925395743,0.7266490820360791,-6.87946104310747,0.2998905012081023,22.939909785050585,0.275,-1.679108571135004
duck,Japanese,1,0.4,0,0,0,0,0.2,0.3,1,0.1,0.75,0,0.25,0,nouns,animals,0.10567293244034102,0.6761167973720429,-8.638195276608103,0.2999408311502144,28.799664398749293,0.275,-2.2474064979883366
duck,French (French),1,0.4,0,0,0,0,0.2,0.3,1,0.1,0.75,0,0.25,0,nouns,animals,0.2844455128101393,0.6953404368423126,-6.461299119387411,0.2996460746714296,21.563102825466373,0.275,-1.257213562878656
duck,Spanish (Mexican),1,0.4,0,0,0,0,0.2,0.3,1,0.1,0.75,0,0.25,0,nouns,animals,0.4921291791567033,0.6742094837211384,-6.433217852261295,0.2997960933802433,21.458644706559895,0.275,-0.7090140376908877
duck,Mandarin (Taiwanese),1,0.4,0,0,0,0,0.2,0.3,1,0.1,0.75,0,0.25,0,nouns,animals,0.6697076145201734,0.6427991143651874,-6.390856528317483,0.2997203176991408,21.322733731827363,0.275,-0.4009140580842228
dumpling,Mandarin (Taiwanese),0.9,0.3,0,0.1,0,0,0.4,0.3,1,0,0.2857142857142857,0.42857142857142855,0.2857142857142857,0,nouns,food_drink,0.3827472201278528,0.4313019808182263,-8.080000337600433,0.299904151502283,26.941942274310012,0.2928571428571428,-0.9603805073633308
eagle,Mandarin (Taiwanese),1,0.2777777777777778,0,0,0,0.16666666666666666,0.2222222222222222,0.4444444444444444,0.8333333333333334,0.05555555555555555,0.875,0,0.125,0,nouns,animals,1.1803889246538597,0.7837972033964946,-9.399785431039051,0.2993037770423542,31.405502208910967,0.2847222222222222,0.16584398133664816
ear,English (American),0.6666666666666666,0.5555555555555556,0,0.3333333333333333,0,0,0,0.4444444444444444,1,0,0.5882352941176471,0.0588235294117647,0.35294117647058826,0,nouns,body_parts,0.1154561039460786,0.8503216679994073,-6.830687870273973,0.3550542029102608,19.238436876074427,0.39869281045751637,-2.1588648736734153
ear,Korean,0.6666666666666666,0.5555555555555556,0,0.3333333333333333,0,0,0,0.4444444444444444,1,0,0.5882352941176471,0.0588235294117647,0.35294117647058826,0,nouns,body_parts,0.4800763930212602,0.8648017748984381,-6.202981656038428,0.30007210852874683,20.67163684906151,0.39869281045751637,-0.7338100356159313
ear,Japanese,0.6666666666666666,0.5555555555555556,0,0.3333333333333333,0,0,0,0.4444444444444444,1,0,0.5882352941176471,0.0588235294117647,0.35294117647058826,0,nouns,body_parts,0.24455912596525456,0.810472338107919,-6.616811098420775,0.3000283317008239,22.053954241290757,0.39869281045751637,-1.408298175313147
ear,French (French),0.6666666666666666,0.5555555555555556,0,0.3333333333333333,0,0,0,0.4444444444444444,1,0,0.5882352941176471,0.0588235294117647,0.35294117647058826,0,nouns,body_parts,0.2795477534879377,0.8288148419715677,-6.548110277484569,0.2997672713005935,21.84397999512899,0.39869281045751637,-1.2745821477144157
ear,Catalan,0.6666666666666666,0.5555555555555556,0,0.3333333333333333,0,0,0,0.4444444444444444,1,0,0.5882352941176471,0.0588235294117647,0.35294117647058826,0,nouns,body_parts,2.5757886272340675,0.7904934045795413,-6.449836272138768,0.30025503352746113,21.48119282586105,0.39869281045751637,0.9461557502302805
ear,English (Australian),0.6666666666666666,0.5555555555555556,0,0.3333333333333333,0,0,0,0.4444444444444444,1,0,0.5882352941176471,0.0588235294117647,0.35294117647058826,0,nouns,body_parts,0.45113357097013174,0.7954134255908423,-5.617337386365195,0.30034622603430866,18.70287321580503,0.39869281045751637,-0.7959918170971286
ear,Cantonese,0.6666666666666666,0.5555555555555556,0,0.3333333333333333,0,0,0,0.4444444444444444,1,0,0.5882352941176471,0.0588235294117647,0.35294117647058826,0,nouns,body_parts,0.13172129171143154,0.8866136607936731,-6.316759196157586,0.3001380816931576,21.046177014669688,0.39869281045751637,-2.0270670150277392
ear,Mandarin (Taiwanese),0.6666666666666666,0.5555555555555556,0,0.3333333333333333,0,0,0,0.4444444444444444,1,0,0.5882352941176471,0.0588235294117647,0.35294117647058826,0,nouns,body_parts,0.31905047779269774,0.7837972033964946,-5.950439734234043,0.30012213243586233,19.826727492367404,0.39869281045751637,-1.1424059511208764
ear,Mandarin (Beijing),0.6666666666666666,0.5555555555555556,0,0.3333333333333333,0,0,0,0.4444444444444444,1,0,0.5882352941176471,0.0588235294117647,0.35294117647058826,0,nouns,body_parts,0.05606601981751837,0.8416849385726499,-6.043972932434129,0.30023152860426533,20.131040069414823,0.39869281045751637,-2.881225357320907
egg,Korean,0.8571428571428571,0.1111111111111111,0.125,0.14285714285714285,0,0.25,0.2222222222222222,0.6666666666666666,0.625,0,0.2631578947368421,0.2631578947368421,0.47368421052631576,0,nouns,food_drink,0.19811423707715595,0.8351976264279324,-7.059248082242627,0.30004720052385253,23.527125298679284,0.5701754385964912,-1.6189114597269787
egg,Spanish (Mexican),0.8571428571428571,0.1111111111111111,0.125,0.14285714285714285,0,0.25,0.2222222222222222,0.6666666666666666,0.625,0,0.2631578947368421,0.2631578947368421,0.47368421052631576,0,nouns,food_drink,0.19491613399505808,0.7782252387928051,-6.205628824392909,0.29999528247787827,20.685754699661032,0.5701754385964912,-1.6351858950068379
egg,Cantonese,0.8571428571428571,0.1111111111111111,0.125,0.14285714285714285,0,0.25,0.2222222222222222,0.6666666666666666,0.625,0,0.2631578947368421,0.2631578947368421,0.47368421052631576,0,nouns,food_drink,0.1339200937661173,0.8563817572859245,-6.110048069702622,0.3000263576410637,20.365037651166546,0.5701754385964912,-2.010511972076064
egg,Catalan,0.8571428571428571,0.1111111111111111,0.125,0.14285714285714285,0,0.25,0.2222222222222222,0.6666666666666666,0.625,0,0.2631578947368421,0.2631578947368421,0.47368421052631576,0,nouns,food_drink,0.4246994792057898,0.7612848614747532,-7.165948148360669,0.30010809306952957,23.87789037965214,0.5701754385964912,-0.856373467927403
egg,Mandarin (Beijing),0.8571428571428571,0.1111111111111111,0.125,0.14285714285714285,0,0.25,0.2222222222222222,0.6666666666666666,0.625,0,0.2631578947368421,0.2631578947368421,0.47368421052631576,0,nouns,food_drink,0.37216685252318626,0.8114275650597611,-5.374636200255101,0.3000861666245088,17.910309764395986,0.5701754385964912,-0.9884129969796002
egg,Spanish (European),0.8571428571428571,0.1111111111111111,0.125,0.14285714285714285,0,0.25,0.2222222222222222,0.6666666666666666,0.625,0,0.2631578947368421,0.2631578947368421,0.47368421052631576,0,nouns,food_drink,0.02743815914687489,0.7879189135504359,-7.421391140534328,0.30004357089281575,24.734378138651948,0.5701754385964912,-3.5958205648590025
egg,English (American),0.8571428571428571,0.1111111111111111,0.125,0.14285714285714285,0,0.25,0.2222222222222222,0.6666666666666666,0.625,0,0.2631578947368421,0.2631578947368421,0.47368421052631576,0,nouns,food_drink,0.2903588773356901,0.8228355690948997,-6.689159429554715,0.3002531821993782,22.278396453806405,0.5701754385964912,-1.2366376130294738
egg,Japanese,0.8571428571428571,0.1111111111111111,0.125,0.14285714285714285,0,0.25,0.2222222222222222,0.6666666666666666,0.625,0,0.2631578947368421,0.2631578947368421,0.47368421052631576,0,nouns,food_drink,0.6378000113244943,0.781681865093088,-7.477014087746396,0.3000452288669764,24.919623338057793,0.5701754385964912,-0.449730506650623
egg,English (Australian),0.8571428571428571,0.1111111111111111,0.125,0.14285714285714285,0,0.25,0.2222222222222222,0.6666666666666666,0.625,0,0.2631578947368421,0.2631578947368421,0.47368421052631576,0,nouns,food_drink,0.6629144876377688,0.7594293864267947,-6.747081688254548,0.3001276986369709,22.480703110364026,0.5701754385964912,-0.41110927503655925
egg,Mandarin (Taiwanese),0.8571428571428571,0.1111111111111111,0.125,0.14285714285714285,0,0.25,0.2222222222222222,0.6666666666666666,0.625,0,0.2631578947368421,0.2631578947368421,0.47368421052631576,0,nouns,food_drink,0.3827472201278528,0.7535833271754999,-6.434592382632834,0.300120443747604,21.440033548811535,0.5701754385964912,-0.9603805073633308
elephant,Japanese,0.9,0.625,0,0,0.1,0,0.125,0.25,1,0,0.875,0.125,0,0,nouns,animals,0.24455912596525456,0.810472338107919,-6.580321612311623,0.3000256093401478,21.93253311536923,0.125,-1.408298175313147
elephant,Catalan,0.9,0.625,0,0,0.1,0,0.125,0.25,1,0,0.875,0.125,0,0,nouns,animals,0.09993156310091152,0.7904934045795413,-6.534418267565378,0.3002753552000395,21.761420490909867,0.125,-2.303269696272287
elephant,Spanish (Mexican),0.9,0.625,0,0,0.1,0,0.125,0.25,1,0,0.875,0.125,0,0,nouns,animals,0.0896150037424283,0.8065931719941691,-7.274733064808108,0.2999451232766112,24.25354673327796,0.125,-2.412232520537396
elephant,English (American),0.9,0.625,0,0,0.1,0,0.125,0.25,1,0,0.875,0.125,0,0,nouns,animals,0.23790671967257293,0.8503216679994073,-6.9387397196972165,0.3004540143338407,23.094182099984984,0.125,-1.4358766162857786
elephant,Russian,0.9,0.625,0,0,0.1,0,0.125,0.25,1,0,0.875,0.125,0,0,nouns,animals,0.0102849974527408,0.8322800644150524,-6.937212272811983,0.3001189957583826,23.11487233682782,0.125,-4.577069003544646
elephant,English (Australian),0.9,0.625,0,0,0.1,0,0.125,0.25,1,0,0.875,0.125,0,0,nouns,animals,0.5994028244673658,0.7954134255908423,-6.96845312033818,0.300195939110764,23.2130159421211,0.125,-0.511821411952909
elephant,Mandarin (Beijing),0.9,0.625,0,0,0.1,0,0.125,0.25,1,0,0.875,0.125,0,0,nouns,animals,0.39466587458449287,0.8416849385726499,-6.0804234699882205,0.30031753713442705,20.246648024642408,0.125,-0.9297157591732771
elephant,Korean,0.9,0.625,0,0,0.1,0,0.125,0.25,1,0,0.875,0.125,0,0,nouns,animals,1.2109981412092508,0.8648017748984381,-6.882962103580295,0.30004325879372346,22.93989917071344,0.125,0.19144492964760607
elephant,Mandarin (Taiwanese),0.9,0.625,0,0,0.1,0,0.125,0.25,1,0,0.875,0.125,0,0,nouns,animals,0.6465341137872419,0.7837972033964946,-6.821510954816579,0.29999282244734926,22.738913881893954,0.125,-0.43612931528339655
elephant,French (French),0.9,0.625,0,0,0.1,0,0.125,0.25,1,0,0.875,0.125,0,0,nouns,animals,0.11172886145840746,0.8288148419715677,-6.856318898919857,0.29967165913072386,22.879437177370747,0.125,-2.1916802225902003
eye,Cantonese,0.7777777777777778,0,0.2857142857142857,0.2222222222222222,0,0.2857142857142857,0.2222222222222222,0.6666666666666666,0.42857142857142855,0.1111111111111111,0.125,0,0.625,0.25,nouns,body_parts,0.5658195461786311,0.785840649101179,-5.978752991412506,0.30008823526115935,19.92331684115955,0.6458333333333333,-0.569480074619766
eye,Turkish,0.7777777777777778,0,0.2857142857142857,0.2222222222222222,0,0.2857142857142857,0.2222222222222222,0.6666666666666666,0.42857142857142855,0.1111111111111111,0.125,0,0.625,0.25,nouns,body_parts,0.7887935942003487,0.7482195373988703,-6.52412183922317,0.30000223793561115,21.74691057012524,0.6458333333333333,-0.23725059666944928
eye,English (Australian),0.7777777777777778,0,0.2857142857142857,0.2222222222222222,0,0.2857142857142857,0.2222222222222222,0.6666666666666666,0.42857142857142855,0.1111111111111111,0.125,0,0.625,0.25,nouns,body_parts,0.8388515081600099,0.6754666283773519,-5.34495441749418,0.3003637965524778,17.794935604232652,0.6458333333333333,-0.17572157487736362
eye,Mandarin (Taiwanese),0.7777777777777778,0,0.2857142857142857,0.2222222222222222,0,0.2857142857142857,0.2222222222222222,0.6666666666666666,0.42857142857142855,0.1111111111111111,0.125,0,0.625,0.25,nouns,body_parts,0.8796479915175465,0.6830842826598468,-5.775039358075049,0.300231333600063,19.235298623986917,0.6458333333333333,-0.12823346117423362
eye,Spanish (Mexican),0.7777777777777778,0,0.2857142857142857,0.2222222222222222,0,0.2857142857142857,0.2222222222222222,0.6666666666666666,0.42857142857142855,0.1111111111111111,0.125,0,0.625,0.25,nouns,body_parts,0.2059155167362106,0.7120333946562902,-6.0947083604850505,0.3001665973140448,20.30441899605689,0.6458333333333333,-1.5802893072428803
eye,Spanish (European),0.7777777777777778,0,0.2857142857142857,0.2222222222222222,0,0.2857142857142857,0.2222222222222222,0.6666666666666666,0.42857142857142855,0.1111111111111111,0.125,0,0.625,0.25,nouns,body_parts,0.03912208779441238,0.7248683212992003,-6.3052542328264165,0.3001625985300284,21.006128890490785,0.6458333333333333,-3.241068066261772
eye,Mandarin (Beijing),0.7777777777777778,0,0.2857142857142857,0.2222222222222222,0,0.2857142857142857,0.2222222222222222,0.6666666666666666,0.42857142857142855,0.1111111111111111,0.125,0,0.625,0.25,nouns,body_parts,0.6356926510948228,0.7408270268630217,-5.887915336618124,0.30037620004112464,19.601803790753085,0.6458333333333333,-0.4530400854419377
eye,Catalan,0.7777777777777778,0,0.2857142857142857,0.2222222222222222,0,0.2857142857142857,0.2222222222222222,0.6666666666666666,0.42857142857142855,0.1111111111111111,0.125,0,0.625,0.25,nouns,body_parts,0.5810479878550067,0.6931315942302486,-6.0940113196437675,0.3003401983011701,20.290361909972894,0.6458333333333333,-0.5429219302656291
eye,French (French),0.7777777777777778,0,0.2857142857142857,0.2222222222222222,0,0.2857142857142857,0.2222222222222222,0.6666666666666666,0.42857142857142855,0.1111111111111111,0.125,0,0.625,0.25,nouns,body_parts,0.49548137987170726,0.733475981164957,-6.3292500454644625,0.2997990043373287,21.111644648235384,0.6458333333333333,-0.7022255043809327
eye,Korean,0.7777777777777778,0,0.2857142857142857,0.2222222222222222,0,0.2857142857142857,0.2222222222222222,0.6666666666666666,0.42857142857142855,0.1111111111111111,0.125,0,0.625,0.25,nouns,body_parts,1.0124256292209728,0.7661212799967533,-5.89086767310661,0.30009126897152527,19.630253466873025,0.6458333333333333,0.012349064679519819
eye,Japanese,0.7777777777777778,0,0.2857142857142857,0.2222222222222222,0,0.2857142857142857,0.2222222222222222,0.6666666666666666,0.42857142857142855,0.1111111111111111,0.125,0,0.625,0.25,nouns,body_parts,0.5268452673991674,0.7145040947251505,-6.30744239834549,0.3000275394530986,21.022878132597196,0.6458333333333333,-0.6408483838009619
eye,English (American),0.7777777777777778,0,0.2857142857142857,0.2222222222222222,0,0.2857142857142857,0.2222222222222222,0.6666666666666666,0.42857142857142855,0.1111111111111111,0.125,0,0.625,0.25,nouns,body_parts,0.4356593761504035,0.7587013383177165,-6.569643759211279,0.36574155856304863,17.962530112854992,0.6458333333333333,-0.8308945883273198
eyebrow,Japanese,1,0.2,0.3333333333333333,0,0,0.6666666666666666,0.3,0.5,0,0,0.3333333333333333,0.25,0.4166666666666667,0,nouns,body_parts,1.3122082580404242,0.6665199730337654,-9.39655002348776,0.2998685908784243,31.335559339382097,0.45833333333333337,0.27171141118762443
face,Japanese,0.625,0.375,0.2,0.375,0,0.2,0,0.5,0.6,0.125,0.4,0.1,0.5,0,nouns,body_parts,0.10567293244034102,0.6857136217103196,-7.6535005022209806,0.30002612678068435,25.509446741668604,0.5,-2.2474064979883366
face,Korean,0.625,0.375,0.2,0.375,0,0.2,0,0.5,0.6,0.125,0.4,0.1,0.5,0,nouns,body_parts,0.5428564677267165,0.7365171315262474,-7.21621807147035,0.29997907355382236,24.05573824193978,0.5,-0.6109103259850583
face,English (American),0.625,0.375,0.2,0.375,0,0.2,0,0.5,0.6,0.125,0.4,0.1,0.5,0,nouns,body_parts,0.28343344237698637,0.7312152394132089,-7.897355977258528,0.330834110451437,23.871045118298877,0.5,-1.260777954534407
face,Turkish,0.625,0.375,0.2,0.375,0,0.2,0,0.5,0.6,0.125,0.4,0.1,0.5,0,nouns,body_parts,0.9650182431413328,0.7182486149695598,-7.612151173744196,0.2995294400980117,25.413699472256734,0.5,-0.035608273012173515
face,Mandarin (Beijing),0.625,0.375,0.2,0.375,0,0.2,0,0.5,0.6,0.125,0.4,0.1,0.5,0,nouns,body_parts,0.5407353944815243,0.7105696533501329,-5.660802467206559,0.30043924869375366,18.841754170996406,0.5,-0.6148252242566432
face,Spanish (Mexican),0.625,0.375,0.2,0.375,0,0.2,0,0.5,0.6,0.125,0.4,0.1,0.5,0,nouns,body_parts,0.2613320450138631,0.6836654614549262,-6.721892812181025,0.30000745610692603,22.405752508315217,0.5,-1.3419634771058817
face,Cantonese,0.625,0.375,0.2,0.375,0,0.2,0,0.5,0.6,0.125,0.4,0.1,0.5,0,nouns,body_parts,0.4029271642038623,0.7556087455934305,-6.524868317853516,0.30010946230180113,21.741628097323595,0.5,-0.9089994673552623
face,Mandarin (Taiwanese),0.625,0.375,0.2,0.375,0,0.2,0,0.5,0.6,0.125,0.4,0.1,0.5,0,nouns,body_parts,1.7875899215796232,0.6528704064388521,-6.923503579868007,0.2999791808142821,23.07994695189986,0.5,0.5808683000995426
face,Spanish (European),0.625,0.375,0.2,0.375,0,0.2,0,0.5,0.6,0.125,0.4,0.1,0.5,0,nouns,body_parts,0.09798746029098676,0.6978466389058131,-6.6416720423027735,0.3001459359153612,22.128142505236763,0.5,-2.322915764713081
face,English (Australian),0.625,0.375,0.2,0.375,0,0.2,0,0.5,0.6,0.125,0.4,0.1,0.5,0,nouns,body_parts,0.6545288289346377,0.6394825892133045,-7.050663986163845,0.30014225975537817,23.491073839153056,0.5,-0.4238396473377004
fan,Japanese,0.8571428571428571,0.2727272727272727,0.1111111111111111,0.14285714285714285,0,0.1111111111111111,0.18181818181818185,0.5454545454545454,0.7777777777777778,0,0.125,0.125,0.75,0,nouns,furniture_rooms,0.02313759467216004,0.5321644322978893,-9.3872383785953,0.2999514381364275,31.29586054635179,0.6477272727272727,-3.7662965093713874
finger,English (American),1,0.5531914893617021,0,0,0,0.2857142857142857,0.10638297872340426,0.3404255319148936,0.7142857142857143,0,0.3076923076923077,0.2307692307692308,0.38461538461538464,0.07692307692307693,nouns,body_parts,0.1709098999060608,0.8503216679994073,-7.827572858149399,0.34756353047525784,22.521272146838847,0.3625204582651391,-1.7666187624748066
finger,Catalan,1,0.5531914893617021,0,0,0,0.2857142857142857,0.10638297872340426,0.3404255319148936,0.7142857142857143,0,0.3076923076923077,0.2307692307692308,0.38461538461538464,0.07692307692307693,nouns,body_parts,1.7253349491818708,0.7904934045795413,-6.243429386507632,0.3002521951157199,20.793950845559543,0.3625204582651391,0.5454212050728666
finger,Turkish,1,0.5531914893617021,0,0,0,0.2857142857142857,0.10638297872340426,0.3404255319148936,0.7142857142857143,0,0.3076923076923077,0.2307692307692308,0.38461538461538464,0.07692307692307693,nouns,body_parts,0.02207077257689924,0.8481226121632371,-7.275202684025416,0.2998987750479029,24.258860953544563,0.3625204582651391,-3.8135010535763265
finger,French (French),1,0.5531914893617021,0,0,0,0.2857142857142857,0.10638297872340426,0.3404255319148936,0.7142857142857143,0,0.3076923076923077,0.2307692307692308,0.38461538461538464,0.07692307692307693,nouns,body_parts,0.50268341237802,0.8288148419715677,-6.975451915667924,0.2997317058404349,23.272319143245305,0.3625204582651391,-0.6877947058878594
finger,Spanish (Mexican),1,0.5531914893617021,0,0,0,0.2857142857142857,0.10638297872340426,0.3404255319148936,0.7142857142857143,0,0.3076923076923077,0.2307692307692308,0.38461538461538464,0.07692307692307693,nouns,body_parts,0.37147170618932807,0.8065931719941691,-6.464008621748413,0.3000839577919008,21.540667049689507,0.3625204582651391,-0.9902825787224903
finger,English (Australian),1,0.5531914893617021,0,0,0,0.2857142857142857,0.10638297872340426,0.3404255319148936,0.7142857142857143,0,0.3076923076923077,0.2307692307692308,0.38461538461538464,0.07692307692307693,nouns,body_parts,0.5182797660447191,0.7954134255908423,-6.710176375187312,0.3001916810029922,22.352972450027444,0.3625204582651391,-0.6572400936287464
finger,Cantonese,1,0.5531914893617021,0,0,0,0.2857142857142857,0.10638297872340426,0.3404255319148936,0.7142857142857143,0,0.3076923076923077,0.2307692307692308,0.38461538461538464,0.07692307692307693,nouns,body_parts,0.34155902004767796,0.8866136607936731,-7.4497531008223214,0.30021382737982777,24.814823373864662,0.3625204582651391,-1.074234788995688
finger,Spanish (European),1,0.5531914893617021,0,0,0,0.2857142857142857,0.10638297872340426,0.3404255319148936,0.7142857142857143,0,0.3076923076923077,0.2307692307692308,0.38461538461538464,0.07692307692307693,nouns,body_parts,0.2728768809795492,0.814940595943823,-6.827710624249137,0.3001249200411544,22.7495624932208,0.3625204582651391,-1.2987345709445852
fingernail,Turkish,1,0.125,0,0,0,0.14285714285714285,0.5,0.375,0.8571428571428571,0,0.16666666666666666,0.5,0.16666666666666666,0.16666666666666666,nouns,body_parts,0.15711128476523112,0.7781904598281797,-7.67596092841193,0.29972916542367284,25.609656362809453,0.2708333333333333,-1.8508009045674845
fire,Korean,0.3333333333333333,0.375,0,0.6666666666666666,0,0.75,0.625,0,0.25,0,0.6363636363636364,0.2727272727272727,0,0.09090909090909093,nouns,outside,0.3411555694696528,0.5490241912130451,-7.73450063557429,0.29987353176118825,25.79254190974698,0,-1.0754166902797226
firetruck,Japanese,0.9090909090909092,0.3076923076923077,0,0.09090909090909093,0,0,0.15384615384615383,0.38461538461538464,1,0.15384615384615383,0.6,0,0.3,0.1,nouns,vehicles,1.0322321291637484,0.810472338107919,-7.429475927336864,0.2998937890434,24.77369054902863,0.3423076923076923,0.03172357312632667
firetruck,English (Australian),0.9090909090909092,0.3076923076923077,0,0.09090909090909093,0,0,0.15384615384615383,0.38461538461538464,1,0.15384615384615383,0.6,0,0.3,0.1,nouns,vehicles,0.10270178456492716,0.7954134255908423,-7.604975425512144,0.2999900198557266,25.350761432562273,0.3423076923076923,-2.2759257857143957
firetruck,Korean,0.9090909090909092,0.3076923076923077,0,0.09090909090909093,0,0,0.15384615384615383,0.38461538461538464,1,0.15384615384615383,0.6,0,0.3,0.1,nouns,vehicles,0.2937070493744036,0.8648017748984381,-8.029540056546425,0.29987068492014834,26.776675614972454,0.3423076923076923,-1.2251724391098555
fish (animal),Mandarin (Taiwanese),0.9,0.5,0,0,0.1,0,0.3,0.2,1,0,0.4444444444444444,0.05555555555555555,0.4444444444444444,0.05555555555555555,nouns,animals,0.05808286195551637,0.7837972033964946,-5.393779713625935,0.3002368692683328,17.965081126679728,0.3222222222222222,-2.8458846335860217
fish (animal),English (American),0.9,0.5,0,0,0.1,0,0.3,0.2,1,0,0.4444444444444444,0.05555555555555555,0.4444444444444444,0.05555555555555555,nouns,animals,0.27240530400799107,0.8503216679994073,-5.950729358002612,0.3001295297546886,19.827203817186703,0.3222222222222222,-1.3004642335013703
fish (animal),Korean,0.9,0.5,0,0,0.1,0,0.3,0.2,1,0,0.4444444444444444,0.05555555555555555,0.4444444444444444,0.05555555555555555,nouns,animals,0.6688292079848479,0.8648017748984381,-6.931163054017179,0.29999356934887295,23.104372100578892,0.3222222222222222,-0.4022265459391009
fish (animal),French (French),0.9,0.5,0,0,0.1,0,0.3,0.2,1,0,0.4444444444444444,0.05555555555555555,0.4444444444444444,0.05555555555555555,nouns,animals,0.3675910100163982,0.8288148419715677,-6.390813463745473,0.2997054942054675,21.323644668870024,0.3222222222222222,-1.0007843446854054
fish (animal),Cantonese,0.9,0.5,0,0,0.1,0,0.3,0.2,1,0,0.4444444444444444,0.05555555555555555,0.4444444444444444,0.05555555555555555,nouns,animals,0.5810571322411864,0.8866136607936731,-5.0825108995063575,0.3000563470724284,16.93852154468683,0.3222222222222222,-0.5429061926425487
fish (animal),English (Australian),0.9,0.5,0,0,0.1,0,0.3,0.2,1,0,0.4444444444444444,0.05555555555555555,0.4444444444444444,0.05555555555555555,nouns,animals,0.6411754143051246,0.7954134255908423,-5.545168441692053,0.3001552854586261,18.474332155168423,0.3222222222222222,-0.4444522022365009
fish (animal),Mandarin (Beijing),0.9,0.5,0,0,0.1,0,0.3,0.2,1,0,0.4444444444444444,0.05555555555555555,0.4444444444444444,0.05555555555555555,nouns,food_drink,0.8174822872662707,0.8416849385726499,-4.957781215511835,0.30020291286470135,16.514767189305257,0.3222222222222222,-0.20152604339803445
fish (animal),Mandarin (Beijing),0.9,0.5,0,0,0.1,0,0.3,0.2,1,0,0.4444444444444444,0.05555555555555555,0.4444444444444444,0.05555555555555555,nouns,animals,0.8174822872662707,0.8416849385726499,-4.957781215511835,0.30020291286470135,16.514767189305257,0.3222222222222222,-0.20152604339803445
fish (animal),Spanish (European),0.9,0.5,0,0,0.1,0,0.3,0.2,1,0,0.4444444444444444,0.05555555555555555,0.4444444444444444,0.05555555555555555,nouns,animals,0.3636099236687719,0.814940595943823,-6.624628193023062,0.300055076914875,22.078040675520565,0.3222222222222222,-1.011673624232851
fish (animal),Catalan,0.9,0.5,0,0,0.1,0,0.3,0.2,1,0,0.4444444444444444,0.05555555555555555,0.4444444444444444,0.05555555555555555,nouns,animals,0.3200463819068596,0.7904934045795413,-6.004725227919724,0.3002493656188002,19.999127110707654,0.3222222222222222,-1.1392893502327168
fish (animal),Turkish,0.9,0.5,0,0,0.1,0,0.3,0.2,1,0,0.4444444444444444,0.05555555555555555,0.4444444444444444,0.05555555555555555,nouns,animals,1.3450105677986244,0.8481226121632371,-6.8813680847162635,0.29976835020895626,22.95561916366269,0.3222222222222222,0.2964018701222846
fish (food),Mandarin (Beijing),0.6,0.3333333333333333,0,0.2,0.2,0,0.2222222222222222,0.4444444444444444,1,0,0.5,0.3,0.2,0,nouns,food_drink,0.8174822872662707,0.8416849385726499,-4.7690356121305975,0.300153442094685,15.888658743504198,0.3222222222222222,-0.20152604339803445
fish (food),English (Australian),0.6,0.3333333333333333,0,0.2,0.2,0,0.2222222222222222,0.4444444444444444,1,0,0.5,0.3,0.2,0,nouns,food_drink,0.6411754143051246,0.7954134255908423,-6.375555230575511,0.3000204550426371,21.25040184233257,0.3222222222222222,-0.4444522022365009
fish (food),Turkish,0.6,0.3333333333333333,0,0.2,0.2,0,0.2222222222222222,0.4444444444444444,1,0,0.5,0.3,0.2,0,nouns,food_drink,1.3450105677986244,0.8481226121632371,-6.971113015916046,0.299840348386547,23.24941607568123,0.3222222222222222,0.2964018701222846
fish (food),Catalan,0.6,0.3333333333333333,0,0.2,0.2,0,0.2222222222222222,0.4444444444444444,1,0,0.5,0.3,0.2,0,nouns,food_drink,0.3200463819068596,0.7904934045795413,-6.271983122778229,0.30021289158755365,20.89178479182356,0.3222222222222222,-1.1392893502327168
fish (food),English (American),0.6,0.3333333333333333,0,0.2,0.2,0,0.2222222222222222,0.4444444444444444,1,0,0.5,0.3,0.2,0,nouns,food_drink,0.27240530400799107,0.8503216679994073,-6.067729224379203,0.2501919315202727,24.25229777598781,0.3222222222222222,-1.3004642335013703
fish (food),Cantonese,0.6,0.3333333333333333,0,0.2,0.2,0,0.2222222222222222,0.4444444444444444,1,0,0.5,0.3,0.2,0,nouns,food_drink,0.5810571322411864,0.8866136607936731,-5.4221819138414675,0.30012404453009145,18.066469557049505,0.3222222222222222,-0.5429061926425487
fish (food),French (French),0.6,0.3333333333333333,0,0.2,0.2,0,0.2222222222222222,0.4444444444444444,1,0,0.5,0.3,0.2,0,nouns,food_drink,0.3675910100163982,0.8288148419715677,-6.987948652618637,0.2999102467685177,23.30013304951266,0.3222222222222222,-1.0007843446854054
fish (food),Russian,0.6,0.3333333333333333,0,0.2,0.2,0,0.2222222222222222,0.4444444444444444,1,0,0.5,0.3,0.2,0,nouns,food_drink,0.637498687294215,0.8322800644150524,-6.925377117466968,0.3000461750835066,23.081037828726025,0.3222222222222222,-0.4502030610980053
flag,Turkish,0.8333333333333334,0.2222222222222222,0.14285714285714285,0,0.16666666666666666,0.14285714285714285,0.3333333333333333,0.4444444444444444,0.7142857142857143,0,0.16666666666666666,0.25,0.08333333333333333,0.5,nouns,outside,0.6969246532866242,0.6383261551580659,-8.080030788396737,0.2992935921571437,26.99700561632582,0.2638888888888889,-0.3610779755189072
floor,Spanish (European),0.6666666666666666,0.4444444444444444,0,0.3333333333333333,0,0,0.3333333333333333,0.1111111111111111,1,0.1111111111111111,0.3,0.4,0.2,0.1,nouns,household,0.18071934029943887,0.6347960466545768,-7.2270619955667454,0.3001097088413588,24.081400176850153,0.15555555555555556,-1.7108100572305633
floor,Russian,0.6666666666666666,0.4444444444444444,0,0.3333333333333333,0,0,0.3333333333333333,0.1111111111111111,1,0.1111111111111111,0.3,0.4,0.2,0.1,nouns,furniture_rooms,0.4325297545615947,0.6343785189834226,-7.402003667637721,0.2999896772003977,24.674194581345773,0.15555555555555556,-0.8381041583023783
floor,Cantonese,0.6666666666666666,0.4444444444444444,0,0.3333333333333333,0,0,0.3333333333333333,0.1111111111111111,1,0.1111111111111111,0.3,0.4,0.2,0.1,nouns,furniture_rooms,0.6618323254695513,0.685067637408684,-7.23735554829583,0.3000020878197414,24.124350603334637,0.15555555555555556,-0.4127430399163359
flour,Mandarin (Beijing),0.125,0.16666666666666666,0,0.875,0,1,0.8333333333333334,0,0,0,0.09090909090909093,0.8181818181818182,0,0.09090909090909093,nouns,food_drink,0.15708168854661791,0.8114275650597611,-6.537129128077737,0.2998539814093007,21.801041618168664,0,-1.8509892997336066
flower,Spanish (Mexican),0.7777777777777778,0.1,0,0.1111111111111111,0.1111111111111111,0.2857142857142857,0.4,0.2,0.7142857142857143,0.3,0.5555555555555556,0.4444444444444444,0,0,nouns,outside,0.33341339128482467,0.8065931719941691,-6.9120893600093485,0.2999035374085575,23.047708672382328,0.1,-1.0983721436507587
flower,Mandarin (Beijing),0.7777777777777778,0.1,0,0.1111111111111111,0.1111111111111111,0.2857142857142857,0.4,0.2,0.7142857142857143,0.3,0.5555555555555556,0.4444444444444444,0,0,nouns,outside,0.946642039369406,0.8416849385726499,-5.1172976566137,0.3001925502690847,17.046717688452592,0.1,-0.05483425158401192
flower,Japanese,0.7777777777777778,0.1,0,0.1111111111111111,0.1111111111111111,0.2857142857142857,0.4,0.2,0.7142857142857143,0.3,0.5555555555555556,0.4444444444444444,0,0,nouns,outside,0.10567293244034102,0.810472338107919,-7.044580964944794,0.30001765908535855,23.480554399434627,0.1,-2.2474064979883366
flower,English (American),0.7777777777777778,0.1,0,0.1111111111111111,0.1111111111111111,0.2857142857142857,0.4,0.2,0.7142857142857143,0.3,0.5555555555555556,0.4444444444444444,0,0,nouns,outside,0.11327639232676406,0.8503216679994073,-6.811868906720066,0.32277966263824437,21.103773549557474,0.1,-2.177924496941783
flower,French (French),0.7777777777777778,0.1,0,0.1111111111111111,0.1111111111111111,0.2857142857142857,0.4,0.2,0.7142857142857143,0.3,0.5555555555555556,0.4444444444444444,0,0,nouns,outside,0.37568614214585727,0.8288148419715677,-6.450784384358564,0.2997439593290924,21.520982103516463,0.1,-0.9790012125074186
flower,Mandarin (Taiwanese),0.7777777777777778,0.1,0,0.1111111111111111,0.1111111111111111,0.2857142857142857,0.4,0.2,0.7142857142857143,0.3,0.5555555555555556,0.4444444444444444,0,0,nouns,outside,1.1803889246538597,0.7837972033964946,-5.64379562359578,0.30015427094636665,18.802982898764903,0.1,0.16584398133664816
flower,English (Australian),0.7777777777777778,0.1,0,0.1111111111111111,0.1111111111111111,0.2857142857142857,0.4,0.2,0.7142857142857143,0.3,0.5555555555555556,0.4444444444444444,0,0,nouns,outside,0.448494268483023,0.7954134255908423,-5.910590262829951,0.3001671533603943,19.690996155510152,0.1,-0.8018593768670091
flower,Russian,0.7777777777777778,0.1,0,0.1111111111111111,0.1111111111111111,0.2857142857142857,0.4,0.2,0.7142857142857143,0.3,0.5555555555555556,0.4444444444444444,0,0,nouns,outside,0.568462204793825,0.8322800644150524,-7.093271197976727,0.30001575387027196,23.642995764295385,0.1,-0.5648204503343561
flower,Cantonese,0.7777777777777778,0.1,0,0.1111111111111111,0.1111111111111111,0.2857142857142857,0.4,0.2,0.7142857142857143,0.3,0.5555555555555556,0.4444444444444444,0,0,nouns,outside,0.409469016367874,0.8866136607936731,-5.686665514543021,0.300020370945522,18.95426466083402,0.1,-0.8928940406568483
flower,Korean,0.7777777777777778,0.1,0,0.1111111111111111,0.1111111111111111,0.2857142857142857,0.4,0.2,0.7142857142857143,0.3,0.5555555555555556,0.4444444444444444,0,0,nouns,outside,0.7209884886508405,0.8648017748984381,-6.111405905644144,0.29997018185819674,20.373378006395168,0.1,-0.3271321076348502
food,Mandarin (Beijing),0.2222222222222222,0,0.5,0.7777777777777778,0,0,1,0,0.5,0,0.6,0.4,0,0,nouns,food_drink,0.986025265496164,0.6399691151533925,-5.0955238491907675,0.3002244494538907,16.972381358212306,0,-0.01407330047233632
food,English (Australian),0.2222222222222222,0,0.5,0.7777777777777778,0,0,1,0,0.5,0,0.6,0.4,0,0,nouns,food_drink,0.9144085904489856,0.5555198311638607,-7.332025236825523,0.3000344548133357,24.437277516634182,0,-0.08947777191641607
food,Turkish,0.2222222222222222,0,0.5,0.7777777777777778,0,0,1,0,0.5,0,0.6,0.4,0,0,nouns,food_drink,0.9713551939025308,0.6483164626345025,-7.251282786424038,0.29975891573927593,24.190382356236743,0,-0.02906307541478734
food,Spanish (European),0.2222222222222222,0,0.5,0.7777777777777778,0,0,1,0,0.5,0,0.6,0.4,0,0,nouns,food_drink,0.23725269573155788,0.6347960466545768,-7.214527404305759,0.30001940071438576,24.04686959285639,0,-1.438629479147556
food,English (American),0.2222222222222222,0,0.5,0.7777777777777778,0,0,1,0,0.5,0,0.6,0.4,0,0,nouns,food_drink,0.4980594424524511,0.6670810086360247,-7.042391961605346,0.2998307196119798,23.487893337677747,0,-0.6970358467262836
food,Spanish (Mexican),0.2222222222222222,0,0.5,0.7777777777777778,0,0,1,0,0.5,0,0.6,0.4,0,0,nouns,food_drink,0.39243791473948936,0.6174736173184104,-6.374585798360018,0.29969526174923417,21.2702254989065,0,-0.935376933278963
foot,Spanish (European),1,0.3636363636363637,0,0,0,0,0.09090909090909093,0.5454545454545454,1,0,0.5,0,0.5,0,nouns,body_parts,0.36109975016257617,0.7248683212992003,-6.126684236472535,0.3001039270691859,20.415208478961656,0.5227272727272727,-1.0186010425777343
foot,Spanish (Mexican),1,0.3636363636363637,0,0,0,0,0.09090909090909093,0.5454545454545454,1,0,0.5,0,0.5,0,nouns,body_parts,0.45361787155917505,0.7120333946562902,-6.237237383781933,0.3000087614595081,20.79018410475244,0.5227272727272727,-0.7905001279638326
foot,French (French),1,0.3636363636363637,0,0,0,0,0.09090909090909093,0.5454545454545454,1,0,0.5,0,0.5,0,nouns,body_parts,0.7413296999882593,0.733475981164957,-6.079179390348805,0.29973997417964066,20.281510355723928,0.5227272727272727,-0.29930981338675816
foot,Turkish,1,0.3636363636363637,0,0,0,0,0.09090909090909093,0.5454545454545454,1,0,0.5,0,0.5,0,nouns,body_parts,0.13240690493396218,0.7482195373988703,-6.454439815410386,0.3000164991197243,21.513616198936727,0.5227272727272727,-2.0218754847699003
foot,Mandarin (Beijing),1,0.3636363636363637,0,0,0,0,0.09090909090909093,0.5454545454545454,1,0,0.5,0,0.5,0,nouns,body_parts,0.8077210751803664,0.7408270268630217,-5.276959207759678,0.30033513470256856,17.5702360397681,0.5227272727272727,-0.21353848404234796
foot,Catalan,1,0.3636363636363637,0,0,0,0,0.09090909090909093,0.5454545454545454,1,0,0.5,0,0.5,0,nouns,body_parts,0.7054585505408313,0.6931315942302486,-5.927427068874053,0.3002648008112925,19.740665748561263,0.5227272727272727,-0.348907261306325
foot,English (American),1,0.3636363636363637,0,0,0,0,0.09090909090909093,0.5454545454545454,1,0,0.5,0,0.5,0,nouns,body_parts,0.5127767528933731,0.7587013383177165,-7.217075298998282,0.3453097917400027,20.900291482126,0.5227272727272727,-0.667914708074548
foot,Korean,1,0.3636363636363637,0,0,0,0,0.09090909090909093,0.5454545454545454,1,0,0.5,0,0.5,0,nouns,body_parts,0.989953148888034,0.7661212799967533,-6.097713473905176,0.30000122495705517,20.325628586276796,0.5227272727272727,-0.010097661328855312
foot,English (Australian),1,0.3636363636363637,0,0,0,0,0.09090909090909093,0.5454545454545454,1,0,0.5,0,0.5,0,nouns,body_parts,0.9322290368356052,0.6754666283773519,-6.1285312937601475,0.30023429644108457,20.412495728857408,0.5227272727272727,-0.07017674680987228
fork,Mandarin (Taiwanese),1,0.1,0,0,0,0,0.1,0.8,1,0,0,0.3,0.7,0,nouns,household,0.00162538968904965,0.6830842826598468,-8.709328576435412,0.29977041178561586,29.053329594996804,0.75,-6.4220076833039945
fox,Russian,0.8571428571428571,0.5555555555555556,0.16666666666666666,0,0.14285714285714285,0,0.1111111111111111,0.3333333333333333,0.8333333333333334,0,0.8333333333333334,0.16666666666666666,0,0,nouns,animals,0.8547745116704486,0.8025948326003077,-7.225941905302491,0.2999759955566524,24.08840044648781,0.16666666666666666,-0.1569175738684068
fox,Korean,0.8571428571428571,0.5555555555555556,0.16666666666666666,0,0.14285714285714285,0,0.1111111111111111,0.3333333333333333,0.8333333333333334,0,0.8333333333333334,0.16666666666666666,0,0,nouns,animals,0.6059859015707882,0.8351976264279324,-8.130289404848728,0.29951095939749645,27.145215057251384,0.16666666666666666,-0.5008985579181237
frog,English (Australian),0.8,0.3,0,0.2,0,0,0.3,0.4,1,0,0.75,0,0.16666666666666666,0.08333333333333333,nouns,animals,0.3065536598691127,0.7954134255908423,-6.527808337613005,0.3001355676169055,21.74953268432727,0.2833333333333333,-1.1823624659469338
frog,Cantonese,0.8,0.3,0,0.2,0,0,0.3,0.4,1,0,0.75,0,0.16666666666666666,0.08333333333333333,nouns,animals,0.01366000887536509,0.8866136607936731,-8.09780715055383,0.29997097230822195,26.99530253958468,0.2833333333333333,-4.293282775105803
frog,Mandarin (Taiwanese),0.8,0.3,0,0.2,0,0,0.3,0.4,1,0,0.75,0,0.16666666666666666,0.08333333333333333,nouns,animals,1.4026933680881732,0.7837972033964946,-7.328857473707467,0.29987753964832564,24.43950114537492,0.2833333333333333,0.33839422277064735
frog,French (French),0.8,0.3,0,0.2,0,0,0.3,0.4,1,0,0.75,0,0.16666666666666666,0.08333333333333333,nouns,animals,0.03136768674310164,0.8288148419715677,-7.207259448896833,0.2996513858851924,24.05214789047631,0.2833333333333333,-3.4619770005536514
frog,Turkish,0.8,0.3,0,0.2,0,0,0.3,0.4,1,0,0.75,0,0.16666666666666666,0.08333333333333333,nouns,animals,0.5518810494182468,0.8481226121632371,-6.603731896280012,0.22175886609706744,29.77888556387843,0.2833333333333333,-0.5944227461107231
frog,Spanish (Mexican),0.8,0.3,0,0.2,0,0,0.3,0.4,1,0,0.75,0,0.16666666666666666,0.08333333333333333,nouns,animals,9.341827430686508e-4,0.8065931719941691,-7.698702645812596,0.29975208009977317,25.683567043972023,0.2833333333333333,-6.975838482483228
frog,Russian,0.8,0.3,0,0.2,0,0,0.3,0.4,1,0,0.75,0,0.16666666666666666,0.08333333333333333,nouns,animals,0.1701095458763901,0.8322800644150524,-7.3303434855402925,0.3000250776286652,24.432435926615796,0.2833333333333333,-1.7713126619521808
frog,Mandarin (Beijing),0.8,0.3,0,0.2,0,0,0.3,0.4,1,0,0.75,0,0.16666666666666666,0.08333333333333333,nouns,animals,1.1764924623754756,0.8416849385726499,-6.746565044827944,0.3000687895331595,22.483394741999337,0.2833333333333333,0.1625375223440811
frog,Korean,0.8,0.3,0,0.2,0,0,0.3,0.4,1,0,0.75,0,0.16666666666666666,0.08333333333333333,nouns,animals,1.0060861998934674,0.8648017748984381,-7.456632906288633,0.299990363895758,24.856241412073143,0.2833333333333333,0.0060677537855254125
fruit,Mandarin (Beijing),0.75,0.3333333333333333,0,0.25,0,0,0.4444444444444444,0.1111111111111111,1,0.1111111111111111,0.6153846153846154,0.2307692307692308,0.15384615384615383,0,nouns,food_drink,0.35981539212576763,0.6500549063243551,-6.864411353428352,0.3001191846557918,22.872284426939185,0.13247863247863245,-1.022164178709334
fruit,Korean,0.75,0.3333333333333333,0,0.25,0,0,0.4444444444444444,0.1111111111111111,1,0.1111111111111111,0.6153846153846154,0.2307692307692308,0.15384615384615383,0,nouns,food_drink,0.38528320209707745,0.6773088345852358,-7.982675562927962,0.29958789751404036,26.645520827669113,0.13247863247863245,-0.953776625245436
fruit,Mandarin (Taiwanese),0.75,0.3333333333333333,0,0.25,0,0,0.4444444444444444,0.1111111111111111,1,0.1111111111111111,0.6153846153846154,0.2307692307692308,0.15384615384615383,0,nouns,food_drink,0.6128277711793824,0.5924426539968627,-7.924881414509255,0.29990999297569887,26.42419926018068,0.13247863247863245,-0.4896713430783939
furniture,Russian,0.5,0.25,0,0.3333333333333333,0.16666666666666666,0,0.125,0.625,1,0,0.5,0.3,0.2,0,nouns,furniture_rooms,1.1217464507516888,0.7234342144276558,-9.152686856006325,0.2997760067795886,30.5317525386075,0.4125,0.11488680184103729
game,French (French),0.2857142857142857,1,0.6153846153846154,0.7142857142857143,0,0.2307692307692308,0,0,0.15384615384615383,0,0.9090909090909092,0.09090909090909093,0,0,nouns,toys,0.49236070042866714,0.35212053793851267,-7.753023728827216,0.2997298860682412,25.866702284943457,0,-0.7085437001464745
game,Mandarin (Beijing),0.2857142857142857,1,0.6153846153846154,0.7142857142857143,0,0.2307692307692308,0,0,0.15384615384615383,0,0.9090909090909092,0.09090909090909093,0,0,nouns,toys,0.5030299438376693,0.3373953800245068,-7.45071770056409,0.3002377461465273,24.816059260343167,0,-0.687105580161883
game,English (Australian),0.2857142857142857,1,0.6153846153846154,0.7142857142857143,0,0.2307692307692308,0,0,0.15384615384615383,0,0.9090909090909092,0.09090909090909093,0,0,nouns,toys,0.5506327159570419,0.19567943952338884,-8.139288866537811,0.3000556389237884,27.12593202957643,0,-0.5966872693010367
game,English (American),0.2857142857142857,1,0.6153846153846154,0.7142857142857143,0,0.2307692307692308,0,0,0.15384615384615383,0,0.9090909090909092,0.09090909090909093,0,0,nouns,toys,0.197629118785828,0.3922200195909512,-8.046838708027225,0.3004744644434638,26.78044113642572,0,-1.6213631422486658
garage,Spanish (European),1,0.4545454545454546,0,0,0,0,0.18181818181818185,0.3636363636363637,1,0,0.6666666666666666,0.1111111111111111,0.2222222222222222,0,nouns,household,0.2262472757934685,0.7789116860859737,-8.528918204970422,0.30001471243640043,28.42833318308832,0.29292929292929293,-1.486126737166443
garden,Turkish,0.5,0.5,0.6,0.5,0,0.2,0.4,0.1,0.2,0,0.75,0.16666666666666666,0.08333333333333333,0,nouns,outside,0.1808466119186155,0.5783843102994459,-7.947895057410506,0.2999042786174914,26.501439372752444,0.09166666666666667,-1.710106054966786
giraffe,Korean,0.8571428571428571,0.625,0.14285714285714285,0,0.14285714285714285,0,0.125,0.25,0.8571428571428571,0,0.75,0,0.125,0.125,nouns,animals,0.796393733315005,0.5983644386638884,-7.264160757773366,0.2999195886293557,24.22036116737445,0.1875,-0.22766157558874414
giraffe,Japanese,0.8571428571428571,0.625,0.14285714285714285,0,0.14285714285714285,0,0.125,0.25,0.8571428571428571,0,0.75,0,0.125,0.125,nouns,animals,0.05183777831623328,0.5513580809744436,-7.26515995739818,0.30000066882186477,24.2171458681384,0.1875,-2.959636084410628
glass,English (Australian),0.2857142857142857,0,0,0.42857142857142855,0.2857142857142857,0.14285714285714285,1,0,0.8571428571428571,0,0,1,0,0,nouns,household,0.18958036347188137,0.5795091906065594,-7.89131907223848,0.3000322624764851,26.30156839502205,0,-1.6629422627110502
glass,French (French),0.2857142857142857,0,0,0.42857142857142855,0.2857142857142857,0.14285714285714285,1,0,0.8571428571428571,0,0,1,0,0,nouns,household,0.07895462354902028,0.6572048925196682,-6.868647787799018,0.29984609339315815,22.90724454693111,0,-2.538881976993075
glass,Russian,0.2857142857142857,0,0,0.42857142857142855,0.2857142857142857,0.14285714285714285,1,0,0.8571428571428571,0,0,1,0,0,nouns,household,0.40128339702395344,0.6541686735265859,-8.24312048086667,0.29967546923760974,27.50682430509779,0,-0.9130873755430894
glasses,Cantonese,0.8333333333333334,0,0,0,0.16666666666666666,0,0.6363636363636364,0.3636363636363637,1,0,0.18181818181818185,0.4545454545454546,0.3636363636363637,0,nouns,household,0.1978929052957655,0.785840649101179,-7.126832546502878,0.3001585888814037,23.743556941223417,0.3636363636363637,-1.620029276961843
glasses,Mandarin (Taiwanese),0.8333333333333334,0,0,0,0.16666666666666666,0,0.6363636363636364,0.3636363636363637,1,0,0.18181818181818185,0.4545454545454546,0.3636363636363637,0,nouns,household,0.07547566559212027,0.6830842826598468,-6.869572250772105,0.29999804408878394,22.898723462140527,0.3636363636363637,-2.583944984718344
glue (object),Japanese,0.3333333333333333,0,0,0.6666666666666666,0,0.8571428571428571,1,0,0.14285714285714285,0,0.2222222222222222,0.7777777777777778,0,0,nouns,toys,0.6815895228661012,0.4745834862682285,-9.64841548571236,0.2999999901147175,32.161386012122485,0,-0.38332767496706577
glue (object),Korean,0.3333333333333333,0,0,0.6666666666666666,0,0.8571428571428571,1,0,0.14285714285714285,0,0.2222222222222222,0.7777777777777778,0,0,nouns,toys,0.43445884056476586,0.5194200427425402,-8.244560261370275,0.2998900947551654,27.49193923227525,0,-0.8336540670381136
glue (object),Russian,0.3333333333333333,0,0,0.6666666666666666,0,0.8571428571428571,1,0,0.14285714285714285,0,0.2222222222222222,0.7777777777777778,0,0,nouns,toys,0.1701095458763901,0.4859523599097008,-8.799385621235665,0.29973369417660906,29.35734551101516,0,-1.7713126619521808
gorilla,Japanese,0.8333333333333334,0.6666666666666666,0.16666666666666666,0.16666666666666666,0,0,0,0.3333333333333333,0.8333333333333334,0,0.5,0,0.5,0,nouns,animals,0.20149998533978375,0.781681865093088,-8.132377076035258,0.29991096717934274,27.11597095804838,0.41666666666666663,-1.6019659703508176
grapes,Korean,0.5555555555555556,0.08333333333333333,0.14285714285714285,0.4444444444444444,0,0.42857142857142855,0.5,0.16666666666666666,0.42857142857142855,0.25,0.3333333333333333,0.4444444444444444,0.1111111111111111,0.1111111111111111,nouns,food_drink,0.08540119119923828,0.8648017748984381,-6.836791336631345,0.30002865590978117,22.787127835839694,0.1388888888888889,-2.4603952298160596
grapes,Japanese,0.5555555555555556,0.08333333333333333,0.14285714285714285,0.4444444444444444,0,0.42857142857142855,0.5,0.16666666666666666,0.42857142857142855,0.25,0.3333333333333333,0.4444444444444444,0.1111111111111111,0.1111111111111111,nouns,food_drink,0.6028916277230798,0.810472338107919,-6.928346217218509,0.3000277630771872,23.092350341711796,0.1388888888888889,-0.5060178202591312
grapes,Mandarin (Beijing),0.5555555555555556,0.08333333333333333,0.14285714285714285,0.4444444444444444,0,0.42857142857142855,0.5,0.16666666666666666,0.42857142857142855,0.25,0.3333333333333333,0.4444444444444444,0.1111111111111111,0.1111111111111111,nouns,food_drink,7.183243539768555e-4,0.8416849385726499,-6.007540403577816,0.3001047947314531,20.01814202586675,0.1388888888888889,-7.238589344436903
grapes,Spanish (European),0.5555555555555556,0.08333333333333333,0.14285714285714285,0.4444444444444444,0,0.42857142857142855,0.5,0.16666666666666666,0.42857142857142855,0.25,0.3333333333333333,0.4444444444444444,0.1111111111111111,0.1111111111111111,nouns,food_drink,0.02404658965493103,0.814940595943823,-8.046204759758243,0.2998544197373389,26.833704058143994,0.1388888888888889,-3.727762094775032
grapes,Mandarin (Taiwanese),0.5555555555555556,0.08333333333333333,0.14285714285714285,0.4444444444444444,0,0.42857142857142855,0.5,0.16666666666666666,0.42857142857142855,0.25,0.3333333333333333,0.4444444444444444,0.1111111111111111,0.1111111111111111,nouns,food_drink,0.26551984480765645,0.7837972033964946,-6.997261098085289,0.2999857440925661,23.325312071916844,0.1388888888888889,-1.3260656960551607
grapes,Spanish (Mexican),0.5555555555555556,0.08333333333333333,0.14285714285714285,0.4444444444444444,0,0.42857142857142855,0.5,0.16666666666666666,0.42857142857142855,0.25,0.3333333333333333,0.4444444444444444,0.1111111111111111,0.1111111111111111,nouns,food_drink,0.19172327206817869,0.8065931719941691,-7.059809077387094,0.2997325612940003,23.553694156245843,0.1388888888888889,-1.6517022379253354
grass,Korean,0,0.1111111111111111,0,1,0,0.5714285714285714,0.6666666666666666,0,0.42857142857142855,0.2222222222222222,0.10526315789473684,0.7368421052631579,0.05263157894736842,0.10526315789473684,nouns,outside,0.43445884056476586,0.7957254284672582,-8.752951005028633,0.2993770603807135,29.237213412068485,0.02631578947368421,-0.8336540670381136
grass,Mandarin (Beijing),0,0.1111111111111111,0,1,0,0.5714285714285714,0.6666666666666666,0,0.42857142857142855,0.2222222222222222,0.10526315789473684,0.7368421052631579,0.05263157894736842,0.10526315789473684,nouns,food_drink,0.4743212097879467,0.7710844003759096,-5.466496985978898,0.30034666997650905,18.20062458627042,0.02631578947368421,-0.7458705290129374
grass,Mandarin (Beijing),0,0.1111111111111111,0,1,0,0.5714285714285714,0.6666666666666666,0,0.42857142857142855,0.2222222222222222,0.10526315789473684,0.7368421052631579,0.05263157894736842,0.10526315789473684,nouns,outside,0.4743212097879467,0.7710844003759096,-5.466496985978898,0.30034666997650905,18.20062458627042,0.02631578947368421,-0.7458705290129374
grass,Mandarin (Taiwanese),0,0.1111111111111111,0,1,0,0.5714285714285714,0.6666666666666666,0,0.42857142857142855,0.2222222222222222,0.10526315789473684,0.7368421052631579,0.05263157894736842,0.10526315789473684,nouns,outside,0.42083056337914165,0.7132981588808406,-8.44472756443136,0.29990278718014546,28.158216346815028,0.02631578947368421,-0.8655249885917601
ground,Korean,0.5714285714285714,0.3,0,0.2857142857142857,0.14285714285714285,0.16666666666666666,0.7,0,0.8333333333333334,0,0.4545454545454546,0.4545454545454546,0.09090909090909093,0,nouns,outside,0.646694729575856,0.6378366366245617,-9.165848469140078,0.2998152180396511,30.57165853378356,0.04545454545454546,-0.4358809202831392
ground,Catalan,0.5714285714285714,0.3,0,0.2857142857142857,0.14285714285714285,0.16666666666666666,0.7,0,0.8333333333333334,0,0.4545454545454546,0.4545454545454546,0.09090909090909093,0,nouns,furniture_rooms,0.91982690829026,0.5665612407761669,-6.100451228123117,0.3004186009711942,20.30650302079019,0.04545454545454546,-0.08356976980295701
ground,Catalan,0.5714285714285714,0.3,0,0.2857142857142857,0.14285714285714285,0.16666666666666666,0.7,0,0.8333333333333334,0,0.4545454545454546,0.4545454545454546,0.09090909090909093,0,nouns,outside,0.91982690829026,0.5665612407761669,-6.100451228123117,0.3004186009711942,20.30650302079019,0.04545454545454546,-0.08356976980295701
gun,Mandarin (Taiwanese),1,0.3076923076923077,0,0,0,0,0.3076923076923077,0.3076923076923077,1,0.07692307692307693,0.8,0.1,0.1,0,nouns,toys,0.569160933997297,0.6125852381441927,-9.457239444165609,0.29971148288547356,31.554478170525847,0.20384615384615384,-0.5635920482959131
hair,Catalan,0.42857142857142855,0,0.16666666666666666,0.42857142857142855,0.14285714285714285,0.3333333333333333,0.75,0,0.5,0.25,0.125,0.625,0.125,0.125,nouns,body_parts,0.2684006323603044,0.7612848614747532,-6.609305297113631,0.30028825334465425,22.00986959529128,0.0625,-1.315274517850484
hair,Mandarin (Beijing),0.42857142857142855,0,0.16666666666666666,0.42857142857142855,0.14285714285714285,0.3333333333333333,0.75,0,0.5,0.25,0.125,0.625,0.125,0.125,nouns,body_parts,0.11963989359054292,0.8114275650597611,-6.392628372422229,0.3002504133568337,21.290989414308935,0.0625,-2.123268934634502
hair,Turkish,0.42857142857142855,0,0.16666666666666666,0.42857142857142855,0.14285714285714285,0.3333333333333333,0.75,0,0.5,0.25,0.125,0.625,0.125,0.125,nouns,body_parts,0.8456974009482944,0.8181516897339267,-6.498909263259159,0.2999928485371599,21.66354729770881,0.0625,-0.16759366545362633
hair,Japanese,0.42857142857142855,0,0.16666666666666666,0.42857142857142855,0.14285714285714285,0.3333333333333333,0.75,0,0.5,0.25,0.125,0.625,0.125,0.125,nouns,body_parts,0.4406310147142304,0.781681865093088,-7.574408320425509,0.2999954247485647,25.248412794207947,0.0625,-0.8195474550934954
hair,Spanish (Mexican),0.42857142857142855,0,0.16666666666666666,0.42857142857142855,0.14285714285714285,0.3333333333333333,0.75,0,0.5,0.25,0.125,0.625,0.125,0.125,nouns,body_parts,0.2502207597775088,0.7782252387928051,-6.212429506572213,0.30016081993759175,20.697003385931172,0.0625,-1.3854117116595233
hair,Cantonese,0.42857142857142855,0,0.16666666666666666,0.42857142857142855,0.14285714285714285,0.3333333333333333,0.75,0,0.5,0.25,0.125,0.625,0.125,0.125,nouns,body_parts,0.7080560441727675,0.8563817572859245,-6.718343738425411,0.30012457757810634,22.385183488269924,0.0625,-0.3452320299851687
hair,French (French),0.42857142857142855,0,0.16666666666666666,0.42857142857142855,0.14285714285714285,0.3333333333333333,0.75,0,0.5,0.25,0.125,0.625,0.125,0.125,nouns,body_parts,0.32562718559593096,0.8002131837295842,-6.370911161676439,0.29976387844785474,21.253098254080292,0.0625,-1.122002154494172
hair,English (American),0.42857142857142855,0,0.16666666666666666,0.42857142857142855,0.14285714285714285,0.3333333333333333,0.75,0,0.5,0.25,0.125,0.625,0.125,0.125,nouns,body_parts,0.4201583751171003,0.8228355690948997,-6.994812522789929,0.34487208558938476,20.282338916574904,0.0625,-0.867123555170737
hair,English (Australian),0.42857142857142855,0,0.16666666666666666,0.42857142857142855,0.14285714285714285,0.3333333333333333,0.75,0,0.5,0.25,0.125,0.625,0.125,0.125,nouns,body_parts,0.8200821304967624,0.7594293864267947,-6.0220196233605945,0.30026950948060327,20.05538169285751,0.0625,-0.19835078459703712
ham,Hebrew,0.6666666666666666,0.125,0,0.3333333333333333,0,0.25,0.75,0.125,0.75,0,0.3333333333333333,0.5555555555555556,0.1111111111111111,0,nouns,food_drink,1.145087788304087,0.6984444668046753,-8.724820177543425,0.2998456992415025,29.097699915703167,0.11805555555555555,0.13548130507506778
hamburger,Japanese,0.8571428571428571,0.4444444444444444,0,0.14285714285714285,0,0.4444444444444444,0.4444444444444444,0.1111111111111111,0.5555555555555556,0,0.1,0.6,0.3,0,nouns,food_drink,0.1788433511671452,0.810472338107919,-7.8046195292377964,0.300034964426578,26.012366739169416,0.20555555555555555,-1.7212449894383886
hand,English (Australian),0.5,0.2,0,0.3333333333333333,0.16666666666666666,0,0.1,0.7,1,0,0.625,0.125,0.25,0,nouns,body_parts,1.1708247161935064,0.459562393393068,-6.383524885007539,0.3004033749475453,21.249844100860027,0.475,0.1577083861299431
hand,English (American),0.5,0.2,0,0.3333333333333333,0.16666666666666666,0,0.1,0.7,1,0,0.625,0.125,0.25,0,nouns,body_parts,0.7098249416306385,0.5937847448906717,-7.692735492773381,0.3597930324632896,21.381001850163084,0.475,-0.34273690043156496
hand,Spanish (Mexican),0.5,0.2,0,0.3333333333333333,0.16666666666666666,0,0.1,0.7,1,0,0.625,0.125,0.25,0,nouns,body_parts,0.7658987997637297,0.5418257954481069,-5.879289491977395,0.3002079240891393,19.58405831496868,0.475,-0.2667052331604798
hand,Japanese,0.5,0.2,0,0.3333333333333333,0.16666666666666666,0,0.1,0.7,1,0,0.625,0.125,0.25,0,nouns,body_parts,1.28784129751396,0.541761256636166,-6.164418868385422,0.30004015559169456,20.545312863969396,0.475,0.2529674038745507
hand,Catalan,0.5,0.2,0,0.3333333333333333,0.16666666666666666,0,0.1,0.7,1,0,0.625,0.125,0.25,0,nouns,body_parts,0.8447939213987623,0.5178803356015205,-5.680109482702616,0.30024372613816547,18.918328638410102,0.475,-0.1686625613699915
hand,Cantonese,0.5,0.2,0,0.3333333333333333,0.16666666666666666,0,0.1,0.7,1,0,0.625,0.125,0.25,0,nouns,body_parts,1.3299969831016358,0.6044492280546885,-5.785659834518359,0.3001049345830007,19.27878940930312,0.475,0.285176673886455
hand,Korean,0.5,0.2,0,0.3333333333333333,0.16666666666666666,0,0.1,0.7,1,0,0.625,0.125,0.25,0,nouns,body_parts,1.2336087307808496,0.5884963891737193,-6.225719028707949,0.29996424513786335,20.75487038745772,0.475,0.20994380128311624
hand,Turkish,0.5,0.2,0,0.3333333333333333,0.16666666666666666,0,0.1,0.7,1,0,0.625,0.125,0.25,0,nouns,body_parts,0.6342646022380941,0.5683940028230086,-6.277355634726669,0.30000540729429614,20.92414163911644,0.475,-0.4552890579248914
hand,French (French),0.5,0.2,0,0.3333333333333333,0.16666666666666666,0,0.1,0.7,1,0,0.625,0.125,0.25,0,nouns,body_parts,0.8873019320752213,0.5618660317130566,-6.041854910881895,0.2996185116253653,20.16515894864488,0.475,-0.11956995766635176
hand,Mandarin (Beijing),0.5,0.2,0,0.3333333333333333,0.16666666666666666,0,0.1,0.7,1,0,0.625,0.125,0.25,0,nouns,body_parts,1.2221047045198024,0.5592827857856896,-5.089422632559322,0.30049009875586263,16.937072647755674,0.475,0.20057453999192768
hand,Spanish (European),0.5,0.2,0,0.3333333333333333,0.16666666666666666,0,0.1,0.7,1,0,0.625,0.125,0.25,0,nouns,body_parts,0.5183070471209741,0.5627382269388782,-6.2358317412442865,0.30017588457628025,20.773926426656857,0.475,-0.6571874572727466
hat,English (American),1,0.1,0.1111111111111111,0,0,0,0.3,0.6,0.8888888888888888,0,0.4615384615384616,0.07692307692307693,0.4615384615384616,0,nouns,clothing,0.3978471239897885,0.7403772723813777,-5.786680330188963,0.30012600872724793,19.280835921980525,0.5307692307692308,-0.9216874580654846
hat,Korean,1,0.1,0.1111111111111111,0,0,0,0.3,0.6,0.8888888888888888,0,0.4615384615384616,0.07692307692307693,0.4615384615384616,0,nouns,clothing,1.1631898196618602,0.7463851810164157,-6.432915904155008,0.2999981802493096,21.443183084674104,0.5307692307692308,0.15116607574872612
hat,Spanish (European),1,0.1,0.1111111111111111,0,0,0,0.3,0.6,0.8888888888888888,0,0.4615384615384616,0.07692307692307693,0.4615384615384616,0,nouns,clothing,0.07100779283167447,0.7068538663702753,-6.72198555740046,0.3001175173786189,22.397844738000455,0.5307692307692308,-2.6449656497712133
hat,Cantonese,1,0.1,0.1111111111111111,0,0,0,0.3,0.6,0.8888888888888888,0,0.4615384615384616,0.07692307692307693,0.4615384615384616,0,nouns,clothing,0.1780931172398894,0.7656860467626797,-6.587216279849958,0.30007906304252946,21.951602397919935,0.5307692307692308,-1.7254487349139653
hat,Japanese,1,0.1,0.1111111111111111,0,0,0,0.3,0.6,0.8888888888888888,0,0.4615384615384616,0.07692307692307693,0.4615384615384616,0,nouns,clothing,0.5659874223747228,0.6953104460485963,-6.736617664228906,0.3000288497596556,22.45323297951319,0.5307692307692308,-0.569183422978652
hat,French (French),1,0.1,0.1111111111111111,0,0,0,0.3,0.6,0.8888888888888888,0,0.4615384615384616,0.07692307692307693,0.4615384615384616,0,nouns,clothing,0.1659341802036014,0.7144082090036344,-6.447231202073255,0.2997744950337246,21.50693707731187,0.5307692307692308,-1.7961640740519882
hat,Spanish (Mexican),1,0.1,0.1111111111111111,0,0,0,0.3,0.6,0.8888888888888888,0,0.4615384615384616,0.07692307692307693,0.4615384615384616,0,nouns,clothing,0.08353912927695852,0.6931214391887139,-6.962858260259406,0.299817362432247,23.223665913720655,0.5307692307692308,-2.4824401427953107
hat,Catalan,1,0.1,0.1111111111111111,0,0,0,0.3,0.6,0.8888888888888888,0,0.4615384615384616,0.07692307692307693,0.4615384615384616,0,nouns,clothing,0.0601789232152401,0.6736592321603895,-7.711435287702017,0.29996401042135934,25.70786834350483,0.5307692307692308,-2.8104331006747763
hat,Mandarin (Taiwanese),1,0.1,0.1111111111111111,0,0,0,0.3,0.6,0.8888888888888888,0,0.4615384615384616,0.07692307692307693,0.4615384615384616,0,nouns,clothing,0.19522458356999828,0.6629416985125167,-6.1520940916237805,0.3000829875862978,20.50130912487854,0.5307692307692308,-1.6336046725129008
hat,English (Australian),1,0.1,0.1111111111111111,0,0,0,0.3,0.6,0.8888888888888888,0,0.4615384615384616,0.07692307692307693,0.4615384615384616,0,nouns,clothing,0.7930665656536688,0.6514772689346533,-5.606575299101797,0.3002168561919993,18.675084970965766,0.5307692307692308,-0.2318481193144859
head,Japanese,0.8571428571428571,0.4666666666666667,0,0.14285714285714285,0,0,0.2,0.3333333333333333,1,0,0.35294117647058826,0.0588235294117647,0.5882352941176471,0,nouns,body_parts,0.24455912596525456,0.570551729650997,-6.833455213178907,0.3000398281540964,22.77516040193616,0.4607843137254902,-1.408298175313147
head,Mandarin (Beijing),0.8571428571428571,0.4666666666666667,0,0.14285714285714285,0,0,0.2,0.3333333333333333,1,0,0.35294117647058826,0.0588235294117647,0.5882352941176471,0,nouns,body_parts,1.0085557982084978,0.5895401592985784,-4.879103065831329,0.30004929601784486,16.261004876815818,0.4607843137254902,0.00851940480276434
head,Russian,0.8571428571428571,0.4666666666666667,0,0.14285714285714285,0,0,0.2,0.3333333333333333,1,0,0.35294117647058826,0.0588235294117647,0.5882352941176471,0,nouns,body_parts,0.36834724529009544,0.5849031326255153,-7.073769475834301,0.30005873484132994,23.57461608166443,0.4607843137254902,-0.998729184393304
head,Turkish,0.8571428571428571,0.4666666666666667,0,0.14285714285714285,0,0,0.2,0.3333333333333333,1,0,0.35294117647058826,0.0588235294117647,0.5882352941176471,0,nouns,body_parts,0.735361268591232,0.598364925252319,-6.8261219681978424,0.29989962636137296,22.76135536085165,0.4607843137254902,-0.3073933786337851
head,Catalan,0.8571428571428571,0.4666666666666667,0,0.14285714285714285,0,0,0.2,0.3333333333333333,1,0,0.35294117647058826,0.0588235294117647,0.5882352941176471,0,nouns,body_parts,1.1491102270992528,0.5470888787063086,-5.830134584444478,0.3002834187128598,19.415439618460688,0.4607843137254902,0.13898792733692222
head,English (Australian),0.8571428571428571,0.4666666666666667,0,0.14285714285714285,0,0,0.2,0.3333333333333333,1,0,0.35294117647058826,0.0588235294117647,0.5882352941176471,0,nouns,body_parts,0.9346883734910768,0.4955464325571155,-6.433418481760841,0.3002078248369178,21.429882732922344,0.4607843137254902,-0.06754209563090911
head,Korean,0.8571428571428571,0.4666666666666667,0,0.14285714285714285,0,0,0.2,0.3333333333333333,1,0,0.35294117647058826,0.0588235294117647,0.5882352941176471,0,nouns,body_parts,0.8637395458846728,0.6181005376442251,-6.454012999786751,0.29998891568695596,21.51417156533088,0.4607843137254902,-0.14648400714609433
head,Spanish (Mexican),0.8571428571428571,0.4666666666666667,0,0.14285714285714285,0,0,0.2,0.3333333333333333,1,0,0.35294117647058826,0.0588235294117647,0.5882352941176471,0,nouns,body_parts,0.3778650952654143,0.5701937286494709,-6.217180293679945,0.300050738271391,20.720429916278384,0.4607843137254902,-0.9732180378954763
head,French (French),0.8571428571428571,0.4666666666666667,0,0.14285714285714285,0,0,0.2,0.3333333333333333,1,0,0.35294117647058826,0.0588235294117647,0.5882352941176471,0,nouns,body_parts,0.732958310123055,0.5904676899550402,-6.3404308466824935,0.2997268133244,21.15403282194885,0.4607843137254902,-0.31066645439775037
head,English (American),0.8571428571428571,0.4666666666666667,0,0.14285714285714285,0,0,0.2,0.3333333333333333,1,0,0.35294117647058826,0.0588235294117647,0.5882352941176471,0,nouns,body_parts,0.5148078367535671,0.6212708437951793,-7.087190732266612,0.3298449004383256,21.48643414783299,0.4607843137254902,-0.6639615804670057
head,Cantonese,0.8571428571428571,0.4666666666666667,0,0.14285714285714285,0,0,0.2,0.3333333333333333,1,0,0.35294117647058826,0.0588235294117647,0.5882352941176471,0,nouns,body_parts,1.1138639720791474,0.6346811315624371,-6.08879044548711,0.3001215776820346,20.287746361036096,0.4607843137254902,0.10783502640046617
hedgehog,Russian,1,0.4444444444444444,0,0,0,0,0.1111111111111111,0.4444444444444444,1,0,0.625,0.125,0.125,0.125,nouns,animals,0.7557727875980179,0.7630145235139818,-7.29415458812965,0.3000247795274172,24.311840507370786,0.2847222222222222,-0.28001449348072294
helicopter,Japanese,1,0.125,0,0,0,0,0.375,0.5,1,0,0.2307692307692308,0.3076923076923077,0.4615384615384616,0,nouns,vehicles,0.4091297515313412,0.4457930132533976,-8.330625111933582,0.2998828774523191,27.779595763209713,0.48076923076923084,-0.8937229323416674
helicopter,Russian,1,0.125,0,0,0,0,0.375,0.5,1,0,0.2307692307692308,0.3076923076923077,0.4615384615384616,0,nouns,vehicles,1.920335316854886,0.456267128094956,-8.387932530567666,0.2996059478546986,27.996548768903622,0.48076923076923084,0.6524998149864212
helicopter,Mandarin (Taiwanese),1,0.125,0,0,0,0,0.375,0.5,1,0,0.2307692307692308,0.3076923076923077,0.4615384615384616,0,nouns,vehicles,2.416515971848039,0.40108810459723165,-9.129096627419187,0.2993584652006388,30.495535248353843,0.48076923076923084,0.8823268217775543
hen,Spanish (Mexican),0.75,0.5454545454545454,0,0.25,0,0,0.09090909090909093,0.3636363636363637,1,0,1,0,0,0,nouns,animals,0.05621575457957951,0.7120333946562902,-7.100554738498701,0.2996650725991991,23.69496944342147,0.18181818181818185,-2.8785582307702717
hippopotamus,Japanese,0.75,0.4166666666666667,0.3333333333333333,0,0.25,0,0.08333333333333333,0.5,0.6666666666666666,0,0.4444444444444444,0,0.4444444444444444,0.1111111111111111,nouns,animals,0.1788433511671452,0.7432945677399805,-8.377359290953146,0.29996552818634875,27.927740036011222,0.4722222222222222,-1.7212449894383886
hippopotamus,Mandarin (Taiwanese),0.75,0.4166666666666667,0.3333333333333333,0,0.25,0,0.08333333333333333,0.5,0.6666666666666666,0,0.4444444444444444,0,0.4444444444444444,0.1111111111111111,nouns,animals,1.1803889246538597,0.7132981588808406,-5.85881063441043,0.2058253577304208,28.464960289703427,0.4722222222222222,0.16584398133664816
hippopotamus,Korean,0.75,0.4166666666666667,0.3333333333333333,0,0.25,0,0.08333333333333333,0.5,0.6666666666666666,0,0.4444444444444444,0,0.4444444444444444,0.1111111111111111,nouns,animals,0.07153760217390573,0.7957254284672582,-7.485514239644721,0.29986884209195425,24.96262761887513,0.4722222222222222,-2.6375320629913475
horse,Catalan,0.875,0.4,0,0.125,0,0.125,0.2,0.4,0.875,0,0.42857142857142855,0,0.42857142857142855,0.14285714285714285,nouns,animals,0.6642929854694474,0.7904934045795413,-6.169784254259865,0.30023278880727966,20.55000147975266,0.41428571428571426,-0.40903198364796867
horse,Spanish (Mexican),0.875,0.4,0,0.125,0,0.125,0.2,0.4,0.875,0,0.42857142857142855,0,0.42857142857142855,0.14285714285714285,nouns,animals,0.6621073505238987,0.8065931719941691,-6.152375256334097,0.2999359481730343,20.51229702144528,0.41428571428571426,-0.41232757527955466
horse,French (French),0.875,0.4,0,0.125,0,0.125,0.2,0.4,0.875,0,0.42857142857142855,0,0.42857142857142855,0.14285714285714285,nouns,animals,0.45433462331839153,0.8288148419715677,-6.684232798681213,0.2996624316158729,22.305875189751863,0.41428571428571426,-0.7889212966656138
horse,Cantonese,0.875,0.4,0,0.125,0,0.125,0.2,0.4,0.875,0,0.42857142857142855,0,0.42857142857142855,0.14285714285714285,nouns,animals,0.34597817040313816,0.8866136607936731,-6.5234910672801805,0.29994538202482174,21.74892983263311,0.41428571428571426,-1.0613795972351638
horse,English (American),0.875,0.4,0,0.125,0,0.125,0.2,0.4,0.875,0,0.42857142857142855,0,0.42857142857142855,0.14285714285714285,nouns,animals,0.3345232228885724,0.8503216679994073,-6.437797751130247,0.3005083110330751,21.42302729997267,0.41428571428571426,-1.095048976147853
horse,English (Australian),0.875,0.4,0,0.125,0,0.125,0.2,0.4,0.875,0,0.42857142857142855,0,0.42857142857142855,0.14285714285714285,nouns,animals,0.7163908585606054,0.7954134255908423,-6.366429924742715,0.30017921599627745,21.208763250356633,0.41428571428571426,-0.33352936912182074
horse,Japanese,0.875,0.4,0,0.125,0,0.125,0.2,0.4,0.875,0,0.42857142857142855,0,0.42857142857142855,0.14285714285714285,nouns,animals,0.05183777831623328,0.810472338107919,-7.585350260542131,0.2999885068288842,25.28546956923544,0.41428571428571426,-2.959636084410628
horse,Turkish,0.875,0.4,0,0.125,0,0.125,0.2,0.4,0.875,0,0.42857142857142855,0,0.42857142857142855,0.14285714285714285,nouns,animals,1.182141094349072,0.8481226121632371,-5.1589170759284135,0.23144860146258783,22.289687832753305,0.41428571428571426,0.16732728102162642
horse,Korean,0.875,0.4,0,0.125,0,0.125,0.2,0.4,0.875,0,0.42857142857142855,0,0.42857142857142855,0.14285714285714285,nouns,animals,1.1607015801091622,0.8648017748984381,-7.104098451282441,0.29985703461816493,23.691618441864243,0.41428571428571426,0.14902463273308497
horse,Mandarin (Beijing),0.875,0.4,0,0.125,0,0.125,0.2,0.4,0.875,0,0.42857142857142855,0,0.42857142857142855,0.14285714285714285,nouns,animals,0.25972811660279277,0.8416849385726499,-5.228367222526781,0.30024363781006524,17.413748583189822,0.41428571428571426,-1.3481199004718065
horse,Spanish (European),0.875,0.4,0,0.125,0,0.125,0.2,0.4,0.875,0,0.42857142857142855,0,0.42857142857142855,0.14285714285714285,nouns,animals,0.5237049922171136,0.814940595943823,-6.585603670321962,0.3000907146982506,21.945376340430812,0.41428571428571426,-0.6468267451526443
hot dog,Korean,1,0.4,0,0,0,0.125,0.2,0.3,0.875,0.1,0.5454545454545454,0.09090909090909093,0.3636363636363637,0,nouns,food_drink,0.9209480262850231,0.7365171315262474,-9.745881631984933,0.29977638261855594,32.51050515338919,0.33181818181818185,-0.0823516761486738
house,Mandarin (Beijing),1,0.2222222222222222,0,0,0,0,0.1111111111111111,0.6666666666666666,1,0,0.25,0.375,0.375,0,nouns,outside,0.947871680428788,0.8416849385726499,-6.321996972979379,0.3004038873450133,21.044990558722624,0.5208333333333333,-0.05353614408634383
house,Mandarin (Beijing),1,0.2222222222222222,0,0,0,0,0.1111111111111111,0.6666666666666666,1,0,0.25,0.375,0.375,0,nouns,furniture_rooms,0.947871680428788,0.8416849385726499,-6.321996972979379,0.3004038873450133,21.044990558722624,0.5208333333333333,-0.05353614408634383
ice,English (American),0.18181818181818185,0.2727272727272727,0.1111111111111111,0.7272727272727273,0.09090909090909093,0.1111111111111111,0.7272727272727273,0,0.7777777777777778,0,0.2,0.6,0.2,0,nouns,food_drink,0.0111116436632168,0.7495393053495467,-6.180519035574105,0.2600641763120032,23.76536100904277,0.1,-4.499761741789344
ice,English (Australian),0.18181818181818185,0.2727272727272727,0.1111111111111111,0.7272727272727273,0.09090909090909093,0.1111111111111111,0.7272727272727273,0,0.7777777777777778,0,0.2,0.6,0.2,0,nouns,food_drink,0.3247881447677208,0.6634719486560021,-7.627797193118263,0.2999303160242878,25.43189796292742,0.1,-1.124582171460141
ice cream,Cantonese,0.5,0.2727272727272727,0.42857142857142855,0.5,0,0.5714285714285714,0.5454545454545454,0.18181818181818185,0,0,0.25,0.65,0,0.1,nouns,food_drink,0.29195887154865363,0.8866136607936731,-6.734436312753768,0.30021707309469753,22.43188984335186,0.09090909090909093,-1.2311423374950445
ice cream,Japanese,0.5,0.2727272727272727,0.42857142857142855,0.5,0,0.5714285714285714,0.5454545454545454,0.18181818181818185,0,0,0.25,0.65,0,0.1,nouns,food_drink,0.7225968148758748,0.810472338107919,-7.245758891072821,0.30005155770622616,24.148379520052295,0.09090909090909093,-0.32490386814452443
ice cream,Korean,0.5,0.2727272727272727,0.42857142857142855,0.5,0,0.5714285714285714,0.5454545454545454,0.18181818181818185,0,0,0.25,0.65,0,0.1,nouns,food_drink,0.465234110380426,0.8648017748984381,-6.70714583184134,0.30007025426429695,22.351918380866223,0.09090909090909093,-0.7652145369061352
ice cream,Spanish (Mexican),0.5,0.2727272727272727,0.42857142857142855,0.5,0,0.5714285714285714,0.5454545454545454,0.18181818181818185,0,0,0.25,0.65,0,0.1,nouns,food_drink,0.5191803468849274,0.8065931719941691,-7.448253122497929,0.29979305330332373,24.844648801658384,0.09090909090909093,-0.6555039669956535
insect,Catalan,0.6666666666666666,0.8888888888888888,0.2222222222222222,0.16666666666666666,0.16666666666666666,0.1111111111111111,0.1111111111111111,0,0.6666666666666666,0,0.8181818181818182,0,0.18181818181818185,0,nouns,animals,0.3832885978203028,0.6833954131953186,-7.577022284207961,0.29996969604962337,25.259292468511585,0.09090909090909093,-0.9589670544414226
iron (object),Turkish,0.6666666666666666,0.09090909090909093,0,0.3333333333333333,0,0,0.7272727272727273,0.18181818181818185,1,0,0.2222222222222222,0.7777777777777778,0,0,nouns,household,1.0255860768318683,0.4385200056293313,-5.9411070562366755,0.2302077334205324,25.80759111764394,0.09090909090909093,0.02526423146016514
jar,French (French),0.75,0.2222222222222222,0,0.25,0,0,0.4444444444444444,0.3333333333333333,1,0,0.1111111111111111,0.3333333333333333,0.5555555555555556,0,nouns,furniture_rooms,0.11406807346436564,0.8288148419715677,-6.324274769288286,0.29996259710406675,21.083544516365787,0.4444444444444444,-2.170959873149863
jar,French (French),0.75,0.2222222222222222,0,0.25,0,0,0.4444444444444444,0.3333333333333333,1,0,0.1111111111111111,0.3333333333333333,0.5555555555555556,0,nouns,household,0.11406807346436564,0.8288148419715677,-6.324274769288286,0.29996259710406675,21.083544516365787,0.4444444444444444,-2.170959873149863
juice,Mandarin (Beijing),0,0.3333333333333333,0,0.6666666666666666,0.3333333333333333,1,0.5833333333333334,0.08333333333333333,0,0,0.42857142857142855,0.5,0,0.07142857142857142,nouns,food_drink,0.24583561783280283,0.7307412356920582,-6.953691205896985,0.3002422727422873,23.160267014983862,0.041666666666666664,-1.4030921866002524
juice,English (Australian),0,0.3333333333333333,0,0.6666666666666666,0.3333333333333333,1,0.5833333333333334,0.08333333333333333,0,0,0.42857142857142855,0.5,0,0.07142857142857142,nouns,food_drink,0.7699416448582328,0.6634719486560021,-5.868767178735572,0.3001600209219508,19.552128097237837,0.041666666666666664,-0.2614405529047028
juice,Catalan,0,0.3333333333333333,0,0.6666666666666666,0.3333333333333333,1,0.5833333333333334,0.08333333333333333,0,0,0.42857142857142855,0.5,0,0.07142857142857142,nouns,food_drink,0.3832885978203028,0.6833954131953186,-6.553183582175983,0.3002235904954319,21.827677070152465,0.041666666666666664,-0.9589670544414226
juice,English (American),0,0.3333333333333333,0,0.6666666666666666,0.3333333333333333,1,0.5833333333333334,0.08333333333333333,0,0,0.42857142857142855,0.5,0,0.07142857142857142,nouns,food_drink,0.37853769494078937,0.7495393053495467,-5.428733023422689,0.27652701078499387,19.631836354834988,0.041666666666666664,-0.971439620731085
juice,Mandarin (Taiwanese),0,0.3333333333333333,0,0.6666666666666666,0.3333333333333333,1,0.5833333333333334,0.08333333333333333,0,0,0.42857142857142855,0.5,0,0.07142857142857142,nouns,food_drink,0.5025899480090619,0.6730129905861812,-7.7048927790172606,0.2999622142263507,25.68621117459537,0.041666666666666664,-0.6879806540546176
juice,Japanese,0,0.3333333333333333,0,0.6666666666666666,0.3333333333333333,1,0.5833333333333334,0.08333333333333333,0,0,0.42857142857142855,0.5,0,0.07142857142857142,nouns,food_drink,0.8646792912701655,0.704907270386873,-6.583686039076626,0.30003089522848364,21.943360313153505,0.041666666666666664,-0.14539660233669097
ketchup,Mandarin (Taiwanese),0,0.125,0,1,0,1,0.75,0,0,0.125,0,0.75,0.125,0.125,nouns,food_drink,1.937210519239737,0.7837972033964946,-9.594518271771474,0.29979118875004385,32.00400355919423,0.0625,0.6612490616580132
ketchup,Turkish,0,0.125,0,1,0,1,0.75,0,0,0.125,0,0.75,0.125,0.125,nouns,food_drink,0.5128240616676883,0.8481226121632371,-8.98264532390859,0.2994120634824621,30.00094658655844,0.0625,-0.667822452347608
key,English (Australian),1,0,0,0,0,0,0.25,0.75,1,0,0.06666666666666667,0.3333333333333333,0.6,0,nouns,household,0.03834668645099436,0.6634719486560021,-5.823234129222191,0.30013872847305684,19.401808486521052,0.675,-3.261087157744202
key,Cantonese,1,0,0,0,0,0,0.25,0.75,1,0,0.06666666666666667,0.3333333333333333,0.6,0,nouns,household,0.08809883005156065,0.7757633479319289,-6.889703520386644,0.3001236912237641,22.956213460835613,0.675,-2.4292960259061527
kitchen,Spanish (Mexican),0.5833333333333334,0.5833333333333334,0,0.08333333333333333,0.3333333333333333,0.2,0.25,0.16666666666666666,0.8,0,0.75,0.25,0,0,nouns,furniture_rooms,0.4838522800216654,0.7782252387928051,-7.305125786552115,0.2998841187279276,24.359828781662667,0.08333333333333333,-0.7259756254173155
kitchen,French (French),0.5833333333333334,0.5833333333333334,0,0.08333333333333333,0.3333333333333333,0.2,0.25,0.16666666666666666,0.8,0,0.75,0.25,0,0,nouns,furniture_rooms,0.05576293201822734,0.8002131837295842,-7.302814761127308,0.2998130747374104,24.357892888838943,0.08333333333333333,-2.8866459310889945
kitchen,Mandarin (Beijing),0.5833333333333334,0.5833333333333334,0,0.08333333333333333,0.3333333333333333,0.2,0.25,0.16666666666666666,0.8,0,0.75,0.25,0,0,nouns,furniture_rooms,0.6309692645375264,0.8114275650597611,-6.952133468614214,0.3003133219505213,23.14960063529791,0.08333333333333333,-0.46049812675953994
kitchen,Spanish (European),0.5833333333333334,0.5833333333333334,0,0.08333333333333333,0.3333333333333333,0.2,0.25,0.16666666666666666,0.8,0,0.75,0.25,0,0,nouns,household,0.3343562283980608,0.7879189135504359,-7.1995509565161155,0.30010716867200443,23.989933290746237,0.08333333333333333,-1.095548302278025
kitchen,English (Australian),0.5833333333333334,0.5833333333333334,0,0.08333333333333333,0.3333333333333333,0.2,0.25,0.16666666666666666,0.8,0,0.75,0.25,0,0,nouns,furniture_rooms,0.20002970963171565,0.7594293864267947,-7.482492983397379,0.300184974408127,24.92627420193355,0.08333333333333333,-1.6092893753077073
kite,Turkish,0.6666666666666666,0.16666666666666666,0.125,0.3333333333333333,0,0.25,0.25,0.5833333333333334,0.625,0,0.3636363636363637,0.2727272727272727,0.3636363636363637,0,nouns,toys,2.228989127871812,0.8481226121632371,-8.584244963403922,0.29941819000608316,28.669751036934393,0.4734848484848485,0.8015481768107741
kite,Mandarin (Taiwanese),0.6666666666666666,0.16666666666666666,0.125,0.3333333333333333,0,0.25,0.25,0.5833333333333334,0.625,0,0.3636363636363637,0.2727272727272727,0.3636363636363637,0,nouns,outside,0.42083056337914165,0.7837972033964946,-8.786055146583818,0.299737431720509,29.31250560249145,0.4734848484848485,-0.8655249885917601
kitty,English (American),0.8,0.5,0.16666666666666666,0.2,0,0,0.375,0.125,0.8333333333333334,0,1,0,0,0,nouns,animals,0.26219704045169734,0.8228355690948997,-4.222970829899038,0.2144339533222887,19.693573543141373,0.0625,-1.3386589950858159
kitty,French (French),0.8,0.5,0.16666666666666666,0.2,0,0,0.375,0.125,0.8333333333333334,0,1,0,0,0,nouns,animals,0.2844455128101393,0.8002131837295842,-7.82509476335812,0.2996664143163424,26.11268527108804,0.0625,-1.257213562878656
knee,Mandarin (Taiwanese),0.8,0.6,0,0.2,0,0,0.1,0.3,1,0,0.5833333333333334,0.08333333333333333,0.3333333333333333,0,nouns,body_parts,0.569160933997297,0.7837972033964946,-6.118385161498001,0.1960384430296852,31.210129334538337,0.31666666666666665,-0.5635920482959131
knee,Catalan,0.8,0.6,0,0.2,0,0,0.1,0.3,1,0,0.5833333333333334,0.08333333333333333,0.3333333333333333,0,nouns,body_parts,0.0497228976942063,0.7904934045795413,-8.286381345110115,0.30004322950766726,27.617291543978553,0.31666666666666665,-3.0012897337843087
knife,Japanese,0.8333333333333334,0.26666666666666666,0,0,0.16666666666666666,0,0.3333333333333333,0.4,1,0,0.3076923076923077,0.15384615384615383,0.5384615384615384,0,nouns,household,0.5785246671966158,0.7145040947251505,-9.26145567758326,0.29991468932755505,30.880300322563595,0.46923076923076923,-0.5472740933324559
knife,Cantonese,0.8333333333333334,0.26666666666666666,0,0,0.16666666666666666,0,0.3333333333333333,0.4,1,0,0.3076923076923077,0.15384615384615383,0.5384615384615384,0,nouns,household,0.12506925807886657,0.785840649101179,-7.3862132937807585,0.30008314665363384,24.613889104229425,0.46923076923076923,-2.0788876304860375
ladder,Mandarin (Beijing),0.8,0,0,0,0.2,0,0.25,0.75,1,0,0.18181818181818185,0.3636363636363637,0.4545454545454546,0,nouns,outside,0.3282163447512851,0.8416849385726499,-7.505659993786653,0.29992293149890814,25.025295519339032,0.6022727272727273,-1.1140823003739693
lamp,Mandarin (Taiwanese),1,0.25,0,0,0,0,0.3125,0.4375,1,0,0.5,0.25,0.25,0,nouns,household,0.4308785416624639,0.7535833271754999,-7.293334184803491,0.2998485213632782,24.323395531997075,0.34375,-0.8419290344806845
lamp,Russian,1,0.25,0,0,0,0,0.3125,0.4375,1,0,0.5,0.25,0.25,0,nouns,household,3.083768279632724,0.8025948326003077,-7.440733310799682,0.29987446730889733,24.812827105867154,0.34375,1.1261523165723482
leaf,Mandarin (Beijing),0.5714285714285714,0.4,0,0.42857142857142855,0,0.5,0.2,0.4,0.5,0,0.375,0.5,0.125,0,nouns,outside,0.00943749360486143,0.8416849385726499,-6.340154818097433,0.3000027669087034,21.13365447734975,0.2625,-4.663064842037801
leaf,Spanish (Mexican),0.5714285714285714,0.4,0,0.42857142857142855,0,0.5,0.2,0.4,0.5,0,0.375,0.5,0.125,0,nouns,outside,0.186890960993071,0.8065931719941691,-7.772374410869807,0.29954152367546927,25.947569190075264,0.2625,-1.6772299284880456
leaf,Japanese,0.5714285714285714,0.4,0,0.42857142857142855,0,0.5,0.2,0.4,0.5,0,0.375,0.5,0.125,0,nouns,outside,0.4406310147142304,0.810472338107919,-6.533653700245222,0.2999581751949758,21.78188241076704,0.2625,-0.8195474550934954
leg,Russian,1,0.25,0.16666666666666666,0,0,0,0,0.75,0.8333333333333334,0,0.35294117647058826,0.29411764705882354,0.35294117647058826,0,nouns,body_parts,0.6588752812210189,0.6640637507981673,-6.618065965868007,0.30010491069746026,22.052508072884443,0.5514705882352942,-0.41722101698687025
leg,Japanese,1,0.25,0.16666666666666666,0,0,0,0,0.75,0.8333333333333334,0,0.35294117647058826,0.29411764705882354,0.35294117647058826,0,nouns,body_parts,1.2133451127750965,0.647326324357212,-6.3481778436989575,0.3000497099975268,21.1570870831746,0.5514705882352942,0.19338110126453753
leg,English (American),1,0.25,0.16666666666666666,0,0,0,0,0.75,0.8333333333333334,0,0.35294117647058826,0.29411764705882354,0.35294117647058826,0,nouns,body_parts,0.1481124576292013,0.6945671075405323,-8.066887493762765,0.3489451059470925,23.11792702140914,0.5514705882352942,-1.909783444911047
leg,Mandarin (Beijing),1,0.25,0.16666666666666666,0,0,0,0,0.75,0.8333333333333334,0,0.35294117647058826,0.29411764705882354,0.35294117647058826,0,nouns,body_parts,0.07653695314356486,0.6702264886662813,-5.754900404081012,0.3005277326457833,19.149315616951796,0.5514705882352942,-2.5699816071512966
leg,English (Australian),1,0.25,0.16666666666666666,0,0,0,0,0.75,0.8333333333333334,0,0.35294117647058826,0.29411764705882354,0.35294117647058826,0,nouns,body_parts,0.4906754969442184,0.5915038703279082,-6.83543750781648,0.3002545827566481,22.765472703397503,0.5514705882352942,-0.7119722720337845
leg,Korean,1,0.25,0.16666666666666666,0,0,0,0,0.75,0.8333333333333334,0,0.35294117647058826,0.29411764705882354,0.35294117647058826,0,nouns,body_parts,0.6633679798554457,0.6970449335655733,-6.959897621580619,0.30001718634288466,23.19832975710354,0.5514705882352942,-0.41042542035783874
leg,Catalan,1,0.25,0.16666666666666666,0,0,0,0,0.75,0.8333333333333334,0,0.35294117647058826,0.29411764705882354,0.35294117647058826,0,nouns,body_parts,2.5770931797777052,0.6249783269857432,-6.710163435946101,0.3003250255333834,22.343004629829675,0.5514705882352942,0.9466620892539058
leg,Cantonese,1,0.25,0.16666666666666666,0,0,0,0,0.75,0.8333333333333334,0,0.35294117647058826,0.29411764705882354,0.35294117647058826,0,nouns,body_parts,0.8912182660328984,0.7152995409164327,-5.851316900349845,0.30006910095260797,19.499898129377826,0.5514705882352942,-0.1151659140217401
light,Japanese,0.2,0.6,0,0.8,0,1,0,0,0,0.4,0.5714285714285714,0,0,0.42857142857142855,nouns,furniture_rooms,0.5268452673991674,0.05232321538404538,-8.433505544011428,0.29995993560009243,28.11543990746486,0,-0.6408483838009619
light (object),Cantonese,0.25,0.3,0,0.75,0,1,0.4,0.2,0,0.1,0.5555555555555556,0.3333333333333333,0.1111111111111111,0,nouns,household,0.4978416900685103,0.0905068684229673,-6.025332415022522,0.2999870659552058,20.085307330957484,0.15555555555555556,-0.6974731439243692
light (object),English (Australian),0.25,0.3,0,0.75,0,1,0.4,0.2,0,0.1,0.5555555555555556,0.3333333333333333,0.1111111111111111,0,nouns,household,0.5336172800184007,-0.15216627239573416,-6.385008551486352,0.3000763885846927,21.277943864897804,0.15555555555555556,-0.6280764010624884
light (object),Spanish (Mexican),0.25,0.3,0,0.75,0,1,0.4,0.2,0,0.1,0.5555555555555556,0.3333333333333333,0.1111111111111111,0,nouns,household,0.05404337645058245,0.05957093102492283,-6.258312262100682,0.3000157556415589,20.85994533426352,0.15555555555555556,-2.917968287261243
light (object),French (French),0.25,0.3,0,0.75,0,1,0.4,0.2,0,0.1,0.5555555555555556,0.3333333333333333,0.1111111111111111,0,nouns,household,0.00856658208899098,0.07563784159934075,-7.064747440213143,0.2997548857778786,23.5684146461192,0.15555555555555556,-4.75988644867824
light (object),English (American),0.25,0.3,0,0.75,0,1,0.4,0.2,0,0.1,0.5555555555555556,0.3333333333333333,0.1111111111111111,0,nouns,household,0.1835766395401558,0.1265210635140466,-6.415424826292233,0.2995110491340956,21.419659958587875,0.15555555555555556,-1.6951230445109515
lion,Mandarin (Taiwanese),1,0.3333333333333333,0.07692307692307693,0,0,0,0.2222222222222222,0.3333333333333333,0.9230769230769232,0.1111111111111111,0.875,0,0.125,0,nouns,animals,0.33152316347829996,0.7435120351018353,-7.758395067659894,0.29973748790747445,25.883966406146776,0.22916666666666666,-1.1040575970513433
lion,English (Australian),1,0.3333333333333333,0.07692307692307693,0,0,0,0.2222222222222222,0.3333333333333333,0.9230769230769232,0.1111111111111111,0.875,0,0.125,0,nouns,animals,0.2319656244724903,0.747434706705446,-6.876331789489285,0.30015366156366446,22.909371665388704,0.22916666666666666,-1.461166088671339
lion,French (French),1,0.3333333333333333,0.07692307692307693,0,0,0,0.2222222222222222,0.3333333333333333,0.9230769230769232,0.1111111111111111,0.875,0,0.125,0,nouns,animals,0.07135045818373643,0.7906792976489233,-6.990517740029701,0.29965228371980324,23.32876510484514,0.22916666666666666,-2.6401515134438003
lion,Cantonese,1,0.3333333333333333,0.07692307692307693,0,0,0,0.2222222222222222,0.3333333333333333,0.9230769230769232,0.1111111111111111,0.875,0,0.125,0,nouns,animals,0.12283310895654088,0.8463044561166753,-7.993248381997146,0.29990929193586346,26.652219844213853,0.22916666666666666,-2.0969286826992604
lion,Japanese,1,0.3333333333333333,0.07692307692307693,0,0,0,0.2222222222222222,0.3333333333333333,0.9230769230769232,0.1111111111111111,0.875,0,0.125,0,nouns,animals,0.7796027442910927,0.7720850407548114,-7.295868267679186,0.2999888449601613,24.320465211458384,0.22916666666666666,-0.24897079122781987
lion,Mandarin (Beijing),1,0.3333333333333333,0.07692307692307693,0,0,0,0.2222222222222222,0.3333333333333333,0.9230769230769232,0.1111111111111111,0.875,0,0.125,0,nouns,animals,0.2387359415929411,0.8013417738887985,-6.661091677500824,0.3000690316682122,22.198530919598618,0.22916666666666666,-1.4323971847353432
lion,Korean,1,0.3333333333333333,0.07692307692307693,0,0,0,0.2222222222222222,0.3333333333333333,0.9230769230769232,0.1111111111111111,0.875,0,0.125,0,nouns,animals,0.980071465192561,0.825329576937764,-6.91513131181867,0.29990945348630904,23.057396929084625,0.22916666666666666,-0.020129786310442085
liver (food),Mandarin (Beijing),0.7142857142857143,0.375,0,0.2857142857142857,0,0.16666666666666666,0.625,0,0.8333333333333334,0,0.38461538461538464,0.5384615384615384,0.07692307692307693,0,nouns,food_drink,1.168796388870817,0.518939621101838,-7.109359179206641,0.2997373090752365,23.718632829329017,0.038461538461538464,0.1559744918455561
living room,Mandarin (Taiwanese),0.5,0.875,0,0.5,0,0.25,0,0.125,0.75,0,0.8888888888888888,0,0.1111111111111111,0,nouns,furniture_rooms,0.31905047779269774,0.4816584411865502,-8.437375394410312,0.299888501472247,28.135041367003343,0.11805555555555555,-1.1424059511208764
lollipop,Catalan,1,0.3333333333333333,0,0,0,0.1,0.4444444444444444,0.2222222222222222,0.9,0,0.7777777777777778,0,0.2222222222222222,0,nouns,food_drink,2.788098365757235,0.751548680439824,-7.214908865303249,0.30007669358782657,24.043549597401793,0.2222222222222222,1.0253597741113383
lollipop,Russian,1,0.3333333333333333,0,0,0,0.1,0.4444444444444444,0.2222222222222222,0.9,0,0.7777777777777778,0,0.2222222222222222,0,nouns,food_drink,2.802689629100235,0.7926997553287265,-8.735388832587681,0.2997888935893289,29.13846716601185,0.2222222222222222,1.0305795379391887
marker,Russian,0.6666666666666666,0,0.2,0,0.3333333333333333,0,0.375,0.25,0.8,0.375,0.3333333333333333,0.25,0.16666666666666666,0.25,nouns,toys,0.2572823464875333,0.456267128094956,-8.715870027471293,0.2997298226216496,29.07908846452486,0.20833333333333331,-1.3575811726680245
matches,Spanish (Mexican),0.5,0.2,0,0.5,0,0.3333333333333333,0.6,0.2,0.6666666666666666,0,0.2857142857142857,0.2857142857142857,0.2857142857142857,0.14285714285714285,nouns,household,0.2196724955084311,0.8065931719941691,-7.981358172127278,0.2993543672625984,26.661906572840824,0.24285714285714285,-1.5156174985600377
meat,Mandarin (Taiwanese),0.14285714285714285,0.3333333333333333,0.2857142857142857,0.5714285714285714,0.2857142857142857,0,0.6666666666666666,0,0.7142857142857143,0,0.4705882352941176,0.5294117647058824,0,0,nouns,food_drink,0.3827472201278528,0.6830842826598468,-6.76851439347154,0.30005145192265126,22.55784582977576,0,-0.9603805073633308
meat,Korean,0.14285714285714285,0.3333333333333333,0.2857142857142857,0.5714285714285714,0.2857142857142857,0,0.6666666666666666,0,0.7142857142857143,0,0.4705882352941176,0.5294117647058824,0,0,nouns,food_drink,0.5087525996397503,0.7661212799967533,-6.486776020004257,0.3000272970280124,21.620619471163025,0,-0.6757934323813846
meat,Turkish,0.14285714285714285,0.3333333333333333,0.2857142857142857,0.5714285714285714,0.2857142857142857,0,0.6666666666666666,0,0.7142857142857143,0,0.4705882352941176,0.5294117647058824,0,0,nouns,food_drink,1.7056144204292207,0.7482195373988703,-6.9778923254917,0.2997726492145978,23.27728144570136,0,0.5339254097081152
meat,Mandarin (Beijing),0.14285714285714285,0.3333333333333333,0.2857142857142857,0.5714285714285714,0.2857142857142857,0,0.6666666666666666,0,0.7142857142857143,0,0.4705882352941176,0.5294117647058824,0,0,nouns,food_drink,0.12192490659307728,0.7408270268630217,-4.719374177239071,0.30016355588220395,15.722675470606232,0,-2.1043499434877924
medicine,Korean,0.16666666666666666,0.25,0.2857142857142857,0.3333333333333333,0.5,0.42857142857142855,0.75,0,0.2857142857142857,0,0.4545454545454546,0.3636363636363637,0.18181818181818185,0,nouns,household,0.08540119119923828,0.6575727356048992,-6.74441164561573,0.3000000605871531,22.481367611778893,0.09090909090909093,-2.4603952298160596
medicine,Mandarin (Beijing),0.16666666666666666,0.25,0.2857142857142857,0.3333333333333333,0.5,0.42857142857142855,0.75,0,0.2857142857142857,0,0.4545454545454546,0.3636363636363637,0.18181818181818185,0,nouns,household,0.1033334393737984,0.6298833239824299,-5.260430454023641,0.3002649426820751,17.51929614904615,0.09090909090909093,-2.2697942439735326
medicine,Catalan,0.16666666666666666,0.25,0.2857142857142857,0.3333333333333333,0.5,0.42857142857142855,0.75,0,0.2857142857142857,0,0.4545454545454546,0.3636363636363637,0.18181818181818185,0,nouns,household,0.8992474234824356,0.5860336028460259,-8.679811520149874,0.2999887194421402,28.93379303158757,0.09090909090909093,-0.1061970615954563
melon,Mandarin (Taiwanese),0.6666666666666666,0.5454545454545454,0,0.3333333333333333,0,0.14285714285714285,0.18181818181818185,0.2727272727272727,0.8571428571428571,0,0.4545454545454546,0.2727272727272727,0.18181818181818185,0.09090909090909093,nouns,food_drink,0.12406273819580724,0.5622287777758689,-7.184564566390004,0.30003913735754956,23.945424685808,0.2272727272727273,-2.0869678881362663
milk,Turkish,0,0.1,0,0.8333333333333334,0.16666666666666666,1,0.8,0,0,0.1,0.4,0.6,0,0,nouns,food_drink,0.4415449170611838,0.7682001523517432,-5.792041771770134,0.2998496353439766,19.316487629293647,0,-0.8174755267150956
milk,English (American),0,0.1,0,0.8333333333333334,0.16666666666666666,1,0.8,0,0,0.1,0.4,0.6,0,0,nouns,food_drink,0.3828186354279331,0.7770254042540543,-5.612207516408483,0.3001294308451075,18.699290837974708,0,-0.9601939386971103
milk,Spanish (European),0,0.1,0,0.8333333333333334,0.16666666666666666,1,0.8,0,0,0.1,0.4,0.6,0,0,nouns,food_drink,0.24266153362304316,0.7428827762281245,-6.428156086358135,0.3000707210391966,21.422136968566356,0,-1.4160876723295759
milk,French (French),0,0.1,0,0.8333333333333334,0.16666666666666666,1,0.8,0,0,0.1,0.4,0.6,0,0,nouns,food_drink,0.19135554108587172,0.7525437533262789,-6.566624087719676,0.2996541211884542,21.914012267463153,0,-1.6536221096730372
milk,English (Australian),0,0.1,0,0.8333333333333334,0.16666666666666666,1,0.8,0,0,0.1,0.4,0.6,0,0,nouns,food_drink,0.7748693294287807,0.6994559878200496,-5.638712438676821,0.3001692754290168,18.785108604528876,0,-0.2550608710332501
milk,Mandarin (Beijing),0,0.1,0,0.8333333333333334,0.16666666666666666,1,0.8,0,0,0.1,0.4,0.6,0,0,nouns,food_drink,0.3116026440645379,0.760998609204947,-5.4797687790138365,0.30015275922097245,18.256599716878267,0,-1.1660264795769433
milk,Japanese,0,0.1,0,0.8333333333333334,0.16666666666666666,1,0.8,0,0,0.1,0.4,0.6,0,0,nouns,food_drink,0.7421633977425899,0.7336977434017038,-6.3425975308423475,0.30002873545072045,21.139966881219333,0,-0.2981858474668987
milk,Catalan,0,0.1,0,0.8333333333333334,0.16666666666666666,1,0.8,0,0,0.1,0.4,0.6,0,0,nouns,food_drink,0.14552712764791195,0.7126039563001068,-6.442881955164348,0.300158665000712,21.46492074499687,0,-1.9273927654336251
mirror,Mandarin (Beijing),0.8333333333333334,0.25,0,0.16666666666666666,0,0,0.625,0.125,1,0,0.2727272727272727,0.4545454545454546,0.2727272727272727,0,nouns,furniture_rooms,0.27654781397593775,0.8114275650597611,-6.4127745952686706,0.30015713829169133,21.364724596477082,0.19886363636363635,-1.2853715471977587
mirror,Mandarin (Beijing),0.8333333333333334,0.25,0,0.16666666666666666,0,0,0.625,0.125,1,0,0.2727272727272727,0.4545454545454546,0.2727272727272727,0,nouns,household,0.27654781397593775,0.8114275650597611,-6.4127745952686706,0.30015713829169133,21.364724596477082,0.19886363636363635,-1.2853715471977587
mold,Russian,0,0.3333333333333333,0,0.5,0.5,0,0.4444444444444444,0.1111111111111111,0,0.1111111111111111,0.2,0.8,0,0,nouns,toys,1.1217464507516888,0.6838539053413298,-8.673449090256343,0.2996988812342731,28.940545438594253,0.05555555555555555,0.11488680184103729
money,Korean,0.5714285714285714,0.4,0.2,0.42857142857142855,0,0,0.6,0,0.8,0,0.6923076923076923,0.3076923076923077,0,0,nouns,household,0.04286139555541558,0.41087149835068615,-7.497905431902531,0.2999405916591443,24.99796839909962,0,-3.1497837286778196
money,Mandarin (Beijing),0.5714285714285714,0.4,0.2,0.42857142857142855,0,0,0.6,0,0.8,0,0.6923076923076923,0.3076923076923077,0,0,nouns,household,0.3370421764557463,0.3777385447083582,-5.854701201526765,0.3003264360470764,19.49445835866756,0,-1.0875472037730451
money,Japanese,0.5714285714285714,0.4,0.2,0.42857142857142855,0,0,0.6,0,0.8,0,0.6923076923076923,0.3076923076923077,0,0,nouns,household,0.7796027442910927,0.3690184185471825,-8.701103186579813,0.30000920523941543,29.0027873632614,0,-0.24897079122781987
money,English (American),0.5714285714285714,0.4,0.2,0.42857142857142855,0,0,0.6,0,0.8,0,0.6923076923076923,0.3076923076923077,0,0,nouns,household,0.03976671184074912,0.4288681514636277,-7.5121733204451395,0.2998798651768696,25.050609236516923,0,-3.2247251025684185
money,Mandarin (Taiwanese),0.5714285714285714,0.4,0.2,0.42857142857142855,0,0,0.6,0,0.8,0,0.6923076923076923,0.3076923076923077,0,0,nouns,household,0.00162538968904965,0.3205177680079131,-6.680404134574133,0.3001113325951107,22.25975299502225,0,-6.4220076833039945
money,Cantonese,0.5714285714285714,0.4,0.2,0.42857142857142855,0,0,0.6,0,0.8,0,0.6923076923076923,0.3076923076923077,0,0,nouns,household,0.8041917344986785,0.4230578070081989,-6.433861795884416,0.30013722611066546,21.4364005400388,0,-0.21791756248936608
money,English (Australian),0.5714285714285714,0.4,0.2,0.42857142857142855,0,0,0.6,0,0.8,0,0.6923076923076923,0.3076923076923077,0,0,nouns,household,0.35948511662358257,0.24365815840878516,-6.999118284966682,0.30009388990157015,23.323094939594977,0,-1.023082502890614
money,Hebrew,0.5714285714285714,0.4,0.2,0.42857142857142855,0,0,0.6,0,0.8,0,0.6923076923076923,0.3076923076923077,0,0,nouns,household,0.10228639957078954,0.3045568317649334,-8.179148194894985,0.29996866760138124,27.266675084092427,0,-2.2799785613848247
monkey,English (Australian),0.8333333333333334,0.7272727272727273,0,0.16666666666666666,0,0,0.09090909090909093,0.18181818181818185,1,0,0.8666666666666667,0.06666666666666667,0.06666666666666667,0,nouns,animals,0.4111211304548362,0.6754666283773519,-6.647420737362176,0.30022714705969816,22.141304683684652,0.12424242424242427,-0.8888673866063891
monkey,Turkish,0.8333333333333334,0.7272727272727273,0,0.16666666666666666,0,0,0.09090909090909093,0.18181818181818185,1,0,0.8666666666666667,0.06666666666666667,0.06666666666666667,0,nouns,animals,0.05159727567496728,0.7482195373988703,-6.06078376070673,0.23121503579258343,26.21275792005019,0.12424242424242427,-2.9642864048851885
monkey,Mandarin (Taiwanese),0.8333333333333334,0.7272727272727273,0,0.16666666666666666,0,0,0.09090909090909093,0.18181818181818185,1,0,0.8666666666666667,0.06666666666666667,0.06666666666666667,0,nouns,animals,0.21776479265207557,0.6830842826598468,-7.24420510554163,0.29997667234940995,24.149228167661143,0.12424242424242427,-1.5243397314486729
monkey,English (American),0.8333333333333334,0.7272727272727273,0,0.16666666666666666,0,0,0.09090909090909093,0.18181818181818185,1,0,0.8666666666666667,0.06666666666666667,0.06666666666666667,0,nouns,animals,0.08241116804566849,0.7587013383177165,-7.26340095429154,0.33445072951684546,21.717402036420733,0.12424242424242427,-2.4960343167158747
monkey,Korean,0.8333333333333334,0.7272727272727273,0,0.16666666666666666,0,0,0.09090909090909093,0.18181818181818185,1,0,0.8666666666666667,0.06666666666666667,0.06666666666666667,0,nouns,animals,1.0371647964322828,0.7661212799967533,-7.547268768836819,0.2998269889566379,25.172079388518068,0.12424242424242427,0.036490833142503135
monkey,Spanish (Mexican),0.8333333333333334,0.7272727272727273,0,0.16666666666666666,0,0,0.09090909090909093,0.18181818181818185,1,0,0.8666666666666667,0.06666666666666667,0.06666666666666667,0,nouns,animals,0.09560968368862238,0.7120333946562902,-7.431180237061756,0.2995825133950294,24.805120141518422,0.12424242424242427,-2.347481170240612
monkey,Cantonese,0.8333333333333334,0.7272727272727273,0,0.16666666666666666,0,0,0.09090909090909093,0.18181818181818185,1,0,0.8666666666666667,0.06666666666666667,0.06666666666666667,0,nouns,animals,0.15751970690472056,0.785840649101179,-7.429320741066075,0.30006626079046955,24.7589339817642,0.12424242424242427,-1.8482047053391295
monkey,Japanese,0.8333333333333334,0.7272727272727273,0,0.16666666666666666,0,0,0.09090909090909093,0.18181818181818185,1,0,0.8666666666666667,0.06666666666666667,0.06666666666666667,0,nouns,animals,0.2233884483081678,0.7145040947251505,-7.63064436171956,0.3000132973432618,25.4343538412863,0.12424242424242427,-1.4988431022418585
moon,Mandarin (Taiwanese),0.7142857142857143,0.2222222222222222,0,0.2857142857142857,0,0,0,0.7777777777777778,1,0,0.25,0,0.6666666666666666,0.08333333333333333,nouns,outside,0.14289945348561553,0.6830842826598468,-7.300114738732027,0.2998895200215574,24.342680391789827,0.7222222222222222,-1.945614018506984
moon,Turkish,0.7142857142857143,0.2222222222222222,0,0.2857142857142857,0,0,0,0.7777777777777778,1,0,0.25,0,0.6666666666666666,0.08333333333333333,nouns,outside,0.875962370602948,0.7482195373988703,-5.207316421945956,0.2086508021633909,24.957087957266488,0.7222222222222222,-0.13243214490108585
moon,English (Australian),0.7142857142857143,0.2222222222222222,0,0.2857142857142857,0,0,0,0.7777777777777778,1,0,0.25,0,0.6666666666666666,0.08333333333333333,nouns,outside,0.10199409770359665,0.6754666283773519,-6.368695105613632,0.3000404088872192,21.226124605127875,0.7222222222222222,-2.282840333023161
moon,Spanish (Mexican),0.7142857142857143,0.2222222222222222,0,0.2857142857142857,0,0,0,0.7777777777777778,1,0,0.25,0,0.6666666666666666,0.08333333333333333,nouns,outside,0.11881805925348889,0.7120333946562902,-6.68608559994625,0.2998677379357652,22.29678206122487,0.7222222222222222,-2.1301618696882807
mosquito,Spanish (Mexican),0.6666666666666666,0.6,0,0.16666666666666666,0.16666666666666666,0.16666666666666666,0.3,0.1,0.8333333333333334,0,0.5,0.125,0.375,0,nouns,animals,0.1354688649497249,0.6931214391887139,-4.36297589924526,0.14917975071289732,29.246435111974343,0.2375,-1.9990134440344334
mosquito,Cantonese,0.6666666666666666,0.6,0,0.16666666666666666,0.16666666666666666,0.16666666666666666,0.3,0.1,0.8333333333333334,0,0.5,0.125,0.375,0,nouns,animals,0.24790773496977345,0.7656860467626797,-7.345620982587297,0.29992301701383656,24.491688086241197,0.2375,-1.394698638452074
motorcycle,Korean,0.8571428571428571,0.15384615384615383,0,0,0.14285714285714285,0,0.3076923076923077,0.5384615384615384,1,0,0.4166666666666667,0.08333333333333333,0.5,0,nouns,vehicles,0.1252524148456194,0.8351976264279324,-7.753012773145235,0.29974492315709755,25.86536809860112,0.5192307692307692,-2.0774242589984775
motorcycle,Mandarin (Taiwanese),0.8571428571428571,0.15384615384615383,0,0,0.14285714285714285,0,0.3076923076923077,0.5384615384615384,1,0,0.4166666666666667,0.08333333333333333,0.5,0,nouns,vehicles,0.9153663304463512,0.7535833271754999,-6.958732226707104,0.29998071542370136,23.197265253796036,0.5192307692307692,-0.08843093268620042
mountain,Mandarin (Beijing),0.5,0.4,0,0.5,0,0,0.3,0.3,1,0,0.25,0.125,0.625,0,nouns,outside,0.06641038264097955,0.8013417738887985,-6.504098612361425,0.3000435960806343,21.67717857445456,0.4625,-2.7119018696484996
mouse,French (French),0.8571428571428571,0.4,0,0.14285714285714285,0,0.125,0,0.5,0.875,0.1,0.4,0.2,0.4,0,nouns,animals,0.1401644083062224,0.666738778600329,-7.400557931976215,0.2997648997778365,24.68787352175308,0.45,-1.9649392003321626
mouse,Mandarin (Taiwanese),0.8571428571428571,0.4,0,0.14285714285714285,0,0.125,0,0.5,0.875,0.1,0.4,0.2,0.4,0,nouns,animals,0.5258549611469389,0.6125852381441927,-7.497398574382381,0.299886597547652,25.000779080135597,0.45,-0.6427298435318627
mouse,Mandarin (Beijing),0.8571428571428571,0.4,0,0.14285714285714285,0,0.125,0,0.5,0.875,0.1,0.4,0.2,0.4,0,nouns,animals,0.2698903466918904,0.6702264886662813,-6.610365761957001,0.3001225361761316,22.025556115111613,0.45,-1.3097395258375593
mouse,English (Australian),0.8571428571428571,0.4,0,0.14285714285714285,0,0.125,0,0.5,0.875,0.1,0.4,0.2,0.4,0,nouns,animals,0.08550300612243408,0.5915038703279082,-7.15147210357103,0.30007933717166585,23.831937816764437,0.45,-2.459203744330783
mouse,Spanish (Mexican),0.8571428571428571,0.4,0,0.14285714285714285,0,0.125,0,0.5,0.875,0.1,0.4,0.2,0.4,0,nouns,animals,0.07737983059075741,0.6458415505197744,-7.247896989350102,0.2998064973521596,24.17524988071408,0.45,-2.5590291190277856
mouse,Russian,0.8571428571428571,0.4,0,0.14285714285714285,0,0.125,0,0.5,0.875,0.1,0.4,0.2,0.4,0,nouns,animals,0.7188420614382183,0.6640637507981673,-6.934858980978202,0.3000150953396608,23.115033505653876,0.45,-0.3301136095935613
mouse,Cantonese,0.8571428571428571,0.4,0,0.14285714285714285,0,0.125,0,0.5,0.875,0.1,0.4,0.2,0.4,0,nouns,animals,0.04314728136049853,0.7152995409164327,-7.632994090743734,0.2999799500012794,25.445014210820354,0.45,-3.143135867829251
mouth,Spanish (Mexican),0.6,0.3333333333333333,0.6666666666666666,0.2,0.2,0.3333333333333333,0,0.6666666666666666,0,0,0.5,0.08333333333333333,0.4166666666666667,0,nouns,body_parts,0.30321388833734036,0.5607377509156832,-5.935746267505521,0.30012214317736613,19.77776849340175,0.5416666666666666,-1.1933168204010365
mouth,English (Australian),0.6,0.3333333333333333,0.6666666666666666,0.2,0.2,0.3333333333333333,0,0.6666666666666666,0,0,0.5,0.08333333333333333,0.4166666666666667,0,nouns,body_parts,0.8101313239994669,0.48355175283576673,-6.214460893377014,0.30025498308213705,20.697278125362537,0.5416666666666666,-0.21055891606263683
mouth,Russian,0.6,0.3333333333333333,0.6666666666666666,0.2,0.2,0.3333333333333333,0,0.6666666666666666,0,0,0.5,0.08333333333333333,0.4166666666666667,0,nouns,body_parts,0.21525393018536113,0.575008055353934,-6.8242249228265335,0.30006733567774163,22.74231184614987,0.5416666666666666,-1.5359368771401203
mouth,Mandarin (Taiwanese),0.6,0.3333333333333333,0.6666666666666666,0.2,0.2,0.3333333333333333,0,0.6666666666666666,0,0,0.5,0.08333333333333333,0.4166666666666667,0,nouns,body_parts,0.6929145860723176,0.5219436094812095,-5.811662861717012,0.30011994645829754,19.364467208195233,0.5416666666666666,-0.36684853980933574
mouth,Cantonese,0.6,0.3333333333333333,0.6666666666666666,0.2,0.2,0.3333333333333333,0,0.6666666666666666,0,0,0.5,0.08333333333333333,0.4166666666666667,0,nouns,body_parts,0.4146446091528528,0.6246038303931879,-6.126760565646192,0.3000624020075339,20.418288078265675,0.5416666666666666,-0.8803334891272265
mouth,Korean,0.6,0.3333333333333333,0.6666666666666666,0.2,0.2,0.3333333333333333,0,0.6666666666666666,0,0,0.5,0.08333333333333333,0.4166666666666667,0,nouns,body_parts,0.5814869811377191,0.6082324881540567,-6.183682694068762,0.3000039312432633,20.61200554420274,0.5416666666666666,-0.542166695687251
mouth,French (French),0.6,0.3333333333333333,0.6666666666666666,0.2,0.2,0.3333333333333333,0,0.6666666666666666,0,0,0.5,0.08333333333333333,0.4166666666666667,0,nouns,body_parts,0.5333152505574826,0.5809338038743793,-6.450985230947834,0.2995596710416308,21.534892225366747,0.5416666666666666,-0.6286425652018887
mouth,English (American),0.6,0.3333333333333333,0.6666666666666666,0.2,0.2,0.3333333333333333,0,0.6666666666666666,0,0,0.5,0.08333333333333333,0.4166666666666667,0,nouns,body_parts,0.4119403369613216,0.6121088108270103,-6.759917413640006,0.3261875119269194,20.724022736819336,0.5416666666666666,-0.8868767533197304
mouth,Catalan,0.6,0.3333333333333333,0.6666666666666666,0.2,0.2,0.3333333333333333,0,0.6666666666666666,0,0,0.5,0.08333333333333333,0.4166666666666667,0,nouns,body_parts,1.0368417420566958,0.5373526976713795,-6.133423780655308,0.3003631535287428,20.420027252338656,0.5416666666666666,0.03617930627679226
mouth,Turkish,0.6,0.3333333333333333,0.6666666666666666,0.2,0.2,0.3333333333333333,0,0.6666666666666666,0,0,0.5,0.08333333333333333,0.4166666666666667,0,nouns,body_parts,0.5518810494182468,0.5883746177758825,-6.738910541514952,0.2999419058496852,22.467385884025596,0.5416666666666666,-0.5944227461107231
music,French (French),0,0.8571428571428571,0.2222222222222222,0.625,0.375,0.7777777777777778,0,0.07142857142857142,0,0.07142857142857142,1,0,0,0,nouns,household,0.2375164098233258,0.17097670240595142,-6.922164444384716,0.2996104602041498,23.103881085019744,0.03571428571428571,-1.4375185639013703
nail (body part),Cantonese,0.6,0.125,0,0.4,0,0,0.625,0.25,1,0,0.2222222222222222,0.5555555555555556,0.2222222222222222,0,nouns,body_parts,0.4956382879961178,0.8160725526089267,-8.297259246290407,0.2999314669180324,27.663850450736287,0.2361111111111111,-0.7019088763675688
nail (object),Korean,0.75,0,0,0.25,0,0,0.5555555555555556,0.4444444444444444,1,0,0.2222222222222222,0.4444444444444444,0.3333333333333333,0,nouns,household,1.2224047433429484,0.7957254284672582,-10.196538585843372,0.2997304025850395,34.0190334310528,0.38888888888888884,0.20082001977513328
napkin,Turkish,0.875,0,0,0.125,0,0.2222222222222222,0.8,0.2,0.7777777777777778,0,0.2,0.6,0.2,0,nouns,household,0.02207077257689924,0.7781904598281797,-7.50956910443104,0.2995623655050462,25.068466433593237,0.2,-3.8135010535763265
neck,Hebrew,0.4,0.4444444444444444,0.4,0.6,0,0,0,0.5555555555555556,0.6,0,0.4166666666666667,0,0.5833333333333334,0,nouns,body_parts,0.0355615351877018,0.8078576987601587,-7.90390280259417,0.2998663935543543,26.358081373868576,0.5694444444444444,-3.3364906975106634
noodles,Japanese,0.3333333333333333,0,0,0.5,0.16666666666666666,0,0.3333333333333333,0.6666666666666666,1,0,0.2857142857142857,0.5714285714285714,0.14285714285714285,0,nouns,food_drink,0.2650576038520816,0.7720850407548114,-7.074425259926737,0.30003191238690613,23.578909335497325,0.40476190476190477,-1.327808103591285
nose,Mandarin (Beijing),0.8571428571428571,0.4166666666666667,0,0,0.14285714285714285,0.25,0,0.5833333333333334,0.75,0,0.625,0.125,0.25,0,nouns,body_parts,0.1716900144949365,0.7307412356920582,-5.757977519528626,0.3003588188905701,19.17032947724579,0.4166666666666667,-1.7620646694679718
nose,Turkish,0.8571428571428571,0.4166666666666667,0,0,0.14285714285714285,0.25,0,0.5833333333333334,0.75,0,0.625,0.125,0.25,0,nouns,body_parts,0.20368604954046665,0.7382292299224328,-6.4632751828144706,0.29996230750831876,21.54695780447424,0.4166666666666667,-1.5911754434138639
nose,English (American),0.8571428571428571,0.4166666666666667,0,0,0.14285714285714285,0.25,0,0.5833333333333334,0.75,0,0.625,0.125,0.25,0,nouns,body_parts,0.3848420362791669,0.7495393053495467,-6.286863276797799,0.34333321185964405,18.311258741166856,0.4166666666666667,-0.9549223242673195
nose,English (Australian),0.8571428571428571,0.4166666666666667,0,0,0.14285714285714285,0.25,0,0.5833333333333334,0.75,0,0.625,0.125,0.25,0,nouns,body_parts,0.7773193631175314,0.6634719486560021,-5.385047076131387,0.30025505960971804,17.93490868440671,0.4166666666666667,-0.25190399231709315
nose,Catalan,0.8571428571428571,0.4166666666666667,0,0,0.14285714285714285,0.25,0,0.5833333333333334,0.75,0,0.625,0.125,0.25,0,nouns,body_parts,0.3439856119878035,0.6833954131953186,-5.745100337248062,0.30035173569361673,19.127907897654147,0.4166666666666667,-1.0671554481003045
nose,Mandarin (Taiwanese),0.8571428571428571,0.4166666666666667,0,0,0.14285714285714285,0.25,0,0.5833333333333334,0.75,0,0.625,0.125,0.25,0,nouns,body_parts,0.4308785416624639,0.6730129905861812,-6.053773463219798,0.30014127524667833,20.169746590982392,0.4166666666666667,-0.8419290344806845
nose,French (French),0.8571428571428571,0.4166666666666667,0,0,0.14285714285714285,0.25,0,0.5833333333333334,0.75,0,0.625,0.125,0.25,0,nouns,body_parts,0.5762547597085137,0.7239420950842953,-5.961966552767007,0.29977333035222936,19.888248716994877,0.4166666666666667,-0.5512054249075361
nose,Spanish (Mexican),0.8571428571428571,0.4166666666666667,0,0,0.14285714285714285,0.25,0,0.5833333333333334,0.75,0,0.625,0.125,0.25,0,nouns,body_parts,0.16191631894699837,0.7025774169225016,-6.322072131354596,0.30005250309311104,21.06988632383699,0.4166666666666667,-1.8206756269174014
nose,Japanese,0.8571428571428571,0.4166666666666667,0,0,0.14285714285714285,0.25,0,0.5833333333333334,0.75,0,0.625,0.125,0.25,0,nouns,body_parts,0.7886329309462525,0.704907270386873,-6.755264426598109,0.30002956843991235,22.515328944823658,0.4166666666666667,-0.23745429966555143
nugget,Mandarin (Taiwanese),0.875,0.3,0,0,0.125,0.16666666666666666,0.3,0.3,0.8333333333333334,0.1,0.2727272727272727,0.5454545454545454,0.18181818181818185,0,nouns,food_drink,0.7246328512637112,0.22987613934492987,-9.186156289356637,0.2998395995444847,30.636901541064667,0.2409090909090909,-0.32209016444740474
nut,Korean,0.6666666666666666,0.2222222222222222,0,0.3333333333333333,0,0,0.4444444444444444,0.3333333333333333,1,0,0.18181818181818185,0.7272727272727273,0.09090909090909093,0,nouns,food_drink,0.09896661528938304,0.39113539937034864,-8.332203763044577,0.29979081110874856,27.7933927735433,0.21212121212121213,-2.312972705017922
onion,Turkish,0.8571428571428571,0.25,0,0,0.14285714285714285,0,0.625,0.125,1,0,0.375,0.375,0,0.25,nouns,food_drink,0.05159727567496728,0.7082583074931232,-6.221142991040358,0.2151646871323591,28.91340151561862,0.0625,-2.9642864048851885
orange (food),Russian,0.8,0.08333333333333333,0.14285714285714285,0.1,0.1,0,0.16666666666666666,0.3333333333333333,0.8571428571428571,0.4166666666666667,0.2,0.2,0.13333333333333333,0.4666666666666667,nouns,food_drink,0.2965973043293644,0.4958474371812821,-7.236954452600078,0.30000598636711473,24.12270015087059,0.23333333333333334,-1.215379937892215
orange (food),Spanish (European),0.8,0.08333333333333333,0.14285714285714285,0.1,0.1,0,0.16666666666666666,0.3333333333333333,0.8571428571428571,0.4166666666666667,0.2,0.2,0.13333333333333333,0.4666666666666667,nouns,food_drink,0.30790179654973143,0.5086948621521048,-7.295233586472773,0.2999359491794444,24.32263823803332,0.23333333333333334,-1.1779743892206003
orange (food),Spanish (Mexican),0.8,0.08333333333333333,0.14285714285714285,0.1,0.1,0,0.16666666666666666,0.3333333333333333,0.8571428571428571,0.4166666666666667,0.2,0.2,0.13333333333333333,0.4666666666666667,nouns,food_drink,0.45894777830161826,0.4850899290453798,-6.793650829640536,0.2999279487403771,22.65094286201797,0.23333333333333334,-0.7788188481575626
orange (food),Japanese,0.8,0.08333333333333333,0.14285714285714285,0.1,0.1,0,0.16666666666666666,0.3333333333333333,0.8571428571428571,0.4166666666666667,0.2,0.2,0.13333333333333333,0.4666666666666667,nouns,food_drink,0.2650576038520816,0.4841803106065051,-7.194342188848997,0.30002904703861594,23.978818917233145,0.23333333333333334,-1.327808103591285
orange (food),French (French),0.8,0.08333333333333333,0.14285714285714285,0.1,0.1,0,0.16666666666666666,0.3333333333333333,0.8571428571428571,0.4166666666666667,0.2,0.2,0.13333333333333333,0.4666666666666667,nouns,food_drink,0.04642570459072737,0.5046627152290905,-7.796205939272117,0.29983889081417103,26.00131663408505,0.23333333333333334,-3.0699019948907957
orange (food),English (American),0.8,0.08333333333333333,0.14285714285714285,0.1,0.1,0,0.16666666666666666,0.3333333333333333,0.8571428571428571,0.4166666666666667,0.2,0.2,0.13333333333333333,0.4666666666666667,nouns,food_drink,0.4044695946055375,0.5388125470816573,-6.979745929076695,0.3003733629335457,23.236900439207343,0.23333333333333334,-0.9051787131567026
orange (food),Cantonese,0.8,0.08333333333333333,0.14285714285714285,0.1,0.1,0,0.16666666666666666,0.3333333333333333,0.8571428571428571,0.4166666666666667,0.2,0.2,0.13333333333333333,0.4666666666666667,nouns,food_drink,0.18411160934248036,0.5439854210391922,-5.995628072834507,0.3001451012270993,19.975765215964746,0.23333333333333334,-1.69221313275042
orange (food),English (Australian),0.8,0.08333333333333333,0.14285714285714285,0.1,0.1,0,0.16666666666666666,0.3333333333333333,0.8571428571428571,0.4166666666666667,0.2,0.2,0.13333333333333333,0.4666666666666667,nouns,food_drink,0.8010853801665959,0.3875943150649741,-6.9531487412791,0.3000953440634462,23.1697987950425,0.23333333333333334,-0.22178774562601347
pacifier,Turkish,0.7142857142857143,0.38461538461538464,0,0.14285714285714285,0.14285714285714285,0,0.4615384615384616,0.15384615384615383,1,0,0.375,0.25,0.375,0,nouns,household,1.111417919710957,0.4585006205822052,-5.484857259242115,0.20895924739758953,26.248454316099274,0.2644230769230769,0.10563660528143975
pacifier,Catalan,0.7142857142857143,0.38461538461538464,0,0.14285714285714285,0.14285714285714285,0,0.4615384615384616,0.15384615384615383,1,0,0.375,0.25,0.375,0,nouns,household,0.0497228976942063,0.41078234421729865,-6.142097458610525,0.299827575547142,20.48543216014099,0.2644230769230769,-3.0012897337843087
paint (object),Russian,0.5,0,0,0.5,0,1,0.375,0,0,0.625,0.1111111111111111,0.2222222222222222,0.1111111111111111,0.5555555555555556,nouns,toys,1.7642075226628946,0.6244834417118412,-7.661127010563276,0.2998635460190846,25.54871077952133,0.05555555555555555,0.5677015938981106
paint (object),Catalan,0.5,0,0,0.5,0,1,0.375,0,0,0.625,0.1111111111111111,0.2222222222222222,0.1111111111111111,0.5555555555555556,nouns,household,0.16265444103144344,0.5860336028460259,-7.291602887524073,0.3000565860171773,24.300759347793992,0.05555555555555555,-1.8161273222151584
pajamas,Spanish (European),0.6,0.18181818181818185,0,0.2,0.2,0,0.5454545454545454,0.18181818181818185,1,0.09090909090909093,0.3636363636363637,0.5454545454545454,0.09090909090909093,0,nouns,clothing,0.20924736945253736,0.5717454544033411,-7.259860119886765,0.3001421034202163,24.18807637168632,0.13636363636363638,-1.564238141005611
pajamas,French (French),0.6,0.18181818181818185,0,0.2,0.2,0,0.5454545454545454,0.18181818181818185,1,0.09090909090909093,0.3636363636363637,0.5454545454545454,0.09090909090909093,0,nouns,clothing,0.04100569479290487,0.5713999177937183,-6.704482477308856,0.2996308975504314,22.37580480557888,0.13636363636363638,-3.1940443245352546
pajamas,Mandarin (Taiwanese),0.6,0.18181818181818185,0,0.2,0.2,0,0.5454545454545454,0.18181818181818185,1,0.09090909090909093,0.3636363636363637,0.5454545454545454,0.09090909090909093,0,nouns,clothing,0.2849640073772995,0.511872317407545,-9.463545300446889,0.29964334809910254,31.582697765468044,0.13636363636363638,-1.2553923965929403
panda,Japanese,1,0.5833333333333334,0,0,0,0,0,0.25,1,0.16666666666666666,0.9090909090909092,0.09090909090909093,0,0,nouns,animals,1.1020999942907868,0.570551729650997,-6.898581449855403,0.299978710595816,22.99690346742767,0.125,0.09721744553505501
pants,Russian,1,0.18181818181818185,0,0,0,0.1111111111111111,0.4545454545454546,0.3636363636363637,0.8888888888888888,0,0.2,0.5,0.3,0,nouns,clothing,0.4622512792201536,0.693748982612912,-7.1566511278852,0.3000928520788888,23.848122600413856,0.33181818181818185,-0.7716466413414392
pants,Cantonese,1,0.18181818181818185,0,0,0,0.1111111111111111,0.4545454545454546,0.3636363636363637,0.8888888888888888,0,0.2,0.5,0.3,0,nouns,clothing,0.26185854622707827,0.7455314444241812,-6.172448872431514,0.30020308024349474,20.56091119193394,0.33181818181818185,-1.3399508209161173
pants,English (Australian),1,0.18181818181818185,0,0,0,0.1111111111111111,0.4545454545454546,0.3636363636363637,0.8888888888888888,0,0.2,0.5,0.3,0,nouns,clothing,0.01208151946139636,0.6274879094919557,-6.828103555740236,0.30016350381850065,22.74794726499786,0.33181818181818185,-4.41607831115734
pants,Korean,1,0.18181818181818185,0,0,0,0.1111111111111111,0.4545454545454546,0.3636363636363637,0.8888888888888888,0,0.2,0.5,0.3,0,nouns,clothing,0.28377349118499595,0.7266490820360791,-6.547438573756168,0.3000460018020801,21.821449159236145,0.33181818181818185,-1.2595789252961218
pants,Japanese,1,0.18181818181818185,0,0,0,0.1111111111111111,0.4545454545454546,0.3636363636363637,0.8888888888888888,0,0.2,0.5,0.3,0,nouns,clothing,0.10567293244034102,0.6761167973720429,-7.465790529873635,0.3000265382398698,24.883767194969835,0.33181818181818185,-2.2474064979883366
pants,Spanish (European),1,0.18181818181818185,0,0,0,0.1111111111111111,0.4545454545454546,0.3636363636363637,0.8888888888888888,0,0.2,0.5,0.3,0,nouns,clothing,2.3369148633725474,0.688839411441351,-7.023944687865251,0.30012137102707886,23.403680530406167,0.33181818181818185,0.8488316250140385
pants,French (French),1,0.18181818181818185,0,0,0,0.1111111111111111,0.4545454545454546,0.3636363636363637,0.8888888888888888,0,0.2,0.5,0.3,0,nouns,clothing,0.03552247645928241,0.6953404368423126,-6.484322783272541,0.29973580020848034,21.633461130643685,0.33181818181818185,-3.3375896431510483
paper,Spanish (Mexican),0.6666666666666666,0,0.25,0.16666666666666666,0.16666666666666666,0.125,1,0,0.625,0,0,1,0,0,nouns,household,0.3298949794683893,0.7404013278576534,-6.327057555765911,0.30012501677592424,21.081406754205176,0,-1.1089809192071745
paper,Spanish (Mexican),0.6666666666666666,0,0.25,0.16666666666666666,0.16666666666666666,0.125,1,0,0.625,0,0,1,0,0,nouns,toys,0.3298949794683893,0.7404013278576534,-6.327057555765911,0.30012501677592424,21.081406754205176,0,-1.1089809192071745
paper,Mandarin (Beijing),0.6666666666666666,0,0.25,0.16666666666666666,0.16666666666666666,0.125,1,0,0.625,0,0,1,0,0,nouns,household,0.30072347164331326,0.7710844003759096,-5.871723503590181,0.3002153819019547,19.558369948904843,0,-1.201564135355124
paper,Catalan,0.6666666666666666,0,0.25,0.16666666666666666,0.16666666666666666,0.125,1,0,0.625,0,0,1,0,0,nouns,toys,0.3612119469782431,0.7223401373350359,-6.593619103643654,0.3002537344857554,21.96015684846201,0,-1.0182903821882836
paper,Catalan,0.6666666666666666,0,0.25,0.16666666666666666,0.16666666666666666,0.125,1,0,0.625,0,0,1,0,0,nouns,household,0.3612119469782431,0.7223401373350359,-6.593619103643654,0.3002537344857554,21.96015684846201,0,-1.0182903821882836
paper,Japanese,0.6666666666666666,0,0.25,0.16666666666666666,0.16666666666666666,0.125,1,0,0.625,0,0,1,0,0,nouns,household,0.4406310147142304,0.7432945677399805,-8.520720485021332,0.29999526958721373,28.40284947407884,0,-0.8195474550934954
paper,English (Australian),0.6666666666666666,0,0.25,0.16666666666666666,0.16666666666666666,0.125,1,0,0.625,0,0,1,0,0,nouns,household,0.6603999463344147,0.7114506675413984,-7.372745876368825,0.29999557473866345,24.576182107991023,0,-0.4149096481984105
paper,French (French),0.6666666666666666,0,0.25,0.16666666666666666,0.16666666666666666,0.125,1,0,0.625,0,0,1,0,0,nouns,household,0.39916744735647475,0.7620776394069397,-7.0249041601177336,0.2998637767835539,23.426984864492027,0,-0.9183742825679874
paper,English (American),0.6666666666666666,0,0.25,0.16666666666666666,0.16666666666666666,0.125,1,0,0.625,0,0,1,0,0,nouns,household,0.22795171927316055,0.7861874372222232,-7.820862705529143,0.33489733388008,23.353015728484827,0,-1.4786214300253542
paper,Cantonese,0.6666666666666666,0,0.25,0.16666666666666666,0.16666666666666666,0.125,1,0,0.625,0,0,1,0,0,nouns,household,0.4107676910754377,0.8160725526089267,-6.8816122529023955,0.2999732624453863,22.940752108382576,0,-0.889727452814681
parrot,Turkish,0.6666666666666666,0.25,0,0.3333333333333333,0,0.14285714285714285,0.125,0.5,0.8571428571428571,0.125,0.8,0.1,0,0.1,nouns,animals,1.543268226967333,0.8481226121632371,-6.512138153900244,0.20429493062983917,31.87616126265781,0.25,0.4339023929898735
pasta,French (French),0,0.125,0,0.8333333333333334,0.16666666666666666,0.4,0.375,0.5,0.6,0,0.1,0.5,0.4,0,nouns,food_drink,0.21074718186403377,0.6953404368423126,-6.597235232289619,0.299900201006895,21.998102069087786,0.45,-1.5570960541277328
patio,Catalan,0.3333333333333333,0.2,0.1111111111111111,0.6666666666666666,0,0,0.6,0.2,0.8888888888888888,0,0.4,0.3,0.3,0,nouns,outside,0.1872864081131386,0.6833954131953186,-7.453350025518449,0.3000785059954645,24.838000311928713,0.25,-1.675116239633801
patio,Catalan,0.3333333333333333,0.2,0.1111111111111111,0.6666666666666666,0,0,0.6,0.2,0.8888888888888888,0,0.4,0.3,0.3,0,nouns,furniture_rooms,0.1872864081131386,0.6833954131953186,-7.453350025518449,0.3000785059954645,24.838000311928713,0.25,-1.675116239633801
peach,Japanese,0.5,0.1,0,0.5,0,0,0.2,0.4,1,0.3,0.25,0.125,0.25,0.375,nouns,food_drink,0.10567293244034102,0.7145040947251505,-7.355943366111754,0.2999717470308408,24.522120629432052,0.325,-2.2474064979883366
peacock,Hebrew,0.6666666666666666,0.6,0,0,0.3333333333333333,0,0.26666666666666666,0.06666666666666667,1,0.06666666666666667,0.5384615384615384,0,0.15384615384615383,0.3076923076923077,nouns,animals,0.5694311955734354,0.8078576987601587,-8.650348462665947,0.29993625512696476,28.840623015061,0.11025641025641025,-0.5631173188924771
pear,Spanish (European),1,0.2222222222222222,0,0,0,0.16666666666666666,0.4444444444444444,0.3333333333333333,0.8333333333333334,0,0.25,0,0.75,0,nouns,food_drink,0.04076807734814975,0.7518900036925866,-7.401821883834975,0.2999159968967845,24.67965017011846,0.5416666666666666,-3.199855921758195
pear,Japanese,1,0.2222222222222222,0,0,0,0.16666666666666666,0.4444444444444444,0.3333333333333333,0.8333333333333334,0,0.25,0,0.75,0,nouns,food_drink,2.2161718199602225,0.7432945677399805,-8.831930210832654,0.2998979432831689,29.449785864297812,0.5416666666666666,0.7957813019624036
pear,Catalan,1,0.2222222222222222,0,0,0,0.16666666666666666,0.4444444444444444,0.3333333333333333,0.8333333333333334,0,0.25,0,0.75,0,nouns,food_drink,1.3573635786174798,0.7223401373350359,-6.924036759980456,0.30014813231616816,23.068731784367255,0.5416666666666666,0.30554427320327665
peas,English (Australian),0.5,0.375,0.25,0.5,0,0,0.125,0.25,0.75,0.25,0.3333333333333333,0.1111111111111111,0.2222222222222222,0.3333333333333333,nouns,food_drink,0.09535195098632876,0.6754666283773519,-7.218575183491458,0.29986212036902987,24.07298119084801,0.2361111111111111,-2.350180485830631
pen,Cantonese,0.8571428571428571,0,0,0.14285714285714285,0,0,0.25,0.625,1,0.125,0,0.5,0.5,0,nouns,toys,0.5370248953815476,0.8059952514396774,-5.788569167170835,0.30004426917099414,19.292383697793444,0.5625,-0.6217108254332554
pen,Mandarin (Beijing),0.8571428571428571,0,0,0.14285714285714285,0,0,0.25,0.625,1,0.125,0,0.5,0.5,0,nouns,toys,0.8551557830372748,0.760998609204947,-5.47720514243935,0.30019579386778117,18.24544265550816,0.5625,-0.15647162425943748
pen,Hebrew,0.8571428571428571,0,0,0.14285714285714285,0,0,0.25,0.625,1,0.125,0,0.5,0.5,0,nouns,toys,0.13700008054865984,0.7203271131957716,-8.196297473985082,0.29990894455473566,27.32928651445804,0.5625,-1.9877737652077627
pen/pencil,Russian,1,0,0,0,0,0,0.1111111111111111,0.8888888888888888,1,0,0.3333333333333333,0.2222222222222222,0.4444444444444444,0,nouns,toys,0.8547745116704486,0.7333292916992379,-6.880558813889984,0.3000891366715867,22.928383513662375,0.6666666666666666,-0.1569175738684068
pen/pencil,Turkish,1,0,0,0,0,0,0.1111111111111111,0.8888888888888888,1,0,0.3333333333333333,0.2222222222222222,0.4444444444444444,0,nouns,toys,0.5128240616676883,0.7482195373988703,-6.670296522278972,0.30003478557481267,22.23174392762454,0.6666666666666666,-0.667822452347608
pencil,Hebrew,1,0,0,0,0,0,0.3333333333333333,0.5,1,0.16666666666666666,0.3076923076923077,0.6153846153846154,0.07692307692307693,0,nouns,toys,0.01487147013004527,0.676561820413578,-8.096933310248334,0.29986127356595577,27.002264126872586,0.28846153846153844,-4.208310657892892
pencil,Mandarin (Taiwanese),1,0,0,0,0,0,0.3333333333333333,0.5,1,0.16666666666666666,0.3076923076923077,0.6153846153846154,0.07692307692307693,0,nouns,toys,0.8796479915175465,0.6629416985125167,-8.121600442450594,0.29987079164941116,27.083666260986917,0.28846153846153844,-0.12823346117423362
penguin,Japanese,1,0.4444444444444444,0.3333333333333333,0,0,0,0.2222222222222222,0.2222222222222222,0.6666666666666666,0.1111111111111111,0.9166666666666666,0.08333333333333333,0,0,nouns,animals,0.987687032022726,0.810472338107919,-7.379669243862288,0.2999939681531613,24.599392078758775,0.1111111111111111,-0.01238940062399961
penguin,Mandarin (Taiwanese),1,0.4444444444444444,0.3333333333333333,0,0,0,0.2222222222222222,0.2222222222222222,0.6666666666666666,0.1111111111111111,0.9166666666666666,0.08333333333333333,0,0,nouns,animals,0.19522458356999828,0.7837972033964946,-7.393845000741851,0.2998930351062128,24.654940712855105,0.1111111111111111,-1.6336046725129008
penguin,Korean,1,0.4444444444444444,0.3333333333333333,0,0,0,0.2222222222222222,0.2222222222222222,0.6666666666666666,0.1111111111111111,0.9166666666666666,0.08333333333333333,0,0,nouns,animals,0.19811423707715595,0.8648017748984381,-7.838765629307745,0.29965177621757777,26.159583394613357,0.1111111111111111,-1.6189114597269787
penis,Catalan,0.7142857142857143,0.5833333333333334,0.2,0,0.2857142857142857,0,0.08333333333333333,0.3333333333333333,0.8,0,0.4444444444444444,0.2222222222222222,0.3333333333333333,0,nouns,body_parts,0.301302917185647,0.7904934045795413,-8.144789049886889,0.2999762968559515,27.15144208143223,0.3333333333333333,-1.1996391508959148
penis,Japanese,0.7142857142857143,0.5833333333333334,0.2,0,0.2857142857142857,0,0.08333333333333333,0.3333333333333333,0.8,0,0.4444444444444444,0.2222222222222222,0.3333333333333333,0,nouns,body_parts,0.8403123307437016,0.810472338107919,-7.506787637764914,0.29992212562272585,25.02912255032413,0.3333333333333333,-0.1739816339396336
penis,English (American),0.7142857142857143,0.5833333333333334,0.2,0,0.2857142857142857,0,0.08333333333333333,0.3333333333333333,0.8,0,0.4444444444444444,0.2222222222222222,0.3333333333333333,0,nouns,body_parts,0.4996394537147395,0.8503216679994073,-5.718919802276743,0.2111354491325846,27.086497439307273,0.3333333333333333,-0.6938685332427649
penis,Mandarin (Taiwanese),0.7142857142857143,0.5833333333333334,0.2,0,0.2857142857142857,0,0.08333333333333333,0.3333333333333333,0.8,0,0.4444444444444444,0.2222222222222222,0.3333333333333333,0,nouns,body_parts,1.4525926873193862,0.7837972033964946,-5.019828226874427,0.2013566860288989,24.930030017249972,0.3333333333333333,0.3733500199760931
photo,French (French),0.6666666666666666,0.2222222222222222,0,0.2222222222222222,0.1111111111111111,0,0.3333333333333333,0.3333333333333333,1,0.1111111111111111,0.4444444444444444,0.3333333333333333,0,0.2222222222222222,nouns,household,0.17524499224620305,0.7620776394069397,-7.131020737651275,0.29986590991314704,23.780698311844446,0.16666666666666666,-1.741570328390384
photo,Spanish (Mexican),0.6666666666666666,0.2222222222222222,0,0.2222222222222222,0.1111111111111111,0,0.3333333333333333,0.3333333333333333,1,0.1111111111111111,0.4444444444444444,0.3333333333333333,0,0.2222222222222222,nouns,household,0.1281446988762642,0.7404013278576534,-6.9812763843598535,0.29996849061268455,23.273365712847447,0.16666666666666666,-2.0545951935804334
photo,Mandarin (Taiwanese),0.6666666666666666,0.2222222222222222,0,0.2222222222222222,0.1111111111111111,0,0.3333333333333333,0.3333333333333333,1,0.1111111111111111,0.4444444444444444,0.3333333333333333,0,0.2222222222222222,nouns,household,0.06249240500872487,0.7132981588808406,-7.830822316852963,0.2999669235971776,26.105619322778708,0.16666666666666666,-2.77271024948432
piano,Korean,0.75,0,0,0.25,0,0,0.2727272727272727,0.7272727272727273,1,0,0.3,0.2,0.5,0,nouns,furniture_rooms,0.17474979160574464,0.7661212799967533,-7.668045809344099,0.29992604623116603,25.566455150193935,0.6136363636363636,-1.7444000903968562
piano,Mandarin (Beijing),0.75,0,0,0.25,0,0,0.2727272727272727,0.7272727272727273,1,0,0.3,0.2,0.5,0,nouns,household,0.6833843742029029,0.7408270268630217,-6.666065587654079,0.29993245390391227,22.225222715610663,0.6136363636363636,-0.38069780435177986
picture,English (Australian),0.5714285714285714,0.5384615384615384,0,0.14285714285714285,0.2857142857142857,0.42857142857142855,0.3076923076923077,0.15384615384615383,0.5714285714285714,0,0.7,0.1,0,0.2,nouns,household,1.1656194130955226,0.2196687989660865,-7.754391829810957,0.3000504924314544,25.843623074814396,0.07692307692307691,0.15325263078377707
picture,Russian,0.5714285714285714,0.5384615384615384,0,0.14285714285714285,0.2857142857142857,0.42857142857142855,0.3076923076923077,0.15384615384615383,0.5714285714285714,0,0.7,0.1,0,0.2,nouns,household,2.802689629100235,0.35731635537914064,-7.584531307350836,0.3000044088522633,25.281399484651654,0.07692307692307691,1.0305795379391887
picture,Russian,0.5714285714285714,0.5384615384615384,0,0.14285714285714285,0.2857142857142857,0.42857142857142855,0.3076923076923077,0.15384615384615383,0.5714285714285714,0,0.7,0.1,0,0.2,nouns,toys,2.802689629100235,0.35731635537914064,-7.584531307350836,0.3000044088522633,25.281399484651654,0.07692307692307691,1.0305795379391887
picture,Turkish,0.5714285714285714,0.5384615384615384,0,0.14285714285714285,0.2857142857142857,0.42857142857142855,0.3076923076923077,0.15384615384615383,0.5714285714285714,0,0.7,0.1,0,0.2,nouns,household,1.116398797770909,0.3685878532942739,-7.7533282366878495,0.2998771679608749,25.855013535740177,0.07692307692307691,0.11010814579921813
picture,Cantonese,0.5714285714285714,0.5384615384615384,0,0.14285714285714285,0.2857142857142857,0.42857142857142855,0.3076923076923077,0.15384615384615383,0.5714285714285714,0,0.7,0.1,0,0.2,nouns,household,1.3984735194633475,0.40290320466969953,-8.389786363282886,0.29984630251788436,27.98028954444911,0.07692307692307691,0.33538129852411797
picture,English (American),0.5714285714285714,0.5384615384615384,0,0.14285714285714285,0.2857142857142857,0.42857142857142855,0.3076923076923077,0.15384615384615383,0.5714285714285714,0,0.7,0.1,0,0.2,nouns,household,0.7055260559590854,0.41054408552728905,-8.089329289672408,0.33022199739625163,24.496639695282244,0.07692307692307691,-0.34881157575739047
picture,Japanese,0.5714285714285714,0.5384615384615384,0,0.14285714285714285,0.2857142857142857,0.42857142857142855,0.3076923076923077,0.15384615384615383,0.5714285714285714,0,0.7,0.1,0,0.2,nouns,household,0.07931630062890825,0.34982476987062827,-8.974094554843706,0.29996663652454586,29.91697563041938,0.07692307692307691,-2.5343116149846154
picture,Mandarin (Beijing),0.5714285714285714,0.5384615384615384,0,0.14285714285714285,0.2857142857142857,0.42857142857142855,0.3076923076923077,0.15384615384615383,0.5714285714285714,0,0.7,0.1,0,0.2,nouns,household,1.3003332525014972,0.3575669623664321,-5.8589855282298275,0.2999113873353135,19.535722135416073,0.07692307692307691,0.2626205796940114
picture,Korean,0.5714285714285714,0.5384615384615384,0,0.14285714285714285,0.2857142857142857,0.42857142857142855,0.3076923076923077,0.15384615384615383,0.5714285714285714,0,0.7,0.1,0,0.2,nouns,household,0.6119647890715892,0.39113539937034864,-7.961321869252307,0.2999388118401432,26.543153319869155,0.07692307692307691,-0.49108053232171595
pig,English (American),0.9,0.8888888888888888,0.125,0.1,0,0,0,0,0.875,0.1111111111111111,0.8181818181818182,0,0.09090909090909093,0.09090909090909093,nouns,animals,0.2653318609896602,0.8503216679994073,-6.489548657653047,0.3004302206389047,21.60085175137229,0.04545454545454546,-1.3267739308552036
pig,Japanese,0.9,0.8888888888888888,0.125,0.1,0,0,0,0,0.875,0.1111111111111111,0.8181818181818182,0,0.09090909090909093,0.09090909090909093,nouns,animals,0.20149998533978375,0.810472338107919,-7.316742084851816,0.2999935224689546,24.389666898921135,0.04545454545454546,-1.6019659703508176
pig,Mandarin (Beijing),0.9,0.8888888888888888,0.125,0.1,0,0,0,0,0.875,0.1111111111111111,0.8181818181818182,0,0.09090909090909093,0.09090909090909093,nouns,animals,1.328972325412139,0.8416849385726499,-6.0538279675981155,0.30010089813323576,20.172641952275654,0.04545454545454546,0.28440595589664064
pig,French (French),0.9,0.8888888888888888,0.125,0.1,0,0,0,0,0.875,0.1111111111111111,0.8181818181818182,0,0.09090909090909093,0.09090909090909093,nouns,animals,0.29488547778019475,0.8288148419715677,-6.609776361505153,0.2997078756143809,22.05406297033589,0.04545454545454546,-1.2211682089302762
pig,English (Australian),0.9,0.8888888888888888,0.125,0.1,0,0,0,0,0.875,0.1111111111111111,0.8181818181818182,0,0.09090909090909093,0.09090909090909093,nouns,animals,0.3262990300309211,0.7954134255908423,-6.296340201890606,0.300188898937732,20.97459374470957,0.04545454545454546,-1.1199410480170042
pig,Korean,0.9,0.8888888888888888,0.125,0.1,0,0,0,0,0.875,0.1111111111111111,0.8181818181818182,0,0.09090909090909093,0.09090909090909093,nouns,animals,1.1087571898852873,0.8648017748984381,-6.743219770340878,0.29994715883289474,22.481359038635308,0.04545454545454546,0.10323973929732329
pig,Cantonese,0.9,0.8888888888888888,0.125,0.1,0,0,0,0,0.875,0.1111111111111111,0.8181818181818182,0,0.09090909090909093,0.09090909090909093,nouns,animals,0.20752045547047387,0.8866136607936731,-6.9285637941356955,0.299803537607433,23.110347027352475,0.04545454545454546,-1.572525363589533
pig,Catalan,0.9,0.8888888888888888,0.125,0.1,0,0,0,0,0.875,0.1111111111111111,0.8181818181818182,0,0.09090909090909093,0.09090909090909093,nouns,animals,2.3858133292191255,0.7904934045795413,-6.929202842832596,0.3001506369563364,23.085750918598254,0.04545454545454546,0.8695400847472119
pillow,Mandarin (Taiwanese),0.5,0.375,0.14285714285714285,0,0.5,0.2857142857142857,0.5,0.125,0.5714285714285714,0,0.15384615384615383,0.7692307692307693,0.07692307692307693,0,nouns,household,0.3957911580847442,0.7837972033964946,-7.228806691579241,0.30000591925579634,24.095546879579025,0.10096153846153846,-0.9268685854145272
pizza,Mandarin (Taiwanese),0.7,0.1,0,0.3,0,0.14285714285714285,0.5,0.4,0.8571428571428571,0,0.2222222222222222,0.4444444444444444,0.3333333333333333,0,nouns,food_drink,0.874313906602454,0.7837972033964946,-8.917668003510654,0.29975478377573,29.74987718688973,0.3666666666666667,-0.13431580693705536
pizza,English (Australian),0.7,0.1,0,0.3,0,0.14285714285714285,0.5,0.4,0.8571428571428571,0,0.2222222222222222,0.4444444444444444,0.3333333333333333,0,nouns,food_drink,0.2168857016531988,0.7954134255908423,-7.3432214643247695,0.3001210416125298,24.46753291562013,0.3666666666666667,-1.5283847846998169
pizza,Turkish,0.7,0.1,0,0.3,0,0.14285714285714285,0.5,0.4,0.8571428571428571,0,0.2222222222222222,0.4444444444444444,0.3333333333333333,0,nouns,food_drink,0.42622325646400977,0.8481226121632371,-9.369618636327196,0.29960918269928744,31.27280196125137,0.3666666666666667,-0.8527919937861448
plantain,Spanish (European),0.6,0.1,0.16666666666666666,0.2,0.2,0,0.6,0.3,0.8333333333333334,0,0.5,0.25,0.25,0,nouns,food_drink,0.18438015345450043,0.29252140300500934,-7.014789748584844,0.3000164846118634,23.381347720476096,0.275,-1.6907556013390097
plate,Spanish (European),1,0.2222222222222222,0,0,0,0,0.1111111111111111,0.6666666666666666,1,0,0.09090909090909093,0,0.9090909090909092,0,nouns,household,0.1066515808318757,0.6077743642611896,-6.990230843135285,0.30009351854525496,23.29350822710667,0.7878787878787878,-2.238188011559763
plate,Spanish (Mexican),1,0.2222222222222222,0,0,0,0,0.1111111111111111,0.6666666666666666,1,0,0.09090909090909093,0,0.9090909090909092,0,nouns,household,0.26948854620619145,0.5891056841170464,-6.504687746164291,0.2999837824217024,21.683464664834187,0.7878787878787878,-1.3112293896987977
plate,English (Australian),1,0.2222222222222222,0,0,0,0,0.1111111111111111,0.6666666666666666,1,0,0.09090909090909093,0,0.9090909090909092,0,nouns,household,0.4369802183557093,0.5195357919998131,-6.960125053252783,0.30022974016530557,23.18266354765707,0.7878787878787878,-0.8278673518316985
plate,English (American),1,0.2222222222222222,0,0,0,0,0.1111111111111111,0.6666666666666666,1,0,0.09090909090909093,0,0.9090909090909092,0,nouns,household,0.10376732355937068,0.6395949097315171,-7.991260305656016,0.328404841525146,24.333564232925976,0.7878787878787878,-2.2656041597437238
plate,Mandarin (Beijing),1,0.2222222222222222,0,0,0,0,0.1111111111111111,0.6666666666666666,1,0,0.09090909090909093,0,0.9090909090909092,0,nouns,household,0.05606601981751837,0.6097117416405037,-6.419929401166979,0.30003631772941936,21.39717434792891,0.7878787878787878,-2.881225357320907
plate,Catalan,1,0.2222222222222222,0,0,0,0,0.1111111111111111,0.6666666666666666,1,0,0.09090909090909093,0,0.9090909090909092,0,nouns,household,0.35553596670915605,0.5665612407761669,-6.753601845263325,0.3002405855270949,22.493967074460866,0.7878787878787878,-1.034128862678747
plug,Mandarin (Taiwanese),0.8571428571428571,0.375,0,0,0.14285714285714285,0,0.25,0.375,1,0,0.375,0.25,0.375,0,nouns,household,0.0881063955493428,0.4212306887445609,-9.380906966962751,0.2997778560474824,31.292861623097647,0.375,-2.429210154471171
plum,Russian,0.8333333333333334,0.25,0,0,0.16666666666666666,0,0.375,0,1,0.375,0.7,0.1,0.1,0.1,nouns,food_drink,0.21525393018536113,0.6838539053413298,-8.811051758001376,0.29972364958852304,29.39725233593568,0.05,-1.5359368771401203
police car,Spanish (European),0.8,0.3076923076923077,0,0.2,0,0,0.3076923076923077,0.15384615384615383,1,0.2307692307692308,0.75,0,0.125,0.125,nouns,vehicles,0.30790179654973143,0.7789116860859737,-8.714699570257238,0.3000535148983494,29.04381764436107,0.13942307692307693,-1.1779743892206003
police car,Cantonese,0.8,0.3076923076923077,0,0.2,0,0,0.3076923076923077,0.15384615384615383,1,0.2307692307692308,0.75,0,0.125,0.125,nouns,vehicles,0.15751970690472056,0.8463044561166753,-8.426128125174486,0.2997400710194112,28.11145035269178,0.13942307692307693,-1.8482047053391295
police car,Japanese,0.8,0.3076923076923077,0,0.2,0,0,0.3076923076923077,0.15384615384615383,1,0.2307692307692308,0.75,0,0.125,0.125,nouns,vehicles,0.7975385593255345,0.7720850407548114,-7.593353687831724,0.2999341376401945,25.31673702624949,0.13942307692307693,-0.2262250952405192
pomegranate,Turkish,1,0.5,0,0,0,0.1111111111111111,0.125,0.125,0.8888888888888888,0.25,0.125,0.25,0.25,0.375,nouns,food_drink,0.05159727567496728,0.7082583074931232,-5.850028114522357,0.2052171731270917,28.506523237699092,0.1875,-2.9642864048851885
pool,Japanese,0.8,0.3333333333333333,0,0.2,0,0.875,0.5555555555555556,0.1111111111111111,0.125,0,0.375,0.625,0,0,nouns,outside,0.20149998533978375,0.5897453783275503,-8.309816934569504,0.3000248803264563,27.69709273953418,0.05555555555555555,-1.6019659703508176
pork,Cantonese,0.14285714285714285,0.18181818181818185,0,0.42857142857142855,0.42857142857142855,0.3333333333333333,0.7272727272727273,0.09090909090909093,0.6666666666666666,0,0.75,0.25,0,0,nouns,food_drink,0.22441855746689657,0.6749903362394348,-8.804760603520032,0.29985828278157517,29.363072855098206,0.04545454545454546,-1.4942424105938243
porridge,Mandarin (Taiwanese),0.42857142857142855,0.2,0,0.42857142857142855,0.14285714285714285,0.5,0.7,0,0.5,0.1,0.4444444444444444,0.4444444444444444,0,0.1111111111111111,nouns,food_drink,1.4068590299777146,0.6730129905861812,-5.699844855270581,0.2097515142252722,27.174272740405456,0,0.34135958119921345
pot,Mandarin (Taiwanese),1,0.125,0,0,0,0,0.25,0.625,1,0,0,0.25,0.75,0,nouns,household,0.5908021992072995,0.5924426539968627,-8.775870627221797,0.2997939987910795,29.27300300409792,0.6875,-0.5262740059091942
pot,Mandarin (Beijing),1,0.125,0,0,0,0,0.25,0.625,1,0,0,0.25,0.75,0,nouns,household,0.3625877014283518,0.6500549063243551,-6.288406951514735,0.30006274034751496,20.95697367901084,0.6875,-1.0144888989741905
potato,Catalan,0.8571428571428571,0.1111111111111111,0,0.14285714285714285,0,0,0.8888888888888888,0,1,0,0.2222222222222222,0.6666666666666666,0.1111111111111111,0,nouns,food_drink,0.16265444103144344,0.6444506890556013,-6.059586126641912,0.30017997132552443,20.186510445331177,0.05555555555555555,-1.8161273222151584
potty,Mandarin (Beijing),0.75,0.3,0.14285714285714285,0.125,0.125,0,0.4,0.3,0.8571428571428571,0,0.35714285714285715,0.07142857142857142,0.5714285714285714,0,nouns,furniture_rooms,1.3687965857044209,-0.04586468447208193,-6.404785363186034,0.3003929583979225,21.321356523616593,0.4357142857142857,0.3139319492213307
potty,Russian,0.75,0.3,0.14285714285714285,0.125,0.125,0,0.4,0.3,0.8571428571428571,0,0.35714285714285715,0.07142857142857142,0.5714285714285714,0,nouns,household,0.12134989625530292,-0.03848673548411836,-6.975191621027666,0.2999954042078759,23.25099492589008,0.4357142857142857,-2.10907720173117
present,Cantonese,0.75,0.75,0.6,0,0.25,0,0.125,0,0.4,0.125,1,0,0,0,nouns,toys,0.10226862644816032,-0.7358318274554866,-8.970997472267538,0.30014185189653725,29.889192112268155,0,-2.280152334897213
present,Korean,0.75,0.75,0.6,0,0.25,0,0.125,0,0.4,0.125,1,0,0,0,nouns,toys,0.457679913400341,-0.7239541930186939,-8.30170805527035,0.2998579631222438,27.68546804236769,0,-0.7815852182363088
present,French (French),0.75,0.75,0.6,0,0.25,0,0.125,0,0.4,0.125,1,0,0,0,nouns,toys,0.2585727929190551,-0.7061408170148693,-7.264816660812109,0.29989230476036266,24.2247518375547,0,-1.352578027308966
present,Mandarin (Taiwanese),0.75,0.75,0.6,0,0.25,0,0.125,0,0.4,0.125,1,0,0,0,nouns,toys,0.31905047779269774,-0.8376808204635406,-9.11025552640205,0.2997872574701179,30.389068579107764,0,-1.1424059511208764
present,English (Australian),0.75,0.75,0.6,0,0.25,0,0.125,0,0.4,0.125,1,0,0,0,nouns,toys,0.10856967919648935,-1.1357300095463576,-7.503911123635879,0.30018717363549546,24.997440872498967,0,-2.220363107550798
pudding,Japanese,0.25,0.2727272727272727,0,0.75,0,0.42857142857142855,0.4545454545454546,0.09090909090909093,0.5714285714285714,0.18181818181818185,0.4444444444444444,0.5555555555555556,0,0,nouns,food_drink,0.1788433511671452,0.7145040947251505,-8.406018658163358,0.29999108997375523,28.02089441689338,0.04545454545454546,-1.7212449894383886
puppy,English (Australian),1,0.6363636363636364,0,0,0,0.1111111111111111,0.18181818181818185,0.18181818181818185,0.8888888888888888,0,0.8888888888888888,0.1111111111111111,0,0,nouns,animals,0.0393861220816893,0.5315304717211631,-6.25209030311092,0.2997017293007534,20.861041802120837,0.09090909090909093,-3.2343417561555152
puzzle,English (Australian),0.5454545454545454,0.5,0.2857142857142857,0.18181818181818185,0.2727272727272727,0,0.06818181818181818,0.4090909090909091,0.7142857142857143,0.02272727272727272,0.2727272727272727,0.09090909090909093,0.6363636363636364,0,nouns,toys,0.1783319119143682,0.4955464325571155,-7.54037109965754,0.30011381284238015,25.125038492039504,0.5227272727272727,-1.7241087913596416
puzzle,Turkish,0.5454545454545454,0.5,0.2857142857142857,0.18181818181818185,0.2727272727272727,0,0.06818181818181818,0.4090909090909091,0.7142857142857143,0.02272727272727272,0.2727272727272727,0.09090909090909093,0.6363636363636364,0,nouns,toys,1.182141094349072,0.598364925252319,-6.667938142317637,0.21681047895499417,30.7546857257844,0.5227272727272727,0.16732728102162642
puzzle,French (French),0.5454545454545454,0.5,0.2857142857142857,0.18181818181818185,0.2727272727272727,0,0.06818181818181818,0.4090909090909091,0.7142857142857143,0.02272727272727272,0.2727272727272727,0.09090909090909093,0.6363636363636364,0,nouns,toys,0.11172886145840746,0.5904676899550402,-8.188920659592554,0.299823583918455,27.312463391204577,0.5227272727272727,-2.1916802225902003
quesadilla,Spanish (Mexican),0.625,0.6,0.125,0.25,0.125,0.25,0.3,0.1,0.625,0,0.7,0.2,0.1,0,nouns,food_drink,2.209496709904592,0.7309453501238656,-8.041198680077317,0.2996551917908223,26.834838508957212,0.1,0.792764756519702
rabbit,Japanese,1,0.4,0,0,0,0.6666666666666666,0,0.6,0.3333333333333333,0,0.5,0.375,0.125,0,nouns,animals,0.4993667450864918,0.7432945677399805,-7.17397246826015,0.3000217687601471,23.91150648136934,0.3625,-0.694414493088357
radiator,Turkish,1,0,0,0,0,0,0.8888888888888888,0.1111111111111111,1,0,0.4,0.2,0.4,0,nouns,furniture_rooms,0.30650440487285197,0.6283358476816294,-7.718459158195149,0.29964094524427237,25.75902686431232,0.25555555555555554,-1.1825231521827066
radio,Russian,0.3333333333333333,0.625,0,0.6666666666666666,0,0,0.375,0,1,0,0.8181818181818182,0,0.18181818181818185,0,nouns,household,1.7642075226628946,0.575008055353934,-9.572868558750509,0.29991433739787093,31.918675985306415,0.09090909090909093,0.5677015938981106
radio,Mandarin (Taiwanese),0.3333333333333333,0.625,0,0.6666666666666666,0,0,0.375,0,1,0,0.8181818181818182,0,0.18181818181818185,0,nouns,household,1.7751575883517852,0.5219436094812095,-9.240138547236466,0.299834262760115,30.817487175003475,0.09090909090909093,0.5738892011564953
rain,Mandarin (Taiwanese),0,0.2222222222222222,0,1,0,1,0.7777777777777778,0,0,0,0.625,0.375,0,0,nouns,outside,0.03071006663920634,0.7535833271754999,-6.307778744814195,0.30017364219770043,21.013766227548267,0,-3.483164774580398
rain,Cantonese,0,0.2222222222222222,0,1,0,1,0.7777777777777778,0,0,0,0.625,0.375,0,0,nouns,outside,0.386886970070863,0.8563817572859245,-6.008566465210362,0.3001321711845364,20.0197347771692,0,-0.9496226956125822
rain,Korean,0,0.2222222222222222,0,1,0,1,0.7777777777777778,0,0,0,0.625,0.375,0,0,nouns,outside,0.6902132188351804,0.8351976264279324,-7.0774054187263795,0.3000702445418498,23.585828809958254,0,-0.37075471632084595
raisin,Spanish (Mexican),0.5714285714285714,0.2,0.125,0.42857142857142855,0,0.375,0.6,0.2,0.5,0,0.4545454545454546,0.3636363636363637,0.18181818181818185,0,nouns,food_drink,1.0990040231470872,0.7782252387928051,-8.210544866179381,0.2993881986416522,27.42441052597019,0.19090909090909092,0.09440433614916713
rake (object),Russian,0.8333333333333334,0.2,0,0.16666666666666666,0,0,0.2,0.6,1,0,0.2,0.1,0.7,0,nouns,toys,2.802689629100235,0.6739588280697485,-8.129347929969436,0.2993812644431859,27.153829900107713,0.6499999999999999,1.0305795379391887
raspberry,Russian,0.5714285714285714,0.2,0.14285714285714285,0.2857142857142857,0.14285714285714285,0.42857142857142855,0.3,0.1,0.42857142857142855,0.4,0.5555555555555556,0.2222222222222222,0.1111111111111111,0.1111111111111111,nouns,food_drink,0.8844960363290075,0.7630145235139818,-8.621191399969293,0.2997348462893332,28.762726478746753,0.10555555555555556,-0.12273724664840631
refrigerator,Japanese,0.6666666666666666,0.4,0,0.16666666666666666,0.16666666666666666,0,0.3,0.3,1,0,0.5384615384615384,0.15384615384615383,0.3076923076923077,0,nouns,furniture_rooms,0.07931630062890825,0.810472338107919,-8.716497903198729,0.30000603766622036,29.054408274597787,0.3038461538461539,-2.5343116149846154
remote control,Mandarin (Taiwanese),0.75,0.16666666666666666,0,0.125,0.125,0,0.5,0.3333333333333333,1,0,0.375,0,0.5,0.125,nouns,household,0.6128277711793824,0.7132981588808406,-7.656511696487555,0.29992986101437646,25.527673938809837,0.41666666666666663,-0.4896713430783939
remote control,Turkish,0.75,0.16666666666666666,0,0.125,0.125,0,0.5,0.3333333333333333,1,0,0.375,0,0.5,0.125,nouns,household,1.409451523624836,0.7781904598281797,-7.464573283944715,0.299801957319985,24.89834739797118,0.41666666666666663,0.34320063837671444
rice,Russian,0.3333333333333333,0.3333333333333333,0,0.6666666666666666,0,0.6,0.16666666666666666,0.5,0.4,0,0.3333333333333333,0.5333333333333333,0.06666666666666667,0.06666666666666667,nouns,food_drink,1.2615964091288905,0.693748982612912,-8.325152375541947,0.29967046522999374,27.78102396294705,0.2833333333333333,0.23237791037926303
rice,Cantonese,0.3333333333333333,0.3333333333333333,0,0.6666666666666666,0,0.6,0.16666666666666666,0.5,0.4,0,0.3333333333333333,0.5333333333333333,0.06666666666666667,0.06666666666666667,nouns,food_drink,0.6463065551792496,0.7455314444241812,-5.855319136466949,0.3000652970597846,19.51348321129032,0.2833333333333333,-0.4364813441386215
rice,Korean,0.3333333333333333,0.3333333333333333,0,0.6666666666666666,0,0.6,0.16666666666666666,0.5,0.4,0,0.3333333333333333,0.5333333333333333,0.06666666666666667,0.06666666666666667,nouns,food_drink,1.0187019786035638,0.7266490820360791,-4.300158847843809,0.15040987609969442,28.58960434881008,0.2833333333333333,0.018529246894871464
rice,Mandarin (Taiwanese),0.3333333333333333,0.3333333333333333,0,0.6666666666666666,0,0.6,0.16666666666666666,0.5,0.4,0,0.3333333333333333,0.5333333333333333,0.06666666666666667,0.06666666666666667,nouns,food_drink,0.10443099364417036,0.6427991143651874,-5.780222898913871,0.3001657090227008,19.256772926306272,0.2833333333333333,-2.259228773605655
rice,Japanese,0.3333333333333333,0.3333333333333333,0,0.6666666666666666,0,0.6,0.16666666666666666,0.5,0.4,0,0.3333333333333333,0.5333333333333333,0.06666666666666667,0.06666666666666667,nouns,food_drink,1.324055339439022,0.6761167973720429,-6.758311175728485,0.3000328113617743,22.52524030639913,0.2833333333333333,0.2806992538007217
road,Turkish,0.5,0.18181818181818185,0,0.3333333333333333,0.16666666666666666,0.14285714285714285,0.5454545454545454,0.2727272727272727,0.8571428571428571,0,0.2222222222222222,0.6666666666666666,0.1111111111111111,0,nouns,outside,0.05159727567496728,0.598364925252319,-7.957260610729886,0.2998506919304517,26.537409533727264,0.1919191919191919,-2.9642864048851885
robot,Turkish,1,0.4444444444444444,0,0,0,0.14285714285714285,0.1111111111111111,0.3333333333333333,0.8571428571428571,0.1111111111111111,0.375,0.5,0,0.125,nouns,toys,0.5128240616676883,0.4984618504879521,-6.707491990750243,0.2232704180399661,30.042009369775,0.16666666666666666,-0.667822452347608
robot,Mandarin (Taiwanese),1,0.4444444444444444,0,0,0,0.14285714285714285,0.1111111111111111,0.3333333333333333,0.8571428571428571,0.1111111111111111,0.375,0.5,0,0.125,nouns,toys,2.1933698664239047,0.4313019808182263,-8.704082410699296,0.29984611292730834,29.028498404477983,0.16666666666666666,0.7854391129546722
roof,Hebrew,0.5,0,0.5,0.375,0.125,0,0.625,0.375,0.5,0,0.25,0.5,0.25,0,nouns,outside,1.0143162735615132,0.5780899116536428,-7.945927036562096,0.29990026349972043,26.495231927562156,0.3125,0.014214763401555076
room,Cantonese,0.625,0.2222222222222222,0,0.125,0.25,0.5,0.1111111111111111,0.6666666666666666,0.5,0,0.6428571428571429,0.07142857142857142,0.21428571428571427,0.07142857142857142,nouns,furniture_rooms,0.2353900444523387,0.6749903362394348,-7.179658826945965,0.3001303892100866,23.921798941593732,0.44047619047619047,-1.4465113770964344
room,English (Australian),0.625,0.2222222222222222,0,0.125,0.25,0.5,0.1111111111111111,0.6666666666666666,0.5,0,0.6428571428571429,0.07142857142857142,0.21428571428571427,0.07142857142857142,nouns,furniture_rooms,0.7322970411050512,0.5435251514425119,-7.5817556374141635,0.30013207634978095,25.26139734754045,0.44047619047619047,-0.311569053473527
room,Spanish (Mexican),0.625,0.2222222222222222,0,0.125,0.25,0.5,0.1111111111111111,0.6666666666666666,0.5,0,0.6428571428571429,0.07142857142857142,0.21428571428571427,0.07142857142857142,nouns,furniture_rooms,0.2892536464469658,0.6080176395846227,-7.294994230282886,0.29978798649801214,24.333844446202512,0.44047619047619047,-1.2404513064295908
room,Mandarin (Taiwanese),0.625,0.2222222222222222,0,0.125,0.25,0.5,0.1111111111111111,0.6666666666666666,0.5,0,0.6428571428571429,0.07142857142857142,0.21428571428571427,0.07142857142857142,nouns,furniture_rooms,0.5433518487551234,0.5723000698495335,-7.597851579443819,0.2999394318688122,25.331286160357113,0.44047619047619047,-0.6099981969666449
room,English (American),0.625,0.2222222222222222,0,0.125,0.25,0.5,0.1111111111111111,0.6666666666666666,0.5,0,0.6428571428571429,0.07142857142857142,0.21428571428571427,0.07142857142857142,nouns,furniture_rooms,0.34765960686896175,0.6579189756678557,-7.572091585924363,0.3004528149811734,25.202265408626097,0.44047619047619047,-1.0565314190810702
room,Spanish (European),0.625,0.2222222222222222,0,0.125,0.25,0.5,0.1111111111111111,0.6666666666666666,0.5,0,0.6428571428571429,0.07142857142857142,0.21428571428571427,0.07142857142857142,nouns,household,0.48521554158959185,0.6257888191901146,-7.721780527722886,0.3001013208722204,25.73057827696376,0.44047619047619047,-0.7231620711193969
rooster,Mandarin (Taiwanese),0.8333333333333334,0.5,0,0,0.16666666666666666,0.25,0.375,0.125,0.75,0,0.6,0.3,0.1,0,nouns,animals,0.8181777158860664,0.5320149015548742,-5.448051637576799,0.1869565792878637,29.140732347205823,0.1125,-0.2006757093917509
sand,Korean,0,0,0.1,1,0,0.9,1,0,0,0,0,0.75,0.25,0,nouns,outside,0.17474979160574464,0.8648017748984381,-8.498999842140162,0.29980533363246264,28.348394403680807,0.125,-1.7444000903968562
sandwich,English (Australian),0.8,0.3333333333333333,0.14285714285714285,0.2,0,0.2857142857142857,0.5,0.16666666666666666,0.5714285714285714,0,0.3333333333333333,0.5,0.16666666666666666,0,nouns,food_drink,0.1148486132808146,0.6754666283773519,-6.952309685677647,0.3001013049629467,23.1665426664374,0.16666666666666666,-2.1641404240965483
sausage,Cantonese,0.8333333333333334,0.3333333333333333,0,0,0.16666666666666666,0,0.2222222222222222,0.3333333333333333,1,0.1111111111111111,0,0.5,0.4,0.1,nouns,food_drink,1.9899760873815195,0.7656860467626797,-7.431490586052488,0.29995931440426765,24.774995238310083,0.3666666666666667,0.6881226222730074
scarf,Hebrew,0.5,0.4,0,0.5,0,0.375,0.4,0.2,0.625,0,0.1111111111111111,0.3333333333333333,0.4444444444444444,0.1111111111111111,nouns,clothing,0.3929458730013753,0.7750337291735132,-8.535971735120505,0.2999011444876683,28.462618072707947,0.3222222222222222,-0.9340834043300803
scissors,Japanese,0.8333333333333334,0.3636363636363637,0,0,0.16666666666666666,0,0.09090909090909093,0.5454545454545454,1,0,0.1,0.3,0.6,0,nouns,household,0.02313759467216004,0.6665199730337654,-8.406759596309056,0.3000207368263517,28.020595126978787,0.5727272727272728,-3.7662965093713874
scissors,Korean,0.8333333333333334,0.3636363636363637,0,0,0.16666666666666666,0,0.09090909090909093,0.5454545454545454,1,0,0.1,0.3,0.6,0,nouns,household,0.42652454841882825,0.71678103254591,-7.109481293193884,0.3000856242620461,23.69150908403935,0.5727272727272728,-0.8520853558666321
seesaw,Mandarin (Taiwanese),0.8,0.2222222222222222,0.14285714285714285,0.2,0,0,0.5555555555555556,0.2222222222222222,0.8571428571428571,0,0.2222222222222222,0.5555555555555556,0.2222222222222222,0,nouns,outside,0.5402191547011717,0.7032268668071759,-8.337196454725937,0.2998985063635149,27.800059946347982,0.2222222222222222,-0.6157803797162156
shark,Mandarin (Taiwanese),0.75,0.625,0.2222222222222222,0.25,0,0,0,0.375,0.7777777777777778,0,0.4444444444444444,0.1111111111111111,0.4444444444444444,0,nouns,animals,0.7160967712372098,0.7132981588808406,-9.356022311291603,0.29962456057633624,31.225819049329715,0.4097222222222222,-0.3339399657949225
sheep,Mandarin (Taiwanese),0.6666666666666666,0.5,0,0.16666666666666666,0.16666666666666666,0,0.25,0.25,1,0,0.5714285714285714,0.2857142857142857,0.07142857142857142,0.07142857142857142,nouns,animals,0.6465341137872419,0.6830842826598468,-6.781226183382573,0.2997646027299993,22.62183767404481,0.1607142857142857,-0.43612931528339655
sheep,Korean,0.6666666666666666,0.5,0,0.16666666666666666,0.16666666666666666,0,0.25,0.25,1,0,0.5714285714285714,0.2857142857142857,0.07142857142857142,0.07142857142857142,nouns,animals,0.04286139555541558,0.7661212799967533,-4.693424724383574,0.18108180965448015,25.918808373624252,0.1607142857142857,-3.1497837286778196
sheep,Spanish (European),0.6666666666666666,0.5,0,0.16666666666666666,0.16666666666666666,0,0.25,0.25,1,0,0.5714285714285714,0.2857142857142857,0.07142857142857142,0.07142857142857142,nouns,animals,0.20460973185359504,0.7248683212992003,-7.4385402056246255,0.3000152844349877,24.793870817726727,0.1607142857142857,-1.5866508613289645
sheep,English (Australian),0.6666666666666666,0.5,0,0.16666666666666666,0.16666666666666666,0,0.25,0.25,1,0,0.5714285714285714,0.2857142857142857,0.07142857142857142,0.07142857142857142,nouns,animals,0.24195687680315267,0.6754666283773519,-6.726401478240392,0.3001557549686464,22.409703518571607,0.1607142857142857,-1.4189957637323658
sheep,Mandarin (Beijing),0.6666666666666666,0.5,0,0.16666666666666666,0.16666666666666666,0,0.25,0.25,1,0,0.5714285714285714,0.2857142857142857,0.07142857142857142,0.07142857142857142,nouns,animals,0.6645761846075459,0.7408270268630217,-5.8540444506816085,0.300138976742921,19.504445954367977,0.1607142857142857,-0.40860575787832504
sheep,Turkish,0.6666666666666666,0.5,0,0.16666666666666666,0.16666666666666666,0,0.25,0.25,1,0,0.5714285714285714,0.2857142857142857,0.07142857142857142,0.07142857142857142,nouns,animals,1.409451523624836,0.7482195373988703,-5.707393896552889,0.21257349739647216,26.849037939607275,0.1607142857142857,0.34320063837671444
ship,Japanese,0.8,0,0,0,0.2,0,0.2222222222222222,0.6666666666666666,1,0.1111111111111111,0.25,0.125,0.625,0,nouns,vehicles,0.30419975882763756,0.6857136217103196,-7.886684341639894,0.30001384592738956,26.287734545253816,0.6458333333333333,-1.190070691965814
shirt,Mandarin (Taiwanese),1,0,0,0,0,0.14285714285714285,0.5555555555555556,0.3333333333333333,0.8571428571428571,0.1111111111111111,0.09090909090909093,0.4545454545454546,0.4545454545454546,0,nouns,clothing,0.8555468585997904,0.7233694509545061,-4.640132228658908,0.1670703916246967,27.77351620197551,0.3939393939393939,-0.15601441380122022
shirt,Russian,1,0,0,0,0,0.14285714285714285,0.5555555555555556,0.3333333333333333,0.8571428571428571,0.1111111111111111,0.09090909090909093,0.4545454545454546,0.4545454545454546,0,nouns,clothing,0.06834513944014353,0.7729096007855639,-7.187342700729758,0.3000859965138325,23.95094334366401,0.3939393939393939,-2.683184831140469
shirt,English (Australian),1,0,0,0,0,0.14285714285714285,0.5555555555555556,0.3333333333333333,0.8571428571428571,0.1111111111111111,0.09090909090909093,0.4545454545454546,0.4545454545454546,0,nouns,clothing,0.1835635103892879,0.7234453472627483,-7.300003067891741,0.3000404908331594,24.330059745006157,0.3939393939393939,-1.6951945657045668
shoe,English (Australian),1,0.2,0,0,0,0,0.2,0.6,1,0,0.125,0.25,0.625,0,nouns,clothing,0.8403086683040375,0.7594293864267947,-4.8815664860564505,0.3002934745422434,16.255985893458842,0.6125,-0.17398599237579043
shoe,English (American),1,0.2,0,0,0,0,0.2,0.6,1,0,0.125,0.25,0.625,0,nouns,clothing,0.4368627959602408,0.8228355690948997,-6.418545033859674,0.37239079743345416,17.23604632041602,0.6125,-0.8281361012392043
shoe,Russian,1,0.2,0,0,0,0,0.2,0.6,1,0,0.125,0.25,0.625,0,nouns,clothing,0.06834513944014353,0.8025948326003077,-7.899596946300099,0.29998493349421684,26.333312324341744,0.6125,-2.683184831140469
shoe,Catalan,1,0.2,0,0,0,0,0.2,0.6,1,0,0.125,0.25,0.625,0,nouns,clothing,2.5820839559775997,0.7612848614747532,-5.563818262552911,0.30024047308375895,18.531206687116953,0.6125,0.9485968077663092
shoe,Korean,1,0.2,0,0,0,0,0.2,0.6,1,0,0.125,0.25,0.625,0,nouns,clothing,0.623755186719802,0.8351976264279324,-6.154318779860206,0.2999678271630317,20.516596189881888,0.6125,-0.4719973165685331
shoe,Mandarin (Taiwanese),1,0.2,0,0,0,0,0.2,0.6,1,0,0.125,0.25,0.625,0,nouns,clothing,0.1818365140305374,0.7535833271754999,-5.143497699760171,0.30030189894367854,17.127756160892048,0.6125,-1.7046472701531867
shoe,Spanish (European),1,0.2,0,0,0,0,0.2,0.6,1,0,0.125,0.25,0.625,0,nouns,clothing,0.20924736945253736,0.7879189135504359,-6.057310837905378,0.30007582007979694,20.18593446247886,0.6125,-1.564238141005611
shoe,Cantonese,1,0.2,0,0,0,0,0.2,0.6,1,0,0.125,0.25,0.625,0,nouns,clothing,0.7967658207043412,0.8563817572859245,-5.393840568922491,0.30015989379982183,17.96989098256968,0.6125,-0.22719446933417856
shoe,French (French),1,0.2,0,0,0,0,0.2,0.6,1,0,0.125,0.25,0.625,0,nouns,clothing,0.3953344317531937,0.8002131837295842,-5.826106725055973,0.29963416971867635,19.444066511259543,0.6125,-0.9280232096313591
shorts,Japanese,0.875,0.125,0.125,0,0.125,0.25,0.5,0.375,0.625,0,0.1,0.5,0.4,0,nouns,clothing,0.6263723179374038,0.6377295000189354,-7.664632112495074,0.3000175191869027,25.54728181630026,0.3875,-0.46781032759143354
shoulder,Russian,0.8333333333333334,0.6,0,0.16666666666666666,0,0,0.1,0.3,1,0,0.6923076923076923,0,0.3076923076923077,0,nouns,body_parts,1.1217464507516888,0.7630145235139818,-9.410110279833605,0.29974013106895453,31.39422888178036,0.3038461538461539,0.11488680184103729
sidewalk,Catalan,0.625,0.4,0.14285714285714285,0.375,0,0.14285714285714285,0.3,0.3,0.7142857142857143,0,0.5,0.25,0.25,0,nouns,outside,0.02812632699373716,0.751548680439824,-8.93586718048062,0.3000463152671357,29.78162612170353,0.275,-3.571049237571045
sidewalk,Hebrew,0.625,0.4,0.14285714285714285,0.375,0,0.14285714285714285,0.3,0.3,0.7142857142857143,0,0.5,0.25,0.25,0,nouns,outside,2.5644795862378245,0.7640924059779651,-7.8943779299500445,0.29989492105889426,26.32381336127971,0.275,0.9417555676820762
skirt,Cantonese,1,0.25,0,0,0,0.3,0.5,0.125,0.7,0.125,0.3,0.3,0.4,0,nouns,clothing,0.29033101143624135,0.7052222397471835,-8.121202553807723,0.2998648965384439,27.08287181179459,0.2625,-1.2367335881790638
sky,Spanish (Mexican),0.16666666666666666,0.4,0,0.8333333333333334,0,1,0.2,0,0,0.4,0.4,0,0.1,0.5,nouns,outside,0.10929338708069412,0.2865143966358333,-7.307039762633304,0.2997926852258778,24.373642596142194,0.05,-2.2137193880939066
sky,Mandarin (Beijing),0.16666666666666666,0.4,0,0.8333333333333334,0,1,0.2,0,0,0.4,0.4,0,0.1,0.5,nouns,outside,1.0662900623897935,0.28696642416969265,-6.693963983733718,0.29981883231923906,22.32669619834342,0.05,0.064185392285348
sled,Russian,1,0.4166666666666667,0,0,0,0,0.16666666666666666,0.4166666666666667,1,0,0.2,0.1,0.7,0,nouns,vehicles,2.0942569998853107,0.8322800644150524,-7.266511581142072,0.2998568560634593,24.23326808843832,0.5583333333333333,0.7391988364768086
slide (object),Turkish,0.5,0.125,0.125,0.2,0.3,0,0.125,0.75,0.875,0,0,0.2222222222222222,0.7777777777777778,0,nouns,outside,0.8977074620531192,0.3286266233885279,-8.624725512198342,0.29971964863659606,28.775976321311003,0.7638888888888888,-0.10791102984107656
slide (object),Korean,0.5,0.125,0.125,0.2,0.3,0,0.125,0.75,0.875,0,0,0.2222222222222222,0.7777777777777778,0,nouns,outside,0.6578590548067682,0.3516632014096754,-7.332340893711969,0.2997876152330268,24.458451654223584,0.7638888888888888,-0.41876457302276
slide (object),English (Australian),0.5,0.125,0.125,0.2,0.3,0,0.125,0.75,0.875,0,0,0.2222222222222222,0.7777777777777778,0,nouns,outside,0.07722194499414872,0.17169008008069123,-7.388257204030617,0.3000090059732617,24.626784719553036,0.7638888888888888,-2.561071600763838
slipper,Cantonese,0.8571428571428571,0.3333333333333333,0,0.14285714285714285,0,0.16666666666666666,0.3333333333333333,0.3333333333333333,0.8333333333333334,0,0.2222222222222222,0.4444444444444444,0.3333333333333333,0,nouns,clothing,0.01640994894689745,0.7455314444241812,-7.768751217790101,0.3001444134883962,25.88337769641828,0.3333333333333333,-4.109867484982025
slipper,French (French),0.8571428571428571,0.3333333333333333,0,0.14285714285714285,0,0.16666666666666666,0.3333333333333333,0.3333333333333333,0.8333333333333334,0,0.2222222222222222,0.4444444444444444,0.3333333333333333,0,nouns,clothing,0.2293706318970283,0.6953404368423126,-6.412183351087394,0.299716083516063,21.394191715920172,0.3333333333333333,-1.472416103855326
snail,Catalan,0.8571428571428571,0.625,0,0.14285714285714285,0,0,0,0.375,1,0,0.7,0.1,0.2,0,nouns,animals,0.20305417269309153,0.7223401373350359,-6.069047423553247,0.3001833693295481,20.21780033020587,0.2875,-1.5942824749841935
snake,Mandarin (Taiwanese),0.8333333333333334,0.3,0,0,0.16666666666666666,0.16666666666666666,0,0.6,0.8333333333333334,0.1,0.6,0.1,0.2,0.1,nouns,animals,0.10443099364417036,0.7837972033964946,-8.237099343707158,0.29960247149732544,27.493429218192183,0.4,-2.259228773605655
snake,English (Australian),0.8333333333333334,0.3,0,0,0.16666666666666666,0.16666666666666666,0,0.6,0.8333333333333334,0.1,0.6,0.1,0.2,0.1,nouns,animals,0.13445686533894613,0.7954134255908423,-6.8284287087289375,0.3001300505284763,22.75156618507635,0.4,-2.0065118351763616
snow,Korean,0.2,0.15384615384615383,0,0.8,0,1,0.6153846153846154,0,0,0.2307692307692308,0.1111111111111111,0.4444444444444444,0,0.4444444444444444,nouns,outside,1.0124256292209728,0.71678103254591,-7.375054199791893,0.2999804119112599,24.585119250964887,0,0.012349064679519819
snowman,Japanese,0.4444444444444444,0.1,0,0.5555555555555556,0,0.6666666666666666,0.5,0.4,0.3333333333333333,0,0.2222222222222222,0.4444444444444444,0.2222222222222222,0.1111111111111111,nouns,outside,0.2233884483081678,0.464986661929951,-9.460222736346626,0.2999897343510893,31.5351548839167,0.3111111111111111,-1.4988431022418585
soap,Mandarin (Taiwanese),0.3333333333333333,0.13333333333333333,0.3333333333333333,0.5555555555555556,0.1111111111111111,0,0.8,0.06666666666666667,0.6666666666666666,0,0.09090909090909093,0.7272727272727273,0.18181818181818185,0,nouns,household,0.0881063955493428,0.7132981588808406,-8.150983821413051,0.29995969996607297,27.173596394232195,0.12424242424242427,-2.429210154471171
sock,French (French),0.8888888888888888,0,0,0.1111111111111111,0,0.25,0.625,0.375,0.75,0,0.1111111111111111,0.4444444444444444,0.3333333333333333,0.1111111111111111,nouns,clothing,0.04236656591189351,0.7430098672456179,-5.969308319445122,0.2994932033094003,19.93136489738083,0.35416666666666663,-3.16139576761911
sock,Spanish (European),0.8888888888888888,0,0,0.1111111111111111,0,0.25,0.625,0.375,0.75,0,0.1111111111111111,0.4444444444444444,0.3333333333333333,0.1111111111111111,nouns,clothing,2.336808667644999,0.7338755487636623,-6.451921746635079,0.30008232134188306,21.50050598710352,0.35416666666666663,0.8487861812787119
sock,English (Australian),0.8888888888888888,0,0,0.1111111111111111,0,0.25,0.625,0.375,0.75,0,0.1111111111111111,0.4444444444444444,0.3333333333333333,0.1111111111111111,nouns,clothing,0.16838213280217448,0.6874613080987008,-5.602273941368021,0.30020826183614774,18.66129168832041,0.35416666666666663,-1.781519282552445
sock,Japanese,0.8888888888888888,0,0,0.1111111111111111,0,0.25,0.625,0.375,0.75,0,0.1111111111111111,0.4444444444444444,0.3333333333333333,0.1111111111111111,nouns,clothing,0.02313759467216004,0.7241009190634271,-6.66528424951129,0.3000059990889444,22.21716988911011,0.35416666666666663,-3.7662965093713874
sock,Cantonese,0.8888888888888888,0,0,0.1111111111111111,0,0.25,0.625,0.375,0.75,0,0.1111111111111111,0.4444444444444444,0.3333333333333333,0.1111111111111111,nouns,clothing,0.3142358261564562,0.7959179502704282,-6.173681917368402,0.3000375653877499,20.57636319435508,0.35416666666666663,-1.1576115362475001
sock,Korean,0.8888888888888888,0,0,0.1111111111111111,0,0.25,0.625,0.375,0.75,0,0.1111111111111111,0.4444444444444444,0.3333333333333333,0.1111111111111111,nouns,clothing,0.3131168241572082,0.7759893294869216,-6.234920448787451,0.2998927334265866,20.79050191562495,0.35416666666666663,-1.161178917959874
soda,Hebrew,0.1111111111111111,0.3333333333333333,0,0.7777777777777778,0.1111111111111111,0.8333333333333334,0.6666666666666666,0,0.16666666666666666,0,0.7,0.3,0,0,nouns,food_drink,1.8372143628155249,0.7750337291735132,-9.143080873858478,0.2999000641925434,30.487092086743903,0,0.6082504912135589
soda,English (American),0.1111111111111111,0.3333333333333333,0,0.7777777777777778,0.1111111111111111,0.8333333333333334,0.6666666666666666,0,0.16666666666666666,0,0.7,0.3,0,0,nouns,food_drink,0.08978389470259451,0.8228355690948997,-5.5206007917683015,0.1814765668173932,30.42046082634616,0,-2.4103496660547283
song,Cantonese,0.6666666666666666,1,0.1111111111111111,0.2222222222222222,0.1111111111111111,0.8888888888888888,0,0,0,0,1,0,0,0,nouns,toys,0.6155716688825861,0.3424393976542033,-6.66153257270176,0.29999678520306416,22.205346527939124,0,-0.485203900034568
soup,Mandarin (Taiwanese),0.25,0.5,0,0.75,0,1,0.5,0,0,0,0.8181818181818182,0.09090909090909093,0.09090909090909093,0,nouns,food_drink,1.7751575883517852,0.5018010253338795,-6.738796540794943,0.30000829634739035,22.462033959860392,0.04545454545454546,0.5738892011564953
soup,Russian,0.25,0.5,0,0.75,0,1,0.5,0,0,0,0.8181818181818182,0.09090909090909093,0.09090909090909093,0,nouns,food_drink,0.06834513944014353,0.5552179008107706,-6.344302045130923,0.30014631412277487,21.137364500620805,0.04545454545454546,-2.683184831140469
soup,Mandarin (Beijing),0.25,0.5,0,0.75,0,1,0.5,0,0,0,0.8181818181818182,0.09090909090909093,0.09090909090909093,0,nouns,food_drink,0.5748104811569636,0.5592827857856896,-6.001053309702334,0.2999655451222979,20.00580869131375,0.04545454545454546,-0.5537148905020309
soup,Catalan,0.25,0.5,0,0.75,0,1,0.5,0,0,0,0.8181818181818182,0.09090909090909093,0.09090909090909093,0,nouns,food_drink,0.6423556649320753,0.5178803356015205,-6.59344168652293,0.30024540147383477,21.960175423694285,0.04545454545454546,-0.44261313346957526
soup,Turkish,0.25,0.5,0,0.75,0,1,0.5,0,0,0,0.8181818181818182,0.09090909090909093,0.09090909090909093,0,nouns,food_drink,0.02207077257689924,0.5683940028230086,-6.896152928842696,0.2998551053837473,22.998284188015298,0.04545454545454546,-3.8135010535763265
sour cream,Russian,0.3333333333333333,0.42857142857142855,0,0.6666666666666666,0,1,0.2857142857142857,0.14285714285714285,0,0.14285714285714285,0.3,0.7,0,0,nouns,food_drink,0.517668595296094,0.7036440598844932,-8.045353774294789,0.2997547394741832,26.839788383021403,0.07142857142857142,-0.6584200188882281
spaghetti,Catalan,0.5,0.3333333333333333,0,0.3333333333333333,0.16666666666666666,0.5,0.4444444444444444,0.2222222222222222,0.5,0,0.1,0.4,0.5,0,nouns,food_drink,1.1491102270992528,0.7904934045795413,-7.804577973881209,0.3000790395872267,26.008407600266867,0.3611111111111111,0.13898792733692222
spider,Turkish,0.6666666666666666,0.5454545454545454,0.25,0.3333333333333333,0,0.375,0,0.3636363636363637,0.375,0.09090909090909093,0.7272727272727273,0.18181818181818185,0.09090909090909093,0,nouns,animals,0.47107142015925185,0.8181516897339267,-6.622023180960619,0.2195866948705437,30.156759656429102,0.22727272727272732,-0.7527455613035205
spider,Mandarin (Taiwanese),0.6666666666666666,0.5454545454545454,0.25,0.3333333333333333,0,0.375,0,0.3636363636363637,0.375,0.09090909090909093,0.7272727272727273,0.18181818181818185,0.09090909090909093,0,nouns,animals,0.874313906602454,0.7535833271754999,-5.960496083795133,0.20678257851354684,28.824943216406627,0.22727272727272732,-0.13431580693705536
spoon,English (Australian),1,0,0,0,0,0,0.2222222222222222,0.7777777777777778,1,0,0,0.125,0.75,0.125,nouns,household,0.558095030724402,0.747434706705446,-5.983231443818128,0.3001686608709063,19.932898479336387,0.7638888888888888,-0.5832260251435297
spoon,Mandarin (Taiwanese),1,0,0,0,0,0,0.2222222222222222,0.7777777777777778,1,0,0,0.125,0.75,0.125,nouns,household,0.7029915860537087,0.7435120351018353,-6.646194393651019,0.300153295126602,22.14266676915112,0.7638888888888888,-0.3524103558722451
spoon,English (American),1,0,0,0,0,0,0.2222222222222222,0.7777777777777778,1,0,0,0.125,0.75,0.125,nouns,household,0.2037919948808733,0.8136735361267308,-6.279212521224768,0.30040314126930057,20.90261937572643,0.7638888888888888,-1.590655438254104
spoon,Catalan,1,0,0,0,0,0,0.2222222222222222,0.7777777777777778,1,0,0,0.125,0.75,0.125,nouns,household,0.2684006323603044,0.751548680439824,-6.565663009969845,0.3003433177748256,21.860526342364896,0.7638888888888888,-1.315274517850484
spoon,Mandarin (Beijing),1,0,0,0,0,0,0.2222222222222222,0.7777777777777778,1,0,0,0.125,0.75,0.125,nouns,household,0.04011999599038914,0.8013417738887985,-5.659755032028987,0.3002246543121676,18.85173302970677,0.7638888888888888,-3.2158804158288574
spoon,Russian,1,0,0,0,0,0,0.2222222222222222,0.7777777777777778,1,0,0,0.125,0.75,0.125,nouns,household,0.2965973043293644,0.7926997553287265,-6.769195526938516,0.30009823284171283,22.556599093700548,0.7638888888888888,-1.215379937892215
spoon,Turkish,1,0,0,0,0,0,0.2222222222222222,0.7777777777777778,1,0,0,0.125,0.75,0.125,nouns,household,0.05159727567496728,0.8081613822574901,-6.976056940753022,0.2999150763668268,23.260107578655337,0.7638888888888888,-2.9642864048851885
spoon,French (French),1,0,0,0,0,0,0.2222222222222222,0.7777777777777778,1,0,0,0.125,0.75,0.125,nouns,household,0.22845677224417923,0.7906792976489233,-6.410472673953152,0.299637303491329,21.39410747346637,0.7638888888888888,-1.476408267095413
spoon,Japanese,1,0,0,0,0,0,0.2222222222222222,0.7777777777777778,1,0,0,0.125,0.75,0.125,nouns,household,0.1788433511671452,0.7720850407548114,-7.21407027796779,0.30000319394124264,24.046644914656166,0.7638888888888888,-1.7212449894383886
sprinkler,Hebrew,0.875,0.5,0,0.125,0,0.16666666666666666,0.375,0.125,0.8333333333333334,0,0.625,0.25,0.125,0,nouns,outside,1.3796897125634286,0.6875031436091261,-9.676698554706212,0.2998474925578229,32.27206761730765,0.125,0.3218586279189389
squirrel,Hebrew,0.875,0.375,0,0.125,0,0.16666666666666666,0,0.625,0.8333333333333334,0,0.7272727272727273,0,0.2727272727272727,0,nouns,animals,0.13700008054865984,0.6875031436091261,-8.934382222687761,0.29995229801406387,29.78601024843242,0.44886363636363635,-1.9877737652077627
squirrel,Japanese,0.875,0.375,0,0.125,0,0.16666666666666666,0,0.625,0.8333333333333334,0,0.7272727272727273,0,0.2727272727272727,0,nouns,animals,0.2650576038520816,0.704907270386873,-8.447916274002225,0.29996727891470293,28.162792637141028,0.44886363636363635,-1.327808103591285
squirrel,Korean,0.875,0.375,0,0.125,0,0.16666666666666666,0,0.625,0.8333333333333334,0,0.7272727272727273,0,0.2727272727272727,0,nouns,animals,0.5226161886650829,0.7562532305065841,-8.081954448898449,0.29971439627610785,26.96551967244529,0.44886363636363635,-0.6489079492129832
stairs,Mandarin (Beijing),0.42857142857142855,0.1,0,0.2857142857142857,0.2857142857142857,0,0.5,0.4,1,0,0.1,0,0.9,0,nouns,furniture_rooms,0.4830075737563252,0.8416849385726499,-6.897904300341725,0.3001375286946701,22.982478500244344,0.65,-0.7277229447975869
stairs,Mandarin (Beijing),0.42857142857142855,0.1,0,0.2857142857142857,0.2857142857142857,0,0.5,0.4,1,0,0.1,0,0.9,0,nouns,outside,0.4830075737563252,0.8416849385726499,-6.897904300341725,0.3001375286946701,22.982478500244344,0.65,-0.7277229447975869
stairs,Japanese,0.42857142857142855,0.1,0,0.2857142857142857,0.2857142857142857,0,0.5,0.4,1,0,0.1,0,0.9,0,nouns,furniture_rooms,0.3760123477774085,0.810472338107919,-8.020533226216198,0.3000185447924797,26.733458199272093,0.65,-0.9781332962979248
star,Korean,0.3333333333333333,0.1,0.6666666666666666,0.5,0.16666666666666666,0.3333333333333333,0.1,0.8,0,0,0.06666666666666667,0.13333333333333333,0.6666666666666666,0.13333333333333333,nouns,outside,0.1252524148456194,0.5588922407032143,-7.4120562940493455,0.299903330949601,24.714818173509876,0.7333333333333334,-2.0774242589984775
star,Russian,0.3333333333333333,0.1,0.6666666666666666,0.5,0.16666666666666666,0.3333333333333333,0.1,0.8,0,0,0.06666666666666667,0.13333333333333333,0.6666666666666666,0.13333333333333333,nouns,outside,0.568462204793825,0.5255326689960267,-8.684847631743214,0.2999052033578806,28.95864271277573,0.7333333333333334,-0.5648204503343561
star,Mandarin (Taiwanese),0.3333333333333333,0.1,0.6666666666666666,0.5,0.16666666666666666,0.3333333333333333,0.1,0.8,0,0,0.06666666666666667,0.13333333333333333,0.6666666666666666,0.13333333333333333,nouns,outside,0.5526253114901228,0.4715871491128857,-7.30308974634652,0.2998791156423,24.353445656608333,0.7333333333333334,-0.5930750631803847
star,Spanish (Mexican),0.3333333333333333,0.1,0.6666666666666666,0.5,0.16666666666666666,0.3333333333333333,0.1,0.8,0,0,0.06666666666666667,0.13333333333333333,0.6666666666666666,0.13333333333333333,nouns,outside,0.20123448079743397,0.5134578622467437,-7.485118487689803,0.29979090422773086,24.967797161730648,0.7333333333333334,-1.603284479706923
star,Mandarin (Beijing),0.3333333333333333,0.1,0.6666666666666666,0.5,0.16666666666666666,0.3333333333333333,0.1,0.8,0,0,0.06666666666666667,0.13333333333333333,0.6666666666666666,0.13333333333333333,nouns,outside,0.2975693991451067,0.5290254122728016,-6.26862264727717,0.3000783515409547,20.88995295757491,0.7333333333333334,-1.21210780676337
star,Cantonese,0.3333333333333333,0.1,0.6666666666666666,0.5,0.16666666666666666,0.3333333333333333,0.1,0.8,0,0,0.06666666666666667,0.13333333333333333,0.6666666666666666,0.13333333333333333,nouns,outside,0.0784359474385127,0.5742173245469409,-7.551955111453301,0.2998162710963804,25.188609957148095,0.7333333333333334,-2.5454729434645174
stick,English (Australian),0.6666666666666666,0,0.16666666666666666,0.1111111111111111,0.2222222222222222,0,0.7272727272727273,0.2727272727272727,0.8333333333333334,0,0.2352941176470588,0.5294117647058824,0.2352941176470588,0,nouns,outside,0.5287087581208637,0.3036315570155303,-7.334769057266326,0.3000621606560811,24.44416530637842,0.25401069518716574,-0.6373175504895056
stick,English (American),0.6666666666666666,0,0.16666666666666666,0.1111111111111111,0.2222222222222222,0,0.7272727272727273,0.2727272727272727,0.8333333333333334,0,0.2352941176470588,0.5294117647058824,0.2352941176470588,0,nouns,outside,0.179522855532457,0.4746783163044731,-7.451271970162078,0.29982820270379856,24.851804810113936,0.25401069518716574,-1.7174527502878094
stool,Catalan,1,0.375,0.2,0,0,0,0.125,0.5,0.8,0,0.3333333333333333,0.5,0.16666666666666666,0,nouns,furniture_rooms,2.7296767945811857,0.6931315942302486,-8.892549386982264,0.30002607859528274,29.63925478950709,0.3333333333333333,1.0041832119248861
stool,Mandarin (Beijing),1,0.375,0.2,0,0,0,0.125,0.5,0.8,0,0.3333333333333333,0.5,0.16666666666666666,0,nouns,furniture_rooms,0.08399437899637442,0.7408270268630217,-6.331343940249269,0.30012209239512394,21.09589430662031,0.3333333333333333,-2.4770053990876746
story,French (French),0.3333333333333333,0.7333333333333333,0.375,0.6666666666666666,0,0.625,0.2,0.06666666666666667,0,0,1,0,0,0,nouns,toys,0.5265707404366133,-0.7919457917408195,-7.725175815384791,0.2997513818138557,25.771943964488848,0.03333333333333333,-0.6413695966299428
story,Russian,0.3333333333333333,0.7333333333333333,0.375,0.6666666666666666,0,0.625,0.2,0.06666666666666667,0,0,1,0,0,0,nouns,toys,0.592354302985244,-0.8498830717538006,-7.792128962374893,0.29982190526181446,25.989191668869378,0.03333333333333333,-0.5236503383463472
story,English (American),0.3333333333333333,0.7333333333333333,0.375,0.6666666666666666,0,0.625,0.2,0.06666666666666667,0,0,1,0,0,0,nouns,toys,0.4688019276066418,-0.7072239365893437,-7.556407759138771,0.30016796646905164,25.173931275967327,0.03333333333333333,-0.7575749289388759
story,Mandarin (Beijing),0.3333333333333333,0.7333333333333333,0.375,0.6666666666666666,0,0.625,0.2,0.06666666666666667,0,0,1,0,0,0,nouns,toys,1.4394438551031876,-0.872899560491037,-6.706867431149552,0.3002450318462206,22.33797971579651,0.03333333333333333,0.3642568272550521
story,Turkish,0.3333333333333333,0.7333333333333333,0.375,0.6666666666666666,0,0.625,0.2,0.06666666666666667,0,0,1,0,0,0,nouns,toys,0.36073528780218894,-0.8502296588310061,-8.342974576659216,0.29956032321322423,27.850732991500895,0.03333333333333333,-1.01961086441289
story,Cantonese,0.3333333333333333,0.7333333333333333,0.375,0.6666666666666666,0,0.625,0.2,0.06666666666666667,0,0,1,0,0,0,nouns,toys,0.5580321609889178,-0.8265275379787318,-8.477031650584404,0.3001834099775346,28.23950747717476,0.03333333333333333,-0.5833386820808706
story,English (Australian),0.3333333333333333,0.7333333333333333,0.375,0.6666666666666666,0,0.625,0.2,0.06666666666666667,0,0,1,0,0,0,nouns,toys,0.8789821464116458,-1.2436821270384997,-7.064174937690887,0.30015393685411,23.535173357144515,0.03333333333333333,-0.12899069275278593
strawberry,Catalan,1,0.1,0.14285714285714285,0,0,0.07142857142857142,0.3,0.2,0.7857142857142857,0.4,0.4545454545454546,0,0.2727272727272727,0.2727272727272727,nouns,food_drink,1.0146334430050374,0.7904934045795413,-7.581015059406538,0.3000135793561091,25.26890641309289,0.23636363636363636,0.014527407370518936
strawberry,Mandarin (Taiwanese),1,0.1,0.14285714285714285,0,0,0.07142857142857142,0.3,0.2,0.7857142857142857,0.4,0.4545454545454546,0,0.2727272727272727,0.2727272727272727,nouns,food_drink,0.41056075759843896,0.7837972033964946,-7.010240950838436,0.2999931078517803,23.368006688680445,0.23636363636363636,-0.8902313522758807
strawberry,Mandarin (Beijing),1,0.1,0.14285714285714285,0,0,0.07142857142857142,0.3,0.2,0.7857142857142857,0.4,0.4545454545454546,0,0.2727272727272727,0.2727272727272727,nouns,food_drink,0.1506825564814312,0.8416849385726499,-6.431061822616999,0.30018111458583746,21.42393878272453,0.23636363636363636,-1.8925799300065551
strawberry,Korean,1,0.1,0.14285714285714285,0,0,0.07142857142857142,0.3,0.2,0.7857142857142857,0.4,0.4545454545454546,0,0.2727272727272727,0.2727272727272727,nouns,food_drink,0.9281983119565806,0.8648017748984381,-6.237385093354758,0.3000097199527538,20.79061003202508,0.23636363636363636,-0.0745098707970766
strawberry,Japanese,1,0.1,0.14285714285714285,0,0,0.07142857142857142,0.3,0.2,0.7857142857142857,0.4,0.4545454545454546,0,0.2727272727272727,0.2727272727272727,nouns,food_drink,0.3760123477774085,0.810472338107919,-6.786664698712599,0.3000489797162184,22.618522832943206,0.23636363636363636,-0.9781332962979248
strawberry,English (Australian),1,0.1,0.14285714285714285,0,0,0.07142857142857142,0.3,0.2,0.7857142857142857,0.4,0.4545454545454546,0,0.2727272727272727,0.2727272727272727,nouns,food_drink,0.04738639887167378,0.7954134255908423,-7.151980472147507,0.3001020005012326,23.83183204444561,0.23636363636363636,-3.0494200350928824
street,Cantonese,0.6666666666666666,0.7272727272727273,0,0.16666666666666666,0.16666666666666666,0.5714285714285714,0.18181818181818185,0.09090909090909093,0.42857142857142855,0,0.75,0.16666666666666666,0.08333333333333333,0,nouns,outside,0.6404691457814543,0.6346811315624371,-4.449752354118185,0.1819483651290158,24.45612715982888,0.08712121212121213,-0.4455543308876987
street,Korean,0.6666666666666666,0.7272727272727273,0,0.16666666666666666,0.16666666666666666,0.5714285714285714,0.18181818181818185,0.09090909090909093,0.42857142857142855,0,0.75,0.16666666666666666,0.08333333333333333,0,nouns,outside,0.28377349118499595,0.6181005376442251,-9.071422130689148,0.2997593476763238,30.262349451348385,0.08712121212121213,-1.2595789252961218
street,Turkish,0.6666666666666666,0.7272727272727273,0,0.16666666666666666,0.16666666666666666,0.5714285714285714,0.18181818181818185,0.09090909090909093,0.42857142857142855,0,0.75,0.16666666666666666,0.08333333333333333,0,nouns,outside,0.3943646762294097,0.598364925252319,-8.328518193081043,0.2997721840481802,27.782825212837167,0.08712121212121213,-0.9304792235775454
stroller,Cantonese,0.8333333333333334,0.1111111111111111,0,0.16666666666666666,0,0,0.2222222222222222,0.6666666666666666,1,0,0.4444444444444444,0.2222222222222222,0.3333333333333333,0,nouns,furniture_rooms,0.4707721426429911,0.8463044561166753,-7.872744755994963,0.300005013649731,26.24204395859443,0.5,-0.7533810756036723
stroller,Mandarin (Taiwanese),0.8333333333333334,0.1111111111111111,0,0.16666666666666666,0,0,0.2222222222222222,0.6666666666666666,1,0,0.4444444444444444,0.2222222222222222,0.3333333333333333,0,nouns,vehicles,0.569160933997297,0.7435120351018353,-5.519721041175897,0.1940722897665531,28.4415721987693,0.5,-0.5635920482959131
sugar,Mandarin (Taiwanese),0.16666666666666666,0.18181818181818185,0.14285714285714285,0.8333333333333334,0,0.7142857142857143,0.8181818181818182,0,0.14285714285714285,0,0.3636363636363637,0.6363636363636364,0,0,nouns,food_drink,0.18521982573628604,0.6528704064388521,-5.450818752137556,0.21122209258923555,25.80610146088167,0,-1.6862119120876329
sun,English (Australian),0.16666666666666666,0.3333333333333333,0.6666666666666666,0.5,0.3333333333333333,0.3333333333333333,0.4444444444444444,0.2222222222222222,0,0,0.3333333333333333,0.06666666666666667,0.26666666666666666,0.3333333333333333,nouns,outside,0.07893543420990655,0.5915038703279082,-6.800406544462097,0.3001375869675887,22.657630499296513,0.24444444444444444,-2.5391250491596264
sun,Mandarin (Taiwanese),0.16666666666666666,0.3333333333333333,0.6666666666666666,0.5,0.3333333333333333,0.3333333333333333,0.4444444444444444,0.2222222222222222,0,0,0.3333333333333333,0.06666666666666667,0.26666666666666666,0.3333333333333333,nouns,outside,0.13545604174546175,0.6125852381441927,-7.352112502578013,0.3000389175596868,24.50386290676927,0.24444444444444444,-1.9991081064590082
sun,Korean,0.16666666666666666,0.3333333333333333,0.6666666666666666,0.5,0.3333333333333333,0.3333333333333333,0.4444444444444444,0.2222222222222222,0,0,0.3333333333333333,0.06666666666666667,0.26666666666666666,0.3333333333333333,nouns,outside,2.5681536038274477,0.6970449335655733,-7.732664243707948,0.2999423065756168,25.78050536448251,0.24444444444444444,0.9431871986134457
sun,Cantonese,0.16666666666666666,0.3333333333333333,0.6666666666666666,0.5,0.3333333333333333,0.3333333333333333,0.4444444444444444,0.2222222222222222,0,0,0.3333333333333333,0.06666666666666667,0.26666666666666666,0.3333333333333333,nouns,outside,0.41721345486640143,0.7152995409164327,-7.674826959228152,0.300104146477693,25.57387843289472,0.24444444444444444,-0.8741573059766997
sun,French (French),0.16666666666666666,0.3333333333333333,0.6666666666666666,0.5,0.3333333333333333,0.3333333333333333,0.4444444444444444,0.2222222222222222,0,0,0.3333333333333333,0.06666666666666667,0.26666666666666666,0.3333333333333333,nouns,outside,0.0998549818736577,0.666738778600329,-7.092021012815915,0.29983429170013376,23.65313511207281,0.24444444444444444,-2.3040363267880135
sun,Turkish,0.16666666666666666,0.3333333333333333,0.6666666666666666,0.5,0.3333333333333333,0.3333333333333333,0.4444444444444444,0.2222222222222222,0,0,0.3333333333333333,0.06666666666666667,0.26666666666666666,0.3333333333333333,nouns,outside,0.02207077257689924,0.6782873850638128,-7.782101659202023,0.29989118202966347,25.94975152831357,0.24444444444444444,-3.8135010535763265
sun,Mandarin (Beijing),0.16666666666666666,0.3333333333333333,0.6666666666666666,0.5,0.3333333333333333,0.3333333333333333,0.4444444444444444,0.2222222222222222,0,0,0.3333333333333333,0.06666666666666667,0.26666666666666666,0.3333333333333333,nouns,outside,0.4086825953157149,0.6702264886662813,-6.275506551720688,0.3002547331788478,20.90060824447573,0.24444444444444444,-0.8948164747952894
sun,Spanish (Mexican),0.16666666666666666,0.3333333333333333,0.6666666666666666,0.5,0.3333333333333333,0.3333333333333333,0.4444444444444444,0.2222222222222222,0,0,0.3333333333333333,0.06666666666666667,0.26666666666666666,0.3333333333333333,nouns,outside,0.3862502965427221,0.6458415505197744,-6.583352733802677,0.29997444220612385,21.946378782759783,0.24444444444444444,-0.9512696830223287
sweater,Hebrew,0.75,0,0,0.25,0,0.42857142857142855,0.5454545454545454,0.3636363636363637,0.5714285714285714,0.09090909090909093,0.09090909090909093,0.7272727272727273,0.18181818181818185,0,nouns,clothing,0.5140126988798522,0.5671485884580947,-8.028207776782589,0.2999667908340775,26.76365525150176,0.27272727272727276,-0.6655073078402295
sweets,Japanese,0.8333333333333334,0.2222222222222222,0,0,0.16666666666666666,0.5,0.4444444444444444,0.1111111111111111,0.5,0.2222222222222222,0.4,0.6,0,0,nouns,food_drink,0.1309957004263578,0.6665199730337654,-7.420425285887605,0.300015191100336,24.733498522766286,0.05555555555555555,-2.032590777492453
swimsuit,Catalan,0.9166666666666666,0.2,0,0.08333333333333333,0,0.2,0.6,0.1,0.8,0.1,0.2,0.8,0,0,nouns,clothing,2.7296767945811857,0.5762974218110968,-8.15434613697953,0.30011735615968005,27.170525028352372,0.05,1.0041832119248861
swing (object),Spanish (Mexican),0.8333333333333334,0.25,0.14285714285714285,0.16666666666666666,0,0,0.125,0.625,0.8571428571428571,0,0.6666666666666666,0.08333333333333333,0.25,0,nouns,outside,0.47627020870649406,0.37161819623992454,-7.674394484283545,0.29981310409626943,25.59726169213508,0.4375,-0.7417699204619647
swing (object),Korean,0.8333333333333334,0.25,0.14285714285714285,0.16666666666666666,0,0,0.125,0.625,0.8571428571428571,0,0.6666666666666666,0.08333333333333333,0.25,0,nouns,outside,0.08540119119923828,0.41087149835068615,-7.418182291656599,0.29978435028217587,24.745061857545732,0.4375,-2.4603952298160596
t-shirt,Turkish,1,0.1111111111111111,0,0,0,0.42857142857142855,0.4444444444444444,0.4444444444444444,0.5714285714285714,0,0.16666666666666666,0.6666666666666666,0.16666666666666666,0,nouns,clothing,1.7056144204292207,0.7781904598281797,-8.665381290696512,0.29984698648843494,28.899344269483713,0.3055555555555555,0.5339254097081152
t-shirt,French (French),1,0.1111111111111111,0,0,0,0.42857142857142855,0.4444444444444444,0.4444444444444444,0.5714285714285714,0,0.16666666666666666,0.6666666666666666,0.16666666666666666,0,nouns,clothing,0.8733543889638125,0.7620776394069397,-7.880581573393236,0.29979315520236915,26.2867294887824,0.3055555555555555,-0.13541386168518493
table,Spanish (European),1,0.2222222222222222,0,0,0,0,0.3333333333333333,0.4444444444444444,1,0,0.07142857142857142,0.2857142857142857,0.6428571428571429,0,nouns,household,0.4884374166224193,0.7248683212992003,-6.941809989096751,0.3001392212266736,23.12863330798777,0.5436507936507937,-0.7165439290690163
table,Japanese,1,0.2222222222222222,0,0,0,0,0.3333333333333333,0.4444444444444444,1,0,0.07142857142857142,0.2857142857142857,0.6428571428571429,0,nouns,furniture_rooms,0.05183777831623328,0.7145040947251505,-8.059573545559571,0.3000087521540955,26.864461412178663,0.5436507936507937,-2.959636084410628
table,English (Australian),1,0.2222222222222222,0,0,0,0,0.3333333333333333,0.4444444444444444,1,0,0.07142857142857142,0.2857142857142857,0.6428571428571429,0,nouns,furniture_rooms,0.8452693589062843,0.6754666283773519,-6.988357725572186,0.30023148151069234,23.276565436803818,0.5436507936507937,-0.16809993448423632
table,Catalan,1,0.2222222222222222,0,0,0,0,0.3333333333333333,0.4444444444444444,1,0,0.07142857142857142,0.2857142857142857,0.6428571428571429,0,nouns,furniture_rooms,0.28182422972793797,0.6931315942302486,-6.963174188874565,0.3002974644291805,23.187589019809053,0.5436507936507937,-1.2664717012125983
table,Russian,1,0.2222222222222222,0,0,0,0,0.3333333333333333,0.4444444444444444,1,0,0.07142857142857142,0.2857142857142857,0.6428571428571429,0,nouns,furniture_rooms,0.06834513944014353,0.7333292916992379,-7.680105974218981,0.29984893522434075,25.61325078067356,0.5436507936507937,-2.683184831140469
table,Cantonese,1,0.2222222222222222,0,0,0,0,0.3333333333333333,0.4444444444444444,1,0,0.07142857142857142,0.2857142857142857,0.6428571428571429,0,nouns,furniture_rooms,0.10690841264767624,0.785840649101179,-7.139409424568521,0.3002024100629324,23.78198570448473,0.5436507936507937,-2.2357827676240003
table,Mandarin (Beijing),1,0.2222222222222222,0,0,0,0,0.3333333333333333,0.4444444444444444,1,0,0.07142857142857142,0.2857142857142857,0.6428571428571429,0,nouns,furniture_rooms,1.1380984012597688,0.7408270268630217,-6.132836270326064,0.30027499659933554,20.424065739010768,0.5436507936507937,0.12935880055976726
table,Mandarin (Taiwanese),1,0.2222222222222222,0,0,0,0,0.3333333333333333,0.4444444444444444,1,0,0.07142857142857142,0.2857142857142857,0.6428571428571429,0,nouns,furniture_rooms,1.4068590299777146,0.6830842826598468,-7.085156262227551,0.3000446893108341,23.61366994530477,0.5436507936507937,0.34135958119921345
table,Spanish (Mexican),1,0.2222222222222222,0,0,0,0,0.3333333333333333,0.4444444444444444,1,0,0.07142857142857142,0.2857142857142857,0.6428571428571429,0,nouns,furniture_rooms,0.6289060554783035,0.7120333946562902,-6.434737096772561,0.30004197548192607,21.446122951420765,0.5436507936507937,-0.46377338879672686
table,French (French),1,0.2222222222222222,0,0,0,0,0.3333333333333333,0.4444444444444444,1,0,0.07142857142857142,0.2857142857142857,0.6428571428571429,0,nouns,furniture_rooms,0.5665508747908188,0.733475981164957,-7.040058645781441,0.299786451788445,23.48357840650354,0.5436507936507937,-0.5681883970903538
table,English (American),1,0.2222222222222222,0,0,0,0,0.3333333333333333,0.4444444444444444,1,0,0.07142857142857142,0.2857142857142857,0.6428571428571429,0,nouns,furniture_rooms,0.4409596643557177,0.7587013383177165,-8.11136079204879,0.34146482416489243,23.754601405536977,0.5436507936507937,-0.8188018717643736
tangerine,Korean,0.75,0,0,0.125,0.125,0,0.42857142857142855,0.14285714285714285,1,0.42857142857142855,0.5,0.125,0.25,0.125,nouns,food_drink,0.1252524148456194,0.6773088345852358,-6.428877453975426,0.29997562778113723,21.431332610347756,0.19642857142857142,-2.0774242589984775
tape (object),English (Australian),0.7142857142857143,0.1111111111111111,0.16666666666666666,0.2857142857142857,0,0.16666666666666666,0.7777777777777778,0.1111111111111111,0.6666666666666666,0,0,0.75,0.25,0,nouns,household,0.4007247942794879,0.6754666283773519,-8.756759298447601,0.29999466641515515,29.1897166142592,0.18055555555555555,-0.9144803858411198
tape (object),English (American),0.7142857142857143,0.1111111111111111,0.16666666666666666,0.2857142857142857,0,0.16666666666666666,0.7777777777777778,0.1111111111111111,0.6666666666666666,0,0,0.75,0.25,0,nouns,household,0.0738251818351501,0.7587013383177165,-8.121514787003587,0.30002618342198617,27.06935339566912,0.18055555555555555,-2.6060553882986297
taxi,Mandarin (Beijing),0.3333333333333333,0.5454545454545454,0.2,0.6666666666666666,0,0,0.09090909090909093,0.3636363636363637,0.8,0,0.625,0,0.25,0.125,nouns,vehicles,2.5643921482727157,0.7710844003759096,-7.335213879683065,0.3000474843847086,24.446843454545196,0.3068181818181819,0.9417214713078079
taxi,Korean,0.3333333333333333,0.5454545454545454,0.2,0.6666666666666666,0,0,0.09090909090909093,0.3636363636363637,0.8,0,0.625,0,0.25,0.125,nouns,vehicles,0.09896661528938304,0.7957254284672582,-7.6544193536975875,0.29995081171179977,25.518915284857258,0.3068181818181819,-2.312972705017922
taxi,Mandarin (Taiwanese),0.3333333333333333,0.5454545454545454,0.2,0.6666666666666666,0,0,0.09090909090909093,0.3636363636363637,0.8,0,0.625,0,0.25,0.125,nouns,vehicles,0.18857870898565027,0.7132981588808406,-8.558577060034343,0.29973195985406875,28.554102352652947,0.3068181818181819,-1.668239804945077
tea,Mandarin (Taiwanese),0,0.4444444444444444,0.25,1,0,0.75,0.4444444444444444,0.1111111111111111,0,0,0.4444444444444444,0.4444444444444444,0,0.1111111111111111,nouns,food_drink,0.42083056337914165,0.4715871491128857,-7.610095023532577,0.2996039362397213,25.40051749334672,0.05555555555555555,-0.8655249885917601
tea,Japanese,0,0.4444444444444444,0.25,1,0,0.75,0.4444444444444444,0.1111111111111111,0,0,0.4444444444444444,0.4444444444444444,0,0.1111111111111111,nouns,food_drink,0.7024186782613168,0.5129707836213361,-5.97445768361953,0.3000044290019589,19.914564939908,0.05555555555555555,-0.35322564495710934
tea,Mandarin (Beijing),0,0.4444444444444444,0.25,1,0,0.75,0.4444444444444444,0.1111111111111111,0,0,0.4444444444444444,0.4444444444444444,0,0.1111111111111111,nouns,food_drink,0.1420157574556991,0.5290254122728016,-6.45499476145377,0.29984743089266724,21.52759735921962,0.05555555555555555,-1.951817259539488
teddybear,French (French),0.8571428571428571,0.125,0.1,0.14285714285714285,0,0.1,0.25,0.5,0.8,0.125,0.4545454545454546,0.2727272727272727,0.2727272727272727,0,nouns,animals,0.1401644083062224,0.7048743229229735,-6.817027220505252,0.29979032107193393,22.739317253906684,0.38636363636363635,-1.9649392003321626
teddybear,Spanish (Mexican),0.8571428571428571,0.125,0.1,0.14285714285714285,0,0.1,0.25,0.5,0.8,0.125,0.4545454545454546,0.2727272727272727,0.2727272727272727,0,nouns,toys,0.06267047323494934,0.6836654614549262,-6.7009116584955,0.2997076138068593,22.358162922126404,0.38636363636363635,-2.769864863554192
teddybear,English (American),0.8571428571428571,0.125,0.1,0.14285714285714285,0,0.1,0.25,0.5,0.8,0.125,0.4545454545454546,0.2727272727272727,0.2727272727272727,0,nouns,animals,0.00860741150385355,0.7312152394132089,-5.9116097191226205,0.24686453442838788,23.946776043836707,0.38636363636363635,-4.7551316440877995
telephone,Korean,0.8,0.375,0,0.1,0.1,0,0.25,0.375,1,0,0.6666666666666666,0.08333333333333333,0.25,0,nouns,household,0.822498199562922,0.825329576937764,-6.885692894479404,0.2998549445333118,22.963412876836692,0.3125,-0.19540898532625572
telephone,English (Australian),0.8,0.375,0,0.1,0.1,0,0.25,0.375,1,0,0.6666666666666666,0.08333333333333333,0.25,0,nouns,household,0.5699997770091171,0.747434706705446,-6.17798790950996,0.3002421466058276,20.576684450703453,0.3125,-0.562119309365693
telephone,French (French),0.8,0.375,0,0.1,0.1,0,0.25,0.375,1,0,0.6666666666666666,0.08333333333333333,0.25,0,nouns,household,0.14674046855628178,0.7906792976489233,-6.757349624586827,0.299559174773293,22.557645345701072,0.3125,-1.9190897725960183
telephone,Mandarin (Beijing),0.8,0.375,0,0.1,0.1,0,0.25,0.375,1,0,0.6666666666666666,0.08333333333333333,0.25,0,nouns,household,0.2895925275612625,0.8013417738887985,-5.9208869457283075,0.30026661250615044,19.718765587389537,0.3125,-1.239280421423419
telephone,Mandarin (Beijing),0.8,0.375,0,0.1,0.1,0,0.25,0.375,1,0,0.6666666666666666,0.08333333333333333,0.25,0,nouns,furniture_rooms,0.2895925275612625,0.8013417738887985,-5.9208869457283075,0.30026661250615044,19.718765587389537,0.3125,-1.239280421423419
telephone,English (American),0.8,0.375,0,0.1,0.1,0,0.25,0.375,1,0,0.6666666666666666,0.08333333333333333,0.25,0,nouns,household,0.2136237265328986,0.8136735361267308,-7.00356618248617,0.3227535718489557,21.699422696904325,0.3125,-1.543539098791073
telephone,Mandarin (Taiwanese),0.8,0.375,0,0.1,0.1,0,0.25,0.375,1,0,0.6666666666666666,0.08333333333333333,0.25,0,nouns,household,0.5025899480090619,0.7435120351018353,-5.671574168337176,0.3000788557563326,18.900279241742236,0.3125,-0.6879806540546176
telephone,Cantonese,0.8,0.375,0,0.1,0.1,0,0.25,0.375,1,0,0.6666666666666666,0.08333333333333333,0.25,0,nouns,household,0.6216900551993038,0.8463044561166753,-6.334483181987639,0.30014069784005587,21.105045825419072,0.3125,-0.4753136139755219
telephone,Japanese,0.8,0.375,0,0.1,0.1,0,0.25,0.375,1,0,0.6666666666666666,0.08333333333333333,0.25,0,nouns,household,0.2650576038520816,0.7720850407548114,-7.9719032593438595,0.30000500959557247,26.57256713843058,0.3125,-1.327808103591285
thing,Mandarin (Beijing),0.375,0.8,0.625,0.25,0.375,0.25,0.06666666666666667,0.13333333333333333,0.125,0,0.75,0.25,0,0,nouns,household,1.5107822342797157,-1.0040148457135545,-6.837630981418672,0.30028911950183784,22.77015894802284,0.06666666666666667,0.4126275526393657
tiger,Mandarin (Beijing),0.8,0.4444444444444444,0,0,0.2,0,0.1111111111111111,0.4444444444444444,1,0,0.5882352941176471,0.0588235294117647,0.1176470588235294,0.2352941176470588,nouns,animals,0.03468497395421483,0.8416849385726499,-5.988228396056393,0.30013705211309266,19.95164660243284,0.28104575163398693,-3.361448713068757
tiger,Korean,0.8,0.4444444444444444,0,0,0.2,0,0.1111111111111111,0.4444444444444444,1,0,0.5882352941176471,0.0588235294117647,0.1176470588235294,0.2352941176470588,nouns,animals,0.6119647890715892,0.8648017748984381,-6.869487258092986,0.29991663245267075,22.904655876919552,0.28104575163398693,-0.49108053232171595
tiger,Turkish,0.8,0.4444444444444444,0,0,0.2,0,0.1111111111111111,0.4444444444444444,1,0,0.5882352941176471,0.0588235294117647,0.1176470588235294,0.2352941176470588,nouns,animals,1.5553963536732154,0.8481226121632371,-6.36413046726885,0.1967242152516754,32.35051902038099,0.28104575163398693,0.44173040297430916
tiger,English (Australian),0.8,0.4444444444444444,0,0,0.2,0,0.1111111111111111,0.4444444444444444,1,0,0.5882352941176471,0.0588235294117647,0.1176470588235294,0.2352941176470588,nouns,animals,0.2750498848474055,0.7954134255908423,-6.725656684983654,0.30012118542468236,22.4098031449083,0.28104575163398693,-1.2908027983213448
tiger,Russian,0.8,0.4444444444444444,0,0,0.2,0,0.1111111111111111,0.4444444444444444,1,0,0.5882352941176471,0.0588235294117647,0.1176470588235294,0.2352941176470588,nouns,animals,2.4931668147728394,0.8322800644150524,-7.449637447000773,0.3000274213275135,24.829855264691492,0.28104575163398693,0.9135537155691095
tiger,Mandarin (Taiwanese),0.8,0.4444444444444444,0,0,0.2,0,0.1111111111111111,0.4444444444444444,1,0,0.5882352941176471,0.0588235294117647,0.1176470588235294,0.2352941176470588,nouns,animals,0.2983713707520302,0.7837972033964946,-7.231777820857713,0.29986008674139003,24.117173777431255,0.28104575163398693,-1.2094163577753154
tights,Hebrew,0.6666666666666666,0.2222222222222222,0.2,0.3333333333333333,0,0.2,0.6666666666666666,0.1111111111111111,0.6,0,0.1,0.9,0,0,nouns,clothing,1.4470118844711388,0.3920874173293205,-9.08332858922885,0.29969422049973266,30.308654514867275,0.05555555555555555,0.3695006607953969
tights,Russian,0.6666666666666666,0.2222222222222222,0.2,0.3333333333333333,0,0.2,0.6666666666666666,0.1111111111111111,0.6,0,0.1,0.9,0,0,nouns,clothing,0.2965973043293644,0.456267128094956,-6.8906441846215145,0.3000854600815829,22.96227275639475,0.05555555555555555,-1.215379937892215
tissue,Japanese,0.5714285714285714,0,0.16666666666666666,0.2857142857142857,0.14285714285714285,0.3333333333333333,1,0,0.5,0,0,1,0,0,nouns,household,0.1309957004263578,0.7432945677399805,-7.686846683513776,0.2999938465069906,25.62334785535227,0,-2.032590777492453
tissue,Mandarin (Beijing),0.5714285714285714,0,0.16666666666666666,0.2857142857142857,0.14285714285714285,0.3333333333333333,1,0,0.5,0,0,1,0,0,nouns,household,0.7241710277464902,0.7710844003759096,-6.881342061866284,0.30012896209833323,22.92795075075662,0,-0.32272768832424353
tissue,Cantonese,0.5714285714285714,0,0.16666666666666666,0.2857142857142857,0.14285714285714285,0.3333333333333333,1,0,0.5,0,0,1,0,0,nouns,household,0.0509107486518524,0.8160725526089267,-7.374069373917464,0.3001277637267729,24.569767496187357,0,-2.977681205777226
toast,Turkish,0.4,0.3333333333333333,0,0.2,0.4,0.25,0.5555555555555556,0,0.75,0.1111111111111111,0.1111111111111111,0.5555555555555556,0,0.3333333333333333,nouns,food_drink,2.6122924404979084,0.7781904598281797,-8.575752156837417,0.29980037712512875,28.604874480388418,0,0.9602281655214804
toast,English (Australian),0.4,0.3333333333333333,0,0.2,0.4,0.25,0.5555555555555556,0,0.75,0.1111111111111111,0.1111111111111111,0.5555555555555556,0,0.3333333333333333,nouns,food_drink,0.02041959097915206,0.7114506675413984,-6.213372714003084,0.3000418238702271,20.708355368118504,0,-3.8912604968501436
toe,Mandarin (Taiwanese),0.8333333333333334,0.375,0,0.16666666666666666,0,0.2,0.125,0.5,0.8,0,0.6666666666666666,0.1111111111111111,0.2222222222222222,0,nouns,body_parts,0.10443099364417036,0.7132981588808406,-6.0910689584238,0.19988440448463696,30.472957478240662,0.3611111111111111,-2.259228773605655
toilet,Japanese,1,0.3333333333333333,0,0,0,0,0.2222222222222222,0.4444444444444444,1,0,0.5,0.125,0.375,0,nouns,furniture_rooms,0.20149998533978375,0.781681865093088,-7.575735791975105,0.3000533656321196,25.247961395185065,0.4097222222222222,-1.6019659703508176
tomato,Turkish,0.8333333333333334,0.2,0.1111111111111111,0.16666666666666666,0,0,0.6,0.2,0.8888888888888888,0,0.4,0.4,0,0.2,nouns,food_drink,0.8219620737949105,0.8481226121632371,-7.523323103627895,0.2998586699405579,25.08956337703783,0.1,-0.1960610239260226
tomato,Japanese,0.8333333333333334,0.2,0.1111111111111111,0.16666666666666666,0,0,0.6,0.2,0.8888888888888888,0,0.4,0.4,0,0.2,nouns,food_drink,0.4851761118552536,0.810472338107919,-7.0548557191597014,0.3000383599251832,23.513179184551213,0.1,-0.7232433367284321
tomato,Korean,0.8333333333333334,0.2,0.1111111111111111,0.16666666666666666,0,0,0.6,0.2,0.8888888888888888,0,0.4,0.4,0,0.2,nouns,food_drink,0.4021046765363542,0.8648017748984381,-7.771266182928863,0.2997093255632757,25.929343934572252,0.1,-0.9110428348646344
tomato,Mandarin (Taiwanese),0.8333333333333334,0.2,0.1111111111111111,0.16666666666666666,0,0,0.6,0.2,0.8888888888888888,0,0.4,0.4,0,0.2,nouns,food_drink,1.5717107955203629,0.7837972033964946,-7.991187236604181,0.29989481366082105,26.64663366150159,0.1,0.45216470476674175
tomato,Spanish (European),0.8333333333333334,0.2,0.1111111111111111,0.16666666666666666,0,0,0.6,0.2,0.8888888888888888,0,0.4,0.4,0,0.2,nouns,food_drink,0.21269621564411104,0.814940595943823,-7.574016915657251,0.29999046326146134,25.247525649027047,0.1,-1.5478903489224194
tongue,Japanese,0.8571428571428571,0.4444444444444444,0,0,0.14285714285714285,0.3333333333333333,0.3333333333333333,0.2222222222222222,0.6666666666666666,0,0.5,0.125,0.375,0,nouns,body_parts,0.8403123307437016,0.7432945677399805,-9.330927806548283,0.2999641521777702,31.10680972644498,0.2986111111111111,-0.1739816339396336
tongue,Mandarin (Taiwanese),0.8571428571428571,0.4444444444444444,0,0,0.14285714285714285,0.3333333333333333,0.3333333333333333,0.2222222222222222,0.6666666666666666,0,0.5,0.125,0.375,0,nouns,body_parts,1.1859130322499478,0.7132981588808406,-7.894539164322288,0.29989311066208796,26.324509912525656,0.2986111111111111,0.17051296926118223
tongue,Turkish,0.8571428571428571,0.4444444444444444,0,0,0.14285714285714285,0.3333333333333333,0.3333333333333333,0.2222222222222222,0.6666666666666666,0,0.5,0.125,0.375,0,nouns,body_parts,0.9899773791405518,0.7781904598281797,-6.923812344937328,0.29996373403397886,23.08216480647298,0.2986111111111111,-0.010073185467529824
tooth,Cantonese,0.75,0.2,0,0.25,0,0,0.5,0.3,1,0,0.3333333333333333,0.4666666666666667,0.13333333333333333,0.06666666666666667,nouns,body_parts,0.477671092757236,0.7757633479319289,-6.631233803683187,0.30009752512077376,22.09692932660627,0.21666666666666667,-0.7388328737996117
tooth,Mandarin (Taiwanese),0.75,0.2,0,0.25,0,0,0.5,0.3,1,0,0.3333333333333333,0.4666666666666667,0.13333333333333333,0.06666666666666667,nouns,body_parts,1.5717107955203629,0.6730129905861812,-6.619853248891586,0.3001177206477794,22.057522077014237,0.21666666666666667,0.45216470476674175
tooth,Korean,0.75,0.2,0,0.25,0,0,0.5,0.3,1,0,0.3333333333333333,0.4666666666666667,0.13333333333333333,0.06666666666666667,nouns,body_parts,2.4308061452926486,0.7562532305065841,-6.936649362747551,0.2999259241825528,23.127875263378343,0.21666666666666667,0.8882229493705888
tooth,Mandarin (Beijing),0.75,0.2,0,0.25,0,0,0.5,0.3,1,0,0.3333333333333333,0.4666666666666667,0.13333333333333333,0.06666666666666667,nouns,body_parts,0.26483606902170204,0.7307412356920582,-5.5682143703594065,0.30032733753669166,18.54048457936043,0.21666666666666667,-1.3286442518777335
tooth,Russian,0.75,0.2,0,0.25,0,0,0.5,0.3,1,0,0.3333333333333333,0.4666666666666667,0.13333333333333333,0.06666666666666667,nouns,body_parts,0.06834513944014353,0.7234342144276558,-7.048622211481551,0.300078326157551,23.48927462285561,0.21666666666666667,-2.683184831140469
tooth,English (Australian),0.75,0.2,0,0.25,0,0,0.5,0.3,1,0,0.3333333333333333,0.4666666666666667,0.13333333333333333,0.06666666666666667,nouns,body_parts,0.36740773889432055,0.6634719486560021,-6.041080638784994,0.3002401159226788,20.12083102292953,0.21666666666666667,-1.0012830424754289
tooth,Catalan,0.75,0.2,0,0.25,0,0,0.5,0.3,1,0,0.3333333333333333,0.4666666666666667,0.13333333333333333,0.06666666666666667,nouns,body_parts,0.33810811300310806,0.6833954131953186,-6.553147579863273,0.3002884728558879,21.822840942043783,0.21666666666666667,-1.084389573687787
tooth,Japanese,0.75,0.2,0,0.25,0,0,0.5,0.3,1,0,0.3333333333333333,0.4666666666666667,0.13333333333333333,0.06666666666666667,nouns,body_parts,0.1788433511671452,0.704907270386873,-7.33705299191733,0.29996853020981873,24.45940908129692,0.21666666666666667,-1.7212449894383886
tooth,French (French),0.75,0.2,0,0.25,0,0,0.5,0.3,1,0,0.3333333333333333,0.4666666666666667,0.13333333333333333,0.06666666666666667,nouns,body_parts,0.1659341802036014,0.7239420950842953,-6.537224299740481,0.29965427344981366,21.81588877234998,0.21666666666666667,-1.7961640740519882
toothbrush,Spanish (Mexican),0.9,0.2222222222222222,0,0.1,0,0,0.2222222222222222,0.5555555555555556,1,0,0.2222222222222222,0.4444444444444444,0.3333333333333333,0,nouns,household,1.9091637886926984,0.8065931719941691,-7.186603189413362,0.29987260722943715,23.96552074499683,0.4444444444444444,0.6466653392259133
toothpaste,Spanish (Mexican),0.3333333333333333,0.09090909090909093,0,0.6666666666666666,0,1,0.7272727272727273,0.09090909090909093,0,0.09090909090909093,0,0.875,0,0.125,nouns,household,0.3883223335151127,0.7782252387928051,-7.783605691712217,0.2996010064554859,25.979905020341413,0.04545454545454546,-0.9459195277637825
top,Russian,0.5555555555555556,0.5,0.5,0.2222222222222222,0.2222222222222222,0.2,0.3333333333333333,0.16666666666666666,0.3,0,0.9090909090909092,0,0.09090909090909093,0,nouns,toys,0.8547745116704486,-0.2264932036441666,-3.924282207971786,0.14463435001351105,27.132435742997416,0.12878787878787878,-0.1569175738684068
towel,Japanese,0.8888888888888888,0.18181818181818185,0,0,0.1111111111111111,0.3333333333333333,0.7272727272727273,0.09090909090909093,0.6666666666666666,0,0,0.7,0.2,0.1,nouns,household,0.02313759467216004,0.6761167973720429,-8.07238701818131,0.3000136145251571,26.90673565250624,0.14545454545454548,-3.7662965093713874
towel,Mandarin (Taiwanese),0.8888888888888888,0.18181818181818185,0,0,0.1111111111111111,0.3333333333333333,0.7272727272727273,0.09090909090909093,0.6666666666666666,0,0,0.7,0.2,0.1,nouns,household,0.02121579202257044,0.6427991143651874,-7.503581357250834,0.30000639902399057,25.011404362247607,0.14545454545454548,-3.8530094678844615
towel,Russian,0.8888888888888888,0.18181818181818185,0,0,0.1111111111111111,0.3333333333333333,0.7272727272727273,0.09090909090909093,0.6666666666666666,0,0,0.7,0.2,0.1,nouns,household,0.40128339702395344,0.693748982612912,-7.757029086163413,0.2999840180722344,25.858141163692142,0.14545454545454548,-0.9130873755430894
toy (object),Japanese,0.8333333333333334,0.4444444444444444,0,0,0.16666666666666666,0,0.3333333333333333,0.2222222222222222,1,0,0.6,0.2,0.2,0,nouns,toys,0.6378000113244943,0.7432945677399805,-7.875042438673142,0.3000305688481749,26.247466946136964,0.2111111111111111,-0.449730506650623
toy (object),Cantonese,0.8333333333333334,0.4444444444444444,0,0,0.16666666666666666,0,0.3333333333333333,0.2222222222222222,1,0,0.6,0.2,0.2,0,nouns,toys,0.4707721426429911,0.8160725526089267,-7.613354668309136,0.3002309277602426,25.358329087231755,0.2111111111111111,-0.7533810756036723
toy (object),English (American),0.8333333333333334,0.4444444444444444,0,0,0.16666666666666666,0,0.3333333333333333,0.2222222222222222,1,0,0.6,0.2,0.2,0,nouns,toys,0.6685304321410356,0.7861874372222232,-6.628767984403623,0.30051099027320916,22.058321322548263,0.2111111111111111,-0.4026733604530411
toy (object),Mandarin (Beijing),0.8333333333333334,0.4444444444444444,0,0,0.16666666666666666,0,0.3333333333333333,0.2222222222222222,1,0,0.6,0.2,0.2,0,nouns,toys,0.6301775041407465,0.7710844003759096,-6.628752443416036,0.3002113984775285,22.08028235114535,0.2111111111111111,-0.4617537466770102
toy (object),Turkish,0.8333333333333334,0.4444444444444444,0,0,0.16666666666666666,0,0.3333333333333333,0.2222222222222222,1,0,0.6,0.2,0.2,0,nouns,toys,0.6969246532866242,0.7781904598281797,-6.804324559532001,0.2999419127908208,22.685474318080153,0.2111111111111111,-0.3610779755189072
toy (object),Korean,0.8333333333333334,0.4444444444444444,0,0,0.16666666666666666,0,0.3333333333333333,0.2222222222222222,1,0,0.6,0.2,0.2,0,nouns,toys,0.7874465207662183,0.7957254284672582,-7.622248486345529,0.2997421122792864,25.429354682212477,0.2111111111111111,-0.2389598207264822
toy (object),Catalan,0.8333333333333334,0.4444444444444444,0,0,0.16666666666666666,0,0.3333333333333333,0.2222222222222222,1,0,0.6,0.2,0.2,0,nouns,toys,0.02812632699373716,0.7223401373350359,-7.486057830436201,0.30007904134312857,24.946953299134908,0.2111111111111111,-3.571049237571045
toy (object),Mandarin (Taiwanese),0.8333333333333334,0.4444444444444444,0,0,0.16666666666666666,0,0.3333333333333333,0.2222222222222222,1,0,0.6,0.2,0.2,0,nouns,toys,0.874313906602454,0.7132981588808406,-6.810346297155961,0.30006442902981917,22.696279992851725,0.2111111111111111,-0.13431580693705536
toy (object),English (Australian),0.8333333333333334,0.4444444444444444,0,0,0.16666666666666666,0,0.3333333333333333,0.2222222222222222,1,0,0.6,0.2,0.2,0,nouns,toys,1.1208232845205657,0.7114506675413984,-6.703892890696961,0.30009689488082475,22.33909448932895,0.2111111111111111,0.11406349073614744
toy (object),French (French),0.8333333333333334,0.4444444444444444,0,0,0.16666666666666666,0,0.3333333333333333,0.2222222222222222,1,0,0.6,0.2,0.2,0,nouns,toys,0.19627894359443296,0.7620776394069397,-7.487923974531879,0.29968024818719347,24.98637804735997,0.2111111111111111,-1.6282184499104748
tractor,Russian,1,0.25,0,0,0,0,0.25,0.5,1,0,0.5833333333333334,0.25,0.16666666666666666,0,nouns,vehicles,0.06834513944014353,0.8322800644150524,-7.643994582734972,0.29987152846427817,25.490898125213487,0.3333333333333333,-2.683184831140469
tractor,Turkish,1,0.25,0,0,0,0,0.25,0.5,1,0,0.5833333333333334,0.25,0.16666666666666666,0,nouns,vehicles,0.15711128476523112,0.8481226121632371,-9.542580053031012,0.29948172582640803,31.863647194828463,0.3333333333333333,-1.8508009045674845
tractor,English (Australian),1,0.25,0,0,0,0,0.25,0.5,1,0,0.5833333333333334,0.25,0.16666666666666666,0,nouns,vehicles,0.00909719360088561,0.7954134255908423,-7.655770797445077,0.29990098677472443,25.527661245062312,0.3333333333333333,-4.699789308530082
train,Cantonese,0,0.3333333333333333,0,0,0,0,0.3333333333333333,0.3333333333333333,1,0,0.5,0.125,0.375,0,nouns,vehicles,0.35036054515602433,0.6749903362394348,-7.247868724135443,0.3001518236337556,24.14734195644692,0.35416666666666663,-1.0487925257002635
train,English (American),0,0.3333333333333333,0,0,0,0,0.3333333333333333,0.3333333333333333,1,0,0.5,0.125,0.375,0,nouns,vehicles,0.5372924398330626,0.6579189756678557,-7.468876506790266,0.3487338592773655,21.417124572494963,0.35416666666666663,-0.6212127520088095
train,Korean,0,0.3333333333333333,0,0,0,0,0.3333333333333333,0.3333333333333333,1,0,0.5,0.125,0.375,0,nouns,vehicles,0.6059859015707882,0.6575727356048992,-6.798273972111005,0.30004110156635194,22.65780900223637,0.35416666666666663,-0.5008985579181237
train,French (French),0,0.3333333333333333,0,0,0,0,0.3333333333333333,0.3333333333333333,1,0,0.5,0.125,0.375,0,nouns,vehicles,0.5246258332440563,0.6286032342776846,-7.011418067656546,0.299828395993646,23.384769959564245,0.35416666666666663,-0.6450699690636319
train,Catalan,0,0.3333333333333333,0,0,0,0,0.3333333333333333,0.3333333333333333,1,0,0.5,0.125,0.375,0,nouns,vehicles,0.25460410997585947,0.5860336028460259,-6.2166943777303025,0.30037941790521877,20.69613963927418,0.35416666666666663,-1.3680454501145796
train,English (Australian),0,0.3333333333333333,0,0,0,0,0.3333333333333333,0.3333333333333333,1,0,0.5,0.125,0.375,0,nouns,vehicles,0.9619138414399244,0.5435251514425119,-6.2119475801697694,0.3002938206661723,20.686231792546295,0.35416666666666663,-0.03883039424009863
train,Spanish (Mexican),0,0.3333333333333333,0,0,0,0,0.3333333333333333,0.3333333333333333,1,0,0.5,0.125,0.375,0,nouns,vehicles,0.10929338708069412,0.6080176395846227,-6.648861325837111,0.29982568146798955,22.175756570562378,0.35416666666666663,-2.2137193880939066
train,Japanese,0,0.3333333333333333,0,0,0,0,0.3333333333333333,0.3333333333333333,1,0,0.5,0.125,0.375,0,nouns,vehicles,1.6700977767132814,0.6089390270041045,-6.6099839066544455,0.2999843616439139,22.034428296300987,0.35416666666666663,0.5128821736448507
train,Mandarin (Beijing),0,0.3333333333333333,0,0,0,0,0.3333333333333333,0.3333333333333333,1,0,0.5,0.125,0.375,0,nouns,vehicles,0.1778174136946197,0.6298833239824299,-6.459325699010324,0.30035146881855374,21.50589016400811,0.35416666666666663,-1.7269980209083589
trash,English (Australian),0.16666666666666666,0.42857142857142855,0.42857142857142855,0.8333333333333334,0,0.2857142857142857,0.5714285714285714,0,0.2857142857142857,0,0.5833333333333334,0.3333333333333333,0.08333333333333333,0,nouns,household,0.23254619693743536,0.4355730339503704,-6.218391312281512,0.30020650016975586,20.71371309004048,0.041666666666666664,-1.4586663771871637
trash,French (French),0.16666666666666666,0.42857142857142855,0.42857142857142855,0.8333333333333334,0,0.2857142857142857,0.5714285714285714,0,0.2857142857142857,0,0.5833333333333334,0.3333333333333333,0.08333333333333333,0,nouns,household,0.00563709819866666,0.5427982595517349,-6.750962377641214,0.2998359545154495,22.515519823335133,0.041666666666666664,-5.178385849657164
trash,Mandarin (Taiwanese),0.16666666666666666,0.42857142857142855,0.42857142857142855,0.8333333333333334,0,0.2857142857142857,0.5714285714285714,0,0.2857142857142857,0,0.5833333333333334,0.3333333333333333,0.08333333333333333,0,nouns,household,0.735087298169696,0.4816584411865502,-7.2065466146603345,0.3000168961618198,24.02046920308564,0.041666666666666664,-0.30776601380226254
trash,Mandarin (Beijing),0.16666666666666666,0.42857142857142855,0.42857142857142855,0.8333333333333334,0,0.2857142857142857,0.5714285714285714,0,0.2857142857142857,0,0.5833333333333334,0.3333333333333333,0.08333333333333333,0,nouns,household,0.5694461764964884,0.5391112034437643,-6.947162673708589,0.3000984645540354,23.149610858664328,0.041666666666666664,-0.5630910106640034
tray,Korean,1,0.38461538461538464,0,0,0,0.2,0.15384615384615383,0.4615384615384616,0.8,0,0.09090909090909093,0.3636363636363637,0.5454545454545454,0,nouns,household,0.38528320209707745,0.6082324881540567,-9.739581367123147,0.2997268830554751,32.49485420805745,0.5034965034965035,-0.953776625245436
tray,Spanish (Mexican),1,0.38461538461538464,0,0,0,0.2,0.15384615384615383,0.4615384615384616,0.8,0,0.09090909090909093,0.3636363636363637,0.5454545454545454,0,nouns,household,0.2256538535484673,0.5607377509156832,-7.514380280786404,0.29938496166054324,25.09939122896414,0.5034965034965035,-1.4887530753080054
tree,English (American),0.875,0.2,0,0.125,0,0,0.5,0.3,1,0,0.3333333333333333,0.3333333333333333,0.3333333333333333,0,nouns,outside,0.4605681390866897,0.8503216679994073,-6.734023926562622,0.32356939586698846,20.81168371476892,0.31666666666666665,-0.775294466617942
tree,Japanese,0.875,0.2,0,0.125,0,0,0.5,0.3,1,0,0.3333333333333333,0.3333333333333333,0.3333333333333333,0,nouns,outside,0.20149998533978375,0.810472338107919,-8.058222051450848,0.29995265861480586,26.86497958932606,0.31666666666666665,-1.6019659703508176
tree,English (Australian),0.875,0.2,0,0.125,0,0,0.5,0.3,1,0,0.3333333333333333,0.3333333333333333,0.3333333333333333,0,nouns,outside,0.8690122685954809,0.7954134255908423,-6.321980405249563,0.300183527531598,21.060384149773498,0.31666666666666665,-0.1403980357548609
tree,Mandarin (Beijing),0.875,0.2,0,0.125,0,0,0.5,0.3,1,0,0.3333333333333333,0.3333333333333333,0.3333333333333333,0,nouns,outside,1.1961886851461057,0.8416849385726499,-5.505577545732333,0.3002470575826109,18.33682431414839,0.31666666666666665,0.17914040658517608
tree,Turkish,0.875,0.2,0,0.125,0,0,0.5,0.3,1,0,0.3333333333333333,0.3333333333333333,0.3333333333333333,0,nouns,outside,0.1066509639901012,0.8481226121632371,-7.253932837218819,0.2998710331862965,24.19017522346773,0.31666666666666665,-2.2381937952861133
tree,Russian,0.875,0.2,0,0.125,0,0,0.5,0.3,1,0,0.3333333333333333,0.3333333333333333,0.3333333333333333,0,nouns,outside,0.06834513944014353,0.8322800644150524,-7.29841837008899,0.2999868773963169,24.329125438533588,0.31666666666666665,-2.683184831140469
tree,Cantonese,0.875,0.2,0,0.125,0,0,0.5,0.3,1,0,0.3333333333333333,0.3333333333333333,0.3333333333333333,0,nouns,outside,0.3295900428584137,0.8866136607936731,-6.89204683434564,0.29982408877434696,22.98696833373091,0.31666666666666665,-1.109905691177375
tree,Korean,0.875,0.2,0,0.125,0,0,0.5,0.3,1,0,0.3333333333333333,0.3333333333333333,0.3333333333333333,0,nouns,outside,0.8986833181019245,0.8648017748984381,-6.818954557721948,0.3000197516780179,22.728352115430287,0.31666666666666665,-0.10682456674454154
tree,Spanish (Mexican),0.875,0.2,0,0.125,0,0,0.5,0.3,1,0,0.3333333333333333,0.3333333333333333,0.3333333333333333,0,nouns,outside,0.3517259423655902,0.8065931719941691,-6.848011400877177,0.2998734898225368,22.83633476546989,0.31666666666666665,-1.044902979454299
tree,Catalan,0.875,0.2,0,0.125,0,0,0.5,0.3,1,0,0.3333333333333333,0.3333333333333333,0.3333333333333333,0,nouns,outside,0.14552712764791195,0.7904934045795413,-6.951577089635186,0.30023673064312,23.15365303487221,0.31666666666666665,-1.9273927654336251
tricycle,Mandarin (Taiwanese),0.6666666666666666,0.25,0,0.3333333333333333,0,0,0.25,0.5,1,0,0.1,0.2,0.5,0.2,nouns,vehicles,0.5922097745899079,0.46151585703922016,-9.355952206668592,0.29958585306378305,31.229619526382216,0.5,-0.5238943578954613
truck,English (Australian),0.875,0.25,0,0.125,0,0,0.375,0.375,1,0,0.38461538461538464,0.07692307692307693,0.5384615384615384,0,nouns,vehicles,0.819212490071703,0.603498550049257,-5.745122341913424,0.3001341534404491,19.141847990496487,0.4567307692307692,-0.19941177814356362
truck,Korean,0.875,0.25,0,0.125,0,0,0.375,0.375,1,0,0.38461538461538464,0.07692307692307693,0.5384615384615384,0,nouns,vehicles,0.08540119119923828,0.7069129830557417,-5.2686288405489385,0.19512675808338417,27.00105763197007,0.4567307692307692,-2.4603952298160596
truck,Japanese,0.875,0.25,0,0.125,0,0,0.375,0.375,1,0,0.38461538461538464,0.07692307692307693,0.5384615384615384,0,nouns,vehicles,1.3122082580404242,0.6569231486954887,-7.662817346054332,0.29993903819711987,25.54791597690705,0.4567307692307692,0.27171141118762443
truck,Spanish (Mexican),0.875,0.25,0,0.125,0,0,0.375,0.375,1,0,0.38461538461538464,0.07692307692307693,0.5384615384615384,0,nouns,vehicles,0.0855735781470205,0.6552975282535621,-7.67797247066914,0.29960044249803086,25.62737360015616,0.4567307692307692,-2.4583787099885215
truck,French (French),0.875,0.25,0,0.125,0,0,0.375,0.375,1,0,0.38461538461538464,0.07692307692307693,0.5384615384615384,0,nouns,vehicles,0.15643525827916538,0.67627266468099,-6.827569060670486,0.29988607944256884,22.76720904605388,0.4567307692307692,-1.8551130397103774
truck,English (American),0.875,0.25,0,0.125,0,0,0.375,0.375,1,0,0.38461538461538464,0.07692307692307693,0.5384615384615384,0,nouns,vehicles,0.4194401681861458,0.7037291405087013,-5.998335443626568,0.3006214927191685,19.95311575819375,0.4567307692307692,-0.8688343897400986
tummy,Cantonese,0.42857142857142855,0.5555555555555556,0,0.5714285714285714,0,0.5,0.2222222222222222,0.2222222222222222,0.5,0,0.4117647058823529,0.1176470588235294,0.4705882352941176,0,nouns,body_parts,0.11150767617955368,0.5641400233776908,-7.025947491146423,0.29992038695908707,23.42604169854199,0.3464052287581699,-2.1936618457919743
tummy,Mandarin (Taiwanese),0.42857142857142855,0.5555555555555556,0,0.5714285714285714,0,0.5,0.2222222222222222,0.2222222222222222,0.5,0,0.4117647058823529,0.1176470588235294,0.4705882352941176,0,nouns,body_parts,0.7160967712372098,0.46151585703922016,-6.3631841488117304,0.30007064894642155,21.20561998033968,0.3464052287581699,-0.3339399657949225
tummy,Mandarin (Beijing),0.42857142857142855,0.5555555555555556,0,0.5714285714285714,0,0.5,0.2222222222222222,0.2222222222222222,0.5,0,0.4117647058823529,0.1176470588235294,0.4705882352941176,0,nouns,body_parts,0.4665897911436585,0.518939621101838,-5.781183581057441,0.30021800982696006,19.2566181635459,0.3464052287581699,-0.7623047988805001
tummy,English (Australian),0.42857142857142855,0.5555555555555556,0,0.5714285714285714,0,0.5,0.2222222222222222,0.2222222222222222,0.5,0,0.4117647058823529,0.1176470588235294,0.4705882352941176,0,nouns,body_parts,0.08912345086798687,0.41158367450767175,-6.3702948755559214,0.30016587966305863,21.222581602901325,0.3464052287581699,-2.417732781964103
tummy,Korean,0.42857142857142855,0.5555555555555556,0,0.5714285714285714,0,0.5,0.2222222222222222,0.2222222222222222,0.5,0,0.4117647058823529,0.1176470588235294,0.4705882352941176,0,nouns,body_parts,1.0218168881863003,0.5490241912130451,-6.422910018129101,0.30002813623244906,21.40769228774232,0.3464052287581699,0.02158230565652466
tummy,French (French),0.42857142857142855,0.5555555555555556,0,0.5714285714285714,0,0.5,0.2222222222222222,0.2222222222222222,0.5,0,0.4117647058823529,0.1176470588235294,0.4705882352941176,0,nouns,body_parts,0.01867838349630453,0.5237304873904122,-6.979967438231441,0.29974482843855643,23.286364854372252,0.3464052287581699,-3.9803883865263483
tummy,Russian,0.42857142857142855,0.5555555555555556,0,0.5714285714285714,0,0.5,0.2222222222222222,0.2222222222222222,0.5,0,0.4117647058823529,0.1176470588235294,0.4705882352941176,0,nouns,body_parts,0.1701095458763901,0.5156375917244446,-6.986824168182465,0.30005797916575083,23.284913761026736,0.3464052287581699,-1.7713126619521808
tummy,Japanese,0.42857142857142855,0.5555555555555556,0,0.5714285714285714,0,0.5,0.2222222222222222,0.2222222222222222,0.5,0,0.4117647058823529,0.1176470588235294,0.4705882352941176,0,nouns,body_parts,0.8646792912701655,0.5033739592830585,-6.967144121776317,0.30004025479141666,23.220697924749356,0.3464052287581699,-0.14539660233669097
turtle,Mandarin (Taiwanese),0.8333333333333334,0.4166666666666667,0,0.16666666666666666,0,0,0.16666666666666666,0.4166666666666667,1,0,0.5833333333333334,0.08333333333333333,0.3333333333333333,0,nouns,animals,0.8155763858512856,0.7837972033964946,-7.52414778709612,0.29991723053640296,25.08741419637397,0.375,-0.20386019380142062
turtle,Cantonese,0.8333333333333334,0.4166666666666667,0,0.16666666666666666,0,0,0.16666666666666666,0.4166666666666667,1,0,0.5833333333333334,0.08333333333333333,0.3333333333333333,0,nouns,animals,0.0585614254966068,0.8866136607936731,-7.240998400836993,0.30005910713277184,24.131906776730343,0.375,-2.837679067128654
turtle,Korean,0.8333333333333334,0.4166666666666667,0,0.16666666666666666,0,0,0.16666666666666666,0.4166666666666667,1,0,0.5833333333333334,0.08333333333333333,0.3333333333333333,0,nouns,animals,0.19811423707715595,0.8648017748984381,-7.566210347681149,0.2998123644073107,25.23648536856892,0.375,-1.6189114597269787
tv,Cantonese,0.8571428571428571,0.4444444444444444,0,0.14285714285714285,0,0,0.1111111111111111,0.4444444444444444,1,0,0.5333333333333333,0.13333333333333333,0.3333333333333333,0,nouns,furniture_rooms,0.2207100046259278,0.8866136607936731,-6.468766486651918,0.3001563418254224,21.5513237112088,0.38888888888888884,-1.5109056354105515
tv,Turkish,0.8571428571428571,0.4444444444444444,0,0.14285714285714285,0,0,0.1111111111111111,0.4444444444444444,1,0,0.5333333333333333,0.13333333333333333,0.3333333333333333,0,nouns,furniture_rooms,0.26744741712229403,0.8481226121632371,-7.15282368450924,0.2999415781987428,23.84738963989095,0.38888888888888884,-1.3188323034742293
tv,Japanese,0.8571428571428571,0.4444444444444444,0,0.14285714285714285,0,0,0.1111111111111111,0.4444444444444444,1,0,0.5333333333333333,0.13333333333333333,0.3333333333333333,0,nouns,furniture_rooms,0.5908230927736872,0.810472338107919,-7.642354974757938,0.30003269026200957,25.471740989570495,0.38888888888888884,-0.5262386417941373
tv,Spanish (Mexican),0.8571428571428571,0.4444444444444444,0,0.14285714285714285,0,0,0.1111111111111111,0.4444444444444444,1,0,0.5333333333333333,0.13333333333333333,0.3333333333333333,0,nouns,furniture_rooms,0.3081845232038082,0.8065931719941691,-6.547607489088966,0.2999830890655413,21.82658865699734,0.38888888888888884,-1.1770565740870427
tv,Spanish (European),0.8571428571428571,0.4444444444444444,0,0.14285714285714285,0,0,0.1111111111111111,0.4444444444444444,1,0,0.5333333333333333,0.13333333333333333,0.3333333333333333,0,nouns,household,0.14775579957092855,0.814940595943823,-7.041611010519831,0.3000931121013051,23.464753859937748,0.38888888888888884,-1.9121943708711753
tv,Mandarin (Taiwanese),0.8571428571428571,0.4444444444444444,0,0.14285714285714285,0,0,0.1111111111111111,0.4444444444444444,1,0,0.5333333333333333,0.13333333333333333,0.3333333333333333,0,nouns,household,0.5449103202597324,0.7837972033964946,-6.346056140864817,0.300167679119619,21.1417037286545,0.38888888888888884,-0.607134047840869
tv,Mandarin (Beijing),0.8571428571428571,0.4444444444444444,0,0.14285714285714285,0,0,0.1111111111111111,0.4444444444444444,1,0,0.5333333333333333,0.13333333333333333,0.3333333333333333,0,nouns,furniture_rooms,0.4086825953157149,0.8416849385726499,-6.037843775978042,0.3002401189351252,20.11004990736324,0.38888888888888884,-0.8948164747952894
umbrella,Cantonese,0.8333333333333334,0,0,0.16666666666666666,0,0,0.2222222222222222,0.7777777777777778,1,0,0.2307692307692308,0.15384615384615383,0.6153846153846154,0,nouns,outside,0.380056623641882,0.8866136607936731,-6.596032818929234,0.3000565793414262,21.982630187301403,0.6965811965811965,-0.967435027778631
umbrella,Mandarin (Taiwanese),0.8333333333333334,0,0,0.16666666666666666,0,0,0.2222222222222222,0.7777777777777778,1,0,0.2307692307692308,0.15384615384615383,0.6153846153846154,0,nouns,outside,1.21554415476269,0.7837972033964946,-7.066258960181639,0.30005945916389304,23.549529082907647,0.6965811965811965,0.19519184053357794
umbrella,Korean,0.8333333333333334,0,0,0.16666666666666666,0,0,0.2222222222222222,0.7777777777777778,1,0,0.2307692307692308,0.15384615384615383,0.6153846153846154,0,nouns,household,0.4500341481674065,0.8648017748984381,-7.267475778056816,0.30005780961969014,24.22025204832368,0.6965811965811965,-0.7984318142804198
underpants,Mandarin (Beijing),0.6666666666666666,0.5,0,0.16666666666666666,0.16666666666666666,0.6,0.375,0.125,0.4,0,0.25,0.4375,0.3125,0,nouns,clothing,0.26483606902170204,0.7307412356920582,-7.499125480150116,0.3001675860929961,24.98312885065073,0.21875,-1.3286442518777335
underpants,Mandarin (Taiwanese),0.6666666666666666,0.5,0,0.16666666666666666,0.16666666666666666,0.6,0.375,0.125,0.4,0,0.25,0.4375,0.3125,0,nouns,clothing,0.31905047779269774,0.6730129905861812,-8.398487608792186,0.30005725311801096,27.989617053146535,0.21875,-1.1424059511208764
underpants,Spanish (Mexican),0.6666666666666666,0.5,0,0.16666666666666666,0.16666666666666666,0.6,0.375,0.125,0.4,0,0.25,0.4375,0.3125,0,nouns,clothing,0.2502207597775088,0.7025774169225016,-6.743917047250969,0.30001002634615126,22.478972217647968,0.21875,-1.3854117116595233
underpants,Russian,0.6666666666666666,0.5,0,0.16666666666666666,0.16666666666666666,0.6,0.375,0.125,0.4,0,0.25,0.4375,0.3125,0,nouns,clothing,2.9669493831489335,0.7234342144276558,-6.906293614842171,0.3001027293731577,23.013098312260453,0.21875,1.0875342812200997
vacuum,Russian,0.8571428571428571,0.375,0.14285714285714285,0.14285714285714285,0,0.42857142857142855,0.5,0.125,0.42857142857142855,0,0.6363636363636364,0.18181818181818185,0.18181818181818185,0,nouns,household,0.9530142964101208,0.06046403723169617,-7.933431770964145,0.2995477119798594,26.484701614070623,0.15340909090909094,-0.048125373960790946
vegetable,Mandarin (Taiwanese),0.875,0.4,0,0.125,0,0,0.6,0,1,0,0.4,0.4,0.2,0,nouns,food_drink,0.5025899480090619,0.6730129905861812,-7.545087014860693,0.29971056263113877,25.17457826184998,0.1,-0.6879806540546176
washing machine,Mandarin (Taiwanese),1,0.25,0,0,0,0,0.375,0.375,1,0,0.5555555555555556,0.2222222222222222,0.2222222222222222,0,nouns,furniture_rooms,1.1859130322499478,0.6730129905861812,-8.472608531971515,0.2998856265340492,28.252799675310644,0.2986111111111111,0.17051296926118223
watch (object),English (Australian),1,0.375,0,0,0,0,0.375,0.25,1,0,0.2857142857142857,0.42857142857142855,0.2857142857142857,0,nouns,household,1.1710098582953716,0.327620916458229,-7.565362889047461,0.29994959374081637,25.222114138232907,0.26785714285714285,0.15786650327815488
watch (object),French (French),1,0.375,0,0,0,0,0.375,0.25,1,0,0.2857142857142857,0.42857142857142855,0.2857142857142857,0,nouns,household,1.0807141786393009,0.4569932848257851,-8.07833247508592,0.29983704106561065,26.942409938331178,0.26785714285714285,0.07762209910702429
watch (object),English (American),1,0.375,0,0,0,0,0.375,0.25,1,0,0.2857142857142857,0.42857142857142855,0.2857142857142857,0,nouns,household,0.7099778442981541,0.49300238224081183,-6.722265739795782,0.2583280170951661,26.02220934216109,0.26785714285714285,-0.34252151464753616
water (beverage),Mandarin (Beijing),0.16666666666666666,0.2222222222222222,0,0.8333333333333334,0,1,0.5555555555555556,0,0,0.2222222222222222,0.1111111111111111,0.6666666666666666,0.1111111111111111,0.1111111111111111,nouns,food_drink,1.062111669042603,0.8416849385726499,-4.497054712622712,0.3001380832921423,14.983285903926628,0.05555555555555555,0.06025906704952867
water (beverage),Russian,0.16666666666666666,0.2222222222222222,0,0.8333333333333334,0,1,0.5555555555555556,0,0,0.2222222222222222,0.1111111111111111,0.6666666666666666,0.1111111111111111,0.1111111111111111,nouns,food_drink,0.40128339702395344,0.8322800644150524,-6.516216701541742,0.3000312114920018,21.718462786380645,0.05555555555555555,-0.9130873755430894
water (beverage),Cantonese,0.16666666666666666,0.2222222222222222,0,0.8333333333333334,0,1,0.5555555555555556,0,0,0.2222222222222222,0.1111111111111111,0.6666666666666666,0.1111111111111111,0.1111111111111111,nouns,food_drink,1.1475733807410349,0.8866136607936731,-5.416878042359502,0.300147548798073,18.04738390851813,0.05555555555555555,0.1376496092661544
water (beverage),English (American),0.16666666666666666,0.2222222222222222,0,0.8333333333333334,0,1,0.5555555555555556,0,0,0.2222222222222222,0.1111111111111111,0.6666666666666666,0.1111111111111111,0.1111111111111111,nouns,food_drink,0.6360550863016697,0.8503216679994073,-5.792349230773291,0.30004722670668266,19.30479176345036,0.05555555555555555,-0.45247010571089263
water (beverage),English (Australian),0.16666666666666666,0.2222222222222222,0,0.8333333333333334,0,1,0.5555555555555556,0,0,0.2222222222222222,0.1111111111111111,0.6666666666666666,0.1111111111111111,0.1111111111111111,nouns,food_drink,1.0815005317838848,0.7954134255908423,-6.012475923317074,0.30017388717419363,20.029976557647664,0.05555555555555555,0.07834945812041154
water (beverage),Japanese,0.16666666666666666,0.2222222222222222,0,0.8333333333333334,0,1,0.5555555555555556,0,0,0.2222222222222222,0.1111111111111111,0.6666666666666666,0.1111111111111111,0.1111111111111111,nouns,food_drink,0.10567293244034102,0.810472338107919,-7.214077877114084,0.3000035381644028,24.0466426537968,0.05555555555555555,-2.2474064979883366
water (not beverage),Cantonese,0,0.125,0.125,1,0,0.875,0.75,0,0,0.125,0,1,0,0,nouns,outside,1.1475733807410349,0.8866136607936731,-5.814813058213959,0.30010274567530365,19.376074167962795,0,0.1376496092661544
water (not beverage),English (American),0,0.125,0.125,1,0,0.875,0.75,0,0,0.125,0,1,0,0,nouns,outside,0.6360550863016697,0.8503216679994073,-6.213423570295001,0.29995333209382113,20.714634263011057,0,-0.45247010571089263
water (not beverage),English (Australian),0,0.125,0.125,1,0,0.875,0.75,0,0,0.125,0,1,0,0,nouns,outside,1.0815005317838848,0.7954134255908423,-6.198198920643002,0.3002585470659519,20.642872555036927,0,0.07834945812041154
water (not beverage),Mandarin (Beijing),0,0.125,0.125,1,0,0.875,0.75,0,0,0.125,0,1,0,0,nouns,food_drink,1.062111669042603,0.8416849385726499,-5.29778101421332,0.3003044324704674,17.64136802987187,0,0.06025906704952867
water (not beverage),Mandarin (Beijing),0,0.125,0.125,1,0,0.875,0.75,0,0,0.125,0,1,0,0,nouns,outside,1.062111669042603,0.8416849385726499,-5.29778101421332,0.3003044324704674,17.64136802987187,0,0.06025906704952867
watermelon,Korean,0.6666666666666666,0.1,0.1111111111111111,0.3333333333333333,0,0.1111111111111111,0.5,0.3,0.7777777777777778,0.1,0.5,0.125,0.375,0,nouns,food_drink,0.35023152330037377,0.7562532305065841,-7.14712845917364,0.30003825396652994,23.820724073307403,0.3375,-1.0491608480462284
watermelon,Japanese,0.6666666666666666,0.1,0.1111111111111111,0.3333333333333333,0,0.1111111111111111,0.5,0.3,0.7777777777777778,0.1,0.5,0.125,0.375,0,nouns,food_drink,0.7324542249895044,0.704907270386873,-7.57425834123423,0.29998887849166656,25.24846380744957,0.3375,-0.3113544315254939
wind,Mandarin (Taiwanese),0,0.7777777777777778,0,1,0,1,0.2222222222222222,0,0,0,1,0,0,0,nouns,outside,1.4525926873193862,-0.29383104848564057,-8.562625735089672,0.2997473743188474,28.566140919658004,0,0.3733500199760931
wind,Russian,0,0.7777777777777778,0,1,0,1,0.2222222222222222,0,0,0,1,0,0,0,nouns,outside,1.920335316854886,-0.2264932036441666,-7.590024532358377,0.3000152977428869,25.298791726490652,0,0.6524998149864212
wind,Catalan,0,0.7777777777777778,0,1,0,1,0.2222222222222222,0,0,0,1,0,0,0,nouns,outside,0.08045287564320162,-0.2512779661578944,-7.724146225956586,0.3001823693316481,25.731511957728532,0,-2.520083661705228
window,Mandarin (Beijing),0.75,0.14285714285714285,0.08333333333333333,0.25,0,0.08333333333333333,0.42857142857142855,0.42857142857142855,0.8333333333333334,0,0.2222222222222222,0.3333333333333333,0.4444444444444444,0,nouns,furniture_rooms,0.1331899257512387,0.7004838621791702,-6.563816836689695,0.30022889580486456,21.862708514758967,0.4365079365079365,-2.015979156234338
window,Spanish (Mexican),0.75,0.14285714285714285,0.08333333333333333,0.25,0,0.08333333333333333,0.42857142857142855,0.42857142857142855,0.8333333333333334,0,0.2222222222222222,0.3333333333333333,0.4444444444444444,0,nouns,furniture_rooms,0.15675009823682864,0.6742094837211384,-7.116923543417702,0.2998814475611751,23.732456946893542,0.4365079365079365,-1.8531024727590728
window,Russian,0.75,0.14285714285714285,0.08333333333333333,0.25,0,0.08333333333333333,0.42857142857142855,0.42857142857142855,0.8333333333333334,0,0.2222222222222222,0.3333333333333333,0.4444444444444444,0,nouns,furniture_rooms,0.6153445943248873,0.693748982612912,-8.206843412228954,0.29968366982754646,27.38502040151737,0.4365079365079365,-0.48557285211857565
window,English (Australian),0.75,0.14285714285714285,0.08333333333333333,0.25,0,0.08333333333333333,0.42857142857142855,0.42857142857142855,0.8333333333333334,0,0.2222222222222222,0.3333333333333333,0.4444444444444444,0,nouns,furniture_rooms,0.338262476043301,0.6274879094919557,-7.257659659621496,0.3000981636652818,24.184285471724568,0.4365079365079365,-1.0839331285218592
window,English (American),0.75,0.14285714285714285,0.08333333333333333,0.25,0,0.08333333333333333,0.42857142857142855,0.42857142857142855,0.8333333333333334,0,0.2222222222222222,0.3333333333333333,0.4444444444444444,0,nouns,furniture_rooms,0.02223964304461483,0.7220532064450399,-8.108616991325977,0.3285232849058171,24.682016051466796,0.4365079365079365,-3.8058788598807713
window,Cantonese,0.75,0.14285714285714285,0.08333333333333333,0.25,0,0.08333333333333333,0.42857142857142855,0.42857142857142855,0.8333333333333334,0,0.2222222222222222,0.3333333333333333,0.4444444444444444,0,nouns,furniture_rooms,0.02457464469730281,0.7455314444241812,-7.134261601137745,0.30018145702662336,23.766496677724504,0.4365079365079365,-3.7060400709454755
wolf,Russian,1,0.625,0.25,0,0,0,0.125,0.25,0.75,0,1,0,0,0,nouns,animals,0.517668595296094,0.6244834417118412,-6.739402752359938,0.30012288744857735,22.455477520069703,0.125,-0.6584200188882281
wolf,Spanish (European),1,0.625,0.25,0,0,0,0.125,0.25,0.75,0,1,0,0,0,nouns,animals,0.2532984373857393,0.6257888191901146,-7.6610019076824,0.29998437105260206,25.538003465984065,0.125,-1.373186891019437
wolf,Turkish,1,0.625,0.25,0,0,0,0.125,0.25,0.75,0,1,0,0,0,nouns,animals,0.9186982345340468,0.6383261551580659,-6.375764672560981,0.20392621608809525,31.26505652322151,0.125,-0.08479757340674045
wolf,Hebrew,1,0.625,0.25,0,0,0,0.125,0.25,0.75,0,1,0,0,0,nouns,animals,0.11117710398433076,0.5780899116536428,-8.834681369434678,0.29993449827104174,29.455369156805176,0.125,-2.1966308177873373
wolf,French (French),1,0.625,0.25,0,0,0,0.125,0.25,0.75,0,1,0,0,0,nouns,animals,0.24198159669034833,0.6286032342776846,-7.093064382485432,0.2996873309593282,23.668215669243825,0.125,-1.418893602451248
wolf,Spanish (Mexican),1,0.625,0.25,0,0,0,0.125,0.25,0.75,0,1,0,0,0,nouns,animals,0.40754355763959366,0.6080176395846227,-7.875327873758403,0.29961040408852785,26.285228304126008,0.125,-0.8976074621004261
wood,Turkish,0.2857142857142857,0,0,0.7142857142857143,0,0.16666666666666666,0.9090909090909092,0,0.8333333333333334,0.09090909090909093,0,1,0,0,nouns,outside,2.38770427083235,0.6982680000166859,-6.254124221978441,0.21069148571751553,29.683801415514505,0,0.8703323481766433
wood,Mandarin (Beijing),0.2857142857142857,0,0,0.7142857142857143,0,0.16666666666666666,0.9090909090909092,0,0.8333333333333334,0.09090909090909093,0,1,0,0,nouns,household,1.0617887456787212,0.6903980710082067,-7.092523706316448,0.30014753596217436,23.630124710436643,0,0.05995498182582252
yogurt,Catalan,0.3333333333333333,0.3,0,0.6666666666666666,0,1,0.7,0,0,0,0.2727272727272727,0.6363636363636364,0,0.09090909090909093,nouns,food_drink,0.24755941217472108,0.6931315942302486,-6.023355987480605,0.3001695070624585,20.066515238096056,0,-1.3961046765897969
yogurt,Turkish,0.3333333333333333,0.3,0,0.6666666666666666,0,1,0.7,0,0,0,0.2727272727272727,0.6363636363636364,0,0.09090909090909093,nouns,food_drink,2.7281870346002757,0.7482195373988703,-7.157791612770289,0.29982499462684753,23.87323185539833,0,1.0036372987014952
yogurt,Spanish (Mexican),0.3333333333333333,0.3,0,0.6666666666666666,0,1,0.7,0,0,0,0.2727272727272727,0.6363636363636364,0,0.09090909090909093,nouns,food_drink,2.2094432048604613,0.7120333946562902,-7.291340383837351,0.29944261592412874,24.34970841186077,0,0.7927405402845119
yogurt drink,Russian,0.5,0.4375,0,0.5,0,0.875,0.5,0.04166666666666666,0.125,0.02083333333333333,0.4,0.6,0,0,nouns,food_drink,0.06834513944014353,0.7333292916992379,-8.14234216972848,0.29988888850071677,27.15119659963333,0.02083333333333333,-2.683184831140469
zebra,Catalan,1,0.6666666666666666,0.125,0,0,0,0,0.2222222222222222,0.875,0.1111111111111111,0.5333333333333333,0,0,0.4666666666666667,nouns,animals,1.2659027694192182,0.6541868700905313,-8.495997454680085,0.2999413701220636,28.325527256285348,0.1111111111111111,0.2357855193659847
