_id,rt,trial_type,trial_index,time_elapsed,internal_node_id,__v,response,theword,block
683a48799a4a688b481a134f,8016,instructions,0,8025,0,0,,,
683a48799a4a688b481a1351,25828,html-button-response,1,33860,0,0,0,,
683a48799a4a688b481a1355,5059,survey-multi-choice,3,49977,0,0,"{""Q0"":""color""}","In the sentence [this is a red table], 'red' belongs to a category that is organized by:",practice_category
683a48799a4a688b481a1359,3805,survey-multi-choice,5,64126,0,0,"{""Q0"":""material""}",steak,category_organization
683a48799a4a688b481a1353,8650,survey-multi-choice,2,42518,0,0,"{""Q0"":""shape""}","In the sentence [this is a square table], a 'square' belongs to a category that is organized by:",practice_category
683a48799a4a688b481a1357,8796,survey-multi-choice,4,60317,0,0,"{""Q0"":""shape""}",shovel,category_organization
683a48799a4a688b481a135b,5447,survey-multi-choice,6,69577,0,0,"{""Q0"":""material""}",radish,category_organization
683a48799a4a688b481a135d,3838,survey-multi-choice,7,73420,0,0,"{""Q0"":""shape""}",puzzle,category_organization
683a48799a4a688b481a135f,4758,survey-multi-choice,8,78182,0,0,"{""Q0"":""shape""}",finger,category_organization
683a48799a4a688b481a1361,2785,survey-multi-choice,9,80972,0,0,"{""Q0"":""material""}",bush,category_organization
683a48799a4a688b481a1363,3522,survey-multi-choice,10,84497,0,0,"{""Q0"":""material""}",yogurt drink,category_organization
683a48799a4a688b481a1365,4220,survey-multi-choice,11,88720,0,0,"{""Q0"":""material""}",sponge,category_organization
683a48799a4a688b481a1367,5513,survey-multi-choice,12,94236,0,0,"{""Q0"":""shape""}",closet,category_organization
683a487a9a4a688b481a1369,14343,survey-multi-choice,13,108583,0,0,"{""Q0"":""shape""}",pocket,category_organization
683a487a9a4a688b481a136b,3404,survey-multi-choice,14,111991,0,0,"{""Q0"":""color""}",lavender,attention_category
683a487a9a4a688b481a136d,2472,instructions,15,114465,0,0,,,
683a488d9a4a688b481a136f,1520,instructions,0,1521,0,0,,,
683a488e9a4a688b481a1371,14236,html-button-response,1,15759,0,0,0,,
683a488e9a4a688b481a1373,4310,survey-multi-choice,2,20071,0,0,"{""Q0"":""shape""}","In the sentence [this is a square table], a 'square' belongs to a category that is organized by:",practice_category
683a488e9a4a688b481a1375,3503,survey-multi-choice,6,38557,0,0,"{""Q0"":""none of these""}",sleeve,category_organization
683a488e9a4a688b481a1377,3462,survey-multi-choice,3,24639,0,0,"{""Q0"":""color""}","In the sentence [this is a red table], 'red' belongs to a category that is organized by:",practice_category
683a488e9a4a688b481a1379,4731,survey-multi-choice,4,30604,0,0,"{""Q0"":""none of these""}",tractor,category_organization
683a488e9a4a688b481a137b,4448,survey-multi-choice,5,35053,0,0,"{""Q0"":""none of these""}",yogurt,category_organization
683a488e9a4a688b481a137d,2755,survey-multi-choice,7,41313,0,0,"{""Q0"":""none of these""}",light,category_organization
683a488e9a4a688b481a137f,2668,survey-multi-choice,8,43983,0,0,"{""Q0"":""none of these""}",whale,category_organization
683a488e9a4a688b481a1381,2251,survey-multi-choice,9,46235,0,0,"{""Q0"":""none of these""}",phone,category_organization
683a488e9a4a688b481a1383,3494,survey-multi-choice,12,53685,0,0,"{""Q0"":""none of these""}",hair dryer,category_organization
683a488e9a4a688b481a1385,2375,survey-multi-choice,10,48610,0,0,"{""Q0"":""none of these""}",eagle,category_organization
683a488e9a4a688b481a1387,1578,survey-multi-choice,11,50189,0,0,"{""Q0"":""none of these""}",turtle,category_organization
683a488e9a4a688b481a1389,2053,survey-multi-choice,13,55739,0,0,"{""Q0"":""none of these""}",bathtub,category_organization
683a488e9a4a688b481a138b,2432,survey-multi-choice,15,60259,0,0,"{""Q0"":""none of these""}",patio,category_organization
683a488e9a4a688b481a138d,2086,survey-multi-choice,14,57826,0,0,"{""Q0"":""none of these""}",boots,category_organization
683a488e9a4a688b481a138f,2868,survey-multi-choice,16,63128,0,0,"{""Q0"":""none of these""}",tofu,category_organization
683a488e9a4a688b481a1391,4476,survey-multi-choice,18,68910,0,0,"{""Q0"":""none of these""}",fly (animal),category_organization
683a488e9a4a688b481a1393,1304,survey-multi-choice,17,64433,0,0,"{""Q0"":""none of these""}",honey,category_organization
683a488e9a4a688b481a1395,2744,survey-multi-choice,19,71654,0,0,"{""Q0"":""none of these""}",frog,category_organization
683a488e9a4a688b481a1397,7324,survey-multi-choice,20,78980,0,0,"{""Q0"":""none of these""}",ice cream,category_organization
683a488e9a4a688b481a1399,2363,survey-multi-choice,21,81344,0,0,"{""Q0"":""none of these""}",kite,category_organization
683a488e9a4a688b481a139b,1323,survey-multi-choice,22,82668,0,0,"{""Q0"":""none of these""}",racket,category_organization
683a488e9a4a688b481a139d,1299,survey-multi-choice,23,83968,0,0,"{""Q0"":""none of these""}",melon,category_organization
683a488e9a4a688b481a139f,2990,survey-multi-choice,24,86960,0,0,"{""Q0"":""color""}",lavender,attention_category
683a488e9a4a688b481a13a1,2096,instructions,25,89057,0,0,,,
683a488f9a4a688b481a13a3,13911,instructions,0,13912,0,0,,,
683a488f9a4a688b481a13a5,35112,html-button-response,1,49026,0,0,0,,
683a488f9a4a688b481a13a7,5299,survey-multi-choice,3,83091,0,0,"{""Q0"":""color""}","In the sentence [this is a red table], 'red' belongs to a category that is organized by:",practice_category
683a488f9a4a688b481a13a9,26399,survey-multi-choice,2,75427,0,0,"{""Q0"":""shape""}","In the sentence [this is a square table], a 'square' belongs to a category that is organized by:",practice_category
683a488f9a4a688b481a13af,7299,survey-multi-choice,6,113241,0,0,"{""Q0"":""none of these""}",finger,category_organization
683a488f9a4a688b481a13ab,10149,survey-multi-choice,5,105941,0,0,"{""Q0"":""shape""}",puzzle,category_organization
683a488f9a4a688b481a13ad,11182,survey-multi-choice,4,95791,0,0,"{""Q0"":""none of these""}",steak,category_organization
683a488f9a4a688b481a13b1,4931,survey-multi-choice,8,123726,0,0,"{""Q0"":""material""}",radish,category_organization
683a488f9a4a688b481a13b3,5551,survey-multi-choice,7,118794,0,0,"{""Q0"":""material""}",yogurt drink,category_organization
683a488f9a4a688b481a13b5,7581,survey-multi-choice,10,137908,0,0,"{""Q0"":""material""}",bush,category_organization
683a488f9a4a688b481a13b7,6599,survey-multi-choice,9,130325,0,0,"{""Q0"":""none of these""}",pocket,category_organization
683a488f9a4a688b481a13b9,4532,survey-multi-choice,11,142441,0,0,"{""Q0"":""none of these""}",closet,category_organization
683a488f9a4a688b481a13bb,6117,survey-multi-choice,12,148559,0,0,"{""Q0"":""material""}",shovel,category_organization
683a488f9a4a688b481a13bd,4648,survey-multi-choice,13,153208,0,0,"{""Q0"":""material""}",sponge,category_organization
683a488f9a4a688b481a13bf,4083,instructions,15,160674,0,0,,,
683a488f9a4a688b481a13c1,3381,survey-multi-choice,14,156591,0,0,"{""Q0"":""color""}",lavender,attention_category
683a48939a4a688b481a13c3,6310,instructions,0,6313,0,0,,,
683a48939a4a688b481a13c5,39695,html-button-response,1,46013,0,0,0,,
683a48939a4a688b481a13c7,9604,survey-multi-choice,2,55621,0,0,"{""Q0"":""shape""}","In the sentence [this is a square table], a 'square' belongs to a category that is organized by:",practice_category
683a48939a4a688b481a13c9,8313,survey-multi-choice,5,95104,0,0,"{""Q0"":""material""}",closet,category_organization
683a48939a4a688b481a13cb,13293,survey-multi-choice,3,70566,0,0,"{""Q0"":""color""}","In the sentence [this is a red table], 'red' belongs to a category that is organized by:",practice_category
683a48939a4a688b481a13cd,14794,survey-multi-choice,4,86788,0,0,"{""Q0"":""material""}",bush,category_organization
683a48939a4a688b481a13cf,11962,survey-multi-choice,6,107068,0,0,"{""Q0"":""material""}",yogurt drink,category_organization
683a48939a4a688b481a13d1,5318,survey-multi-choice,8,129588,0,0,"{""Q0"":""material""}",steak,category_organization
683a48939a4a688b481a13d3,17197,survey-multi-choice,7,124268,0,0,"{""Q0"":""material""}",finger,category_organization
683a48939a4a688b481a13d5,14008,survey-multi-choice,9,143600,0,0,"{""Q0"":""shape""}",pocket,category_organization
683a48939a4a688b481a13d7,6082,survey-multi-choice,10,149684,0,0,"{""Q0"":""shape""}",puzzle,category_organization
683a48939a4a688b481a13d9,5374,survey-multi-choice,11,155059,0,0,"{""Q0"":""shape""}",shovel,category_organization
683a48939a4a688b481a13db,8986,survey-multi-choice,12,164048,0,0,"{""Q0"":""material""}",radish,category_organization
683a48939a4a688b481a13dd,4338,survey-multi-choice,13,168388,0,0,"{""Q0"":""material""}",sponge,category_organization
683a48939a4a688b481a13df,2493,survey-multi-choice,14,170884,0,0,"{""Q0"":""color""}",lavender,attention_category
683a48939a4a688b481a13e1,2142,instructions,15,173027,0,0,,,
683a48a99a4a688b481a13e3,3043,instructions,0,3049,0,0,,,
683a48a99a4a688b481a13e5,11209,html-button-response,1,14265,0,0,0,,
683a48a99a4a688b481a13e7,2529,survey-multi-choice,3,25260,0,0,"{""Q0"":""color""}","In the sentence [this is a red table], 'red' belongs to a category that is organized by:",practice_category
683a48a99a4a688b481a13e9,3034,survey-multi-choice,5,34999,0,0,"{""Q0"":""none of these""}",washing machine,category_organization
683a48a99a4a688b481a13eb,5054,survey-multi-choice,4,31961,0,0,"{""Q0"":""none of these""}",peacock,category_organization
683a48a99a4a688b481a13ed,7077,survey-multi-choice,2,21349,0,0,"{""Q0"":""shape""}","In the sentence [this is a square table], a 'square' belongs to a category that is organized by:",practice_category
683a48a99a4a688b481a13ef,2799,survey-multi-choice,6,37802,0,0,"{""Q0"":""material""}",stick,category_organization
683a48a99a4a688b481a13f1,4120,survey-multi-choice,7,41927,0,0,"{""Q0"":""none of these""}",tray,category_organization
683a48a99a4a688b481a13f3,3970,survey-multi-choice,8,45902,0,0,"{""Q0"":""material""}",coat,category_organization
683a48a99a4a688b481a13f5,1961,survey-multi-choice,10,52884,0,0,"{""Q0"":""none of these""}",snail,category_organization
683a48a99a4a688b481a13f7,5014,survey-multi-choice,9,50920,0,0,"{""Q0"":""material""}",matches,category_organization
683a48a99a4a688b481a13f9,1813,survey-multi-choice,11,54700,0,0,"{""Q0"":""none of these""}",face,category_organization
683a48a99a4a688b481a13fb,7227,survey-multi-choice,12,61930,0,0,"{""Q0"":""material""}",paper,category_organization
683a48a99a4a688b481a13fd,5122,survey-multi-choice,13,67054,0,0,"{""Q0"":""material""}",light (object),category_organization
683a48a99a4a688b481a13ff,3840,survey-multi-choice,14,70897,0,0,"{""Q0"":""shape""}",waves,category_organization
683a48a99a4a688b481a1401,5465,survey-multi-choice,15,76365,0,0,"{""Q0"":""material""}",nail (finger),category_organization
683a48a99a4a688b481a1403,3401,survey-multi-choice,16,79769,0,0,"{""Q0"":""none of these""}",sheet,category_organization
683a48a99a4a688b481a1405,6574,survey-multi-choice,17,86346,0,0,"{""Q0"":""none of these""}",vegetable,category_organization
683a48a99a4a688b481a1407,1769,survey-multi-choice,18,88118,0,0,"{""Q0"":""none of these""}",knife,category_organization
683a48a99a4a688b481a1409,2353,survey-multi-choice,19,90475,0,0,"{""Q0"":""none of these""}",doll,category_organization
683a48a99a4a688b481a140b,3042,survey-multi-choice,20,93520,0,0,"{""Q0"":""material""}",vitamin,category_organization
683a48a99a4a688b481a140d,3031,survey-multi-choice,21,96554,0,0,"{""Q0"":""none of these""}",sled,category_organization
683a48a99a4a688b481a140f,2535,survey-multi-choice,22,99092,0,0,"{""Q0"":""none of these""}",bun,category_organization
683a48a99a4a688b481a1411,2309,survey-multi-choice,23,101404,0,0,"{""Q0"":""color""}",blood,category_organization
683a48a99a4a688b481a1413,2479,survey-multi-choice,24,103888,0,0,"{""Q0"":""color""}",lavender,attention_category
683a48a99a4a688b481a1415,1681,instructions,25,105571,0,0,,,
683a48ae9a4a688b481a1417,13697,instructions,0,13699,0,0,,,
683a48ae9a4a688b481a1419,47262,html-button-response,1,60963,0,0,0,,
683a48ae9a4a688b481a141b,10855,survey-multi-choice,2,71819,0,0,"{""Q0"":""shape""}","In the sentence [this is a square table], a 'square' belongs to a category that is organized by:",practice_category
683a48ae9a4a688b481a141d,4295,survey-multi-choice,5,95467,0,0,"{""Q0"":""material""}",honey,category_organization
683a48ae9a4a688b481a141f,9894,survey-multi-choice,4,91171,0,0,"{""Q0"":""none of these""}",tail,category_organization
683a48ae9a4a688b481a1421,5735,survey-multi-choice,3,79715,0,0,"{""Q0"":""color""}","In the sentence [this is a red table], 'red' belongs to a category that is organized by:",practice_category
683a48ae9a4a688b481a1423,6863,survey-multi-choice,6,102331,0,0,"{""Q0"":""material""}",melon,category_organization
683a48ae9a4a688b481a1425,2738,survey-multi-choice,7,105069,0,0,"{""Q0"":""none of these""}",kayak,category_organization
683a48ae9a4a688b481a1427,2365,survey-multi-choice,8,107435,0,0,"{""Q0"":""none of these""}",whale,category_organization
683a48ae9a4a688b481a1429,5840,survey-multi-choice,10,118755,0,0,"{""Q0"":""none of these""}",necklace,category_organization
683a48ae9a4a688b481a142b,5478,survey-multi-choice,9,112914,0,0,"{""Q0"":""none of these""}",vacuum cleaner,category_organization
683a48ae9a4a688b481a142d,2815,survey-multi-choice,11,121571,0,0,"{""Q0"":""material""}",peanut butter,category_organization
683a48ae9a4a688b481a142f,3807,survey-multi-choice,12,125379,0,0,"{""Q0"":""none of these""}",swallow (animal),category_organization
683a48ae9a4a688b481a1431,2143,survey-multi-choice,15,135123,0,0,"{""Q0"":""none of these""}",hammer,category_organization
683a48ae9a4a688b481a1433,4367,survey-multi-choice,13,129747,0,0,"{""Q0"":""none of these""}",swimsuit,category_organization
683a48ae9a4a688b481a1435,3231,survey-multi-choice,14,132979,0,0,"{""Q0"":""none of these""}",table,category_organization
683a48ae9a4a688b481a1437,2887,survey-multi-choice,16,138010,0,0,"{""Q0"":""none of these""}",alligator,category_organization
683a48ae9a4a688b481a1439,3144,survey-multi-choice,17,141154,0,0,"{""Q0"":""none of these""}",computer,category_organization
683a48ae9a4a688b481a143b,5543,survey-multi-choice,18,146699,0,0,"{""Q0"":""none of these""}",jeans,category_organization
683a48ae9a4a688b481a143d,2471,survey-multi-choice,19,149171,0,0,"{""Q0"":""none of these""}",dragon,category_organization
683a48ae9a4a688b481a143f,2607,survey-multi-choice,20,151779,0,0,"{""Q0"":""none of these""}",coffee table,category_organization
683a48ae9a4a688b481a1441,7879,survey-multi-choice,21,159658,0,0,"{""Q0"":""none of these""}",top,category_organization
683a48ae9a4a688b481a1443,2343,survey-multi-choice,22,162002,0,0,"{""Q0"":""material""}",crayon,category_organization
683a48ae9a4a688b481a1445,2871,survey-multi-choice,24,167243,0,0,"{""Q0"":""color""}",lavender,attention_category
683a48ae9a4a688b481a1447,2367,survey-multi-choice,23,164371,0,0,"{""Q0"":""material""}",yogurt,category_organization
683a48ae9a4a688b481a1449,2375,instructions,25,169618,0,0,,,
683a48b79a4a688b481a144b,15159,survey-multi-choice,2,27791,0,0,"{""Q0"":""shape""}","In the sentence [this is a square table], a 'square' belongs to a category that is organized by:",practice_category
683a48b79a4a688b481a144d,10927,html-button-response,1,12631,0,0,0,,
683a48b79a4a688b481a144f,1702,instructions,0,1703,0,0,,,
683a48b79a4a688b481a1451,3159,survey-multi-choice,3,32623,0,0,"{""Q0"":""color""}","In the sentence [this is a red table], 'red' belongs to a category that is organized by:",practice_category
683a48b79a4a688b481a1453,3151,survey-multi-choice,5,42015,0,0,"{""Q0"":""material""}",wood,category_organization
683a48b79a4a688b481a1455,5160,survey-multi-choice,4,38864,0,0,"{""Q0"":""material""}",stone,category_organization
683a48b79a4a688b481a1457,2095,survey-multi-choice,6,44111,0,0,"{""Q0"":""material""}",fir,category_organization
683a48b79a4a688b481a1459,2799,survey-multi-choice,7,46911,0,0,"{""Q0"":""material""}",gas,category_organization
683a48b79a4a688b481a145b,4112,survey-multi-choice,8,51023,0,0,"{""Q0"":""shape""}",river,category_organization
683a48b79a4a688b481a145d,4080,survey-multi-choice,9,55103,0,0,"{""Q0"":""shape""}",shrimp,category_organization
683a48b79a4a688b481a145f,6368,survey-multi-choice,11,64207,0,0,"{""Q0"":""material""}",rooster,category_organization
683a48b79a4a688b481a1461,2735,survey-multi-choice,10,57839,0,0,"{""Q0"":""color""}",sheet,category_organization
683a48b79a4a688b481a1463,4143,survey-multi-choice,12,68351,0,0,"{""Q0"":""shape""}",box,category_organization
683a48b79a4a688b481a1465,4112,survey-multi-choice,13,72463,0,0,"{""Q0"":""material""}",kiwi,category_organization
683a48b79a4a688b481a1467,4879,survey-multi-choice,14,77343,0,0,"{""Q0"":""none of these""}",ground,category_organization
683a48b79a4a688b481a1469,2959,survey-multi-choice,15,80303,0,0,"{""Q0"":""none of these""}",back,category_organization
683a48b79a4a688b481a146b,4160,survey-multi-choice,16,84463,0,0,"{""Q0"":""material""}",sandal,category_organization
683a48b79a4a688b481a146d,5071,survey-multi-choice,17,89535,0,0,"{""Q0"":""material""}",stairs,category_organization
683a48b79a4a688b481a146f,2560,survey-multi-choice,18,92095,0,0,"{""Q0"":""material""}",vest,category_organization
683a48b79a4a688b481a1471,5983,survey-multi-choice,19,98079,0,0,"{""Q0"":""shape""}",bench,category_organization
683a48b79a4a688b481a1473,2063,survey-multi-choice,20,100143,0,0,"{""Q0"":""color""}",fruit,category_organization
683a48b79a4a688b481a1475,4960,survey-multi-choice,22,108287,0,0,"{""Q0"":""none of these""}",waves,category_organization
683a48b79a4a688b481a1477,2959,survey-multi-choice,24,113359,0,0,"{""Q0"":""color""}",lavender,attention_category
683a48b79a4a688b481a1479,3183,survey-multi-choice,21,103327,0,0,"{""Q0"":""material""}",peanut,category_organization
683a48b79a4a688b481a147b,2111,survey-multi-choice,23,110399,0,0,"{""Q0"":""shape""}",faucet,category_organization
683a48b79a4a688b481a147d,6247,instructions,25,119606,0,0,,,
683a48cf9a4a688b481a147f,5136,instructions,0,5138,0,0,,,
683a48cf9a4a688b481a1481,32168,html-button-response,1,37308,0,0,0,,
683a48cf9a4a688b481a1483,12541,survey-multi-choice,2,49850,0,0,"{""Q0"":""shape""}","In the sentence [this is a square table], a 'square' belongs to a category that is organized by:",practice_category
683a48cf9a4a688b481a1485,15725,survey-multi-choice,4,75592,0,0,"{""Q0"":""none of these""}",picture,category_organization
683a48cf9a4a688b481a1487,6011,survey-multi-choice,3,57630,0,0,"{""Q0"":""color""}","In the sentence [this is a red table], 'red' belongs to a category that is organized by:",practice_category
683a48cf9a4a688b481a1489,4745,survey-multi-choice,6,90578,0,0,"{""Q0"":""none of these""}",shed,category_organization
683a48cf9a4a688b481a148b,10239,survey-multi-choice,5,85832,0,0,"{""Q0"":""material""}",drink (beverage),category_organization
683a48cf9a4a688b481a148d,5763,survey-multi-choice,7,96342,0,0,"{""Q0"":""material""}",raspberry,category_organization
683a48cf9a4a688b481a148f,4029,survey-multi-choice,8,100372,0,0,"{""Q0"":""material""}",tights,category_organization
683a48cf9a4a688b481a1491,10521,survey-multi-choice,9,110894,0,0,"{""Q0"":""shape""}",pear,category_organization
683a48cf9a4a688b481a1493,3561,survey-multi-choice,10,114456,0,0,"{""Q0"":""material""}",chair,category_organization
683a48cf9a4a688b481a1495,4033,survey-multi-choice,11,118490,0,0,"{""Q0"":""material""}",fir,category_organization
683a48cf9a4a688b481a1497,5133,survey-multi-choice,12,123624,0,0,"{""Q0"":""none of these""}",thing,category_organization
683a48cf9a4a688b481a1499,8878,survey-multi-choice,13,132502,0,0,"{""Q0"":""shape""}",tricycle,category_organization
683a48cf9a4a688b481a149b,5920,survey-multi-choice,15,142658,0,0,"{""Q0"":""shape""}",foot,category_organization
683a48cf9a4a688b481a149d,4234,survey-multi-choice,14,136737,0,0,"{""Q0"":""none of these""}",bee,category_organization
683a48cf9a4a688b481a149f,3269,survey-multi-choice,16,145928,0,0,"{""Q0"":""material""}",plant,category_organization
683a48cf9a4a688b481a14a1,4113,survey-multi-choice,17,150041,0,0,"{""Q0"":""material""}",glasses,category_organization
683a48cf9a4a688b481a14a3,3088,survey-multi-choice,18,153130,0,0,"{""Q0"":""none of these""}",song,category_organization
683a48cf9a4a688b481a14a5,4139,survey-multi-choice,19,157270,0,0,"{""Q0"":""none of these""}",bun,category_organization
683a48cf9a4a688b481a14a7,3569,survey-multi-choice,20,160840,0,0,"{""Q0"":""material""}",paper,category_organization
683a48cf9a4a688b481a14a9,4126,survey-multi-choice,22,171843,0,0,"{""Q0"":""shape""}",bridge,category_organization
683a48cf9a4a688b481a14ab,6875,survey-multi-choice,21,167716,0,0,"{""Q0"":""material""}",watch (object),category_organization
683a48cf9a4a688b481a14ad,4656,survey-multi-choice,23,176500,0,0,"{""Q0"":""none of these""}",rooster,category_organization
683a48cf9a4a688b481a14af,3123,survey-multi-choice,24,179624,0,0,"{""Q0"":""color""}",lavender,attention_category
683a48d29a4a688b481a14b1,2416,instructions,0,2418,0,0,,,
683a48d29a4a688b481a14b3,28959,html-button-response,1,31382,0,0,0,,
683a48d29a4a688b481a14b5,12285,survey-multi-choice,2,43670,0,0,"{""Q0"":""shape""}","In the sentence [this is a square table], a 'square' belongs to a category that is organized by:",practice_category
683a48d29a4a688b481a14b7,7026,survey-multi-choice,3,53342,0,0,"{""Q0"":""color""}","In the sentence [this is a red table], 'red' belongs to a category that is organized by:",practice_category
683a48d29a4a688b481a14b9,6823,survey-multi-choice,4,61590,0,0,"{""Q0"":""material""}",sponge,category_organization
683a48d29a4a688b481a14bb,11337,survey-multi-choice,5,72932,0,0,"{""Q0"":""none of these""}",puzzle,category_organization
683a48d29a4a688b481a14bd,13519,survey-multi-choice,6,86453,0,0,"{""Q0"":""none of these""}",closet,category_organization
683a48d29a4a688b481a14bf,3912,survey-multi-choice,7,90368,0,0,"{""Q0"":""none of these""}",shovel,category_organization
683a48d29a4a688b481a14c1,4199,survey-multi-choice,8,94569,0,0,"{""Q0"":""none of these""}",bush,category_organization
683a48d29a4a688b481a14c3,4806,survey-multi-choice,9,99377,0,0,"{""Q0"":""none of these""}",pocket,category_organization
683a48d29a4a688b481a14c5,2824,survey-multi-choice,10,102203,0,0,"{""Q0"":""none of these""}",finger,category_organization
683a48d29a4a688b481a14c7,4634,survey-multi-choice,11,106839,0,0,"{""Q0"":""none of these""}",yogurt drink,category_organization
683a48d29a4a688b481a14c9,9731,survey-multi-choice,12,116572,0,0,"{""Q0"":""none of these""}",radish,category_organization
683a48d29a4a688b481a14cb,3170,survey-multi-choice,13,119746,0,0,"{""Q0"":""none of these""}",steak,category_organization
683a48d29a4a688b481a14cd,3178,survey-multi-choice,14,122925,0,0,"{""Q0"":""color""}",lavender,attention_category
683a48d29a4a688b481a14cf,3050,instructions,15,125977,0,0,,,
683a48d89a4a688b481a14d1,40547,html-button-response,1,53167,0,0,0,,
683a48d99a4a688b481a14d3,12335,survey-multi-choice,2,65506,0,0,"{""Q0"":""shape""}","In the sentence [this is a square table], a 'square' belongs to a category that is organized by:",practice_category
683a48d99a4a688b481a14d5,12612,instructions,0,12615,0,0,,,
683a48d99a4a688b481a14d7,7393,survey-multi-choice,4,83550,0,0,"{""Q0"":""none of these""}",peach,category_organization
683a48d99a4a688b481a14d9,9157,survey-multi-choice,5,92713,0,0,"{""Q0"":""material""}",watermelon,category_organization
683a48d99a4a688b481a14db,5596,survey-multi-choice,3,74761,0,0,"{""Q0"":""color""}","In the sentence [this is a red table], 'red' belongs to a category that is organized by:",practice_category
683a48d99a4a688b481a14dd,6350,survey-multi-choice,6,99064,0,0,"{""Q0"":""material""}",ribbon,category_organization
683a48d99a4a688b481a14df,5340,survey-multi-choice,8,108863,0,0,"{""Q0"":""shape""}",mountain,category_organization
683a48d99a4a688b481a14e1,7352,survey-multi-choice,10,120927,0,0,"{""Q0"":""shape""}",fly (animal),category_organization
683a48d99a4a688b481a14e3,4454,survey-multi-choice,7,103520,0,0,"{""Q0"":""material""}",iron (object),category_organization
683a48d99a4a688b481a14e5,4707,survey-multi-choice,9,113573,0,0,"{""Q0"":""material""}",soap,category_organization
683a48d99a4a688b481a14e7,7443,survey-multi-choice,11,128373,0,0,"{""Q0"":""material""}",snow,category_organization
683a48d99a4a688b481a14e9,4335,survey-multi-choice,12,132710,0,0,"{""Q0"":""shape""}",pony,category_organization
683a48d99a4a688b481a14eb,8554,survey-multi-choice,13,141266,0,0,"{""Q0"":""material""}",tortilla,category_organization
683a48d99a4a688b481a14ed,3165,survey-multi-choice,15,146925,0,0,"{""Q0"":""material""}",remote control,category_organization
683a48d99a4a688b481a14ef,2489,survey-multi-choice,14,143758,0,0,"{""Q0"":""material""}",shampoo,category_organization
683a48d99a4a688b481a14f1,7771,survey-multi-choice,16,154698,0,0,"{""Q0"":""material""}",turtle,category_organization
683a48d99a4a688b481a14f3,3181,survey-multi-choice,17,157882,0,0,"{""Q0"":""shape""}",pipe,category_organization
683a48da9a4a688b481a14f5,5459,survey-multi-choice,18,163344,0,0,"{""Q0"":""shape""}",refrigerator,category_organization
683a48da9a4a688b481a14f7,3375,survey-multi-choice,21,176396,0,0,"{""Q0"":""material""}",glue (object),category_organization
683a48da9a4a688b481a14f9,6139,survey-multi-choice,20,173019,0,0,"{""Q0"":""color""}",lion,category_organization
683a48da9a4a688b481a14fb,3532,survey-multi-choice,19,166878,0,0,"{""Q0"":""material""}",grapes,category_organization
683a48da9a4a688b481a14fd,3584,survey-multi-choice,22,179982,0,0,"{""Q0"":""none of these""}",persimmon,category_organization
683a48da9a4a688b481a14ff,5019,survey-multi-choice,23,185004,0,0,"{""Q0"":""material""}",sneaker,category_organization
683a48da9a4a688b481a1501,3257,survey-multi-choice,24,188263,0,0,"{""Q0"":""color""}",lavender,attention_category
683a48da9a4a688b481a1503,2543,instructions,25,190807,0,0,,,
683a48db9a4a688b481a1505,2445,instructions,0,2446,0,0,,,
683a48db9a4a688b481a1507,10887,instructions,0,10889,0,0,,,
683a48db9a4a688b481a1509,17095,html-button-response,1,19543,0,0,0,,
683a48db9a4a688b481a150b,43161,html-button-response,1,54055,0,0,0,,
683a48db9a4a688b481a150d,7133,survey-multi-choice,2,26677,0,0,"{""Q0"":""shape""}","In the sentence [this is a square table], a 'square' belongs to a category that is organized by:",practice_category
683a48db9a4a688b481a150f,7213,survey-multi-choice,3,75257,0,0,"{""Q0"":""color""}","In the sentence [this is a red table], 'red' belongs to a category that is organized by:",practice_category
683a48db9a4a688b481a1511,4051,survey-multi-choice,3,32174,0,0,"{""Q0"":""color""}","In the sentence [this is a red table], 'red' belongs to a category that is organized by:",practice_category
683a48db9a4a688b481a1513,10533,survey-multi-choice,2,64591,0,0,"{""Q0"":""shape""}","In the sentence [this is a square table], a 'square' belongs to a category that is organized by:",practice_category
683a48db9a4a688b481a1515,11664,survey-multi-choice,4,44569,0,0,"{""Q0"":""shape""}",pill,category_organization
683a48db9a4a688b481a1517,5047,survey-multi-choice,5,49617,0,0,"{""Q0"":""material""}",handkerchief,category_organization
683a48db9a4a688b481a1519,14925,survey-multi-choice,4,92233,0,0,"{""Q0"":""material""}",bush,category_organization
683a48db9a4a688b481a151b,10264,survey-multi-choice,5,102501,0,0,"{""Q0"":""material""}",steak,category_organization
683a48db9a4a688b481a151d,7722,survey-multi-choice,6,110227,0,0,"{""Q0"":""shape""}",closet,category_organization
683a48db9a4a688b481a151f,4834,survey-multi-choice,6,54452,0,0,"{""Q0"":""none of these""}",car,category_organization
683a48db9a4a688b481a1521,2638,survey-multi-choice,7,57091,0,0,"{""Q0"":""none of these""}",fox,category_organization
683a48db9a4a688b481a1523,2386,survey-multi-choice,8,59478,0,0,"{""Q0"":""material""}",wood,category_organization
683a48db9a4a688b481a1525,4846,survey-multi-choice,9,64325,0,0,"{""Q0"":""none of these""}",skirt,category_organization
683a48db9a4a688b481a1527,6295,survey-multi-choice,7,116525,0,0,"{""Q0"":""shape""}",finger,category_organization
683a48db9a4a688b481a1529,5995,survey-multi-choice,8,122522,0,0,"{""Q0"":""material""}",yogurt drink,category_organization
683a48db9a4a688b481a152b,1630,survey-multi-choice,10,65956,0,0,"{""Q0"":""none of these""}",goat,category_organization
683a48db9a4a688b481a152d,4163,survey-multi-choice,11,70120,0,0,"{""Q0"":""shape""}",chair,category_organization
683a48db9a4a688b481a152f,6529,survey-multi-choice,9,129054,0,0,"{""Q0"":""material""}",sponge,category_organization
683a48db9a4a688b481a1531,3149,survey-multi-choice,12,73270,0,0,"{""Q0"":""none of these""}",tiger,category_organization
683a48db9a4a688b481a1533,8068,survey-multi-choice,10,137124,0,0,"{""Q0"":""shape""}",pocket,category_organization
683a48db9a4a688b481a1535,5121,survey-multi-choice,14,81085,0,0,"{""Q0"":""material""}",paint (object),category_organization
683a48db9a4a688b481a1537,2692,survey-multi-choice,13,75963,0,0,"{""Q0"":""material""}",onion,category_organization
683a48db9a4a688b481a1539,5178,survey-multi-choice,11,142305,0,0,"{""Q0"":""material""}",radish,category_organization
683a48db9a4a688b481a153b,10366,survey-multi-choice,12,152672,0,0,"{""Q0"":""none of these""}",shovel,category_organization
683a48db9a4a688b481a153d,2471,survey-multi-choice,15,83557,0,0,"{""Q0"":""none of these""}",tights,category_organization
683a48db9a4a688b481a153f,7440,survey-multi-choice,13,160114,0,0,"{""Q0"":""none of these""}",puzzle,category_organization
683a48db9a4a688b481a1541,4326,survey-multi-choice,14,164442,0,0,"{""Q0"":""color""}",lavender,attention_category
683a48db9a4a688b481a1543,3677,survey-multi-choice,16,87235,0,0,"{""Q0"":""shape""}",lake,category_organization
683a48db9a4a688b481a1545,2463,survey-multi-choice,17,89699,0,0,"{""Q0"":""none of these""}",shoe,category_organization
683a48db9a4a688b481a1547,2264,survey-multi-choice,18,91964,0,0,"{""Q0"":""none of these""}",song,category_organization
683a48db9a4a688b481a1549,4124,instructions,15,168568,0,0,,,
683a48db9a4a688b481a154b,4373,survey-multi-choice,19,96337,0,0,"{""Q0"":""none of these""}",neighborhood,category_organization
683a48db9a4a688b481a154d,6656,survey-multi-choice,20,102994,0,0,"{""Q0"":""material""}",plant,category_organization
683a48db9a4a688b481a154f,1913,survey-multi-choice,21,104908,0,0,"{""Q0"":""none of these""}",belt,category_organization
683a48db9a4a688b481a1551,1871,survey-multi-choice,22,106780,0,0,"{""Q0"":""none of these""}",back,category_organization
683a48db9a4a688b481a1553,1622,survey-multi-choice,23,108403,0,0,"{""Q0"":""none of these""}",insect,category_organization
683a48db9a4a688b481a1555,3800,survey-multi-choice,24,112204,0,0,"{""Q0"":""color""}",lavender,attention_category
683a48db9a4a688b481a1557,1377,instructions,25,113583,0,0,,,
683a48dc9a4a688b481a1559,5371,instructions,0,5373,0,0,,,
683a48dc9a4a688b481a155b,2750,html-button-response,1,8125,0,0,0,,
683a48dc9a4a688b481a155d,5039,survey-multi-choice,2,13165,0,0,"{""Q0"":""shape""}","In the sentence [this is a square table], a 'square' belongs to a category that is organized by:",practice_category
683a48dc9a4a688b481a155f,1719,survey-multi-choice,3,15780,0,0,"{""Q0"":""color""}","In the sentence [this is a red table], 'red' belongs to a category that is organized by:",practice_category
683a48dc9a4a688b481a1561,4863,survey-multi-choice,4,21428,0,0,"{""Q0"":""none of these""}",gun,category_organization
683a48dc9a4a688b481a1563,3496,survey-multi-choice,5,24925,0,0,"{""Q0"":""none of these""}",music,category_organization
683a48dc9a4a688b481a1565,2327,survey-multi-choice,6,27253,0,0,"{""Q0"":""material""}",park,category_organization
683a48dc9a4a688b481a1567,2016,survey-multi-choice,7,29269,0,0,"{""Q0"":""shape""}",sausage,category_organization
683a48dc9a4a688b481a1569,1118,survey-multi-choice,8,30388,0,0,"{""Q0"":""none of these""}",rag,category_organization
683a48dc9a4a688b481a156b,2256,survey-multi-choice,9,32645,0,0,"{""Q0"":""material""}",pudding,category_organization
683a48dc9a4a688b481a156d,2431,survey-multi-choice,11,37812,0,0,"{""Q0"":""shape""}",top,category_organization
683a48dc9a4a688b481a156f,2927,survey-multi-choice,12,40740,0,0,"{""Q0"":""material""}",dress (object),category_organization
683a48dc9a4a688b481a1571,2735,survey-multi-choice,10,35380,0,0,"{""Q0"":""material""}",kitty,category_organization
683a48dc9a4a688b481a1573,2169,survey-multi-choice,13,42909,0,0,"{""Q0"":""material""}",chicken (food),category_organization
683a48dc9a4a688b481a1575,2016,survey-multi-choice,14,44925,0,0,"{""Q0"":""material""}",chili,category_organization
683a48dc9a4a688b481a1577,2223,survey-multi-choice,15,47149,0,0,"{""Q0"":""shape""}",eagle,category_organization
683a48dc9a4a688b481a1579,2094,survey-multi-choice,16,49243,0,0,"{""Q0"":""material""}",bed,category_organization
683a48dc9a4a688b481a157b,3961,survey-multi-choice,17,53205,0,0,"{""Q0"":""shape""}",oven,category_organization
683a48dc9a4a688b481a157d,2207,survey-multi-choice,18,55413,0,0,"{""Q0"":""color""}",spinach,category_organization
683a48dc9a4a688b481a157f,3688,survey-multi-choice,19,59101,0,0,"{""Q0"":""material""}",whale,category_organization
683a48dc9a4a688b481a1581,111719,survey-multi-choice,20,170822,0,0,"{""Q0"":""shape""}",melon,category_organization
683a48dc9a4a688b481a1583,1839,survey-multi-choice,22,176054,0,0,"{""Q0"":""material""}",radiator,category_organization
683a48dc9a4a688b481a1585,3040,survey-multi-choice,23,179095,0,0,"{""Q0"":""shape""}",kite,category_organization
683a48dc9a4a688b481a1587,3392,survey-multi-choice,21,174215,0,0,"{""Q0"":""none of these""}",tarhana,category_organization
683a48dc9a4a688b481a1589,2831,survey-multi-choice,24,181927,0,0,"{""Q0"":""color""}",lavender,attention_category
683a48dc9a4a688b481a158b,1655,instructions,25,183582,0,0,,,
683a48df9a4a688b481a158d,19768,instructions,0,19774,0,0,,,
683a48df9a4a688b481a158f,32793,html-button-response,1,52573,0,0,0,,
683a48df9a4a688b481a1591,6114,survey-multi-choice,2,58693,0,0,"{""Q0"":""shape""}","In the sentence [this is a square table], a 'square' belongs to a category that is organized by:",practice_category
683a48df9a4a688b481a1593,6078,survey-multi-choice,3,67695,0,0,"{""Q0"":""color""}","In the sentence [this is a red table], 'red' belongs to a category that is organized by:",practice_category
683a48df9a4a688b481a1595,19105,survey-multi-choice,4,88958,0,0,"{""Q0"":""none of these""}",bush,category_organization
683a48df9a4a688b481a1597,9617,survey-multi-choice,6,105297,0,0,"{""Q0"":""shape""}",finger,category_organization
683a48df9a4a688b481a1599,6714,survey-multi-choice,5,95677,0,0,"{""Q0"":""material""}",shovel,category_organization
683a48df9a4a688b481a159b,6605,survey-multi-choice,7,111907,0,0,"{""Q0"":""material""}",yogurt drink,category_organization
683a48df9a4a688b481a159d,14112,survey-multi-choice,8,126023,0,0,"{""Q0"":""shape""}",closet,category_organization
683a48df9a4a688b481a159f,6046,survey-multi-choice,9,132073,0,0,"{""Q0"":""material""}",sponge,category_organization
683a48df9a4a688b481a15a1,4874,survey-multi-choice,10,136951,0,0,"{""Q0"":""shape""}",pocket,category_organization
683a48df9a4a688b481a15a3,22601,survey-multi-choice,11,159555,0,0,"{""Q0"":""none of these""}",steak,category_organization
683a48df9a4a688b481a15a5,4796,survey-multi-choice,12,164354,0,0,"{""Q0"":""shape""}",radish,category_organization
683a48df9a4a688b481a15a7,4914,survey-multi-choice,13,169272,0,0,"{""Q0"":""shape""}",puzzle,category_organization
683a48df9a4a688b481a15a9,3667,survey-multi-choice,14,172941,0,0,"{""Q0"":""color""}",lavender,attention_category
683a48df9a4a688b481a15ab,3242,instructions,15,176186,0,0,,,
683a48e39a4a688b481a15ad,11121,instructions,0,11122,0,0,,,
683a48e39a4a688b481a15af,22320,html-button-response,1,33445,0,0,0,,
683a48e49a4a688b481a15b1,5505,survey-multi-choice,2,38953,0,0,"{""Q0"":""shape""}","In the sentence [this is a square table], a 'square' belongs to a category that is organized by:",practice_category
683a48e49a4a688b481a15b3,4343,survey-multi-choice,3,44878,0,0,"{""Q0"":""color""}","In the sentence [this is a red table], 'red' belongs to a category that is organized by:",practice_category
683a48e49a4a688b481a15b5,3565,survey-multi-choice,4,49779,0,0,"{""Q0"":""material""}",blouse,category_organization
683a48e49a4a688b481a15b7,3109,survey-multi-choice,5,52890,0,0,"{""Q0"":""shape""}",star,category_organization
683a48e49a4a688b481a15b9,6748,survey-multi-choice,6,59640,0,0,"{""Q0"":""none of these""}",drawer,category_organization
683a48e49a4a688b481a15bb,3823,survey-multi-choice,7,63466,0,0,"{""Q0"":""none of these""}",fruit,category_organization
683a48e49a4a688b481a15bd,3810,survey-multi-choice,8,67278,0,0,"{""Q0"":""none of these""}",trash can,category_organization
683a48e49a4a688b481a15bf,6931,survey-multi-choice,9,74211,0,0,"{""Q0"":""none of these""}",hippopotamus,category_organization
683a48e49a4a688b481a15c1,3024,survey-multi-choice,10,77237,0,0,"{""Q0"":""none of these""}",cell phone,category_organization
683a48e49a4a688b481a15c3,2887,instructions,0,2889,0,0,,,
683a48e49a4a688b481a15c5,4405,survey-multi-choice,11,81644,0,0,"{""Q0"":""none of these""}",porch,category_organization
683a48e49a4a688b481a15c7,8707,survey-multi-choice,12,90353,0,0,"{""Q0"":""none of these""}",bridge,category_organization
683a48e49a4a688b481a15c9,2585,survey-multi-choice,13,92940,0,0,"{""Q0"":""none of these""}",story,category_organization
683a48e49a4a688b481a15cb,4832,survey-multi-choice,14,97774,0,0,"{""Q0"":""material""}",flour,category_organization
683a48e49a4a688b481a15cd,2539,survey-multi-choice,15,100315,0,0,"{""Q0"":""none of these""}",shed,category_organization
683a48e49a4a688b481a15cf,2619,survey-multi-choice,16,102937,0,0,"{""Q0"":""none of these""}",shower,category_organization
683a48e49a4a688b481a15d1,4065,survey-multi-choice,17,107004,0,0,"{""Q0"":""material""}",candle,category_organization
683a48e49a4a688b481a15d3,2451,survey-multi-choice,18,109457,0,0,"{""Q0"":""material""}",towel,category_organization
683a48e49a4a688b481a15d5,36758,html-button-response,1,39649,0,0,0,,
683a48e49a4a688b481a15d7,8191,survey-multi-choice,2,47842,0,0,"{""Q0"":""shape""}","In the sentence [this is a square table], a 'square' belongs to a category that is organized by:",practice_category
683a48e49a4a688b481a15d9,4743,survey-multi-choice,3,54801,0,0,"{""Q0"":""color""}","In the sentence [this is a red table], 'red' belongs to a category that is organized by:",practice_category
683a48e49a4a688b481a15db,3313,survey-multi-choice,19,112773,0,0,"{""Q0"":""material""}",wardrobe,category_organization
683a48e49a4a688b481a15dd,4599,survey-multi-choice,4,60497,0,0,"{""Q0"":""material""}",fir,category_organization
683a48e49a4a688b481a15df,6935,survey-multi-choice,20,119711,0,0,"{""Q0"":""material""}",river,category_organization
683a48e49a4a688b481a15e1,3568,survey-multi-choice,21,123282,0,0,"{""Q0"":""shape""}",box,category_organization
683a48e49a4a688b481a15e3,6215,survey-multi-choice,5,66713,0,0,"{""Q0"":""material""}",hair,category_organization
683a48e49a4a688b481a15e5,5183,survey-multi-choice,6,71897,0,0,"{""Q0"":""none of these""}",video,category_organization
683a48e49a4a688b481a15e7,3173,survey-multi-choice,22,126457,0,0,"{""Q0"":""shape""}",buttocks,category_organization
683a48e49a4a688b481a15e9,3387,survey-multi-choice,23,129846,0,0,"{""Q0"":""none of these""}",matches,category_organization
683a48e49a4a688b481a15eb,3118,survey-multi-choice,24,132965,0,0,"{""Q0"":""color""}",lavender,attention_category
683a48e49a4a688b481a15ed,2390,instructions,25,135357,0,0,,,
683a48e49a4a688b481a15ef,5048,survey-multi-choice,7,76945,0,0,"{""Q0"":""none of these""}",sled,category_organization
683a48e49a4a688b481a15f1,3631,survey-multi-choice,8,80577,0,0,"{""Q0"":""none of these""}",crab,category_organization
683a48e49a4a688b481a15f3,3095,survey-multi-choice,9,83673,0,0,"{""Q0"":""none of these""}",biscuit,category_organization
683a48e49a4a688b481a15f5,6111,survey-multi-choice,10,89785,0,0,"{""Q0"":""none of these""}",stairs,category_organization
683a48e49a4a688b481a15f7,3815,survey-multi-choice,11,93601,0,0,"{""Q0"":""none of these""}",river,category_organization
683a48e49a4a688b481a15f9,3519,survey-multi-choice,12,97121,0,0,"{""Q0"":""none of these""}",tv,category_organization
683a48e49a4a688b481a15fb,4671,survey-multi-choice,13,101793,0,0,"{""Q0"":""none of these""}",tray,category_organization
683a48e49a4a688b481a15fd,1759,survey-multi-choice,16,112233,0,0,"{""Q0"":""none of these""}",porch,category_organization
683a48e49a4a688b481a15ff,2143,survey-multi-choice,14,103937,0,0,"{""Q0"":""none of these""}",belt,category_organization
683a48e49a4a688b481a1601,6535,survey-multi-choice,15,110473,0,0,"{""Q0"":""none of these""}",picture,category_organization
683a48e49a4a688b481a1603,4039,survey-multi-choice,17,116273,0,0,"{""Q0"":""shape""}",thing,category_organization
683a48e49a4a688b481a1605,5551,survey-multi-choice,18,121825,0,0,"{""Q0"":""none of these""}",lake,category_organization
683a48e49a4a688b481a1607,1503,survey-multi-choice,19,123329,0,0,"{""Q0"":""none of these""}",rain,category_organization
683a48e49a4a688b481a1609,5495,survey-multi-choice,20,128825,0,0,"{""Q0"":""shape""}",snowman,category_organization
683a48e49a4a688b481a160b,1607,survey-multi-choice,21,130433,0,0,"{""Q0"":""none of these""}",moose,category_organization
683a48e49a4a688b481a160d,2023,survey-multi-choice,22,132457,0,0,"{""Q0"":""none of these""}",hen,category_organization
683a48e49a4a688b481a160f,1551,survey-multi-choice,23,134009,0,0,"{""Q0"":""none of these""}",kiwi,category_organization
683a48e49a4a688b481a1611,2655,survey-multi-choice,24,136665,0,0,"{""Q0"":""color""}",lavender,attention_category
683a48e49a4a688b481a1613,2839,instructions,25,139505,0,0,,,
683a48e89a4a688b481a1615,13842,html-button-response,1,15473,0,0,0,,
683a48e89a4a688b481a1617,1629,instructions,0,1630,0,0,,,
683a48e89a4a688b481a1619,4185,survey-multi-choice,2,19659,0,0,"{""Q0"":""shape""}","In the sentence [this is a square table], a 'square' belongs to a category that is organized by:",practice_category
683a48e89a4a688b481a161b,4751,survey-multi-choice,3,26021,0,0,"{""Q0"":""color""}","In the sentence [this is a red table], 'red' belongs to a category that is organized by:",practice_category
683a48e89a4a688b481a161d,3833,survey-multi-choice,5,37254,0,0,"{""Q0"":""material""}",sponge,category_organization
683a48e89a4a688b481a161f,6343,survey-multi-choice,4,33421,0,0,"{""Q0"":""none of these""}",puzzle,category_organization
683a48e89a4a688b481a1621,3316,survey-multi-choice,6,40571,0,0,"{""Q0"":""material""}",radish,category_organization
683a48e89a4a688b481a1623,5048,survey-multi-choice,7,45620,0,0,"{""Q0"":""material""}",yogurt drink,category_organization
683a48e89a4a688b481a1625,2388,survey-multi-choice,9,53195,0,0,"{""Q0"":""none of these""}",closet,category_organization
683a48e89a4a688b481a1627,5187,survey-multi-choice,8,50807,0,0,"{""Q0"":""none of these""}",shovel,category_organization
683a48e89a4a688b481a1629,2525,survey-multi-choice,11,58284,0,0,"{""Q0"":""material""}",steak,category_organization
683a48e89a4a688b481a162b,2563,survey-multi-choice,10,55758,0,0,"{""Q0"":""material""}",pocket,category_organization
683a48e89a4a688b481a162d,1865,survey-multi-choice,12,60149,0,0,"{""Q0"":""material""}",bush,category_organization
683a48e89a4a688b481a162f,2686,survey-multi-choice,13,62836,0,0,"{""Q0"":""none of these""}",finger,category_organization
683a48e89a4a688b481a1631,116044,instructions,15,181529,0,0,,,
683a48e89a4a688b481a1633,2649,survey-multi-choice,14,65485,0,0,"{""Q0"":""color""}",lavender,attention_category
683a48ea9a4a688b481a1635,6143,instructions,0,6145,0,0,,,
683a48ea9a4a688b481a1637,34712,html-button-response,1,40859,0,0,0,,
683a48ea9a4a688b481a1639,11023,survey-multi-choice,2,51885,0,0,"{""Q0"":""shape""}","In the sentence [this is a square table], a 'square' belongs to a category that is organized by:",practice_category
683a48ea9a4a688b481a163b,6803,survey-multi-choice,3,61525,0,0,"{""Q0"":""color""}","In the sentence [this is a red table], 'red' belongs to a category that is organized by:",practice_category
683a48ea9a4a688b481a163d,9597,survey-multi-choice,4,73475,0,0,"{""Q0"":""material""}",flour,category_organization
683a48ea9a4a688b481a163f,11504,survey-multi-choice,5,84981,0,0,"{""Q0"":""shape""}",tiger,category_organization
683a48ea9a4a688b481a1641,6490,survey-multi-choice,6,91472,0,0,"{""Q0"":""shape""}",bee,category_organization
683a48ea9a4a688b481a1643,9258,survey-multi-choice,7,100732,0,0,"{""Q0"":""shape""}",balcony,category_organization
683a48ea9a4a688b481a1645,12342,survey-multi-choice,8,113075,0,0,"{""Q0"":""none of these""}",bedroom,category_organization
683a48ea9a4a688b481a1647,4170,survey-multi-choice,9,117246,0,0,"{""Q0"":""shape""}",chair,category_organization
683a48ea9a4a688b481a1649,5716,survey-multi-choice,11,133190,0,0,"{""Q0"":""shape""}",leg,category_organization
683a48ea9a4a688b481a164b,10224,survey-multi-choice,10,127472,0,0,"{""Q0"":""material""}",hose,category_organization
683a48ea9a4a688b481a164d,5757,survey-multi-choice,12,138949,0,0,"{""Q0"":""material""}",stick,category_organization
683a48ea9a4a688b481a164f,6725,survey-multi-choice,13,145675,0,0,"{""Q0"":""none of these""}",thing,category_organization
683a48ea9a4a688b481a1651,4399,survey-multi-choice,14,150075,0,0,"{""Q0"":""material""}",wood,category_organization
683a48ea9a4a688b481a1653,6670,survey-multi-choice,15,156747,0,0,"{""Q0"":""shape""}",shed,category_organization
683a48ea9a4a688b481a1655,4689,survey-multi-choice,16,161438,0,0,"{""Q0"":""shape""}",faucet,category_organization
683a48ea9a4a688b481a1657,4519,survey-multi-choice,17,165958,0,0,"{""Q0"":""material""}",tissue,category_organization
683a48ea9a4a688b481a1659,3398,survey-multi-choice,18,169358,0,0,"{""Q0"":""shape""}",puppy,category_organization
683a48ea9a4a688b481a165b,5882,survey-multi-choice,19,175241,0,0,"{""Q0"":""shape""}",back (body part),category_organization
683a48ea9a4a688b481a165d,8748,survey-multi-choice,20,183991,0,0,"{""Q0"":""shape""}",coat,category_organization
683a48ea9a4a688b481a165f,7494,survey-multi-choice,21,191486,0,0,"{""Q0"":""shape""}",bubbles,category_organization
683a48ea9a4a688b481a1661,3765,survey-multi-choice,22,195253,0,0,"{""Q0"":""shape""}",crab,category_organization
683a48ea9a4a688b481a1663,4488,survey-multi-choice,23,199743,0,0,"{""Q0"":""shape""}",ant,category_organization
683a48ea9a4a688b481a1665,4149,survey-multi-choice,24,203893,0,0,"{""Q0"":""color""}",lavender,attention_category
683a48ea9a4a688b481a1667,5218,instructions,25,209113,0,0,,,
683a48ea9a4a688b481a1669,6362,instructions,0,6363,0,0,,,
683a48eb9a4a688b481a166b,38563,html-button-response,1,44927,0,0,0,,
683a48eb9a4a688b481a166d,5160,survey-multi-choice,3,65647,0,0,"{""Q0"":""color""}","In the sentence [this is a red table], 'red' belongs to a category that is organized by:",practice_category
683a48eb9a4a688b481a166f,12443,survey-multi-choice,2,57371,0,0,"{""Q0"":""shape""}","In the sentence [this is a square table], a 'square' belongs to a category that is organized by:",practice_category
683a48eb9a4a688b481a1671,10385,survey-multi-choice,4,78163,0,0,"{""Q0"":""none of these""}",applesauce,category_organization
683a48eb9a4a688b481a1673,10373,survey-multi-choice,5,88537,0,0,"{""Q0"":""shape""}",bun,category_organization
683a48eb9a4a688b481a1675,7933,survey-multi-choice,6,96471,0,0,"{""Q0"":""none of these""}",taxi,category_organization
683a48eb9a4a688b481a1677,8417,survey-multi-choice,7,104889,0,0,"{""Q0"":""none of these""}",foot,category_organization
683a48eb9a4a688b481a1679,11461,survey-multi-choice,9,130429,0,0,"{""Q0"":""material""}",sauce,category_organization
683a48eb9a4a688b481a167b,14077,survey-multi-choice,8,118967,0,0,"{""Q0"":""none of these""}",back (body part),category_organization
683a48eb9a4a688b481a167d,6747,survey-multi-choice,11,147177,0,0,"{""Q0"":""none of these""}",cow,category_organization
683a48eb9a4a688b481a167f,4735,survey-multi-choice,12,151913,0,0,"{""Q0"":""material""}",sock,category_organization
683a48eb9a4a688b481a1681,10000,survey-multi-choice,10,140429,0,0,"{""Q0"":""color""}",mushroom,category_organization
683a48ed9a4a688b481a1683,1993,instructions,0,1995,0,0,,,
683a48ed9a4a688b481a1685,42945,html-button-response,1,44942,0,0,0,,
683a48ed9a4a688b481a1687,6285,survey-multi-choice,6,89867,0,0,"{""Q0"":""none of these""}",juice,category_organization
683a48ed9a4a688b481a1689,20208,survey-multi-choice,2,65151,0,0,"{""Q0"":""shape""}","In the sentence [this is a square table], a 'square' belongs to a category that is organized by:",practice_category
683a48ed9a4a688b481a168b,4277,survey-multi-choice,5,83581,0,0,"{""Q0"":""material""}",patio,category_organization
683a48ed9a4a688b481a168d,3868,survey-multi-choice,4,79304,0,0,"{""Q0"":""material""}",refrigerator,category_organization
683a48ed9a4a688b481a168f,4959,survey-multi-choice,3,73240,0,0,"{""Q0"":""color""}","In the sentence [this is a red table], 'red' belongs to a category that is organized by:",practice_category
683a48ed9a4a688b481a1691,3638,survey-multi-choice,7,93506,0,0,"{""Q0"":""material""}",jar,category_organization
683a48ed9a4a688b481a1693,3953,survey-multi-choice,8,97459,0,0,"{""Q0"":""material""}",kitchen,category_organization
683a48ed9a4a688b481a1695,3785,survey-multi-choice,10,107707,0,0,"{""Q0"":""none of these""}",calf,category_organization
683a48ed9a4a688b481a1697,6460,survey-multi-choice,9,103920,0,0,"{""Q0"":""shape""}",hip,category_organization
683a48ed9a4a688b481a1699,3942,survey-multi-choice,11,111650,0,0,"{""Q0"":""material""}",nail (object),category_organization
683a48ed9a4a688b481a169b,3433,survey-multi-choice,12,115084,0,0,"{""Q0"":""none of these""}",scallion,category_organization
683a48ed9a4a688b481a169d,5198,survey-multi-choice,13,120284,0,0,"{""Q0"":""none of these""}",tofu,category_organization
683a48ed9a4a688b481a169f,2799,survey-multi-choice,14,123084,0,0,"{""Q0"":""none of these""}",corn,category_organization
683a48ed9a4a688b481a16a1,3748,survey-multi-choice,15,126834,0,0,"{""Q0"":""none of these""}",fire,category_organization
683a48ed9a4a688b481a16a3,3077,survey-multi-choice,16,129912,0,0,"{""Q0"":""none of these""}",tarhana,category_organization
683a48ed9a4a688b481a16a5,3098,survey-multi-choice,17,133012,0,0,"{""Q0"":""none of these""}",gorilla,category_organization
683a48ed9a4a688b481a16a7,4931,survey-multi-choice,18,137945,0,0,"{""Q0"":""material""}",sleeve,category_organization
683a48ed9a4a688b481a16a9,6101,survey-multi-choice,19,144047,0,0,"{""Q0"":""none of these""}",honey,category_organization
683a48ed9a4a688b481a16ab,3543,survey-multi-choice,20,147591,0,0,"{""Q0"":""none of these""}",computer,category_organization
683a48ed9a4a688b481a16ad,8024,survey-multi-choice,21,155616,0,0,"{""Q0"":""shape""}",bell,category_organization
683a48ed9a4a688b481a16af,3138,survey-multi-choice,22,158756,0,0,"{""Q0"":""material""}",flower pot,category_organization
683a48ed9a4a688b481a16b1,2856,survey-multi-choice,23,161613,0,0,"{""Q0"":""material""}",coffee table,category_organization
683a48ed9a4a688b481a16b3,3665,survey-multi-choice,24,165279,0,0,"{""Q0"":""color""}",lavender,attention_category
683a48ed9a4a688b481a16b5,1644,instructions,25,166924,0,0,,,
683a48ef9a4a688b481a16b7,6231,instructions,0,6234,0,0,,,
683a48ef9a4a688b481a16b9,35470,html-button-response,1,41706,0,0,0,,
683a48ef9a4a688b481a16bb,6918,survey-multi-choice,2,48626,0,0,"{""Q0"":""shape""}","In the sentence [this is a square table], a 'square' belongs to a category that is organized by:",practice_category
683a48ef9a4a688b481a16bd,5215,survey-multi-choice,5,71713,0,0,"{""Q0"":""material""}",steak,category_organization
683a48ef9a4a688b481a16bf,9383,survey-multi-choice,6,81097,0,0,"{""Q0"":""shape""}",finger,category_organization
683a48ef9a4a688b481a16c1,7207,survey-multi-choice,3,59337,0,0,"{""Q0"":""color""}","In the sentence [this is a red table], 'red' belongs to a category that is organized by:",practice_category
683a48ef9a4a688b481a16c3,4887,survey-multi-choice,4,66497,0,0,"{""Q0"":""material""}",pocket,category_organization
683a48ef9a4a688b481a16c5,7279,survey-multi-choice,7,88377,0,0,"{""Q0"":""shape""}",shovel,category_organization
683a48ef9a4a688b481a16c7,11895,survey-multi-choice,8,100273,0,0,"{""Q0"":""shape""}",radish,category_organization
683a48ef9a4a688b481a16c9,5247,survey-multi-choice,9,105521,0,0,"{""Q0"":""none of these""}",closet,category_organization
683a48ef9a4a688b481a16cb,8671,survey-multi-choice,10,114193,0,0,"{""Q0"":""none of these""}",yogurt drink,category_organization
683a48ef9a4a688b481a16cd,3823,survey-multi-choice,11,118017,0,0,"{""Q0"":""shape""}",puzzle,category_organization
683a48ef9a4a688b481a16cf,6471,survey-multi-choice,12,124489,0,0,"{""Q0"":""shape""}",bush,category_organization
683a48ef9a4a688b481a16d1,4087,survey-multi-choice,13,128577,0,0,"{""Q0"":""material""}",sponge,category_organization
683a48ef9a4a688b481a16d3,8215,survey-multi-choice,14,136793,0,0,"{""Q0"":""none of these""}",lavender,attention_category
683a48ef9a4a688b481a16d5,2319,instructions,15,139112,0,0,,,
683a48f09a4a688b481a16d7,11186,instructions,0,11188,0,0,,,
683a48f09a4a688b481a16d9,39302,html-button-response,1,50493,0,0,0,,
683a48f19a4a688b481a16db,16143,survey-multi-choice,2,66638,0,0,"{""Q0"":""shape""}","In the sentence [this is a square table], a 'square' belongs to a category that is organized by:",practice_category
683a48f19a4a688b481a16dd,13742,survey-multi-choice,3,86854,0,0,"{""Q0"":""color""}","In the sentence [this is a red table], 'red' belongs to a category that is organized by:",practice_category
683a48f19a4a688b481a16df,17465,survey-multi-choice,4,107190,0,0,"{""Q0"":""none of these""}",pocket,category_organization
683a48f19a4a688b481a16e1,4837,survey-multi-choice,5,112029,0,0,"{""Q0"":""material""}",bush,category_organization
683a48f19a4a688b481a16e3,19465,survey-multi-choice,6,131496,0,0,"{""Q0"":""none of these""}",finger,category_organization
683a48f19a4a688b481a16e5,8730,survey-multi-choice,7,140227,0,0,"{""Q0"":""shape""}",shovel,category_organization
683a48f19a4a688b481a16e7,10470,survey-multi-choice,9,155875,0,0,"{""Q0"":""shape""}",steak,category_organization
683a48f19a4a688b481a16e9,5175,survey-multi-choice,8,145404,0,0,"{""Q0"":""shape""}",puzzle,category_organization
683a48f19a4a688b481a16eb,6110,survey-multi-choice,11,220757,0,0,"{""Q0"":""material""}",sponge,category_organization
683a48f19a4a688b481a16ed,58768,survey-multi-choice,10,214645,0,0,"{""Q0"":""none of these""}",yogurt drink,category_organization
683a48f29a4a688b481a16ef,8554,survey-multi-choice,12,229312,0,0,"{""Q0"":""none of these""}",radish,category_organization
683a48f29a4a688b481a16f1,6072,survey-multi-choice,13,235386,0,0,"{""Q0"":""shape""}",closet,category_organization
683a48f29a4a688b481a16f3,5834,instructions,15,247488,0,0,,,
683a48f29a4a688b481a16f5,6267,survey-multi-choice,14,241653,0,0,"{""Q0"":""color""}",lavender,attention_category
683a48fc9a4a688b481a16f7,2167,instructions,0,2169,0,0,,,
683a48fc9a4a688b481a16f9,17381,html-button-response,1,19554,0,0,0,,
683a48fc9a4a688b481a16fb,8133,survey-multi-choice,2,27690,0,0,"{""Q0"":""shape""}","In the sentence [this is a square table], a 'square' belongs to a category that is organized by:",practice_category
683a48fc9a4a688b481a16fd,6601,survey-multi-choice,4,44794,0,0,"{""Q0"":""none of these""}",spider,category_organization
683a48fc9a4a688b481a16ff,7268,survey-multi-choice,6,59027,0,0,"{""Q0"":""none of these""}",fly (animal),category_organization
683a48fc9a4a688b481a1701,6962,survey-multi-choice,5,51758,0,0,"{""Q0"":""material""}",tofu,category_organization
683a48fc9a4a688b481a1703,5960,survey-multi-choice,3,36082,0,0,"{""Q0"":""color""}","In the sentence [this is a red table], 'red' belongs to a category that is organized by:",practice_category
683a48fc9a4a688b481a1705,2881,survey-multi-choice,7,61910,0,0,"{""Q0"":""none of these""}",dinosaur,category_organization
683a48fc9a4a688b481a1707,7715,survey-multi-choice,8,69626,0,0,"{""Q0"":""material""}",park,category_organization
683a48fc9a4a688b481a1709,6237,survey-multi-choice,9,75865,0,0,"{""Q0"":""material""}",swimsuit,category_organization
683a48fc9a4a688b481a170b,33370,survey-multi-choice,10,109236,0,0,"{""Q0"":""material""}",soy milk,category_organization
683a48fc9a4a688b481a170d,5052,survey-multi-choice,11,114289,0,0,"{""Q0"":""shape""}",crane,category_organization
683a48fc9a4a688b481a170f,3477,survey-multi-choice,13,120891,0,0,"{""Q0"":""material""}",cushion,category_organization
683a48fc9a4a688b481a1711,3122,survey-multi-choice,12,117413,0,0,"{""Q0"":""material""}",taco,category_organization
683a48fc9a4a688b481a1713,4189,survey-multi-choice,15,127491,0,0,"{""Q0"":""color""}",firetruck,category_organization
683a48fc9a4a688b481a1715,2409,survey-multi-choice,14,123301,0,0,"{""Q0"":""material""}",yogurt,category_organization
683a48fc9a4a688b481a1717,6332,survey-multi-choice,17,138743,0,0,"{""Q0"":""material""}",table,category_organization
683a48fc9a4a688b481a1719,7747,survey-multi-choice,18,146491,0,0,"{""Q0"":""none of these""}",goal,category_organization
683a48fc9a4a688b481a171b,4918,survey-multi-choice,16,132410,0,0,"{""Q0"":""material""}",dust,category_organization
683a48fc9a4a688b481a171d,3071,survey-multi-choice,19,149563,0,0,"{""Q0"":""material""}",snowsuit,category_organization
683a48fc9a4a688b481a171f,4571,survey-multi-choice,20,154136,0,0,"{""Q0"":""material""}",crayon,category_organization
683a48fc9a4a688b481a1721,21862,survey-multi-choice,21,175998,0,0,"{""Q0"":""none of these""}",oven,category_organization
683a48fc9a4a688b481a1723,5366,survey-multi-choice,23,186828,0,0,"{""Q0"":""shape""}",clock,category_organization
683a48fc9a4a688b481a1725,5462,survey-multi-choice,22,181461,0,0,"{""Q0"":""shape""}",coffee table,category_organization
683a48fc9a4a688b481a1727,2150,survey-multi-choice,24,188979,0,0,"{""Q0"":""color""}",lavender,attention_category
683a48fc9a4a688b481a1729,3021,instructions,25,192001,0,0,,,
683a48ff9a4a688b481a172b,113180,instructions,0,113181,0,0,,,
683a49009a4a688b481a172d,2996,html-button-response,1,116178,0,0,0,,
683a49009a4a688b481a172f,7232,survey-multi-choice,2,123411,0,0,"{""Q0"":""shape""}","In the sentence [this is a square table], a 'square' belongs to a category that is organized by:",practice_category
683a49009a4a688b481a1731,8372,survey-multi-choice,4,139331,0,0,"{""Q0"":""none of these""}",puzzle,category_organization
683a49009a4a688b481a1733,3076,survey-multi-choice,5,142408,0,0,"{""Q0"":""material""}",shovel,category_organization
683a49009a4a688b481a1735,5763,survey-multi-choice,3,130083,0,0,"{""Q0"":""color""}","In the sentence [this is a red table], 'red' belongs to a category that is organized by:",practice_category
683a49009a4a688b481a1737,1870,survey-multi-choice,6,144278,0,0,"{""Q0"":""material""}",steak,category_organization
683a49009a4a688b481a1739,1144,survey-multi-choice,7,145422,0,0,"{""Q0"":""color""}",sponge,category_organization
683a49009a4a688b481a173b,1227,survey-multi-choice,8,146650,0,0,"{""Q0"":""shape""}",bush,category_organization
683a49009a4a688b481a173d,660,survey-multi-choice,10,148711,0,0,"{""Q0"":""color""}",closet,category_organization
683a49009a4a688b481a173f,1400,survey-multi-choice,9,148050,0,0,"{""Q0"":""material""}",pocket,category_organization
683a49009a4a688b481a1741,910,survey-multi-choice,11,149622,0,0,"{""Q0"":""material""}",yogurt drink,category_organization
683a49009a4a688b481a1743,1019,survey-multi-choice,12,150641,0,0,"{""Q0"":""color""}",radish,category_organization
683a49009a4a688b481a1745,1396,survey-multi-choice,13,152038,0,0,"{""Q0"":""none of these""}",finger,category_organization
683a49009a4a688b481a1747,4061,survey-multi-choice,14,156098,0,0,"{""Q0"":""color""}",lavender,attention_category
683a49009a4a688b481a1749,3839,instructions,15,159938,0,0,,,
683a49029a4a688b481a174b,8159,instructions,0,8167,0,0,,,
683a49029a4a688b481a174d,59558,html-button-response,1,67728,0,0,0,,
683a49029a4a688b481a174f,9983,survey-multi-choice,2,77715,0,0,"{""Q0"":""shape""}","In the sentence [this is a square table], a 'square' belongs to a category that is organized by:",practice_category
683a49029a4a688b481a1751,4057,survey-multi-choice,3,85085,0,0,"{""Q0"":""color""}","In the sentence [this is a red table], 'red' belongs to a category that is organized by:",practice_category
683a49029a4a688b481a1753,7263,survey-multi-choice,4,94588,0,0,"{""Q0"":""material""}",sponge,category_organization
683a49029a4a688b481a1755,16332,survey-multi-choice,5,110921,0,0,"{""Q0"":""material""}",shovel,category_organization
683a49029a4a688b481a1757,5705,survey-multi-choice,7,133207,0,0,"{""Q0"":""none of these""}",closet,category_organization
683a49029a4a688b481a1759,16579,survey-multi-choice,6,127501,0,0,"{""Q0"":""none of these""}",radish,category_organization
683a49039a4a688b481a175b,6475,survey-multi-choice,8,139683,0,0,"{""Q0"":""none of these""}",yogurt drink,category_organization
683a49039a4a688b481a175d,7761,survey-multi-choice,9,147445,0,0,"{""Q0"":""none of these""}",puzzle,category_organization
683a49039a4a688b481a175f,4649,survey-multi-choice,10,152095,0,0,"{""Q0"":""none of these""}",bush,category_organization
683a49039a4a688b481a1761,3845,survey-multi-choice,11,155941,0,0,"{""Q0"":""none of these""}",steak,category_organization
683a49039a4a688b481a1763,7551,survey-multi-choice,12,163494,0,0,"{""Q0"":""none of these""}",pocket,category_organization
683a49039a4a688b481a1765,6964,survey-multi-choice,13,170459,0,0,"{""Q0"":""none of these""}",finger,category_organization
683a49039a4a688b481a1767,25993,instructions,15,205190,0,0,,,
683a49039a4a688b481a1769,8736,survey-multi-choice,14,179196,0,0,"{""Q0"":""color""}",lavender,attention_category
683a49069a4a688b481a176b,2326,instructions,0,2328,0,0,,,
683a49069a4a688b481a176d,19479,html-button-response,1,21808,0,0,0,,
683a49069a4a688b481a176f,5455,survey-multi-choice,2,27264,0,0,"{""Q0"":""shape""}","In the sentence [this is a square table], a 'square' belongs to a category that is organized by:",practice_category
683a49069a4a688b481a1771,4079,survey-multi-choice,3,33032,0,0,"{""Q0"":""color""}","In the sentence [this is a red table], 'red' belongs to a category that is organized by:",practice_category
683a49069a4a688b481a1773,7328,survey-multi-choice,4,41336,0,0,"{""Q0"":""shape""}",finger,category_organization
683a49069a4a688b481a1775,6039,survey-multi-choice,5,47376,0,0,"{""Q0"":""material""}",yogurt drink,category_organization
683a49069a4a688b481a1777,9031,survey-multi-choice,6,56408,0,0,"{""Q0"":""material""}",steak,category_organization
683a49069a4a688b481a1779,10480,survey-multi-choice,7,66888,0,0,"{""Q0"":""none of these""}",closet,category_organization
683a49069a4a688b481a177b,4199,survey-multi-choice,8,71088,0,0,"{""Q0"":""shape""}",pocket,category_organization
683a49069a4a688b481a177d,5863,survey-multi-choice,9,76952,0,0,"{""Q0"":""shape""}",shovel,category_organization
683a49069a4a688b481a177f,3839,survey-multi-choice,11,91744,0,0,"{""Q0"":""shape""}",puzzle,category_organization
683a49069a4a688b481a1781,10952,survey-multi-choice,10,87904,0,0,"{""Q0"":""material""}",radish,category_organization
683a49069a4a688b481a1783,6984,survey-multi-choice,13,104632,0,0,"{""Q0"":""material""}",sponge,category_organization
683a49069a4a688b481a1785,5904,survey-multi-choice,12,97648,0,0,"{""Q0"":""material""}",bush,category_organization
683a49069a4a688b481a1787,2223,survey-multi-choice,14,106856,0,0,"{""Q0"":""color""}",lavender,attention_category
683a49069a4a688b481a1789,1872,instructions,15,108728,0,0,,,
683a49099a4a688b481a178b,1821,instructions,0,1822,0,0,,,
683a49099a4a688b481a178d,33447,html-button-response,1,35270,0,0,0,,
683a490a9a4a688b481a178f,3559,survey-multi-choice,6,58941,0,0,"{""Q0"":""shape""}",pocket,category_organization
683a490a9a4a688b481a1791,6982,survey-multi-choice,2,42254,0,0,"{""Q0"":""shape""}","In the sentence [this is a square table], a 'square' belongs to a category that is organized by:",practice_category
683a490a9a4a688b481a1793,3495,survey-multi-choice,3,47526,0,0,"{""Q0"":""color""}","In the sentence [this is a red table], 'red' belongs to a category that is organized by:",practice_category
683a490a9a4a688b481a1795,2183,survey-multi-choice,7,61125,0,0,"{""Q0"":""shape""}",shovel,category_organization
683a490a9a4a688b481a1797,3295,survey-multi-choice,4,51909,0,0,"{""Q0"":""shape""}",finger,category_organization
683a490a9a4a688b481a1799,3687,survey-multi-choice,8,64813,0,0,"{""Q0"":""none of these""}",sponge,category_organization
683a490a9a4a688b481a179b,3471,survey-multi-choice,5,55381,0,0,"{""Q0"":""material""}",yogurt drink,category_organization
683a490a9a4a688b481a179d,3911,survey-multi-choice,9,68725,0,0,"{""Q0"":""none of these""}",bush,category_organization
683a490a9a4a688b481a179f,3199,survey-multi-choice,11,74597,0,0,"{""Q0"":""shape""}",radish,category_organization
683a490a9a4a688b481a17a1,2671,survey-multi-choice,10,71397,0,0,"{""Q0"":""shape""}",closet,category_organization
683a490a9a4a688b481a17a3,3247,survey-multi-choice,12,77845,0,0,"{""Q0"":""shape""}",puzzle,category_organization
683a490a9a4a688b481a17a5,2351,survey-multi-choice,14,82837,0,0,"{""Q0"":""color""}",lavender,attention_category
683a490a9a4a688b481a17a7,2639,survey-multi-choice,13,80485,0,0,"{""Q0"":""material""}",steak,category_organization
683a490a9a4a688b481a17a9,2223,instructions,15,85061,0,0,,,
683a490a9a4a688b481a17ab,2346,html-button-response,1,4947,0,0,0,,
683a490a9a4a688b481a17ad,2597,instructions,0,2600,0,0,,,
683a490a9a4a688b481a17af,14563,survey-multi-choice,2,19513,0,0,"{""Q0"":""shape""}","In the sentence [this is a square table], a 'square' belongs to a category that is organized by:",practice_category
683a490a9a4a688b481a17b1,2288,survey-multi-choice,3,26652,0,0,"{""Q0"":""material""}","In the sentence [this is a red table], 'red' belongs to a category that is organized by:",practice_category
683a490b9a4a688b481a17b3,6769,survey-multi-choice,4,35276,0,0,"{""Q0"":""material""}",jeans,category_organization
683a490b9a4a688b481a17b5,6218,survey-multi-choice,5,41496,0,0,"{""Q0"":""none of these""}",brain,category_organization
683a490b9a4a688b481a17b7,9143,survey-multi-choice,6,50639,0,0,"{""Q0"":""shape""}",park,category_organization
683a490b9a4a688b481a17b9,6009,survey-multi-choice,7,56650,0,0,"{""Q0"":""shape""}",hot dog,category_organization
683a490b9a4a688b481a17bb,69736,html-button-response,1,93374,0,0,0,,
683a490b9a4a688b481a17bd,23629,instructions,0,23632,0,0,,,
683a490b9a4a688b481a17bf,6673,survey-multi-choice,8,63324,0,0,"{""Q0"":""material""}",cloth,category_organization
683a490b9a4a688b481a17c1,5816,survey-multi-choice,9,69142,0,0,"{""Q0"":""color""}",kefir,category_organization
683a490b9a4a688b481a17c3,3499,survey-multi-choice,10,72642,0,0,"{""Q0"":""material""}",shampoo,category_organization
683a490b9a4a688b481a17c5,7588,survey-multi-choice,11,80231,0,0,"{""Q0"":""none of these""}",wolf,category_organization
683a490b9a4a688b481a17c7,3977,survey-multi-choice,12,84210,0,0,"{""Q0"":""none of these""}",trumpet,category_organization
683a490b9a4a688b481a17c9,9984,survey-multi-choice,2,103362,0,0,"{""Q0"":""shape""}","In the sentence [this is a square table], a 'square' belongs to a category that is organized by:",practice_category
683a490b9a4a688b481a17cb,3443,survey-multi-choice,3,112469,0,0,"{""Q0"":""color""}","In the sentence [this is a red table], 'red' belongs to a category that is organized by:",practice_category
683a490c9a4a688b481a17cd,3219,survey-multi-choice,16,121990,0,0,"{""Q0"":""shape""}",digger,category_organization
683a490c9a4a688b481a17cf,50079,survey-multi-choice,17,172070,0,0,"{""Q0"":""none of these""}",mitten,category_organization
683a490c9a4a688b481a17d1,29181,survey-multi-choice,13,113392,0,0,"{""Q0"":""shape""}",clock,category_organization
683a490c9a4a688b481a17d3,2603,survey-multi-choice,14,115996,0,0,"{""Q0"":""color""}",sausage,category_organization
683a490c9a4a688b481a17d5,2773,survey-multi-choice,15,118770,0,0,"{""Q0"":""material""}",tarhana,category_organization
683a490c9a4a688b481a17d7,3699,survey-multi-choice,18,175770,0,0,"{""Q0"":""none of these""}",alligator,category_organization
683a490c9a4a688b481a17d9,11441,survey-multi-choice,4,125704,0,0,"{""Q0"":""shape""}",tail,category_organization
683a490c9a4a688b481a17db,10819,survey-multi-choice,5,136525,0,0,"{""Q0"":""material""}",shampoo,category_organization
683a490c9a4a688b481a17dd,3903,survey-multi-choice,19,179674,0,0,"{""Q0"":""color""}",boulder,category_organization
683a490c9a4a688b481a17df,2945,survey-multi-choice,21,185950,0,0,"{""Q0"":""material""}",ribbon,category_organization
683a490c9a4a688b481a17e1,3329,survey-multi-choice,20,183004,0,0,"{""Q0"":""shape""}",vacuum cleaner,category_organization
683a490c9a4a688b481a17e3,2869,survey-multi-choice,22,188820,0,0,"{""Q0"":""shape""}",cart,category_organization
683a490c9a4a688b481a17e5,2717,survey-multi-choice,23,191538,0,0,"{""Q0"":""none of these""}",dragon,category_organization
683a490c9a4a688b481a17e7,7165,survey-multi-choice,24,198704,0,0,"{""Q0"":""none of these""}",lavender,attention_category
683a490c9a4a688b481a17e9,6514,survey-multi-choice,6,143041,0,0,"{""Q0"":""material""}",tablecloth,category_organization
683a490c9a4a688b481a17eb,13661,survey-multi-choice,7,156704,0,0,"{""Q0"":""shape""}",thumb,category_organization
683a490c9a4a688b481a17ed,3239,instructions,25,201944,0,0,,,
683a490c9a4a688b481a17ef,8501,survey-multi-choice,8,165207,0,0,"{""Q0"":""shape""}",kitchen,category_organization
683a490c9a4a688b481a17f1,3584,survey-multi-choice,9,168794,0,0,"{""Q0"":""material""}",coin,category_organization
683a490c9a4a688b481a17f3,3908,survey-multi-choice,10,172705,0,0,"{""Q0"":""shape""}",snake,category_organization
683a490c9a4a688b481a17f5,4594,survey-multi-choice,11,177301,0,0,"{""Q0"":""shape""}",sheep,category_organization
683a490d9a4a688b481a17f7,3543,survey-multi-choice,12,180846,0,0,"{""Q0"":""material""}",jam,category_organization
683a490d9a4a688b481a17f9,4918,survey-multi-choice,13,185766,0,0,"{""Q0"":""material""}",soil,category_organization
683a490d9a4a688b481a17fb,2906,survey-multi-choice,14,188673,0,0,"{""Q0"":""material""}",chicken,category_organization
683a490d9a4a688b481a17fd,4686,survey-multi-choice,15,193361,0,0,"{""Q0"":""shape""}",living room,category_organization
683a490d9a4a688b481a17ff,3912,survey-multi-choice,16,197275,0,0,"{""Q0"":""shape""}",tarhana,category_organization
683a490d9a4a688b481a1801,4071,survey-multi-choice,17,201349,0,0,"{""Q0"":""shape""}",earring,category_organization
683a490d9a4a688b481a1803,4049,survey-multi-choice,18,205400,0,0,"{""Q0"":""material""}",breast,category_organization
683a490d9a4a688b481a1805,5197,survey-multi-choice,19,210599,0,0,"{""Q0"":""shape""}",doorbell,category_organization
683a490d9a4a688b481a1807,5841,survey-multi-choice,20,216443,0,0,"{""Q0"":""material""}",crane,category_organization
683a490d9a4a688b481a1809,3479,survey-multi-choice,22,227122,0,0,"{""Q0"":""material""}",board game,category_organization
683a490d9a4a688b481a180b,7197,survey-multi-choice,21,223641,0,0,"{""Q0"":""material""}",chicken (food),category_organization
683a490d9a4a688b481a180d,6835,survey-multi-choice,23,233959,0,0,"{""Q0"":""shape""}",patio,category_organization
683a490d9a4a688b481a180f,5566,survey-multi-choice,24,239527,0,0,"{""Q0"":""color""}",lavender,attention_category
683a490d9a4a688b481a1811,4810,instructions,25,244338,0,0,,,
683a49129a4a688b481a1813,17205,instructions,0,17208,0,0,,,
683a49129a4a688b481a1815,14330,survey-multi-choice,3,135089,0,0,"{""Q0"":""color""}","In the sentence [this is a red table], 'red' belongs to a category that is organized by:",practice_category
683a49129a4a688b481a1817,61193,survey-multi-choice,5,212382,0,0,"{""Q0"":""material""}",radish,category_organization
683a49129a4a688b481a1819,14489,survey-multi-choice,4,151187,0,0,"{""Q0"":""material""}",steak,category_organization
683a49129a4a688b481a181b,68421,html-button-response,1,85631,0,0,0,,
683a49129a4a688b481a181d,31160,survey-multi-choice,2,116794,0,0,"{""Q0"":""shape""}","In the sentence [this is a square table], a 'square' belongs to a category that is organized by:",practice_category
683a49129a4a688b481a181f,5172,survey-multi-choice,7,233161,0,0,"{""Q0"":""none of these""}",puzzle,category_organization
683a49129a4a688b481a1821,9045,survey-multi-choice,8,242208,0,0,"{""Q0"":""material""}",shovel,category_organization
683a49129a4a688b481a1823,15605,survey-multi-choice,6,227988,0,0,"{""Q0"":""none of these""}",pocket,category_organization
683a49129a4a688b481a1825,7162,survey-multi-choice,9,249371,0,0,"{""Q0"":""none of these""}",yogurt drink,category_organization
683a49129a4a688b481a1827,7061,survey-multi-choice,10,256433,0,0,"{""Q0"":""material""}",closet,category_organization
683a49129a4a688b481a1829,4439,survey-multi-choice,11,260873,0,0,"{""Q0"":""none of these""}",finger,category_organization
683a49129a4a688b481a182b,4511,survey-multi-choice,13,268373,0,0,"{""Q0"":""material""}",sponge,category_organization
683a49129a4a688b481a182d,2987,survey-multi-choice,12,263861,0,0,"{""Q0"":""none of these""}",bush,category_organization
683a49129a4a688b481a182f,7453,instructions,15,279873,0,0,,,
683a49129a4a688b481a1831,4045,survey-multi-choice,14,272419,0,0,"{""Q0"":""color""}",lavender,attention_category
683a49149a4a688b481a1833,13372,instructions,0,13378,0,0,,,
683a49159a4a688b481a1835,4850,instructions,0,4855,0,0,,,
683a49159a4a688b481a1837,76645,html-button-response,1,90033,0,0,0,,
683a49159a4a688b481a1839,13392,survey-multi-choice,2,103430,0,0,"{""Q0"":""shape""}","In the sentence [this is a square table], a 'square' belongs to a category that is organized by:",practice_category
683a49159a4a688b481a183b,8071,survey-multi-choice,3,114123,0,0,"{""Q0"":""color""}","In the sentence [this is a red table], 'red' belongs to a category that is organized by:",practice_category
683a49159a4a688b481a183d,12273,survey-multi-choice,4,128537,0,0,"{""Q0"":""none of these""}",closet,category_organization
683a49159a4a688b481a183f,16179,survey-multi-choice,6,151970,0,0,"{""Q0"":""none of these""}",finger,category_organization
683a49159a4a688b481a1841,7248,survey-multi-choice,5,135788,0,0,"{""Q0"":""material""}",sponge,category_organization
683a49159a4a688b481a1843,9630,survey-multi-choice,7,161603,0,0,"{""Q0"":""material""}",bush,category_organization
683a49159a4a688b481a1845,17991,survey-multi-choice,8,179597,0,0,"{""Q0"":""material""}",yogurt drink,category_organization
683a49169a4a688b481a1847,5616,survey-multi-choice,9,185215,0,0,"{""Q0"":""material""}",shovel,category_organization
683a49169a4a688b481a1849,4584,survey-multi-choice,10,189801,0,0,"{""Q0"":""none of these""}",pocket,category_organization
683a49169a4a688b481a184b,6160,survey-multi-choice,11,195964,0,0,"{""Q0"":""none of these""}",puzzle,category_organization
683a49169a4a688b481a184d,4099,survey-multi-choice,13,204478,0,0,"{""Q0"":""color""}",radish,category_organization
683a49169a4a688b481a184f,4410,survey-multi-choice,12,200376,0,0,"{""Q0"":""material""}",steak,category_organization
683a49169a4a688b481a1851,4730,survey-multi-choice,14,209210,0,0,"{""Q0"":""color""}",lavender,attention_category
683a49169a4a688b481a1853,4161,instructions,15,213372,0,0,,,
683a491a9a4a688b481a1855,1271,instructions,0,1272,0,0,,,
683a491a9a4a688b481a1857,3396,survey-multi-choice,3,14532,0,0,"{""Q0"":""color""}","In the sentence [this is a red table], 'red' belongs to a category that is organized by:",practice_category
683a491a9a4a688b481a1859,8095,survey-multi-choice,4,23641,0,0,"{""Q0"":""none of these""}",pants,category_organization
683a491a9a4a688b481a185b,1399,html-button-response,1,2672,0,0,0,,
683a491a9a4a688b481a185d,6985,survey-multi-choice,2,9658,0,0,"{""Q0"":""shape""}","In the sentence [this is a square table], a 'square' belongs to a category that is organized by:",practice_category
683a491a9a4a688b481a185f,4296,survey-multi-choice,5,27938,0,0,"{""Q0"":""none of these""}",hen,category_organization
683a491a9a4a688b481a1861,2544,survey-multi-choice,6,30482,0,0,"{""Q0"":""material""}",pill,category_organization
683a491a9a4a688b481a1863,3300,survey-multi-choice,7,33783,0,0,"{""Q0"":""none of these""}",dining room,category_organization
683a491a9a4a688b481a1865,2221,survey-multi-choice,9,40951,0,0,"{""Q0"":""none of these""}",kiwi,category_organization
683a491a9a4a688b481a1867,4945,survey-multi-choice,8,38728,0,0,"{""Q0"":""none of these""}",soup,category_organization
683a491a9a4a688b481a1869,8765,survey-multi-choice,10,49716,0,0,"{""Q0"":""shape""}",wheel,category_organization
683a491a9a4a688b481a186b,4063,survey-multi-choice,11,53780,0,0,"{""Q0"":""none of these""}",insect,category_organization
683a491a9a4a688b481a186d,2306,survey-multi-choice,12,56086,0,0,"{""Q0"":""none of these""}",head,category_organization
683a491a9a4a688b481a186f,2487,survey-multi-choice,13,58573,0,0,"{""Q0"":""none of these""}",hippopotamus,category_organization
683a491a9a4a688b481a1871,2338,survey-multi-choice,14,60912,0,0,"{""Q0"":""material""}",towel,category_organization
683a491a9a4a688b481a1873,44386,survey-multi-choice,15,105298,0,0,"{""Q0"":""none of these""}",cake,category_organization
683a491a9a4a688b481a1875,2840,survey-multi-choice,17,143557,0,0,"{""Q0"":""none of these""}",back (body part),category_organization
683a491a9a4a688b481a1877,35417,survey-multi-choice,16,140716,0,0,"{""Q0"":""none of these""}",dumpling,category_organization
683a491a9a4a688b481a1879,2971,survey-multi-choice,18,146528,0,0,"{""Q0"":""shape""}",bird,category_organization
683a491a9a4a688b481a187b,2196,survey-multi-choice,19,148724,0,0,"{""Q0"":""none of these""}",high chair,category_organization
683a491a9a4a688b481a187d,2143,survey-multi-choice,20,150868,0,0,"{""Q0"":""none of these""}",bedroom,category_organization
683a491a9a4a688b481a187f,2670,survey-multi-choice,21,153538,0,0,"{""Q0"":""material""}",tray,category_organization
683a491a9a4a688b481a1881,3274,survey-multi-choice,23,158584,0,0,"{""Q0"":""material""}",raincoat,category_organization
683a491a9a4a688b481a1883,9137,survey-multi-choice,24,167722,0,0,"{""Q0"":""none of these""}",lavender,attention_category
683a491a9a4a688b481a1885,1772,survey-multi-choice,22,155310,0,0,"{""Q0"":""none of these""}",bathroom,category_organization
683a491b9a4a688b481a1887,1890,instructions,25,169612,0,0,,,
683a49269a4a688b481a1889,4824,instructions,0,4827,0,0,,,
683a49269a4a688b481a188b,35630,html-button-response,1,40462,0,0,0,,
683a49269a4a688b481a188d,56095,survey-multi-choice,2,96561,0,0,"{""Q0"":""shape""}","In the sentence [this is a square table], a 'square' belongs to a category that is organized by:",practice_category
683a49269a4a688b481a188f,4943,survey-multi-choice,3,103742,0,0,"{""Q0"":""color""}","In the sentence [this is a red table], 'red' belongs to a category that is organized by:",practice_category
683a49269a4a688b481a1891,8741,survey-multi-choice,4,114942,0,0,"{""Q0"":""material""}",bush,category_organization
683a49269a4a688b481a1893,7433,survey-multi-choice,5,122377,0,0,"{""Q0"":""none of these""}",closet,category_organization
683a49269a4a688b481a1895,4072,survey-multi-choice,6,126451,0,0,"{""Q0"":""material""}",steak,category_organization
683a49269a4a688b481a1897,15707,survey-multi-choice,8,146308,0,0,"{""Q0"":""none of these""}",pocket,category_organization
683a49269a4a688b481a1899,4146,survey-multi-choice,7,130599,0,0,"{""Q0"":""material""}",sponge,category_organization
683a49269a4a688b481a189b,3151,survey-multi-choice,9,149461,0,0,"{""Q0"":""material""}",yogurt drink,category_organization
683a49269a4a688b481a189d,13318,survey-multi-choice,10,162780,0,0,"{""Q0"":""material""}",radish,category_organization
683a49269a4a688b481a189f,8080,survey-multi-choice,11,170862,0,0,"{""Q0"":""material""}",finger,category_organization
683a49269a4a688b481a18a1,7063,survey-multi-choice,12,177927,0,0,"{""Q0"":""none of these""}",puzzle,category_organization
683a49269a4a688b481a18a3,10509,survey-multi-choice,13,188437,0,0,"{""Q0"":""shape""}",shovel,category_organization
683a49269a4a688b481a18a5,3159,instructions,15,196459,0,0,,,
683a49269a4a688b481a18a7,4861,survey-multi-choice,14,193299,0,0,"{""Q0"":""color""}",lavender,attention_category
683a492e9a4a688b481a18a9,1931,instructions,0,1933,0,0,,,
683a492e9a4a688b481a18ab,4195,survey-multi-choice,3,17357,0,0,"{""Q0"":""color""}","In the sentence [this is a red table], 'red' belongs to a category that is organized by:",practice_category
683a492e9a4a688b481a18ad,7055,survey-multi-choice,2,10555,0,0,"{""Q0"":""shape""}","In the sentence [this is a square table], a 'square' belongs to a category that is organized by:",practice_category
683a492e9a4a688b481a18af,1555,html-button-response,1,3493,0,0,0,,
683a492e9a4a688b481a18b1,3982,survey-multi-choice,6,31314,0,0,"{""Q0"":""material""}",bridge,category_organization
683a492e9a4a688b481a18b3,4922,survey-multi-choice,4,23580,0,0,"{""Q0"":""material""}",sweet potato,category_organization
683a492e9a4a688b481a18b5,3746,survey-multi-choice,5,27330,0,0,"{""Q0"":""shape""}",wheel,category_organization
683a492e9a4a688b481a18b7,5814,survey-multi-choice,7,37131,0,0,"{""Q0"":""none of these""}",head,category_organization
683a492e9a4a688b481a18b9,11712,survey-multi-choice,8,48845,0,0,"{""Q0"":""material""}",nail (finger),category_organization
683a492e9a4a688b481a18bb,4512,survey-multi-choice,11,65819,0,0,"{""Q0"":""color""}",light (object),category_organization
683a492e9a4a688b481a18bd,5438,survey-multi-choice,10,61305,0,0,"{""Q0"":""shape""}",glasses,category_organization
683a492e9a4a688b481a18bf,7019,survey-multi-choice,9,55865,0,0,"{""Q0"":""none of these""}",taxi,category_organization
683a492e9a4a688b481a18c1,4784,survey-multi-choice,12,70606,0,0,"{""Q0"":""none of these""}",sparrow,category_organization
683a492e9a4a688b481a18c3,4096,survey-multi-choice,13,74705,0,0,"{""Q0"":""material""}",gum,category_organization
683a492e9a4a688b481a18c5,5965,survey-multi-choice,14,80672,0,0,"{""Q0"":""shape""}",sock,category_organization
683a492e9a4a688b481a18c7,4528,survey-multi-choice,15,85202,0,0,"{""Q0"":""shape""}",knife,category_organization
683a492e9a4a688b481a18c9,2921,survey-multi-choice,16,88125,0,0,"{""Q0"":""material""}",cake,category_organization
683a492e9a4a688b481a18cb,5386,survey-multi-choice,18,100667,0,0,"{""Q0"":""none of these""}",sheet,category_organization
683a492e9a4a688b481a18cd,7150,survey-multi-choice,17,95278,0,0,"{""Q0"":""material""}",dustpan,category_organization
683a492e9a4a688b481a18cf,7443,survey-multi-choice,19,108113,0,0,"{""Q0"":""shape""}",plate,category_organization
683a492e9a4a688b481a18d1,2875,survey-multi-choice,20,110991,0,0,"{""Q0"":""material""}",biscuit,category_organization
683a492e9a4a688b481a18d3,5063,survey-multi-choice,21,116056,0,0,"{""Q0"":""none of these""}",toy (object),category_organization
683a492e9a4a688b481a18d5,3988,survey-multi-choice,22,120046,0,0,"{""Q0"":""material""}",vegetable,category_organization
683a492e9a4a688b481a18d7,2497,survey-multi-choice,24,126529,0,0,"{""Q0"":""color""}",lavender,attention_category
683a492e9a4a688b481a18d9,3981,survey-multi-choice,23,124029,0,0,"{""Q0"":""shape""}",hose,category_organization
683a492e9a4a688b481a18db,1840,instructions,25,128369,0,0,,,
683a49389a4a688b481a18dd,4150,instructions,0,4153,0,0,,,
683a49389a4a688b481a18df,15176,survey-multi-choice,3,126355,0,0,"{""Q0"":""material""}","In the sentence [this is a red table], 'red' belongs to a category that is organized by:",practice_category
683a49389a4a688b481a18e1,15156,survey-multi-choice,2,101341,0,0,"{""Q0"":""color""}","In the sentence [this is a square table], a 'square' belongs to a category that is organized by:",practice_category
683a49389a4a688b481a18e3,82029,html-button-response,1,86183,0,0,0,,
683a49389a4a688b481a18e5,13749,survey-multi-choice,4,143619,0,0,"{""Q0"":""material""}",keys,category_organization
683a49389a4a688b481a18e7,6193,survey-multi-choice,5,149813,0,0,"{""Q0"":""material""}",rag,category_organization
683a49389a4a688b481a18e9,8188,survey-multi-choice,6,158002,0,0,"{""Q0"":""material""}",trumpet,category_organization
683a49389a4a688b481a18eb,3473,survey-multi-choice,7,161476,0,0,"{""Q0"":""shape""}",mango,category_organization
683a49389a4a688b481a18ed,3633,survey-multi-choice,8,165109,0,0,"{""Q0"":""shape""}",banana,category_organization
683a49389a4a688b481a18ef,6567,survey-multi-choice,9,171677,0,0,"{""Q0"":""material""}",firetruck,category_organization
683a49389a4a688b481a18f1,5178,survey-multi-choice,10,176856,0,0,"{""Q0"":""color""}",dried seaweed,category_organization
683a49389a4a688b481a18f3,7663,survey-multi-choice,12,188720,0,0,"{""Q0"":""shape""}",fingernail,category_organization
683a49389a4a688b481a18f5,4200,survey-multi-choice,11,181056,0,0,"{""Q0"":""shape""}",watermelon,category_organization
683a49389a4a688b481a18f7,6275,survey-multi-choice,13,194996,0,0,"{""Q0"":""color""}",tuna,category_organization
683a49389a4a688b481a18f9,7526,survey-multi-choice,14,202523,0,0,"{""Q0"":""color""}",kefir,category_organization
683a49389a4a688b481a18fb,7609,survey-multi-choice,15,210132,0,0,"{""Q0"":""material""}",book,category_organization
683a49389a4a688b481a18fd,11766,survey-multi-choice,17,230358,0,0,"{""Q0"":""shape""}",chicken (animal),category_organization
683a49389a4a688b481a18ff,12789,survey-multi-choice,18,243147,0,0,"{""Q0"":""shape""}",spider,category_organization
683a49389a4a688b481a1901,8458,survey-multi-choice,16,218591,0,0,"{""Q0"":""material""}",garbage,category_organization
683a49389a4a688b481a1903,4475,survey-multi-choice,19,247623,0,0,"{""Q0"":""color""}",mitten,category_organization
683a49389a4a688b481a1905,5924,survey-multi-choice,20,253547,0,0,"{""Q0"":""color""}",hot dog,category_organization
683a49389a4a688b481a1907,6742,survey-multi-choice,22,267144,0,0,"{""Q0"":""material""}",push,category_organization
683a49389a4a688b481a1909,6853,survey-multi-choice,21,260401,0,0,"{""Q0"":""color""}",water (beverage),category_organization
683a49389a4a688b481a190b,2774,instructions,25,283714,0,0,,,
683a49389a4a688b481a190d,4852,survey-multi-choice,23,271997,0,0,"{""Q0"":""color""}",cucumber,category_organization
683a49389a4a688b481a190f,8943,survey-multi-choice,24,280940,0,0,"{""Q0"":""color""}",lavender,attention_category
683a493f9a4a688b481a1911,1587,instructions,0,1588,0,0,,,
683a493f9a4a688b481a1913,21347,html-button-response,1,22936,0,0,0,,
683a493f9a4a688b481a1915,5431,survey-multi-choice,2,28367,0,0,"{""Q0"":""shape""}","In the sentence [this is a square table], a 'square' belongs to a category that is organized by:",practice_category
683a493f9a4a688b481a1917,3563,survey-multi-choice,3,34005,0,0,"{""Q0"":""color""}","In the sentence [this is a red table], 'red' belongs to a category that is organized by:",practice_category
683a493f9a4a688b481a1919,5887,survey-multi-choice,4,41226,0,0,"{""Q0"":""material""}",sponge,category_organization
683a493f9a4a688b481a191b,5826,survey-multi-choice,6,51059,0,0,"{""Q0"":""none of these""}",closet,category_organization
683a493f9a4a688b481a191d,4005,survey-multi-choice,5,45232,0,0,"{""Q0"":""shape""}",shovel,category_organization
683a493f9a4a688b481a191f,4540,survey-multi-choice,7,55600,0,0,"{""Q0"":""material""}",yogurt drink,category_organization
683a493f9a4a688b481a1921,3661,survey-multi-choice,8,59262,0,0,"{""Q0"":""shape""}",bush,category_organization
683a493f9a4a688b481a1923,6162,survey-multi-choice,10,69867,0,0,"{""Q0"":""none of these""}",finger,category_organization
683a493f9a4a688b481a1925,4441,survey-multi-choice,9,63703,0,0,"{""Q0"":""shape""}",radish,category_organization
683a493f9a4a688b481a1927,4092,survey-multi-choice,12,78528,0,0,"{""Q0"":""material""}",steak,category_organization
683a493f9a4a688b481a1929,4567,survey-multi-choice,11,74435,0,0,"{""Q0"":""material""}",puzzle,category_organization
683a493f9a4a688b481a192b,4854,survey-multi-choice,13,83383,0,0,"{""Q0"":""shape""}",pocket,category_organization
683a493f9a4a688b481a192d,2353,survey-multi-choice,14,85737,0,0,"{""Q0"":""color""}",lavender,attention_category
683a493f9a4a688b481a192f,1851,instructions,15,87590,0,0,,,
683a49409a4a688b481a1931,1263,instructions,0,1267,0,0,,,
683a49409a4a688b481a1933,14755,html-button-response,1,16025,0,0,0,,
683a49409a4a688b481a1935,7790,survey-multi-choice,2,23817,0,0,"{""Q0"":""shape""}","In the sentence [this is a square table], a 'square' belongs to a category that is organized by:",practice_category
683a49409a4a688b481a1937,3822,survey-multi-choice,3,29464,0,0,"{""Q0"":""color""}","In the sentence [this is a red table], 'red' belongs to a category that is organized by:",practice_category
683a49409a4a688b481a1939,3370,survey-multi-choice,5,38910,0,0,"{""Q0"":""none of these""}",cucumber,category_organization
683a49409a4a688b481a193b,4865,survey-multi-choice,4,35538,0,0,"{""Q0"":""none of these""}",eggplant,category_organization
683a49409a4a688b481a193d,4165,survey-multi-choice,6,43076,0,0,"{""Q0"":""none of these""}",fly (animal),category_organization
683a49409a4a688b481a193f,3573,survey-multi-choice,7,46650,0,0,"{""Q0"":""none of these""}",hamburger,category_organization
683a49409a4a688b481a1941,2106,survey-multi-choice,9,51321,0,0,"{""Q0"":""none of these""}",garbage,category_organization
683a49409a4a688b481a1943,2561,survey-multi-choice,8,49213,0,0,"{""Q0"":""none of these""}",top,category_organization
683a49409a4a688b481a1945,3344,survey-multi-choice,10,54666,0,0,"{""Q0"":""none of these""}",soap,category_organization
683a49409a4a688b481a1947,3014,survey-multi-choice,11,57682,0,0,"{""Q0"":""none of these""}",swimsuit,category_organization
683a49409a4a688b481a1949,1720,survey-multi-choice,12,59403,0,0,"{""Q0"":""none of these""}",kite,category_organization
683a49409a4a688b481a194b,3022,survey-multi-choice,15,69414,0,0,"{""Q0"":""none of these""}",dragonfly,category_organization
683a49409a4a688b481a194d,4402,survey-multi-choice,13,63806,0,0,"{""Q0"":""material""}",vinegar,category_organization
683a49409a4a688b481a194f,2583,survey-multi-choice,14,66390,0,0,"{""Q0"":""none of these""}",jacket,category_organization
683a49409a4a688b481a1951,2584,survey-multi-choice,16,71998,0,0,"{""Q0"":""none of these""}",calf,category_organization
683a49409a4a688b481a1953,2649,survey-multi-choice,17,74649,0,0,"{""Q0"":""none of these""}",bathtub,category_organization
683a49409a4a688b481a1955,1659,survey-multi-choice,18,76309,0,0,"{""Q0"":""material""}",pipe,category_organization
683a49409a4a688b481a1957,2264,survey-multi-choice,19,78575,0,0,"{""Q0"":""none of these""}",chick,category_organization
683a49409a4a688b481a1959,4447,survey-multi-choice,20,83023,0,0,"{""Q0"":""color""}",olive,category_organization
683a49409a4a688b481a195b,1987,survey-multi-choice,22,87355,0,0,"{""Q0"":""none of these""}",tongue,category_organization
683a49409a4a688b481a195d,2342,survey-multi-choice,21,85366,0,0,"{""Q0"":""color""}",light,category_organization
683a49409a4a688b481a195f,2840,survey-multi-choice,23,90195,0,0,"{""Q0"":""material""}",juice,category_organization
683a49409a4a688b481a1961,2204,survey-multi-choice,24,92401,0,0,"{""Q0"":""color""}",lavender,attention_category
683a49409a4a688b481a1963,50720,instructions,25,143121,0,0,,,
683a49469a4a688b481a1965,8712,instructions,0,8715,0,0,,,
683a49469a4a688b481a1967,24183,survey-multi-choice,2,69677,0,0,"{""Q0"":""shape""}","In the sentence [this is a square table], a 'square' belongs to a category that is organized by:",practice_category
683a49469a4a688b481a1969,36774,html-button-response,1,45492,0,0,0,,
683a49469a4a688b481a196b,8553,survey-multi-choice,4,89545,0,0,"{""Q0"":""material""}",dumpling,category_organization
683a49469a4a688b481a196d,8927,survey-multi-choice,5,98473,0,0,"{""Q0"":""none of these""}",hose,category_organization
683a49469a4a688b481a196f,7992,survey-multi-choice,3,79753,0,0,"{""Q0"":""color""}","In the sentence [this is a red table], 'red' belongs to a category that is organized by:",practice_category
683a49469a4a688b481a1971,3723,survey-multi-choice,6,102198,0,0,"{""Q0"":""material""}",paper,category_organization
683a49469a4a688b481a1973,7410,survey-multi-choice,7,109610,0,0,"{""Q0"":""material""}",ankle,category_organization
683a49469a4a688b481a1975,8998,survey-multi-choice,8,118609,0,0,"{""Q0"":""none of these""}",shed,category_organization
683a49469a4a688b481a1977,5984,survey-multi-choice,9,124593,0,0,"{""Q0"":""none of these""}",drawer,category_organization
683a49469a4a688b481a1979,12766,survey-multi-choice,10,137361,0,0,"{""Q0"":""shape""}",waves,category_organization
683a49469a4a688b481a197b,10978,survey-multi-choice,12,157005,0,0,"{""Q0"":""material""}",bird,category_organization
683a49469a4a688b481a197d,8664,survey-multi-choice,11,146026,0,0,"{""Q0"":""none of these""}",porch,category_organization
683a49469a4a688b481a197f,6642,survey-multi-choice,13,163649,0,0,"{""Q0"":""none of these""}",kangaroo,category_organization
683a49469a4a688b481a1981,4607,survey-multi-choice,14,168257,0,0,"{""Q0"":""material""}",toy (object),category_organization
683a49479a4a688b481a1983,7975,survey-multi-choice,15,176233,0,0,"{""Q0"":""material""}",painting,category_organization
683a49479a4a688b481a1985,4521,survey-multi-choice,16,180755,0,0,"{""Q0"":""none of these""}",dolphin,category_organization
683a49479a4a688b481a1987,3902,survey-multi-choice,17,184657,0,0,"{""Q0"":""none of these""}",sprinkler,category_organization
683a49479a4a688b481a1989,3655,survey-multi-choice,18,188313,0,0,"{""Q0"":""none of these""}",cell phone,category_organization
683a49479a4a688b481a198b,2855,survey-multi-choice,19,191169,0,0,"{""Q0"":""material""}",glass,category_organization
683a49479a4a688b481a198d,4704,survey-multi-choice,20,195874,0,0,"{""Q0"":""none of these""}",blanket,category_organization
683a49479a4a688b481a198f,9857,survey-multi-choice,21,205731,0,0,"{""Q0"":""none of these""}",guitar,category_organization
683a49479a4a688b481a1991,3572,survey-multi-choice,22,209305,0,0,"{""Q0"":""none of these""}",shower,category_organization
683a49479a4a688b481a1993,7232,survey-multi-choice,23,216537,0,0,"{""Q0"":""none of these""}",tricycle,category_organization
683a49479a4a688b481a1995,2503,survey-multi-choice,24,219041,0,0,"{""Q0"":""color""}",lavender,attention_category
683a49479a4a688b481a1997,1655,instructions,25,220697,0,0,,,
683a49479a4a688b481a1999,6798,instructions,0,6800,0,0,,,
683a49479a4a688b481a199b,48126,html-button-response,1,54952,0,0,0,,
683a49479a4a688b481a199d,15662,survey-multi-choice,2,70616,0,0,"{""Q0"":""shape""}","In the sentence [this is a square table], a 'square' belongs to a category that is organized by:",practice_category
683a49479a4a688b481a199f,9213,survey-multi-choice,3,83039,0,0,"{""Q0"":""color""}","In the sentence [this is a red table], 'red' belongs to a category that is organized by:",practice_category
683a49479a4a688b481a19a1,10119,survey-multi-choice,5,108447,0,0,"{""Q0"":""material""}",car,category_organization
683a49479a4a688b481a19a3,13599,survey-multi-choice,4,98327,0,0,"{""Q0"":""none of these""}",taxi,category_organization
683a49479a4a688b481a19a5,6903,survey-multi-choice,6,115351,0,0,"{""Q0"":""material""}",piano,category_organization
683a49479a4a688b481a19a7,5967,survey-multi-choice,7,121319,0,0,"{""Q0"":""material""}",bun,category_organization
683a49479a4a688b481a19a9,9263,survey-multi-choice,8,130582,0,0,"{""Q0"":""material""}",guava,category_organization
683a49479a4a688b481a19ab,7415,survey-multi-choice,9,137998,0,0,"{""Q0"":""none of these""}",cd,category_organization
683a49479a4a688b481a19ad,5447,survey-multi-choice,10,143446,0,0,"{""Q0"":""none of these""}",bath,category_organization
683a49479a4a688b481a19af,5679,survey-multi-choice,11,149126,0,0,"{""Q0"":""material""}",atole,category_organization
683a49479a4a688b481a19b1,8215,survey-multi-choice,12,157342,0,0,"{""Q0"":""material""}",bridge,category_organization
683a49479a4a688b481a19b3,11511,survey-multi-choice,13,168854,0,0,"{""Q0"":""material""}",ball,category_organization
683a49479a4a688b481a19b5,13031,survey-multi-choice,14,181886,0,0,"{""Q0"":""none of these""}",gas,category_organization
683a49479a4a688b481a19b7,8007,survey-multi-choice,16,197758,0,0,"{""Q0"":""material""}",jello,category_organization
683a49479a4a688b481a19b9,7863,survey-multi-choice,15,189750,0,0,"{""Q0"":""material""}",rope,category_organization
683a49479a4a688b481a19bb,5871,survey-multi-choice,17,203630,0,0,"{""Q0"":""material""}",pants,category_organization
683a49479a4a688b481a19bd,7783,survey-multi-choice,18,211413,0,0,"{""Q0"":""none of these""}",neighborhood,category_organization
683a49479a4a688b481a19bf,12271,survey-multi-choice,19,223685,0,0,"{""Q0"":""material""}",lawn mower,category_organization
683a49479a4a688b481a19c1,6231,survey-multi-choice,20,229917,0,0,"{""Q0"":""none of these""}",song,category_organization
683a49479a4a688b481a19c3,10975,survey-multi-choice,21,240893,0,0,"{""Q0"":""shape""}",shoe,category_organization
683a49479a4a688b481a19c5,7271,survey-multi-choice,22,248165,0,0,"{""Q0"":""material""}",apricot,category_organization
683a49479a4a688b481a19c7,7311,survey-multi-choice,23,255477,0,0,"{""Q0"":""material""}",stone,category_organization
683a49479a4a688b481a19c9,16004,survey-multi-choice,24,271482,0,0,"{""Q0"":""color""}",lavender,attention_category
683a49479a4a688b481a19cb,5834,instructions,25,277317,0,0,,,
683a49499a4a688b481a19cd,11558,instructions,0,11563,0,0,,,
683a49499a4a688b481a19cf,2375,html-button-response,1,13940,0,0,0,,
683a49499a4a688b481a19d1,12513,survey-multi-choice,2,26457,0,0,"{""Q0"":""shape""}","In the sentence [this is a square table], a 'square' belongs to a category that is organized by:",practice_category
683a49499a4a688b481a19d3,4792,survey-multi-choice,3,33116,0,0,"{""Q0"":""color""}","In the sentence [this is a red table], 'red' belongs to a category that is organized by:",practice_category
683a49499a4a688b481a19d5,11619,survey-multi-choice,4,47060,0,0,"{""Q0"":""material""}",pocket,category_organization
683a49499a4a688b481a19d7,5941,survey-multi-choice,5,53004,0,0,"{""Q0"":""material""}",radish,category_organization
683a49499a4a688b481a19d9,2761,survey-multi-choice,6,55766,0,0,"{""Q0"":""none of these""}",finger,category_organization
683a49499a4a688b481a19db,3893,survey-multi-choice,7,59662,0,0,"{""Q0"":""material""}",sponge,category_organization
683a49499a4a688b481a19dd,3915,survey-multi-choice,9,67258,0,0,"{""Q0"":""none of these""}",steak,category_organization
683a49499a4a688b481a19df,3679,survey-multi-choice,8,63342,0,0,"{""Q0"":""material""}",shovel,category_organization
683a49499a4a688b481a19e1,4822,survey-multi-choice,10,72082,0,0,"{""Q0"":""none of these""}",bush,category_organization
683a49499a4a688b481a19e3,4838,survey-multi-choice,11,76921,0,0,"{""Q0"":""none of these""}",closet,category_organization
683a49499a4a688b481a19e5,5395,survey-multi-choice,12,82318,0,0,"{""Q0"":""shape""}",puzzle,category_organization
683a49499a4a688b481a19e7,6691,survey-multi-choice,13,89010,0,0,"{""Q0"":""none of these""}",yogurt drink,category_organization
683a49499a4a688b481a19e9,4611,survey-multi-choice,14,93622,0,0,"{""Q0"":""color""}",lavender,attention_category
683a49499a4a688b481a19eb,2670,instructions,15,96293,0,0,,,
683a494c9a4a688b481a19ed,49579,instructions,0,49580,0,0,,,
683a494c9a4a688b481a19ef,39714,html-button-response,1,89295,0,0,0,,
683a494c9a4a688b481a19f1,9353,survey-multi-choice,2,98648,0,0,"{""Q0"":""shape""}","In the sentence [this is a square table], a 'square' belongs to a category that is organized by:",practice_category
683a494c9a4a688b481a19f3,3765,survey-multi-choice,3,104463,0,0,"{""Q0"":""color""}","In the sentence [this is a red table], 'red' belongs to a category that is organized by:",practice_category
683a494c9a4a688b481a19f5,14680,survey-multi-choice,4,120309,0,0,"{""Q0"":""none of these""}",finger,category_organization
683a494c9a4a688b481a19f7,6123,survey-multi-choice,5,126433,0,0,"{""Q0"":""material""}",yogurt drink,category_organization
683a494c9a4a688b481a19f9,9650,survey-multi-choice,6,136084,0,0,"{""Q0"":""material""}",closet,category_organization
683a494c9a4a688b481a19fb,5513,survey-multi-choice,7,141598,0,0,"{""Q0"":""material""}",sponge,category_organization
683a494c9a4a688b481a19fd,3164,survey-multi-choice,8,144762,0,0,"{""Q0"":""shape""}",bush,category_organization
683a494c9a4a688b481a19ff,3462,survey-multi-choice,9,148225,0,0,"{""Q0"":""material""}",radish,category_organization
683a494c9a4a688b481a1a01,6899,survey-multi-choice,10,155125,0,0,"{""Q0"":""shape""}",pocket,category_organization
683a494c9a4a688b481a1a03,2499,survey-multi-choice,11,157625,0,0,"{""Q0"":""material""}",puzzle,category_organization
683a494c9a4a688b481a1a05,2499,survey-multi-choice,12,160125,0,0,"{""Q0"":""material""}",shovel,category_organization
683a494c9a4a688b481a1a07,3546,survey-multi-choice,13,163672,0,0,"{""Q0"":""material""}",steak,category_organization
683a494c9a4a688b481a1a09,4146,survey-multi-choice,14,167818,0,0,"{""Q0"":""color""}",lavender,attention_category
683a494c9a4a688b481a1a0b,19380,instructions,15,187198,0,0,,,
683a494d9a4a688b481a1a0d,3320,instructions,0,3322,0,0,,,
683a494d9a4a688b481a1a0f,29417,html-button-response,1,32740,0,0,0,,
683a494d9a4a688b481a1a11,7896,survey-multi-choice,2,40638,0,0,"{""Q0"":""shape""}","In the sentence [this is a square table], a 'square' belongs to a category that is organized by:",practice_category
683a494d9a4a688b481a1a13,4267,survey-multi-choice,3,46625,0,0,"{""Q0"":""color""}","In the sentence [this is a red table], 'red' belongs to a category that is organized by:",practice_category
683a494d9a4a688b481a1a15,13262,survey-multi-choice,4,61201,0,0,"{""Q0"":""shape""}",rabbit,category_organization
683a494d9a4a688b481a1a17,64456,survey-multi-choice,5,125658,0,0,"{""Q0"":""shape""}",board game,category_organization
683a494d9a4a688b481a1a19,7345,survey-multi-choice,6,133004,0,0,"{""Q0"":""material""}",tortilla,category_organization
683a494d9a4a688b481a1a1b,19986,survey-multi-choice,7,152990,0,0,"{""Q0"":""shape""}",crane,category_organization
683a494d9a4a688b481a1a1d,7988,survey-multi-choice,8,160978,0,0,"{""Q0"":""none of these""}",clown,category_organization
683a494d9a4a688b481a1a1f,4441,survey-multi-choice,9,165420,0,0,"{""Q0"":""shape""}",macaroni,category_organization
683a494d9a4a688b481a1a21,8190,survey-multi-choice,10,173611,0,0,"{""Q0"":""material""}",photo,category_organization
683a494d9a4a688b481a1a23,5903,survey-multi-choice,11,179514,0,0,"{""Q0"":""shape""}",palm,category_organization
683a494d9a4a688b481a1a25,9126,survey-multi-choice,12,188641,0,0,"{""Q0"":""none of these""}",wallet,category_organization
683a494d9a4a688b481a1a27,7523,survey-multi-choice,14,199788,0,0,"{""Q0"":""shape""}",whale,category_organization
683a494d9a4a688b481a1a29,3623,survey-multi-choice,13,192264,0,0,"{""Q0"":""material""}",road,category_organization
683a494d9a4a688b481a1a2b,7619,survey-multi-choice,15,207407,0,0,"{""Q0"":""shape""}",pony,category_organization
683a494d9a4a688b481a1a2d,15505,survey-multi-choice,16,222913,0,0,"{""Q0"":""shape""}",gun,category_organization
683a494d9a4a688b481a1a2f,3899,survey-multi-choice,17,226813,0,0,"{""Q0"":""shape""}",dragonfly,category_organization
683a494d9a4a688b481a1a31,3464,survey-multi-choice,18,230278,0,0,"{""Q0"":""shape""}",alligator,category_organization
683a494d9a4a688b481a1a33,3029,survey-multi-choice,20,241097,0,0,"{""Q0"":""shape""}",tractor,category_organization
683a494d9a4a688b481a1a35,7789,survey-multi-choice,19,238067,0,0,"{""Q0"":""shape""}",cart,category_organization
683a494d9a4a688b481a1a37,3176,survey-multi-choice,21,244273,0,0,"{""Q0"":""shape""}",giraffe,category_organization
683a494d9a4a688b481a1a39,3074,survey-multi-choice,22,247347,0,0,"{""Q0"":""material""}",nugget,category_organization
683a494e9a4a688b481a1a3b,4371,survey-multi-choice,23,251718,0,0,"{""Q0"":""color""}",firetruck,category_organization
683a494e9a4a688b481a1a3d,7812,instructions,25,263765,0,0,,,
683a494e9a4a688b481a1a3f,4234,survey-multi-choice,24,255953,0,0,"{""Q0"":""color""}",lavender,attention_category
683a49509a4a688b481a1a41,4803,instructions,0,4804,0,0,,,
683a49509a4a688b481a1a43,37710,html-button-response,1,42520,0,0,0,,
683a49509a4a688b481a1a45,11553,survey-multi-choice,2,54077,0,0,"{""Q0"":""shape""}","In the sentence [this is a square table], a 'square' belongs to a category that is organized by:",practice_category
683a49509a4a688b481a1a47,14309,survey-multi-choice,4,80255,0,0,"{""Q0"":""color""}",police car,category_organization
683a49509a4a688b481a1a49,5881,survey-multi-choice,5,86139,0,0,"{""Q0"":""color""}",bee,category_organization
683a49509a4a688b481a1a4b,6941,survey-multi-choice,3,64191,0,0,"{""Q0"":""color""}","In the sentence [this is a red table], 'red' belongs to a category that is organized by:",practice_category
683a49509a4a688b481a1a4d,9717,survey-multi-choice,6,95860,0,0,"{""Q0"":""material""}",bench,category_organization
683a49509a4a688b481a1a4f,4594,survey-multi-choice,7,100458,0,0,"{""Q0"":""color""}",green beans,category_organization
683a49509a4a688b481a1a51,8861,survey-multi-choice,9,120564,0,0,"{""Q0"":""color""}",peacock,category_organization
683a49509a4a688b481a1a53,3341,survey-multi-choice,11,129763,0,0,"{""Q0"":""material""}",skirt,category_organization
683a49509a4a688b481a1a55,5853,survey-multi-choice,10,126419,0,0,"{""Q0"":""material""}",belt,category_organization
683a49509a4a688b481a1a57,6710,survey-multi-choice,12,136476,0,0,"{""Q0"":""material""}",bath,category_organization
683a49509a4a688b481a1a59,11239,survey-multi-choice,8,111700,0,0,"{""Q0"":""color""}",drink (beverage),category_organization
683a49529a4a688b481a1a5b,7087,instructions,0,7089,0,0,,,
683a49529a4a688b481a1a5d,31436,html-button-response,1,38527,0,0,0,,
683a49529a4a688b481a1a5f,16118,survey-multi-choice,2,54646,0,0,"{""Q0"":""shape""}","In the sentence [this is a square table], a 'square' belongs to a category that is organized by:",practice_category
683a49529a4a688b481a1a61,10527,survey-multi-choice,3,67496,0,0,"{""Q0"":""color""}","In the sentence [this is a red table], 'red' belongs to a category that is organized by:",practice_category
683a49529a4a688b481a1a63,9325,survey-multi-choice,4,79230,0,0,"{""Q0"":""material""}",steak,category_organization
683a49529a4a688b481a1a65,15451,survey-multi-choice,5,94683,0,0,"{""Q0"":""material""}",closet,category_organization
683a49529a4a688b481a1a67,4819,survey-multi-choice,6,99502,0,0,"{""Q0"":""shape""}",puzzle,category_organization
683a49529a4a688b481a1a69,17689,survey-multi-choice,7,117192,0,0,"{""Q0"":""none of these""}",yogurt drink,category_organization
683a49529a4a688b481a1a6b,9109,survey-multi-choice,8,126302,0,0,"{""Q0"":""material""}",shovel,category_organization
683a49529a4a688b481a1a6d,6993,survey-multi-choice,10,138996,0,0,"{""Q0"":""material""}",bush,category_organization
683a49529a4a688b481a1a6f,5699,survey-multi-choice,9,132002,0,0,"{""Q0"":""shape""}",sponge,category_organization
683a49529a4a688b481a1a71,7016,survey-multi-choice,11,146012,0,0,"{""Q0"":""shape""}",radish,category_organization
683a49529a4a688b481a1a73,7852,survey-multi-choice,12,153865,0,0,"{""Q0"":""shape""}",finger,category_organization
683a49529a4a688b481a1a75,5167,survey-multi-choice,13,159033,0,0,"{""Q0"":""material""}",pocket,category_organization
683a49529a4a688b481a1a77,2802,survey-multi-choice,14,161835,0,0,"{""Q0"":""color""}",lavender,attention_category
683a49529a4a688b481a1a79,4973,instructions,15,166809,0,0,,,
683a49599a4a688b481a1a7b,4015,instructions,0,4016,0,0,,,
683a49599a4a688b481a1a7d,48277,html-button-response,1,52294,0,0,0,,
683a49599a4a688b481a1a7f,16852,survey-multi-choice,2,69148,0,0,"{""Q0"":""shape""}","In the sentence [this is a square table], a 'square' belongs to a category that is organized by:",practice_category
683a49599a4a688b481a1a81,14040,survey-multi-choice,4,97776,0,0,"{""Q0"":""shape""}",hanger,category_organization
683a49599a4a688b481a1a83,6516,survey-multi-choice,3,81724,0,0,"{""Q0"":""color""}","In the sentence [this is a red table], 'red' belongs to a category that is organized by:",practice_category
683a49599a4a688b481a1a85,10409,survey-multi-choice,5,108186,0,0,"{""Q0"":""material""}",cheese,category_organization
683a49599a4a688b481a1a87,6306,survey-multi-choice,6,114493,0,0,"{""Q0"":""shape""}",hole,category_organization
683a49599a4a688b481a1a89,8940,survey-multi-choice,7,123434,0,0,"{""Q0"":""material""}",smoke,category_organization
683a49599a4a688b481a1a8b,8642,survey-multi-choice,8,132076,0,0,"{""Q0"":""shape""}",puddle,category_organization
683a49599a4a688b481a1a8d,9446,survey-multi-choice,9,141523,0,0,"{""Q0"":""none of these""}",goal,category_organization
683a49599a4a688b481a1a8f,7500,survey-multi-choice,11,155609,0,0,"{""Q0"":""material""}",mango,category_organization
683a49599a4a688b481a1a91,6585,survey-multi-choice,10,148108,0,0,"{""Q0"":""shape""}",mitten,category_organization
683a49599a4a688b481a1a93,13582,survey-multi-choice,12,169191,0,0,"{""Q0"":""shape""}",jacket,category_organization
683a49599a4a688b481a1a95,4635,survey-multi-choice,13,173827,0,0,"{""Q0"":""material""}",soap,category_organization
683a49599a4a688b481a1a97,5901,survey-multi-choice,14,179729,0,0,"{""Q0"":""shape""}",heart,category_organization
683a49599a4a688b481a1a99,5278,survey-multi-choice,15,185008,0,0,"{""Q0"":""shape""}",whale,category_organization
683a49599a4a688b481a1a9b,7738,survey-multi-choice,16,192747,0,0,"{""Q0"":""shape""}",eyebrow,category_organization
683a49599a4a688b481a1a9d,5889,survey-multi-choice,17,198637,0,0,"{""Q0"":""material""}",garden,category_organization
683a49599a4a688b481a1a9f,7567,survey-multi-choice,18,206205,0,0,"{""Q0"":""material""}",water (beverage),category_organization
683a49599a4a688b481a1aa1,7297,survey-multi-choice,19,213502,0,0,"{""Q0"":""shape""}",bank,category_organization
683a49599a4a688b481a1aa3,3922,survey-multi-choice,20,217425,0,0,"{""Q0"":""shape""}",jeans,category_organization
683a49599a4a688b481a1aa5,6981,survey-multi-choice,24,236887,0,0,"{""Q0"":""color""}",lavender,attention_category
683a49599a4a688b481a1aa7,3968,survey-multi-choice,21,221393,0,0,"{""Q0"":""shape""}",trolley,category_organization
683a49599a4a688b481a1aa9,4905,survey-multi-choice,22,226299,0,0,"{""Q0"":""shape""}",kayak,category_organization
683a49599a4a688b481a1aab,3606,survey-multi-choice,23,229906,0,0,"{""Q0"":""shape""}",firetruck,category_organization
683a49599a4a688b481a1aad,4694,instructions,25,241582,0,0,,,
683a49619a4a688b481a1aaf,4419,instructions,0,4422,0,0,,,
683a49619a4a688b481a1ab1,47191,html-button-response,1,51620,0,0,0,,
683a49619a4a688b481a1ab3,6651,survey-multi-choice,5,100166,0,0,"{""Q0"":""shape""}",mitten,category_organization
683a49619a4a688b481a1ab5,8281,survey-multi-choice,3,76376,0,0,"{""Q0"":""color""}","In the sentence [this is a red table], 'red' belongs to a category that is organized by:",practice_category
683a49619a4a688b481a1ab7,13753,survey-multi-choice,4,93514,0,0,"{""Q0"":""none of these""}",kitty,category_organization
683a49619a4a688b481a1ab9,10290,survey-multi-choice,6,110458,0,0,"{""Q0"":""none of these""}",elevator,category_organization
683a49619a4a688b481a1abb,14562,survey-multi-choice,2,66188,0,0,"{""Q0"":""shape""}","In the sentence [this is a square table], a 'square' belongs to a category that is organized by:",practice_category
683a49619a4a688b481a1abd,19045,survey-multi-choice,7,129504,0,0,"{""Q0"":""material""}",scallion,category_organization
683a49619a4a688b481a1abf,9138,survey-multi-choice,8,138644,0,0,"{""Q0"":""shape""}",ribbon,category_organization
683a49619a4a688b481a1ac1,4103,survey-multi-choice,9,142748,0,0,"{""Q0"":""material""}",eggplant,category_organization
683a49619a4a688b481a1ac3,2695,survey-multi-choice,10,145444,0,0,"{""Q0"":""material""}",watermelon,category_organization
683a49619a4a688b481a1ac5,11911,survey-multi-choice,11,157356,0,0,"{""Q0"":""material""}",piglet,category_organization
683a49619a4a688b481a1ac7,4789,survey-multi-choice,12,162146,0,0,"{""Q0"":""none of these""}",light,category_organization
683a49619a4a688b481a1ac9,7409,survey-multi-choice,13,169556,0,0,"{""Q0"":""shape""}",bed,category_organization
683a49619a4a688b481a1acb,3475,survey-multi-choice,15,175836,0,0,"{""Q0"":""shape""}",ship,category_organization
683a49619a4a688b481a1acd,2803,survey-multi-choice,14,172360,0,0,"{""Q0"":""material""}",dragon,category_organization
683a49619a4a688b481a1acf,7511,survey-multi-choice,16,183348,0,0,"{""Q0"":""shape""}",headband,category_organization
683a49619a4a688b481a1ad1,3088,survey-multi-choice,18,189056,0,0,"{""Q0"":""shape""}",lamp,category_organization
683a49619a4a688b481a1ad3,2617,survey-multi-choice,17,185966,0,0,"{""Q0"":""none of these""}",tarhana,category_organization
683a49619a4a688b481a1ad5,4141,survey-multi-choice,19,193198,0,0,"{""Q0"":""material""}",coke,category_organization
683a49619a4a688b481a1ad7,4101,survey-multi-choice,21,200268,0,0,"{""Q0"":""none of these""}",clown,category_organization
683a49619a4a688b481a1ad9,2967,survey-multi-choice,20,196166,0,0,"{""Q0"":""shape""}",kayak,category_organization
683a49619a4a688b481a1adb,3181,survey-multi-choice,24,210800,0,0,"{""Q0"":""color""}",lavender,attention_category
683a49619a4a688b481a1add,3971,survey-multi-choice,23,207618,0,0,"{""Q0"":""shape""}",bathtub,category_organization
683a49619a4a688b481a1adf,3377,survey-multi-choice,22,203646,0,0,"{""Q0"":""shape""}",snake,category_organization
683a49619a4a688b481a1ae1,2943,instructions,25,213743,0,0,,,
683a49629a4a688b481a1ae3,28201,instructions,0,28206,0,0,,,
683a49629a4a688b481a1ae5,10556,html-button-response,1,38767,0,0,0,,
683a49629a4a688b481a1ae7,18940,survey-multi-choice,2,57711,0,0,"{""Q0"":""shape""}","In the sentence [this is a square table], a 'square' belongs to a category that is organized by:",practice_category
683a49629a4a688b481a1ae9,8647,survey-multi-choice,3,71885,0,0,"{""Q0"":""color""}","In the sentence [this is a red table], 'red' belongs to a category that is organized by:",practice_category
683a49639a4a688b481a1aeb,19598,survey-multi-choice,4,95060,0,0,"{""Q0"":""none of these""}",pocket,category_organization
683a49639a4a688b481a1aed,5909,survey-multi-choice,5,100972,0,0,"{""Q0"":""color""}",radish,category_organization
683a49639a4a688b481a1aef,11166,survey-multi-choice,6,112140,0,0,"{""Q0"":""shape""}",shovel,category_organization
683a49639a4a688b481a1af1,4068,survey-multi-choice,7,116212,0,0,"{""Q0"":""material""}",sponge,category_organization
683a49639a4a688b481a1af3,5967,survey-multi-choice,8,122180,0,0,"{""Q0"":""none of these""}",finger,category_organization
683a49639a4a688b481a1af5,28982,survey-multi-choice,9,151164,0,0,"{""Q0"":""none of these""}",puzzle,category_organization
683a49639a4a688b481a1af7,6661,survey-multi-choice,10,157828,0,0,"{""Q0"":""none of these""}",bush,category_organization
683a49639a4a688b481a1af9,22852,survey-multi-choice,11,180681,0,0,"{""Q0"":""none of these""}",steak,category_organization
683a49649a4a688b481a1afb,5656,survey-multi-choice,12,186339,0,0,"{""Q0"":""none of these""}",closet,category_organization
683a49649a4a688b481a1afd,18711,survey-multi-choice,13,205051,0,0,"{""Q0"":""none of these""}",yogurt drink,category_organization
683a49649a4a688b481a1aff,10149,survey-multi-choice,14,215203,0,0,"{""Q0"":""color""}",lavender,attention_category
683a49649a4a688b481a1b01,5938,instructions,15,221143,0,0,,,
683a49659a4a688b481a1b03,1660,instructions,0,1671,0,0,,,
683a49659a4a688b481a1b05,12927,html-button-response,1,14607,0,0,0,,
683a49659a4a688b481a1b07,6853,survey-multi-choice,2,21471,0,0,"{""Q0"":""shape""}","In the sentence [this is a square table], a 'square' belongs to a category that is organized by:",practice_category
683a49659a4a688b481a1b09,7323,survey-multi-choice,3,30780,0,0,"{""Q0"":""color""}","In the sentence [this is a red table], 'red' belongs to a category that is organized by:",practice_category
683a49659a4a688b481a1b0b,5183,survey-multi-choice,5,42675,0,0,"{""Q0"":""material""}",puzzle,category_organization
683a49659a4a688b481a1b0d,5173,survey-multi-choice,4,37487,0,0,"{""Q0"":""material""}",shovel,category_organization
683a49659a4a688b481a1b0f,6991,survey-multi-choice,6,49671,0,0,"{""Q0"":""material""}",radish,category_organization
683a49659a4a688b481a1b11,8379,survey-multi-choice,7,58055,0,0,"{""Q0"":""none of these""}",finger,category_organization
683a49659a4a688b481a1b13,3687,survey-multi-choice,8,61746,0,0,"{""Q0"":""material""}",steak,category_organization
683a49659a4a688b481a1b15,11947,survey-multi-choice,9,73696,0,0,"{""Q0"":""material""}",yogurt drink,category_organization
683a49659a4a688b481a1b17,6352,survey-multi-choice,10,80053,0,0,"{""Q0"":""material""}",pocket,category_organization
683a49659a4a688b481a1b19,3301,survey-multi-choice,11,83357,0,0,"{""Q0"":""material""}",bush,category_organization
683a49659a4a688b481a1b1b,2740,survey-multi-choice,12,86100,0,0,"{""Q0"":""material""}",closet,category_organization
683a49659a4a688b481a1b1d,2922,survey-multi-choice,13,89028,0,0,"{""Q0"":""material""}",sponge,category_organization
683a49659a4a688b481a1b1f,3055,survey-multi-choice,14,92087,0,0,"{""Q0"":""color""}",lavender,attention_category
683a49659a4a688b481a1b21,2680,instructions,15,94774,0,0,,,
683a49699a4a688b481a1b23,64145,html-button-response,1,72309,0,0,0,,
683a49699a4a688b481a1b25,29284,survey-multi-choice,2,101595,0,0,"{""Q0"":""shape""}","In the sentence [this is a square table], a 'square' belongs to a category that is organized by:",practice_category
683a49699a4a688b481a1b27,13457,survey-multi-choice,4,177469,0,0,"{""Q0"":""none of these""}",closet,category_organization
683a49699a4a688b481a1b29,8161,instructions,0,8162,0,0,,,
683a49699a4a688b481a1b2b,13625,survey-multi-choice,5,191095,0,0,"{""Q0"":""material""}",yogurt drink,category_organization
683a49699a4a688b481a1b2d,55501,survey-multi-choice,3,160451,0,0,"{""Q0"":""color""}","In the sentence [this is a red table], 'red' belongs to a category that is organized by:",practice_category
683a49699a4a688b481a1b2f,24926,survey-multi-choice,7,228825,0,0,"{""Q0"":""color""}",puzzle,category_organization
683a49699a4a688b481a1b31,12803,survey-multi-choice,6,203898,0,0,"{""Q0"":""color""}",bush,category_organization
683a49699a4a688b481a1b33,4937,survey-multi-choice,10,245344,0,0,"{""Q0"":""material""}",pocket,category_organization
683a49699a4a688b481a1b35,6169,survey-multi-choice,8,234994,0,0,"{""Q0"":""material""}",radish,category_organization
683a49699a4a688b481a1b37,5411,survey-multi-choice,9,240406,0,0,"{""Q0"":""material""}",steak,category_organization
683a49699a4a688b481a1b39,4699,survey-multi-choice,11,250044,0,0,"{""Q0"":""material""}",shovel,category_organization
683a49699a4a688b481a1b3b,6710,survey-multi-choice,12,256755,0,0,"{""Q0"":""material""}",finger,category_organization
683a49699a4a688b481a1b3d,5318,survey-multi-choice,13,262074,0,0,"{""Q0"":""material""}",sponge,category_organization
683a49699a4a688b481a1b3f,3341,instructions,15,275008,0,0,,,
683a49699a4a688b481a1b41,9591,survey-multi-choice,14,271666,0,0,"{""Q0"":""color""}",lavender,attention_category
683a496a9a4a688b481a1b43,13992,instructions,0,13994,0,0,,,
683a496b9a4a688b481a1b45,8176,html-button-response,1,22172,0,0,0,,
683a496b9a4a688b481a1b47,7091,survey-multi-choice,4,79856,0,0,"{""Q0"":""none of these""}",kangaroo,category_organization
683a496b9a4a688b481a1b49,39846,survey-multi-choice,2,62020,0,0,"{""Q0"":""shape""}","In the sentence [this is a square table], a 'square' belongs to a category that is organized by:",practice_category
683a496b9a4a688b481a1b4b,6013,survey-multi-choice,5,85870,0,0,"{""Q0"":""shape""}",tights,category_organization
683a496b9a4a688b481a1b4d,5341,survey-multi-choice,3,71114,0,0,"{""Q0"":""color""}","In the sentence [this is a red table], 'red' belongs to a category that is organized by:",practice_category
683a496b9a4a688b481a1b4f,4065,survey-multi-choice,6,89936,0,0,"{""Q0"":""material""}",guitar,category_organization
683a496b9a4a688b481a1b51,3594,survey-multi-choice,9,103386,0,0,"{""Q0"":""material""}",pants,category_organization
683a496b9a4a688b481a1b53,6020,survey-multi-choice,7,95958,0,0,"{""Q0"":""none of these""}",wind,category_organization
683a496b9a4a688b481a1b55,3799,survey-multi-choice,10,107186,0,0,"{""Q0"":""material""}",bug,category_organization
683a496b9a4a688b481a1b57,4409,survey-multi-choice,11,111596,0,0,"{""Q0"":""material""}",pill,category_organization
683a496b9a4a688b481a1b59,4741,survey-multi-choice,12,116338,0,0,"{""Q0"":""material""}",police car,category_organization
683a496b9a4a688b481a1b5b,10301,survey-multi-choice,14,132470,0,0,"{""Q0"":""none of these""}",smoothie,category_organization
683a496b9a4a688b481a1b5d,2879,survey-multi-choice,16,142382,0,0,"{""Q0"":""material""}",picture,category_organization
683a496b9a4a688b481a1b5f,7031,survey-multi-choice,15,139502,0,0,"{""Q0"":""material""}",car,category_organization
683a496c9a4a688b481a1b61,5105,survey-multi-choice,17,147488,0,0,"{""Q0"":""material""}",sparrow,category_organization
683a496c9a4a688b481a1b63,2489,survey-multi-choice,18,149978,0,0,"{""Q0"":""material""}",wardrobe,category_organization
683a496c9a4a688b481a1b65,2187,survey-multi-choice,19,152166,0,0,"{""Q0"":""material""}",head,category_organization
683a496c9a4a688b481a1b67,3627,survey-multi-choice,20,155794,0,0,"{""Q0"":""material""}",ankle,category_organization
683a496c9a4a688b481a1b69,5830,survey-multi-choice,13,122168,0,0,"{""Q0"":""none of these""}",thing,category_organization
683a496c9a4a688b481a1b6b,4758,survey-multi-choice,21,160552,0,0,"{""Q0"":""none of these""}",gas,category_organization
683a496c9a4a688b481a1b6d,3831,survey-multi-choice,8,99790,0,0,"{""Q0"":""material""}",toy (object),category_organization
683a496c9a4a688b481a1b6f,2377,survey-multi-choice,22,162930,0,0,"{""Q0"":""material""}",stairs,category_organization
683a496c9a4a688b481a1b71,1865,survey-multi-choice,23,164796,0,0,"{""Q0"":""material""}",plant,category_organization
683a496c9a4a688b481a1b73,3889,survey-multi-choice,24,168686,0,0,"{""Q0"":""none of these""}",lavender,attention_category
683a496c9a4a688b481a1b75,4227,instructions,25,172913,0,0,,,
683a49709a4a688b481a1b77,7249,instructions,0,7250,0,0,,,
683a49709a4a688b481a1b79,75826,html-button-response,1,83078,0,0,0,,
683a49709a4a688b481a1b7b,17344,survey-multi-choice,2,100423,0,0,"{""Q0"":""shape""}","In the sentence [this is a square table], a 'square' belongs to a category that is organized by:",practice_category
683a49709a4a688b481a1b7d,8984,survey-multi-choice,3,114631,0,0,"{""Q0"":""color""}","In the sentence [this is a red table], 'red' belongs to a category that is organized by:",practice_category
683a49709a4a688b481a1b7f,33504,survey-multi-choice,4,151175,0,0,"{""Q0"":""shape""}",pocket,category_organization
683a49709a4a688b481a1b81,14047,survey-multi-choice,5,165223,0,0,"{""Q0"":""material""}",yogurt drink,category_organization
683a49709a4a688b481a1b83,33379,survey-multi-choice,6,198602,0,0,"{""Q0"":""shape""}",finger,category_organization
683a49709a4a688b481a1b85,12183,survey-multi-choice,7,210786,0,0,"{""Q0"":""material""}",radish,category_organization
683a49709a4a688b481a1b87,15032,survey-multi-choice,8,225818,0,0,"{""Q0"":""shape""}",puzzle,category_organization
683a49709a4a688b481a1b89,7991,survey-multi-choice,9,233810,0,0,"{""Q0"":""material""}",sponge,category_organization
683a49709a4a688b481a1b8b,11919,survey-multi-choice,10,245730,0,0,"{""Q0"":""shape""}",closet,category_organization
683a49709a4a688b481a1b8d,14867,survey-multi-choice,11,260598,0,0,"{""Q0"":""shape""}",shovel,category_organization
683a49709a4a688b481a1b8f,9155,survey-multi-choice,12,269754,0,0,"{""Q0"":""material""}",steak,category_organization
683a49709a4a688b481a1b91,7966,survey-multi-choice,13,277721,0,0,"{""Q0"":""material""}",bush,category_organization
683a49709a4a688b481a1b93,10309,survey-multi-choice,14,288030,0,0,"{""Q0"":""color""}",lavender,attention_category
683a49709a4a688b481a1b95,5599,instructions,15,293629,0,0,,,
683a49769a4a688b481a1b97,10303,survey-multi-choice,2,105944,0,0,"{""Q0"":""shape""}","In the sentence [this is a square table], a 'square' belongs to a category that is organized by:",practice_category
683a49769a4a688b481a1b99,53447,html-button-response,1,95636,0,0,0,,
683a49769a4a688b481a1b9b,15222,survey-multi-choice,4,136448,0,0,"{""Q0"":""none of these""}",neighborhood,category_organization
683a49769a4a688b481a1b9d,42180,instructions,0,42184,0,0,,,
683a49769a4a688b481a1b9f,7065,survey-multi-choice,5,143516,0,0,"{""Q0"":""none of these""}",blood,category_organization
683a49769a4a688b481a1ba1,8758,survey-multi-choice,3,118205,0,0,"{""Q0"":""color""}","In the sentence [this is a red table], 'red' belongs to a category that is organized by:",practice_category
683a49769a4a688b481a1ba3,10285,survey-multi-choice,6,153803,0,0,"{""Q0"":""shape""}",tray,category_organization
683a49769a4a688b481a1ba5,10728,survey-multi-choice,9,180866,0,0,"{""Q0"":""material""}",tissue,category_organization
683a49769a4a688b481a1ba7,8031,survey-multi-choice,7,161835,0,0,"{""Q0"":""none of these""}",stroller,category_organization
683a49769a4a688b481a1ba9,8298,survey-multi-choice,8,170135,0,0,"{""Q0"":""none of these""}",back,category_organization
683a49769a4a688b481a1bab,4626,survey-multi-choice,10,185494,0,0,"{""Q0"":""material""}",belt,category_organization
683a49769a4a688b481a1bad,14352,survey-multi-choice,11,199849,0,0,"{""Q0"":""material""}",flower,category_organization
683a49779a4a688b481a1baf,3439,survey-multi-choice,12,203289,0,0,"{""Q0"":""material""}",bench,category_organization
683a49779a4a688b481a1bb1,3231,survey-multi-choice,17,226838,0,0,"{""Q0"":""shape""}",bucket,category_organization
683a49779a4a688b481a1bb3,2363,survey-multi-choice,15,215436,0,0,"{""Q0"":""color""}",shed,category_organization
683a49779a4a688b481a1bb5,3142,survey-multi-choice,14,213070,0,0,"{""Q0"":""shape""}",teapot,category_organization
683a49779a4a688b481a1bb7,8168,survey-multi-choice,16,223606,0,0,"{""Q0"":""material""}",body,category_organization
683a49779a4a688b481a1bb9,6634,survey-multi-choice,13,209925,0,0,"{""Q0"":""material""}",trash can,category_organization
683a49779a4a688b481a1bbb,4694,survey-multi-choice,18,231534,0,0,"{""Q0"":""none of these""}",video,category_organization
683a49779a4a688b481a1bbd,7036,survey-multi-choice,19,238571,0,0,"{""Q0"":""none of these""}",goose,category_organization
683a49779a4a688b481a1bbf,3438,survey-multi-choice,22,260497,0,0,"{""Q0"":""none of these""}",taxi,category_organization
683a49779a4a688b481a1bc1,7533,survey-multi-choice,21,257057,0,0,"{""Q0"":""shape""}",foot,category_organization
683a49779a4a688b481a1bc3,5233,survey-multi-choice,23,265733,0,0,"{""Q0"":""shape""}",owie,category_organization
683a49779a4a688b481a1bc5,10948,survey-multi-choice,20,249521,0,0,"{""Q0"":""material""}",sticker,category_organization
683a49789a4a688b481a1bc7,17537,instructions,25,290591,0,0,,,
683a49789a4a688b481a1bc9,7318,survey-multi-choice,24,273053,0,0,"{""Q0"":""color""}",lavender,attention_category
683a497b9a4a688b481a1bcb,3666,instructions,0,3668,0,0,,,
683a497b9a4a688b481a1bcd,10362,html-button-response,1,14036,0,0,0,,
683a497b9a4a688b481a1bcf,9834,survey-multi-choice,2,23872,0,0,"{""Q0"":""shape""}","In the sentence [this is a square table], a 'square' belongs to a category that is organized by:",practice_category
683a497b9a4a688b481a1bd1,17687,survey-multi-choice,6,76161,0,0,"{""Q0"":""none of these""}",finger,category_organization
683a497b9a4a688b481a1bd3,8934,survey-multi-choice,3,34749,0,0,"{""Q0"":""color""}","In the sentence [this is a red table], 'red' belongs to a category that is organized by:",practice_category
683a497b9a4a688b481a1bd5,14424,survey-multi-choice,4,50208,0,0,"{""Q0"":""none of these""}",steak,category_organization
683a497b9a4a688b481a1bd7,8263,survey-multi-choice,5,58472,0,0,"{""Q0"":""material""}",yogurt drink,category_organization
683a497b9a4a688b481a1bd9,36685,survey-multi-choice,7,112847,0,0,"{""Q0"":""shape""}",puzzle,category_organization
683a497b9a4a688b481a1bdb,11310,survey-multi-choice,8,124159,0,0,"{""Q0"":""none of these""}",bush,category_organization
683a497b9a4a688b481a1bdd,12858,survey-multi-choice,9,137018,0,0,"{""Q0"":""color""}",radish,category_organization
683a497b9a4a688b481a1bdf,10005,survey-multi-choice,11,160386,0,0,"{""Q0"":""shape""}",closet,category_organization
683a497b9a4a688b481a1be1,13361,survey-multi-choice,10,150380,0,0,"{""Q0"":""shape""}",pocket,category_organization
683a497b9a4a688b481a1be3,9434,survey-multi-choice,12,169821,0,0,"{""Q0"":""material""}",sponge,category_organization
683a497b9a4a688b481a1be5,11971,survey-multi-choice,14,190810,0,0,"{""Q0"":""color""}",lavender,attention_category
683a497b9a4a688b481a1be7,9016,survey-multi-choice,13,178838,0,0,"{""Q0"":""shape""}",shovel,category_organization
683a497b9a4a688b481a1be9,4748,instructions,15,195560,0,0,,,
683a497e9a4a688b481a1beb,23162,instructions,0,23170,0,0,,,
683a497f9a4a688b481a1bed,35799,html-button-response,1,58973,0,0,0,,
683a497f9a4a688b481a1bef,8070,survey-multi-choice,2,67046,0,0,"{""Q0"":""shape""}","In the sentence [this is a square table], a 'square' belongs to a category that is organized by:",practice_category
683a497f9a4a688b481a1bf1,7704,survey-multi-choice,4,87629,0,0,"{""Q0"":""none of these""}",dolphin,category_organization
683a497f9a4a688b481a1bf3,18939,survey-multi-choice,5,106570,0,0,"{""Q0"":""none of these""}",jello,category_organization
683a497f9a4a688b481a1bf5,7370,survey-multi-choice,3,78036,0,0,"{""Q0"":""color""}","In the sentence [this is a red table], 'red' belongs to a category that is organized by:",practice_category
683a497f9a4a688b481a1bf7,38288,instructions,0,38291,0,0,,,
683a497f9a4a688b481a1bf9,55830,html-button-response,1,94124,0,0,0,,
683a497f9a4a688b481a1bfb,11945,survey-multi-choice,2,106073,0,0,"{""Q0"":""shape""}","In the sentence [this is a square table], a 'square' belongs to a category that is organized by:",practice_category
683a497f9a4a688b481a1bfd,8292,survey-multi-choice,3,117320,0,0,"{""Q0"":""color""}","In the sentence [this is a red table], 'red' belongs to a category that is organized by:",practice_category
683a497f9a4a688b481a1bff,7338,survey-multi-choice,4,126342,0,0,"{""Q0"":""material""}",sponge,category_organization
683a497f9a4a688b481a1c01,14936,survey-multi-choice,5,141283,0,0,"{""Q0"":""none of these""}",shovel,category_organization
683a497f9a4a688b481a1c03,8796,survey-multi-choice,6,150081,0,0,"{""Q0"":""none of these""}",steak,category_organization
683a497f9a4a688b481a1c05,7631,survey-multi-choice,7,157716,0,0,"{""Q0"":""none of these""}",closet,category_organization
683a497f9a4a688b481a1c07,5471,survey-multi-choice,6,112043,0,0,"{""Q0"":""none of these""}",shower,category_organization
683a497f9a4a688b481a1c09,14550,survey-multi-choice,8,172269,0,0,"{""Q0"":""none of these""}",pocket,category_organization
683a497f9a4a688b481a1c0b,8180,survey-multi-choice,10,194564,0,0,"{""Q0"":""none of these""}",puzzle,category_organization
683a497f9a4a688b481a1c0d,14110,survey-multi-choice,9,186381,0,0,"{""Q0"":""none of these""}",finger,category_organization
683a497f9a4a688b481a1c0f,11078,survey-multi-choice,11,205644,0,0,"{""Q0"":""none of these""}",radish,category_organization
683a497f9a4a688b481a1c11,10292,survey-multi-choice,12,215939,0,0,"{""Q0"":""none of these""}",yogurt drink,category_organization
683a497f9a4a688b481a1c13,14774,survey-multi-choice,13,230716,0,0,"{""Q0"":""shape""}",bush,category_organization
683a497f9a4a688b481a1c15,4222,instructions,15,238525,0,0,,,
683a497f9a4a688b481a1c17,3581,survey-multi-choice,14,234300,0,0,"{""Q0"":""color""}",lavender,attention_category
683a497f9a4a688b481a1c19,6902,survey-multi-choice,7,118947,0,0,"{""Q0"":""none of these""}",bug,category_organization
683a497f9a4a688b481a1c1b,4701,survey-multi-choice,8,123650,0,0,"{""Q0"":""none of these""}",onion,category_organization
683a497f9a4a688b481a1c1d,8274,survey-multi-choice,9,131926,0,0,"{""Q0"":""none of these""}",dining room,category_organization
683a497f9a4a688b481a1c1f,10351,survey-multi-choice,10,142279,0,0,"{""Q0"":""none of these""}",apron,category_organization
683a49809a4a688b481a1c21,5527,survey-multi-choice,11,147807,0,0,"{""Q0"":""none of these""}",lawn mower,category_organization
683a49809a4a688b481a1c23,3676,survey-multi-choice,12,151486,0,0,"{""Q0"":""none of these""}",flower,category_organization
683a49809a4a688b481a1c25,30204,survey-multi-choice,14,186680,0,0,"{""Q0"":""material""}",sheet,category_organization
683a49809a4a688b481a1c27,4985,survey-multi-choice,13,156473,0,0,"{""Q0"":""none of these""}",guava,category_organization
683a49809a4a688b481a1c29,6892,survey-multi-choice,15,193574,0,0,"{""Q0"":""shape""}",purse,category_organization
683a49809a4a688b481a1c2b,6941,survey-multi-choice,16,200517,0,0,"{""Q0"":""shape""}",trampoline,category_organization
683a49809a4a688b481a1c2d,24096,survey-multi-choice,17,224615,0,0,"{""Q0"":""none of these""}",atole,category_organization
683a49819a4a688b481a1c2f,6536,survey-multi-choice,18,231153,0,0,"{""Q0"":""none of these""}",turkey,category_organization
683a49819a4a688b481a1c31,4903,survey-multi-choice,19,236058,0,0,"{""Q0"":""material""}",candle,category_organization
683a49819a4a688b481a1c33,6475,survey-multi-choice,20,242534,0,0,"{""Q0"":""none of these""}",shrimp,category_organization
683a49819a4a688b481a1c35,5480,survey-multi-choice,21,248016,0,0,"{""Q0"":""none of these""}",river,category_organization
683a49819a4a688b481a1c37,4002,survey-multi-choice,22,252020,0,0,"{""Q0"":""material""}",money,category_organization
683a49819a4a688b481a1c39,6637,survey-multi-choice,23,258658,0,0,"{""Q0"":""shape""}",swing (object),category_organization
683a49819a4a688b481a1c3b,11566,survey-multi-choice,24,270226,0,0,"{""Q0"":""color""}",lavender,attention_category
683a49819a4a688b481a1c3d,4680,instructions,25,274907,0,0,,,
683a498a9a4a688b481a1c3f,5153,instructions,0,5157,0,0,,,
683a498b9a4a688b481a1c41,12639,survey-multi-choice,6,151839,0,0,"{""Q0"":""material""}",kefir,category_organization
683a498b9a4a688b481a1c43,26326,survey-multi-choice,7,178167,0,0,"{""Q0"":""shape""}",calf,category_organization
683a498b9a4a688b481a1c45,4266,instructions,0,4267,0,0,,,
683a498b9a4a688b481a1c47,31869,html-button-response,1,36138,0,0,0,,
683a498b9a4a688b481a1c49,17226,survey-multi-choice,2,53366,0,0,"{""Q0"":""shape""}","In the sentence [this is a square table], a 'square' belongs to a category that is organized by:",practice_category
683a498b9a4a688b481a1c4b,6701,survey-multi-choice,3,62939,0,0,"{""Q0"":""color""}","In the sentence [this is a red table], 'red' belongs to a category that is organized by:",practice_category
683a498b9a4a688b481a1c4d,20337,survey-multi-choice,8,198507,0,0,"{""Q0"":""material""}",snowsuit,category_organization
683a498b9a4a688b481a1c4f,14529,survey-multi-choice,4,79194,0,0,"{""Q0"":""none of these""}",steak,category_organization
683a498b9a4a688b481a1c51,8750,survey-multi-choice,5,87946,0,0,"{""Q0"":""none of these""}",radish,category_organization
683a498b9a4a688b481a1c53,13095,survey-multi-choice,6,101042,0,0,"{""Q0"":""none of these""}",closet,category_organization
683a498b9a4a688b481a1c55,7669,survey-multi-choice,7,108713,0,0,"{""Q0"":""none of these""}",pocket,category_organization
683a498b9a4a688b481a1c57,43908,survey-multi-choice,8,152622,0,0,"{""Q0"":""none of these""}",finger,category_organization
683a498b9a4a688b481a1c59,6670,survey-multi-choice,9,159293,0,0,"{""Q0"":""material""}",yogurt drink,category_organization
683a498b9a4a688b481a1c5b,16250,survey-multi-choice,10,175545,0,0,"{""Q0"":""none of these""}",puzzle,category_organization
683a498b9a4a688b481a1c5d,5385,survey-multi-choice,3,99365,0,0,"{""Q0"":""color""}","In the sentence [this is a red table], 'red' belongs to a category that is organized by:",practice_category
683a498b9a4a688b481a1c5f,11902,survey-multi-choice,4,114243,0,0,"{""Q0"":""none of these""}",peanut butter,category_organization
683a498c9a4a688b481a1c61,6978,survey-multi-choice,11,182524,0,0,"{""Q0"":""material""}",bush,category_organization
683a498c9a4a688b481a1c63,7722,survey-multi-choice,12,190246,0,0,"{""Q0"":""material""}",shovel,category_organization
683a498c9a4a688b481a1c65,7531,survey-multi-choice,13,197778,0,0,"{""Q0"":""material""}",sponge,category_organization
683a498c9a4a688b481a1c67,3116,survey-multi-choice,14,200896,0,0,"{""Q0"":""color""}",lavender,attention_category
683a498c9a4a688b481a1c69,2300,instructions,15,203196,0,0,,,
683a498c9a4a688b481a1c6b,24951,survey-multi-choice,5,139198,0,0,"{""Q0"":""material""}",pastry,category_organization
683a498c9a4a688b481a1c6d,22564,survey-multi-choice,2,91266,0,0,"{""Q0"":""shape""}","In the sentence [this is a square table], a 'square' belongs to a category that is organized by:",practice_category
683a498c9a4a688b481a1c6f,63535,html-button-response,1,68698,0,0,0,,
683a498c9a4a688b481a1c71,7250,survey-multi-choice,9,205759,0,0,"{""Q0"":""material""}",melon,category_organization
683a498c9a4a688b481a1c73,6715,survey-multi-choice,10,212476,0,0,"{""Q0"":""none of these""}",road,category_organization
683a498c9a4a688b481a1c75,5516,survey-multi-choice,11,217994,0,0,"{""Q0"":""none of these""}",gorilla,category_organization
683a498c9a4a688b481a1c77,78972,survey-multi-choice,12,296969,0,0,"{""Q0"":""none of these""}",boulder,category_organization
683a498c9a4a688b481a1c79,11207,survey-multi-choice,13,308178,0,0,"{""Q0"":""none of these""}",mitten,category_organization
683a498c9a4a688b481a1c7b,3034,survey-multi-choice,14,311213,0,0,"{""Q0"":""none of these""}",backyard,category_organization
683a498c9a4a688b481a1c7d,11518,survey-multi-choice,15,322733,0,0,"{""Q0"":""none of these""}",worm,category_organization
683a498c9a4a688b481a1c7f,3942,survey-multi-choice,17,337321,0,0,"{""Q0"":""none of these""}",giraffe,category_organization
683a498c9a4a688b481a1c81,10642,survey-multi-choice,16,333377,0,0,"{""Q0"":""none of these""}",jeep,category_organization
683a498d9a4a688b481a1c83,20249,survey-multi-choice,19,363835,0,0,"{""Q0"":""none of these""}",watermelon,category_organization
683a498d9a4a688b481a1c85,6262,survey-multi-choice,18,343585,0,0,"{""Q0"":""material""}",nail (object),category_organization
683a498d9a4a688b481a1c87,5410,survey-multi-choice,23,405521,0,0,"{""Q0"":""material""}",cottage cheese,category_organization
683a498d9a4a688b481a1c89,20530,survey-multi-choice,21,395661,0,0,"{""Q0"":""material""}",straw,category_organization
683a498d9a4a688b481a1c8b,11292,survey-multi-choice,20,375129,0,0,"{""Q0"":""none of these""}",boots,category_organization
683a498d9a4a688b481a1c8d,4444,survey-multi-choice,22,400108,0,0,"{""Q0"":""none of these""}",caterpillar,category_organization
683a498d9a4a688b481a1c8f,4260,instructions,25,413450,0,0,,,
683a498d9a4a688b481a1c91,3666,survey-multi-choice,24,409189,0,0,"{""Q0"":""color""}",lavender,attention_category
683a49949a4a688b481a1c93,5526,instructions,0,5534,0,0,,,
683a49949a4a688b481a1c95,52890,html-button-response,1,58431,0,0,0,,
683a49949a4a688b481a1c97,11301,survey-multi-choice,2,69736,0,0,"{""Q0"":""shape""}","In the sentence [this is a square table], a 'square' belongs to a category that is organized by:",practice_category
683a49959a4a688b481a1c99,22696,survey-multi-choice,4,103286,0,0,"{""Q0"":""shape""}",monkey,category_organization
683a49959a4a688b481a1c9b,6391,survey-multi-choice,3,78710,0,0,"{""Q0"":""color""}","In the sentence [this is a red table], 'red' belongs to a category that is organized by:",practice_category
683a49959a4a688b481a1c9d,6267,survey-multi-choice,9,139146,0,0,"{""Q0"":""shape""}",boots,category_organization
683a49959a4a688b481a1c9f,13022,survey-multi-choice,5,116311,0,0,"{""Q0"":""material""}",swimsuit,category_organization
683a49959a4a688b481a1ca1,4476,survey-multi-choice,7,127443,0,0,"{""Q0"":""material""}",snow,category_organization
683a49959a4a688b481a1ca3,6652,survey-multi-choice,6,122964,0,0,"{""Q0"":""none of these""}",accident,category_organization
683a49959a4a688b481a1ca5,5432,survey-multi-choice,8,132877,0,0,"{""Q0"":""material""}",taco,category_organization
683a49959a4a688b481a1ca7,3522,survey-multi-choice,10,142670,0,0,"{""Q0"":""material""}",chicken,category_organization
683a49959a4a688b481a1ca9,3270,survey-multi-choice,11,145943,0,0,"{""Q0"":""shape""}",bed,category_organization
683a49959a4a688b481a1cab,4631,survey-multi-choice,12,150576,0,0,"{""Q0"":""shape""}",parking lot,category_organization
683a49969a4a688b481a1cad,4240,survey-multi-choice,15,168084,0,0,"{""Q0"":""material""}",duck,category_organization
683a49969a4a688b481a1caf,6907,survey-multi-choice,13,157485,0,0,"{""Q0"":""shape""}",dress shoe,category_organization
683a49969a4a688b481a1cb1,6356,survey-multi-choice,14,163842,0,0,"{""Q0"":""shape""}",crane,category_organization
683a49969a4a688b481a1cb3,6101,survey-multi-choice,16,174187,0,0,"{""Q0"":""shape""}",necklace,category_organization
683a49969a4a688b481a1cb5,4537,survey-multi-choice,17,178725,0,0,"{""Q0"":""shape""}",mitten,category_organization
683a49969a4a688b481a1cb7,2685,survey-multi-choice,18,181412,0,0,"{""Q0"":""material""}",jacket,category_organization
683a49969a4a688b481a1cb9,7742,survey-multi-choice,19,189155,0,0,"{""Q0"":""shape""}",hanger,category_organization
683a49969a4a688b481a1cbb,2935,survey-multi-choice,21,197267,0,0,"{""Q0"":""material""}",mango,category_organization
683a49969a4a688b481a1cbd,5175,survey-multi-choice,20,194331,0,0,"{""Q0"":""shape""}",jeep,category_organization
683a49969a4a688b481a1cbf,3865,survey-multi-choice,23,204257,0,0,"{""Q0"":""color""}",beads,category_organization
683a49969a4a688b481a1cc1,3122,survey-multi-choice,22,200390,0,0,"{""Q0"":""material""}",eagle,category_organization
683a49969a4a688b481a1cc3,4165,survey-multi-choice,24,208423,0,0,"{""Q0"":""color""}",lavender,attention_category
683a49969a4a688b481a1cc5,3462,instructions,25,211887,0,0,,,
683a499b9a4a688b481a1cc7,11025,instructions,0,11027,0,0,,,
683a499b9a4a688b481a1cc9,46931,html-button-response,1,57974,0,0,0,,
683a499c9a4a688b481a1ccb,25378,survey-multi-choice,2,83361,0,0,"{""Q0"":""shape""}","In the sentence [this is a square table], a 'square' belongs to a category that is organized by:",practice_category
683a499c9a4a688b481a1ccd,5383,survey-multi-choice,3,91485,0,0,"{""Q0"":""color""}","In the sentence [this is a red table], 'red' belongs to a category that is organized by:",practice_category
683a499c9a4a688b481a1ccf,16796,survey-multi-choice,4,109443,0,0,"{""Q0"":""material""}",sponge,category_organization
683a499c9a4a688b481a1cd1,18418,survey-multi-choice,5,127864,0,0,"{""Q0"":""none of these""}",closet,category_organization
683a499c9a4a688b481a1cd3,45019,survey-multi-choice,7,187769,0,0,"{""Q0"":""none of these""}",bush,category_organization
683a499c9a4a688b481a1cd5,14879,survey-multi-choice,6,142747,0,0,"{""Q0"":""none of these""}",pocket,category_organization
683a499c9a4a688b481a1cd7,14183,survey-multi-choice,8,201954,0,0,"{""Q0"":""none of these""}",puzzle,category_organization
683a499c9a4a688b481a1cd9,13961,survey-multi-choice,9,215923,0,0,"{""Q0"":""color""}",radish,category_organization
683a499c9a4a688b481a1cdb,17844,survey-multi-choice,10,233771,0,0,"{""Q0"":""material""}",yogurt drink,category_organization
683a499c9a4a688b481a1cdd,15433,survey-multi-choice,11,249206,0,0,"{""Q0"":""shape""}",shovel,category_organization
683a499d9a4a688b481a1cdf,15293,survey-multi-choice,12,264504,0,0,"{""Q0"":""material""}",steak,category_organization
683a499d9a4a688b481a1ce1,13945,survey-multi-choice,13,278453,0,0,"{""Q0"":""shape""}",finger,category_organization
683a499d9a4a688b481a1ce3,2952,instructions,15,285445,0,0,,,
683a499d9a4a688b481a1ce5,4031,survey-multi-choice,14,282489,0,0,"{""Q0"":""color""}",lavender,attention_category
683a499e9a4a688b481a1ce7,4566,instructions,0,4568,0,0,,,
683a499e9a4a688b481a1ce9,53598,html-button-response,1,58169,0,0,0,,
683a499e9a4a688b481a1ceb,18918,survey-multi-choice,2,77088,0,0,"{""Q0"":""shape""}","In the sentence [this is a square table], a 'square' belongs to a category that is organized by:",practice_category
683a499e9a4a688b481a1ced,8327,survey-multi-choice,5,103720,0,0,"{""Q0"":""none of these""}",ear,category_organization
683a499e9a4a688b481a1cef,6077,survey-multi-choice,3,86488,0,0,"{""Q0"":""color""}","In the sentence [this is a red table], 'red' belongs to a category that is organized by:",practice_category
683a499e9a4a688b481a1cf1,7193,survey-multi-choice,4,95391,0,0,"{""Q0"":""material""}",carpet,category_organization
683a499e9a4a688b481a1cf3,11551,survey-multi-choice,6,115272,0,0,"{""Q0"":""material""}",play dough,category_organization
683a499e9a4a688b481a1cf5,13728,survey-multi-choice,7,129001,0,0,"{""Q0"":""shape""}",lamp,category_organization
683a499e9a4a688b481a1cf7,15598,survey-multi-choice,8,144600,0,0,"{""Q0"":""material""}",earring,category_organization
683a499e9a4a688b481a1cf9,13334,survey-multi-choice,9,157936,0,0,"{""Q0"":""material""}",cottage cheese,category_organization
683a499f9a4a688b481a1cfb,9799,survey-multi-choice,10,167735,0,0,"{""Q0"":""none of these""}",pacifier,category_organization
683a499f9a4a688b481a1cfd,7335,survey-multi-choice,11,175071,0,0,"{""Q0"":""none of these""}",chin,category_organization
683a499f9a4a688b481a1cff,20392,survey-multi-choice,12,195464,0,0,"{""Q0"":""color""}",panda,category_organization
683a499f9a4a688b481a1d01,6742,survey-multi-choice,13,202208,0,0,"{""Q0"":""none of these""}",taco,category_organization
683a499f9a4a688b481a1d03,6527,survey-multi-choice,14,208735,0,0,"{""Q0"":""none of these""}",heart,category_organization
683a499f9a4a688b481a1d05,11198,survey-multi-choice,15,219935,0,0,"{""Q0"":""none of these""}",ice cream,category_organization
683a499f9a4a688b481a1d07,5328,survey-multi-choice,16,225264,0,0,"{""Q0"":""none of these""}",alligator,category_organization
683a499f9a4a688b481a1d09,3831,survey-multi-choice,17,229095,0,0,"{""Q0"":""material""}",soil,category_organization
683a499f9a4a688b481a1d0b,10359,survey-multi-choice,18,239455,0,0,"{""Q0"":""none of these""}",dried seaweed,category_organization
683a499f9a4a688b481a1d0d,3857,survey-multi-choice,19,243312,0,0,"{""Q0"":""none of these""}",neck,category_organization
683a499f9a4a688b481a1d0f,3190,survey-multi-choice,20,246503,0,0,"{""Q0"":""none of these""}",frog,category_organization
683a499f9a4a688b481a1d11,18055,survey-multi-choice,22,268408,0,0,"{""Q0"":""none of these""}",compote,category_organization
683a499f9a4a688b481a1d13,3848,survey-multi-choice,21,250352,0,0,"{""Q0"":""none of these""}",hot dog,category_organization
683a499f9a4a688b481a1d15,19215,survey-multi-choice,23,287624,0,0,"{""Q0"":""none of these""}",tarhana,category_organization
683a499f9a4a688b481a1d17,3263,survey-multi-choice,24,290887,0,0,"{""Q0"":""color""}",lavender,attention_category
683a499f9a4a688b481a1d19,2911,instructions,25,293799,0,0,,,
683a49a99a4a688b481a1d1b,40471,html-button-response,1,86686,0,0,0,,
683a49a99a4a688b481a1d1d,46204,instructions,0,46212,0,0,,,
683a49a99a4a688b481a1d1f,9645,survey-multi-choice,2,96334,0,0,"{""Q0"":""shape""}","In the sentence [this is a square table], a 'square' belongs to a category that is organized by:",practice_category
683a49a99a4a688b481a1d21,6100,survey-multi-choice,3,106149,0,0,"{""Q0"":""color""}","In the sentence [this is a red table], 'red' belongs to a category that is organized by:",practice_category
683a49a99a4a688b481a1d23,11947,survey-multi-choice,4,120147,0,0,"{""Q0"":""none of these""}",fox,category_organization
683a49a99a4a688b481a1d25,6992,survey-multi-choice,5,127142,0,0,"{""Q0"":""material""}",shower,category_organization
683a49aa9a4a688b481a1d27,4983,survey-multi-choice,6,132127,0,0,"{""Q0"":""color""}",paint (object),category_organization
683a49aa9a4a688b481a1d29,5465,survey-multi-choice,7,137594,0,0,"{""Q0"":""material""}",raincoat,category_organization
683a49aa9a4a688b481a1d2b,3631,survey-multi-choice,8,141226,0,0,"{""Q0"":""material""}",blouse,category_organization
683a49aa9a4a688b481a1d2d,6770,survey-multi-choice,10,156025,0,0,"{""Q0"":""none of these""}",peacock,category_organization
683a49aa9a4a688b481a1d2f,8025,survey-multi-choice,9,149253,0,0,"{""Q0"":""material""}",coat,category_organization
683a49aa9a4a688b481a1d31,5070,survey-multi-choice,11,161096,0,0,"{""Q0"":""shape""}",pie,category_organization
683a49aa9a4a688b481a1d33,4712,survey-multi-choice,12,165810,0,0,"{""Q0"":""material""}",umbrella,category_organization
683a49aa9a4a688b481a1d35,4480,survey-multi-choice,13,170292,0,0,"{""Q0"":""none of these""}",bee,category_organization
683a49aa9a4a688b481a1d37,8837,survey-multi-choice,14,179131,0,0,"{""Q0"":""material""}",dining room,category_organization
683a49aa9a4a688b481a1d39,4838,survey-multi-choice,16,188974,0,0,"{""Q0"":""color""}",cheerios,category_organization
683a49aa9a4a688b481a1d3b,5001,survey-multi-choice,15,184134,0,0,"{""Q0"":""material""}",bus,category_organization
683a49aa9a4a688b481a1d3d,5079,survey-multi-choice,17,194054,0,0,"{""Q0"":""none of these""}",hen,category_organization
683a49ab9a4a688b481a1d3f,6296,survey-multi-choice,18,200352,0,0,"{""Q0"":""material""}",thing,category_organization
683a49ab9a4a688b481a1d41,4471,survey-multi-choice,19,204824,0,0,"{""Q0"":""shape""}",tray,category_organization
683a49ab9a4a688b481a1d43,3563,survey-multi-choice,20,208388,0,0,"{""Q0"":""material""}",pajamas,category_organization
683a49ab9a4a688b481a1d45,5891,survey-multi-choice,23,225639,0,0,"{""Q0"":""none of these""}",lemon,category_organization
683a49ab9a4a688b481a1d47,4470,survey-multi-choice,22,219747,0,0,"{""Q0"":""material""}",cell phone,category_organization
683a49ab9a4a688b481a1d49,6885,survey-multi-choice,21,215275,0,0,"{""Q0"":""none of these""}",raspberry,category_organization
683a49ab9a4a688b481a1d4b,10342,survey-multi-choice,24,235983,0,0,"{""Q0"":""color""}",lavender,attention_category
683a49ab9a4a688b481a1d4d,5070,instructions,25,241054,0,0,,,
683a49b19a4a688b481a1d4f,4649,instructions,0,4656,0,0,,,
683a49b19a4a688b481a1d51,40569,html-button-response,1,45233,0,0,0,,
683a49b19a4a688b481a1d53,15716,survey-multi-choice,2,60957,0,0,"{""Q0"":""shape""}","In the sentence [this is a square table], a 'square' belongs to a category that is organized by:",practice_category
683a49b19a4a688b481a1d55,5739,survey-multi-choice,3,69941,0,0,"{""Q0"":""color""}","In the sentence [this is a red table], 'red' belongs to a category that is organized by:",practice_category
683a49b19a4a688b481a1d57,11600,survey-multi-choice,4,84018,0,0,"{""Q0"":""material""}",head,category_organization
683a49b19a4a688b481a1d59,6460,survey-multi-choice,5,90483,0,0,"{""Q0"":""material""}",glove,category_organization
683a49b19a4a688b481a1d5b,4531,survey-multi-choice,6,95017,0,0,"{""Q0"":""material""}",blanket,category_organization
683a49b19a4a688b481a1d5d,10790,survey-multi-choice,7,105811,0,0,"{""Q0"":""none of these""}",watch (object),category_organization
683a49b19a4a688b481a1d5f,7592,survey-multi-choice,8,113406,0,0,"{""Q0"":""none of these""}",plant,category_organization
683a49b19a4a688b481a1d61,6118,survey-multi-choice,9,119529,0,0,"{""Q0"":""material""}",kiwi,category_organization
683a49b19a4a688b481a1d63,12520,survey-multi-choice,10,132053,0,0,"{""Q0"":""none of these""}",ball,category_organization
683a49b19a4a688b481a1d65,6770,survey-multi-choice,11,138826,0,0,"{""Q0"":""shape""}",helicopter,category_organization
683a49b19a4a688b481a1d67,5221,survey-multi-choice,12,144053,0,0,"{""Q0"":""none of these""}",bathroom,category_organization
683a49b19a4a688b481a1d69,5267,survey-multi-choice,13,149324,0,0,"{""Q0"":""material""}",mat,category_organization
683a49b19a4a688b481a1d6b,7235,survey-multi-choice,14,156563,0,0,"{""Q0"":""material""}",back,category_organization
683a49b19a4a688b481a1d6d,4816,survey-multi-choice,15,161381,0,0,"{""Q0"":""material""}",belt,category_organization
683a49b19a4a688b481a1d6f,4472,survey-multi-choice,16,165857,0,0,"{""Q0"":""material""}",foot,category_organization
683a49b19a4a688b481a1d71,9265,survey-multi-choice,17,175124,0,0,"{""Q0"":""material""}",bracelet,category_organization
683a49b19a4a688b481a1d73,5333,survey-multi-choice,18,180461,0,0,"{""Q0"":""none of these""}",bee,category_organization
683a49b19a4a688b481a1d75,4559,survey-multi-choice,19,185024,0,0,"{""Q0"":""material""}",knife,category_organization
683a49b19a4a688b481a1d77,4468,survey-multi-choice,20,189496,0,0,"{""Q0"":""shape""}",bowl,category_organization
683a49b19a4a688b481a1d79,5429,survey-multi-choice,21,194929,0,0,"{""Q0"":""none of these""}",cake,category_organization
683a49b19a4a688b481a1d7b,4324,survey-multi-choice,22,199256,0,0,"{""Q0"":""material""}",gum,category_organization
683a49b19a4a688b481a1d7d,5330,survey-multi-choice,23,204589,0,0,"{""Q0"":""none of these""}",koala,category_organization
683a49b19a4a688b481a1d7f,10778,survey-multi-choice,24,215370,0,0,"{""Q0"":""color""}",lavender,attention_category
683a49b19a4a688b481a1d81,4815,instructions,25,220187,0,0,,,
683a49b89a4a688b481a1d83,2364,instructions,0,2366,0,0,,,
683a49b89a4a688b481a1d85,7015,survey-multi-choice,2,11607,0,0,"{""Q0"":""shape""}","In the sentence [this is a square table], a 'square' belongs to a category that is organized by:",practice_category
683a49b89a4a688b481a1d87,2222,html-button-response,1,4590,0,0,0,,
683a49b89a4a688b481a1d89,7119,survey-multi-choice,3,21030,0,0,"{""Q0"":""color""}","In the sentence [this is a red table], 'red' belongs to a category that is organized by:",practice_category
683a49b89a4a688b481a1d8b,16887,survey-multi-choice,4,39230,0,0,"{""Q0"":""none of these""}",top,category_organization
683a49b89a4a688b481a1d8d,15983,survey-multi-choice,5,55214,0,0,"{""Q0"":""material""}",vinegar,category_organization
683a49b89a4a688b481a1d8f,6575,survey-multi-choice,6,61795,0,0,"{""Q0"":""material""}",trumpet,category_organization
683a49b89a4a688b481a1d91,4887,survey-multi-choice,7,66683,0,0,"{""Q0"":""material""}",camera,category_organization
683a49b89a4a688b481a1d93,3087,survey-multi-choice,8,69771,0,0,"{""Q0"":""material""}",pony,category_organization
683a49b89a4a688b481a1d95,5383,survey-multi-choice,9,75155,0,0,"{""Q0"":""color""}",olive,category_organization
683a49b89a4a688b481a1d97,4119,survey-multi-choice,10,79275,0,0,"{""Q0"":""none of these""}",bank,category_organization
683a49b89a4a688b481a1d99,4351,survey-multi-choice,11,83627,0,0,"{""Q0"":""material""}",lamp,category_organization
683a49b99a4a688b481a1d9b,6695,survey-multi-choice,12,90323,0,0,"{""Q0"":""material""}",dried seaweed,category_organization
683a49b99a4a688b481a1d9d,4455,survey-multi-choice,13,94779,0,0,"{""Q0"":""material""}",coffee table,category_organization
683a49b99a4a688b481a1d9f,2815,survey-multi-choice,14,97595,0,0,"{""Q0"":""material""}",rag,category_organization
683a49b99a4a688b481a1da1,2111,survey-multi-choice,15,99707,0,0,"{""Q0"":""material""}",doorbell,category_organization
683a49b99a4a688b481a1da3,3135,survey-multi-choice,16,102843,0,0,"{""Q0"":""material""}",crayon,category_organization
683a49b99a4a688b481a1da5,2392,survey-multi-choice,17,105235,0,0,"{""Q0"":""material""}",meat,category_organization
683a49b99a4a688b481a1da7,2262,survey-multi-choice,18,107499,0,0,"{""Q0"":""material""}",eagle,category_organization
683a49b99a4a688b481a1da9,2631,survey-multi-choice,19,110130,0,0,"{""Q0"":""material""}",oven,category_organization
683a49b99a4a688b481a1dab,4288,survey-multi-choice,20,114419,0,0,"{""Q0"":""material""}",flower pot,category_organization
683a49b99a4a688b481a1dad,2471,survey-multi-choice,21,116895,0,0,"{""Q0"":""material""}",hair clip,category_organization
683a49b99a4a688b481a1daf,1935,survey-multi-choice,22,118831,0,0,"{""Q0"":""material""}",crane,category_organization
683a49b99a4a688b481a1db1,2607,survey-multi-choice,23,121439,0,0,"{""Q0"":""none of these""}",monkey,category_organization
683a49b99a4a688b481a1db3,3239,survey-multi-choice,24,124679,0,0,"{""Q0"":""color""}",lavender,attention_category
683a49b99a4a688b481a1db5,3751,instructions,25,128431,0,0,,,
683a49bd9a4a688b481a1db7,2080,instructions,0,2081,0,0,,,
683a49bd9a4a688b481a1db9,3348,html-button-response,1,5430,0,0,0,,
683a49bd9a4a688b481a1dbb,10219,survey-multi-choice,2,15650,0,0,"{""Q0"":""shape""}","In the sentence [this is a square table], a 'square' belongs to a category that is organized by:",practice_category
683a49bd9a4a688b481a1dbd,2907,survey-multi-choice,3,19850,0,0,"{""Q0"":""color""}","In the sentence [this is a red table], 'red' belongs to a category that is organized by:",practice_category
683a49bd9a4a688b481a1dbf,5302,survey-multi-choice,4,26147,0,0,"{""Q0"":""none of these""}",quesadilla,category_organization
683a49bd9a4a688b481a1dc1,3127,survey-multi-choice,5,29274,0,0,"{""Q0"":""material""}",pipe,category_organization
683a49bd9a4a688b481a1dc3,2786,survey-multi-choice,6,32061,0,0,"{""Q0"":""none of these""}",dress shoe,category_organization
683a49bd9a4a688b481a1dc5,3467,survey-multi-choice,7,35528,0,0,"{""Q0"":""none of these""}",honey,category_organization
683a49bd9a4a688b481a1dc7,3280,survey-multi-choice,8,38808,0,0,"{""Q0"":""none of these""}",dress (object),category_organization
683a49bd9a4a688b481a1dc9,3012,survey-multi-choice,9,41821,0,0,"{""Q0"":""none of these""}",soda,category_organization
683a49bd9a4a688b481a1dcb,1726,survey-multi-choice,10,43547,0,0,"{""Q0"":""none of these""}",vacuum cleaner,category_organization
683a49bd9a4a688b481a1dcd,2487,survey-multi-choice,11,46034,0,0,"{""Q0"":""none of these""}",spider,category_organization
683a49bd9a4a688b481a1dcf,2115,survey-multi-choice,12,48149,0,0,"{""Q0"":""none of these""}",tail,category_organization
683a49bd9a4a688b481a1dd1,2050,survey-multi-choice,13,50199,0,0,"{""Q0"":""none of these""}",top,category_organization
683a49bd9a4a688b481a1dd3,2151,survey-multi-choice,14,52351,0,0,"{""Q0"":""none of these""}",corn,category_organization
683a49bd9a4a688b481a1dd5,1218,survey-multi-choice,15,53569,0,0,"{""Q0"":""none of these""}",sausage,category_organization
683a49bd9a4a688b481a1dd7,1441,survey-multi-choice,16,55010,0,0,"{""Q0"":""none of these""}",garbage,category_organization
683a49bd9a4a688b481a1dd9,4461,survey-multi-choice,17,59471,0,0,"{""Q0"":""material""}",soap,category_organization
683a49be9a4a688b481a1ddb,2994,survey-multi-choice,18,62465,0,0,"{""Q0"":""none of these""}",sunglasses,category_organization
683a49be9a4a688b481a1ddd,2136,survey-multi-choice,19,64602,0,0,"{""Q0"":""none of these""}",door,category_organization
683a49be9a4a688b481a1ddf,1378,survey-multi-choice,20,65980,0,0,"{""Q0"":""none of these""}",pacifier,category_organization
683a49be9a4a688b481a1de1,1260,survey-multi-choice,21,67240,0,0,"{""Q0"":""none of these""}",hip,category_organization
683a49be9a4a688b481a1de3,3191,survey-multi-choice,22,70432,0,0,"{""Q0"":""none of these""}",eagle,category_organization
683a49be9a4a688b481a1de5,1115,survey-multi-choice,23,71547,0,0,"{""Q0"":""none of these""}",breast,category_organization
683a49be9a4a688b481a1de7,3278,survey-multi-choice,24,74825,0,0,"{""Q0"":""color""}",lavender,attention_category
683a49be9a4a688b481a1de9,165416,instructions,25,240241,0,0,,,
683a49c39a4a688b481a1deb,4342,instructions,0,4344,0,0,,,
683a49c49a4a688b481a1ded,71198,html-button-response,1,75544,0,0,0,,
683a49c49a4a688b481a1def,8859,survey-multi-choice,2,84405,0,0,"{""Q0"":""shape""}","In the sentence [this is a square table], a 'square' belongs to a category that is organized by:",practice_category
683a49c49a4a688b481a1df1,4526,survey-multi-choice,3,90777,0,0,"{""Q0"":""color""}","In the sentence [this is a red table], 'red' belongs to a category that is organized by:",practice_category
683a49c49a4a688b481a1df3,7258,survey-multi-choice,4,99380,0,0,"{""Q0"":""none of these""}",steak,category_organization
683a49c49a4a688b481a1df5,7519,survey-multi-choice,5,106900,0,0,"{""Q0"":""none of these""}",pocket,category_organization
683a49c49a4a688b481a1df7,3930,survey-multi-choice,6,110831,0,0,"{""Q0"":""shape""}",puzzle,category_organization
683a49c49a4a688b481a1df9,8998,survey-multi-choice,8,124172,0,0,"{""Q0"":""material""}",shovel,category_organization
683a49c49a4a688b481a1dfb,4653,survey-multi-choice,9,128825,0,0,"{""Q0"":""shape""}",bush,category_organization
683a49c49a4a688b481a1dfd,4341,survey-multi-choice,7,115173,0,0,"{""Q0"":""none of these""}",finger,category_organization
683a49c49a4a688b481a1dff,5839,survey-multi-choice,10,134665,0,0,"{""Q0"":""color""}",yogurt drink,category_organization
683a49e69a4a688b481a1e01,32424,html-button-response,1,38506,0,0,0,,
683a49e69a4a688b481a1e03,6074,instructions,0,6076,0,0,,,
683a49e69a4a688b481a1e05,8365,survey-multi-choice,4,72327,0,0,"{""Q0"":""none of these""}",duck,category_organization
683a49e69a4a688b481a1e07,5823,survey-multi-choice,3,61496,0,0,"{""Q0"":""color""}","In the sentence [this is a red table], 'red' belongs to a category that is organized by:",practice_category
683a49e69a4a688b481a1e09,14350,survey-multi-choice,2,52861,0,0,"{""Q0"":""shape""}","In the sentence [this is a square table], a 'square' belongs to a category that is organized by:",practice_category
683a49e69a4a688b481a1e0b,5471,survey-multi-choice,5,77800,0,0,"{""Q0"":""material""}",toilet,category_organization
683a49e79a4a688b481a1e0d,6023,survey-multi-choice,6,83826,0,0,"{""Q0"":""none of these""}",watering can,category_organization
683a49e79a4a688b481a1e0f,4231,survey-multi-choice,8,94578,0,0,"{""Q0"":""shape""}",bed,category_organization
683a49e79a4a688b481a1e11,5799,survey-multi-choice,10,108396,0,0,"{""Q0"":""color""}",gun,category_organization
683a49e79a4a688b481a1e13,8013,survey-multi-choice,9,102594,0,0,"{""Q0"":""none of these""}",banana,category_organization
683a49e79a4a688b481a1e15,4886,survey-multi-choice,11,113285,0,0,"{""Q0"":""material""}",meat,category_organization
683a49e79a4a688b481a1e17,6518,survey-multi-choice,7,90346,0,0,"{""Q0"":""shape""}",necklace,category_organization
683a49e79a4a688b481a1e19,3815,survey-multi-choice,12,117102,0,0,"{""Q0"":""shape""}",oven,category_organization
683a49e79a4a688b481a1e1b,3905,survey-multi-choice,14,125111,0,0,"{""Q0"":""material""}",tuna,category_organization
683a49e79a4a688b481a1e1d,4906,survey-multi-choice,16,134832,0,0,"{""Q0"":""shape""}",palm,category_organization
683a49e79a4a688b481a1e1f,4811,survey-multi-choice,15,129924,0,0,"{""Q0"":""none of these""}",fly (animal),category_organization
683a49e79a4a688b481a1e21,4100,survey-multi-choice,13,121204,0,0,"{""Q0"":""color""}",panda,category_organization
683a49e89a4a688b481a1e23,3737,survey-multi-choice,17,138572,0,0,"{""Q0"":""color""}",hair dryer,category_organization
683a49e89a4a688b481a1e25,3447,survey-multi-choice,18,142020,0,0,"{""Q0"":""material""}",monkey,category_organization
683a49e89a4a688b481a1e27,5841,survey-multi-choice,19,147863,0,0,"{""Q0"":""none of these""}",digger,category_organization
683a49e89a4a688b481a1e29,6054,survey-multi-choice,21,157726,0,0,"{""Q0"":""shape""}",tail,category_organization
683a49e89a4a688b481a1e2b,3804,survey-multi-choice,20,151670,0,0,"{""Q0"":""none of these""}",bank,category_organization
683a49e89a4a688b481a1e2d,6554,survey-multi-choice,22,164281,0,0,"{""Q0"":""material""}",peach,category_organization
683a49e99a4a688b481a1e2f,3823,survey-multi-choice,23,168106,0,0,"{""Q0"":""none of these""}",elevator,category_organization
683a49e99a4a688b481a1e31,6482,survey-multi-choice,24,174590,0,0,"{""Q0"":""color""}",lavender,attention_category
683a49e99a4a688b481a1e33,3104,instructions,25,177696,0,0,,,
683a4a009a4a688b481a1e35,2745,instructions,0,2748,0,0,,,
683a4a009a4a688b481a1e37,303469,html-button-response,1,306220,0,0,0,,
683a4a009a4a688b481a1e39,6476,survey-multi-choice,2,312698,0,0,"{""Q0"":""shape""}","In the sentence [this is a square table], a 'square' belongs to a category that is organized by:",practice_category
683a4a009a4a688b481a1e3b,3924,survey-multi-choice,3,318530,0,0,"{""Q0"":""color""}","In the sentence [this is a red table], 'red' belongs to a category that is organized by:",practice_category
683a4a009a4a688b481a1e3d,5703,survey-multi-choice,5,336210,0,0,"{""Q0"":""shape""}",bucket,category_organization
683a4a009a4a688b481a1e3f,10951,survey-multi-choice,4,330506,0,0,"{""Q0"":""shape""}",piano,category_organization
683a4a009a4a688b481a1e41,8422,survey-multi-choice,6,344634,0,0,"{""Q0"":""material""}",matches,category_organization
683a4a009a4a688b481a1e43,6791,survey-multi-choice,7,351426,0,0,"{""Q0"":""shape""}",rope,category_organization
683a4a009a4a688b481a1e45,9255,survey-multi-choice,8,360682,0,0,"{""Q0"":""none of these""}",picture,category_organization
683a4a009a4a688b481a1e47,5695,survey-multi-choice,9,366377,0,0,"{""Q0"":""none of these""}",money,category_organization
683a4a009a4a688b481a1e49,3615,survey-multi-choice,10,369994,0,0,"{""Q0"":""shape""}",high chair,category_organization
683a4a009a4a688b481a1e4b,5551,survey-multi-choice,11,375546,0,0,"{""Q0"":""material""}",sauce,category_organization
683a4a009a4a688b481a1e4d,7279,survey-multi-choice,12,382826,0,0,"{""Q0"":""shape""}",snail,category_organization
683a4a019a4a688b481a1e4f,4007,survey-multi-choice,13,386833,0,0,"{""Q0"":""shape""}",motorcycle,category_organization
683a4a019a4a688b481a1e51,4335,survey-multi-choice,14,391170,0,0,"{""Q0"":""shape""}",crab,category_organization
683a4a019a4a688b481a1e53,3535,survey-multi-choice,15,394705,0,0,"{""Q0"":""shape""}",balcony,category_organization
683a4a019a4a688b481a1e55,4567,survey-multi-choice,16,399273,0,0,"{""Q0"":""material""}",pie,category_organization
683a4a019a4a688b481a1e57,5103,survey-multi-choice,17,404377,0,0,"{""Q0"":""shape""}",eye,category_organization
683a4a019a4a688b481a1e59,5471,survey-multi-choice,18,409850,0,0,"{""Q0"":""shape""}",pants,category_organization
683a4a019a4a688b481a1e5b,4719,survey-multi-choice,19,414569,0,0,"{""Q0"":""shape""}",umbrella,category_organization
683a4a019a4a688b481a1e5d,4391,survey-multi-choice,20,418961,0,0,"{""Q0"":""shape""}",kiwi,category_organization
683a4a019a4a688b481a1e5f,4463,survey-multi-choice,21,423425,0,0,"{""Q0"":""none of these""}",story,category_organization
683a4a019a4a688b481a1e61,15935,survey-multi-choice,22,439361,0,0,"{""Q0"":""material""}",pickle,category_organization
683a4a019a4a688b481a1e63,3999,survey-multi-choice,23,443361,0,0,"{""Q0"":""none of these""}",body,category_organization
683a4a019a4a688b481a1e65,3719,survey-multi-choice,24,447081,0,0,"{""Q0"":""color""}",lavender,attention_category
683a4a019a4a688b481a1e67,2855,instructions,25,449937,0,0,,,
683a4a169a4a688b481a1e69,11356,instructions,0,11363,0,0,,,
683a4a179a4a688b481a1e6b,95647,html-button-response,1,107014,0,0,0,,
683a4a179a4a688b481a1e6d,53084,survey-multi-choice,2,160103,0,0,"{""Q0"":""shape""}","In the sentence [this is a square table], a 'square' belongs to a category that is organized by:",practice_category
683a4a179a4a688b481a1e6f,5857,survey-multi-choice,3,169837,0,0,"{""Q0"":""color""}","In the sentence [this is a red table], 'red' belongs to a category that is organized by:",practice_category
683a4a179a4a688b481a1e71,15673,survey-multi-choice,4,187695,0,0,"{""Q0"":""material""}",shower,category_organization
683a4a179a4a688b481a1e73,5676,survey-multi-choice,6,205273,0,0,"{""Q0"":""material""}",skirt,category_organization
683a4a179a4a688b481a1e75,11895,survey-multi-choice,5,199594,0,0,"{""Q0"":""shape""}",bus,category_organization
683a4a189a4a688b481a1e77,8791,survey-multi-choice,7,214067,0,0,"{""Q0"":""color""}",candle,category_organization
683a4a189a4a688b481a1e79,7957,survey-multi-choice,8,222026,0,0,"{""Q0"":""color""}",cocoa,category_organization
683a4a189a4a688b481a1e7b,6325,survey-multi-choice,9,228354,0,0,"{""Q0"":""shape""}",doll,category_organization
683a4a189a4a688b481a1e7d,7756,survey-multi-choice,10,236113,0,0,"{""Q0"":""color""}",jelly,category_organization
683a4a189a4a688b481a1e7f,7955,survey-multi-choice,12,255795,0,0,"{""Q0"":""shape""}",mouth,category_organization
683a4a189a4a688b481a1e81,11723,survey-multi-choice,11,247838,0,0,"{""Q0"":""material""}",trash can,category_organization
683a4a189a4a688b481a1e83,7583,survey-multi-choice,13,263380,0,0,"{""Q0"":""shape""}",train,category_organization
683a4a189a4a688b481a1e85,4419,survey-multi-choice,14,267801,0,0,"{""Q0"":""material""}",vest,category_organization
683a4a189a4a688b481a1e87,4181,survey-multi-choice,15,271984,0,0,"{""Q0"":""color""}",blood,category_organization
683a4a189a4a688b481a1e89,5567,survey-multi-choice,16,277554,0,0,"{""Q0"":""shape""}",eye,category_organization
683a4a189a4a688b481a1e8b,5714,survey-multi-choice,17,283270,0,0,"{""Q0"":""shape""}",sparrow,category_organization
683a4a189a4a688b481a1e8d,7710,survey-multi-choice,18,290982,0,0,"{""Q0"":""shape""}",wheel,category_organization
683a4a189a4a688b481a1e8f,9530,survey-multi-choice,19,300514,0,0,"{""Q0"":""material""}",cook,category_organization
683a4a189a4a688b481a1e91,6619,survey-multi-choice,20,307136,0,0,"{""Q0"":""shape""}",piano,category_organization
683a4a199a4a688b481a1e93,10333,survey-multi-choice,24,330618,0,0,"{""Q0"":""color""}",lavender,attention_category
683a4a199a4a688b481a1e95,5716,survey-multi-choice,21,312854,0,0,"{""Q0"":""shape""}",kangaroo,category_organization
683a4a199a4a688b481a1e97,3285,survey-multi-choice,23,320282,0,0,"{""Q0"":""color""}",lawn mower,category_organization
683a4a199a4a688b481a1e99,4139,survey-multi-choice,22,316995,0,0,"{""Q0"":""material""}",glass,category_organization
683a4a199a4a688b481a1e9b,5969,instructions,25,336588,0,0,,,
683a4a299a4a688b481a1e9d,39769,instructions,0,39771,0,0,,,
683a4a2a9a4a688b481a1e9f,114018,html-button-response,1,153800,0,0,0,,
683a4a2b9a4a688b481a1ea1,27393,survey-multi-choice,2,181195,0,0,"{""Q0"":""shape""}","In the sentence [this is a square table], a 'square' belongs to a category that is organized by:",practice_category
683a4a2b9a4a688b481a1ea3,30648,survey-multi-choice,4,245870,0,0,"{""Q0"":""color""}",orange (food),category_organization
683a4a2b9a4a688b481a1ea5,13357,survey-multi-choice,7,290695,0,0,"{""Q0"":""material""}",bun,category_organization
683a4a2b9a4a688b481a1ea7,6278,survey-multi-choice,6,277334,0,0,"{""Q0"":""material""}",paper,category_organization
683a4a2b9a4a688b481a1ea9,9823,survey-multi-choice,3,203733,0,0,"{""Q0"":""shape""}","In the sentence [this is a red table], 'red' belongs to a category that is organized by:",practice_category
683a4a2b9a4a688b481a1eab,25178,survey-multi-choice,5,271051,0,0,"{""Q0"":""color""}",flower,category_organization
683a4a2c9a4a688b481a1ead,14848,survey-multi-choice,8,305544,0,0,"{""Q0"":""shape""}",hen,category_organization
683a4a2c9a4a688b481a1eaf,7237,survey-multi-choice,9,312786,0,0,"{""Q0"":""material""}",clothes,category_organization
683a4a2c9a4a688b481a1eb1,9538,survey-multi-choice,10,322326,0,0,"{""Q0"":""shape""}",wardrobe,category_organization
683a4a2c9a4a688b481a1eb3,11175,survey-multi-choice,11,333504,0,0,"{""Q0"":""material""}",piano,category_organization
683a4a2c9a4a688b481a1eb5,21818,survey-multi-choice,12,355325,0,0,"{""Q0"":""color""}",turkey,category_organization
683a4a2c9a4a688b481a1eb7,7839,survey-multi-choice,13,363166,0,0,"{""Q0"":""material""}",salt,category_organization
683a4a2c9a4a688b481a1eb9,6305,survey-multi-choice,14,369475,0,0,"{""Q0"":""material""}",mat,category_organization
683a4a2c9a4a688b481a1ebb,13897,survey-multi-choice,15,383373,0,0,"{""Q0"":""material""}",nail (body part),category_organization
683a4a2c9a4a688b481a1ebd,8462,survey-multi-choice,16,391839,0,0,"{""Q0"":""color""}",raspberry,category_organization
683a4a2c9a4a688b481a1ebf,10518,survey-multi-choice,17,402360,0,0,"{""Q0"":""shape""}",shoe,category_organization
683a4a2c9a4a688b481a1ec1,9170,survey-multi-choice,18,411533,0,0,"{""Q0"":""material""}",guitar,category_organization
683a4a2c9a4a688b481a1ec3,16797,survey-multi-choice,19,428332,0,0,"{""Q0"":""none of these""}",story,category_organization
683a4a2c9a4a688b481a1ec5,10074,survey-multi-choice,20,438408,0,0,"{""Q0"":""shape""}",house,category_organization
683a4a2c9a4a688b481a1ec7,8460,survey-multi-choice,21,446871,0,0,"{""Q0"":""shape""}",window,category_organization
683a4a2c9a4a688b481a1ec9,8608,survey-multi-choice,23,466206,0,0,"{""Q0"":""color""}",apricot,category_organization
683a4a2c9a4a688b481a1ecb,10723,survey-multi-choice,22,457595,0,0,"{""Q0"":""shape""}",croissant,category_organization
683a4a2c9a4a688b481a1ecd,5728,survey-multi-choice,24,471937,0,0,"{""Q0"":""color""}",lavender,attention_category
683a4a2c9a4a688b481a1ecf,7970,instructions,25,479910,0,0,,,
683a4a2f9a4a688b481a1ed1,74965,instructions,0,74968,0,0,,,
683a4a2f9a4a688b481a1ed3,229471,html-button-response,1,304445,0,0,0,,
683a4a2f9a4a688b481a1ed5,8614,survey-multi-choice,2,313064,0,0,"{""Q0"":""shape""}","In the sentence [this is a square table], a 'square' belongs to a category that is organized by:",practice_category
683a4a2f9a4a688b481a1ed7,6419,survey-multi-choice,3,323446,0,0,"{""Q0"":""color""}","In the sentence [this is a red table], 'red' belongs to a category that is organized by:",practice_category
683a4a2f9a4a688b481a1ed9,11375,survey-multi-choice,4,336499,0,0,"{""Q0"":""material""}",soy milk,category_organization
683a4a309a4a688b481a1edb,11721,survey-multi-choice,5,348224,0,0,"{""Q0"":""shape""}",necklace,category_organization
683a4a309a4a688b481a1edd,15966,survey-multi-choice,6,364193,0,0,"{""Q0"":""shape""}",minibus,category_organization
683a4a309a4a688b481a1edf,16307,survey-multi-choice,7,380501,0,0,"{""Q0"":""none of these""}",quesadilla,category_organization
683a4a309a4a688b481a1ee1,8187,survey-multi-choice,8,388690,0,0,"{""Q0"":""none of these""}",pacifier,category_organization
683a4a309a4a688b481a1ee3,11263,survey-multi-choice,11,410969,0,0,"{""Q0"":""material""}",coke,category_organization
683a4a309a4a688b481a1ee5,4318,survey-multi-choice,12,415288,0,0,"{""Q0"":""none of these""}",calf,category_organization
683a4a309a4a688b481a1ee7,8478,survey-multi-choice,13,423768,0,0,"{""Q0"":""none of these""}",hair clip,category_organization
683a4a309a4a688b481a1ee9,5390,survey-multi-choice,14,429159,0,0,"{""Q0"":""shape""}",bell,category_organization
683a4a319a4a688b481a1eeb,4849,survey-multi-choice,9,393541,0,0,"{""Q0"":""none of these""}",jacket,category_organization
683a4a319a4a688b481a1eed,4544,survey-multi-choice,15,433705,0,0,"{""Q0"":""material""}",soda,category_organization
683a4a319a4a688b481a1eef,5230,survey-multi-choice,16,438937,0,0,"{""Q0"":""none of these""}",lamp,category_organization
683a4a319a4a688b481a1ef1,5396,survey-multi-choice,17,444336,0,0,"{""Q0"":""none of these""}",slipper,category_organization
683a4a319a4a688b481a1ef3,12336,survey-multi-choice,18,456674,0,0,"{""Q0"":""material""}",garden,category_organization
683a4a319a4a688b481a1ef5,4847,survey-multi-choice,19,461523,0,0,"{""Q0"":""none of these""}",top,category_organization
683a4a319a4a688b481a1ef7,3172,survey-multi-choice,20,464697,0,0,"{""Q0"":""material""}",ice cream,category_organization
683a4a319a4a688b481a1ef9,5300,survey-multi-choice,21,469999,0,0,"{""Q0"":""none of these""}",refrigerator,category_organization
683a4a319a4a688b481a1efb,4969,survey-multi-choice,22,474969,0,0,"{""Q0"":""shape""}",kayak,category_organization
683a4a319a4a688b481a1efd,8119,survey-multi-choice,23,483090,0,0,"{""Q0"":""shape""}",tortilla,category_organization
683a4a319a4a688b481a1eff,3454,survey-multi-choice,24,486546,0,0,"{""Q0"":""color""}",lavender,attention_category
683a4a339a4a688b481a1f01,6160,survey-multi-choice,10,399703,0,0,"{""Q0"":""material""}",smoke,category_organization
683a4a339a4a688b481a1f03,3427,instructions,25,489974,0,0,,,
683a4a489a4a688b481a1f05,9199,instructions,0,9201,0,0,,,
683a4a489a4a688b481a1f07,55335,html-button-response,1,64538,0,0,0,,
683a4a489a4a688b481a1f09,9711,survey-multi-choice,3,105182,0,0,"{""Q0"":""color""}","In the sentence [this is a red table], 'red' belongs to a category that is organized by:",practice_category
683a4a489a4a688b481a1f0b,28100,survey-multi-choice,2,92640,0,0,"{""Q0"":""shape""}","In the sentence [this is a square table], a 'square' belongs to a category that is organized by:",practice_category
683a4a489a4a688b481a1f0d,19201,survey-multi-choice,4,126566,0,0,"{""Q0"":""shape""}",bush,category_organization
683a4a489a4a688b481a1f0f,12860,survey-multi-choice,5,139428,0,0,"{""Q0"":""material""}",sponge,category_organization
683a4a489a4a688b481a1f11,12262,survey-multi-choice,6,151691,0,0,"{""Q0"":""shape""}",finger,category_organization
683a4a489a4a688b481a1f13,19282,survey-multi-choice,7,170974,0,0,"{""Q0"":""shape""}",closet,category_organization
683a4a489a4a688b481a1f15,27886,survey-multi-choice,8,198861,0,0,"{""Q0"":""shape""}",pocket,category_organization
683a4a489a4a688b481a1f17,4627,survey-multi-choice,9,203488,0,0,"{""Q0"":""material""}",steak,category_organization
683a4a489a4a688b481a1f19,27060,survey-multi-choice,10,230549,0,0,"{""Q0"":""none of these""}",puzzle,category_organization
683a4a489a4a688b481a1f1b,3186,survey-multi-choice,11,233736,0,0,"{""Q0"":""material""}",radish,category_organization
683a4a489a4a688b481a1f1d,4049,survey-multi-choice,12,237786,0,0,"{""Q0"":""material""}",yogurt drink,category_organization
683a4a489a4a688b481a1f1f,5782,survey-multi-choice,13,243570,0,0,"{""Q0"":""shape""}",shovel,category_organization
683a4a489a4a688b481a1f21,12773,survey-multi-choice,14,256343,0,0,"{""Q0"":""color""}",lavender,attention_category
683a4a489a4a688b481a1f23,11564,instructions,15,267907,0,0,,,
683a4a4b9a4a688b481a1f25,3218,instructions,0,3221,0,0,,,
683a4a4b9a4a688b481a1f27,18798,html-button-response,1,22021,0,0,0,,
683a4a4b9a4a688b481a1f29,9070,survey-multi-choice,6,69120,0,0,"{""Q0"":""material""}",bush,category_organization
683a4a4b9a4a688b481a1f2b,6416,survey-multi-choice,2,28439,0,0,"{""Q0"":""shape""}","In the sentence [this is a square table], a 'square' belongs to a category that is organized by:",practice_category
683a4a4b9a4a688b481a1f2d,7472,survey-multi-choice,4,46608,0,0,"{""Q0"":""none of these""}",puzzle,category_organization
683a4a4b9a4a688b481a1f2f,5620,survey-multi-choice,3,37722,0,0,"{""Q0"":""color""}","In the sentence [this is a red table], 'red' belongs to a category that is organized by:",practice_category
683a4a4b9a4a688b481a1f31,13439,survey-multi-choice,5,60048,0,0,"{""Q0"":""none of these""}",finger,category_organization
683a4a4b9a4a688b481a1f33,6444,survey-multi-choice,7,75565,0,0,"{""Q0"":""shape""}",pocket,category_organization
683a4a4b9a4a688b481a1f35,3070,survey-multi-choice,8,78637,0,0,"{""Q0"":""material""}",sponge,category_organization
683a4a4b9a4a688b481a1f37,3729,survey-multi-choice,9,82367,0,0,"{""Q0"":""material""}",yogurt drink,category_organization
683a4a4b9a4a688b481a1f39,3903,survey-multi-choice,12,97533,0,0,"{""Q0"":""none of these""}",closet,category_organization
683a4a4b9a4a688b481a1f3b,6429,survey-multi-choice,11,93629,0,0,"{""Q0"":""material""}",radish,category_organization
683a4a4b9a4a688b481a1f3d,4831,survey-multi-choice,10,87198,0,0,"{""Q0"":""shape""}",shovel,category_organization
683a4a4b9a4a688b481a1f3f,2561,survey-multi-choice,13,100095,0,0,"{""Q0"":""material""}",steak,category_organization
683a4a4b9a4a688b481a1f41,2293,survey-multi-choice,14,102389,0,0,"{""Q0"":""color""}",lavender,attention_category
683a4a4b9a4a688b481a1f43,2775,instructions,15,105164,0,0,,,
683a4a539a4a688b481a1f45,33708,instructions,0,33709,0,0,,,
683a4a539a4a688b481a1f47,9200,survey-multi-choice,2,95892,0,0,"{""Q0"":""shape""}","In the sentence [this is a square table], a 'square' belongs to a category that is organized by:",practice_category
683a4a539a4a688b481a1f49,7532,survey-multi-choice,7,132676,0,0,"{""Q0"":""none of these""}",yard,category_organization
683a4a539a4a688b481a1f4b,52980,html-button-response,1,86692,0,0,0,,
683a4a539a4a688b481a1f4d,8330,survey-multi-choice,8,141008,0,0,"{""Q0"":""color""}",hair,category_organization
683a4a539a4a688b481a1f4f,6215,survey-multi-choice,3,104841,0,0,"{""Q0"":""color""}","In the sentence [this is a red table], 'red' belongs to a category that is organized by:",practice_category
683a4a539a4a688b481a1f51,6250,survey-multi-choice,4,112975,0,0,"{""Q0"":""none of these""}",tiger,category_organization
683a4a549a4a688b481a1f53,7400,survey-multi-choice,5,120377,0,0,"{""Q0"":""material""}",neighborhood,category_organization
683a4a549a4a688b481a1f55,7766,survey-multi-choice,9,148774,0,0,"{""Q0"":""shape""}",chair,category_organization
683a4a549a4a688b481a1f57,4765,survey-multi-choice,6,125143,0,0,"{""Q0"":""material""}",croissant,category_organization
683a4a549a4a688b481a1f59,7200,survey-multi-choice,10,155974,0,0,"{""Q0"":""shape""}",knife,category_organization
683a4a549a4a688b481a1f5b,6883,survey-multi-choice,11,162858,0,0,"{""Q0"":""shape""}",zipper,category_organization
683a4a549a4a688b481a1f5d,14635,survey-multi-choice,12,177512,0,0,"{""Q0"":""shape""}",piano,category_organization
683a4a549a4a688b481a1f5f,5165,survey-multi-choice,13,182684,0,0,"{""Q0"":""shape""}",lip,category_organization
683a4a549a4a688b481a1f61,4848,survey-multi-choice,14,187538,0,0,"{""Q0"":""material""}",drink (beverage),category_organization
683a4a549a4a688b481a1f63,5617,survey-multi-choice,15,193159,0,0,"{""Q0"":""material""}",sauce,category_organization
683a4a549a4a688b481a1f65,3433,survey-multi-choice,16,196595,0,0,"{""Q0"":""material""}",candy,category_organization
683a4a549a4a688b481a1f67,6496,survey-multi-choice,17,203095,0,0,"{""Q0"":""none of these""}",gut,category_organization
683a4a549a4a688b481a1f69,15599,survey-multi-choice,18,218697,0,0,"{""Q0"":""material""}",atole,category_organization
683a4a549a4a688b481a1f6b,6183,survey-multi-choice,19,224881,0,0,"{""Q0"":""none of these""}",dining room,category_organization
683a4a549a4a688b481a1f6d,4716,survey-multi-choice,20,229598,0,0,"{""Q0"":""material""}",eye,category_organization
683a4a549a4a688b481a1f6f,3764,survey-multi-choice,22,240916,0,0,"{""Q0"":""shape""}",cheerios,category_organization
683a4a549a4a688b481a1f71,7551,survey-multi-choice,21,237150,0,0,"{""Q0"":""shape""}",washing machine,category_organization
683a4a549a4a688b481a1f73,4787,survey-multi-choice,23,245704,0,0,"{""Q0"":""material""}",helicopter,category_organization
683a4a549a4a688b481a1f75,5729,survey-multi-choice,24,251434,0,0,"{""Q0"":""color""}",lavender,attention_category
683a4a549a4a688b481a1f77,1532,instructions,25,252967,0,0,,,
683a4a799a4a688b481a1f79,4264,instructions,0,4266,0,0,,,
683a4a799a4a688b481a1f7b,20648,html-button-response,1,24915,0,0,0,,
683a4a799a4a688b481a1f7d,7660,survey-multi-choice,2,32577,0,0,"{""Q0"":""shape""}","In the sentence [this is a square table], a 'square' belongs to a category that is organized by:",practice_category
683a4a799a4a688b481a1f7f,6440,survey-multi-choice,3,41337,0,0,"{""Q0"":""color""}","In the sentence [this is a red table], 'red' belongs to a category that is organized by:",practice_category
683a4a799a4a688b481a1f81,5433,survey-multi-choice,4,48538,0,0,"{""Q0"":""material""}",book,category_organization
683a4a799a4a688b481a1f83,5703,survey-multi-choice,6,59154,0,0,"{""Q0"":""none of these""}",sheep,category_organization
683a4a799a4a688b481a1f85,4911,survey-multi-choice,5,53450,0,0,"{""Q0"":""material""}",kitchen,category_organization
683a4a799a4a688b481a1f87,4462,survey-multi-choice,7,63617,0,0,"{""Q0"":""material""}",patio,category_organization
683a4a799a4a688b481a1f89,4928,survey-multi-choice,8,68546,0,0,"{""Q0"":""none of these""}",garden,category_organization
683a4a799a4a688b481a1f8b,4293,survey-multi-choice,9,72840,0,0,"{""Q0"":""none of these""}",ear,category_organization
683a4a799a4a688b481a1f8d,5088,survey-multi-choice,10,77929,0,0,"{""Q0"":""none of these""}",gorilla,category_organization
683a4a799a4a688b481a1f8f,5456,survey-multi-choice,11,83386,0,0,"{""Q0"":""material""}",dress (object),category_organization
683a4a799a4a688b481a1f91,4360,survey-multi-choice,12,87746,0,0,"{""Q0"":""none of these""}",calf,category_organization
683a4a799a4a688b481a1f93,2718,survey-multi-choice,13,90465,0,0,"{""Q0"":""material""}",lamp,category_organization
683a4a799a4a688b481a1f95,5880,survey-multi-choice,15,99729,0,0,"{""Q0"":""none of these""}",firetruck,category_organization
683a4a799a4a688b481a1f97,3382,survey-multi-choice,14,93848,0,0,"{""Q0"":""none of these""}",dinosaur,category_organization
683a4a799a4a688b481a1f99,3751,survey-multi-choice,16,103481,0,0,"{""Q0"":""none of these""}",spinach,category_organization
683a4a799a4a688b481a1f9b,3006,survey-multi-choice,17,106488,0,0,"{""Q0"":""none of these""}",turtle,category_organization
683a4a799a4a688b481a1f9d,3089,survey-multi-choice,18,109578,0,0,"{""Q0"":""none of these""}",rabbit,category_organization
683a4a799a4a688b481a1f9f,2861,survey-multi-choice,19,112440,0,0,"{""Q0"":""material""}",dust,category_organization
683a4a799a4a688b481a1fa1,2831,survey-multi-choice,21,118729,0,0,"{""Q0"":""material""}",bed,category_organization
683a4a799a4a688b481a1fa3,3457,survey-multi-choice,20,115897,0,0,"{""Q0"":""material""}",snowsuit,category_organization
683a4a799a4a688b481a1fa5,2405,survey-multi-choice,22,121136,0,0,"{""Q0"":""material""}",garbage,category_organization
683a4a799a4a688b481a1fa7,3713,survey-multi-choice,23,124849,0,0,"{""Q0"":""material""}",tape (object),category_organization
683a4a799a4a688b481a1fa9,2589,survey-multi-choice,24,127440,0,0,"{""Q0"":""color""}",lavender,attention_category
683a4a799a4a688b481a1fab,2176,instructions,25,129616,0,0,,,
683a4a7f9a4a688b481a1fad,10020,instructions,0,10024,0,0,,,
683a4a809a4a688b481a1faf,49440,html-button-response,1,59470,0,0,0,,
683a4a809a4a688b481a1fb1,30330,survey-multi-choice,2,89805,0,0,"{""Q0"":""shape""}","In the sentence [this is a square table], a 'square' belongs to a category that is organized by:",practice_category
683a4a809a4a688b481a1fb3,9226,survey-multi-choice,4,112426,0,0,"{""Q0"":""none of these""}",eagle,category_organization
683a4a809a4a688b481a1fb5,9320,survey-multi-choice,3,101628,0,0,"{""Q0"":""color""}","In the sentence [this is a red table], 'red' belongs to a category that is organized by:",practice_category
683a4a809a4a688b481a1fb7,7890,survey-multi-choice,5,120319,0,0,"{""Q0"":""shape""}",hole,category_organization
683a4a809a4a688b481a1fb9,3314,survey-multi-choice,6,123635,0,0,"{""Q0"":""material""}",keys,category_organization
683a4a809a4a688b481a1fbb,5634,survey-multi-choice,7,129272,0,0,"{""Q0"":""shape""}",bell,category_organization
683a4a809a4a688b481a1fbd,7648,survey-multi-choice,8,136922,0,0,"{""Q0"":""material""}",tape (object),category_organization
683a4a809a4a688b481a1fbf,3957,survey-multi-choice,11,152030,0,0,"{""Q0"":""none of these""}",doorbell,category_organization
683a4a809a4a688b481a1fc1,4256,survey-multi-choice,10,148071,0,0,"{""Q0"":""material""}",digger,category_organization
683a4a809a4a688b481a1fc3,6888,survey-multi-choice,9,143813,0,0,"{""Q0"":""shape""}",minibus,category_organization
683a4a809a4a688b481a1fc5,7530,survey-multi-choice,12,159561,0,0,"{""Q0"":""color""}",photo,category_organization
683a4a809a4a688b481a1fc7,4276,survey-multi-choice,13,163839,0,0,"{""Q0"":""none of these""}",hip,category_organization
683a4a809a4a688b481a1fc9,3929,survey-multi-choice,14,167770,0,0,"{""Q0"":""material""}",battery,category_organization
683a4a809a4a688b481a1fcb,5246,survey-multi-choice,15,173018,0,0,"{""Q0"":""material""}",lamp,category_organization
683a4a809a4a688b481a1fcd,4277,survey-multi-choice,16,177298,0,0,"{""Q0"":""none of these""}",cockroach,category_organization
683a4a809a4a688b481a1fcf,5771,survey-multi-choice,17,183072,0,0,"{""Q0"":""none of these""}",cottage cheese,category_organization
683a4a809a4a688b481a1fd1,3377,survey-multi-choice,18,186451,0,0,"{""Q0"":""none of these""}",monkey,category_organization
683a4a809a4a688b481a1fd3,3975,survey-multi-choice,19,190429,0,0,"{""Q0"":""material""}",dessert,category_organization
683a4a809a4a688b481a1fd5,3904,survey-multi-choice,20,194335,0,0,"{""Q0"":""none of these""}",taco,category_organization
683a4a809a4a688b481a1fd7,3929,survey-multi-choice,21,198267,0,0,"{""Q0"":""shape""}",necklace,category_organization
683a4a809a4a688b481a1fd9,3629,survey-multi-choice,23,206173,0,0,"{""Q0"":""material""}",board game,category_organization
683a4a809a4a688b481a1fdb,4272,survey-multi-choice,22,202542,0,0,"{""Q0"":""shape""}",camera,category_organization
683a4a809a4a688b481a1fdd,6075,survey-multi-choice,24,212251,0,0,"{""Q0"":""shape""}",lavender,attention_category
683a4a809a4a688b481a1fdf,3298,instructions,25,215550,0,0,,,
683a4a929a4a688b481a1fe1,5368,instructions,0,5377,0,0,,,
683a4a929a4a688b481a1fe3,92558,html-button-response,1,97946,0,0,0,,
683a4a929a4a688b481a1fe5,10592,survey-multi-choice,2,108547,0,0,"{""Q0"":""shape""}","In the sentence [this is a square table], a 'square' belongs to a category that is organized by:",practice_category
683a4a939a4a688b481a1fe7,7519,survey-multi-choice,3,123552,0,0,"{""Q0"":""color""}","In the sentence [this is a red table], 'red' belongs to a category that is organized by:",practice_category
683a4a939a4a688b481a1fe9,12277,survey-multi-choice,4,139721,0,0,"{""Q0"":""material""}",shampoo,category_organization
683a4a939a4a688b481a1feb,15928,survey-multi-choice,5,155654,0,0,"{""Q0"":""material""}",oven,category_organization
683a4a939a4a688b481a1fed,16356,survey-multi-choice,6,172014,0,0,"{""Q0"":""shape""}",music,category_organization
683a4a949a4a688b481a1fef,7852,survey-multi-choice,7,179872,0,0,"{""Q0"":""material""}",earring,category_organization
683a4a949a4a688b481a1ff1,9402,survey-multi-choice,8,189278,0,0,"{""Q0"":""shape""}",push,category_organization
683a4a949a4a688b481a1ff3,4179,survey-multi-choice,9,193463,0,0,"{""Q0"":""material""}",t-shirt,category_organization
683a4a949a4a688b481a1ff5,5396,survey-multi-choice,10,198864,0,0,"{""Q0"":""material""}",mosquito,category_organization
683a4a949a4a688b481a1ff7,7370,survey-multi-choice,11,206238,0,0,"{""Q0"":""material""}",hair dryer,category_organization
683a4a949a4a688b481a1ff9,22908,survey-multi-choice,12,229150,0,0,"{""Q0"":""material""}",caterpillar,category_organization
683a4a949a4a688b481a1ffb,8195,survey-multi-choice,14,248846,0,0,"{""Q0"":""shape""}",sidewalk,category_organization
683a4a949a4a688b481a1ffd,11493,survey-multi-choice,13,240647,0,0,"{""Q0"":""shape""}",kimchi,category_organization
683a4a949a4a688b481a1fff,20884,survey-multi-choice,15,269734,0,0,"{""Q0"":""material""}",accident,category_organization
683a4a959a4a688b481a2001,8068,survey-multi-choice,17,281846,0,0,"{""Q0"":""material""}",kite,category_organization
683a4a959a4a688b481a2003,4036,survey-multi-choice,16,273774,0,0,"{""Q0"":""material""}",gun,category_organization
683a4a959a4a688b481a2005,5996,survey-multi-choice,18,287846,0,0,"{""Q0"":""material""}",taco,category_organization
683a4a959a4a688b481a2007,3788,survey-multi-choice,19,291638,0,0,"{""Q0"":""shape""}",road,category_organization
683a4a959a4a688b481a2009,5383,survey-multi-choice,20,297025,0,0,"{""Q0"":""shape""}",breast,category_organization
683a4a969a4a688b481a200b,15257,survey-multi-choice,21,312286,0,0,"{""Q0"":""material""}",soda,category_organization
683a4a969a4a688b481a200d,9731,survey-multi-choice,23,325800,0,0,"{""Q0"":""shape""}",frog,category_organization
683a4a969a4a688b481a200f,3773,survey-multi-choice,22,316065,0,0,"{""Q0"":""material""}",bathtub,category_organization
683a4a969a4a688b481a2011,7620,survey-multi-choice,24,333425,0,0,"{""Q0"":""color""}",lavender,attention_category
683a4a979a4a688b481a2013,4851,instructions,25,338278,0,0,,,
683a4a989a4a688b481a2015,5447,instructions,0,5449,0,0,,,
683a4a989a4a688b481a2017,1046,html-button-response,1,6497,0,0,0,,
683a4a989a4a688b481a2019,23022,survey-multi-choice,4,65672,0,0,"{""Q0"":""none of these""}",eyebrow,category_organization
683a4a989a4a688b481a201b,23583,survey-multi-choice,3,41168,0,0,"{""Q0"":""color""}","In the sentence [this is a red table], 'red' belongs to a category that is organized by:",practice_category
683a4a989a4a688b481a201d,8767,survey-multi-choice,2,15265,0,0,"{""Q0"":""shape""}","In the sentence [this is a square table], a 'square' belongs to a category that is organized by:",practice_category
683a4a989a4a688b481a201f,9792,survey-multi-choice,5,75465,0,0,"{""Q0"":""none of these""}",snow,category_organization
683a4a999a4a688b481a2021,5679,survey-multi-choice,6,81144,0,0,"{""Q0"":""none of these""}",chili,category_organization
683a4a999a4a688b481a2023,3543,survey-multi-choice,7,84688,0,0,"{""Q0"":""material""}",necklace,category_organization
683a4a999a4a688b481a2025,17416,survey-multi-choice,8,102104,0,0,"{""Q0"":""none of these""}",chicken,category_organization
683a4a999a4a688b481a2027,4703,survey-multi-choice,9,106808,0,0,"{""Q0"":""none of these""}",fly (animal),category_organization
683a4a999a4a688b481a2029,4624,survey-multi-choice,11,116233,0,0,"{""Q0"":""none of these""}",tofu,category_organization
683a4a999a4a688b481a202b,4799,survey-multi-choice,10,111608,0,0,"{""Q0"":""material""}",jar,category_organization
683a4a999a4a688b481a202d,28191,survey-multi-choice,12,144425,0,0,"{""Q0"":""none of these""}",coffee table,category_organization
683a4a9a9a4a688b481a202f,3631,survey-multi-choice,14,154049,0,0,"{""Q0"":""none of these""}",honey,category_organization
683a4a9a9a4a688b481a2031,5992,survey-multi-choice,13,150417,0,0,"{""Q0"":""none of these""}",chin,category_organization
683a4a9a9a4a688b481a2033,3239,survey-multi-choice,15,157288,0,0,"{""Q0"":""none of these""}",olive,category_organization
683a4a9a9a4a688b481a2035,17336,survey-multi-choice,16,174625,0,0,"{""Q0"":""none of these""}",peanut butter,category_organization
683a4a9a9a4a688b481a2037,4448,survey-multi-choice,17,179073,0,0,"{""Q0"":""none of these""}",meat,category_organization
683a4a9a9a4a688b481a2039,17367,survey-multi-choice,18,196441,0,0,"{""Q0"":""none of these""}",taco,category_organization
683a4a9a9a4a688b481a203b,1415,survey-multi-choice,19,197857,0,0,"{""Q0"":""none of these""}",kayak,category_organization
683a4a9a9a4a688b481a203d,1863,survey-multi-choice,20,199720,0,0,"{""Q0"":""none of these""}",syrup,category_organization
683a4a9a9a4a688b481a203f,1896,survey-multi-choice,21,201616,0,0,"{""Q0"":""material""}",board game,category_organization
683a4a9a9a4a688b481a2041,3063,survey-multi-choice,22,204680,0,0,"{""Q0"":""material""}",soap,category_organization
683a4a9a9a4a688b481a2043,20055,survey-multi-choice,23,224736,0,0,"{""Q0"":""material""}",cart,category_organization
683a4a9b9a4a688b481a2045,3128,survey-multi-choice,24,227865,0,0,"{""Q0"":""none of these""}",lavender,attention_category
683a4a9b9a4a688b481a2047,2495,instructions,25,230360,0,0,,,
683a4aa69a4a688b481a2049,26252,instructions,0,26254,0,0,,,
683a4aa79a4a688b481a204b,13759,survey-multi-choice,6,162233,0,0,"{""Q0"":""none of these""}",chick,category_organization
683a4aa79a4a688b481a204d,8034,survey-multi-choice,7,170269,0,0,"{""Q0"":""none of these""}",eagle,category_organization
683a4aa79a4a688b481a204f,24823,survey-multi-choice,8,195095,0,0,"{""Q0"":""shape""}",sunglasses,category_organization
683a4aa89a4a688b481a2051,23843,survey-multi-choice,4,128868,0,0,"{""Q0"":""none of these""}",cheese,category_organization
683a4aa89a4a688b481a2053,19602,survey-multi-choice,5,148473,0,0,"{""Q0"":""shape""}",caterpillar,category_organization
683a4aa89a4a688b481a2055,49476,html-button-response,1,75734,0,0,0,,
683a4aa89a4a688b481a2057,8326,survey-multi-choice,3,103352,0,0,"{""Q0"":""color""}","In the sentence [this is a red table], 'red' belongs to a category that is organized by:",practice_category
683a4aa89a4a688b481a2059,12643,survey-multi-choice,2,88382,0,0,"{""Q0"":""shape""}","In the sentence [this is a square table], a 'square' belongs to a category that is organized by:",practice_category
683a4aa89a4a688b481a205b,13662,survey-multi-choice,9,208759,0,0,"{""Q0"":""shape""}",lollipop,category_organization
683a4aa89a4a688b481a205d,9297,survey-multi-choice,10,218058,0,0,"{""Q0"":""none of these""}",elevator,category_organization
683a4aa89a4a688b481a205f,8517,survey-multi-choice,12,234477,0,0,"{""Q0"":""material""}",pipe,category_organization
683a4aa89a4a688b481a2061,13244,survey-multi-choice,13,247723,0,0,"{""Q0"":""material""}",peanut butter,category_organization
683a4aa89a4a688b481a2063,7899,survey-multi-choice,11,225959,0,0,"{""Q0"":""none of these""}",dragon,category_organization
683a4aa89a4a688b481a2065,6274,survey-multi-choice,14,253999,0,0,"{""Q0"":""shape""}",cushion,category_organization
683a4aa89a4a688b481a2067,5629,survey-multi-choice,15,259629,0,0,"{""Q0"":""material""}",bell,category_organization
683a4aa89a4a688b481a2069,5184,survey-multi-choice,16,264816,0,0,"{""Q0"":""material""}",palm,category_organization
683a4aa89a4a688b481a206b,6167,survey-multi-choice,17,270984,0,0,"{""Q0"":""shape""}",ice cream,category_organization
683a4aa89a4a688b481a206d,13285,survey-multi-choice,18,284271,0,0,"{""Q0"":""none of these""}",doorbell,category_organization
683a4aa89a4a688b481a206f,7532,survey-multi-choice,19,291804,0,0,"{""Q0"":""material""}",carpet,category_organization
683a4aa89a4a688b481a2071,6287,survey-multi-choice,21,305898,0,0,"{""Q0"":""material""}",soap,category_organization
683a4aa89a4a688b481a2073,7803,survey-multi-choice,20,299609,0,0,"{""Q0"":""shape""}",sausage,category_organization
683a4aa99a4a688b481a2075,5899,survey-multi-choice,22,311798,0,0,"{""Q0"":""material""}",tablecloth,category_organization
683a4aa99a4a688b481a2077,6361,survey-multi-choice,23,318161,0,0,"{""Q0"":""material""}",notebook,category_organization
683a4aa99a4a688b481a2079,48665,survey-multi-choice,24,366828,0,0,"{""Q0"":""material""}",lavender,attention_category
683a4aa99a4a688b481a207b,2021,instructions,25,368850,0,0,,,
683a4ab39a4a688b481a207d,112794,html-button-response,1,187073,0,0,0,,
683a4ab39a4a688b481a207f,74267,instructions,0,74273,0,0,,,
683a4ab39a4a688b481a2081,39202,survey-multi-choice,2,226281,0,0,"{""Q0"":""shape""}","In the sentence [this is a square table], a 'square' belongs to a category that is organized by:",practice_category
683a4ab39a4a688b481a2083,27340,survey-multi-choice,3,256864,0,0,"{""Q0"":""color""}","In the sentence [this is a red table], 'red' belongs to a category that is organized by:",practice_category
683a4ab39a4a688b481a2085,35749,survey-multi-choice,4,294023,0,0,"{""Q0"":""shape""}",boots,category_organization
683a4ab39a4a688b481a2087,52597,survey-multi-choice,5,346624,0,0,"{""Q0"":""none of these""}",pony,category_organization
683a4ab49a4a688b481a2089,14325,survey-multi-choice,6,360952,0,0,"{""Q0"":""shape""}",beads,category_organization
683a4ab49a4a688b481a208b,64156,survey-multi-choice,7,425111,0,0,"{""Q0"":""material""}",syrup,category_organization
683a4ab49a4a688b481a208d,14141,survey-multi-choice,9,455631,0,0,"{""Q0"":""material""}",soap,category_organization
683a4ab49a4a688b481a208f,16374,survey-multi-choice,8,441488,0,0,"{""Q0"":""shape""}",jacket,category_organization
683a4ab49a4a688b481a2091,12669,survey-multi-choice,10,468303,0,0,"{""Q0"":""shape""}",snowsuit,category_organization
683a4ab49a4a688b481a2093,13181,survey-multi-choice,11,481487,0,0,"{""Q0"":""shape""}",cucumber,category_organization
683a4ab49a4a688b481a2095,15093,survey-multi-choice,12,496583,0,0,"{""Q0"":""shape""}",bed,category_organization
683a4ab49a4a688b481a2097,14134,survey-multi-choice,13,510719,0,0,"{""Q0"":""shape""}",book,category_organization
683a4ab59a4a688b481a2099,18213,survey-multi-choice,14,528935,0,0,"{""Q0"":""none of these""}",dragon,category_organization
683a4ab59a4a688b481a209b,12877,survey-multi-choice,15,541815,0,0,"{""Q0"":""material""}",glue (object),category_organization
683a4ab59a4a688b481a209d,15662,survey-multi-choice,17,582791,0,0,"{""Q0"":""material""}",corn,category_organization
683a4ab59a4a688b481a209f,25310,survey-multi-choice,16,567127,0,0,"{""Q0"":""shape""}",gloves,category_organization
683a4ab59a4a688b481a20a1,13189,survey-multi-choice,18,595983,0,0,"{""Q0"":""shape""}",watering can,category_organization
683a4ab59a4a688b481a20a3,12974,survey-multi-choice,19,608959,0,0,"{""Q0"":""none of these""}",garbage,category_organization
683a4ab59a4a688b481a20a5,13318,survey-multi-choice,21,635214,0,0,"{""Q0"":""none of these""}",brain,category_organization
683a4ab59a4a688b481a20a7,12933,survey-multi-choice,20,621894,0,0,"{""Q0"":""none of these""}",snake,category_organization
683a4ab59a4a688b481a20a9,17334,survey-multi-choice,23,667638,0,0,"{""Q0"":""none of these""}",fly (animal),category_organization
683a4ab59a4a688b481a20ab,15086,survey-multi-choice,22,650302,0,0,"{""Q0"":""none of these""}",push,category_organization
683a4ab69a4a688b481a20ad,17710,survey-multi-choice,24,685350,0,0,"{""Q0"":""color""}",lavender,attention_category
683a4ab69a4a688b481a20af,23918,instructions,25,709269,0,0,,,
683a4acb9a4a688b481a20b1,112811,html-button-response,1,158658,0,0,0,,
683a4acc9a4a688b481a20b3,15958,survey-multi-choice,2,174617,0,0,"{""Q0"":""shape""}","In the sentence [this is a square table], a 'square' belongs to a category that is organized by:",practice_category
683a4acc9a4a688b481a20b5,11831,survey-multi-choice,3,213360,0,0,"{""Q0"":""color""}","In the sentence [this is a red table], 'red' belongs to a category that is organized by:",practice_category
683a4acc9a4a688b481a20b7,14313,survey-multi-choice,4,230874,0,0,"{""Q0"":""material""}",pocket,category_organization
683a4acd9a4a688b481a20b9,17943,survey-multi-choice,5,248818,0,0,"{""Q0"":""shape""}",finger,category_organization
683a4acd9a4a688b481a20bb,50426,survey-multi-choice,6,299246,0,0,"{""Q0"":""none of these""}",radish,category_organization
683a4acd9a4a688b481a20bd,29426,survey-multi-choice,7,328673,0,0,"{""Q0"":""none of these""}",bush,category_organization
683a4acd9a4a688b481a20bf,26456,survey-multi-choice,8,355131,0,0,"{""Q0"":""material""}",closet,category_organization
683a4acd9a4a688b481a20c1,45950,survey-multi-choice,9,401082,0,0,"{""Q0"":""none of these""}",steak,category_organization
683a4acd9a4a688b481a20c3,24571,survey-multi-choice,10,425656,0,0,"{""Q0"":""material""}",sponge,category_organization
683a4acd9a4a688b481a20c5,20528,survey-multi-choice,11,446185,0,0,"{""Q0"":""shape""}",puzzle,category_organization
683a4acd9a4a688b481a20c7,19715,survey-multi-choice,12,465901,0,0,"{""Q0"":""material""}",shovel,category_organization
683a4acd9a4a688b481a20c9,22283,survey-multi-choice,13,488185,0,0,"{""Q0"":""none of these""}",yogurt drink,category_organization
683a4acd9a4a688b481a20cb,7185,survey-multi-choice,14,495371,0,0,"{""Q0"":""color""}",lavender,attention_category
683a4acd9a4a688b481a20cd,6869,instructions,15,502241,0,0,,,
683a4acd9a4a688b481a20cf,45840,instructions,0,45843,0,0,,,
683a4ad39a4a688b481a20d1,4091,instructions,0,4095,0,0,,,
683a4ad49a4a688b481a20d3,22214,html-button-response,1,26312,0,0,0,,
683a4ad49a4a688b481a20d5,11193,survey-multi-choice,2,37507,0,0,"{""Q0"":""shape""}","In the sentence [this is a square table], a 'square' belongs to a category that is organized by:",practice_category
683a4ad49a4a688b481a20d7,8107,survey-multi-choice,3,48077,0,0,"{""Q0"":""color""}","In the sentence [this is a red table], 'red' belongs to a category that is organized by:",practice_category
683a4ad49a4a688b481a20d9,18388,survey-multi-choice,4,68213,0,0,"{""Q0"":""none of these""}",finger,category_organization
683a4ad49a4a688b481a20db,16605,survey-multi-choice,5,84820,0,0,"{""Q0"":""shape""}",closet,category_organization
683a4ad49a4a688b481a20dd,18120,survey-multi-choice,6,102942,0,0,"{""Q0"":""material""}",radish,category_organization
683a4ad49a4a688b481a20df,8848,survey-multi-choice,7,111791,0,0,"{""Q0"":""material""}",sponge,category_organization
683a4ad49a4a688b481a20e1,9914,survey-multi-choice,8,121707,0,0,"{""Q0"":""shape""}",shovel,category_organization
683a4ad49a4a688b481a20e3,9057,survey-multi-choice,9,130765,0,0,"{""Q0"":""color""}",bush,category_organization
683a4ad49a4a688b481a20e5,11006,survey-multi-choice,10,141774,0,0,"{""Q0"":""material""}",steak,category_organization
683a4ad49a4a688b481a20e7,12993,survey-multi-choice,11,154769,0,0,"{""Q0"":""none of these""}",puzzle,category_organization
683a4ad49a4a688b481a20e9,8871,survey-multi-choice,12,163641,0,0,"{""Q0"":""material""}",yogurt drink,category_organization
683a4ad49a4a688b481a20eb,11262,survey-multi-choice,13,174905,0,0,"{""Q0"":""none of these""}",pocket,category_organization
683a4ad49a4a688b481a20ed,6033,survey-multi-choice,14,180938,0,0,"{""Q0"":""color""}",lavender,attention_category
683a4ad49a4a688b481a20ef,3716,instructions,15,184656,0,0,,,
683a4ae69a4a688b481a20f1,25540,html-button-response,1,29180,0,0,0,,
683a4ae69a4a688b481a20f3,3632,instructions,0,3636,0,0,,,
683a4ae69a4a688b481a20f5,20967,survey-multi-choice,5,184491,0,0,"{""Q0"":""material""}",tissue,category_organization
683a4ae69a4a688b481a20f7,73950,survey-multi-choice,2,103132,0,0,"{""Q0"":""shape""}","In the sentence [this is a square table], a 'square' belongs to a category that is organized by:",practice_category
683a4ae69a4a688b481a20f9,13398,survey-multi-choice,3,120939,0,0,"{""Q0"":""color""}","In the sentence [this is a red table], 'red' belongs to a category that is organized by:",practice_category
683a4ae69a4a688b481a20fb,40095,survey-multi-choice,4,163523,0,0,"{""Q0"":""none of these""}",leg,category_organization
683a4ae69a4a688b481a20fd,18911,survey-multi-choice,6,203403,0,0,"{""Q0"":""none of these""}",river,category_organization
683a4ae69a4a688b481a20ff,29415,survey-multi-choice,7,232819,0,0,"{""Q0"":""material""}",nail (body part),category_organization
683a4ae69a4a688b481a2101,19623,survey-multi-choice,11,310930,0,0,"{""Q0"":""shape""}",ball,category_organization
683a4ae69a4a688b481a2103,21991,survey-multi-choice,8,254811,0,0,"{""Q0"":""none of these""}",thing,category_organization
683a4ae69a4a688b481a2105,16999,survey-multi-choice,10,291306,0,0,"{""Q0"":""shape""}",glove,category_organization
683a4ae69a4a688b481a2107,19495,survey-multi-choice,9,274307,0,0,"{""Q0"":""none of these""}",toy (object),category_organization
683a4ae79a4a688b481a2109,16951,survey-multi-choice,12,327882,0,0,"{""Q0"":""none of these""}",dog,category_organization
683a4ae79a4a688b481a210b,18479,survey-multi-choice,13,346362,0,0,"{""Q0"":""shape""}",cup,category_organization
683a4ae79a4a688b481a210d,19631,survey-multi-choice,14,365994,0,0,"{""Q0"":""shape""}",box,category_organization
683a4ae79a4a688b481a210f,19935,survey-multi-choice,15,385930,0,0,"{""Q0"":""none of these""}",car,category_organization
683a4ae79a4a688b481a2111,21679,survey-multi-choice,17,418434,0,0,"{""Q0"":""none of these""}",waves,category_organization
683a4ae79a4a688b481a2113,10823,survey-multi-choice,16,396754,0,0,"{""Q0"":""none of these""}",video,category_organization
683a4ae79a4a688b481a2115,6415,survey-multi-choice,18,424850,0,0,"{""Q0"":""none of these""}",lip,category_organization
683a4ae79a4a688b481a2117,19991,survey-multi-choice,19,444842,0,0,"{""Q0"":""shape""}",sandbox,category_organization
683a4ae79a4a688b481a2119,19647,survey-multi-choice,20,464490,0,0,"{""Q0"":""material""}",towel,category_organization
683a4ae79a4a688b481a211b,24991,survey-multi-choice,21,489481,0,0,"{""Q0"":""none of these""}",drink (beverage),category_organization
683a4ae79a4a688b481a211d,5687,survey-multi-choice,22,495170,0,0,"{""Q0"":""none of these""}",peacock,category_organization
683a4ae79a4a688b481a211f,21359,survey-multi-choice,23,516530,0,0,"{""Q0"":""material""}",stick,category_organization
683a4ae79a4a688b481a2121,18967,survey-multi-choice,24,535498,0,0,"{""Q0"":""color""}",lavender,attention_category
683a4ae79a4a688b481a2123,7543,instructions,25,543041,0,0,,,
683a4ae99a4a688b481a2125,5965,html-button-response,1,11530,0,0,0,,
683a4aea9a4a688b481a2127,7262,survey-multi-choice,2,18795,0,0,"{""Q0"":""shape""}","In the sentence [this is a square table], a 'square' belongs to a category that is organized by:",practice_category
683a4aea9a4a688b481a2129,43855,survey-multi-choice,3,66282,0,0,"{""Q0"":""color""}","In the sentence [this is a red table], 'red' belongs to a category that is organized by:",practice_category
683a4aea9a4a688b481a212b,34271,survey-multi-choice,4,102474,0,0,"{""Q0"":""none of these""}",blouse,category_organization
683a4aeb9a4a688b481a212d,21239,survey-multi-choice,6,147571,0,0,"{""Q0"":""material""}",wood,category_organization
683a4aeb9a4a688b481a212f,23855,survey-multi-choice,5,126331,0,0,"{""Q0"":""none of these""}",dolphin,category_organization
683a4aeb9a4a688b481a2131,40359,survey-multi-choice,8,194715,0,0,"{""Q0"":""none of these""}",money,category_organization
683a4aeb9a4a688b481a2133,6782,survey-multi-choice,7,154354,0,0,"{""Q0"":""none of these""}",sea,category_organization
683a4aeb9a4a688b481a2135,3206,survey-multi-choice,9,197922,0,0,"{""Q0"":""none of these""}",ground,category_organization
683a4aeb9a4a688b481a2137,3471,survey-multi-choice,10,201394,0,0,"{""Q0"":""none of these""}",koala,category_organization
683a4aeb9a4a688b481a2139,3095,survey-multi-choice,11,204491,0,0,"{""Q0"":""material""}",shoe,category_organization
683a4aeb9a4a688b481a213b,3270,survey-multi-choice,12,207762,0,0,"{""Q0"":""material""}",plate,category_organization
683a4aeb9a4a688b481a213d,3983,survey-multi-choice,13,211746,0,0,"{""Q0"":""none of these""}",insect,category_organization
683a4aeb9a4a688b481a213f,3031,survey-multi-choice,14,214778,0,0,"{""Q0"":""material""}",raincoat,category_organization
683a4aeb9a4a688b481a2141,5431,survey-multi-choice,15,220211,0,0,"{""Q0"":""none of these""}",train,category_organization
683a4aeb9a4a688b481a2143,24879,survey-multi-choice,16,245091,0,0,"{""Q0"":""shape""}",light (object),category_organization
683a4aeb9a4a688b481a2145,4286,survey-multi-choice,18,267274,0,0,"{""Q0"":""material""}",apron,category_organization
683a4aeb9a4a688b481a2147,17894,survey-multi-choice,17,262987,0,0,"{""Q0"":""none of these""}",bedroom,category_organization
683a4aeb9a4a688b481a2149,17319,survey-multi-choice,19,284595,0,0,"{""Q0"":""shape""}",trampoline,category_organization
683a4aeb9a4a688b481a214b,17055,survey-multi-choice,20,301651,0,0,"{""Q0"":""none of these""}",painting,category_organization
683a4aec9a4a688b481a214d,19839,survey-multi-choice,21,321490,0,0,"{""Q0"":""none of these""}",police car,category_organization
683a4aec9a4a688b481a214f,3015,survey-multi-choice,22,324507,0,0,"{""Q0"":""none of these""}",pomegranate,category_organization
683a4aec9a4a688b481a2151,29863,survey-multi-choice,23,354371,0,0,"{""Q0"":""shape""}",lemon,category_organization
683a4aec9a4a688b481a2153,25958,survey-multi-choice,24,380331,0,0,"{""Q0"":""color""}",lavender,attention_category
683a4aec9a4a688b481a2155,5560,instructions,0,5562,0,0,,,
683a4aec9a4a688b481a2157,6422,instructions,25,386754,0,0,,,
683a4aec9a4a688b481a2159,3074,instructions,0,3076,0,0,,,
683a4aec9a4a688b481a215b,36253,html-button-response,1,39330,0,0,0,,
683a4aec9a4a688b481a215d,5792,survey-multi-choice,4,61666,0,0,"{""Q0"":""material""}",shovel,category_organization
683a4aec9a4a688b481a215f,6007,survey-multi-choice,3,54699,0,0,"{""Q0"":""color""}","In the sentence [this is a red table], 'red' belongs to a category that is organized by:",practice_category
683a4aec9a4a688b481a2161,7317,survey-multi-choice,2,46648,0,0,"{""Q0"":""shape""}","In the sentence [this is a square table], a 'square' belongs to a category that is organized by:",practice_category
683a4aec9a4a688b481a2163,11275,survey-multi-choice,5,72941,0,0,"{""Q0"":""material""}",bush,category_organization
683a4aec9a4a688b481a2165,4962,survey-multi-choice,6,77903,0,0,"{""Q0"":""material""}",sponge,category_organization
683a4aec9a4a688b481a2167,5563,survey-multi-choice,9,94828,0,0,"{""Q0"":""shape""}",pocket,category_organization
683a4aec9a4a688b481a2169,3526,survey-multi-choice,7,81429,0,0,"{""Q0"":""material""}",steak,category_organization
683a4aec9a4a688b481a216b,7835,survey-multi-choice,8,89265,0,0,"{""Q0"":""shape""}",closet,category_organization
683a4aec9a4a688b481a216d,2850,survey-multi-choice,10,97679,0,0,"{""Q0"":""material""}",radish,category_organization
683a4aec9a4a688b481a216f,6839,survey-multi-choice,12,108802,0,0,"{""Q0"":""none of these""}",yogurt drink,category_organization
683a4aec9a4a688b481a2171,4283,survey-multi-choice,11,101962,0,0,"{""Q0"":""shape""}",puzzle,category_organization
683a4aec9a4a688b481a2173,6607,survey-multi-choice,13,115409,0,0,"{""Q0"":""shape""}",finger,category_organization
683a4aec9a4a688b481a2175,2038,instructions,15,125722,0,0,,,
683a4aec9a4a688b481a2177,8274,survey-multi-choice,14,123684,0,0,"{""Q0"":""color""}",lavender,attention_category
683a4b079a4a688b481a2179,80754,instructions,0,80756,0,0,,,
683a4b079a4a688b481a217b,127285,html-button-response,1,208044,0,0,0,,
683a4b089a4a688b481a217d,21495,survey-multi-choice,3,342819,0,0,"{""Q0"":""color""}","In the sentence [this is a red table], 'red' belongs to a category that is organized by:",practice_category
683a4b089a4a688b481a217f,103847,survey-multi-choice,2,311893,0,0,"{""Q0"":""shape""}","In the sentence [this is a square table], a 'square' belongs to a category that is organized by:",practice_category
683a4b089a4a688b481a2181,17567,survey-multi-choice,4,363163,0,0,"{""Q0"":""shape""}",hair dryer,category_organization
683a4b089a4a688b481a2183,13943,survey-multi-choice,5,377107,0,0,"{""Q0"":""shape""}",rabbit,category_organization
683a4b089a4a688b481a2185,6759,survey-multi-choice,6,383867,0,0,"{""Q0"":""shape""}",pipe,category_organization
683a4b089a4a688b481a2187,6519,survey-multi-choice,7,390387,0,0,"{""Q0"":""shape""}",hip,category_organization
683a4b099a4a688b481a2189,7983,survey-multi-choice,8,398371,0,0,"{""Q0"":""shape""}",hanger,category_organization
683a4b099a4a688b481a218b,4079,survey-multi-choice,11,450715,0,0,"{""Q0"":""shape""}",monkey,category_organization
683a4b099a4a688b481a218d,24039,survey-multi-choice,12,474755,0,0,"{""Q0"":""material""}",syrup,category_organization
683a4b099a4a688b481a218f,30343,survey-multi-choice,9,428715,0,0,"{""Q0"":""material""}",puddle,category_organization
683a4b099a4a688b481a2191,6198,survey-multi-choice,13,480955,0,0,"{""Q0"":""shape""}",dinosaur,category_organization
683a4b099a4a688b481a2193,17919,survey-multi-choice,10,446635,0,0,"{""Q0"":""material""}",kefir,category_organization
683a4b099a4a688b481a2195,8655,survey-multi-choice,15,495723,0,0,"{""Q0"":""material""}",bathtub,category_organization
683a4b099a4a688b481a2197,6687,survey-multi-choice,17,509227,0,0,"{""Q0"":""shape""}",branch,category_organization
683a4b099a4a688b481a2199,20023,survey-multi-choice,18,529251,0,0,"{""Q0"":""shape""}",scallion,category_organization
683a4b099a4a688b481a219b,6815,survey-multi-choice,16,502539,0,0,"{""Q0"":""material""}",dust,category_organization
683a4b099a4a688b481a219d,16783,survey-multi-choice,19,546035,0,0,"{""Q0"":""shape""}",chin,category_organization
683a4b099a4a688b481a219f,6111,survey-multi-choice,14,487067,0,0,"{""Q0"":""shape""}",earring,category_organization
683a4b099a4a688b481a21a1,7191,survey-multi-choice,20,553227,0,0,"{""Q0"":""none of these""}",music,category_organization
683a4b099a4a688b481a21a3,17039,survey-multi-choice,22,574699,0,0,"{""Q0"":""shape""}",peach,category_organization
683a4b099a4a688b481a21a5,6671,survey-multi-choice,23,581371,0,0,"{""Q0"":""material""}",snowsuit,category_organization
683a4b099a4a688b481a21a7,4431,survey-multi-choice,21,557659,0,0,"{""Q0"":""shape""}",book,category_organization
683a4b099a4a688b481a21a9,5503,survey-multi-choice,24,586875,0,0,"{""Q0"":""color""}",lavender,attention_category
683a4b099a4a688b481a21ab,6095,instructions,25,592971,0,0,,,
683a4b2c9a4a688b481a21ad,74256,html-button-response,1,83688,0,0,0,,
683a4b2c9a4a688b481a21af,9414,instructions,0,9418,0,0,,,
683a4b2c9a4a688b481a21b1,14844,survey-multi-choice,3,113783,0,0,"{""Q0"":""color""}","In the sentence [this is a red table], 'red' belongs to a category that is organized by:",practice_category
683a4b2c9a4a688b481a21b3,11008,survey-multi-choice,2,94699,0,0,"{""Q0"":""shape""}","In the sentence [this is a square table], a 'square' belongs to a category that is organized by:",practice_category
683a4b2c9a4a688b481a21b5,4507,survey-multi-choice,5,129808,0,0,"{""Q0"":""none of these""}",back,category_organization
683a4b2c9a4a688b481a21b7,9607,survey-multi-choice,4,125299,0,0,"{""Q0"":""none of these""}",story,category_organization
683a4b2d9a4a688b481a21b9,13472,survey-multi-choice,6,143288,0,0,"{""Q0"":""none of these""}",cow,category_organization
683a4b2d9a4a688b481a21bb,7766,survey-multi-choice,7,151055,0,0,"{""Q0"":""material""}",soup,category_organization
683a4b2d9a4a688b481a21bd,13143,survey-multi-choice,8,164199,0,0,"{""Q0"":""none of these""}",fireplace,category_organization
683a4b2d9a4a688b481a21bf,6147,survey-multi-choice,9,170348,0,0,"{""Q0"":""shape""}",samosa,category_organization
683a4b2d9a4a688b481a21c1,13177,survey-multi-choice,11,199143,0,0,"{""Q0"":""shape""}",chopstick,category_organization
683a4b2d9a4a688b481a21c3,15609,survey-multi-choice,10,185959,0,0,"{""Q0"":""color""}",green beans,category_organization
683a4b2d9a4a688b481a21c5,13745,survey-multi-choice,12,212890,0,0,"{""Q0"":""material""}",glasses,category_organization
683a4b2d9a4a688b481a21c7,4699,survey-multi-choice,13,217590,0,0,"{""Q0"":""shape""}",ball,category_organization
683a4b2d9a4a688b481a21c9,4572,survey-multi-choice,14,222163,0,0,"{""Q0"":""color""}",hair,category_organization
683a4b2d9a4a688b481a21cb,5081,survey-multi-choice,15,227245,0,0,"{""Q0"":""none of these""}",guava,category_organization
683a4b2d9a4a688b481a21cd,5453,survey-multi-choice,16,232700,0,0,"{""Q0"":""none of these""}",ankle,category_organization
683a4b2d9a4a688b481a21cf,11039,survey-multi-choice,17,243740,0,0,"{""Q0"":""shape""}",high chair,category_organization
683a4b2d9a4a688b481a21d1,50527,survey-multi-choice,18,294278,0,0,"{""Q0"":""color""}",apricot,category_organization
683a4b2d9a4a688b481a21d3,13573,survey-multi-choice,19,307852,0,0,"{""Q0"":""shape""}",cd,category_organization
683a4b2e9a4a688b481a21d5,7317,survey-multi-choice,20,315170,0,0,"{""Q0"":""shape""}",shed,category_organization
683a4b2e9a4a688b481a21d7,3545,survey-multi-choice,21,318717,0,0,"{""Q0"":""none of these""}",crab,category_organization
683a4b2e9a4a688b481a21d9,23957,survey-multi-choice,22,342675,0,0,"{""Q0"":""material""}",ground,category_organization
683a4b2e9a4a688b481a21db,7204,survey-multi-choice,23,349881,0,0,"{""Q0"":""material""}",coat,category_organization
683a4b2e9a4a688b481a21dd,3810,survey-multi-choice,24,353697,0,0,"{""Q0"":""color""}",lavender,attention_category
683a4b2e9a4a688b481a21df,4818,instructions,25,358516,0,0,,,
683a4b4f9a4a688b481a21e1,3773,instructions,0,3774,0,0,,,
683a4b4f9a4a688b481a21e3,8238,html-button-response,1,12013,0,0,0,,
683a4b4f9a4a688b481a21e5,4520,survey-multi-choice,4,30115,0,0,"{""Q0"":""none of these""}",park,category_organization
683a4b4f9a4a688b481a21e7,4453,survey-multi-choice,3,24191,0,0,"{""Q0"":""color""}","In the sentence [this is a red table], 'red' belongs to a category that is organized by:",practice_category
683a4b4f9a4a688b481a21e9,3520,survey-multi-choice,6,37679,0,0,"{""Q0"":""none of these""}",breast,category_organization
683a4b4f9a4a688b481a21eb,4042,survey-multi-choice,5,34159,0,0,"{""Q0"":""none of these""}",mosquito,category_organization
683a4b4f9a4a688b481a21ed,5605,survey-multi-choice,2,17620,0,0,"{""Q0"":""shape""}","In the sentence [this is a square table], a 'square' belongs to a category that is organized by:",practice_category
683a4b4f9a4a688b481a21ef,5291,survey-multi-choice,7,42971,0,0,"{""Q0"":""material""}",straw,category_organization
683a4b4f9a4a688b481a21f1,7387,survey-multi-choice,8,50359,0,0,"{""Q0"":""shape""}",brain,category_organization
683a4b4f9a4a688b481a21f3,4674,survey-multi-choice,9,55035,0,0,"{""Q0"":""none of these""}",dinosaur,category_organization
683a4b4f9a4a688b481a21f5,1891,survey-multi-choice,11,59579,0,0,"{""Q0"":""none of these""}",whale,category_organization
683a4b4f9a4a688b481a21f7,2652,survey-multi-choice,10,57687,0,0,"{""Q0"":""none of these""}",accident,category_organization
683a4b4f9a4a688b481a21f9,2203,survey-multi-choice,12,61783,0,0,"{""Q0"":""none of these""}",tarhana,category_organization
683a4b4f9a4a688b481a21fb,4351,survey-multi-choice,13,66134,0,0,"{""Q0"":""shape""}",macaroni,category_organization
683a4b4f9a4a688b481a21fd,1580,survey-multi-choice,16,73756,0,0,"{""Q0"":""none of these""}",traffic,category_organization
683a4b4f9a4a688b481a21ff,1710,survey-multi-choice,14,67845,0,0,"{""Q0"":""none of these""}",persimmon,category_organization
683a4b4f9a4a688b481a2201,4331,survey-multi-choice,15,72176,0,0,"{""Q0"":""material""}",clock,category_organization
683a4b4f9a4a688b481a2203,3503,survey-multi-choice,17,77261,0,0,"{""Q0"":""none of these""}",mirror,category_organization
683a4b4f9a4a688b481a2205,3168,survey-multi-choice,18,80429,0,0,"{""Q0"":""none of these""}",hamburger,category_organization
683a4b4f9a4a688b481a2207,3887,survey-multi-choice,19,84317,0,0,"{""Q0"":""color""}",chili,category_organization
683a4b4f9a4a688b481a2209,2465,survey-multi-choice,20,86783,0,0,"{""Q0"":""material""}",road,category_organization
683a4b4f9a4a688b481a220b,3258,survey-multi-choice,21,90041,0,0,"{""Q0"":""none of these""}",notebook,category_organization
683a4b4f9a4a688b481a220d,2725,survey-multi-choice,22,92767,0,0,"{""Q0"":""shape""}",cockroach,category_organization
683a4b4f9a4a688b481a220f,2706,survey-multi-choice,23,95473,0,0,"{""Q0"":""shape""}",worm,category_organization
683a4b4f9a4a688b481a2211,8069,survey-multi-choice,24,103543,0,0,"{""Q0"":""material""}",lavender,attention_category
683a4b509a4a688b481a2213,1911,instructions,25,105455,0,0,,,
683a4b5d9a4a688b481a2215,4837,instructions,0,4838,0,0,,,
683a4b5d9a4a688b481a2217,16220,html-button-response,1,21060,0,0,0,,
683a4b5d9a4a688b481a2219,4633,survey-multi-choice,3,34524,0,0,"{""Q0"":""color""}","In the sentence [this is a red table], 'red' belongs to a category that is organized by:",practice_category
683a4b5d9a4a688b481a221b,6661,survey-multi-choice,6,53898,0,0,"{""Q0"":""none of these""}",shovel,category_organization
683a4b5d9a4a688b481a221d,5263,survey-multi-choice,5,47236,0,0,"{""Q0"":""none of these""}",pocket,category_organization
683a4b5d9a4a688b481a221f,6177,survey-multi-choice,4,41972,0,0,"{""Q0"":""material""}",sponge,category_organization
683a4b5d9a4a688b481a2221,7311,survey-multi-choice,2,28373,0,0,"{""Q0"":""shape""}","In the sentence [this is a square table], a 'square' belongs to a category that is organized by:",practice_category
683a4b5d9a4a688b481a2223,2343,survey-multi-choice,7,56243,0,0,"{""Q0"":""none of these""}",puzzle,category_organization
683a4b5d9a4a688b481a2225,3919,survey-multi-choice,8,60162,0,0,"{""Q0"":""none of these""}",radish,category_organization
683a4b5d9a4a688b481a2227,2831,survey-multi-choice,9,62995,0,0,"{""Q0"":""none of these""}",closet,category_organization
683a4b5d9a4a688b481a2229,2767,survey-multi-choice,10,65762,0,0,"{""Q0"":""none of these""}",steak,category_organization
683a4b5d9a4a688b481a222b,2927,survey-multi-choice,11,68690,0,0,"{""Q0"":""none of these""}",finger,category_organization
683a4b5d9a4a688b481a222d,2407,survey-multi-choice,12,71098,0,0,"{""Q0"":""none of these""}",bush,category_organization
683a4b5e9a4a688b481a222f,6552,survey-multi-choice,13,77651,0,0,"{""Q0"":""none of these""}",yogurt drink,category_organization
683a4b5e9a4a688b481a2231,2158,survey-multi-choice,14,79810,0,0,"{""Q0"":""color""}",lavender,attention_category
683a4b5e9a4a688b481a2233,1889,instructions,15,81701,0,0,,,
683a4b639a4a688b481a2235,4382,instructions,0,4383,0,0,,,
683a4b639a4a688b481a2237,20183,html-button-response,1,24567,0,0,0,,
683a4b639a4a688b481a2239,8507,survey-multi-choice,3,44198,0,0,"{""Q0"":""color""}","In the sentence [this is a red table], 'red' belongs to a category that is organized by:",practice_category
683a4b639a4a688b481a223b,8014,survey-multi-choice,2,32583,0,0,"{""Q0"":""shape""}","In the sentence [this is a square table], a 'square' belongs to a category that is organized by:",practice_category
683a4b639a4a688b481a223d,8359,survey-multi-choice,4,55099,0,0,"{""Q0"":""none of these""}",traffic,category_organization
683a4b639a4a688b481a223f,7552,survey-multi-choice,6,69933,0,0,"{""Q0"":""shape""}",battery,category_organization
683a4b639a4a688b481a2241,7280,survey-multi-choice,5,62380,0,0,"{""Q0"":""none of these""}",bank,category_organization
683a4b639a4a688b481a2243,5431,survey-multi-choice,7,75365,0,0,"{""Q0"":""material""}",meat,category_organization
683a4b639a4a688b481a2245,6317,survey-multi-choice,8,81682,0,0,"{""Q0"":""none of these""}",doorbell,category_organization
683a4b639a4a688b481a2247,9281,survey-multi-choice,9,90964,0,0,"{""Q0"":""shape""}",dress (object),category_organization
683a4b639a4a688b481a2249,17919,survey-multi-choice,10,108883,0,0,"{""Q0"":""color""}",swallow (animal),category_organization
683a4b639a4a688b481a224b,5214,survey-multi-choice,11,114099,0,0,"{""Q0"":""shape""}",turtle,category_organization
683a4b639a4a688b481a224d,4749,survey-multi-choice,12,118849,0,0,"{""Q0"":""material""}",cloth,category_organization
683a4b639a4a688b481a224f,4949,survey-multi-choice,13,123798,0,0,"{""Q0"":""shape""}",kite,category_organization
683a4b639a4a688b481a2251,4866,survey-multi-choice,14,128666,0,0,"{""Q0"":""material""}",puddle,category_organization
683a4b639a4a688b481a2253,5200,survey-multi-choice,15,133867,0,0,"{""Q0"":""material""}",snow,category_organization
683a4b639a4a688b481a2255,5314,survey-multi-choice,16,139181,0,0,"{""Q0"":""none of these""}",digger,category_organization
683a4b639a4a688b481a2257,7467,survey-multi-choice,17,146649,0,0,"{""Q0"":""none of these""}",compote,category_organization
683a4b639a4a688b481a2259,16482,survey-multi-choice,18,163132,0,0,"{""Q0"":""material""}",coffee table,category_organization
683a4b649a4a688b481a225b,5051,survey-multi-choice,19,168183,0,0,"{""Q0"":""material""}",radiator,category_organization
683a4b649a4a688b481a225d,5848,survey-multi-choice,20,174031,0,0,"{""Q0"":""shape""}",neck,category_organization
683a4b649a4a688b481a225f,4568,survey-multi-choice,21,178600,0,0,"{""Q0"":""none of these""}",radio,category_organization
683a4b649a4a688b481a2261,7530,survey-multi-choice,22,186130,0,0,"{""Q0"":""shape""}",gloves,category_organization
683a4b649a4a688b481a2263,4500,survey-multi-choice,23,190631,0,0,"{""Q0"":""shape""}",alligator,category_organization
683a4b649a4a688b481a2265,4101,survey-multi-choice,24,194733,0,0,"{""Q0"":""color""}",lavender,attention_category
683a4b649a4a688b481a2267,4582,instructions,25,199316,0,0,,,
683a4b679a4a688b481a2269,18001,instructions,0,18003,0,0,,,
683a4b679a4a688b481a226b,65356,html-button-response,1,83368,0,0,0,,
683a4b689a4a688b481a226d,13220,survey-multi-choice,2,96590,0,0,"{""Q0"":""shape""}","In the sentence [this is a square table], a 'square' belongs to a category that is organized by:",practice_category
683a4b689a4a688b481a226f,6261,survey-multi-choice,3,108752,0,0,"{""Q0"":""color""}","In the sentence [this is a red table], 'red' belongs to a category that is organized by:",practice_category
683a4b689a4a688b481a2271,18094,survey-multi-choice,4,128976,0,0,"{""Q0"":""shape""}",hair clip,category_organization
683a4b699a4a688b481a2273,70020,survey-multi-choice,5,198997,0,0,"{""Q0"":""none of these""}",tarhana,category_organization
683a4b699a4a688b481a2275,39880,survey-multi-choice,6,238878,0,0,"{""Q0"":""none of these""}",panda,category_organization
683a4b699a4a688b481a2277,29723,survey-multi-choice,7,268602,0,0,"{""Q0"":""none of these""}",quesadilla,category_organization
683a4b699a4a688b481a2279,18031,survey-multi-choice,8,286634,0,0,"{""Q0"":""none of these""}",calf,category_organization
683a4b699a4a688b481a227b,19510,survey-multi-choice,9,306144,0,0,"{""Q0"":""shape""}",kite,category_organization
683a4b699a4a688b481a227d,7609,survey-multi-choice,10,313754,0,0,"{""Q0"":""none of these""}",spider,category_organization
683a4b699a4a688b481a227f,7833,survey-multi-choice,11,321588,0,0,"{""Q0"":""none of these""}",wolf,category_organization
683a4b699a4a688b481a2281,30893,survey-multi-choice,12,352482,0,0,"{""Q0"":""none of these""}",pastry,category_organization
683a4b699a4a688b481a2283,11799,survey-multi-choice,13,364283,0,0,"{""Q0"":""none of these""}",tape (object),category_organization
683a4b699a4a688b481a2285,10501,survey-multi-choice,14,374784,0,0,"{""Q0"":""none of these""}",kitchen,category_organization
683a4b6a9a4a688b481a2287,7942,survey-multi-choice,15,382727,0,0,"{""Q0"":""shape""}",coin,category_organization
683a4b6a9a4a688b481a2289,5330,survey-multi-choice,16,388059,0,0,"{""Q0"":""material""}",iron (object),category_organization
683a4b6a9a4a688b481a228b,16495,survey-multi-choice,17,404555,0,0,"{""Q0"":""none of these""}",earring,category_organization
683a4b6a9a4a688b481a228d,61164,survey-multi-choice,18,465720,0,0,"{""Q0"":""none of these""}",spinach,category_organization
683a4b6a9a4a688b481a228f,34536,survey-multi-choice,19,500257,0,0,"{""Q0"":""none of these""}",chili,category_organization
683a4b6a9a4a688b481a2291,15967,survey-multi-choice,20,516225,0,0,"{""Q0"":""none of these""}",syrup,category_organization
683a4b6a9a4a688b481a2293,28441,survey-multi-choice,21,544667,0,0,"{""Q0"":""none of these""}",park,category_organization
683a4b6a9a4a688b481a2295,17015,survey-multi-choice,22,561683,0,0,"{""Q0"":""shape""}",dragonfly,category_organization
683a4b6a9a4a688b481a2297,32280,survey-multi-choice,23,593964,0,0,"{""Q0"":""none of these""}",dryer,category_organization
683a4b6a9a4a688b481a2299,9978,survey-multi-choice,24,603943,0,0,"{""Q0"":""none of these""}",lavender,attention_category
683a4b6a9a4a688b481a229b,5194,instructions,25,609138,0,0,,,
683a4b879a4a688b481a229d,9116,instructions,0,9117,0,0,,,
683a4b879a4a688b481a229f,6094,survey-multi-choice,2,35430,0,0,"{""Q0"":""shape""}","In the sentence [this is a square table], a 'square' belongs to a category that is organized by:",practice_category
683a4b879a4a688b481a22a1,20217,html-button-response,1,29335,0,0,0,,
683a4b879a4a688b481a22a3,2620,survey-multi-choice,3,39204,0,0,"{""Q0"":""color""}","In the sentence [this is a red table], 'red' belongs to a category that is organized by:",practice_category
683a4b879a4a688b481a22a5,3657,survey-multi-choice,4,43797,0,0,"{""Q0"":""material""}",dust,category_organization
683a4b879a4a688b481a22a7,3818,survey-multi-choice,5,47615,0,0,"{""Q0"":""material""}",kitty,category_organization
683a4b879a4a688b481a22a9,5214,survey-multi-choice,6,52830,0,0,"{""Q0"":""shape""}",beads,category_organization
683a4b879a4a688b481a22ab,1634,survey-multi-choice,7,54464,0,0,"{""Q0"":""material""}",tuna,category_organization
683a4b879a4a688b481a22ad,4091,survey-multi-choice,8,58556,0,0,"{""Q0"":""material""}",watering can,category_organization
683a4b879a4a688b481a22af,1640,survey-multi-choice,9,60197,0,0,"{""Q0"":""material""}",eagle,category_organization
683a4b879a4a688b481a22b1,1837,survey-multi-choice,10,62035,0,0,"{""Q0"":""material""}",pacifier,category_organization
683a4b879a4a688b481a22b3,1597,survey-multi-choice,11,63632,0,0,"{""Q0"":""material""}",tongue,category_organization
683a4b889a4a688b481a22b5,1596,survey-multi-choice,12,65229,0,0,"{""Q0"":""material""}",chicken,category_organization
683a4b889a4a688b481a22b7,1793,survey-multi-choice,13,67023,0,0,"{""Q0"":""material""}",juice,category_organization
683a4b889a4a688b481a22b9,14344,survey-multi-choice,14,81368,0,0,"{""Q0"":""none of these""}",olive,category_organization
683a4b889a4a688b481a22bb,1638,survey-multi-choice,15,83007,0,0,"{""Q0"":""material""}",grapes,category_organization
683a4b889a4a688b481a22bd,12369,survey-multi-choice,16,95376,0,0,"{""Q0"":""material""}",toilet,category_organization
683a4b889a4a688b481a22bf,1573,survey-multi-choice,17,96950,0,0,"{""Q0"":""material""}",cart,category_organization
683a4b889a4a688b481a22c1,3717,survey-multi-choice,18,100668,0,0,"{""Q0"":""material""}",hanger,category_organization
683a4b889a4a688b481a22c3,13069,survey-multi-choice,19,113738,0,0,"{""Q0"":""material""}",sneaker,category_organization
683a4b889a4a688b481a22c5,2049,survey-multi-choice,20,115787,0,0,"{""Q0"":""material""}",breast,category_organization
683a4b889a4a688b481a22c7,1334,survey-multi-choice,23,119628,0,0,"{""Q0"":""material""}",soil,category_organization
683a4b889a4a688b481a22c9,1316,survey-multi-choice,21,117104,0,0,"{""Q0"":""material""}",turtle,category_organization
683a4b889a4a688b481a22cb,1189,survey-multi-choice,22,118294,0,0,"{""Q0"":""material""}",gloves,category_organization
683a4b889a4a688b481a22cd,2404,survey-multi-choice,24,122032,0,0,"{""Q0"":""color""}",lavender,attention_category
683a4b889a4a688b481a22cf,7036,instructions,25,129068,0,0,,,
683a4b8c9a4a688b481a22d1,11715,survey-multi-choice,5,296929,0,0,"{""Q0"":""shape""}",finger,category_organization
683a4b8c9a4a688b481a22d3,44551,survey-multi-choice,4,285212,0,0,"{""Q0"":""shape""}",puzzle,category_organization
683a4b8c9a4a688b481a22d5,116093,html-button-response,1,156221,0,0,0,,
683a4b8c9a4a688b481a22d7,29975,survey-multi-choice,2,186198,0,0,"{""Q0"":""shape""}","In the sentence [this is a square table], a 'square' belongs to a category that is organized by:",practice_category
683a4b8c9a4a688b481a22d9,40123,instructions,0,40125,0,0,,,
683a4b8c9a4a688b481a22db,42981,survey-multi-choice,3,237531,0,0,"{""Q0"":""color""}","In the sentence [this is a red table], 'red' belongs to a category that is organized by:",practice_category
683a4b8d9a4a688b481a22dd,7707,instructions,0,7709,0,0,,,
683a4b8d9a4a688b481a22df,8977,survey-multi-choice,6,305908,0,0,"{""Q0"":""material""}",sponge,category_organization
683a4b8d9a4a688b481a22e1,20793,survey-multi-choice,7,326702,0,0,"{""Q0"":""shape""}",yogurt drink,category_organization
683a4b8d9a4a688b481a22e3,52544,survey-multi-choice,8,379248,0,0,"{""Q0"":""shape""}",closet,category_organization
683a4b8d9a4a688b481a22e5,38892,survey-multi-choice,9,418141,0,0,"{""Q0"":""material""}",steak,category_organization
683a4b8d9a4a688b481a22e7,26928,survey-multi-choice,11,453592,0,0,"{""Q0"":""shape""}",pocket,category_organization
683a4b8d9a4a688b481a22e9,8519,survey-multi-choice,10,426662,0,0,"{""Q0"":""shape""}",shovel,category_organization
683a4b8d9a4a688b481a22eb,27245,survey-multi-choice,12,480838,0,0,"{""Q0"":""shape""}",bush,category_organization
683a4b8d9a4a688b481a22ed,71048,survey-multi-choice,13,551888,0,0,"{""Q0"":""color""}",radish,category_organization
683a4b8d9a4a688b481a22ef,10588,instructions,15,575998,0,0,,,
683a4b8d9a4a688b481a22f1,13520,survey-multi-choice,14,565409,0,0,"{""Q0"":""color""}",lavender,attention_category
683a4b8d9a4a688b481a22f3,44664,html-button-response,1,52376,0,0,0,,
683a4b8d9a4a688b481a22f5,13265,survey-multi-choice,2,65643,0,0,"{""Q0"":""shape""}","In the sentence [this is a square table], a 'square' belongs to a category that is organized by:",practice_category
683a4b8d9a4a688b481a22f7,8814,survey-multi-choice,3,77243,0,0,"{""Q0"":""color""}","In the sentence [this is a red table], 'red' belongs to a category that is organized by:",practice_category
683a4b8d9a4a688b481a22f9,8485,survey-multi-choice,4,88758,0,0,"{""Q0"":""material""}",juice,category_organization
683a4b8d9a4a688b481a22fb,16804,survey-multi-choice,5,105564,0,0,"{""Q0"":""none of these""}",tail,category_organization
683a4b8d9a4a688b481a22fd,8750,survey-multi-choice,7,120214,0,0,"{""Q0"":""shape""}",mountain,category_organization
683a4b8d9a4a688b481a22ff,6326,survey-multi-choice,8,126541,0,0,"{""Q0"":""material""}",dress shoe,category_organization
683a4b8d9a4a688b481a2301,5435,survey-multi-choice,9,131977,0,0,"{""Q0"":""material""}",grapes,category_organization
683a4b8d9a4a688b481a2303,6834,survey-multi-choice,10,138813,0,0,"{""Q0"":""none of these""}",calf,category_organization
683a4b8d9a4a688b481a2305,3549,survey-multi-choice,11,142363,0,0,"{""Q0"":""material""}",jeans,category_organization
683a4b8e9a4a688b481a2307,7837,survey-multi-choice,12,150201,0,0,"{""Q0"":""none of these""}",push,category_organization
683a4b8e9a4a688b481a2309,3289,survey-multi-choice,13,153491,0,0,"{""Q0"":""material""}",honey,category_organization
683a4b8e9a4a688b481a230b,6223,survey-multi-choice,14,159715,0,0,"{""Q0"":""material""}",thumb,category_organization
683a4b8e9a4a688b481a230d,9211,survey-multi-choice,15,168927,0,0,"{""Q0"":""none of these""}",bank,category_organization
683a4b8e9a4a688b481a230f,7657,survey-multi-choice,16,176585,0,0,"{""Q0"":""none of these""}",bell,category_organization
683a4b8e9a4a688b481a2311,5897,survey-multi-choice,6,111462,0,0,"{""Q0"":""material""}",necklace,category_organization
683a4b8e9a4a688b481a2313,9840,survey-multi-choice,17,186427,0,0,"{""Q0"":""material""}",chin,category_organization
683a4b8e9a4a688b481a2315,6803,survey-multi-choice,18,193230,0,0,"{""Q0"":""material""}",water (beverage),category_organization
683a4b8e9a4a688b481a2317,3465,survey-multi-choice,19,196697,0,0,"{""Q0"":""material""}",lollipop,category_organization
683a4b8e9a4a688b481a2319,6263,survey-multi-choice,20,202960,0,0,"{""Q0"":""material""}",watering can,category_organization
683a4b8e9a4a688b481a231b,8927,survey-multi-choice,21,211888,0,0,"{""Q0"":""none of these""}",dinosaur,category_organization
683a4b8e9a4a688b481a231d,5121,survey-multi-choice,22,217010,0,0,"{""Q0"":""material""}",heart,category_organization
683a4b8e9a4a688b481a231f,3614,survey-multi-choice,23,220625,0,0,"{""Q0"":""material""}",soap,category_organization
683a4b8e9a4a688b481a2321,4218,survey-multi-choice,24,224845,0,0,"{""Q0"":""color""}",lavender,attention_category
683a4b8e9a4a688b481a2323,3842,instructions,25,228687,0,0,,,
683a4b989a4a688b481a2325,2550,instructions,0,2552,0,0,,,
683a4b989a4a688b481a2327,25812,html-button-response,1,28370,0,0,0,,
683a4b989a4a688b481a2329,10725,survey-multi-choice,2,39097,0,0,"{""Q0"":""shape""}","In the sentence [this is a square table], a 'square' belongs to a category that is organized by:",practice_category
683a4b989a4a688b481a232b,5136,survey-multi-choice,3,46106,0,0,"{""Q0"":""color""}","In the sentence [this is a red table], 'red' belongs to a category that is organized by:",practice_category
683a4b989a4a688b481a232d,4714,survey-multi-choice,5,64027,0,0,"{""Q0"":""none of these""}",bank,category_organization
683a4b989a4a688b481a232f,3871,survey-multi-choice,6,67899,0,0,"{""Q0"":""none of these""}",lion,category_organization
683a4b989a4a688b481a2331,11881,survey-multi-choice,4,59312,0,0,"{""Q0"":""none of these""}",clock,category_organization
683a4b999a4a688b481a2333,7501,survey-multi-choice,7,75401,0,0,"{""Q0"":""material""}",thumb,category_organization
683a4b999a4a688b481a2335,3699,survey-multi-choice,8,79102,0,0,"{""Q0"":""material""}",jeep,category_organization
683a4b999a4a688b481a2337,4367,survey-multi-choice,9,83469,0,0,"{""Q0"":""material""}",crayon,category_organization
683a4b999a4a688b481a2339,4271,survey-multi-choice,10,87741,0,0,"{""Q0"":""none of these""}",wallet,category_organization
683a4b999a4a688b481a233b,4148,survey-multi-choice,11,91891,0,0,"{""Q0"":""none of these""}",rabbit,category_organization
683a4b999a4a688b481a233d,2846,survey-multi-choice,12,94737,0,0,"{""Q0"":""material""}",cottage cheese,category_organization
683a4b999a4a688b481a233f,4687,survey-multi-choice,13,99425,0,0,"{""Q0"":""material""}",flower pot,category_organization
683a4b999a4a688b481a2341,3468,survey-multi-choice,14,102894,0,0,"{""Q0"":""none of these""}",calf,category_organization
683a4b999a4a688b481a2343,3469,survey-multi-choice,15,106364,0,0,"{""Q0"":""none of these""}",push,category_organization
683a4b999a4a688b481a2345,2802,survey-multi-choice,16,109166,0,0,"{""Q0"":""material""}",mirror,category_organization
683a4b999a4a688b481a2347,2819,survey-multi-choice,17,111987,0,0,"{""Q0"":""material""}",ship,category_organization
683a4b999a4a688b481a2349,1954,survey-multi-choice,18,113942,0,0,"{""Q0"":""none of these""}",kitty,category_organization
683a4b999a4a688b481a234b,2326,survey-multi-choice,19,116269,0,0,"{""Q0"":""material""}",dryer,category_organization
683a4b999a4a688b481a234d,3072,survey-multi-choice,20,119342,0,0,"{""Q0"":""material""}",dust,category_organization
683a4b999a4a688b481a234f,2471,survey-multi-choice,21,121814,0,0,"{""Q0"":""material""}",sneaker,category_organization
683a4b999a4a688b481a2351,3453,survey-multi-choice,24,130853,0,0,"{""Q0"":""color""}",lavender,attention_category
683a4b999a4a688b481a2353,3080,survey-multi-choice,23,127397,0,0,"{""Q0"":""material""}",tablecloth,category_organization
683a4b999a4a688b481a2355,2500,survey-multi-choice,22,124315,0,0,"{""Q0"":""none of these""}",dragon,category_organization
683a4b999a4a688b481a2357,1868,instructions,25,132722,0,0,,,
683a4bb19a4a688b481a2359,3736,instructions,0,3739,0,0,,,
683a4bb19a4a688b481a235b,21471,html-button-response,1,25213,0,0,0,,
683a4bb19a4a688b481a235d,11839,survey-multi-choice,2,37054,0,0,"{""Q0"":""shape""}","In the sentence [this is a square table], a 'square' belongs to a category that is organized by:",practice_category
683a4bb19a4a688b481a235f,13664,survey-multi-choice,4,59089,0,0,"{""Q0"":""material""}",shed,category_organization
683a4bb19a4a688b481a2361,5637,survey-multi-choice,3,44139,0,0,"{""Q0"":""color""}","In the sentence [this is a red table], 'red' belongs to a category that is organized by:",practice_category
683a4bb19a4a688b481a2363,4793,survey-multi-choice,5,63884,0,0,"{""Q0"":""none of these""}",goat,category_organization
683a4bb19a4a688b481a2365,351208,survey-multi-choice,6,415102,0,0,"{""Q0"":""none of these""}",elbow,category_organization
683a4bb19a4a688b481a2367,9026,survey-multi-choice,7,424129,0,0,"{""Q0"":""none of these""}",applesauce,category_organization
683a4bb19a4a688b481a2369,167621,survey-multi-choice,12,618884,0,0,"{""Q0"":""none of these""}",trash can,category_organization
683a4bb19a4a688b481a236b,6401,survey-multi-choice,13,625286,0,0,"{""Q0"":""none of these""}",bowl,category_organization
683a4bb19a4a688b481a236d,3099,survey-multi-choice,14,628386,0,0,"{""Q0"":""material""}",paper,category_organization
683a4bb19a4a688b481a236f,4560,survey-multi-choice,15,632947,0,0,"{""Q0"":""none of these""}",cheerios,category_organization
683a4bb19a4a688b481a2371,4375,survey-multi-choice,16,637323,0,0,"{""Q0"":""material""}",car,category_organization
683a4bb19a4a688b481a2373,3631,survey-multi-choice,9,435242,0,0,"{""Q0"":""none of these""}",pear,category_organization
683a4bb19a4a688b481a2375,3873,survey-multi-choice,17,641198,0,0,"{""Q0"":""none of these""}",candy,category_organization
683a4bb19a4a688b481a2377,10046,survey-multi-choice,10,445289,0,0,"{""Q0"":""shape""}",toy (object),category_organization
683a4bb19a4a688b481a2379,5980,survey-multi-choice,11,451269,0,0,"{""Q0"":""none of these""}",matches,category_organization
683a4bb19a4a688b481a237b,7480,survey-multi-choice,8,431610,0,0,"{""Q0"":""material""}",vest,category_organization
683a4bb19a4a688b481a237d,120765,survey-multi-choice,18,761958,0,0,"{""Q0"":""none of these""}",gum,category_organization
683a4bb19a4a688b481a237f,2820,survey-multi-choice,20,769161,0,0,"{""Q0"":""material""}",drawer,category_organization
683a4bb19a4a688b481a2381,4380,survey-multi-choice,19,766340,0,0,"{""Q0"":""none of these""}",pomegranate,category_organization
683a4bb19a4a688b481a2383,3085,survey-multi-choice,21,772247,0,0,"{""Q0"":""none of these""}",soup,category_organization
683a4bb19a4a688b481a2385,5497,survey-multi-choice,22,777745,0,0,"{""Q0"":""none of these""}",swing (object),category_organization
683a4bb19a4a688b481a2387,3464,survey-multi-choice,23,781210,0,0,"{""Q0"":""material""}",money,category_organization
683a4bb19a4a688b481a2389,7055,survey-multi-choice,24,788266,0,0,"{""Q0"":""color""}",lavender,attention_category
683a4bb29a4a688b481a238b,2977,instructions,25,791244,0,0,,,
683a4bcd9a4a688b481a238d,3076,instructions,0,3079,0,0,,,
683a4bcd9a4a688b481a238f,19324,html-button-response,1,22405,0,0,0,,
683a4bcd9a4a688b481a2391,9198,survey-multi-choice,2,31605,0,0,"{""Q0"":""shape""}","In the sentence [this is a square table], a 'square' belongs to a category that is organized by:",practice_category
683a4bcd9a4a688b481a2393,5215,survey-multi-choice,4,42341,0,0,"{""Q0"":""none of these""}",closet,category_organization
683a4bcd9a4a688b481a2395,3330,survey-multi-choice,3,36206,0,0,"{""Q0"":""color""}","In the sentence [this is a red table], 'red' belongs to a category that is organized by:",practice_category
683a4bcd9a4a688b481a2397,4582,survey-multi-choice,5,46925,0,0,"{""Q0"":""none of these""}",finger,category_organization
683a4bcd9a4a688b481a2399,4592,survey-multi-choice,6,51517,0,0,"{""Q0"":""none of these""}",yogurt drink,category_organization
683a4bcd9a4a688b481a239b,5128,survey-multi-choice,7,56646,0,0,"{""Q0"":""none of these""}",shovel,category_organization
683a4bcd9a4a688b481a239d,2990,survey-multi-choice,8,59638,0,0,"{""Q0"":""none of these""}",bush,category_organization
683a4bcd9a4a688b481a239f,1949,survey-multi-choice,9,61589,0,0,"{""Q0"":""none of these""}",radish,category_organization
683a4bcd9a4a688b481a23a1,2247,survey-multi-choice,10,63837,0,0,"{""Q0"":""material""}",pocket,category_organization
683a4bcd9a4a688b481a23a3,2328,survey-multi-choice,11,66166,0,0,"{""Q0"":""none of these""}",steak,category_organization
683a4bcd9a4a688b481a23a5,3702,survey-multi-choice,12,69869,0,0,"{""Q0"":""material""}",sponge,category_organization
683a4bcd9a4a688b481a23a7,5183,survey-multi-choice,14,76918,0,0,"{""Q0"":""color""}",lavender,attention_category
683a4bcd9a4a688b481a23a9,1864,survey-multi-choice,13,71734,0,0,"{""Q0"":""none of these""}",puzzle,category_organization
683a4bcd9a4a688b481a23ab,2558,instructions,15,79477,0,0,,,
683a4bd59a4a688b481a23ad,2761,instructions,0,2763,0,0,,,
683a4bd59a4a688b481a23af,1323,html-button-response,1,4088,0,0,0,,
683a4bd59a4a688b481a23b1,6944,survey-multi-choice,2,11034,0,0,"{""Q0"":""shape""}","In the sentence [this is a square table], a 'square' belongs to a category that is organized by:",practice_category
683a4bd59a4a688b481a23b3,3866,survey-multi-choice,4,21917,0,0,"{""Q0"":""material""}",pocket,category_organization
683a4bd59a4a688b481a23b5,2327,survey-multi-choice,5,24245,0,0,"{""Q0"":""material""}",shovel,category_organization
683a4bd59a4a688b481a23b7,4586,survey-multi-choice,3,17058,0,0,"{""Q0"":""color""}","In the sentence [this is a red table], 'red' belongs to a category that is organized by:",practice_category
683a4bd59a4a688b481a23b9,4029,survey-multi-choice,6,28275,0,0,"{""Q0"":""none of these""}",bush,category_organization
683a4bd59a4a688b481a23bb,3823,survey-multi-choice,7,32099,0,0,"{""Q0"":""material""}",sponge,category_organization
683a4bd59a4a688b481a23bd,2958,survey-multi-choice,8,35057,0,0,"{""Q0"":""none of these""}",yogurt drink,category_organization
683a4bd59a4a688b481a23bf,2298,survey-multi-choice,9,37357,0,0,"{""Q0"":""none of these""}",finger,category_organization
683a4bd59a4a688b481a23c1,1423,survey-multi-choice,11,40509,0,0,"{""Q0"":""none of these""}",radish,category_organization
683a4bd59a4a688b481a23c3,5486,survey-multi-choice,12,45995,0,0,"{""Q0"":""none of these""}",puzzle,category_organization
683a4bd59a4a688b481a23c5,1727,survey-multi-choice,10,39085,0,0,"{""Q0"":""none of these""}",steak,category_organization
683a4bd59a4a688b481a23c7,1953,survey-multi-choice,13,47948,0,0,"{""Q0"":""none of these""}",closet,category_organization
683a4bd59a4a688b481a23c9,2128,survey-multi-choice,14,50077,0,0,"{""Q0"":""color""}",lavender,attention_category
683a4bd59a4a688b481a23cb,2388,instructions,15,52465,0,0,,,
683a4be69a4a688b481a23cd,43643,instructions,0,43646,0,0,,,
683a4be69a4a688b481a23cf,12377,survey-multi-choice,2,82947,0,0,"{""Q0"":""shape""}","In the sentence [this is a square table], a 'square' belongs to a category that is organized by:",practice_category
683a4be69a4a688b481a23d1,26903,html-button-response,1,70560,0,0,0,,
683a4be69a4a688b481a23d3,8683,survey-multi-choice,4,104231,0,0,"{""Q0"":""none of these""}",shovel,category_organization
683a4be69a4a688b481a23d5,5838,survey-multi-choice,3,93421,0,0,"{""Q0"":""color""}","In the sentence [this is a red table], 'red' belongs to a category that is organized by:",practice_category
683a4be69a4a688b481a23d7,10915,survey-multi-choice,5,115151,0,0,"{""Q0"":""none of these""}",finger,category_organization
683a4be69a4a688b481a23d9,5065,survey-multi-choice,6,120220,0,0,"{""Q0"":""material""}",steak,category_organization
683a4be69a4a688b481a23db,10678,survey-multi-choice,8,135373,0,0,"{""Q0"":""color""}",radish,category_organization
683a4be69a4a688b481a23dd,4469,survey-multi-choice,7,124691,0,0,"{""Q0"":""material""}",yogurt drink,category_organization
683a4be69a4a688b481a23df,38815,survey-multi-choice,9,174191,0,0,"{""Q0"":""material""}",sponge,category_organization
683a4be69a4a688b481a23e1,4700,survey-multi-choice,11,184808,0,0,"{""Q0"":""none of these""}",bush,category_organization
683a4be69a4a688b481a23e3,5908,survey-multi-choice,10,180104,0,0,"{""Q0"":""none of these""}",closet,category_organization
683a4be79a4a688b481a23e5,7620,survey-multi-choice,13,203259,0,0,"{""Q0"":""shape""}",puzzle,category_organization
683a4be79a4a688b481a23e7,10826,survey-multi-choice,12,195635,0,0,"{""Q0"":""none of these""}",pocket,category_organization
683a4be79a4a688b481a23e9,3509,survey-multi-choice,14,206769,0,0,"{""Q0"":""color""}",lavender,attention_category
683a4be79a4a688b481a23eb,3054,instructions,15,209824,0,0,,,
683a4bfa9a4a688b481a23ed,60897,instructions,0,60900,0,0,,,
683a4bfa9a4a688b481a23ef,403271,html-button-response,1,464175,0,0,0,,
683a4bfa9a4a688b481a23f1,15896,survey-multi-choice,2,480076,0,0,"{""Q0"":""shape""}","In the sentence [this is a square table], a 'square' belongs to a category that is organized by:",practice_category
683a4bfa9a4a688b481a23f3,49492,survey-multi-choice,4,588772,0,0,"{""Q0"":""none of these""}",yogurt drink,category_organization
683a4bfa9a4a688b481a23f5,36861,survey-multi-choice,3,520862,0,0,"{""Q0"":""color""}","In the sentence [this is a red table], 'red' belongs to a category that is organized by:",practice_category
683a4bfa9a4a688b481a23f7,47688,survey-multi-choice,5,636461,0,0,"{""Q0"":""none of these""}",finger,category_organization
683a4bfa9a4a688b481a23f9,26887,survey-multi-choice,6,663349,0,0,"{""Q0"":""material""}",pocket,category_organization
683a4bfa9a4a688b481a23fb,9165,survey-multi-choice,7,672516,0,0,"{""Q0"":""none of these""}",steak,category_organization
683a4bfa9a4a688b481a23fd,17085,survey-multi-choice,9,705971,0,0,"{""Q0"":""none of these""}",closet,category_organization
683a4bfb9a4a688b481a23ff,16367,survey-multi-choice,8,688885,0,0,"{""Q0"":""none of these""}",puzzle,category_organization
683a4bfb9a4a688b481a2401,4946,survey-multi-choice,10,710918,0,0,"{""Q0"":""material""}",shovel,category_organization
683a4bfb9a4a688b481a2403,5935,survey-multi-choice,11,716854,0,0,"{""Q0"":""material""}",sponge,category_organization
683a4bfb9a4a688b481a2405,32888,survey-multi-choice,12,749743,0,0,"{""Q0"":""none of these""}",radish,category_organization
683a4bfb9a4a688b481a2407,9799,survey-multi-choice,13,759543,0,0,"{""Q0"":""none of these""}",bush,category_organization
683a4bfb9a4a688b481a2409,47472,survey-multi-choice,14,807016,0,0,"{""Q0"":""none of these""}",lavender,attention_category
683a4bfb9a4a688b481a240b,5548,instructions,15,812564,0,0,,,
683a4c059a4a688b481a240d,3970,instructions,0,3976,0,0,,,
683a4c059a4a688b481a240f,22293,html-button-response,1,26272,0,0,0,,
683a4c059a4a688b481a2411,45764,survey-multi-choice,5,156263,0,0,"{""Q0"":""material""}",tofu,category_organization
683a4c059a4a688b481a2413,6551,survey-multi-choice,4,110498,0,0,"{""Q0"":""material""}",whale,category_organization
683a4c059a4a688b481a2415,12733,survey-multi-choice,3,93694,0,0,"{""Q0"":""shape""}","In the sentence [this is a red table], 'red' belongs to a category that is organized by:",practice_category
683a4c059a4a688b481a2417,45109,survey-multi-choice,2,71384,0,0,"{""Q0"":""shape""}","In the sentence [this is a square table], a 'square' belongs to a category that is organized by:",practice_category
683a4c059a4a688b481a2419,40750,survey-multi-choice,6,197015,0,0,"{""Q0"":""material""}",quesadilla,category_organization
683a4c059a4a688b481a241b,36056,survey-multi-choice,7,233072,0,0,"{""Q0"":""shape""}",crayon,category_organization
683a4c059a4a688b481a241d,40629,survey-multi-choice,8,273703,0,0,"{""Q0"":""shape""}",notebook,category_organization
683a4c059a4a688b481a241f,39751,survey-multi-choice,9,313456,0,0,"{""Q0"":""material""}",curtain,category_organization
683a4c059a4a688b481a2421,39430,survey-multi-choice,11,395255,0,0,"{""Q0"":""material""}",dried seaweed,category_organization
683a4c059a4a688b481a2423,42366,survey-multi-choice,10,355823,0,0,"{""Q0"":""none of these""}",elevator,category_organization
683a4c069a4a688b481a2425,47598,survey-multi-choice,12,442854,0,0,"{""Q0"":""material""}",jeans,category_organization
683a4c069a4a688b481a2427,45951,survey-multi-choice,13,488807,0,0,"{""Q0"":""none of these""}",eyebrow,category_organization
683a4c069a4a688b481a2429,34831,survey-multi-choice,14,523639,0,0,"{""Q0"":""none of these""}",mountain,category_organization
683a4c069a4a688b481a242b,37870,survey-multi-choice,15,561510,0,0,"{""Q0"":""material""}",coke,category_organization
683a4c069a4a688b481a242d,36953,survey-multi-choice,16,598464,0,0,"{""Q0"":""shape""}",t-shirt,category_organization
683a4c069a4a688b481a242f,31573,survey-multi-choice,17,630038,0,0,"{""Q0"":""none of these""}",jeep,category_organization
683a4c069a4a688b481a2431,38487,survey-multi-choice,18,668526,0,0,"{""Q0"":""shape""}",ribbon,category_organization
683a4c069a4a688b481a2433,31887,survey-multi-choice,19,700415,0,0,"{""Q0"":""material""}",kimchi,category_organization
683a4c069a4a688b481a2435,37959,survey-multi-choice,20,738375,0,0,"{""Q0"":""material""}",cushion,category_organization
683a4c069a4a688b481a2437,32693,survey-multi-choice,21,771070,0,0,"{""Q0"":""none of these""}",doorbell,category_organization
683a4c069a4a688b481a2439,38512,survey-multi-choice,22,809583,0,0,"{""Q0"":""none of these""}",camera,category_organization
683a4c069a4a688b481a243b,8254,survey-multi-choice,23,817838,0,0,"{""Q0"":""none of these""}",ear,category_organization
683a4c079a4a688b481a243d,4375,survey-multi-choice,24,822214,0,0,"{""Q0"":""material""}",lavender,attention_category
683a4c079a4a688b481a243f,6734,instructions,25,828949,0,0,,,
683a4c1d9a4a688b481a2441,7550,instructions,0,7552,0,0,,,
683a4c1d9a4a688b481a2443,7614,survey-multi-choice,3,60575,0,0,"{""Q0"":""color""}","In the sentence [this is a red table], 'red' belongs to a category that is organized by:",practice_category
683a4c1d9a4a688b481a2445,30598,html-button-response,1,38152,0,0,0,,
683a4c1d9a4a688b481a2447,11183,survey-multi-choice,4,73610,0,0,"{""Q0"":""shape""}",pear,category_organization
683a4c1d9a4a688b481a2449,9390,survey-multi-choice,5,83001,0,0,"{""Q0"":""material""}",handkerchief,category_organization
683a4c1d9a4a688b481a244b,10999,survey-multi-choice,2,49152,0,0,"{""Q0"":""shape""}","In the sentence [this is a square table], a 'square' belongs to a category that is organized by:",practice_category
683a4c1d9a4a688b481a244d,10054,survey-multi-choice,6,93056,0,0,"{""Q0"":""shape""}",high chair,category_organization
683a4c1d9a4a688b481a244f,8074,survey-multi-choice,7,101130,0,0,"{""Q0"":""material""}",candy,category_organization
683a4c1d9a4a688b481a2451,8200,survey-multi-choice,12,139225,0,0,"{""Q0"":""none of these""}",bee,category_organization
683a4c1d9a4a688b481a2453,6959,survey-multi-choice,9,116681,0,0,"{""Q0"":""material""}",taxi,category_organization
683a4c1d9a4a688b481a2455,8590,survey-multi-choice,8,109721,0,0,"{""Q0"":""shape""}",sandbox,category_organization
683a4c1d9a4a688b481a2457,5561,survey-multi-choice,11,131025,0,0,"{""Q0"":""none of these""}",bathroom,category_organization
683a4c1d9a4a688b481a2459,8782,survey-multi-choice,10,125463,0,0,"{""Q0"":""none of these""}",shower,category_organization
683a4c1d9a4a688b481a245b,3902,survey-multi-choice,13,143127,0,0,"{""Q0"":""material""}",apron,category_organization
683a4c1d9a4a688b481a245d,5726,survey-multi-choice,15,156848,0,0,"{""Q0"":""material""}",jello,category_organization
683a4c1d9a4a688b481a245f,4121,survey-multi-choice,16,160970,0,0,"{""Q0"":""shape""}",box,category_organization
683a4c1d9a4a688b481a2461,3520,survey-multi-choice,18,171714,0,0,"{""Q0"":""shape""}",donut,category_organization
683a4c1d9a4a688b481a2463,7993,survey-multi-choice,14,151122,0,0,"{""Q0"":""none of these""}",video,category_organization
683a4c1d9a4a688b481a2465,7223,survey-multi-choice,17,168193,0,0,"{""Q0"":""shape""}",blouse,category_organization
683a4c1d9a4a688b481a2467,6727,survey-multi-choice,19,178441,0,0,"{""Q0"":""material""}",fir,category_organization
683a4c1d9a4a688b481a2469,8831,survey-multi-choice,20,187273,0,0,"{""Q0"":""material""}",picture,category_organization
683a4c1d9a4a688b481a246b,5825,survey-multi-choice,21,193099,0,0,"{""Q0"":""shape""}",armchair,category_organization
683a4c1d9a4a688b481a246d,4974,survey-multi-choice,22,198074,0,0,"{""Q0"":""none of these""}",fan,category_organization
683a4c1d9a4a688b481a246f,3843,survey-multi-choice,24,206509,0,0,"{""Q0"":""color""}",lavender,attention_category
683a4c1d9a4a688b481a2471,4591,survey-multi-choice,23,202666,0,0,"{""Q0"":""none of these""}",gas,category_organization
683a4c1d9a4a688b481a2473,3348,instructions,25,209857,0,0,,,
683a4c4d9a4a688b481a2475,2356,html-button-response,1,10331,0,0,0,,
683a4c4d9a4a688b481a2477,7969,instructions,0,7971,0,0,,,
683a4c4d9a4a688b481a2479,11050,survey-multi-choice,3,30739,0,0,"{""Q0"":""color""}","In the sentence [this is a red table], 'red' belongs to a category that is organized by:",practice_category
683a4c4d9a4a688b481a247b,13023,survey-multi-choice,5,119434,0,0,"{""Q0"":""none of these""}",radish,category_organization
683a4c4d9a4a688b481a247d,6664,survey-multi-choice,2,16996,0,0,"{""Q0"":""shape""}","In the sentence [this is a square table], a 'square' belongs to a category that is organized by:",practice_category
683a4c4d9a4a688b481a247f,73798,survey-multi-choice,4,106410,0,0,"{""Q0"":""material""}",sponge,category_organization
683a4c4d9a4a688b481a2481,9793,survey-multi-choice,6,129228,0,0,"{""Q0"":""shape""}",closet,category_organization
683a4c4d9a4a688b481a2483,5950,survey-multi-choice,7,135179,0,0,"{""Q0"":""material""}",shovel,category_organization
683a4c4e9a4a688b481a2485,4663,survey-multi-choice,10,148795,0,0,"{""Q0"":""none of these""}",steak,category_organization
683a4c4e9a4a688b481a2487,5471,survey-multi-choice,11,154267,0,0,"{""Q0"":""shape""}",bush,category_organization
683a4c4e9a4a688b481a2489,3512,survey-multi-choice,9,144131,0,0,"{""Q0"":""none of these""}",puzzle,category_organization
683a4c4e9a4a688b481a248b,5439,survey-multi-choice,8,140619,0,0,"{""Q0"":""none of these""}",yogurt drink,category_organization
683a4c4e9a4a688b481a248d,6903,survey-multi-choice,12,161171,0,0,"{""Q0"":""shape""}",pocket,category_organization
683a4c4e9a4a688b481a248f,4303,survey-multi-choice,13,165475,0,0,"{""Q0"":""none of these""}",finger,category_organization
683a4c4e9a4a688b481a2491,4039,survey-multi-choice,14,169515,0,0,"{""Q0"":""material""}",lavender,attention_category
683a4c4e9a4a688b481a2493,4119,instructions,15,173634,0,0,,,
683a4c719a4a688b481a2495,840037,instructions,0,840038,0,0,,,
683a4c719a4a688b481a2497,48671,html-button-response,1,888711,0,0,0,,
683a4c719a4a688b481a2499,6198,survey-multi-choice,3,921735,0,0,"{""Q0"":""color""}","In the sentence [this is a red table], 'red' belongs to a category that is organized by:",practice_category
683a4c719a4a688b481a249b,9451,survey-multi-choice,4,933437,0,0,"{""Q0"":""material""}",dragon,category_organization
683a4c719a4a688b481a249d,22125,survey-multi-choice,2,910838,0,0,"{""Q0"":""shape""}","In the sentence [this is a square table], a 'square' belongs to a category that is organized by:",practice_category
683a4c719a4a688b481a249f,9464,survey-multi-choice,5,942902,0,0,"{""Q0"":""material""}",lamp,category_organization
683a4c729a4a688b481a24a1,6271,survey-multi-choice,6,949173,0,0,"{""Q0"":""material""}",crane,category_organization
683a4c729a4a688b481a24a3,9091,survey-multi-choice,7,958265,0,0,"{""Q0"":""shape""}",olive,category_organization
683a4c729a4a688b481a24a5,20731,survey-multi-choice,8,978996,0,0,"{""Q0"":""material""}",patio,category_organization
683a4c729a4a688b481a24a7,4185,survey-multi-choice,10,988327,0,0,"{""Q0"":""material""}",tongue,category_organization
683a4c729a4a688b481a24a9,5144,survey-multi-choice,9,984141,0,0,"{""Q0"":""material""}",computer,category_organization
683a4c729a4a688b481a24ab,23290,survey-multi-choice,11,1011617,0,0,"{""Q0"":""material""}",kayak,category_organization
683a4c729a4a688b481a24ad,6788,survey-multi-choice,13,1025241,0,0,"{""Q0"":""material""}",duck,category_organization
683a4c729a4a688b481a24af,6835,survey-multi-choice,12,1018453,0,0,"{""Q0"":""material""}",eyelash,category_organization
683a4c729a4a688b481a24b1,3050,survey-multi-choice,14,1028292,0,0,"{""Q0"":""material""}",frog,category_organization
683a4c729a4a688b481a24b3,4367,survey-multi-choice,15,1032660,0,0,"{""Q0"":""material""}",napkin,category_organization
683a4c729a4a688b481a24b5,2984,survey-multi-choice,17,1038450,0,0,"{""Q0"":""material""}",popcorn,category_organization
683a4c729a4a688b481a24b7,2804,survey-multi-choice,16,1035465,0,0,"{""Q0"":""material""}",phone,category_organization
683a4c729a4a688b481a24b9,4059,survey-multi-choice,18,1042509,0,0,"{""Q0"":""material""}",wolf,category_organization
683a4c729a4a688b481a24bb,12954,survey-multi-choice,19,1055464,0,0,"{""Q0"":""none of these""}",play dough,category_organization
683a4c739a4a688b481a24bd,3625,survey-multi-choice,20,1059089,0,0,"{""Q0"":""material""}",remote control,category_organization
683a4c739a4a688b481a24bf,2631,survey-multi-choice,22,1064027,0,0,"{""Q0"":""material""}",sofa,category_organization
683a4c739a4a688b481a24c1,2306,survey-multi-choice,21,1061396,0,0,"{""Q0"":""material""}",gun,category_organization
683a4c739a4a688b481a24c3,4668,survey-multi-choice,23,1068696,0,0,"{""Q0"":""material""}",chicken (animal),category_organization
683a4c739a4a688b481a24c5,4784,survey-multi-choice,24,1073481,0,0,"{""Q0"":""color""}",lavender,attention_category
683a4c739a4a688b481a24c7,5100,instructions,25,1078582,0,0,,,
683a4c809a4a688b481a24c9,1538,instructions,0,1540,0,0,,,
683a4c809a4a688b481a24cb,33608,html-button-response,1,35154,0,0,0,,
683a4c809a4a688b481a24cd,3919,survey-multi-choice,3,48654,0,0,"{""Q0"":""color""}","In the sentence [this is a red table], 'red' belongs to a category that is organized by:",practice_category
683a4c809a4a688b481a24cf,7854,survey-multi-choice,2,43014,0,0,"{""Q0"":""shape""}","In the sentence [this is a square table], a 'square' belongs to a category that is organized by:",practice_category
683a4c809a4a688b481a24d1,6535,survey-multi-choice,4,55883,0,0,"{""Q0"":""none of these""}",bathroom,category_organization
683a4c809a4a688b481a24d3,3538,survey-multi-choice,5,59423,0,0,"{""Q0"":""material""}",knife,category_organization
683a4c809a4a688b481a24d5,2963,survey-multi-choice,6,62388,0,0,"{""Q0"":""material""}",fan,category_organization
683a4c809a4a688b481a24d7,3994,survey-multi-choice,7,66383,0,0,"{""Q0"":""material""}",flower,category_organization
683a4c809a4a688b481a24d9,2032,survey-multi-choice,10,72888,0,0,"{""Q0"":""material""}",bus,category_organization
683a4c809a4a688b481a24db,2604,survey-multi-choice,8,68988,0,0,"{""Q0"":""material""}",dustpan,category_organization
683a4c809a4a688b481a24dd,1865,survey-multi-choice,9,70854,0,0,"{""Q0"":""material""}",pajamas,category_organization
683a4c809a4a688b481a24df,1771,survey-multi-choice,11,74660,0,0,"{""Q0"":""material""}",vitamin,category_organization
683a4c809a4a688b481a24e1,1687,survey-multi-choice,12,76347,0,0,"{""Q0"":""material""}",tiger,category_organization
683a4c809a4a688b481a24e3,4938,survey-multi-choice,13,81286,0,0,"{""Q0"":""material""}",pill,category_organization
683a4c809a4a688b481a24e5,3502,survey-multi-choice,15,91350,0,0,"{""Q0"":""material""}",wardrobe,category_organization
683a4c809a4a688b481a24e7,6559,survey-multi-choice,14,87846,0,0,"{""Q0"":""color""}",orange (food),category_organization
683a4c809a4a688b481a24e9,4600,survey-multi-choice,18,101396,0,0,"{""Q0"":""none of these""}",fox,category_organization
683a4c809a4a688b481a24eb,3559,survey-multi-choice,16,94910,0,0,"{""Q0"":""material""}",apricot,category_organization
683a4c809a4a688b481a24ed,1884,survey-multi-choice,17,96795,0,0,"{""Q0"":""material""}",box,category_organization
683a4c809a4a688b481a24ef,2839,survey-multi-choice,19,104236,0,0,"{""Q0"":""material""}",sprouts,category_organization
683a4c809a4a688b481a24f1,1429,survey-multi-choice,23,111598,0,0,"{""Q0"":""material""}",biscuit,category_organization
683a4c809a4a688b481a24f3,2262,survey-multi-choice,21,108524,0,0,"{""Q0"":""material""}",jello,category_organization
683a4c809a4a688b481a24f5,2023,survey-multi-choice,20,106260,0,0,"{""Q0"":""material""}",tricycle,category_organization
683a4c809a4a688b481a24f7,1644,survey-multi-choice,22,110168,0,0,"{""Q0"":""material""}",motorcycle,category_organization
683a4c809a4a688b481a24f9,2061,survey-multi-choice,24,113662,0,0,"{""Q0"":""color""}",lavender,attention_category
683a4c809a4a688b481a24fb,261164,instructions,25,374834,0,0,,,
683a4cc69a4a688b481a24fd,26161,instructions,0,26165,0,0,,,
683a4cc69a4a688b481a24ff,7820,survey-multi-choice,3,142576,0,0,"{""Q0"":""color""}","In the sentence [this is a red table], 'red' belongs to a category that is organized by:",practice_category
683a4cc69a4a688b481a2501,34611,survey-multi-choice,5,258564,0,0,"{""Q0"":""shape""}",wheel,category_organization
683a4cc69a4a688b481a2503,84665,html-button-response,1,110840,0,0,0,,
683a4cc69a4a688b481a2505,78693,survey-multi-choice,4,223949,0,0,"{""Q0"":""none of these""}",picture,category_organization
683a4cc69a4a688b481a2507,16306,survey-multi-choice,2,127149,0,0,"{""Q0"":""shape""}","In the sentence [this is a square table], a 'square' belongs to a category that is organized by:",practice_category
683a4cc79a4a688b481a2509,12856,survey-multi-choice,6,271421,0,0,"{""Q0"":""none of these""}",soup,category_organization
683a4cc79a4a688b481a250b,30862,survey-multi-choice,7,302286,0,0,"{""Q0"":""none of these""}",vitamin,category_organization
683a4cc79a4a688b481a250d,9659,survey-multi-choice,8,311948,0,0,"{""Q0"":""material""}",paper,category_organization
683a4cc79a4a688b481a250f,67027,survey-multi-choice,9,378977,0,0,"{""Q0"":""none of these""}",sea,category_organization
683a4cc79a4a688b481a2511,7107,survey-multi-choice,10,386087,0,0,"{""Q0"":""none of these""}",neighborhood,category_organization
683a4cc79a4a688b481a2513,75256,survey-multi-choice,11,461346,0,0,"{""Q0"":""color""}",pomegranate,category_organization
683a4cc79a4a688b481a2515,49606,survey-multi-choice,12,510953,0,0,"{""Q0"":""color""}",strawberry,category_organization
683a4cc79a4a688b481a2517,9318,survey-multi-choice,13,520272,0,0,"{""Q0"":""none of these""}",peacock,category_organization
683a4cc79a4a688b481a2519,4441,survey-multi-choice,14,524716,0,0,"{""Q0"":""material""}",sticker,category_organization
683a4cc79a4a688b481a251b,4560,survey-multi-choice,15,529278,0,0,"{""Q0"":""material""}",painting,category_organization
683a4cc79a4a688b481a251d,8447,survey-multi-choice,16,537728,0,0,"{""Q0"":""shape""}",koala,category_organization
683a4cc79a4a688b481a251f,36217,survey-multi-choice,17,573948,0,0,"{""Q0"":""shape""}",stroller,category_organization
683a4cc79a4a688b481a2521,24903,survey-multi-choice,18,598853,0,0,"{""Q0"":""none of these""}",turkey,category_organization
683a4cc79a4a688b481a2523,25924,survey-multi-choice,19,624779,0,0,"{""Q0"":""none of these""}",shrimp,category_organization
683a4cc79a4a688b481a2525,22043,survey-multi-choice,20,646824,0,0,"{""Q0"":""none of these""}",kangaroo,category_organization
683a4cc79a4a688b481a2527,26900,survey-multi-choice,21,673725,0,0,"{""Q0"":""shape""}",mushroom,category_organization
683a4cc79a4a688b481a2529,21193,survey-multi-choice,22,694920,0,0,"{""Q0"":""shape""}",washing machine,category_organization
683a4cc79a4a688b481a252b,22602,survey-multi-choice,23,717524,0,0,"{""Q0"":""none of these""}",cow,category_organization
683a4cc79a4a688b481a252d,46187,survey-multi-choice,24,763712,0,0,"{""Q0"":""color""}",lavender,attention_category
683a4cc79a4a688b481a252f,5876,instructions,25,769589,0,0,,,
683a4cdf9a4a688b481a2531,60276,instructions,0,60278,0,0,,,
683a4cdf9a4a688b481a2533,22665,survey-multi-choice,2,96507,0,0,"{""Q0"":""shape""}","In the sentence [this is a square table], a 'square' belongs to a category that is organized by:",practice_category
683a4cdf9a4a688b481a2535,13557,html-button-response,1,73839,0,0,0,,
683a4cdf9a4a688b481a2537,3568,survey-multi-choice,3,102061,0,0,"{""Q0"":""color""}","In the sentence [this is a red table], 'red' belongs to a category that is organized by:",practice_category
683a4cdf9a4a688b481a2539,5125,survey-multi-choice,5,115880,0,0,"{""Q0"":""material""}",tissue,category_organization
683a4cdf9a4a688b481a253b,7276,survey-multi-choice,4,110752,0,0,"{""Q0"":""none of these""}",peanut,category_organization
683a4cdf9a4a688b481a253d,4119,survey-multi-choice,6,120000,0,0,"{""Q0"":""shape""}",dining room,category_organization
683a4ce09a4a688b481a253f,5103,survey-multi-choice,7,125104,0,0,"{""Q0"":""none of these""}",bun,category_organization
683a4ce09a4a688b481a2541,7517,survey-multi-choice,8,132622,0,0,"{""Q0"":""none of these""}",snail,category_organization
683a4ce09a4a688b481a2543,4373,survey-multi-choice,9,136997,0,0,"{""Q0"":""shape""}",head,category_organization
683a4ce09a4a688b481a2545,3947,survey-multi-choice,10,140945,0,0,"{""Q0"":""material""}",chips,category_organization
683a4ce09a4a688b481a2547,3186,survey-multi-choice,11,144132,0,0,"{""Q0"":""material""}",car,category_organization
683a4ce09a4a688b481a2549,3449,survey-multi-choice,12,147582,0,0,"{""Q0"":""none of these""}",pickle,category_organization
683a4ce09a4a688b481a254b,5457,survey-multi-choice,13,153041,0,0,"{""Q0"":""material""}",police car,category_organization
683a4ce09a4a688b481a254d,6013,survey-multi-choice,14,159055,0,0,"{""Q0"":""shape""}",balcony,category_organization
683a4ce09a4a688b481a254f,5434,survey-multi-choice,15,164491,0,0,"{""Q0"":""none of these""}",ant,category_organization
683a4ce09a4a688b481a2551,2405,survey-multi-choice,16,166896,0,0,"{""Q0"":""material""}",train,category_organization
683a4ce09a4a688b481a2553,2367,survey-multi-choice,17,169264,0,0,"{""Q0"":""material""}",knife,category_organization
683a4ce19a4a688b481a2555,2262,survey-multi-choice,18,171527,0,0,"{""Q0"":""material""}",bucket,category_organization
683a4ce19a4a688b481a2557,7584,survey-multi-choice,20,181759,0,0,"{""Q0"":""none of these""}",apricot,category_organization
683a4ce19a4a688b481a2559,2646,survey-multi-choice,19,174174,0,0,"{""Q0"":""none of these""}",owie,category_organization
683a4ce19a4a688b481a255b,4735,survey-multi-choice,21,186495,0,0,"{""Q0"":""none of these""}",bull,category_organization
683a4ce19a4a688b481a255d,2472,survey-multi-choice,22,188968,0,0,"{""Q0"":""material""}",umbrella,category_organization
683a4ce19a4a688b481a255f,2902,survey-multi-choice,23,191871,0,0,"{""Q0"":""material""}",cheerios,category_organization
683a4ce19a4a688b481a2561,7351,survey-multi-choice,24,199223,0,0,"{""Q0"":""color""}",lavender,attention_category
683a4ce19a4a688b481a2563,2112,instructions,25,201336,0,0,,,
683a4cf69a4a688b481a2565,879094,instructions,0,879109,0,0,,,
683a4cf69a4a688b481a2567,35844,html-button-response,1,914955,0,0,0,,
683a4cf69a4a688b481a2569,10639,survey-multi-choice,2,925596,0,0,"{""Q0"":""shape""}","In the sentence [this is a square table], a 'square' belongs to a category that is organized by:",practice_category
683a4cf79a4a688b481a256b,11327,survey-multi-choice,6,999268,0,0,"{""Q0"":""material""}",tuna,category_organization
683a4cf79a4a688b481a256d,11047,survey-multi-choice,7,1010316,0,0,"{""Q0"":""shape""}",dress (object),category_organization
683a4cf79a4a688b481a256f,27166,survey-multi-choice,8,1037484,0,0,"{""Q0"":""material""}",cushion,category_organization
683a4cf79a4a688b481a2571,6807,survey-multi-choice,9,1044291,0,0,"{""Q0"":""material""}",cloth,category_organization
683a4cf79a4a688b481a2573,10319,survey-multi-choice,10,1054611,0,0,"{""Q0"":""material""}",mango,category_organization
683a4cf79a4a688b481a2575,7095,survey-multi-choice,11,1061708,0,0,"{""Q0"":""material""}",ice cream,category_organization
683a4cf79a4a688b481a2577,13537,survey-multi-choice,12,1075246,0,0,"{""Q0"":""shape""}",mountain,category_organization
683a4cf79a4a688b481a2579,27908,survey-multi-choice,13,1103155,0,0,"{""Q0"":""shape""}",puddle,category_organization
683a4cf79a4a688b481a257b,7588,survey-multi-choice,3,936891,0,0,"{""Q0"":""color""}","In the sentence [this is a red table], 'red' belongs to a category that is organized by:",practice_category
683a4cf79a4a688b481a257d,14015,survey-multi-choice,14,1117171,0,0,"{""Q0"":""none of these""}",doorbell,category_organization
683a4cf79a4a688b481a257f,9703,survey-multi-choice,15,1126877,0,0,"{""Q0"":""shape""}",couch,category_organization
683a4cf79a4a688b481a2581,7446,survey-multi-choice,16,1134324,0,0,"{""Q0"":""shape""}",coffee table,category_organization
683a4cf79a4a688b481a2583,17863,survey-multi-choice,18,1164427,0,0,"{""Q0"":""none of these""}",gun,category_organization
683a4cf79a4a688b481a2585,12239,survey-multi-choice,17,1146564,0,0,"{""Q0"":""material""}",rag,category_organization
683a4cf79a4a688b481a2587,7543,survey-multi-choice,19,1171971,0,0,"{""Q0"":""material""}",cheese,category_organization
683a4cf79a4a688b481a2589,4247,survey-multi-choice,20,1176219,0,0,"{""Q0"":""shape""}",jacket,category_organization
683a4cf79a4a688b481a258b,3063,survey-multi-choice,24,1208436,0,0,"{""Q0"":""color""}",lavender,attention_category
683a4cf79a4a688b481a258d,18183,survey-multi-choice,23,1205372,0,0,"{""Q0"":""shape""}",panda,category_organization
683a4cf79a4a688b481a258f,5006,instructions,25,1213443,0,0,,,
683a4cf79a4a688b481a2591,6215,survey-multi-choice,21,1182435,0,0,"{""Q0"":""material""}",dessert,category_organization
683a4cf79a4a688b481a2593,27646,survey-multi-choice,5,987939,0,0,"{""Q0"":""shape""}",board game,category_organization
683a4cf79a4a688b481a2595,4751,survey-multi-choice,22,1187189,0,0,"{""Q0"":""material""}",cottage cheese,category_organization
683a4cf89a4a688b481a2597,22356,survey-multi-choice,4,960291,0,0,"{""Q0"":""material""}",crayon,category_organization
683a4d429a4a688b481a2599,373051,survey-multi-choice,2,378538,0,0,"{""Q0"":""shape""}","In the sentence [this is a square table], a 'square' belongs to a category that is organized by:",practice_category
683a4d429a4a688b481a259b,2297,html-button-response,1,5473,0,0,0,,
683a4d429a4a688b481a259d,3152,instructions,0,3157,0,0,,,
683a4d429a4a688b481a259f,33551,survey-multi-choice,4,431535,0,0,"{""Q0"":""none of these""}",porch,category_organization
683a4d429a4a688b481a25a1,4918,survey-multi-choice,3,389904,0,0,"{""Q0"":""shape""}","In the sentence [this is a red table], 'red' belongs to a category that is organized by:",practice_category
683a4d429a4a688b481a25a3,72235,survey-multi-choice,5,503781,0,0,"{""Q0"":""none of these""}",sandal,category_organization
683a4d449a4a688b481a25a5,26476,survey-multi-choice,9,676540,0,0,"{""Q0"":""none of these""}",bath,category_organization
683a4d449a4a688b481a25a7,85631,survey-multi-choice,6,589412,0,0,"{""Q0"":""none of these""}",pajamas,category_organization
683a4d449a4a688b481a25a9,20444,survey-multi-choice,8,650059,0,0,"{""Q0"":""none of these""}",clothes,category_organization
683a4d449a4a688b481a25ab,40193,survey-multi-choice,7,629610,0,0,"{""Q0"":""none of these""}",tray,category_organization
683a4d449a4a688b481a25ad,32273,survey-multi-choice,10,708818,0,0,"{""Q0"":""none of these""}",police car,category_organization
683a4d449a4a688b481a25af,33572,survey-multi-choice,12,763386,0,0,"{""Q0"":""none of these""}",snail,category_organization
683a4d459a4a688b481a25b1,20984,survey-multi-choice,11,729808,0,0,"{""Q0"":""none of these""}",dustpan,category_organization
683a4d459a4a688b481a25b3,36528,survey-multi-choice,15,856150,0,0,"{""Q0"":""none of these""}",head,category_organization
683a4d459a4a688b481a25b5,28082,survey-multi-choice,16,884237,0,0,"{""Q0"":""material""}",wood,category_organization
683a4d469a4a688b481a25b7,26087,survey-multi-choice,17,910329,0,0,"{""Q0"":""none of these""}",chopstick,category_organization
683a4d469a4a688b481a25b9,25181,survey-multi-choice,14,819618,0,0,"{""Q0"":""none of these""}",mat,category_organization
683a4d469a4a688b481a25bb,20180,survey-multi-choice,18,930513,0,0,"{""Q0"":""none of these""}",vitamin,category_organization
683a4d469a4a688b481a25bd,58145,survey-multi-choice,19,988662,0,0,"{""Q0"":""none of these""}",bun,category_organization
683a4d469a4a688b481a25bf,37817,survey-multi-choice,20,1026482,0,0,"{""Q0"":""none of these""}",story,category_organization
683a4d479a4a688b481a25c1,41834,survey-multi-choice,21,1068322,0,0,"{""Q0"":""none of these""}",crab,category_organization
683a4d479a4a688b481a25c3,26161,survey-multi-choice,22,1094486,0,0,"{""Q0"":""none of these""}",pants,category_organization
683a4d479a4a688b481a25c5,24795,survey-multi-choice,23,1119285,0,0,"{""Q0"":""none of these""}",towel,category_organization
683a4d479a4a688b481a25c7,22030,survey-multi-choice,24,1141319,0,0,"{""Q0"":""color""}",lavender,attention_category
683a4d479a4a688b481a25c9,2476,instructions,25,1143800,0,0,,,
683a4d489a4a688b481a25cb,31043,survey-multi-choice,13,794433,0,0,"{""Q0"":""none of these""}",apron,category_organization
683a4d7e9a4a688b481a25cd,2771,instructions,0,2774,0,0,,,
683a4d7e9a4a688b481a25cf,11575,html-button-response,1,14355,0,0,0,,
683a4d7e9a4a688b481a25d1,10793,survey-multi-choice,2,25156,0,0,"{""Q0"":""shape""}","In the sentence [this is a square table], a 'square' belongs to a category that is organized by:",practice_category
683a4d7e9a4a688b481a25d3,4686,survey-multi-choice,3,32048,0,0,"{""Q0"":""color""}","In the sentence [this is a red table], 'red' belongs to a category that is organized by:",practice_category
683a4d7e9a4a688b481a25d5,7024,survey-multi-choice,4,40374,0,0,"{""Q0"":""shape""}",finger,category_organization
683a4d7e9a4a688b481a25d7,5627,survey-multi-choice,5,46006,0,0,"{""Q0"":""shape""}",puzzle,category_organization
683a4d7e9a4a688b481a25d9,6618,survey-multi-choice,6,52629,0,0,"{""Q0"":""none of these""}",yogurt drink,category_organization
683a4d7e9a4a688b481a25db,3097,survey-multi-choice,7,55731,0,0,"{""Q0"":""material""}",bush,category_organization
683a4d7e9a4a688b481a25dd,3492,survey-multi-choice,9,63366,0,0,"{""Q0"":""none of these""}",radish,category_organization
683a4d7e9a4a688b481a25df,4135,survey-multi-choice,8,59870,0,0,"{""Q0"":""material""}",sponge,category_organization
683a4d7e9a4a688b481a25e1,5843,survey-multi-choice,10,69213,0,0,"{""Q0"":""material""}",closet,category_organization
683a4d7e9a4a688b481a25e3,2522,survey-multi-choice,12,76075,0,0,"{""Q0"":""material""}",shovel,category_organization
683a4d7e9a4a688b481a25e5,4333,survey-multi-choice,11,73549,0,0,"{""Q0"":""none of these""}",pocket,category_organization
683a4d7f9a4a688b481a25e7,3587,survey-multi-choice,14,85181,0,0,"{""Q0"":""material""}",lavender,attention_category
683a4d7f9a4a688b481a25e9,5509,survey-multi-choice,13,81589,0,0,"{""Q0"":""none of these""}",steak,category_organization
683a4d7f9a4a688b481a25eb,5146,instructions,15,90329,0,0,,,
683a4d819a4a688b481a25ed,772361,instructions,0,772363,0,0,,,
683a4d819a4a688b481a25ef,138317,html-button-response,1,910681,0,0,0,,
683a4d819a4a688b481a25f1,9292,survey-multi-choice,2,919974,0,0,"{""Q0"":""shape""}","In the sentence [this is a square table], a 'square' belongs to a category that is organized by:",practice_category
683a4d819a4a688b481a25f3,3005,survey-multi-choice,3,924647,0,0,"{""Q0"":""color""}","In the sentence [this is a red table], 'red' belongs to a category that is organized by:",practice_category
683a4d819a4a688b481a25f5,6507,survey-multi-choice,5,939473,0,0,"{""Q0"":""shape""}",noodles,category_organization
683a4d819a4a688b481a25f7,6651,survey-multi-choice,4,932964,0,0,"{""Q0"":""none of these""}",candy,category_organization
683a4d819a4a688b481a25f9,3783,survey-multi-choice,6,943257,0,0,"{""Q0"":""none of these""}",bath,category_organization
683a4d819a4a688b481a25fb,2723,survey-multi-choice,7,945981,0,0,"{""Q0"":""material""}",hair,category_organization
683a4d819a4a688b481a25fd,3573,survey-multi-choice,8,949555,0,0,"{""Q0"":""none of these""}",lawn mower,category_organization
683a4d819a4a688b481a25ff,4193,survey-multi-choice,10,958510,0,0,"{""Q0"":""none of these""}",neighborhood,category_organization
683a4d819a4a688b481a2601,4761,survey-multi-choice,9,954317,0,0,"{""Q0"":""none of these""}",orange (food),category_organization
683a4d819a4a688b481a2603,2442,survey-multi-choice,11,960953,0,0,"{""Q0"":""none of these""}",bedroom,category_organization
683a4d819a4a688b481a2605,4489,survey-multi-choice,12,965443,0,0,"{""Q0"":""shape""}",ankle,category_organization
683a4d819a4a688b481a2607,1717,survey-multi-choice,13,967161,0,0,"{""Q0"":""shape""}",back,category_organization
683a4d819a4a688b481a2609,3521,survey-multi-choice,14,970682,0,0,"{""Q0"":""shape""}",towel,category_organization
683a4d819a4a688b481a260b,2293,survey-multi-choice,15,972976,0,0,"{""Q0"":""shape""}",face,category_organization
683a4d819a4a688b481a260d,16931,survey-multi-choice,16,989908,0,0,"{""Q0"":""shape""}",pie,category_organization
683a4d819a4a688b481a260f,1794,survey-multi-choice,17,991703,0,0,"{""Q0"":""shape""}",police car,category_organization
683a4d819a4a688b481a2611,2703,survey-multi-choice,18,994407,0,0,"{""Q0"":""shape""}",dustpan,category_organization
683a4d819a4a688b481a2613,3020,survey-multi-choice,19,997427,0,0,"{""Q0"":""material""}",stick,category_organization
683a4d819a4a688b481a2615,2221,survey-multi-choice,20,999649,0,0,"{""Q0"":""material""}",applesauce,category_organization
683a4d819a4a688b481a2617,1963,survey-multi-choice,22,1005847,0,0,"{""Q0"":""shape""}",window,category_organization
683a4d819a4a688b481a2619,4233,survey-multi-choice,21,1003882,0,0,"{""Q0"":""shape""}",blouse,category_organization
683a4d819a4a688b481a261b,68218,survey-multi-choice,23,1074067,0,0,"{""Q0"":""shape""}",stairs,category_organization
683a4d819a4a688b481a261d,7086,survey-multi-choice,24,1081153,0,0,"{""Q0"":""color""}",lavender,attention_category
683a4d819a4a688b481a261f,1713,instructions,25,1082867,0,0,,,
683a4e029a4a688b481a2621,18599,html-button-response,1,23454,0,0,0,,
683a4e029a4a688b481a2623,4853,instructions,0,4854,0,0,,,
683a4e029a4a688b481a2625,66191,survey-multi-choice,2,89650,0,0,"{""Q0"":""shape""}","In the sentence [this is a square table], a 'square' belongs to a category that is organized by:",practice_category
683a4e029a4a688b481a2627,28558,survey-multi-choice,3,120279,0,0,"{""Q0"":""color""}","In the sentence [this is a red table], 'red' belongs to a category that is organized by:",practice_category
683a4e029a4a688b481a2629,8623,survey-multi-choice,5,133743,0,0,"{""Q0"":""shape""}",radish,category_organization
683a4e029a4a688b481a262b,3415,survey-multi-choice,4,125119,0,0,"{""Q0"":""material""}",sponge,category_organization
683a4e049a4a688b481a262d,6423,survey-multi-choice,6,140167,0,0,"{""Q0"":""none of these""}",puzzle,category_organization
683a4e049a4a688b481a262f,27111,survey-multi-choice,8,182617,0,0,"{""Q0"":""none of these""}",yogurt drink,category_organization
683a4e049a4a688b481a2631,7935,survey-multi-choice,9,190553,0,0,"{""Q0"":""material""}",shovel,category_organization
683a4e049a4a688b481a2633,3991,survey-multi-choice,10,194545,0,0,"{""Q0"":""none of these""}",steak,category_organization
683a4e049a4a688b481a2635,15335,survey-multi-choice,7,155503,0,0,"{""Q0"":""none of these""}",bush,category_organization
683a4e049a4a688b481a2637,4135,survey-multi-choice,12,202504,0,0,"{""Q0"":""none of these""}",finger,category_organization
683a4e049a4a688b481a2639,3815,survey-multi-choice,13,206321,0,0,"{""Q0"":""none of these""}",closet,category_organization
683a4e049a4a688b481a263b,3823,survey-multi-choice,11,198368,0,0,"{""Q0"":""none of these""}",pocket,category_organization
683a4e049a4a688b481a263d,2575,survey-multi-choice,14,208897,0,0,"{""Q0"":""color""}",lavender,attention_category
683a4e049a4a688b481a263f,1967,instructions,15,210864,0,0,,,
683a4e1a9a4a688b481a2641,87255,html-button-response,1,103866,0,0,0,,
683a4e1a9a4a688b481a2643,27300,survey-multi-choice,5,178817,0,0,"{""Q0"":""none of these""}",toilet,category_organization
683a4e1a9a4a688b481a2645,8333,survey-multi-choice,4,151514,0,0,"{""Q0"":""material""}",soil,category_organization
683a4e1a9a4a688b481a2647,20588,survey-multi-choice,3,140271,0,0,"{""Q0"":""color""}","In the sentence [this is a red table], 'red' belongs to a category that is organized by:",practice_category
683a4e1a9a4a688b481a2649,9678,survey-multi-choice,2,113548,0,0,"{""Q0"":""shape""}","In the sentence [this is a square table], a 'square' belongs to a category that is organized by:",practice_category
683a4e1a9a4a688b481a264b,5907,survey-multi-choice,6,184727,0,0,"{""Q0"":""shape""}",nail (object),category_organization
683a4e1a9a4a688b481a264d,8499,survey-multi-choice,7,193228,0,0,"{""Q0"":""material""}",coke,category_organization
683a4e1a9a4a688b481a264f,49199,survey-multi-choice,8,242429,0,0,"{""Q0"":""material""}",kefir,category_organization
683a4e1a9a4a688b481a2651,10474,survey-multi-choice,9,252906,0,0,"{""Q0"":""material""}",tablecloth,category_organization
683a4e1a9a4a688b481a2653,4651,survey-multi-choice,10,257558,0,0,"{""Q0"":""material""}",ribbon,category_organization
683a4e1a9a4a688b481a2655,15027,survey-multi-choice,11,272587,0,0,"{""Q0"":""shape""}",tongue,category_organization
683a4e1b9a4a688b481a2657,16792,survey-multi-choice,12,289380,0,0,"{""Q0"":""shape""}",top,category_organization
683a4e1b9a4a688b481a2659,4753,survey-multi-choice,13,294135,0,0,"{""Q0"":""material""}",peanut butter,category_organization
683a4e1b9a4a688b481a265b,8728,survey-multi-choice,14,302866,0,0,"{""Q0"":""shape""}",t-shirt,category_organization
683a4e1b9a4a688b481a265d,2585,survey-multi-choice,16,307484,0,0,"{""Q0"":""shape""}",ship,category_organization
683a4e1b9a4a688b481a265f,2030,survey-multi-choice,15,304897,0,0,"{""Q0"":""shape""}",gloves,category_organization
683a4e1b9a4a688b481a2661,3793,survey-multi-choice,17,311279,0,0,"{""Q0"":""shape""}",slipper,category_organization
683a4e1b9a4a688b481a2663,58597,survey-multi-choice,18,369878,0,0,"{""Q0"":""shape""}",macaroni,category_organization
683a4e1b9a4a688b481a2665,6548,survey-multi-choice,19,376428,0,0,"{""Q0"":""material""}",tape (object),category_organization
683a4e1b9a4a688b481a2667,27571,survey-multi-choice,20,404001,0,0,"{""Q0"":""none of these""}",clown,category_organization
683a4e1b9a4a688b481a2669,20489,survey-multi-choice,21,424491,0,0,"{""Q0"":""material""}",tofu,category_organization
683a4e1b9a4a688b481a266b,11778,survey-multi-choice,22,436271,0,0,"{""Q0"":""shape""}",beads,category_organization
683a4e1b9a4a688b481a266d,57036,survey-multi-choice,23,493309,0,0,"{""Q0"":""color""}",swallow (animal),category_organization
683a4e1b9a4a688b481a266f,9817,survey-multi-choice,24,503128,0,0,"{""Q0"":""color""}",lavender,attention_category
683a4e1b9a4a688b481a2671,6160,instructions,25,509289,0,0,,,
683a4e1b9a4a688b481a2673,16598,instructions,0,16604,0,0,,,
683a4ebc9a4a688b481a2675,10747,instructions,0,10750,0,0,,,
683a4ebc9a4a688b481a2677,4861,survey-multi-choice,3,47456,0,0,"{""Q0"":""color""}","In the sentence [this is a red table], 'red' belongs to a category that is organized by:",practice_category
683a4ebc9a4a688b481a2679,23514,html-button-response,1,34266,0,0,0,,
683a4ebc9a4a688b481a267b,6374,survey-multi-choice,2,40641,0,0,"{""Q0"":""shape""}","In the sentence [this is a square table], a 'square' belongs to a category that is organized by:",practice_category
683a4ebc9a4a688b481a267d,5372,survey-multi-choice,6,71579,0,0,"{""Q0"":""material""}",chicken (food),category_organization
683a4ebc9a4a688b481a267f,6334,survey-multi-choice,4,55718,0,0,"{""Q0"":""material""}",hamburger,category_organization
683a4ebc9a4a688b481a2681,10486,survey-multi-choice,5,66206,0,0,"{""Q0"":""material""}",pacifier,category_organization
683a4ebc9a4a688b481a2683,6143,survey-multi-choice,7,77723,0,0,"{""Q0"":""shape""}",eyebrow,category_organization
683a4ebc9a4a688b481a2685,3661,survey-multi-choice,8,81385,0,0,"{""Q0"":""material""}",soap,category_organization
683a4ebc9a4a688b481a2687,5647,survey-multi-choice,9,87033,0,0,"{""Q0"":""shape""}",bed,category_organization
683a4ebc9a4a688b481a2689,11095,survey-multi-choice,11,104817,0,0,"{""Q0"":""shape""}",calf,category_organization
683a4ebc9a4a688b481a268b,6686,survey-multi-choice,10,93720,0,0,"{""Q0"":""material""}",jam,category_organization
683a4ebc9a4a688b481a268d,4731,survey-multi-choice,12,109549,0,0,"{""Q0"":""shape""}",sneaker,category_organization
683a4ebc9a4a688b481a268f,13295,survey-multi-choice,13,122845,0,0,"{""Q0"":""shape""}",mitten,category_organization
683a4ebc9a4a688b481a2691,8491,survey-multi-choice,14,131336,0,0,"{""Q0"":""shape""}",elevator,category_organization
683a4ebc9a4a688b481a2693,4449,survey-multi-choice,15,135787,0,0,"{""Q0"":""material""}",shampoo,category_organization
683a4ebc9a4a688b481a2695,10403,survey-multi-choice,16,146191,0,0,"{""Q0"":""none of these""}",radio,category_organization
683a4ebc9a4a688b481a2697,10187,survey-multi-choice,17,156379,0,0,"{""Q0"":""material""}",eyelash,category_organization
683a4ebc9a4a688b481a2699,3676,survey-multi-choice,18,160056,0,0,"{""Q0"":""shape""}",dragon,category_organization
683a4ebd9a4a688b481a269b,5069,survey-multi-choice,19,165126,0,0,"{""Q0"":""material""}",pudding,category_organization
683a4ebd9a4a688b481a269d,9496,survey-multi-choice,20,174624,0,0,"{""Q0"":""material""}",branch,category_organization
683a4ebd9a4a688b481a269f,3400,survey-multi-choice,22,184645,0,0,"{""Q0"":""shape""}",sofa,category_organization
683a4ebd9a4a688b481a26a1,6619,survey-multi-choice,21,181244,0,0,"{""Q0"":""shape""}",dryer,category_organization
683a4ebd9a4a688b481a26a3,2778,survey-multi-choice,24,193963,0,0,"{""Q0"":""color""}",lavender,attention_category
683a4ebd9a4a688b481a26a5,6538,survey-multi-choice,23,191184,0,0,"{""Q0"":""material""}",photo,category_organization
683a4ebd9a4a688b481a26a7,3289,instructions,25,197253,0,0,,,
